   0.000000E+00   0.421615E-12   0.231594E-11   0.233938E-10
   0.100000E+01   0.336815E-12   0.224057E-11   0.229507E-10
   0.200000E+01   0.250515E-12   0.216419E-11   0.224902E-10
   0.300000E+01   0.162775E-12   0.208687E-11   0.220126E-10
   0.400000E+01   0.736599E-13   0.200864E-11   0.215180E-10
   0.500000E+01  -0.167662E-13   0.192954E-11   0.210067E-10
   0.600000E+01  -0.108436E-12   0.184964E-11   0.204789E-10
   0.700000E+01  -0.201281E-12   0.176896E-11   0.199348E-10
   0.800000E+01  -0.295231E-12   0.168757E-11   0.193746E-10
   0.900000E+01  -0.390213E-12   0.160551E-11   0.187986E-10
   0.100000E+02  -0.486153E-12   0.152283E-11   0.182071E-10
   0.110000E+02  -0.582976E-12   0.143957E-11   0.176004E-10
   0.120000E+02  -0.680606E-12   0.135580E-11   0.169787E-10
   0.130000E+02  -0.778962E-12   0.127155E-11   0.163424E-10
   0.140000E+02  -0.877966E-12   0.118689E-11   0.156917E-10
   0.150000E+02  -0.977535E-12   0.110185E-11   0.150270E-10
   0.160000E+02  -0.107759E-11   0.101650E-11   0.143487E-10
   0.170000E+02  -0.117804E-11   0.930889E-12   0.136571E-10
   0.180000E+02  -0.127880E-11   0.845060E-12   0.129525E-10
   0.190000E+02  -0.137980E-11   0.759071E-12   0.122354E-10
   0.200000E+02  -0.148093E-11   0.672972E-12   0.115061E-10
   0.210000E+02  -0.158211E-11   0.586817E-12   0.107651E-10
   0.220000E+02  -0.168325E-11   0.500658E-12   0.100126E-10
   0.230000E+02  -0.178427E-11   0.414548E-12   0.924922E-11
   0.240000E+02  -0.188506E-11   0.328539E-12   0.847531E-11
   0.250000E+02  -0.198554E-11   0.242684E-12   0.769131E-11
   0.260000E+02  -0.208562E-11   0.157035E-12   0.689768E-11
   0.270000E+02  -0.218520E-11   0.716450E-13   0.609487E-11
   0.280000E+02  -0.228419E-11  -0.134342E-13   0.528334E-11
   0.290000E+02  -0.238249E-11  -0.981506E-13   0.446357E-11
   0.300000E+02  -0.248000E-11  -0.182452E-12   0.363605E-11
   0.310000E+02  -0.257665E-11  -0.266288E-12   0.280126E-11
   0.320000E+02  -0.267232E-11  -0.349606E-12   0.195970E-11
   0.330000E+02  -0.276692E-11  -0.432356E-12   0.111188E-11
   0.340000E+02  -0.286036E-11  -0.514487E-12   0.258312E-12
   0.350000E+02  -0.295255E-11  -0.595948E-12  -0.600490E-12
   0.360000E+02  -0.304338E-11  -0.676692E-12  -0.146400E-11
   0.370000E+02  -0.313276E-11  -0.756667E-12  -0.233168E-11
   0.380000E+02  -0.322060E-11  -0.835827E-12  -0.320300E-11
   0.390000E+02  -0.330681E-11  -0.914121E-12  -0.407741E-11
   0.400000E+02  -0.339128E-11  -0.991504E-12  -0.495437E-11
   0.410000E+02  -0.347392E-11  -0.106793E-11  -0.583333E-11
   0.420000E+02  -0.355465E-11  -0.114335E-11  -0.671373E-11
   0.430000E+02  -0.363337E-11  -0.121771E-11  -0.759501E-11
   0.440000E+02  -0.370999E-11  -0.129099E-11  -0.847661E-11
   0.450000E+02  -0.378442E-11  -0.136312E-11  -0.935796E-11
   0.460000E+02  -0.385656E-11  -0.143407E-11  -0.102385E-10
   0.470000E+02  -0.392634E-11  -0.150380E-11  -0.111176E-10
   0.480000E+02  -0.399365E-11  -0.157225E-11  -0.119948E-10
   0.490000E+02  -0.405842E-11  -0.163941E-11  -0.128695E-10
   0.500000E+02  -0.412057E-11  -0.170521E-11  -0.137411E-10
   0.510000E+02  -0.418000E-11  -0.176963E-11  -0.146089E-10
   0.520000E+02  -0.423663E-11  -0.183263E-11  -0.154726E-10
   0.530000E+02  -0.429039E-11  -0.189416E-11  -0.163314E-10
   0.540000E+02  -0.434120E-11  -0.195420E-11  -0.171847E-10
   0.550000E+02  -0.438897E-11  -0.201271E-11  -0.180322E-10
   0.560000E+02  -0.443364E-11  -0.206966E-11  -0.188730E-10
   0.570000E+02  -0.447512E-11  -0.212501E-11  -0.197068E-10
   0.580000E+02  -0.451335E-11  -0.217873E-11  -0.205329E-10
   0.590000E+02  -0.454826E-11  -0.223079E-11  -0.213507E-10
   0.600000E+02  -0.457978E-11  -0.228117E-11  -0.221598E-10
   0.610000E+02  -0.460784E-11  -0.232983E-11  -0.229595E-10
   0.620000E+02  -0.463238E-11  -0.237675E-11  -0.237492E-10
   0.630000E+02  -0.465334E-11  -0.242190E-11  -0.245285E-10
   0.640000E+02  -0.467067E-11  -0.246527E-11  -0.252969E-10
   0.650000E+02  -0.468429E-11  -0.250682E-11  -0.260537E-10
   0.660000E+02  -0.469417E-11  -0.254654E-11  -0.267984E-10
   0.670000E+02  -0.470025E-11  -0.258440E-11  -0.275305E-10
   0.680000E+02  -0.470249E-11  -0.262039E-11  -0.282495E-10
   0.690000E+02  -0.470083E-11  -0.265449E-11  -0.289549E-10
   0.700000E+02  -0.469523E-11  -0.268668E-11  -0.296462E-10
   0.710000E+02  -0.468566E-11  -0.271695E-11  -0.303229E-10
   0.720000E+02  -0.467207E-11  -0.274529E-11  -0.309844E-10
   0.730000E+02  -0.465444E-11  -0.277168E-11  -0.316304E-10
   0.740000E+02  -0.463273E-11  -0.279611E-11  -0.322603E-10
   0.750000E+02  -0.460691E-11  -0.281858E-11  -0.328738E-10
   0.760000E+02  -0.457696E-11  -0.283908E-11  -0.334702E-10
   0.770000E+02  -0.454286E-11  -0.285760E-11  -0.340493E-10
   0.780000E+02  -0.450458E-11  -0.287413E-11  -0.346105E-10
   0.790000E+02  -0.446212E-11  -0.288868E-11  -0.351535E-10
   0.800000E+02  -0.441546E-11  -0.290124E-11  -0.356778E-10
   0.810000E+02  -0.436460E-11  -0.291180E-11  -0.361831E-10
   0.820000E+02  -0.430952E-11  -0.292038E-11  -0.366689E-10
   0.830000E+02  -0.425023E-11  -0.292698E-11  -0.371350E-10
   0.840000E+02  -0.418672E-11  -0.293159E-11  -0.375808E-10
   0.850000E+02  -0.411901E-11  -0.293423E-11  -0.380062E-10
   0.860000E+02  -0.404710E-11  -0.293490E-11  -0.384107E-10
   0.870000E+02  -0.397101E-11  -0.293361E-11  -0.387941E-10
   0.880000E+02  -0.389074E-11  -0.293036E-11  -0.391560E-10
   0.890000E+02  -0.380632E-11  -0.292518E-11  -0.394962E-10
   0.900000E+02  -0.371778E-11  -0.291806E-11  -0.398143E-10
   0.910000E+02  -0.362513E-11  -0.290904E-11  -0.401101E-10
   0.920000E+02  -0.352841E-11  -0.289811E-11  -0.403834E-10
   0.930000E+02  -0.342765E-11  -0.288531E-11  -0.406339E-10
   0.940000E+02  -0.332289E-11  -0.287064E-11  -0.408614E-10
   0.950000E+02  -0.321417E-11  -0.285412E-11  -0.410657E-10
   0.960000E+02  -0.310154E-11  -0.283579E-11  -0.412467E-10
   0.970000E+02  -0.298503E-11  -0.281565E-11  -0.414041E-10
   0.980000E+02  -0.286472E-11  -0.279373E-11  -0.415378E-10
   0.990000E+02  -0.274064E-11  -0.277006E-11  -0.416476E-10
   0.100000E+03  -0.261286E-11  -0.274466E-11  -0.417335E-10
   0.101000E+03  -0.248144E-11  -0.271756E-11  -0.417953E-10
   0.102000E+03  -0.234644E-11  -0.268879E-11  -0.418330E-10
   0.103000E+03  -0.220795E-11  -0.265838E-11  -0.418464E-10
   0.104000E+03  -0.206602E-11  -0.262635E-11  -0.418356E-10
   0.105000E+03  -0.192074E-11  -0.259274E-11  -0.418004E-10
   0.106000E+03  -0.177219E-11  -0.255759E-11  -0.417409E-10
   0.107000E+03  -0.162044E-11  -0.252093E-11  -0.416571E-10
   0.108000E+03  -0.146559E-11  -0.248278E-11  -0.415489E-10
   0.109000E+03  -0.130773E-11  -0.244320E-11  -0.414164E-10
   0.110000E+03  -0.114694E-11  -0.240221E-11  -0.412597E-10
   0.111000E+03  -0.983332E-12  -0.235986E-11  -0.410788E-10
   0.112000E+03  -0.816996E-12  -0.231618E-11  -0.408738E-10
   0.113000E+03  -0.648038E-12  -0.227121E-11  -0.406448E-10
   0.114000E+03  -0.476564E-12  -0.222499E-11  -0.403919E-10
   0.115000E+03  -0.302682E-12  -0.217758E-11  -0.401153E-10
   0.116000E+03  -0.126504E-12  -0.212900E-11  -0.398150E-10
   0.117000E+03   0.518555E-13  -0.207930E-11  -0.394914E-10
   0.118000E+03   0.232279E-12  -0.202854E-11  -0.391445E-10
   0.119000E+03   0.414646E-12  -0.197674E-11  -0.387745E-10
   0.120000E+03   0.598835E-12  -0.192396E-11  -0.383818E-10
   0.121000E+03   0.784719E-12  -0.187024E-11  -0.379664E-10
   0.122000E+03   0.972170E-12  -0.181564E-11  -0.375287E-10
   0.123000E+03   0.116106E-11  -0.176019E-11  -0.370690E-10
   0.124000E+03   0.135125E-11  -0.170395E-11  -0.365875E-10
   0.125000E+03   0.154262E-11  -0.164697E-11  -0.360845E-10
   0.126000E+03   0.173501E-11  -0.158929E-11  -0.355604E-10
   0.127000E+03   0.192830E-11  -0.153096E-11  -0.350154E-10
   0.128000E+03   0.212234E-11  -0.147203E-11  -0.344500E-10
   0.129000E+03   0.231699E-11  -0.141256E-11  -0.338645E-10
   0.130000E+03   0.251210E-11  -0.135260E-11  -0.332592E-10
   0.131000E+03   0.270754E-11  -0.129219E-11  -0.326346E-10
   0.132000E+03   0.290314E-11  -0.123138E-11  -0.319911E-10
   0.133000E+03   0.309876E-11  -0.117023E-11  -0.313291E-10
   0.134000E+03   0.329425E-11  -0.110879E-11  -0.306490E-10
   0.135000E+03   0.348945E-11  -0.104711E-11  -0.299514E-10
   0.136000E+03   0.368422E-11  -0.985242E-12  -0.292366E-10
   0.137000E+03   0.387840E-11  -0.923236E-12  -0.285051E-10
   0.138000E+03   0.407183E-11  -0.861145E-12  -0.277575E-10
   0.139000E+03   0.426436E-11  -0.799019E-12  -0.269941E-10
   0.140000E+03   0.445582E-11  -0.736911E-12  -0.262157E-10
   0.141000E+03   0.464607E-11  -0.674871E-12  -0.254226E-10
   0.142000E+03   0.483495E-11  -0.612951E-12  -0.246155E-10
   0.143000E+03   0.502229E-11  -0.551200E-12  -0.237948E-10
   0.144000E+03   0.520794E-11  -0.489671E-12  -0.229611E-10
   0.145000E+03   0.539173E-11  -0.428413E-12  -0.221151E-10
   0.146000E+03   0.557352E-11  -0.367475E-12  -0.212572E-10
   0.147000E+03   0.575314E-11  -0.306907E-12  -0.203881E-10
   0.148000E+03   0.593043E-11  -0.246759E-12  -0.195084E-10
   0.149000E+03   0.610524E-11  -0.187079E-12  -0.186187E-10
   0.150000E+03   0.627741E-11  -0.127915E-12  -0.177196E-10
   0.151000E+03   0.644678E-11  -0.693142E-13  -0.168117E-10
   0.152000E+03   0.661319E-11  -0.113238E-13  -0.158957E-10
   0.153000E+03   0.677650E-11   0.460098E-13  -0.149722E-10
   0.154000E+03   0.693654E-11   0.102641E-12  -0.140418E-10
   0.155000E+03   0.709317E-11   0.158525E-12  -0.131052E-10
   0.156000E+03   0.724624E-11   0.213618E-12  -0.121631E-10
   0.157000E+03   0.739558E-11   0.267875E-12  -0.112162E-10
   0.158000E+03   0.754107E-11   0.321255E-12  -0.102650E-10
   0.159000E+03   0.768254E-11   0.373716E-12  -0.931025E-11
   0.160000E+03   0.781985E-11   0.425216E-12  -0.835267E-11
   0.161000E+03   0.795287E-11   0.475716E-12  -0.739289E-11
   0.162000E+03   0.808145E-11   0.525177E-12  -0.643162E-11
   0.163000E+03   0.820544E-11   0.573560E-12  -0.546952E-11
   0.164000E+03   0.832473E-11   0.620829E-12  -0.450729E-11
   0.165000E+03   0.843916E-11   0.666947E-12  -0.354561E-11
   0.166000E+03   0.854862E-11   0.711879E-12  -0.258516E-11
   0.167000E+03   0.865296E-11   0.755591E-12  -0.162663E-11
   0.168000E+03   0.875208E-11   0.798052E-12  -0.670701E-12
   0.169000E+03   0.884583E-11   0.839228E-12   0.281935E-12
   0.170000E+03   0.893411E-11   0.879090E-12   0.123060E-11
   0.171000E+03   0.901680E-11   0.917608E-12   0.217461E-11
   0.172000E+03   0.909378E-11   0.954754E-12   0.311329E-11
   0.173000E+03   0.916494E-11   0.990502E-12   0.404596E-11
   0.174000E+03   0.923018E-11   0.102482E-11   0.497196E-11
   0.175000E+03   0.928939E-11   0.105770E-11   0.589062E-11
   0.176000E+03   0.934248E-11   0.108910E-11   0.680127E-11
   0.177000E+03   0.938935E-11   0.111901E-11   0.770325E-11
   0.178000E+03   0.942990E-11   0.114741E-11   0.859592E-11
   0.179000E+03   0.946406E-11   0.117428E-11   0.947863E-11
   0.180000E+03   0.949174E-11   0.119959E-11   0.103507E-10
   0.181000E+03   0.951285E-11   0.122334E-11   0.112116E-10
   0.182000E+03   0.952733E-11   0.124551E-11   0.120606E-10
   0.183000E+03   0.953510E-11   0.126608E-11   0.128972E-10
   0.184000E+03   0.953611E-11   0.128505E-11   0.137207E-10
   0.185000E+03   0.953028E-11   0.130240E-11   0.145305E-10
   0.186000E+03   0.951756E-11   0.131812E-11   0.153260E-10
   0.187000E+03   0.949790E-11   0.133222E-11   0.161067E-10
   0.188000E+03   0.947125E-11   0.134467E-11   0.168720E-10
   0.189000E+03   0.943757E-11   0.135548E-11   0.176214E-10
   0.190000E+03   0.939683E-11   0.136464E-11   0.183542E-10
   0.191000E+03   0.934898E-11   0.137215E-11   0.190700E-10
   0.192000E+03   0.929402E-11   0.137801E-11   0.197682E-10
   0.193000E+03   0.923190E-11   0.138223E-11   0.204483E-10
   0.194000E+03   0.916262E-11   0.138480E-11   0.211099E-10
   0.195000E+03   0.908617E-11   0.138573E-11   0.217524E-10
   0.196000E+03   0.900253E-11   0.138502E-11   0.223754E-10
   0.197000E+03   0.891172E-11   0.138268E-11   0.229785E-10
   0.198000E+03   0.881372E-11   0.137872E-11   0.235611E-10
   0.199000E+03   0.870856E-11   0.137315E-11   0.241229E-10
   0.200000E+03   0.859625E-11   0.136599E-11   0.246635E-10
   0.201000E+03   0.847680E-11   0.135723E-11   0.251824E-10
   0.202000E+03   0.835026E-11   0.134691E-11   0.256794E-10
   0.203000E+03   0.821664E-11   0.133503E-11   0.261540E-10
   0.204000E+03   0.807599E-11   0.132160E-11   0.266058E-10
   0.205000E+03   0.792835E-11   0.130666E-11   0.270347E-10
   0.206000E+03   0.777376E-11   0.129022E-11   0.274402E-10
   0.207000E+03   0.761229E-11   0.127229E-11   0.278220E-10
   0.208000E+03   0.744399E-11   0.125291E-11   0.281800E-10
   0.209000E+03   0.726893E-11   0.123209E-11   0.285138E-10
   0.210000E+03   0.708718E-11   0.120987E-11   0.288232E-10
   0.211000E+03   0.689881E-11   0.118626E-11   0.291080E-10
   0.212000E+03   0.670392E-11   0.116129E-11   0.293680E-10
   0.213000E+03   0.650257E-11   0.113500E-11   0.296030E-10
   0.214000E+03   0.629488E-11   0.110741E-11   0.298129E-10
   0.215000E+03   0.608093E-11   0.107856E-11   0.299975E-10
   0.216000E+03   0.586084E-11   0.104847E-11   0.301566E-10
   0.217000E+03   0.563470E-11   0.101718E-11   0.302902E-10
   0.218000E+03   0.540264E-11   0.984723E-12   0.303983E-10
   0.219000E+03   0.516478E-11   0.951136E-12   0.304806E-10
   0.220000E+03   0.492123E-11   0.916455E-12   0.305373E-10
   0.221000E+03   0.467214E-11   0.880718E-12   0.305682E-10
   0.222000E+03   0.441763E-11   0.843961E-12   0.305734E-10
   0.223000E+03   0.415785E-11   0.806226E-12   0.305529E-10
   0.224000E+03   0.389294E-11   0.767551E-12   0.305068E-10
   0.225000E+03   0.362305E-11   0.727978E-12   0.304349E-10
   0.226000E+03   0.334834E-11   0.687550E-12   0.303376E-10
   0.227000E+03   0.306897E-11   0.646308E-12   0.302148E-10
   0.228000E+03   0.278511E-11   0.604296E-12   0.300667E-10
   0.229000E+03   0.249691E-11   0.561559E-12   0.298934E-10
   0.230000E+03   0.220456E-11   0.518141E-12   0.296950E-10
   0.231000E+03   0.190823E-11   0.474087E-12   0.294718E-10
   0.232000E+03   0.160811E-11   0.429443E-12   0.292240E-10
   0.233000E+03   0.130438E-11   0.384257E-12   0.289517E-10
   0.234000E+03   0.997236E-12   0.338575E-12   0.286552E-10
   0.235000E+03   0.686867E-12   0.292444E-12   0.283347E-10
   0.236000E+03   0.373474E-12   0.245914E-12   0.279906E-10
   0.237000E+03   0.572593E-13   0.199031E-12   0.276231E-10
   0.238000E+03  -0.261572E-12   0.151845E-12   0.272325E-10
   0.239000E+03  -0.582811E-12   0.104406E-12   0.268192E-10
   0.240000E+03  -0.906244E-12   0.567611E-13   0.263835E-10
   0.241000E+03  -0.123166E-11   0.896123E-14   0.259258E-10
   0.242000E+03  -0.155883E-11  -0.389443E-13   0.254464E-10
   0.243000E+03  -0.188754E-11  -0.869058E-13   0.249458E-10
   0.244000E+03  -0.221757E-11  -0.134873E-12   0.244244E-10
   0.245000E+03  -0.254868E-11  -0.182797E-12   0.238826E-10
   0.246000E+03  -0.288066E-11  -0.230626E-12   0.233209E-10
   0.247000E+03  -0.321325E-11  -0.278312E-12   0.227398E-10
   0.248000E+03  -0.354625E-11  -0.325805E-12   0.221397E-10
   0.249000E+03  -0.387939E-11  -0.373054E-12   0.215211E-10
   0.250000E+03  -0.421246E-11  -0.420011E-12   0.208846E-10
   0.251000E+03  -0.454520E-11  -0.466626E-12   0.202307E-10
   0.252000E+03  -0.487738E-11  -0.512850E-12   0.195599E-10
   0.253000E+03  -0.520876E-11  -0.558635E-12   0.188729E-10
   0.254000E+03  -0.553909E-11  -0.603932E-12   0.181701E-10
   0.255000E+03  -0.586813E-11  -0.648695E-12   0.174521E-10
   0.256000E+03  -0.619562E-11  -0.692874E-12   0.167197E-10
   0.257000E+03  -0.652134E-11  -0.736423E-12   0.159733E-10
   0.258000E+03  -0.684502E-11  -0.779297E-12   0.152137E-10
   0.259000E+03  -0.716642E-11  -0.821448E-12   0.144414E-10
   0.260000E+03  -0.748530E-11  -0.862833E-12   0.136571E-10
   0.261000E+03  -0.780140E-11  -0.903405E-12   0.128614E-10
   0.262000E+03  -0.811449E-11  -0.943123E-12   0.120551E-10
   0.263000E+03  -0.842431E-11  -0.981942E-12   0.112388E-10
   0.264000E+03  -0.873061E-11  -0.101982E-11   0.104132E-10
   0.265000E+03  -0.903316E-11  -0.105672E-11   0.957905E-11
   0.266000E+03  -0.933171E-11  -0.109259E-11   0.873696E-11
   0.267000E+03  -0.962602E-11  -0.112740E-11   0.788770E-11
   0.268000E+03  -0.991583E-11  -0.116111E-11   0.703198E-11
   0.269000E+03  -0.102009E-10  -0.119368E-11   0.617052E-11
   0.270000E+03  -0.104810E-10  -0.122507E-11   0.530406E-11
   0.271000E+03  -0.107560E-10  -0.125526E-11   0.443335E-11
   0.272000E+03  -0.110255E-10  -0.128419E-11   0.355911E-11
   0.273000E+03  -0.112893E-10  -0.131185E-11   0.268211E-11
   0.274000E+03  -0.115472E-10  -0.133820E-11   0.180308E-11
   0.275000E+03  -0.117990E-10  -0.136320E-11   0.922792E-12
   0.276000E+03  -0.120444E-10  -0.138683E-11   0.419937E-13
   0.277000E+03  -0.122833E-10  -0.140905E-11  -0.838555E-12
   0.278000E+03  -0.125153E-10  -0.142985E-11  -0.171809E-11
   0.279000E+03  -0.127404E-10  -0.144919E-11  -0.259586E-11
   0.280000E+03  -0.129582E-10  -0.146706E-11  -0.347110E-11
   0.281000E+03  -0.131686E-10  -0.148341E-11  -0.434305E-11
   0.282000E+03  -0.133714E-10  -0.149824E-11  -0.521095E-11
   0.283000E+03  -0.135664E-10  -0.151153E-11  -0.607405E-11
   0.284000E+03  -0.137533E-10  -0.152325E-11  -0.693158E-11
   0.285000E+03  -0.139320E-10  -0.153338E-11  -0.778280E-11
   0.286000E+03  -0.141022E-10  -0.154192E-11  -0.862696E-11
   0.287000E+03  -0.142639E-10  -0.154884E-11  -0.946332E-11
   0.288000E+03  -0.144168E-10  -0.155413E-11  -0.102911E-10
   0.289000E+03  -0.145608E-10  -0.155778E-11  -0.111097E-10
   0.290000E+03  -0.146957E-10  -0.155978E-11  -0.119182E-10
   0.291000E+03  -0.148212E-10  -0.156012E-11  -0.127160E-10
   0.292000E+03  -0.149374E-10  -0.155879E-11  -0.135023E-10
   0.293000E+03  -0.150440E-10  -0.155579E-11  -0.142765E-10
   0.294000E+03  -0.151408E-10  -0.155112E-11  -0.150379E-10
   0.295000E+03  -0.152277E-10  -0.154476E-11  -0.157857E-10
   0.296000E+03  -0.153047E-10  -0.153673E-11  -0.165192E-10
   0.297000E+03  -0.153715E-10  -0.152702E-11  -0.172379E-10
   0.298000E+03  -0.154281E-10  -0.151563E-11  -0.179411E-10
   0.299000E+03  -0.154743E-10  -0.150257E-11  -0.186280E-10
   0.300000E+03  -0.155100E-10  -0.148784E-11  -0.192981E-10
   0.301000E+03  -0.155351E-10  -0.147145E-11  -0.199507E-10
   0.302000E+03  -0.155495E-10  -0.145341E-11  -0.205852E-10
   0.303000E+03  -0.155532E-10  -0.143373E-11  -0.212010E-10
   0.304000E+03  -0.155460E-10  -0.141243E-11  -0.217976E-10
   0.305000E+03  -0.155279E-10  -0.138950E-11  -0.223743E-10
   0.306000E+03  -0.154988E-10  -0.136498E-11  -0.229307E-10
   0.307000E+03  -0.154587E-10  -0.133888E-11  -0.234660E-10
   0.308000E+03  -0.154074E-10  -0.131121E-11  -0.239799E-10
   0.309000E+03  -0.153450E-10  -0.128200E-11  -0.244719E-10
   0.310000E+03  -0.152714E-10  -0.125127E-11  -0.249413E-10
   0.311000E+03  -0.151865E-10  -0.121903E-11  -0.253878E-10
   0.312000E+03  -0.150904E-10  -0.118533E-11  -0.258108E-10
   0.313000E+03  -0.149830E-10  -0.115017E-11  -0.262100E-10
   0.314000E+03  -0.148644E-10  -0.111360E-11  -0.265849E-10
   0.315000E+03  -0.147344E-10  -0.107563E-11  -0.269351E-10
   0.316000E+03  -0.145932E-10  -0.103631E-11  -0.272602E-10
   0.317000E+03  -0.144408E-10  -0.995651E-12  -0.275598E-10
   0.318000E+03  -0.142771E-10  -0.953703E-12  -0.278336E-10
   0.319000E+03  -0.141022E-10  -0.910495E-12  -0.280813E-10
   0.320000E+03  -0.139161E-10  -0.866064E-12  -0.283025E-10
   0.321000E+03  -0.137189E-10  -0.820448E-12  -0.284970E-10
   0.322000E+03  -0.135106E-10  -0.773686E-12  -0.286644E-10
   0.323000E+03  -0.132913E-10  -0.725819E-12  -0.288047E-10
   0.324000E+03  -0.130611E-10  -0.676887E-12  -0.289174E-10
   0.325000E+03  -0.128200E-10  -0.626934E-12  -0.290024E-10
   0.326000E+03  -0.125682E-10  -0.576005E-12  -0.290595E-10
   0.327000E+03  -0.123057E-10  -0.524143E-12  -0.290886E-10
   0.328000E+03  -0.120325E-10  -0.471397E-12  -0.290895E-10
   0.329000E+03  -0.117490E-10  -0.417813E-12  -0.290621E-10
   0.330000E+03  -0.114550E-10  -0.363440E-12  -0.290063E-10
   0.331000E+03  -0.111508E-10  -0.308328E-12  -0.289220E-10
   0.332000E+03  -0.108365E-10  -0.252527E-12  -0.288092E-10
   0.333000E+03  -0.105123E-10  -0.196090E-12  -0.286678E-10
   0.334000E+03  -0.101782E-10  -0.139068E-12  -0.284979E-10
   0.335000E+03  -0.983451E-11  -0.815146E-13  -0.282994E-10
   0.336000E+03  -0.948128E-11  -0.234849E-13  -0.280724E-10
   0.337000E+03  -0.911873E-11   0.349665E-13  -0.278170E-10
   0.338000E+03  -0.874702E-11   0.937837E-13  -0.275332E-10
   0.339000E+03  -0.836635E-11   0.152910E-12  -0.272211E-10
   0.340000E+03  -0.797689E-11   0.212289E-12  -0.268809E-10
   0.341000E+03  -0.757885E-11   0.271862E-12  -0.265128E-10
   0.342000E+03  -0.717244E-11   0.331570E-12  -0.261168E-10
   0.343000E+03  -0.675786E-11   0.391356E-12  -0.256933E-10
   0.344000E+03  -0.633534E-11   0.451159E-12  -0.252424E-10
   0.345000E+03  -0.590509E-11   0.510920E-12  -0.247643E-10
   0.346000E+03  -0.546735E-11   0.570579E-12  -0.242594E-10
   0.347000E+03  -0.502236E-11   0.630075E-12  -0.237279E-10
   0.348000E+03  -0.457036E-11   0.689347E-12  -0.231701E-10
   0.349000E+03  -0.411160E-11   0.748334E-12  -0.225864E-10
   0.350000E+03  -0.364633E-11   0.806975E-12  -0.219770E-10
   0.351000E+03  -0.317482E-11   0.865209E-12  -0.213425E-10
   0.352000E+03  -0.269734E-11   0.922973E-12  -0.206832E-10
   0.353000E+03  -0.221415E-11   0.980208E-12  -0.199994E-10
   0.354000E+03  -0.172554E-11   0.103685E-11  -0.192917E-10
   0.355000E+03  -0.123179E-11   0.109284E-11  -0.185605E-10
   0.356000E+03  -0.733184E-12   0.114811E-11  -0.178062E-10
   0.357000E+03  -0.230017E-12   0.120261E-11  -0.170295E-10
   0.358000E+03   0.277415E-12   0.125628E-11  -0.162306E-10
   0.359000E+03   0.788809E-12   0.130904E-11  -0.154104E-10
   0.360000E+03   0.130386E-11   0.136085E-11  -0.145691E-10
   0.361000E+03   0.182225E-11   0.141164E-11  -0.137076E-10
   0.362000E+03   0.234368E-11   0.146136E-11  -0.128262E-10
   0.363000E+03   0.286782E-11   0.150994E-11  -0.119257E-10
   0.364000E+03   0.339436E-11   0.155732E-11  -0.110067E-10
   0.365000E+03   0.392296E-11   0.160346E-11  -0.100697E-10
   0.366000E+03   0.445330E-11   0.164828E-11  -0.911554E-11
   0.367000E+03   0.498506E-11   0.169174E-11  -0.814479E-11
   0.368000E+03   0.551789E-11   0.173378E-11  -0.715817E-11
   0.369000E+03   0.605146E-11   0.177434E-11  -0.615637E-11
   0.370000E+03   0.658544E-11   0.181338E-11  -0.514011E-11
   0.371000E+03   0.711949E-11   0.185083E-11  -0.411013E-11
   0.372000E+03   0.765325E-11   0.188664E-11  -0.306716E-11
   0.373000E+03   0.818640E-11   0.192076E-11  -0.201196E-11
   0.374000E+03   0.871858E-11   0.195315E-11  -0.945303E-12
   0.375000E+03   0.924945E-11   0.198375E-11   0.132034E-12
   0.376000E+03   0.977866E-11   0.201252E-11   0.121926E-11
   0.377000E+03   0.103059E-10   0.203940E-11   0.231557E-11
   0.378000E+03   0.108307E-10   0.206436E-11   0.342016E-11
   0.379000E+03   0.113529E-10   0.208735E-11   0.453220E-11
   0.380000E+03   0.118720E-10   0.210832E-11   0.565088E-11
   0.381000E+03   0.123877E-10   0.212723E-11   0.677534E-11
   0.382000E+03   0.128997E-10   0.214404E-11   0.790474E-11
   0.383000E+03   0.134076E-10   0.215872E-11   0.903824E-11
   0.384000E+03   0.139110E-10   0.217123E-11   0.101750E-10
   0.385000E+03   0.144097E-10   0.218152E-11   0.113141E-10
   0.386000E+03   0.149033E-10   0.218957E-11   0.124547E-10
   0.387000E+03   0.153913E-10   0.219534E-11   0.135960E-10
   0.388000E+03   0.158736E-10   0.219880E-11   0.147370E-10
   0.389000E+03   0.163498E-10   0.219993E-11   0.158769E-10
   0.390000E+03   0.168195E-10   0.219868E-11   0.170148E-10
   0.391000E+03   0.172823E-10   0.219504E-11   0.181498E-10
   0.392000E+03   0.177381E-10   0.218899E-11   0.192810E-10
   0.393000E+03   0.181863E-10   0.218049E-11   0.204077E-10
   0.394000E+03   0.186268E-10   0.216953E-11   0.215287E-10
   0.395000E+03   0.190592E-10   0.215609E-11   0.226434E-10
   0.396000E+03   0.194832E-10   0.214015E-11   0.237508E-10
   0.397000E+03   0.198984E-10   0.212169E-11   0.248500E-10
   0.398000E+03   0.203046E-10   0.210071E-11   0.259402E-10
   0.399000E+03   0.207014E-10   0.207718E-11   0.270204E-10
   0.400000E+03   0.210886E-10   0.205111E-11   0.280899E-10
   0.401000E+03   0.214659E-10   0.202248E-11   0.291478E-10
   0.402000E+03   0.218329E-10   0.199128E-11   0.301931E-10
   0.403000E+03   0.221894E-10   0.195751E-11   0.312251E-10
   0.404000E+03   0.225351E-10   0.192118E-11   0.322430E-10
   0.405000E+03   0.228698E-10   0.188227E-11   0.332458E-10
   0.406000E+03   0.231931E-10   0.184079E-11   0.342328E-10
   0.407000E+03   0.235048E-10   0.179675E-11   0.352031E-10
   0.408000E+03   0.238047E-10   0.175015E-11   0.361559E-10
   0.409000E+03   0.240925E-10   0.170100E-11   0.370905E-10
   0.410000E+03   0.243679E-10   0.164931E-11   0.380061E-10
   0.411000E+03   0.246308E-10   0.159509E-11   0.389018E-10
   0.412000E+03   0.248808E-10   0.153836E-11   0.397770E-10
   0.413000E+03   0.251178E-10   0.147912E-11   0.406308E-10
   0.414000E+03   0.253416E-10   0.141741E-11   0.414625E-10
   0.415000E+03   0.255520E-10   0.135324E-11   0.422715E-10
   0.416000E+03   0.257486E-10   0.128662E-11   0.430569E-10
   0.417000E+03   0.259315E-10   0.121760E-11   0.438182E-10
   0.418000E+03   0.261003E-10   0.114619E-11   0.445546E-10
   0.419000E+03   0.262549E-10   0.107241E-11   0.452655E-10
   0.420000E+03   0.263951E-10   0.996312E-12   0.459503E-10
   0.421000E+03   0.265208E-10   0.917914E-12   0.466082E-10
   0.422000E+03   0.266318E-10   0.837253E-12   0.472387E-10
   0.423000E+03   0.267280E-10   0.754366E-12   0.478412E-10
   0.424000E+03   0.268093E-10   0.669290E-12   0.484152E-10
   0.425000E+03   0.268754E-10   0.582065E-12   0.489600E-10
   0.426000E+03   0.269263E-10   0.492734E-12   0.494752E-10
   0.427000E+03   0.269620E-10   0.401339E-12   0.499603E-10
   0.428000E+03   0.269822E-10   0.307928E-12   0.504146E-10
   0.429000E+03   0.269869E-10   0.212546E-12   0.508379E-10
   0.430000E+03   0.269760E-10   0.115243E-12   0.512295E-10
   0.431000E+03   0.269495E-10   0.160703E-13   0.515891E-10
   0.432000E+03   0.269072E-10  -0.849198E-13   0.519164E-10
   0.433000E+03   0.268492E-10  -0.187673E-12   0.522108E-10
   0.434000E+03   0.267754E-10  -0.292133E-12   0.524720E-10
   0.435000E+03   0.266857E-10  -0.398242E-12   0.526998E-10
   0.436000E+03   0.265801E-10  -0.505942E-12   0.528937E-10
   0.437000E+03   0.264587E-10  -0.615170E-12   0.530535E-10
   0.438000E+03   0.263214E-10  -0.725866E-12   0.531789E-10
   0.439000E+03   0.261681E-10  -0.837964E-12   0.532697E-10
   0.440000E+03   0.259990E-10  -0.951400E-12   0.533257E-10
   0.441000E+03   0.258140E-10  -0.106611E-11   0.533466E-10
   0.442000E+03   0.256132E-10  -0.118202E-11   0.533323E-10
   0.443000E+03   0.253967E-10  -0.129906E-11   0.532826E-10
   0.444000E+03   0.251643E-10  -0.141717E-11   0.531975E-10
   0.445000E+03   0.249164E-10  -0.153627E-11   0.530768E-10
   0.446000E+03   0.246528E-10  -0.165628E-11   0.529204E-10
   0.447000E+03   0.243737E-10  -0.177714E-11   0.527283E-10
   0.448000E+03   0.240792E-10  -0.189877E-11   0.525005E-10
   0.449000E+03   0.237693E-10  -0.202109E-11   0.522371E-10
   0.450000E+03   0.234443E-10  -0.214402E-11   0.519379E-10
   0.451000E+03   0.231041E-10  -0.226750E-11   0.516031E-10
   0.452000E+03   0.227490E-10  -0.239143E-11   0.512328E-10
   0.453000E+03   0.223790E-10  -0.251573E-11   0.508271E-10
   0.454000E+03   0.219943E-10  -0.264034E-11   0.503860E-10
   0.455000E+03   0.215951E-10  -0.276516E-11   0.499099E-10
   0.456000E+03   0.211815E-10  -0.289011E-11   0.493987E-10
   0.457000E+03   0.207537E-10  -0.301512E-11   0.488529E-10
   0.458000E+03   0.203119E-10  -0.314009E-11   0.482725E-10
   0.459000E+03   0.198563E-10  -0.326494E-11   0.476579E-10
   0.460000E+03   0.193871E-10  -0.338960E-11   0.470093E-10
   0.461000E+03   0.189044E-10  -0.351397E-11   0.463271E-10
   0.462000E+03   0.184085E-10  -0.363797E-11   0.456115E-10
   0.463000E+03   0.178996E-10  -0.376152E-11   0.448630E-10
   0.464000E+03   0.173780E-10  -0.388453E-11   0.440820E-10
   0.465000E+03   0.168439E-10  -0.400691E-11   0.432688E-10
   0.466000E+03   0.162975E-10  -0.412859E-11   0.424238E-10
   0.467000E+03   0.157391E-10  -0.424946E-11   0.415475E-10
   0.468000E+03   0.151689E-10  -0.436946E-11   0.406405E-10
   0.469000E+03   0.145873E-10  -0.448849E-11   0.397032E-10
   0.470000E+03   0.139945E-10  -0.460647E-11   0.387360E-10
   0.471000E+03   0.133908E-10  -0.472331E-11   0.377397E-10
   0.472000E+03   0.127764E-10  -0.483893E-11   0.367146E-10
   0.473000E+03   0.121518E-10  -0.495325E-11   0.356615E-10
   0.474000E+03   0.115171E-10  -0.506617E-11   0.345810E-10
   0.475000E+03   0.108727E-10  -0.517763E-11   0.334736E-10
   0.476000E+03   0.102189E-10  -0.528753E-11   0.323400E-10
   0.477000E+03   0.955604E-11  -0.539580E-11   0.311809E-10
   0.478000E+03   0.888445E-11  -0.550234E-11   0.299969E-10
   0.479000E+03   0.820445E-11  -0.560709E-11   0.287888E-10
   0.480000E+03   0.751639E-11  -0.570996E-11   0.275574E-10
   0.481000E+03   0.682062E-11  -0.581087E-11   0.263033E-10
   0.482000E+03   0.611747E-11  -0.590975E-11   0.250273E-10
   0.483000E+03   0.540731E-11  -0.600651E-11   0.237301E-10
   0.484000E+03   0.469049E-11  -0.610109E-11   0.224127E-10
   0.485000E+03   0.396738E-11  -0.619340E-11   0.210758E-10
   0.486000E+03   0.323834E-11  -0.628337E-11   0.197202E-10
   0.487000E+03   0.250375E-11  -0.637093E-11   0.183467E-10
   0.488000E+03   0.176398E-11  -0.645601E-11   0.169562E-10
   0.489000E+03   0.101940E-11  -0.653854E-11   0.155497E-10
   0.490000E+03   0.270407E-12  -0.661845E-11   0.141279E-10
   0.491000E+03  -0.482627E-12  -0.669566E-11   0.126917E-10
   0.492000E+03  -0.123931E-11  -0.677013E-11   0.112421E-10
   0.493000E+03  -0.199926E-11  -0.684177E-11   0.977998E-11
   0.494000E+03  -0.276207E-11  -0.691054E-11   0.830624E-11
   0.495000E+03  -0.352737E-11  -0.697636E-11   0.682184E-11
   0.496000E+03  -0.429474E-11  -0.703918E-11   0.532771E-11
   0.497000E+03  -0.506381E-11  -0.709894E-11   0.382480E-11
   0.498000E+03  -0.583416E-11  -0.715558E-11   0.231408E-11
   0.499000E+03  -0.660540E-11  -0.720906E-11   0.796506E-12
   0.500000E+03  -0.737713E-11  -0.725931E-11  -0.726940E-12
   0.501000E+03  -0.814895E-11  -0.730628E-11  -0.225529E-11
   0.502000E+03  -0.892047E-11  -0.734994E-11  -0.378754E-11
   0.503000E+03  -0.969127E-11  -0.739023E-11  -0.532273E-11
   0.504000E+03  -0.104610E-10  -0.742711E-11  -0.685986E-11
   0.505000E+03  -0.112292E-10  -0.746053E-11  -0.839792E-11
   0.506000E+03  -0.119954E-10  -0.749045E-11  -0.993594E-11
   0.507000E+03  -0.127594E-10  -0.751684E-11  -0.114729E-10
   0.508000E+03  -0.135207E-10  -0.753967E-11  -0.130078E-10
   0.509000E+03  -0.142789E-10  -0.755888E-11  -0.145397E-10
   0.510000E+03  -0.150336E-10  -0.757447E-11  -0.160675E-10
   0.511000E+03  -0.157844E-10  -0.758638E-11  -0.175903E-10
   0.512000E+03  -0.165310E-10  -0.759461E-11  -0.191071E-10
   0.513000E+03  -0.172728E-10  -0.759912E-11  -0.206169E-10
   0.514000E+03  -0.180097E-10  -0.759989E-11  -0.221186E-10
   0.515000E+03  -0.187411E-10  -0.759690E-11  -0.236114E-10
   0.516000E+03  -0.194668E-10  -0.759013E-11  -0.250941E-10
   0.517000E+03  -0.201862E-10  -0.757957E-11  -0.265660E-10
   0.518000E+03  -0.208992E-10  -0.756520E-11  -0.280259E-10
   0.519000E+03  -0.216052E-10  -0.754701E-11  -0.294730E-10
   0.520000E+03  -0.223039E-10  -0.752501E-11  -0.309063E-10
   0.521000E+03  -0.229950E-10  -0.749917E-11  -0.323248E-10
   0.522000E+03  -0.236781E-10  -0.746949E-11  -0.337277E-10
   0.523000E+03  -0.243529E-10  -0.743599E-11  -0.351139E-10
   0.524000E+03  -0.250190E-10  -0.739865E-11  -0.364826E-10
   0.525000E+03  -0.256760E-10  -0.735748E-11  -0.378329E-10
   0.526000E+03  -0.263237E-10  -0.731249E-11  -0.391638E-10
   0.527000E+03  -0.269617E-10  -0.726368E-11  -0.404746E-10
   0.528000E+03  -0.275897E-10  -0.721108E-11  -0.417643E-10
   0.529000E+03  -0.282074E-10  -0.715468E-11  -0.430321E-10
   0.530000E+03  -0.288144E-10  -0.709452E-11  -0.442772E-10
   0.531000E+03  -0.294104E-10  -0.703061E-11  -0.454987E-10
   0.532000E+03  -0.299952E-10  -0.696297E-11  -0.466958E-10
   0.533000E+03  -0.305685E-10  -0.689162E-11  -0.478678E-10
   0.534000E+03  -0.311299E-10  -0.681659E-11  -0.490138E-10
   0.535000E+03  -0.316792E-10  -0.673791E-11  -0.501331E-10
   0.536000E+03  -0.322161E-10  -0.665562E-11  -0.512250E-10
   0.537000E+03  -0.327403E-10  -0.656974E-11  -0.522888E-10
   0.538000E+03  -0.332516E-10  -0.648031E-11  -0.533237E-10
   0.539000E+03  -0.337498E-10  -0.638737E-11  -0.543290E-10
   0.540000E+03  -0.342345E-10  -0.629097E-11  -0.553041E-10
   0.541000E+03  -0.347056E-10  -0.619113E-11  -0.562484E-10
   0.542000E+03  -0.351628E-10  -0.608792E-11  -0.571612E-10
   0.543000E+03  -0.356059E-10  -0.598138E-11  -0.580419E-10
   0.544000E+03  -0.360347E-10  -0.587156E-11  -0.588900E-10
   0.545000E+03  -0.364490E-10  -0.575850E-11  -0.597048E-10
   0.546000E+03  -0.368485E-10  -0.564227E-11  -0.604859E-10
   0.547000E+03  -0.372331E-10  -0.552293E-11  -0.612327E-10
   0.548000E+03  -0.376027E-10  -0.540053E-11  -0.619447E-10
   0.549000E+03  -0.379569E-10  -0.527512E-11  -0.626215E-10
   0.550000E+03  -0.382958E-10  -0.514679E-11  -0.632627E-10
   0.551000E+03  -0.386190E-10  -0.501559E-11  -0.638677E-10
   0.552000E+03  -0.389265E-10  -0.488158E-11  -0.644362E-10
   0.553000E+03  -0.392182E-10  -0.474484E-11  -0.649679E-10
   0.554000E+03  -0.394938E-10  -0.460545E-11  -0.654624E-10
   0.555000E+03  -0.397534E-10  -0.446346E-11  -0.659193E-10
   0.556000E+03  -0.399967E-10  -0.431896E-11  -0.663383E-10
   0.557000E+03  -0.402236E-10  -0.417202E-11  -0.667193E-10
   0.558000E+03  -0.404341E-10  -0.402273E-11  -0.670619E-10
   0.559000E+03  -0.406281E-10  -0.387115E-11  -0.673659E-10
   0.560000E+03  -0.408055E-10  -0.371738E-11  -0.676312E-10
   0.561000E+03  -0.409663E-10  -0.356150E-11  -0.678575E-10
   0.562000E+03  -0.411103E-10  -0.340358E-11  -0.680447E-10
   0.563000E+03  -0.412375E-10  -0.324373E-11  -0.681927E-10
   0.564000E+03  -0.413479E-10  -0.308201E-11  -0.683014E-10
   0.565000E+03  -0.414415E-10  -0.291854E-11  -0.683707E-10
   0.566000E+03  -0.415182E-10  -0.275338E-11  -0.684007E-10
   0.567000E+03  -0.415780E-10  -0.258665E-11  -0.683912E-10
   0.568000E+03  -0.416209E-10  -0.241842E-11  -0.683423E-10
   0.569000E+03  -0.416469E-10  -0.224879E-11  -0.682541E-10
   0.570000E+03  -0.416560E-10  -0.207786E-11  -0.681266E-10
   0.571000E+03  -0.416482E-10  -0.190573E-11  -0.679598E-10
   0.572000E+03  -0.416237E-10  -0.173248E-11  -0.677540E-10
   0.573000E+03  -0.415823E-10  -0.155822E-11  -0.675093E-10
   0.574000E+03  -0.415242E-10  -0.138305E-11  -0.672257E-10
   0.575000E+03  -0.414493E-10  -0.120707E-11  -0.669037E-10
   0.576000E+03  -0.413579E-10  -0.103037E-11  -0.665432E-10
   0.577000E+03  -0.412498E-10  -0.853063E-12  -0.661447E-10
   0.578000E+03  -0.411253E-10  -0.675242E-12  -0.657083E-10
   0.579000E+03  -0.409843E-10  -0.497010E-12  -0.652344E-10
   0.580000E+03  -0.408271E-10  -0.318471E-12  -0.647232E-10
   0.581000E+03  -0.406536E-10  -0.139728E-12  -0.641752E-10
   0.582000E+03  -0.404641E-10   0.391184E-13  -0.635908E-10
   0.583000E+03  -0.402585E-10   0.217963E-12  -0.629702E-10
   0.584000E+03  -0.400371E-10   0.396704E-12  -0.623139E-10
   0.585000E+03  -0.398000E-10   0.575236E-12  -0.616223E-10
   0.586000E+03  -0.395473E-10   0.753458E-12  -0.608960E-10
   0.587000E+03  -0.392791E-10   0.931265E-12  -0.601354E-10
   0.588000E+03  -0.389957E-10   0.110855E-11  -0.593411E-10
   0.589000E+03  -0.386971E-10   0.128522E-11  -0.585134E-10
   0.590000E+03  -0.383836E-10   0.146117E-11  -0.576531E-10
   0.591000E+03  -0.380553E-10   0.163629E-11  -0.567606E-10
   0.592000E+03  -0.377124E-10   0.181048E-11  -0.558366E-10
   0.593000E+03  -0.373551E-10   0.198364E-11  -0.548817E-10
   0.594000E+03  -0.369835E-10   0.215566E-11  -0.538965E-10
   0.595000E+03  -0.365979E-10   0.232646E-11  -0.528816E-10
   0.596000E+03  -0.361985E-10   0.249593E-11  -0.518378E-10
   0.597000E+03  -0.357855E-10   0.266396E-11  -0.507658E-10
   0.598000E+03  -0.353591E-10   0.283047E-11  -0.496661E-10
   0.599000E+03  -0.349196E-10   0.299534E-11  -0.485396E-10
   0.600000E+03  -0.344671E-10   0.315850E-11  -0.473871E-10
   0.601000E+03  -0.340018E-10   0.331983E-11  -0.462091E-10
   0.602000E+03  -0.335241E-10   0.347925E-11  -0.450067E-10
   0.603000E+03  -0.330342E-10   0.363666E-11  -0.437804E-10
   0.604000E+03  -0.325322E-10   0.379198E-11  -0.425312E-10
   0.605000E+03  -0.320186E-10   0.394510E-11  -0.412598E-10
   0.606000E+03  -0.314934E-10   0.409594E-11  -0.399671E-10
   0.607000E+03  -0.309570E-10   0.424441E-11  -0.386539E-10
   0.608000E+03  -0.304096E-10   0.439042E-11  -0.373210E-10
   0.609000E+03  -0.298516E-10   0.453389E-11  -0.359694E-10
   0.610000E+03  -0.292831E-10   0.467473E-11  -0.346000E-10
   0.611000E+03  -0.287044E-10   0.481287E-11  -0.332135E-10
   0.612000E+03  -0.281159E-10   0.494821E-11  -0.318109E-10
   0.613000E+03  -0.275177E-10   0.508068E-11  -0.303931E-10
   0.614000E+03  -0.269102E-10   0.521021E-11  -0.289611E-10
   0.615000E+03  -0.262937E-10   0.533672E-11  -0.275157E-10
   0.616000E+03  -0.256684E-10   0.546012E-11  -0.260578E-10
   0.617000E+03  -0.250346E-10   0.558036E-11  -0.245885E-10
   0.618000E+03  -0.243927E-10   0.569736E-11  -0.231086E-10
   0.619000E+03  -0.237429E-10   0.581106E-11  -0.216191E-10
   0.620000E+03  -0.230854E-10   0.592138E-11  -0.201210E-10
   0.621000E+03  -0.224207E-10   0.602826E-11  -0.186151E-10
   0.622000E+03  -0.217489E-10   0.613165E-11  -0.171025E-10
   0.623000E+03  -0.210704E-10   0.623147E-11  -0.155842E-10
   0.624000E+03  -0.203856E-10   0.632768E-11  -0.140609E-10
   0.625000E+03  -0.196945E-10   0.642022E-11  -0.125339E-10
   0.626000E+03  -0.189977E-10   0.650904E-11  -0.110039E-10
   0.627000E+03  -0.182953E-10   0.659408E-11  -0.947195E-11
   0.628000E+03  -0.175878E-10   0.667530E-11  -0.793905E-11
   0.629000E+03  -0.168753E-10   0.675265E-11  -0.640612E-11
   0.630000E+03  -0.161581E-10   0.682609E-11  -0.487412E-11
   0.631000E+03  -0.154366E-10   0.689557E-11  -0.334402E-11
   0.632000E+03  -0.147111E-10   0.696106E-11  -0.181674E-11
   0.633000E+03  -0.139819E-10   0.702252E-11  -0.293249E-12
   0.634000E+03  -0.132492E-10   0.707992E-11   0.122552E-11
   0.635000E+03  -0.125134E-10   0.713323E-11   0.273864E-11
   0.636000E+03  -0.117747E-10   0.718241E-11   0.424518E-11
   0.637000E+03  -0.110334E-10   0.722745E-11   0.574421E-11
   0.638000E+03  -0.102899E-10   0.726831E-11   0.723482E-11
   0.639000E+03  -0.954435E-11   0.730499E-11   0.871611E-11
   0.640000E+03  -0.879714E-11   0.733745E-11   0.101872E-10
   0.641000E+03  -0.804850E-11   0.736569E-11   0.116472E-10
   0.642000E+03  -0.729874E-11   0.738969E-11   0.130951E-10
   0.643000E+03  -0.654812E-11   0.740944E-11   0.145303E-10
   0.644000E+03  -0.579694E-11   0.742493E-11   0.159517E-10
   0.645000E+03  -0.504545E-11   0.743616E-11   0.173586E-10
   0.646000E+03  -0.429393E-11   0.744313E-11   0.187501E-10
   0.647000E+03  -0.354267E-11   0.744584E-11   0.201254E-10
   0.648000E+03  -0.279191E-11   0.744428E-11   0.214837E-10
   0.649000E+03  -0.204193E-11   0.743848E-11   0.228242E-10
   0.650000E+03  -0.129298E-11   0.742842E-11   0.241461E-10
   0.651000E+03  -0.545328E-12   0.741413E-11   0.254487E-10
   0.652000E+03   0.200776E-12   0.739562E-11   0.267313E-10
   0.653000E+03   0.945080E-12   0.737290E-11   0.279930E-10
   0.654000E+03   0.168734E-11   0.734600E-11   0.292332E-10
   0.655000E+03   0.242730E-11   0.731494E-11   0.304511E-10
   0.656000E+03   0.316474E-11   0.727973E-11   0.316462E-10
   0.657000E+03   0.389941E-11   0.724041E-11   0.328177E-10
   0.658000E+03   0.463108E-11   0.719701E-11   0.339650E-10
   0.659000E+03   0.535952E-11   0.714955E-11   0.350874E-10
   0.660000E+03   0.608451E-11   0.709808E-11   0.361845E-10
   0.661000E+03   0.680583E-11   0.704262E-11   0.372555E-10
   0.662000E+03   0.752325E-11   0.698323E-11   0.382998E-10
   0.663000E+03   0.823658E-11   0.691993E-11   0.393171E-10
   0.664000E+03   0.894559E-11   0.685278E-11   0.403067E-10
   0.665000E+03   0.965010E-11   0.678182E-11   0.412680E-10
   0.666000E+03   0.103499E-10   0.670710E-11   0.422008E-10
   0.667000E+03   0.110448E-10   0.662867E-11   0.431043E-10
   0.668000E+03   0.117346E-10   0.654658E-11   0.439783E-10
   0.669000E+03   0.124191E-10   0.646090E-11   0.448223E-10
   0.670000E+03   0.130981E-10   0.637168E-11   0.456359E-10
   0.671000E+03   0.137715E-10   0.627897E-11   0.464187E-10
   0.672000E+03   0.144391E-10   0.618285E-11   0.471704E-10
   0.673000E+03   0.151007E-10   0.608337E-11   0.478906E-10
   0.674000E+03   0.157561E-10   0.598060E-11   0.485790E-10
   0.675000E+03   0.164053E-10   0.587462E-11   0.492353E-10
   0.676000E+03   0.170480E-10   0.576548E-11   0.498592E-10
   0.677000E+03   0.176841E-10   0.565328E-11   0.504506E-10
   0.678000E+03   0.183134E-10   0.553807E-11   0.510092E-10
   0.679000E+03   0.189358E-10   0.541993E-11   0.515347E-10
   0.680000E+03   0.195512E-10   0.529895E-11   0.520271E-10
   0.681000E+03   0.201595E-10   0.517519E-11   0.524862E-10
   0.682000E+03   0.207605E-10   0.504876E-11   0.529117E-10
   0.683000E+03   0.213540E-10   0.491971E-11   0.533037E-10
   0.684000E+03   0.219400E-10   0.478815E-11   0.536621E-10
   0.685000E+03   0.225184E-10   0.465416E-11   0.539867E-10
   0.686000E+03   0.230890E-10   0.451782E-11   0.542776E-10
   0.687000E+03   0.236518E-10   0.437922E-11   0.545347E-10
   0.688000E+03   0.242066E-10   0.423845E-11   0.547581E-10
   0.689000E+03   0.247534E-10   0.409561E-11   0.549477E-10
   0.690000E+03   0.252920E-10   0.395079E-11   0.551037E-10
   0.691000E+03   0.258224E-10   0.380408E-11   0.552261E-10
   0.692000E+03   0.263444E-10   0.365557E-11   0.553150E-10
   0.693000E+03   0.268581E-10   0.350536E-11   0.553705E-10
   0.694000E+03   0.273633E-10   0.335355E-11   0.553928E-10
   0.695000E+03   0.278600E-10   0.320024E-11   0.553821E-10
   0.696000E+03   0.283480E-10   0.304552E-11   0.553384E-10
   0.697000E+03   0.288274E-10   0.288950E-11   0.552622E-10
   0.698000E+03   0.292980E-10   0.273227E-11   0.551534E-10
   0.699000E+03   0.297598E-10   0.257393E-11   0.550125E-10
   0.700000E+03   0.302128E-10   0.241459E-11   0.548397E-10
   0.701000E+03   0.306569E-10   0.225435E-11   0.546353E-10
   0.702000E+03   0.310921E-10   0.209331E-11   0.543995E-10
   0.703000E+03   0.315182E-10   0.193156E-11   0.541328E-10
   0.704000E+03   0.319354E-10   0.176923E-11   0.538354E-10
   0.705000E+03   0.323435E-10   0.160640E-11   0.535078E-10
   0.706000E+03   0.327425E-10   0.144318E-11   0.531503E-10
   0.707000E+03   0.331323E-10   0.127968E-11   0.527634E-10
   0.708000E+03   0.335131E-10   0.111599E-11   0.523474E-10
   0.709000E+03   0.338846E-10   0.952230E-12   0.519029E-10
   0.710000E+03   0.342470E-10   0.788491E-12   0.514302E-10
   0.711000E+03   0.346001E-10   0.624879E-12   0.509298E-10
   0.712000E+03   0.349441E-10   0.461499E-12   0.504023E-10
   0.713000E+03   0.352787E-10   0.298451E-12   0.498482E-10
   0.714000E+03   0.356042E-10   0.135839E-12   0.492679E-10
   0.715000E+03   0.359203E-10  -0.262352E-13   0.486620E-10
   0.716000E+03   0.362272E-10  -0.187671E-12   0.480310E-10
   0.717000E+03   0.365248E-10  -0.348368E-12   0.473757E-10
   0.718000E+03   0.368132E-10  -0.508225E-12   0.466964E-10
   0.719000E+03   0.370923E-10  -0.667143E-12   0.459938E-10
   0.720000E+03   0.373621E-10  -0.825023E-12   0.452685E-10
   0.721000E+03   0.376226E-10  -0.981768E-12   0.445212E-10
   0.722000E+03   0.378739E-10  -0.113728E-11   0.437525E-10
   0.723000E+03   0.381159E-10  -0.129146E-11   0.429629E-10
   0.724000E+03   0.383487E-10  -0.144422E-11   0.421532E-10
   0.725000E+03   0.385722E-10  -0.159547E-11   0.413241E-10
   0.726000E+03   0.387866E-10  -0.174510E-11   0.404761E-10
   0.727000E+03   0.389917E-10  -0.189303E-11   0.396100E-10
   0.728000E+03   0.391876E-10  -0.203916E-11   0.387265E-10
   0.729000E+03   0.393743E-10  -0.218342E-11   0.378262E-10
   0.730000E+03   0.395518E-10  -0.232570E-11   0.369100E-10
   0.731000E+03   0.397202E-10  -0.246593E-11   0.359784E-10
   0.732000E+03   0.398795E-10  -0.260401E-11   0.350322E-10
   0.733000E+03   0.400297E-10  -0.273987E-11   0.340721E-10
   0.734000E+03   0.401708E-10  -0.287343E-11   0.330989E-10
   0.735000E+03   0.403027E-10  -0.300459E-11   0.321133E-10
   0.736000E+03   0.404257E-10  -0.313329E-11   0.311160E-10
   0.737000E+03   0.405396E-10  -0.325945E-11   0.301078E-10
   0.738000E+03   0.406445E-10  -0.338299E-11   0.290894E-10
   0.739000E+03   0.407404E-10  -0.350384E-11   0.280616E-10
   0.740000E+03   0.408274E-10  -0.362192E-11   0.270251E-10
   0.741000E+03   0.409054E-10  -0.373718E-11   0.259806E-10
   0.742000E+03   0.409745E-10  -0.384953E-11   0.249290E-10
   0.743000E+03   0.410347E-10  -0.395891E-11   0.238709E-10
   0.744000E+03   0.410861E-10  -0.406527E-11   0.228071E-10
   0.745000E+03   0.411286E-10  -0.416853E-11   0.217384E-10
   0.746000E+03   0.411623E-10  -0.426864E-11   0.206655E-10
   0.747000E+03   0.411871E-10  -0.436554E-11   0.195892E-10
   0.748000E+03   0.412032E-10  -0.445918E-11   0.185101E-10
   0.749000E+03   0.412106E-10  -0.454950E-11   0.174291E-10
   0.750000E+03   0.412092E-10  -0.463645E-11   0.163469E-10
   0.751000E+03   0.411991E-10  -0.471999E-11   0.152642E-10
   0.752000E+03   0.411803E-10  -0.480006E-11   0.141818E-10
   0.753000E+03   0.411529E-10  -0.487662E-11   0.131003E-10
   0.754000E+03   0.411168E-10  -0.494964E-11   0.120204E-10
   0.755000E+03   0.410721E-10  -0.501906E-11   0.109430E-10
   0.756000E+03   0.410189E-10  -0.508486E-11   0.986869E-11
   0.757000E+03   0.409570E-10  -0.514700E-11   0.879815E-11
   0.758000E+03   0.408866E-10  -0.520545E-11   0.773211E-11
   0.759000E+03   0.408077E-10  -0.526017E-11   0.667122E-11
   0.760000E+03   0.407202E-10  -0.531114E-11   0.561618E-11
   0.761000E+03   0.406243E-10  -0.535834E-11   0.456764E-11
   0.762000E+03   0.405199E-10  -0.540174E-11   0.352626E-11
   0.763000E+03   0.404070E-10  -0.544133E-11   0.249268E-11
   0.764000E+03   0.402857E-10  -0.547708E-11   0.146754E-11
   0.765000E+03   0.401560E-10  -0.550897E-11   0.451471E-12
   0.766000E+03   0.400179E-10  -0.553701E-11  -0.554924E-12
   0.767000E+03   0.398715E-10  -0.556118E-11  -0.155104E-11
   0.768000E+03   0.397166E-10  -0.558146E-11  -0.253628E-11
   0.769000E+03   0.395535E-10  -0.559786E-11  -0.351008E-11
   0.770000E+03   0.393820E-10  -0.561037E-11  -0.447187E-11
   0.771000E+03   0.392022E-10  -0.561900E-11  -0.542108E-11
   0.772000E+03   0.390141E-10  -0.562374E-11  -0.635720E-11
   0.773000E+03   0.388177E-10  -0.562460E-11  -0.727968E-11
   0.774000E+03   0.386131E-10  -0.562159E-11  -0.818801E-11
   0.775000E+03   0.384002E-10  -0.561471E-11  -0.908171E-11
   0.776000E+03   0.381792E-10  -0.560399E-11  -0.996027E-11
   0.777000E+03   0.379499E-10  -0.558943E-11  -0.108232E-10
   0.778000E+03   0.377124E-10  -0.557106E-11  -0.116702E-10
   0.779000E+03   0.374667E-10  -0.554888E-11  -0.125006E-10
   0.780000E+03   0.372129E-10  -0.552294E-11  -0.133141E-10
   0.781000E+03   0.369510E-10  -0.549324E-11  -0.141103E-10
   0.782000E+03   0.366809E-10  -0.545981E-11  -0.148888E-10
   0.783000E+03   0.364028E-10  -0.542270E-11  -0.156492E-10
   0.784000E+03   0.361165E-10  -0.538191E-11  -0.163912E-10
   0.785000E+03   0.358222E-10  -0.533750E-11  -0.171143E-10
   0.786000E+03   0.355198E-10  -0.528950E-11  -0.178184E-10
   0.787000E+03   0.352094E-10  -0.523794E-11  -0.185030E-10
   0.788000E+03   0.348910E-10  -0.518287E-11  -0.191678E-10
   0.789000E+03   0.345647E-10  -0.512433E-11  -0.198127E-10
   0.790000E+03   0.342303E-10  -0.506236E-11  -0.204373E-10
   0.791000E+03   0.338880E-10  -0.499701E-11  -0.210414E-10
   0.792000E+03   0.335378E-10  -0.492833E-11  -0.216248E-10
   0.793000E+03   0.331797E-10  -0.485637E-11  -0.221873E-10
   0.794000E+03   0.328138E-10  -0.478119E-11  -0.227286E-10
   0.795000E+03   0.324399E-10  -0.470283E-11  -0.232486E-10
   0.796000E+03   0.320583E-10  -0.462137E-11  -0.237471E-10
   0.797000E+03   0.316689E-10  -0.453684E-11  -0.242240E-10
   0.798000E+03   0.312718E-10  -0.444933E-11  -0.246792E-10
   0.799000E+03   0.308669E-10  -0.435888E-11  -0.251126E-10
   0.800000E+03   0.304543E-10  -0.426557E-11  -0.255240E-10
   0.801000E+03   0.300341E-10  -0.416946E-11  -0.259135E-10
   0.802000E+03   0.296063E-10  -0.407062E-11  -0.262809E-10
   0.803000E+03   0.291709E-10  -0.396911E-11  -0.266262E-10
   0.804000E+03   0.287280E-10  -0.386501E-11  -0.269494E-10
   0.805000E+03   0.282776E-10  -0.375839E-11  -0.272505E-10
   0.806000E+03   0.278197E-10  -0.364933E-11  -0.275295E-10
   0.807000E+03   0.273545E-10  -0.353790E-11  -0.277864E-10
   0.808000E+03   0.268819E-10  -0.342417E-11  -0.280214E-10
   0.809000E+03   0.264020E-10  -0.330824E-11  -0.282343E-10
   0.810000E+03   0.259149E-10  -0.319016E-11  -0.284254E-10
   0.811000E+03   0.254205E-10  -0.307003E-11  -0.285947E-10
   0.812000E+03   0.249191E-10  -0.294793E-11  -0.287423E-10
   0.813000E+03   0.244106E-10  -0.282395E-11  -0.288683E-10
   0.814000E+03   0.238951E-10  -0.269815E-11  -0.289729E-10
   0.815000E+03   0.233726E-10  -0.257064E-11  -0.290563E-10
   0.816000E+03   0.228433E-10  -0.244149E-11  -0.291186E-10
   0.817000E+03   0.223072E-10  -0.231079E-11  -0.291600E-10
   0.818000E+03   0.217644E-10  -0.217863E-11  -0.291806E-10
   0.819000E+03   0.212150E-10  -0.204511E-11  -0.291808E-10
   0.820000E+03   0.206590E-10  -0.191030E-11  -0.291608E-10
   0.821000E+03   0.200966E-10  -0.177429E-11  -0.291207E-10
   0.822000E+03   0.195277E-10  -0.163719E-11  -0.290608E-10
   0.823000E+03   0.189526E-10  -0.149908E-11  -0.289814E-10
   0.824000E+03   0.183713E-10  -0.136004E-11  -0.288828E-10
   0.825000E+03   0.177839E-10  -0.122018E-11  -0.287653E-10
   0.826000E+03   0.171906E-10  -0.107958E-11  -0.286291E-10
   0.827000E+03   0.165913E-10  -0.938344E-12  -0.284746E-10
   0.828000E+03   0.159863E-10  -0.796554E-12  -0.283022E-10
   0.829000E+03   0.153756E-10  -0.654307E-12  -0.281121E-10
   0.830000E+03   0.147593E-10  -0.511695E-12  -0.279047E-10
   0.831000E+03   0.141377E-10  -0.368813E-12  -0.276803E-10
   0.832000E+03   0.135107E-10  -0.225752E-12  -0.274394E-10
   0.833000E+03   0.128786E-10  -0.826053E-13  -0.271823E-10
   0.834000E+03   0.122414E-10   0.605333E-13  -0.269094E-10
   0.835000E+03   0.115993E-10   0.203572E-12  -0.266210E-10
   0.836000E+03   0.109525E-10   0.346417E-12  -0.263177E-10
   0.837000E+03   0.103011E-10   0.488978E-12  -0.259998E-10
   0.838000E+03   0.964514E-11   0.631161E-12  -0.256677E-10
   0.839000E+03   0.898489E-11   0.772877E-12  -0.253218E-10
   0.840000E+03   0.832048E-11   0.914034E-12  -0.249627E-10
   0.841000E+03   0.765206E-11   0.105454E-11  -0.245907E-10
   0.842000E+03   0.697980E-11   0.119431E-11  -0.242062E-10
   0.843000E+03   0.630386E-11   0.133325E-11  -0.238098E-10
   0.844000E+03   0.562441E-11   0.147128E-11  -0.234019E-10
   0.845000E+03   0.494163E-11   0.160830E-11  -0.229830E-10
   0.846000E+03   0.425570E-11   0.174423E-11  -0.225535E-10
   0.847000E+03   0.356679E-11   0.187898E-11  -0.221138E-10
   0.848000E+03   0.287510E-11   0.201247E-11  -0.216646E-10
   0.849000E+03   0.218082E-11   0.214461E-11  -0.212062E-10
   0.850000E+03   0.148413E-11   0.227533E-11  -0.207391E-10
   0.851000E+03   0.785247E-12   0.240454E-11  -0.202639E-10
   0.852000E+03   0.843572E-13   0.253215E-11  -0.197810E-10
   0.853000E+03  -0.618330E-12   0.265809E-11  -0.192908E-10
   0.854000E+03  -0.132261E-11   0.278229E-11  -0.187939E-10
   0.855000E+03  -0.202826E-11   0.290465E-11  -0.182909E-10
   0.856000E+03  -0.273507E-11   0.302512E-11  -0.177820E-10
   0.857000E+03  -0.344283E-11   0.314360E-11  -0.172680E-10
   0.858000E+03  -0.415130E-11   0.326004E-11  -0.167492E-10
   0.859000E+03  -0.486027E-11   0.337436E-11  -0.162261E-10
   0.860000E+03  -0.556951E-11   0.348648E-11  -0.156992E-10
   0.861000E+03  -0.627878E-11   0.359634E-11  -0.151691E-10
   0.862000E+03  -0.698785E-11   0.370388E-11  -0.146361E-10
   0.863000E+03  -0.769648E-11   0.380902E-11  -0.141008E-10
   0.864000E+03  -0.840443E-11   0.391171E-11  -0.135637E-10
   0.865000E+03  -0.911145E-11   0.401188E-11  -0.130253E-10
   0.866000E+03  -0.981731E-11   0.410948E-11  -0.124859E-10
   0.867000E+03  -0.105218E-10   0.420443E-11  -0.119461E-10
   0.868000E+03  -0.112245E-10   0.429669E-11  -0.114064E-10
   0.869000E+03  -0.119254E-10   0.438621E-11  -0.108672E-10
   0.870000E+03  -0.126240E-10   0.447292E-11  -0.103290E-10
   0.871000E+03  -0.133203E-10   0.455678E-11  -0.979216E-11
   0.872000E+03  -0.140138E-10   0.463774E-11  -0.925721E-11
   0.873000E+03  -0.147044E-10   0.471576E-11  -0.872458E-11
   0.874000E+03  -0.153918E-10   0.479078E-11  -0.819469E-11
   0.875000E+03  -0.160756E-10   0.486276E-11  -0.766798E-11
   0.876000E+03  -0.167557E-10   0.493166E-11  -0.714486E-11
   0.877000E+03  -0.174319E-10   0.499745E-11  -0.662576E-11
   0.878000E+03  -0.181037E-10   0.506008E-11  -0.611107E-11
   0.879000E+03  -0.187709E-10   0.511953E-11  -0.560121E-11
   0.880000E+03  -0.194334E-10   0.517575E-11  -0.509656E-11
   0.881000E+03  -0.200907E-10   0.522872E-11  -0.459752E-11
   0.882000E+03  -0.207427E-10   0.527841E-11  -0.410445E-11
   0.883000E+03  -0.213890E-10   0.532480E-11  -0.361772E-11
   0.884000E+03  -0.220294E-10   0.536785E-11  -0.313770E-11
   0.885000E+03  -0.226636E-10   0.540755E-11  -0.266473E-11
   0.886000E+03  -0.232914E-10   0.544387E-11  -0.219917E-11
   0.887000E+03  -0.239124E-10   0.547680E-11  -0.174133E-11
   0.888000E+03  -0.245265E-10   0.550633E-11  -0.129154E-11
   0.889000E+03  -0.251333E-10   0.553244E-11  -0.850112E-12
   0.890000E+03  -0.257325E-10   0.555512E-11  -0.417354E-12
   0.891000E+03  -0.263239E-10   0.557435E-11   0.644288E-14
   0.892000E+03  -0.269073E-10   0.559015E-11   0.420997E-12
   0.893000E+03  -0.274823E-10   0.560249E-11   0.826037E-12
   0.894000E+03  -0.280487E-10   0.561138E-11   0.122130E-11
   0.895000E+03  -0.286062E-10   0.561681E-11   0.160653E-11
   0.896000E+03  -0.291546E-10   0.561880E-11   0.198150E-11
   0.897000E+03  -0.296936E-10   0.561734E-11   0.234597E-11
   0.898000E+03  -0.302230E-10   0.561244E-11   0.269973E-11
   0.899000E+03  -0.307425E-10   0.560411E-11   0.304256E-11
   0.900000E+03  -0.312518E-10   0.559236E-11   0.337427E-11
   0.901000E+03  -0.317508E-10   0.557721E-11   0.369468E-11
   0.902000E+03  -0.322391E-10   0.555866E-11   0.400361E-11
   0.903000E+03  -0.327165E-10   0.553674E-11   0.430091E-11
   0.904000E+03  -0.331828E-10   0.551147E-11   0.458641E-11
   0.905000E+03  -0.336377E-10   0.548286E-11   0.485998E-11
   0.906000E+03  -0.340811E-10   0.545095E-11   0.512150E-11
   0.907000E+03  -0.345127E-10   0.541576E-11   0.537084E-11
   0.908000E+03  -0.349322E-10   0.537731E-11   0.560791E-11
   0.909000E+03  -0.353395E-10   0.533563E-11   0.583261E-11
   0.910000E+03  -0.357343E-10   0.529077E-11   0.604485E-11
   0.911000E+03  -0.361165E-10   0.524275E-11   0.624456E-11
   0.912000E+03  -0.364858E-10   0.519160E-11   0.643170E-11
   0.913000E+03  -0.368420E-10   0.513737E-11   0.660620E-11
   0.914000E+03  -0.371849E-10   0.508009E-11   0.676804E-11
   0.915000E+03  -0.375144E-10   0.501981E-11   0.691719E-11
   0.916000E+03  -0.378303E-10   0.495657E-11   0.705363E-11
   0.917000E+03  -0.381324E-10   0.489041E-11   0.717736E-11
   0.918000E+03  -0.384204E-10   0.482139E-11   0.728839E-11
   0.919000E+03  -0.386944E-10   0.474955E-11   0.738675E-11
   0.920000E+03  -0.389540E-10   0.467494E-11   0.747245E-11
   0.921000E+03  -0.391992E-10   0.459761E-11   0.754554E-11
   0.922000E+03  -0.394298E-10   0.451762E-11   0.760607E-11
   0.923000E+03  -0.396457E-10   0.443503E-11   0.765411E-11
   0.924000E+03  -0.398467E-10   0.434988E-11   0.768972E-11
   0.925000E+03  -0.400328E-10   0.426224E-11   0.771300E-11
   0.926000E+03  -0.402037E-10   0.417217E-11   0.772402E-11
   0.927000E+03  -0.403594E-10   0.407972E-11   0.772290E-11
   0.928000E+03  -0.404999E-10   0.398497E-11   0.770974E-11
   0.929000E+03  -0.406249E-10   0.388798E-11   0.768468E-11
   0.930000E+03  -0.407344E-10   0.378881E-11   0.764783E-11
   0.931000E+03  -0.408284E-10   0.368752E-11   0.759934E-11
   0.932000E+03  -0.409067E-10   0.358419E-11   0.753936E-11
   0.933000E+03  -0.409694E-10   0.347889E-11   0.746805E-11
   0.934000E+03  -0.410163E-10   0.337168E-11   0.738558E-11
   0.935000E+03  -0.410474E-10   0.326264E-11   0.729212E-11
   0.936000E+03  -0.410627E-10   0.315184E-11   0.718785E-11
   0.937000E+03  -0.410621E-10   0.303935E-11   0.707297E-11
   0.938000E+03  -0.410456E-10   0.292525E-11   0.694768E-11
   0.939000E+03  -0.410133E-10   0.280961E-11   0.681218E-11
   0.940000E+03  -0.409650E-10   0.269250E-11   0.666669E-11
   0.941000E+03  -0.409009E-10   0.257402E-11   0.651144E-11
   0.942000E+03  -0.408209E-10   0.245422E-11   0.634664E-11
   0.943000E+03  -0.407251E-10   0.233319E-11   0.617254E-11
   0.944000E+03  -0.406135E-10   0.221102E-11   0.598937E-11
   0.945000E+03  -0.404860E-10   0.208777E-11   0.579740E-11
   0.946000E+03  -0.403429E-10   0.196353E-11   0.559686E-11
   0.947000E+03  -0.401841E-10   0.183838E-11   0.538802E-11
   0.948000E+03  -0.400098E-10   0.171239E-11   0.517115E-11
   0.949000E+03  -0.398199E-10   0.158566E-11   0.494651E-11
   0.950000E+03  -0.396146E-10   0.145827E-11   0.471438E-11
   0.951000E+03  -0.393940E-10   0.133028E-11   0.447504E-11
   0.952000E+03  -0.391582E-10   0.120180E-11   0.422878E-11
   0.953000E+03  -0.389073E-10   0.107289E-11   0.397588E-11
   0.954000E+03  -0.386414E-10   0.943641E-12   0.371664E-11
   0.955000E+03  -0.383606E-10   0.814137E-12   0.345135E-11
   0.956000E+03  -0.380652E-10   0.684458E-12   0.318031E-11
   0.957000E+03  -0.377552E-10   0.554688E-12   0.290382E-11
   0.958000E+03  -0.374308E-10   0.424908E-12   0.262219E-11
   0.959000E+03  -0.370922E-10   0.295201E-12   0.233573E-11
   0.960000E+03  -0.367395E-10   0.165648E-12   0.204475E-11
   0.961000E+03  -0.363730E-10   0.363302E-13   0.174956E-11
   0.962000E+03  -0.359929E-10  -0.926700E-13   0.145046E-11
   0.963000E+03  -0.355992E-10  -0.221272E-12   0.114779E-11
   0.964000E+03  -0.351924E-10  -0.349395E-12   0.841848E-12
   0.965000E+03  -0.347725E-10  -0.476960E-12   0.532960E-12
   0.966000E+03  -0.343398E-10  -0.603886E-12   0.221442E-12
   0.967000E+03  -0.338945E-10  -0.730095E-12  -0.923870E-13
   0.968000E+03  -0.334369E-10  -0.855508E-12  -0.408209E-12
   0.969000E+03  -0.329673E-10  -0.980048E-12  -0.725704E-12
   0.970000E+03  -0.324859E-10  -0.110364E-11  -0.104455E-11
   0.971000E+03  -0.319929E-10  -0.122620E-11  -0.136444E-11
   0.972000E+03  -0.314887E-10  -0.134766E-11  -0.168505E-11
   0.973000E+03  -0.309735E-10  -0.146794E-11  -0.200606E-11
   0.974000E+03  -0.304476E-10  -0.158698E-11  -0.232716E-11
   0.975000E+03  -0.299114E-10  -0.170469E-11  -0.264804E-11
   0.976000E+03  -0.293650E-10  -0.182100E-11  -0.296839E-11
   0.977000E+03  -0.288089E-10  -0.193585E-11  -0.328789E-11
   0.978000E+03  -0.282434E-10  -0.204917E-11  -0.360624E-11
   0.979000E+03  -0.276687E-10  -0.216088E-11  -0.392313E-11
   0.980000E+03  -0.270852E-10  -0.227092E-11  -0.423826E-11
   0.981000E+03  -0.264933E-10  -0.237922E-11  -0.455134E-11
   0.982000E+03  -0.258932E-10  -0.248572E-11  -0.486207E-11
   0.983000E+03  -0.252854E-10  -0.259035E-11  -0.517015E-11
   0.984000E+03  -0.246702E-10  -0.269306E-11  -0.547529E-11
   0.985000E+03  -0.240479E-10  -0.279378E-11  -0.577722E-11
   0.986000E+03  -0.234189E-10  -0.289245E-11  -0.607564E-11
   0.987000E+03  -0.227835E-10  -0.298901E-11  -0.637029E-11
   0.988000E+03  -0.221422E-10  -0.308341E-11  -0.666088E-11
   0.989000E+03  -0.214954E-10  -0.317559E-11  -0.694715E-11
   0.990000E+03  -0.208433E-10  -0.326550E-11  -0.722884E-11
   0.991000E+03  -0.201864E-10  -0.335309E-11  -0.750569E-11
   0.992000E+03  -0.195251E-10  -0.343830E-11  -0.777744E-11
   0.993000E+03  -0.188598E-10  -0.352109E-11  -0.804384E-11
   0.994000E+03  -0.181908E-10  -0.360141E-11  -0.830465E-11
   0.995000E+03  -0.175185E-10  -0.367921E-11  -0.855963E-11
   0.996000E+03  -0.168434E-10  -0.375446E-11  -0.880855E-11
   0.997000E+03  -0.161659E-10  -0.382710E-11  -0.905118E-11
   0.998000E+03  -0.154863E-10  -0.389711E-11  -0.928731E-11
   0.999000E+03  -0.148051E-10  -0.396443E-11  -0.951670E-11
   0.100000E+04  -0.141226E-10  -0.402904E-11  -0.973917E-11
   0.100100E+04  -0.134393E-10  -0.409090E-11  -0.995449E-11
   0.100200E+04  -0.127555E-10  -0.414997E-11  -0.101625E-10
   0.100300E+04  -0.120718E-10  -0.420623E-11  -0.103630E-10
   0.100400E+04  -0.113884E-10  -0.425965E-11  -0.105557E-10
   0.100500E+04  -0.107058E-10  -0.431020E-11  -0.107406E-10
   0.100600E+04  -0.100245E-10  -0.435785E-11  -0.109174E-10
   0.100700E+04  -0.934471E-11  -0.440258E-11  -0.110860E-10
   0.100800E+04  -0.866696E-11  -0.444437E-11  -0.112462E-10
   0.100900E+04  -0.799164E-11  -0.448320E-11  -0.113979E-10
   0.101000E+04  -0.731914E-11  -0.451905E-11  -0.115410E-10
   0.101100E+04  -0.664986E-11  -0.455191E-11  -0.116752E-10
   0.101200E+04  -0.598421E-11  -0.458177E-11  -0.118005E-10
   0.101300E+04  -0.532256E-11  -0.460861E-11  -0.119167E-10
   0.101400E+04  -0.466533E-11  -0.463242E-11  -0.120238E-10
   0.101500E+04  -0.401290E-11  -0.465319E-11  -0.121216E-10
   0.101600E+04  -0.336566E-11  -0.467093E-11  -0.122100E-10
   0.101700E+04  -0.272399E-11  -0.468562E-11  -0.122890E-10
   0.101800E+04  -0.208826E-11  -0.469726E-11  -0.123584E-10
   0.101900E+04  -0.145887E-11  -0.470586E-11  -0.124181E-10
   0.102000E+04  -0.836164E-12  -0.471142E-11  -0.124681E-10
   0.102100E+04  -0.220524E-12  -0.471394E-11  -0.125084E-10
   0.102200E+04   0.387693E-12  -0.471344E-11  -0.125389E-10
   0.102300E+04   0.988132E-12  -0.470990E-11  -0.125594E-10
   0.102400E+04   0.158044E-11  -0.470336E-11  -0.125701E-10
   0.102500E+04   0.216428E-11  -0.469382E-11  -0.125708E-10
   0.102600E+04   0.273931E-11  -0.468129E-11  -0.125615E-10
   0.102700E+04   0.330519E-11  -0.466579E-11  -0.125422E-10
   0.102800E+04   0.386161E-11  -0.464735E-11  -0.125129E-10
   0.102900E+04   0.440824E-11  -0.462597E-11  -0.124735E-10
   0.103000E+04   0.494477E-11  -0.460168E-11  -0.124241E-10
   0.103100E+04   0.547090E-11  -0.457451E-11  -0.123648E-10
   0.103200E+04   0.598633E-11  -0.454449E-11  -0.122954E-10
   0.103300E+04   0.649078E-11  -0.451163E-11  -0.122160E-10
   0.103400E+04   0.698396E-11  -0.447597E-11  -0.121267E-10
   0.103500E+04   0.746561E-11  -0.443754E-11  -0.120274E-10
   0.103600E+04   0.793545E-11  -0.439638E-11  -0.119183E-10
   0.103700E+04   0.839323E-11  -0.435251E-11  -0.117993E-10
   0.103800E+04   0.883872E-11  -0.430598E-11  -0.116706E-10
   0.103900E+04   0.927167E-11  -0.425682E-11  -0.115321E-10
   0.104000E+04   0.969185E-11  -0.420508E-11  -0.113840E-10
   0.104100E+04   0.100990E-10  -0.415079E-11  -0.112263E-10
   0.104200E+04   0.104931E-10  -0.409400E-11  -0.110591E-10
   0.104300E+04   0.108737E-10  -0.403476E-11  -0.108825E-10
   0.104400E+04   0.112407E-10  -0.397310E-11  -0.106966E-10
   0.104500E+04   0.115940E-10  -0.390908E-11  -0.105015E-10
   0.104600E+04   0.119334E-10  -0.384275E-11  -0.102972E-10
   0.104700E+04   0.122587E-10  -0.377416E-11  -0.100839E-10
   0.104800E+04   0.125697E-10  -0.370336E-11  -0.986169E-11
   0.104900E+04   0.128664E-10  -0.363041E-11  -0.963071E-11
   0.105000E+04   0.131486E-10  -0.355535E-11  -0.939108E-11
   0.105100E+04   0.134162E-10  -0.347826E-11  -0.914291E-11
   0.105200E+04   0.136692E-10  -0.339917E-11  -0.888635E-11
   0.105300E+04   0.139073E-10  -0.331816E-11  -0.862153E-11
   0.105400E+04   0.141305E-10  -0.323529E-11  -0.834861E-11
   0.105500E+04   0.143389E-10  -0.315061E-11  -0.806772E-11
   0.105600E+04   0.145322E-10  -0.306419E-11  -0.777902E-11
   0.105700E+04   0.147105E-10  -0.297609E-11  -0.748267E-11
   0.105800E+04   0.148737E-10  -0.288638E-11  -0.717884E-11
   0.105900E+04   0.150218E-10  -0.279512E-11  -0.686768E-11
   0.106000E+04   0.151548E-10  -0.270237E-11  -0.654938E-11
   0.106100E+04   0.152727E-10  -0.260822E-11  -0.622409E-11
   0.106200E+04   0.153755E-10  -0.251272E-11  -0.589201E-11
   0.106300E+04   0.154632E-10  -0.241594E-11  -0.555331E-11
   0.106400E+04   0.155360E-10  -0.231796E-11  -0.520817E-11
   0.106500E+04   0.155937E-10  -0.221884E-11  -0.485680E-11
   0.106600E+04   0.156365E-10  -0.211866E-11  -0.449937E-11
   0.106700E+04   0.156645E-10  -0.201749E-11  -0.413608E-11
   0.106800E+04   0.156777E-10  -0.191540E-11  -0.376714E-11
   0.106900E+04   0.156762E-10  -0.181246E-11  -0.339274E-11
   0.107000E+04   0.156602E-10  -0.170875E-11  -0.301308E-11
   0.107100E+04   0.156297E-10  -0.160434E-11  -0.262838E-11
   0.107200E+04   0.155849E-10  -0.149931E-11  -0.223883E-11
   0.107300E+04   0.155260E-10  -0.139373E-11  -0.184465E-11
   0.107400E+04   0.154530E-10  -0.128768E-11  -0.144606E-11
   0.107500E+04   0.153662E-10  -0.118122E-11  -0.104326E-11
   0.107600E+04   0.152657E-10  -0.107445E-11  -0.636475E-12
   0.107700E+04   0.151517E-10  -0.967424E-12  -0.225923E-12
   0.107800E+04   0.150244E-10  -0.860230E-12   0.188178E-12
   0.107900E+04   0.148841E-10  -0.752939E-12   0.605605E-12
   0.108000E+04   0.147308E-10  -0.645629E-12   0.102614E-11
   0.108100E+04   0.145649E-10  -0.538374E-12   0.144955E-11
   0.108200E+04   0.143867E-10  -0.431251E-12   0.187561E-11
   0.108300E+04   0.141962E-10  -0.324334E-12   0.230411E-11
   0.108400E+04   0.139939E-10  -0.217699E-12   0.273480E-11
   0.108500E+04   0.137799E-10  -0.111420E-12   0.316747E-11
   0.108600E+04   0.135547E-10  -0.557272E-14   0.360189E-11
   0.108700E+04   0.133183E-10   0.997693E-13   0.403783E-11
   0.108800E+04   0.130712E-10   0.204532E-12   0.447505E-11
   0.108900E+04   0.128136E-10   0.308642E-12   0.491333E-11
   0.109000E+04   0.125459E-10   0.412027E-12   0.535244E-11
   0.109100E+04   0.122684E-10   0.514614E-12   0.579216E-11
   0.109200E+04   0.119813E-10   0.616332E-12   0.623224E-11
   0.109300E+04   0.116852E-10   0.717110E-12   0.667247E-11
   0.109400E+04   0.113802E-10   0.816877E-12   0.711261E-11
   0.109500E+04   0.110668E-10   0.915564E-12   0.755243E-11
   0.109600E+04   0.107453E-10   0.101310E-11   0.799172E-11
   0.109700E+04   0.104160E-10   0.110942E-11   0.843023E-11
   0.109800E+04   0.100795E-10   0.120446E-11   0.886775E-11
   0.109900E+04   0.973592E-11   0.129815E-11   0.930404E-11
   0.110000E+04   0.938581E-11   0.139043E-11   0.973889E-11
   0.110100E+04   0.902952E-11   0.148122E-11   0.101721E-10
   0.110200E+04   0.866744E-11   0.157047E-11   0.106034E-10
   0.110300E+04   0.829999E-11   0.165813E-11   0.110325E-10
   0.110400E+04   0.792755E-11   0.174411E-11   0.114594E-10
   0.110500E+04   0.755056E-11   0.182837E-11   0.118837E-10
   0.110600E+04   0.716943E-11   0.191085E-11   0.123052E-10
   0.110700E+04   0.678457E-11   0.199150E-11   0.127237E-10
   0.110800E+04   0.639642E-11   0.207024E-11   0.131391E-10
   0.110900E+04   0.600540E-11   0.214704E-11   0.135510E-10
   0.111000E+04   0.561193E-11   0.222184E-11   0.139593E-10
   0.111100E+04   0.521646E-11   0.229458E-11   0.143638E-10
   0.111200E+04   0.481942E-11   0.236522E-11   0.147643E-10
   0.111300E+04   0.442124E-11   0.243371E-11   0.151605E-10
   0.111400E+04   0.402237E-11   0.250000E-11   0.155523E-10
   0.111500E+04   0.362324E-11   0.256404E-11   0.159394E-10
   0.111600E+04   0.322429E-11   0.262580E-11   0.163218E-10
   0.111700E+04   0.282597E-11   0.268522E-11   0.166990E-10
   0.111800E+04   0.242871E-11   0.274227E-11   0.170711E-10
   0.111900E+04   0.203295E-11   0.279692E-11   0.174377E-10
   0.112000E+04   0.163914E-11   0.284911E-11   0.177988E-10
   0.112100E+04   0.124771E-11   0.289882E-11   0.181540E-10
   0.112200E+04   0.859100E-12   0.294602E-11   0.185033E-10
   0.112300E+04   0.473745E-12   0.299066E-11   0.188465E-10
   0.112400E+04   0.920794E-13   0.303273E-11   0.191833E-10
   0.112500E+04  -0.285467E-12   0.307219E-11   0.195136E-10
   0.112600E+04  -0.658466E-12   0.310901E-11   0.198372E-10
   0.112700E+04  -0.102649E-11   0.314317E-11   0.201540E-10
   0.112800E+04  -0.138913E-11   0.317465E-11   0.204638E-10
   0.112900E+04  -0.174595E-11   0.320343E-11   0.207665E-10
   0.113000E+04  -0.209654E-11   0.322949E-11   0.210618E-10
   0.113100E+04  -0.244051E-11   0.325281E-11   0.213496E-10
   0.113200E+04  -0.277744E-11   0.327337E-11   0.216298E-10
   0.113300E+04  -0.310693E-11   0.329117E-11   0.219021E-10
   0.113400E+04  -0.342860E-11   0.330618E-11   0.221666E-10
   0.113500E+04  -0.374205E-11   0.331841E-11   0.224230E-10
   0.113600E+04  -0.404690E-11   0.332784E-11   0.226712E-10
   0.113700E+04  -0.434279E-11   0.333447E-11   0.229110E-10
   0.113800E+04  -0.462934E-11   0.333829E-11   0.231423E-10
   0.113900E+04  -0.490620E-11   0.333931E-11   0.233650E-10
   0.114000E+04  -0.517300E-11   0.333752E-11   0.235789E-10
   0.114100E+04  -0.542942E-11   0.333292E-11   0.237840E-10
   0.114200E+04  -0.567510E-11   0.332553E-11   0.239801E-10
   0.114300E+04  -0.590974E-11   0.331534E-11   0.241671E-10
   0.114400E+04  -0.613299E-11   0.330237E-11   0.243449E-10
   0.114500E+04  -0.634456E-11   0.328663E-11   0.245133E-10
   0.114600E+04  -0.654415E-11   0.326812E-11   0.246723E-10
   0.114700E+04  -0.673146E-11   0.324686E-11   0.248218E-10
   0.114800E+04  -0.690621E-11   0.322287E-11   0.249616E-10
   0.114900E+04  -0.706814E-11   0.319617E-11   0.250918E-10
   0.115000E+04  -0.721698E-11   0.316677E-11   0.252121E-10
   0.115100E+04  -0.735248E-11   0.313470E-11   0.253224E-10
   0.115200E+04  -0.747440E-11   0.309998E-11   0.254228E-10
   0.115300E+04  -0.758252E-11   0.306264E-11   0.255132E-10
   0.115400E+04  -0.767662E-11   0.302270E-11   0.255933E-10
   0.115500E+04  -0.775649E-11   0.298020E-11   0.256633E-10
   0.115600E+04  -0.782194E-11   0.293516E-11   0.257230E-10
   0.115700E+04  -0.787279E-11   0.288763E-11   0.257723E-10
   0.115800E+04  -0.790887E-11   0.283762E-11   0.258112E-10
   0.115900E+04  -0.793002E-11   0.278518E-11   0.258396E-10
   0.116000E+04  -0.793610E-11   0.273035E-11   0.258576E-10
   0.116100E+04  -0.792698E-11   0.267317E-11   0.258649E-10
   0.116200E+04  -0.790254E-11   0.261368E-11   0.258617E-10
   0.116300E+04  -0.786266E-11   0.255192E-11   0.258477E-10
   0.116400E+04  -0.780726E-11   0.248793E-11   0.258231E-10
   0.116500E+04  -0.773627E-11   0.242177E-11   0.257878E-10
   0.116600E+04  -0.764960E-11   0.235349E-11   0.257417E-10
   0.116700E+04  -0.754721E-11   0.228312E-11   0.256848E-10
   0.116800E+04  -0.742906E-11   0.221073E-11   0.256172E-10
   0.116900E+04  -0.729511E-11   0.213636E-11   0.255387E-10
   0.117000E+04  -0.714537E-11   0.206006E-11   0.254494E-10
   0.117100E+04  -0.697983E-11   0.198191E-11   0.253492E-10
   0.117200E+04  -0.679849E-11   0.190194E-11   0.252382E-10
   0.117300E+04  -0.660140E-11   0.182022E-11   0.251164E-10
   0.117400E+04  -0.638860E-11   0.173682E-11   0.249838E-10
   0.117500E+04  -0.616013E-11   0.165177E-11   0.248403E-10
   0.117600E+04  -0.591607E-11   0.156516E-11   0.246860E-10
   0.117700E+04  -0.565650E-11   0.147704E-11   0.245209E-10
   0.117800E+04  -0.538152E-11   0.138748E-11   0.243450E-10
   0.117900E+04  -0.509124E-11   0.129654E-11   0.241583E-10
   0.118000E+04  -0.478578E-11   0.120429E-11   0.239610E-10
   0.118100E+04  -0.446528E-11   0.111079E-11   0.237529E-10
   0.118200E+04  -0.412989E-11   0.101612E-11   0.235342E-10
   0.118300E+04  -0.377979E-11   0.920336E-12   0.233049E-10
   0.118400E+04  -0.341513E-11   0.823513E-12   0.230651E-10
   0.118500E+04  -0.303613E-11   0.725721E-12   0.228147E-10
   0.118600E+04  -0.264297E-11   0.627031E-12   0.225538E-10
   0.118700E+04  -0.223589E-11   0.527516E-12   0.222826E-10
   0.118800E+04  -0.181510E-11   0.427246E-12   0.220010E-10
   0.118900E+04  -0.138086E-11   0.326296E-12   0.217092E-10
   0.119000E+04  -0.933422E-12   0.224739E-12   0.214072E-10
   0.119100E+04  -0.473051E-12   0.122649E-12   0.210951E-10
   0.119200E+04  -0.283985E-16   0.200996E-13   0.207729E-10
   0.119300E+04   0.485351E-12  -0.828336E-13   0.204408E-10
   0.119400E+04   0.982782E-12  -0.186076E-12   0.200988E-10
   0.119500E+04   0.149195E-11  -0.289551E-12   0.197471E-10
   0.119600E+04   0.201252E-11  -0.393185E-12   0.193856E-10
   0.119700E+04   0.254416E-11  -0.496901E-12   0.190147E-10
   0.119800E+04   0.308652E-11  -0.600623E-12   0.186343E-10
   0.119900E+04   0.363923E-11  -0.704276E-12   0.182445E-10
   0.120000E+04   0.420192E-11  -0.807783E-12   0.178455E-10
   0.120100E+04   0.477421E-11  -0.911069E-12   0.174374E-10
   0.120200E+04   0.535571E-11  -0.101406E-11   0.170203E-10
   0.120300E+04   0.594601E-11  -0.111667E-11   0.165944E-10
   0.120400E+04   0.654470E-11  -0.121884E-11   0.161597E-10
   0.120500E+04   0.715136E-11  -0.132049E-11   0.157165E-10
   0.120600E+04   0.776556E-11  -0.142153E-11   0.152648E-10
   0.120700E+04   0.838687E-11  -0.152191E-11   0.148049E-10
   0.120800E+04   0.901482E-11  -0.162153E-11   0.143368E-10
   0.120900E+04   0.964898E-11  -0.172034E-11   0.138607E-10
   0.121000E+04   0.102889E-10  -0.181826E-11   0.133768E-10
   0.121100E+04   0.109340E-10  -0.191521E-11   0.128852E-10
   0.121200E+04   0.115840E-10  -0.201112E-11   0.123861E-10
   0.121300E+04   0.122382E-10  -0.210592E-11   0.118797E-10
   0.121400E+04   0.128963E-10  -0.219955E-11   0.113661E-10
   0.121500E+04   0.135576E-10  -0.229192E-11   0.108456E-10
   0.121600E+04   0.142218E-10  -0.238298E-11   0.103183E-10
   0.121700E+04   0.148883E-10  -0.247265E-11   0.978442E-11
   0.121800E+04   0.155566E-10  -0.256088E-11   0.924412E-11
   0.121900E+04   0.162262E-10  -0.264758E-11   0.869761E-11
   0.122000E+04   0.168965E-10  -0.273270E-11   0.814509E-11
   0.122100E+04   0.175671E-10  -0.281618E-11   0.758676E-11
   0.122200E+04   0.182374E-10  -0.289795E-11   0.702284E-11
   0.122300E+04   0.189068E-10  -0.297794E-11   0.645354E-11
   0.122400E+04   0.195749E-10  -0.305611E-11   0.587907E-11
   0.122500E+04   0.202411E-10  -0.313238E-11   0.529965E-11
   0.122600E+04   0.209049E-10  -0.320671E-11   0.471550E-11
   0.122700E+04   0.215657E-10  -0.327903E-11   0.412685E-11
   0.122800E+04   0.222231E-10  -0.334929E-11   0.353393E-11
   0.122900E+04   0.228763E-10  -0.341744E-11   0.293697E-11
   0.123000E+04   0.235250E-10  -0.348343E-11   0.233621E-11
   0.123100E+04   0.241686E-10  -0.354720E-11   0.173190E-11
   0.123200E+04   0.248065E-10  -0.360870E-11   0.112426E-11
   0.123300E+04   0.254382E-10  -0.366790E-11   0.513553E-12
   0.123400E+04   0.260632E-10  -0.372473E-11  -0.999746E-13
   0.123500E+04   0.266810E-10  -0.377916E-11  -0.716071E-12
   0.123600E+04   0.272909E-10  -0.383115E-11  -0.133448E-11
   0.123700E+04   0.278925E-10  -0.388066E-11  -0.195494E-11
   0.123800E+04   0.284853E-10  -0.392764E-11  -0.257720E-11
   0.123900E+04   0.290687E-10  -0.397205E-11  -0.320099E-11
   0.124000E+04   0.296422E-10  -0.401387E-11  -0.382604E-11
   0.124100E+04   0.302054E-10  -0.405306E-11  -0.445209E-11
   0.124200E+04   0.307576E-10  -0.408959E-11  -0.507885E-11
   0.124300E+04   0.312984E-10  -0.412343E-11  -0.570607E-11
   0.124400E+04   0.318274E-10  -0.415454E-11  -0.633346E-11
   0.124500E+04   0.323439E-10  -0.418291E-11  -0.696075E-11
   0.124600E+04   0.328476E-10  -0.420850E-11  -0.758765E-11
   0.124700E+04   0.333379E-10  -0.423131E-11  -0.821388E-11
   0.124800E+04   0.338144E-10  -0.425130E-11  -0.883917E-11
   0.124900E+04   0.342766E-10  -0.426846E-11  -0.946323E-11
   0.125000E+04   0.347241E-10  -0.428277E-11  -0.100858E-10
   0.125100E+04   0.351565E-10  -0.429423E-11  -0.107065E-10
   0.125200E+04   0.355732E-10  -0.430280E-11  -0.113251E-10
   0.125300E+04   0.359738E-10  -0.430850E-11  -0.119413E-10
   0.125400E+04   0.363580E-10  -0.431130E-11  -0.125549E-10
   0.125500E+04   0.367253E-10  -0.431121E-11  -0.131655E-10
   0.125600E+04   0.370754E-10  -0.430822E-11  -0.137728E-10
   0.125700E+04   0.374078E-10  -0.430232E-11  -0.143766E-10
   0.125800E+04   0.377222E-10  -0.429352E-11  -0.149765E-10
   0.125900E+04   0.380182E-10  -0.428182E-11  -0.155723E-10
   0.126000E+04   0.382954E-10  -0.426723E-11  -0.161637E-10
   0.126100E+04   0.385536E-10  -0.424975E-11  -0.167503E-10
   0.126200E+04   0.387923E-10  -0.422939E-11  -0.173319E-10
   0.126300E+04   0.390113E-10  -0.420615E-11  -0.179081E-10
   0.126400E+04   0.392102E-10  -0.418007E-11  -0.184788E-10
   0.126500E+04   0.393888E-10  -0.415114E-11  -0.190436E-10
   0.126600E+04   0.395468E-10  -0.411938E-11  -0.196021E-10
   0.126700E+04   0.396839E-10  -0.408483E-11  -0.201542E-10
   0.126800E+04   0.397999E-10  -0.404748E-11  -0.206995E-10
   0.126900E+04   0.398945E-10  -0.400738E-11  -0.212378E-10
   0.127000E+04   0.399675E-10  -0.396454E-11  -0.217687E-10
   0.127100E+04   0.400187E-10  -0.391899E-11  -0.222920E-10
   0.127200E+04   0.400478E-10  -0.387076E-11  -0.228073E-10
   0.127300E+04   0.400548E-10  -0.381988E-11  -0.233145E-10
   0.127400E+04   0.400395E-10  -0.376639E-11  -0.238132E-10
   0.127500E+04   0.400016E-10  -0.371031E-11  -0.243031E-10
   0.127600E+04   0.399411E-10  -0.365169E-11  -0.247841E-10
   0.127700E+04   0.398578E-10  -0.359057E-11  -0.252557E-10
   0.127800E+04   0.397517E-10  -0.352697E-11  -0.257178E-10
   0.127900E+04   0.396226E-10  -0.346096E-11  -0.261701E-10
   0.128000E+04   0.394704E-10  -0.339256E-11  -0.266122E-10
   0.128100E+04   0.392952E-10  -0.332183E-11  -0.270441E-10
   0.128200E+04   0.390969E-10  -0.324882E-11  -0.274653E-10
   0.128300E+04   0.388753E-10  -0.317356E-11  -0.278757E-10
   0.128400E+04   0.386306E-10  -0.309612E-11  -0.282750E-10
   0.128500E+04   0.383628E-10  -0.301655E-11  -0.286630E-10
   0.128600E+04   0.380717E-10  -0.293490E-11  -0.290393E-10
   0.128700E+04   0.377576E-10  -0.285122E-11  -0.294039E-10
   0.128800E+04   0.374204E-10  -0.276557E-11  -0.297565E-10
   0.128900E+04   0.370602E-10  -0.267801E-11  -0.300968E-10
   0.129000E+04   0.366771E-10  -0.258860E-11  -0.304246E-10
   0.129100E+04   0.362712E-10  -0.249740E-11  -0.307397E-10
   0.129200E+04   0.358426E-10  -0.240448E-11  -0.310419E-10
   0.129300E+04   0.353915E-10  -0.230989E-11  -0.313310E-10
   0.129400E+04   0.349179E-10  -0.221371E-11  -0.316068E-10
   0.129500E+04   0.344221E-10  -0.211599E-11  -0.318691E-10
   0.129600E+04   0.339043E-10  -0.201681E-11  -0.321177E-10
   0.129700E+04   0.333645E-10  -0.191624E-11  -0.323525E-10
   0.129800E+04   0.328031E-10  -0.181433E-11  -0.325733E-10
   0.129900E+04   0.322203E-10  -0.171117E-11  -0.327798E-10
   0.130000E+04   0.316163E-10  -0.160683E-11  -0.329720E-10
   0.130100E+04   0.309914E-10  -0.150137E-11  -0.331497E-10
   0.130200E+04   0.303458E-10  -0.139487E-11  -0.333128E-10
   0.130300E+04   0.296799E-10  -0.128741E-11  -0.334611E-10
   0.130400E+04   0.289939E-10  -0.117905E-11  -0.335944E-10
   0.130500E+04   0.282881E-10  -0.106988E-11  -0.337127E-10
   0.130600E+04   0.275629E-10  -0.959963E-12  -0.338159E-10
   0.130700E+04   0.268187E-10  -0.849384E-12  -0.339037E-10
   0.130800E+04   0.260557E-10  -0.738218E-12  -0.339762E-10
   0.130900E+04   0.252744E-10  -0.626542E-12  -0.340333E-10
   0.131000E+04   0.244752E-10  -0.514432E-12  -0.340748E-10
   0.131100E+04   0.236583E-10  -0.401968E-12  -0.341007E-10
   0.131200E+04   0.228244E-10  -0.289227E-12  -0.341109E-10
   0.131300E+04   0.219737E-10  -0.176287E-12  -0.341053E-10
   0.131400E+04   0.211067E-10  -0.632275E-13  -0.340840E-10
   0.131500E+04   0.202239E-10   0.498731E-13  -0.340468E-10
   0.131600E+04   0.193257E-10   0.162936E-12  -0.339937E-10
   0.131700E+04   0.184127E-10   0.275883E-12  -0.339248E-10
   0.131800E+04   0.174852E-10   0.388635E-12  -0.338399E-10
   0.131900E+04   0.165438E-10   0.501115E-12  -0.337391E-10
   0.132000E+04   0.155889E-10   0.613242E-12  -0.336224E-10
   0.132100E+04   0.146212E-10   0.724941E-12  -0.334898E-10
   0.132200E+04   0.136411E-10   0.836133E-12  -0.333413E-10
   0.132300E+04   0.126492E-10   0.946740E-12  -0.331769E-10
   0.132400E+04   0.116459E-10   0.105669E-11  -0.329967E-10
   0.132500E+04   0.106319E-10   0.116590E-11  -0.328008E-10
   0.132600E+04   0.960775E-11   0.127429E-11  -0.325891E-10
   0.132700E+04   0.857396E-11   0.138180E-11  -0.323618E-10
   0.132800E+04   0.753112E-11   0.148835E-11  -0.321190E-10
   0.132900E+04   0.647983E-11   0.159386E-11  -0.318606E-10
   0.133000E+04   0.542067E-11   0.169826E-11  -0.315869E-10
   0.133100E+04   0.435424E-11   0.180148E-11  -0.312979E-10
   0.133200E+04   0.328114E-11   0.190345E-11  -0.309937E-10
   0.133300E+04   0.220199E-11   0.200409E-11  -0.306745E-10
   0.133400E+04   0.111739E-11   0.210335E-11  -0.303403E-10
   0.133500E+04   0.279567E-13   0.220114E-11  -0.299914E-10
   0.133600E+04  -0.106568E-11   0.229740E-11  -0.296279E-10
   0.133700E+04  -0.216289E-11   0.239208E-11  -0.292499E-10
   0.133800E+04  -0.326305E-11   0.248509E-11  -0.288577E-10
   0.133900E+04  -0.436553E-11   0.257639E-11  -0.284513E-10
   0.134000E+04  -0.546968E-11   0.266590E-11  -0.280311E-10
   0.134100E+04  -0.657488E-11   0.275356E-11  -0.275971E-10
   0.134200E+04  -0.768048E-11   0.283933E-11  -0.271496E-10
   0.134300E+04  -0.878584E-11   0.292313E-11  -0.266888E-10
   0.134400E+04  -0.989033E-11   0.300491E-11  -0.262150E-10
   0.134500E+04  -0.109933E-10   0.308462E-11  -0.257283E-10
   0.134600E+04  -0.120941E-10   0.316221E-11  -0.252290E-10
   0.134700E+04  -0.131921E-10   0.323762E-11  -0.247174E-10
   0.134800E+04  -0.142866E-10   0.331080E-11  -0.241937E-10
   0.134900E+04  -0.153771E-10   0.338170E-11  -0.236582E-10
   0.135000E+04  -0.164628E-10   0.345029E-11  -0.231112E-10
   0.135100E+04  -0.175432E-10   0.351650E-11  -0.225529E-10
   0.135200E+04  -0.186176E-10   0.358030E-11  -0.219837E-10
   0.135300E+04  -0.196854E-10   0.364166E-11  -0.214038E-10
   0.135400E+04  -0.207460E-10   0.370052E-11  -0.208135E-10
   0.135500E+04  -0.217986E-10   0.375686E-11  -0.202133E-10
   0.135600E+04  -0.228428E-10   0.381063E-11  -0.196033E-10
   0.135700E+04  -0.238779E-10   0.386180E-11  -0.189839E-10
   0.135800E+04  -0.249033E-10   0.391035E-11  -0.183555E-10
   0.135900E+04  -0.259184E-10   0.395624E-11  -0.177184E-10
   0.136000E+04  -0.269227E-10   0.399944E-11  -0.170729E-10
   0.136100E+04  -0.279154E-10   0.403994E-11  -0.164195E-10
   0.136200E+04  -0.288960E-10   0.407770E-11  -0.157584E-10
   0.136300E+04  -0.298640E-10   0.411270E-11  -0.150901E-10
   0.136400E+04  -0.308188E-10   0.414493E-11  -0.144149E-10
   0.136500E+04  -0.317599E-10   0.417437E-11  -0.137331E-10
   0.136600E+04  -0.326866E-10   0.420101E-11  -0.130453E-10
   0.136700E+04  -0.335985E-10   0.422483E-11  -0.123517E-10
   0.136800E+04  -0.344949E-10   0.424582E-11  -0.116528E-10
   0.136900E+04  -0.353755E-10   0.426397E-11  -0.109489E-10
   0.137000E+04  -0.362396E-10   0.427928E-11  -0.102406E-10
   0.137100E+04  -0.370869E-10   0.429174E-11  -0.952806E-11
   0.137200E+04  -0.379167E-10   0.430136E-11  -0.881184E-11
   0.137300E+04  -0.387286E-10   0.430813E-11  -0.809233E-11
   0.137400E+04  -0.395221E-10   0.431205E-11  -0.736995E-11
   0.137500E+04  -0.402968E-10   0.431314E-11  -0.664510E-11
   0.137600E+04  -0.410522E-10   0.431139E-11  -0.591823E-11
   0.137700E+04  -0.417880E-10   0.430681E-11  -0.518976E-11
   0.137800E+04  -0.425036E-10   0.429943E-11  -0.446011E-11
   0.137900E+04  -0.431986E-10   0.428925E-11  -0.372971E-11
   0.138000E+04  -0.438728E-10   0.427628E-11  -0.299900E-11
   0.138100E+04  -0.445256E-10   0.426055E-11  -0.226842E-11
   0.138200E+04  -0.451568E-10   0.424208E-11  -0.153839E-11
   0.138300E+04  -0.457659E-10   0.422088E-11  -0.809346E-12
   0.138400E+04  -0.463526E-10   0.419699E-11  -0.817338E-13
   0.138500E+04  -0.469167E-10   0.417042E-11   0.644017E-12
   0.138600E+04  -0.474577E-10   0.414121E-11   0.136747E-11
   0.138700E+04  -0.479754E-10   0.410939E-11   0.208819E-11
   0.138800E+04  -0.484696E-10   0.407499E-11   0.280575E-11
   0.138900E+04  -0.489398E-10   0.403804E-11   0.351971E-11
   0.139000E+04  -0.493860E-10   0.399858E-11   0.422963E-11
   0.139100E+04  -0.498078E-10   0.395665E-11   0.493511E-11
   0.139200E+04  -0.502050E-10   0.391229E-11   0.563569E-11
   0.139300E+04  -0.505775E-10   0.386554E-11   0.633097E-11
   0.139400E+04  -0.509250E-10   0.381645E-11   0.702051E-11
   0.139500E+04  -0.512474E-10   0.376506E-11   0.770390E-11
   0.139600E+04  -0.515444E-10   0.371141E-11   0.838073E-11
   0.139700E+04  -0.518160E-10   0.365557E-11   0.905058E-11
   0.139800E+04  -0.520621E-10   0.359757E-11   0.971305E-11
   0.139900E+04  -0.522824E-10   0.353747E-11   0.103677E-10
   0.140000E+04  -0.524770E-10   0.347533E-11   0.110142E-10
   0.140100E+04  -0.526458E-10   0.341120E-11   0.116521E-10
   0.140200E+04  -0.527886E-10   0.334514E-11   0.122811E-10
   0.140300E+04  -0.529055E-10   0.327721E-11   0.129007E-10
   0.140400E+04  -0.529964E-10   0.320746E-11   0.135105E-10
   0.140500E+04  -0.530613E-10   0.313596E-11   0.141103E-10
   0.140600E+04  -0.531001E-10   0.306277E-11   0.146996E-10
   0.140700E+04  -0.531131E-10   0.298796E-11   0.152781E-10
   0.140800E+04  -0.531000E-10   0.291159E-11   0.158454E-10
   0.140900E+04  -0.530611E-10   0.283372E-11   0.164012E-10
   0.141000E+04  -0.529964E-10   0.275443E-11   0.169452E-10
   0.141100E+04  -0.529059E-10   0.267379E-11   0.174769E-10
   0.141200E+04  -0.527898E-10   0.259186E-11   0.179962E-10
   0.141300E+04  -0.526481E-10   0.250871E-11   0.185027E-10
   0.141400E+04  -0.524811E-10   0.242441E-11   0.189960E-10
   0.141500E+04  -0.522888E-10   0.233904E-11   0.194760E-10
   0.141600E+04  -0.520715E-10   0.225267E-11   0.199422E-10
   0.141700E+04  -0.518292E-10   0.216538E-11   0.203945E-10
   0.141800E+04  -0.515622E-10   0.207723E-11   0.208326E-10
   0.141900E+04  -0.512707E-10   0.198831E-11   0.212562E-10
   0.142000E+04  -0.509550E-10   0.189868E-11   0.216650E-10
   0.142100E+04  -0.506152E-10   0.180843E-11   0.220589E-10
   0.142200E+04  -0.502515E-10   0.171763E-11   0.224376E-10
   0.142300E+04  -0.498644E-10   0.162636E-11   0.228009E-10
   0.142400E+04  -0.494540E-10   0.153469E-11   0.231485E-10
   0.142500E+04  -0.490206E-10   0.144271E-11   0.234804E-10
   0.142600E+04  -0.485646E-10   0.135048E-11   0.237963E-10
   0.142700E+04  -0.480862E-10   0.125808E-11   0.240960E-10
   0.142800E+04  -0.475858E-10   0.116560E-11   0.243794E-10
   0.142900E+04  -0.470638E-10   0.107312E-11   0.246463E-10
   0.143000E+04  -0.465204E-10   0.980693E-12   0.248967E-10
   0.143100E+04  -0.459562E-10   0.888416E-12   0.251303E-10
   0.143200E+04  -0.453713E-10   0.796360E-12   0.253471E-10
   0.143300E+04  -0.447663E-10   0.704602E-12   0.255470E-10
   0.143400E+04  -0.441416E-10   0.613217E-12   0.257299E-10
   0.143500E+04  -0.434975E-10   0.522282E-12   0.258957E-10
   0.143600E+04  -0.428345E-10   0.431871E-12   0.260443E-10
   0.143700E+04  -0.421530E-10   0.342059E-12   0.261758E-10
   0.143800E+04  -0.414535E-10   0.252920E-12   0.262900E-10
   0.143900E+04  -0.407364E-10   0.164527E-12   0.263869E-10
   0.144000E+04  -0.400022E-10   0.769521E-13   0.264666E-10
   0.144100E+04  -0.392513E-10  -0.973258E-14   0.265290E-10
   0.144200E+04  -0.384843E-10  -0.954565E-13   0.265742E-10
   0.144300E+04  -0.377016E-10  -0.180150E-12   0.266021E-10
   0.144400E+04  -0.369037E-10  -0.263744E-12   0.266129E-10
   0.144500E+04  -0.360912E-10  -0.346170E-12   0.266065E-10
   0.144600E+04  -0.352645E-10  -0.427363E-12   0.265831E-10
   0.144700E+04  -0.344242E-10  -0.507256E-12   0.265427E-10
   0.144800E+04  -0.335707E-10  -0.585786E-12   0.264854E-10
   0.144900E+04  -0.327047E-10  -0.662889E-12   0.264113E-10
   0.145000E+04  -0.318267E-10  -0.738504E-12   0.263205E-10
   0.145100E+04  -0.309371E-10  -0.812571E-12   0.262132E-10
   0.145200E+04  -0.300366E-10  -0.885030E-12   0.260895E-10
   0.145300E+04  -0.291257E-10  -0.955824E-12   0.259495E-10
   0.145400E+04  -0.282050E-10  -0.102490E-11   0.257935E-10
   0.145500E+04  -0.272750E-10  -0.109220E-11   0.256216E-10
   0.145600E+04  -0.263362E-10  -0.115767E-11   0.254340E-10
   0.145700E+04  -0.253893E-10  -0.122127E-11   0.252308E-10
   0.145800E+04  -0.244348E-10  -0.128293E-11   0.250124E-10
   0.145900E+04  -0.234733E-10  -0.134263E-11   0.247789E-10
   0.146000E+04  -0.225053E-10  -0.140030E-11   0.245306E-10
   0.146100E+04  -0.215315E-10  -0.145591E-11   0.242677E-10
   0.146200E+04  -0.205524E-10  -0.150941E-11   0.239905E-10
   0.146300E+04  -0.195685E-10  -0.156077E-11   0.236992E-10
   0.146400E+04  -0.185805E-10  -0.160995E-11   0.233942E-10
   0.146500E+04  -0.175889E-10  -0.165690E-11   0.230757E-10
   0.146600E+04  -0.165943E-10  -0.170161E-11   0.227440E-10
   0.146700E+04  -0.155972E-10  -0.174403E-11   0.223995E-10
   0.146800E+04  -0.145983E-10  -0.178413E-11   0.220425E-10
   0.146900E+04  -0.135981E-10  -0.182189E-11   0.216732E-10
   0.147000E+04  -0.125971E-10  -0.185729E-11   0.212921E-10
   0.147100E+04  -0.115960E-10  -0.189029E-11   0.208995E-10
   0.147200E+04  -0.105952E-10  -0.192088E-11   0.204958E-10
   0.147300E+04  -0.959543E-11  -0.194904E-11   0.200812E-10
   0.147400E+04  -0.859713E-11  -0.197475E-11   0.196563E-10
   0.147500E+04  -0.760087E-11  -0.199800E-11   0.192213E-10
   0.147600E+04  -0.660720E-11  -0.201878E-11   0.187767E-10
   0.147700E+04  -0.561665E-11  -0.203707E-11   0.183229E-10
   0.147800E+04  -0.462977E-11  -0.205287E-11   0.178602E-10
   0.147900E+04  -0.364707E-11  -0.206617E-11   0.173892E-10
   0.148000E+04  -0.266908E-11  -0.207697E-11   0.169102E-10
   0.148100E+04  -0.169632E-11  -0.208527E-11   0.164236E-10
   0.148200E+04  -0.729287E-12  -0.209107E-11   0.159298E-10
   0.148300E+04   0.231505E-12  -0.209438E-11   0.154294E-10
   0.148400E+04   0.118556E-11  -0.209520E-11   0.149227E-10
   0.148500E+04   0.213240E-11  -0.209353E-11   0.144102E-10
   0.148600E+04   0.307154E-11  -0.208940E-11   0.138923E-10
   0.148700E+04   0.400251E-11  -0.208281E-11   0.133696E-10
   0.148800E+04   0.492485E-11  -0.207378E-11   0.128423E-10
   0.148900E+04   0.583810E-11  -0.206232E-11   0.123111E-10
   0.149000E+04   0.674181E-11  -0.204846E-11   0.117764E-10
   0.149100E+04   0.763555E-11  -0.203221E-11   0.112386E-10
   0.149200E+04   0.851889E-11  -0.201361E-11   0.106982E-10
   0.149300E+04   0.939141E-11  -0.199268E-11   0.101557E-10
   0.149400E+04   0.102527E-10  -0.196945E-11   0.961154E-11
   0.149500E+04   0.111024E-10  -0.194394E-11   0.906619E-11
   0.149600E+04   0.119401E-10  -0.191619E-11   0.852013E-11
   0.149700E+04   0.127654E-10  -0.188624E-11   0.797383E-11
   0.149800E+04   0.135779E-10  -0.185413E-11   0.742776E-11
   0.149900E+04   0.143773E-10  -0.181988E-11   0.688238E-11
   0.150000E+04   0.151633E-10  -0.178356E-11   0.633818E-11
   0.150100E+04   0.159355E-10  -0.174518E-11   0.579561E-11
   0.150200E+04   0.166936E-10  -0.170481E-11   0.525514E-11
   0.150300E+04   0.174373E-10  -0.166249E-11   0.471724E-11
   0.150400E+04   0.181663E-10  -0.161827E-11   0.418235E-11
   0.150500E+04   0.188803E-10  -0.157220E-11   0.365094E-11
   0.150600E+04   0.195790E-10  -0.152433E-11   0.312347E-11
   0.150700E+04   0.202621E-10  -0.147471E-11   0.260037E-11
   0.150800E+04   0.209295E-10  -0.142341E-11   0.208210E-11
   0.150900E+04   0.215809E-10  -0.137048E-11   0.156909E-11
   0.151000E+04   0.222160E-10  -0.131598E-11   0.106178E-11
   0.151100E+04   0.228347E-10  -0.125996E-11   0.560588E-12
   0.151200E+04   0.234367E-10  -0.120250E-11   0.659486E-13
   0.151300E+04   0.240219E-10  -0.114365E-11  -0.421727E-12
   0.151400E+04   0.245900E-10  -0.108349E-11  -0.902029E-12
   0.151500E+04   0.251410E-10  -0.102207E-11  -0.137455E-11
   0.151600E+04   0.256746E-10  -0.959470E-12  -0.183891E-11
   0.151700E+04   0.261908E-10  -0.895752E-12  -0.229471E-11
   0.151800E+04   0.266894E-10  -0.830988E-12  -0.274157E-11
   0.151900E+04   0.271702E-10  -0.765250E-12  -0.317912E-11
   0.152000E+04   0.276333E-10  -0.698610E-12  -0.360701E-11
   0.152100E+04   0.280785E-10  -0.631141E-12  -0.402487E-11
   0.152200E+04   0.285057E-10  -0.562917E-12  -0.443237E-11
   0.152300E+04   0.289148E-10  -0.494014E-12  -0.482917E-11
   0.152400E+04   0.293059E-10  -0.424506E-12  -0.521495E-11
   0.152500E+04   0.296789E-10  -0.354470E-12  -0.558940E-11
   0.152600E+04   0.300337E-10  -0.283985E-12  -0.595221E-11
   0.152700E+04   0.303704E-10  -0.213126E-12  -0.630309E-11
   0.152800E+04   0.306890E-10  -0.141972E-12  -0.664177E-11
   0.152900E+04   0.309894E-10  -0.706027E-13  -0.696798E-11
   0.153000E+04   0.312716E-10   0.903859E-15  -0.728145E-11
   0.153100E+04   0.315358E-10   0.724682E-13  -0.758195E-11
   0.153200E+04   0.317820E-10   0.144011E-12  -0.786925E-11
   0.153300E+04   0.320102E-10   0.215452E-12  -0.814311E-11
   0.153400E+04   0.322205E-10   0.286712E-12  -0.840334E-11
   0.153500E+04   0.324129E-10   0.357712E-12  -0.864974E-11
   0.153600E+04   0.325876E-10   0.428370E-12  -0.888214E-11
   0.153700E+04   0.327447E-10   0.498609E-12  -0.910035E-11
   0.153800E+04   0.328843E-10   0.568348E-12  -0.930424E-11
   0.153900E+04   0.330065E-10   0.637509E-12  -0.949365E-11
   0.154000E+04   0.331115E-10   0.706013E-12  -0.966846E-11
   0.154100E+04   0.331993E-10   0.773781E-12  -0.982855E-11
   0.154200E+04   0.332701E-10   0.840736E-12  -0.997384E-11
   0.154300E+04   0.333242E-10   0.906800E-12  -0.101042E-10
   0.154400E+04   0.333617E-10   0.971897E-12  -0.102196E-10
   0.154500E+04   0.333827E-10   0.103595E-11  -0.103200E-10
   0.154600E+04   0.333875E-10   0.109889E-11  -0.104054E-10
   0.154700E+04   0.333762E-10   0.116063E-11  -0.104756E-10
   0.154800E+04   0.333492E-10   0.122111E-11  -0.105307E-10
   0.154900E+04   0.333065E-10   0.128025E-11  -0.105707E-10
   0.155000E+04   0.332484E-10   0.133798E-11  -0.105956E-10
   0.155100E+04   0.331751E-10   0.139423E-11  -0.106055E-10
   0.155200E+04   0.330870E-10   0.144894E-11  -0.106003E-10
   0.155300E+04   0.329842E-10   0.150202E-11  -0.105802E-10
   0.155400E+04   0.328670E-10   0.155343E-11  -0.105451E-10
   0.155500E+04   0.327357E-10   0.160308E-11  -0.104953E-10
   0.155600E+04   0.325904E-10   0.165093E-11  -0.104308E-10
   0.155700E+04   0.324316E-10   0.169690E-11  -0.103517E-10
   0.155800E+04   0.322595E-10   0.174094E-11  -0.102581E-10
   0.155900E+04   0.320743E-10   0.178299E-11  -0.101503E-10
   0.156000E+04   0.318765E-10   0.182299E-11  -0.100283E-10
   0.156100E+04   0.316661E-10   0.186088E-11  -0.989229E-11
   0.156200E+04   0.314437E-10   0.189661E-11  -0.974252E-11
   0.156300E+04   0.312094E-10   0.193013E-11  -0.957916E-11
   0.156400E+04   0.309636E-10   0.196140E-11  -0.940242E-11
   0.156500E+04   0.307066E-10   0.199035E-11  -0.921253E-11
   0.156600E+04   0.304387E-10   0.201695E-11  -0.900973E-11
   0.156700E+04   0.301603E-10   0.204115E-11  -0.879427E-11
   0.156800E+04   0.298716E-10   0.206292E-11  -0.856642E-11
   0.156900E+04   0.295731E-10   0.208220E-11  -0.832645E-11
   0.157000E+04   0.292649E-10   0.209896E-11  -0.807466E-11
   0.157100E+04   0.289476E-10   0.211318E-11  -0.781134E-11
   0.157200E+04   0.286213E-10   0.212481E-11  -0.753681E-11
   0.157300E+04   0.282864E-10   0.213382E-11  -0.725139E-11
   0.157400E+04   0.279433E-10   0.214019E-11  -0.695542E-11
   0.157500E+04   0.275924E-10   0.214389E-11  -0.664924E-11
   0.157600E+04   0.272339E-10   0.214490E-11  -0.633322E-11
   0.157700E+04   0.268681E-10   0.214319E-11  -0.600771E-11
   0.157800E+04   0.264955E-10   0.213875E-11  -0.567311E-11
   0.157900E+04   0.261164E-10   0.213156E-11  -0.532978E-11
   0.158000E+04   0.257311E-10   0.212161E-11  -0.497814E-11
   0.158100E+04   0.253399E-10   0.210888E-11  -0.461857E-11
   0.158200E+04   0.249432E-10   0.209338E-11  -0.425151E-11
   0.158300E+04   0.245413E-10   0.207508E-11  -0.387737E-11
   0.158400E+04   0.241346E-10   0.205399E-11  -0.349657E-11
   0.158500E+04   0.237234E-10   0.203011E-11  -0.310956E-11
   0.158600E+04   0.233080E-10   0.200344E-11  -0.271678E-11
   0.158700E+04   0.228888E-10   0.197398E-11  -0.231868E-11
   0.158800E+04   0.224660E-10   0.194175E-11  -0.191571E-11
   0.158900E+04   0.220400E-10   0.190674E-11  -0.150834E-11
   0.159000E+04   0.216112E-10   0.186898E-11  -0.109703E-11
   0.159100E+04   0.211798E-10   0.182847E-11  -0.682260E-12
   0.159200E+04   0.207462E-10   0.178524E-11  -0.264505E-12
   0.159300E+04   0.203106E-10   0.173930E-11   0.155757E-12
   0.159400E+04   0.198734E-10   0.169068E-11   0.578039E-12
   0.159500E+04   0.194349E-10   0.163941E-11   0.100186E-11
   0.159600E+04   0.189954E-10   0.158550E-11   0.142672E-11
   0.159700E+04   0.185551E-10   0.152900E-11   0.185213E-11
   0.159800E+04   0.181144E-10   0.146993E-11   0.227759E-11
   0.159900E+04   0.176736E-10   0.140833E-11   0.270262E-11
   0.160000E+04   0.172328E-10   0.134424E-11   0.312672E-11
   0.160100E+04   0.167925E-10   0.127770E-11   0.354938E-11
   0.160200E+04   0.163529E-10   0.120875E-11   0.397012E-11
   0.160300E+04   0.159141E-10   0.113744E-11   0.438843E-11
   0.160400E+04   0.154766E-10   0.106381E-11   0.480383E-11
   0.160500E+04   0.150405E-10   0.987911E-12   0.521581E-11
   0.160600E+04   0.146061E-10   0.909803E-12   0.562390E-11
   0.160700E+04   0.141736E-10   0.829537E-12   0.602759E-11
   0.160800E+04   0.137432E-10   0.747169E-12   0.642640E-11
   0.160900E+04   0.133153E-10   0.662759E-12   0.681985E-11
   0.161000E+04   0.128899E-10   0.576368E-12   0.720747E-11
   0.161100E+04   0.124674E-10   0.488060E-12   0.758877E-11
   0.161200E+04   0.120479E-10   0.397900E-12   0.796330E-11
   0.161300E+04   0.116316E-10   0.305957E-12   0.833057E-11
   0.161400E+04   0.112187E-10   0.212298E-12   0.869015E-11
   0.161500E+04   0.108095E-10   0.116996E-12   0.904157E-11
   0.161600E+04   0.104040E-10   0.201248E-13   0.938439E-11
   0.161700E+04   0.100025E-10  -0.782416E-13   0.971817E-11
   0.161800E+04   0.960504E-11  -0.178026E-12   0.100425E-10
   0.161900E+04   0.921189E-11  -0.279149E-12   0.103569E-10
   0.162000E+04   0.882317E-11  -0.381532E-12   0.106610E-10
   0.162100E+04   0.843902E-11  -0.485093E-12   0.109544E-10
   0.162200E+04   0.805956E-11  -0.589747E-12   0.112367E-10
   0.162300E+04   0.768493E-11  -0.695411E-12   0.115075E-10
   0.162400E+04   0.731525E-11  -0.801999E-12   0.117664E-10
   0.162500E+04   0.695063E-11  -0.909423E-12   0.120131E-10
   0.162600E+04   0.659118E-11  -0.101759E-11   0.122472E-10
   0.162700E+04   0.623699E-11  -0.112642E-11   0.124684E-10
   0.162800E+04   0.588816E-11  -0.123582E-11   0.126762E-10
   0.162900E+04   0.554477E-11  -0.134569E-11   0.128705E-10
   0.163000E+04   0.520690E-11  -0.145595E-11   0.130509E-10
   0.163100E+04   0.487460E-11  -0.156649E-11   0.132171E-10
   0.163200E+04   0.454796E-11  -0.167723E-11   0.133689E-10
   0.163300E+04   0.422701E-11  -0.178808E-11   0.135058E-10
   0.163400E+04   0.391181E-11  -0.189892E-11   0.136278E-10
   0.163500E+04   0.360241E-11  -0.200967E-11   0.137345E-10
   0.163600E+04   0.329882E-11  -0.212024E-11   0.138258E-10
   0.163700E+04   0.300108E-11  -0.223052E-11   0.139014E-10
   0.163800E+04   0.270921E-11  -0.234042E-11   0.139610E-10
   0.163900E+04   0.242322E-11  -0.244984E-11   0.140047E-10
   0.164000E+04   0.214311E-11  -0.255868E-11   0.140320E-10
   0.164100E+04   0.186889E-11  -0.266685E-11   0.140430E-10
   0.164200E+04   0.160056E-11  -0.277424E-11   0.140374E-10
   0.164300E+04   0.133809E-11  -0.288077E-11   0.140152E-10
   0.164400E+04   0.108147E-11  -0.298632E-11   0.139763E-10
   0.164500E+04   0.830671E-12  -0.309082E-11   0.139204E-10
   0.164600E+04   0.585665E-12  -0.319415E-11   0.138477E-10
   0.164700E+04   0.346415E-12  -0.329623E-11   0.137580E-10
   0.164800E+04   0.112878E-12  -0.339696E-11   0.136512E-10
   0.164900E+04  -0.114994E-12  -0.349624E-11   0.135274E-10
   0.165000E+04  -0.337255E-12  -0.359398E-11   0.133865E-10
   0.165100E+04  -0.553963E-12  -0.369009E-11   0.132286E-10
   0.165200E+04  -0.765182E-12  -0.378447E-11   0.130536E-10
   0.165300E+04  -0.970981E-12  -0.387703E-11   0.128617E-10
   0.165400E+04  -0.117143E-11  -0.396769E-11   0.126529E-10
   0.165500E+04  -0.136661E-11  -0.405634E-11   0.124272E-10
   0.165600E+04  -0.155661E-11  -0.414292E-11   0.121847E-10
   0.165700E+04  -0.174150E-11  -0.422732E-11   0.119256E-10
   0.165800E+04  -0.192139E-11  -0.430946E-11   0.116499E-10
   0.165900E+04  -0.209636E-11  -0.438927E-11   0.113579E-10
   0.166000E+04  -0.226651E-11  -0.446664E-11   0.110497E-10
   0.166100E+04  -0.243195E-11  -0.454152E-11   0.107254E-10
   0.166200E+04  -0.259278E-11  -0.461381E-11   0.103853E-10
   0.166300E+04  -0.274910E-11  -0.468345E-11   0.100295E-10
   0.166400E+04  -0.290104E-11  -0.475034E-11   0.965834E-11
   0.166500E+04  -0.304869E-11  -0.481443E-11   0.927197E-11
   0.166600E+04  -0.319219E-11  -0.487563E-11   0.887069E-11
   0.166700E+04  -0.333164E-11  -0.493389E-11   0.845476E-11
   0.166800E+04  -0.346718E-11  -0.498912E-11   0.802448E-11
   0.166900E+04  -0.359892E-11  -0.504128E-11   0.758014E-11
   0.167000E+04  -0.372698E-11  -0.509028E-11   0.712207E-11
   0.167100E+04  -0.385150E-11  -0.513608E-11   0.665059E-11
   0.167200E+04  -0.397260E-11  -0.517862E-11   0.616607E-11
   0.167300E+04  -0.409041E-11  -0.521783E-11   0.566886E-11
   0.167400E+04  -0.420506E-11  -0.525367E-11   0.515933E-11
   0.167500E+04  -0.431669E-11  -0.528608E-11   0.463789E-11
   0.167600E+04  -0.442542E-11  -0.531502E-11   0.410493E-11
   0.167700E+04  -0.453138E-11  -0.534043E-11   0.356087E-11
   0.167800E+04  -0.463471E-11  -0.536228E-11   0.300614E-11
   0.167900E+04  -0.473555E-11  -0.538053E-11   0.244119E-11
   0.168000E+04  -0.483402E-11  -0.539514E-11   0.186647E-11
   0.168100E+04  -0.493025E-11  -0.540607E-11   0.128244E-11
   0.168200E+04  -0.502438E-11  -0.541329E-11   0.689597E-12
   0.168300E+04  -0.511654E-11  -0.541678E-11   0.884156E-13
   0.168400E+04  -0.520686E-11  -0.541650E-11  -0.520600E-12
   0.168500E+04  -0.529546E-11  -0.541244E-11  -0.113694E-11
   0.168600E+04  -0.538248E-11  -0.540457E-11  -0.176008E-11
   0.168700E+04  -0.546804E-11  -0.539287E-11  -0.238950E-11
   0.168800E+04  -0.555227E-11  -0.537734E-11  -0.302466E-11
   0.168900E+04  -0.563529E-11  -0.535796E-11  -0.366501E-11
   0.169000E+04  -0.571722E-11  -0.533472E-11  -0.430999E-11
   0.169100E+04  -0.579819E-11  -0.530762E-11  -0.495905E-11
   0.169200E+04  -0.587830E-11  -0.527665E-11  -0.561161E-11
   0.169300E+04  -0.595767E-11  -0.524182E-11  -0.626710E-11
   0.169400E+04  -0.603643E-11  -0.520314E-11  -0.692494E-11
   0.169500E+04  -0.611466E-11  -0.516060E-11  -0.758454E-11
   0.169600E+04  -0.619250E-11  -0.511423E-11  -0.824532E-11
   0.169700E+04  -0.627003E-11  -0.506403E-11  -0.890666E-11
   0.169800E+04  -0.634736E-11  -0.501002E-11  -0.956798E-11
   0.169900E+04  -0.642459E-11  -0.495222E-11  -0.102287E-10
   0.170000E+04  -0.650181E-11  -0.489066E-11  -0.108881E-10
   0.170100E+04  -0.657911E-11  -0.482536E-11  -0.115457E-10
   0.170200E+04  -0.665659E-11  -0.475635E-11  -0.122009E-10
   0.170300E+04  -0.673433E-11  -0.468366E-11  -0.128530E-10
   0.170400E+04  -0.681240E-11  -0.460734E-11  -0.135014E-10
   0.170500E+04  -0.689089E-11  -0.452741E-11  -0.141456E-10
   0.170600E+04  -0.696987E-11  -0.444393E-11  -0.147848E-10
   0.170700E+04  -0.704940E-11  -0.435693E-11  -0.154185E-10
   0.170800E+04  -0.712956E-11  -0.426646E-11  -0.160461E-10
   0.170900E+04  -0.721041E-11  -0.417258E-11  -0.166670E-10
   0.171000E+04  -0.729199E-11  -0.407534E-11  -0.172806E-10
   0.171100E+04  -0.737437E-11  -0.397480E-11  -0.178862E-10
   0.171200E+04  -0.745759E-11  -0.387101E-11  -0.184833E-10
   0.171300E+04  -0.754170E-11  -0.376404E-11  -0.190713E-10
   0.171400E+04  -0.762674E-11  -0.365395E-11  -0.196495E-10
   0.171500E+04  -0.771273E-11  -0.354081E-11  -0.202175E-10
   0.171600E+04  -0.779972E-11  -0.342470E-11  -0.207747E-10
   0.171700E+04  -0.788773E-11  -0.330568E-11  -0.213204E-10
   0.171800E+04  -0.797678E-11  -0.318384E-11  -0.218541E-10
   0.171900E+04  -0.806688E-11  -0.305924E-11  -0.223753E-10
   0.172000E+04  -0.815806E-11  -0.293198E-11  -0.228834E-10
   0.172100E+04  -0.825031E-11  -0.280213E-11  -0.233778E-10
   0.172200E+04  -0.834365E-11  -0.266979E-11  -0.238581E-10
   0.172300E+04  -0.843806E-11  -0.253503E-11  -0.243238E-10
   0.172400E+04  -0.853355E-11  -0.239795E-11  -0.247742E-10
   0.172500E+04  -0.863011E-11  -0.225865E-11  -0.252090E-10
   0.172600E+04  -0.872771E-11  -0.211721E-11  -0.256277E-10
   0.172700E+04  -0.882635E-11  -0.197374E-11  -0.260297E-10
   0.172800E+04  -0.892599E-11  -0.182832E-11  -0.264146E-10
   0.172900E+04  -0.902661E-11  -0.168107E-11  -0.267820E-10
   0.173000E+04  -0.912818E-11  -0.153209E-11  -0.271314E-10
   0.173100E+04  -0.923065E-11  -0.138148E-11  -0.274624E-10
   0.173200E+04  -0.933400E-11  -0.122934E-11  -0.277747E-10
   0.173300E+04  -0.943816E-11  -0.107578E-11  -0.280677E-10
   0.173400E+04  -0.954310E-11  -0.920916E-12  -0.283412E-10
   0.173500E+04  -0.964876E-11  -0.764852E-12  -0.285947E-10
   0.173600E+04  -0.975508E-11  -0.607701E-12  -0.288280E-10
   0.173700E+04  -0.986200E-11  -0.449575E-12  -0.290407E-10
   0.173800E+04  -0.996946E-11  -0.290589E-12  -0.292324E-10
   0.173900E+04  -0.100774E-10  -0.130858E-12  -0.294030E-10
   0.174000E+04  -0.101857E-10   0.295036E-13  -0.295520E-10
   0.174100E+04  -0.102943E-10   0.190378E-12  -0.296793E-10
   0.174200E+04  -0.104032E-10   0.351648E-12  -0.297847E-10
   0.174300E+04  -0.105122E-10   0.513195E-12  -0.298677E-10
   0.174400E+04  -0.106213E-10   0.674900E-12  -0.299284E-10
   0.174500E+04  -0.107303E-10   0.836645E-12  -0.299665E-10
   0.174600E+04  -0.108393E-10   0.998310E-12  -0.299817E-10
   0.174700E+04  -0.109480E-10   0.115977E-11  -0.299741E-10
   0.174800E+04  -0.110564E-10   0.132092E-11  -0.299433E-10
   0.174900E+04  -0.111644E-10   0.148162E-11  -0.298894E-10
   0.175000E+04  -0.112718E-10   0.164176E-11  -0.298122E-10
   0.175100E+04  -0.113787E-10   0.180122E-11  -0.297117E-10
   0.175200E+04  -0.114848E-10   0.195988E-11  -0.295878E-10
   0.175300E+04  -0.115901E-10   0.211762E-11  -0.294405E-10
   0.175400E+04  -0.116944E-10   0.227432E-11  -0.292697E-10
   0.175500E+04  -0.117976E-10   0.242986E-11  -0.290755E-10
   0.175600E+04  -0.118997E-10   0.258413E-11  -0.288579E-10
   0.175700E+04  -0.120004E-10   0.273700E-11  -0.286170E-10
   0.175800E+04  -0.120997E-10   0.288835E-11  -0.283528E-10
   0.175900E+04  -0.121975E-10   0.303808E-11  -0.280653E-10
   0.176000E+04  -0.122936E-10   0.318607E-11  -0.277549E-10
   0.176100E+04  -0.123879E-10   0.333220E-11  -0.274214E-10
   0.176200E+04  -0.124803E-10   0.347637E-11  -0.270652E-10
   0.176300E+04  -0.125706E-10   0.361845E-11  -0.266864E-10
   0.176400E+04  -0.126588E-10   0.375834E-11  -0.262851E-10
   0.176500E+04  -0.127447E-10   0.389594E-11  -0.258617E-10
   0.176600E+04  -0.128281E-10   0.403113E-11  -0.254162E-10
   0.176700E+04  -0.129091E-10   0.416380E-11  -0.249490E-10
   0.176800E+04  -0.129873E-10   0.429387E-11  -0.244604E-10
   0.176900E+04  -0.130628E-10   0.442121E-11  -0.239506E-10
   0.177000E+04  -0.131353E-10   0.454574E-11  -0.234200E-10
   0.177100E+04  -0.132048E-10   0.466735E-11  -0.228688E-10
   0.177200E+04  -0.132711E-10   0.478595E-11  -0.222975E-10
   0.177300E+04  -0.133341E-10   0.490144E-11  -0.217064E-10
   0.177400E+04  -0.133937E-10   0.501374E-11  -0.210959E-10
   0.177500E+04  -0.134498E-10   0.512275E-11  -0.204664E-10
   0.177600E+04  -0.135023E-10   0.522839E-11  -0.198183E-10
   0.177700E+04  -0.135509E-10   0.533056E-11  -0.191520E-10
   0.177800E+04  -0.135957E-10   0.542920E-11  -0.184681E-10
   0.177900E+04  -0.136365E-10   0.552422E-11  -0.177670E-10
   0.178000E+04  -0.136731E-10   0.561554E-11  -0.170492E-10
   0.178100E+04  -0.137056E-10   0.570309E-11  -0.163151E-10
   0.178200E+04  -0.137337E-10   0.578680E-11  -0.155654E-10
   0.178300E+04  -0.137573E-10   0.586659E-11  -0.148006E-10
   0.178400E+04  -0.137765E-10   0.594241E-11  -0.140212E-10
   0.178500E+04  -0.137910E-10   0.601420E-11  -0.132278E-10
   0.178600E+04  -0.138007E-10   0.608188E-11  -0.124210E-10
   0.178700E+04  -0.138056E-10   0.614541E-11  -0.116013E-10
   0.178800E+04  -0.138056E-10   0.620473E-11  -0.107695E-10
   0.178900E+04  -0.138006E-10   0.625979E-11  -0.992600E-11
   0.179000E+04  -0.137905E-10   0.631055E-11  -0.907159E-11
   0.179100E+04  -0.137752E-10   0.635696E-11  -0.820688E-11
   0.179200E+04  -0.137547E-10   0.639898E-11  -0.733252E-11
   0.179300E+04  -0.137288E-10   0.643657E-11  -0.644919E-11
   0.179400E+04  -0.136975E-10   0.646971E-11  -0.555757E-11
   0.179500E+04  -0.136608E-10   0.649835E-11  -0.465834E-11
   0.179600E+04  -0.136185E-10   0.652248E-11  -0.375220E-11
   0.179700E+04  -0.135706E-10   0.654207E-11  -0.283986E-11
   0.179800E+04  -0.135170E-10   0.655710E-11  -0.192204E-11
   0.179900E+04  -0.134578E-10   0.656756E-11  -0.999456E-12
   0.180000E+04  -0.133928E-10   0.657342E-11  -0.728368E-13
   0.180100E+04  -0.133221E-10   0.657469E-11   0.857082E-12
   0.180200E+04  -0.132455E-10   0.657136E-11   0.178956E-11
   0.180300E+04  -0.131630E-10   0.656342E-11   0.272386E-11
   0.180400E+04  -0.130747E-10   0.655088E-11   0.365922E-11
   0.180500E+04  -0.129805E-10   0.653375E-11   0.459490E-11
   0.180600E+04  -0.128803E-10   0.651202E-11   0.553013E-11
   0.180700E+04  -0.127741E-10   0.648572E-11   0.646417E-11
   0.180800E+04  -0.126621E-10   0.645486E-11   0.739626E-11
   0.180900E+04  -0.125440E-10   0.641945E-11   0.832563E-11
   0.181000E+04  -0.124200E-10   0.637953E-11   0.925153E-11
   0.181100E+04  -0.122900E-10   0.633512E-11   0.101732E-10
   0.181200E+04  -0.121541E-10   0.628625E-11   0.110899E-10
   0.181300E+04  -0.120123E-10   0.623295E-11   0.120008E-10
   0.181400E+04  -0.118645E-10   0.617526E-11   0.129052E-10
   0.181500E+04  -0.117109E-10   0.611323E-11   0.138024E-10
   0.181600E+04  -0.115514E-10   0.604689E-11   0.146916E-10
   0.181700E+04  -0.113860E-10   0.597629E-11   0.155720E-10
   0.181800E+04  -0.112149E-10   0.590148E-11   0.164430E-10
   0.181900E+04  -0.110380E-10   0.582253E-11   0.173038E-10
   0.182000E+04  -0.108554E-10   0.573948E-11   0.181536E-10
   0.182100E+04  -0.106672E-10   0.565239E-11   0.189918E-10
   0.182200E+04  -0.104734E-10   0.556134E-11   0.198176E-10
   0.182300E+04  -0.102741E-10   0.546638E-11   0.206304E-10
   0.182400E+04  -0.100693E-10   0.536759E-11   0.214294E-10
   0.182500E+04  -0.985916E-11   0.526504E-11   0.222140E-10
   0.182600E+04  -0.964370E-11   0.515881E-11   0.229835E-10
   0.182700E+04  -0.942302E-11   0.504898E-11   0.237372E-10
   0.182800E+04  -0.919720E-11   0.493562E-11   0.244745E-10
   0.182900E+04  -0.896635E-11   0.481883E-11   0.251947E-10
   0.183000E+04  -0.873054E-11   0.469869E-11   0.258972E-10
   0.183100E+04  -0.848989E-11   0.457529E-11   0.265815E-10
   0.183200E+04  -0.824450E-11   0.444872E-11   0.272469E-10
   0.183300E+04  -0.799447E-11   0.431908E-11   0.278928E-10
   0.183400E+04  -0.773992E-11   0.418647E-11   0.285186E-10
   0.183500E+04  -0.748096E-11   0.405098E-11   0.291239E-10
   0.183600E+04  -0.721772E-11   0.391273E-11   0.297080E-10
   0.183700E+04  -0.695032E-11   0.377181E-11   0.302704E-10
   0.183800E+04  -0.667889E-11   0.362833E-11   0.308107E-10
   0.183900E+04  -0.640356E-11   0.348240E-11   0.313284E-10
   0.184000E+04  -0.612447E-11   0.333413E-11   0.318229E-10
   0.184100E+04  -0.584175E-11   0.318363E-11   0.322939E-10
   0.184200E+04  -0.555555E-11   0.303103E-11   0.327409E-10
   0.184300E+04  -0.526602E-11   0.287642E-11   0.331634E-10
   0.184400E+04  -0.497330E-11   0.271994E-11   0.335612E-10
   0.184500E+04  -0.467754E-11   0.256169E-11   0.339338E-10
   0.184600E+04  -0.437890E-11   0.240181E-11   0.342809E-10
   0.184700E+04  -0.407754E-11   0.224041E-11   0.346021E-10
   0.184800E+04  -0.377362E-11   0.207762E-11   0.348971E-10
   0.184900E+04  -0.346730E-11   0.191355E-11   0.351657E-10
   0.185000E+04  -0.315874E-11   0.174834E-11   0.354076E-10
   0.185100E+04  -0.284811E-11   0.158211E-11   0.356225E-10
   0.185200E+04  -0.253558E-11   0.141499E-11   0.358102E-10
   0.185300E+04  -0.222132E-11   0.124710E-11   0.359705E-10
   0.185400E+04  -0.190550E-11   0.107858E-11   0.361033E-10
   0.185500E+04  -0.158831E-11   0.909547E-12   0.362083E-10
   0.185600E+04  -0.126990E-11   0.740135E-12   0.362855E-10
   0.185700E+04  -0.950468E-12   0.570471E-12   0.363347E-10
   0.185800E+04  -0.630183E-12   0.400686E-12   0.363559E-10
   0.185900E+04  -0.309226E-12   0.230909E-12   0.363490E-10
   0.186000E+04   0.122236E-13   0.612691E-13   0.363139E-10
   0.186100E+04   0.333985E-12  -0.108105E-12   0.362506E-10
   0.186200E+04   0.655876E-12  -0.277084E-12   0.361592E-10
   0.186300E+04   0.977717E-12  -0.445540E-12   0.360397E-10
   0.186400E+04   0.129932E-11  -0.613345E-12   0.358922E-10
   0.186500E+04   0.162052E-11  -0.780371E-12   0.357166E-10
   0.186600E+04   0.194111E-11  -0.946492E-12   0.355132E-10
   0.186700E+04   0.226093E-11  -0.111158E-11   0.352821E-10
   0.186800E+04   0.257979E-11  -0.127552E-11   0.350233E-10
   0.186900E+04   0.289751E-11  -0.143817E-11   0.347372E-10
   0.187000E+04   0.321391E-11  -0.159942E-11   0.344238E-10
   0.187100E+04   0.352881E-11  -0.175915E-11   0.340835E-10
   0.187200E+04   0.384203E-11  -0.191723E-11   0.337164E-10
   0.187300E+04   0.415340E-11  -0.207355E-11   0.333228E-10
   0.187400E+04   0.446274E-11  -0.222799E-11   0.329031E-10
   0.187500E+04   0.476988E-11  -0.238043E-11   0.324575E-10
   0.187600E+04   0.507464E-11  -0.253076E-11   0.319863E-10
   0.187700E+04   0.537686E-11  -0.267886E-11   0.314901E-10
   0.187800E+04   0.567636E-11  -0.282464E-11   0.309690E-10
   0.187900E+04   0.597298E-11  -0.296797E-11   0.304235E-10
   0.188000E+04   0.626656E-11  -0.310875E-11   0.298541E-10
   0.188100E+04   0.655693E-11  -0.324688E-11   0.292612E-10
   0.188200E+04   0.684393E-11  -0.338225E-11   0.286453E-10
   0.188300E+04   0.712740E-11  -0.351477E-11   0.280068E-10
   0.188400E+04   0.740720E-11  -0.364434E-11   0.273462E-10
   0.188500E+04   0.768316E-11  -0.377087E-11   0.266641E-10
   0.188600E+04   0.795515E-11  -0.389425E-11   0.259611E-10
   0.188700E+04   0.822301E-11  -0.401441E-11   0.252376E-10
   0.188800E+04   0.848661E-11  -0.413125E-11   0.244943E-10
   0.188900E+04   0.874580E-11  -0.424469E-11   0.237318E-10
   0.189000E+04   0.900045E-11  -0.435466E-11   0.229507E-10
   0.189100E+04   0.925043E-11  -0.446106E-11   0.221515E-10
   0.189200E+04   0.949561E-11  -0.456383E-11   0.213351E-10
   0.189300E+04   0.973586E-11  -0.466290E-11   0.205020E-10
   0.189400E+04   0.997107E-11  -0.475819E-11   0.196529E-10
   0.189500E+04   0.102011E-10  -0.484964E-11   0.187885E-10
   0.189600E+04   0.104259E-10  -0.493719E-11   0.179095E-10
   0.189700E+04   0.106453E-10  -0.502078E-11   0.170167E-10
   0.189800E+04   0.108592E-10  -0.510035E-11   0.161107E-10
   0.189900E+04   0.110675E-10  -0.517584E-11   0.151923E-10
   0.190000E+04   0.112701E-10  -0.524721E-11   0.142624E-10
   0.190100E+04   0.114670E-10  -0.531442E-11   0.133215E-10
   0.190200E+04   0.116580E-10  -0.537742E-11   0.123706E-10
   0.190300E+04   0.118430E-10  -0.543617E-11   0.114104E-10
   0.190400E+04   0.120221E-10  -0.549064E-11   0.104418E-10
   0.190500E+04   0.121950E-10  -0.554079E-11   0.946537E-11
   0.190600E+04   0.123618E-10  -0.558660E-11   0.848212E-11
   0.190700E+04   0.125223E-10  -0.562804E-11   0.749280E-11
   0.190800E+04   0.126766E-10  -0.566510E-11   0.649825E-11
   0.190900E+04   0.128245E-10  -0.569774E-11   0.549930E-11
   0.191000E+04   0.129661E-10  -0.572597E-11   0.449677E-11
   0.191100E+04   0.131012E-10  -0.574977E-11   0.349151E-11
   0.191200E+04   0.132298E-10  -0.576913E-11   0.248435E-11
   0.191300E+04   0.133520E-10  -0.578406E-11   0.147615E-11
   0.191400E+04   0.134676E-10  -0.579454E-11   0.467736E-12
   0.191500E+04   0.135766E-10  -0.580060E-11  -0.540037E-12
   0.191600E+04   0.136791E-10  -0.580223E-11  -0.154632E-11
   0.191700E+04   0.137750E-10  -0.579945E-11  -0.255028E-11
   0.191800E+04   0.138643E-10  -0.579228E-11  -0.355107E-11
   0.191900E+04   0.139469E-10  -0.578072E-11  -0.454784E-11
   0.192000E+04   0.140230E-10  -0.576482E-11  -0.553977E-11
   0.192100E+04   0.140924E-10  -0.574459E-11  -0.652600E-11
   0.192200E+04   0.141553E-10  -0.572006E-11  -0.750573E-11
   0.192300E+04   0.142115E-10  -0.569127E-11  -0.847811E-11
   0.192400E+04   0.142613E-10  -0.565825E-11  -0.944233E-11
   0.192500E+04   0.143044E-10  -0.562105E-11  -0.103976E-10
   0.192600E+04   0.143411E-10  -0.557971E-11  -0.113431E-10
   0.192700E+04   0.143713E-10  -0.553428E-11  -0.122780E-10
   0.192800E+04   0.143950E-10  -0.548480E-11  -0.132015E-10
   0.192900E+04   0.144123E-10  -0.543134E-11  -0.141129E-10
   0.193000E+04   0.144233E-10  -0.537395E-11  -0.150114E-10
   0.193100E+04   0.144280E-10  -0.531268E-11  -0.158963E-10
   0.193200E+04   0.144264E-10  -0.524761E-11  -0.167667E-10
   0.193300E+04   0.144186E-10  -0.517880E-11  -0.176220E-10
   0.193400E+04   0.144047E-10  -0.510632E-11  -0.184614E-10
   0.193500E+04   0.143847E-10  -0.503025E-11  -0.192842E-10
   0.193600E+04   0.143587E-10  -0.495065E-11  -0.200898E-10
   0.193700E+04   0.143268E-10  -0.486761E-11  -0.208775E-10
   0.193800E+04   0.142891E-10  -0.478121E-11  -0.216465E-10
   0.193900E+04   0.142456E-10  -0.469154E-11  -0.223963E-10
   0.194000E+04   0.141964E-10  -0.459867E-11  -0.231262E-10
   0.194100E+04   0.141416E-10  -0.450270E-11  -0.238356E-10
   0.194200E+04   0.140814E-10  -0.440372E-11  -0.245240E-10
   0.194300E+04   0.140157E-10  -0.430183E-11  -0.251906E-10
   0.194400E+04   0.139447E-10  -0.419711E-11  -0.258351E-10
   0.194500E+04   0.138685E-10  -0.408967E-11  -0.264568E-10
   0.194600E+04   0.137873E-10  -0.397962E-11  -0.270552E-10
   0.194700E+04   0.137010E-10  -0.386704E-11  -0.276298E-10
   0.194800E+04   0.136098E-10  -0.375205E-11  -0.281802E-10
   0.194900E+04   0.135138E-10  -0.363475E-11  -0.287059E-10
   0.195000E+04   0.134132E-10  -0.351526E-11  -0.292064E-10
   0.195100E+04   0.133080E-10  -0.339367E-11  -0.296814E-10
   0.195200E+04   0.131984E-10  -0.327010E-11  -0.301304E-10
   0.195300E+04   0.130845E-10  -0.314467E-11  -0.305531E-10
   0.195400E+04   0.129664E-10  -0.301748E-11  -0.309492E-10
   0.195500E+04   0.128442E-10  -0.288866E-11  -0.313183E-10
   0.195600E+04   0.127181E-10  -0.275832E-11  -0.316601E-10
   0.195700E+04   0.125882E-10  -0.262657E-11  -0.319744E-10
   0.195800E+04   0.124545E-10  -0.249354E-11  -0.322609E-10
   0.195900E+04   0.123173E-10  -0.235934E-11  -0.325194E-10
   0.196000E+04   0.121767E-10  -0.222410E-11  -0.327497E-10
   0.196100E+04   0.120328E-10  -0.208793E-11  -0.329516E-10
   0.196200E+04   0.118856E-10  -0.195095E-11  -0.331250E-10
   0.196300E+04   0.117355E-10  -0.181330E-11  -0.332697E-10
   0.196400E+04   0.115824E-10  -0.167508E-11  -0.333856E-10
   0.196500E+04   0.114265E-10  -0.153642E-11  -0.334728E-10
   0.196600E+04   0.112680E-10  -0.139744E-11  -0.335310E-10
   0.196700E+04   0.111070E-10  -0.125827E-11  -0.335604E-10
   0.196800E+04   0.109436E-10  -0.111902E-11  -0.335609E-10
   0.196900E+04   0.107779E-10  -0.979817E-12  -0.335326E-10
   0.197000E+04   0.106101E-10  -0.840785E-12  -0.334754E-10
   0.197100E+04   0.104403E-10  -0.702042E-12  -0.333896E-10
   0.197200E+04   0.102686E-10  -0.563708E-12  -0.332751E-10
   0.197300E+04   0.100952E-10  -0.425903E-12  -0.331322E-10
   0.197400E+04   0.992017E-11  -0.288746E-12  -0.329610E-10
   0.197500E+04   0.974365E-11  -0.152354E-12  -0.327617E-10
   0.197600E+04   0.956578E-11  -0.168434E-13  -0.325344E-10
   0.197700E+04   0.938667E-11   0.117669E-12  -0.322795E-10
   0.197800E+04   0.920644E-11   0.251069E-12  -0.319971E-10
   0.197900E+04   0.902522E-11   0.383244E-12  -0.316877E-10
   0.198000E+04   0.884313E-11   0.514081E-12  -0.313514E-10
   0.198100E+04   0.866027E-11   0.643471E-12  -0.309886E-10
   0.198200E+04   0.847677E-11   0.771304E-12  -0.305997E-10
   0.198300E+04   0.829274E-11   0.897473E-12  -0.301850E-10
   0.198400E+04   0.810830E-11   0.102187E-11  -0.297450E-10
   0.198500E+04   0.792354E-11   0.114440E-11  -0.292801E-10
   0.198600E+04   0.773858E-11   0.126496E-11  -0.287907E-10
   0.198700E+04   0.755351E-11   0.138344E-11  -0.282773E-10
   0.198800E+04   0.736845E-11   0.149975E-11  -0.277405E-10
   0.198900E+04   0.718349E-11   0.161379E-11  -0.271806E-10
   0.199000E+04   0.699873E-11   0.172548E-11  -0.265982E-10
   0.199100E+04   0.681425E-11   0.183472E-11  -0.259940E-10
   0.199200E+04   0.663016E-11   0.194142E-11  -0.253685E-10
   0.199300E+04   0.644653E-11   0.204549E-11  -0.247222E-10
   0.199400E+04   0.626345E-11   0.214687E-11  -0.240558E-10
   0.199500E+04   0.608101E-11   0.224545E-11  -0.233699E-10
   0.199600E+04   0.589927E-11   0.234118E-11  -0.226652E-10
   0.199700E+04   0.571833E-11   0.243397E-11  -0.219423E-10
   0.199800E+04   0.553824E-11   0.252374E-11  -0.212019E-10
   0.199900E+04   0.535907E-11   0.261045E-11  -0.204447E-10
   0.200000E+04   0.518090E-11   0.269400E-11  -0.196715E-10
   0.200100E+04   0.500378E-11   0.277435E-11  -0.188829E-10
   0.200200E+04   0.482777E-11   0.285144E-11  -0.180797E-10
   0.200300E+04   0.465292E-11   0.292520E-11  -0.172626E-10
   0.200400E+04   0.447930E-11   0.299559E-11  -0.164325E-10
   0.200500E+04   0.430693E-11   0.306255E-11  -0.155900E-10
   0.200600E+04   0.413588E-11   0.312605E-11  -0.147360E-10
   0.200700E+04   0.396618E-11   0.318602E-11  -0.138714E-10
   0.200800E+04   0.379786E-11   0.324244E-11  -0.129968E-10
   0.200900E+04   0.363096E-11   0.329527E-11  -0.121131E-10
   0.201000E+04   0.346551E-11   0.334447E-11  -0.112212E-10
   0.201100E+04   0.330154E-11   0.339002E-11  -0.103218E-10
   0.201200E+04   0.313906E-11   0.343188E-11  -0.941591E-11
   0.201300E+04   0.297811E-11   0.347005E-11  -0.850424E-11
   0.201400E+04   0.281869E-11   0.350448E-11  -0.758770E-11
   0.201500E+04   0.266081E-11   0.353518E-11  -0.666713E-11
   0.201600E+04   0.250450E-11   0.356213E-11  -0.574340E-11
   0.201700E+04   0.234974E-11   0.358532E-11  -0.481736E-11
   0.201800E+04   0.219654E-11   0.360474E-11  -0.388989E-11
   0.201900E+04   0.204491E-11   0.362040E-11  -0.296185E-11
   0.202000E+04   0.189483E-11   0.363229E-11  -0.203411E-11
   0.202100E+04   0.174630E-11   0.364042E-11  -0.110753E-11
   0.202200E+04   0.159931E-11   0.364481E-11  -0.182978E-12
   0.202300E+04   0.145384E-11   0.364545E-11   0.738684E-12
   0.202400E+04   0.130988E-11   0.364237E-11   0.165660E-11
   0.202500E+04   0.116740E-11   0.363559E-11   0.256990E-11
   0.202600E+04   0.102639E-11   0.362513E-11   0.347775E-11
   0.202700E+04   0.886809E-12   0.361101E-11   0.437929E-11
   0.202800E+04   0.748636E-12   0.359328E-11   0.527369E-11
   0.202900E+04   0.611839E-12   0.357195E-11   0.616012E-11
   0.203000E+04   0.476381E-12   0.354707E-11   0.703774E-11
   0.203100E+04   0.342227E-12   0.351867E-11   0.790573E-11
   0.203200E+04   0.209337E-12   0.348680E-11   0.876330E-11
   0.203300E+04   0.776685E-13   0.345151E-11   0.960964E-11
   0.203400E+04  -0.528220E-13   0.341284E-11   0.104440E-10
   0.203500E+04  -0.182181E-12   0.337084E-11   0.112655E-10
   0.203600E+04  -0.310457E-12   0.332558E-11   0.120735E-10
   0.203700E+04  -0.437700E-12   0.327711E-11   0.128672E-10
   0.203800E+04  -0.563962E-12   0.322549E-11   0.136458E-10
   0.203900E+04  -0.689298E-12   0.317079E-11   0.144086E-10
   0.204000E+04  -0.813762E-12   0.311306E-11   0.151550E-10
   0.204100E+04  -0.937412E-12   0.305240E-11   0.158842E-10
   0.204200E+04  -0.106031E-11   0.298885E-11   0.165956E-10
   0.204300E+04  -0.118251E-11   0.292251E-11   0.172885E-10
   0.204400E+04  -0.130407E-11   0.285344E-11   0.179622E-10
   0.204500E+04  -0.142506E-11   0.278174E-11   0.186161E-10
   0.204600E+04  -0.154554E-11   0.270747E-11   0.192497E-10
   0.204700E+04  -0.166557E-11   0.263073E-11   0.198623E-10
   0.204800E+04  -0.178522E-11   0.255160E-11   0.204533E-10
   0.204900E+04  -0.190456E-11   0.247017E-11   0.210223E-10
   0.205000E+04  -0.202364E-11   0.238654E-11   0.215687E-10
   0.205100E+04  -0.214253E-11   0.230079E-11   0.220920E-10
   0.205200E+04  -0.226130E-11   0.221302E-11   0.225917E-10
   0.205300E+04  -0.238002E-11   0.212333E-11   0.230674E-10
   0.205400E+04  -0.249874E-11   0.203182E-11   0.235186E-10
   0.205500E+04  -0.261754E-11   0.193858E-11   0.239449E-10
   0.205600E+04  -0.273648E-11   0.184372E-11   0.243459E-10
   0.205700E+04  -0.285562E-11   0.174734E-11   0.247212E-10
   0.205800E+04  -0.297502E-11   0.164954E-11   0.250706E-10
   0.205900E+04  -0.309476E-11   0.155044E-11   0.253937E-10
   0.206000E+04  -0.321488E-11   0.145013E-11   0.256901E-10
   0.206100E+04  -0.333546E-11   0.134872E-11   0.259598E-10
   0.206200E+04  -0.345654E-11   0.124633E-11   0.262023E-10
   0.206300E+04  -0.357820E-11   0.114306E-11   0.264175E-10
   0.206400E+04  -0.370048E-11   0.103902E-11   0.266052E-10
   0.206500E+04  -0.382344E-11   0.934321E-12   0.267652E-10
   0.206600E+04  -0.394713E-11   0.829076E-12   0.268975E-10
   0.206700E+04  -0.407161E-11   0.723394E-12   0.270018E-10
   0.206800E+04  -0.419692E-11   0.617388E-12   0.270781E-10
   0.206900E+04  -0.432311E-11   0.511168E-12   0.271264E-10
   0.207000E+04  -0.445023E-11   0.404847E-12   0.271467E-10
   0.207100E+04  -0.457832E-11   0.298535E-12   0.271388E-10
   0.207200E+04  -0.470742E-11   0.192345E-12   0.271029E-10
   0.207300E+04  -0.483757E-11   0.863870E-13   0.270391E-10
   0.207400E+04  -0.496880E-11  -0.192279E-13   0.269473E-10
   0.207500E+04  -0.510115E-11  -0.124390E-12   0.268276E-10
   0.207600E+04  -0.523464E-11  -0.228989E-12   0.266804E-10
   0.207700E+04  -0.536931E-11  -0.332916E-12   0.265056E-10
   0.207800E+04  -0.550517E-11  -0.436064E-12   0.263034E-10
   0.207900E+04  -0.564225E-11  -0.538325E-12   0.260742E-10
   0.208000E+04  -0.578056E-11  -0.639593E-12   0.258181E-10
   0.208100E+04  -0.592012E-11  -0.739763E-12   0.255353E-10
   0.208200E+04  -0.606094E-11  -0.838732E-12   0.252263E-10
   0.208300E+04  -0.620303E-11  -0.936397E-12   0.248912E-10
   0.208400E+04  -0.634638E-11  -0.103266E-11   0.245305E-10
   0.208500E+04  -0.649101E-11  -0.112741E-11   0.241445E-10
   0.208600E+04  -0.663690E-11  -0.122056E-11   0.237335E-10
   0.208700E+04  -0.678406E-11  -0.131202E-11   0.232981E-10
   0.208800E+04  -0.693246E-11  -0.140168E-11   0.228386E-10
   0.208900E+04  -0.708209E-11  -0.148946E-11   0.223556E-10
   0.209000E+04  -0.723294E-11  -0.157526E-11   0.218494E-10
   0.209100E+04  -0.738498E-11  -0.165899E-11   0.213206E-10
   0.209200E+04  -0.753819E-11  -0.174058E-11   0.207698E-10
   0.209300E+04  -0.769253E-11  -0.181993E-11   0.201975E-10
   0.209400E+04  -0.784798E-11  -0.189696E-11   0.196042E-10
   0.209500E+04  -0.800448E-11  -0.197160E-11   0.189905E-10
   0.209600E+04  -0.816200E-11  -0.204377E-11   0.183572E-10
   0.209700E+04  -0.832050E-11  -0.211339E-11   0.177047E-10
   0.209800E+04  -0.847992E-11  -0.218039E-11   0.170338E-10
   0.209900E+04  -0.864020E-11  -0.224470E-11   0.163451E-10
   0.210000E+04  -0.880129E-11  -0.230626E-11   0.156393E-10
   0.210100E+04  -0.896313E-11  -0.236500E-11   0.149172E-10
   0.210200E+04  -0.912564E-11  -0.242087E-11   0.141794E-10
   0.210300E+04  -0.928876E-11  -0.247380E-11   0.134266E-10
   0.210400E+04  -0.945242E-11  -0.252374E-11   0.126597E-10
   0.210500E+04  -0.961652E-11  -0.257064E-11   0.118794E-10
   0.210600E+04  -0.978099E-11  -0.261445E-11   0.110864E-10
   0.210700E+04  -0.994575E-11  -0.265512E-11   0.102816E-10
   0.210800E+04  -0.101107E-10  -0.269262E-11   0.946581E-11
   0.210900E+04  -0.102757E-10  -0.272690E-11   0.863978E-11
   0.211000E+04  -0.104408E-10  -0.275793E-11   0.780438E-11
   0.211100E+04  -0.106057E-10  -0.278567E-11   0.696042E-11
   0.211200E+04  -0.107705E-10  -0.281011E-11   0.610877E-11
   0.211300E+04  -0.109349E-10  -0.283120E-11   0.525027E-11
   0.211400E+04  -0.110989E-10  -0.284893E-11   0.438578E-11
   0.211500E+04  -0.112623E-10  -0.286328E-11   0.351618E-11
   0.211600E+04  -0.114251E-10  -0.287424E-11   0.264234E-11
   0.211700E+04  -0.115870E-10  -0.288179E-11   0.176513E-11
   0.211800E+04  -0.117481E-10  -0.288593E-11   0.885439E-12
   0.211900E+04  -0.119081E-10  -0.288664E-11   0.415355E-14
   0.212000E+04  -0.120670E-10  -0.288393E-11  -0.877838E-12
   0.212100E+04  -0.122245E-10  -0.287780E-11  -0.175965E-11
   0.212200E+04  -0.123806E-10  -0.286826E-11  -0.264038E-11
   0.212300E+04  -0.125351E-10  -0.285531E-11  -0.351915E-11
   0.212400E+04  -0.126878E-10  -0.283897E-11  -0.439506E-11
   0.212500E+04  -0.128387E-10  -0.281924E-11  -0.526724E-11
   0.212600E+04  -0.129876E-10  -0.279616E-11  -0.613478E-11
   0.212700E+04  -0.131343E-10  -0.276975E-11  -0.699682E-11
   0.212800E+04  -0.132787E-10  -0.274002E-11  -0.785247E-11
   0.212900E+04  -0.134206E-10  -0.270701E-11  -0.870086E-11
   0.213000E+04  -0.135599E-10  -0.267076E-11  -0.954113E-11
   0.213100E+04  -0.136964E-10  -0.263129E-11  -0.103724E-10
   0.213200E+04  -0.138299E-10  -0.258865E-11  -0.111939E-10
   0.213300E+04  -0.139603E-10  -0.254288E-11  -0.120047E-10
   0.213400E+04  -0.140875E-10  -0.249402E-11  -0.128039E-10
   0.213500E+04  -0.142113E-10  -0.244213E-11  -0.135909E-10
   0.213600E+04  -0.143315E-10  -0.238726E-11  -0.143647E-10
   0.213700E+04  -0.144479E-10  -0.232946E-11  -0.151245E-10
   0.213800E+04  -0.145605E-10  -0.226879E-11  -0.158697E-10
   0.213900E+04  -0.146689E-10  -0.220531E-11  -0.165993E-10
   0.214000E+04  -0.147731E-10  -0.213908E-11  -0.173127E-10
   0.214100E+04  -0.148730E-10  -0.207018E-11  -0.180091E-10
   0.214200E+04  -0.149683E-10  -0.199866E-11  -0.186877E-10
   0.214300E+04  -0.150588E-10  -0.192461E-11  -0.193479E-10
   0.214400E+04  -0.151445E-10  -0.184810E-11  -0.199889E-10
   0.214500E+04  -0.152252E-10  -0.176921E-11  -0.206102E-10
   0.214600E+04  -0.153006E-10  -0.168801E-11  -0.212109E-10
   0.214700E+04  -0.153708E-10  -0.160460E-11  -0.217906E-10
   0.214800E+04  -0.154353E-10  -0.151904E-11  -0.223485E-10
   0.214900E+04  -0.154943E-10  -0.143144E-11  -0.228840E-10
   0.215000E+04  -0.155474E-10  -0.134187E-11  -0.233967E-10
   0.215100E+04  -0.155945E-10  -0.125044E-11  -0.238859E-10
   0.215200E+04  -0.156355E-10  -0.115723E-11  -0.243510E-10
   0.215300E+04  -0.156703E-10  -0.106234E-11  -0.247917E-10
   0.215400E+04  -0.156986E-10  -0.965866E-12  -0.252073E-10
   0.215500E+04  -0.157204E-10  -0.867909E-12  -0.255975E-10
   0.215600E+04  -0.157355E-10  -0.768567E-12  -0.259617E-10
   0.215700E+04  -0.157438E-10  -0.667943E-12  -0.262997E-10
   0.215800E+04  -0.157451E-10  -0.566141E-12  -0.266109E-10
   0.215900E+04  -0.157394E-10  -0.463263E-12  -0.268950E-10
   0.216000E+04  -0.157264E-10  -0.359418E-12  -0.271517E-10
   0.216100E+04  -0.157060E-10  -0.254711E-12  -0.273806E-10
   0.216200E+04  -0.156783E-10  -0.149252E-12  -0.275815E-10
   0.216300E+04  -0.156429E-10  -0.431477E-13  -0.277541E-10
   0.216400E+04  -0.155999E-10   0.634906E-13  -0.278983E-10
   0.216500E+04  -0.155491E-10   0.170553E-12  -0.280136E-10
   0.216600E+04  -0.154904E-10   0.277927E-12  -0.281001E-10
   0.216700E+04  -0.154238E-10   0.385503E-12  -0.281575E-10
   0.216800E+04  -0.153490E-10   0.493168E-12  -0.281858E-10
   0.216900E+04  -0.152661E-10   0.600809E-12  -0.281848E-10
   0.217000E+04  -0.151750E-10   0.708314E-12  -0.281544E-10
   0.217100E+04  -0.150756E-10   0.815572E-12  -0.280947E-10
   0.217200E+04  -0.149677E-10   0.922468E-12  -0.280056E-10
   0.217300E+04  -0.148515E-10   0.102889E-11  -0.278872E-10
   0.217400E+04  -0.147267E-10   0.113473E-11  -0.277394E-10
   0.217500E+04  -0.145933E-10   0.123987E-11  -0.275625E-10
   0.217600E+04  -0.144514E-10   0.134420E-11  -0.273564E-10
   0.217700E+04  -0.143008E-10   0.144762E-11  -0.271213E-10
   0.217800E+04  -0.141415E-10   0.155001E-11  -0.268574E-10
   0.217900E+04  -0.139735E-10   0.165126E-11  -0.265649E-10
   0.218000E+04  -0.137968E-10   0.175126E-11  -0.262440E-10
   0.218100E+04  -0.136113E-10   0.184991E-11  -0.258949E-10
   0.218200E+04  -0.134171E-10   0.194710E-11  -0.255180E-10
   0.218300E+04  -0.132141E-10   0.204273E-11  -0.251135E-10
   0.218400E+04  -0.130024E-10   0.213670E-11  -0.246817E-10
   0.218500E+04  -0.127819E-10   0.222889E-11  -0.242231E-10
   0.218600E+04  -0.125526E-10   0.231922E-11  -0.237380E-10
   0.218700E+04  -0.123147E-10   0.240757E-11  -0.232268E-10
   0.218800E+04  -0.120681E-10   0.249387E-11  -0.226900E-10
   0.218900E+04  -0.118129E-10   0.257800E-11  -0.221280E-10
   0.219000E+04  -0.115491E-10   0.265988E-11  -0.215413E-10
   0.219100E+04  -0.112768E-10   0.273942E-11  -0.209304E-10
   0.219200E+04  -0.109960E-10   0.281653E-11  -0.202959E-10
   0.219300E+04  -0.107068E-10   0.289111E-11  -0.196384E-10
   0.219400E+04  -0.104093E-10   0.296309E-11  -0.189584E-10
   0.219500E+04  -0.101036E-10   0.303239E-11  -0.182565E-10
   0.219600E+04  -0.978969E-11   0.309892E-11  -0.175334E-10
   0.219700E+04  -0.946774E-11   0.316261E-11  -0.167897E-10
   0.219800E+04  -0.913785E-11   0.322338E-11  -0.160261E-10
   0.219900E+04  -0.880013E-11   0.328116E-11  -0.152434E-10
   0.220000E+04  -0.845469E-11   0.333588E-11  -0.144421E-10
   0.220100E+04  -0.810166E-11   0.338748E-11  -0.136231E-10
   0.220200E+04  -0.774118E-11   0.343590E-11  -0.127871E-10
   0.220300E+04  -0.737339E-11   0.348106E-11  -0.119349E-10
   0.220400E+04  -0.699843E-11   0.352293E-11  -0.110673E-10
   0.220500E+04  -0.661646E-11   0.356143E-11  -0.101851E-10
   0.220600E+04  -0.622765E-11   0.359653E-11  -0.928906E-11
   0.220700E+04  -0.583216E-11   0.362817E-11  -0.838009E-11
   0.220800E+04  -0.543016E-11   0.365631E-11  -0.745902E-11
   0.220900E+04  -0.502185E-11   0.368090E-11  -0.652672E-11
   0.221000E+04  -0.460741E-11   0.370192E-11  -0.558407E-11
   0.221100E+04  -0.418704E-11   0.371932E-11  -0.463197E-11
   0.221200E+04  -0.376094E-11   0.373309E-11  -0.367131E-11
   0.221300E+04  -0.332931E-11   0.374317E-11  -0.270301E-11
   0.221400E+04  -0.289238E-11   0.374957E-11  -0.172799E-11
   0.221500E+04  -0.245037E-11   0.375225E-11  -0.747182E-12
   0.221600E+04  -0.200349E-11   0.375119E-11   0.238472E-12
   0.221700E+04  -0.155200E-11   0.374640E-11   0.122803E-11
   0.221800E+04  -0.109612E-11   0.373785E-11   0.222053E-11
   0.221900E+04  -0.636099E-12   0.372553E-11   0.321503E-11
   0.222000E+04  -0.172190E-12   0.370946E-11   0.421057E-11
   0.222100E+04   0.295354E-12   0.368963E-11   0.520617E-11
   0.222200E+04   0.766272E-12   0.366604E-11   0.620088E-11
   0.222300E+04   0.124030E-11   0.363870E-11   0.719372E-11
   0.222400E+04   0.171716E-11   0.360763E-11   0.818372E-11
   0.222500E+04   0.219659E-11   0.357285E-11   0.916993E-11
   0.222600E+04   0.267830E-11   0.353436E-11   0.101514E-10
   0.222700E+04   0.316201E-11   0.349220E-11   0.111271E-10
   0.222800E+04   0.364744E-11   0.344640E-11   0.120961E-10
   0.222900E+04   0.413429E-11   0.339697E-11   0.130575E-10
   0.223000E+04   0.462226E-11   0.334397E-11   0.140103E-10
   0.223100E+04   0.511106E-11   0.328742E-11   0.149535E-10
   0.223200E+04   0.560040E-11   0.322736E-11   0.158863E-10
   0.223300E+04   0.608995E-11   0.316385E-11   0.168076E-10
   0.223400E+04   0.657942E-11   0.309693E-11   0.177166E-10
   0.223500E+04   0.706849E-11   0.302665E-11   0.186124E-10
   0.223600E+04   0.755686E-11   0.295306E-11   0.194940E-10
   0.223700E+04   0.804421E-11   0.287623E-11   0.203606E-10
   0.223800E+04   0.853022E-11   0.279622E-11   0.212113E-10
   0.223900E+04   0.901458E-11   0.271309E-11   0.220453E-10
   0.224000E+04   0.949697E-11   0.262690E-11   0.228615E-10
   0.224100E+04   0.997707E-11   0.253774E-11   0.236594E-10
   0.224200E+04   0.104546E-10   0.244566E-11   0.244379E-10
   0.224300E+04   0.109291E-10   0.235076E-11   0.251964E-10
   0.224400E+04   0.114004E-10   0.225311E-11   0.259340E-10
   0.224500E+04   0.118681E-10   0.215280E-11   0.266500E-10
   0.224600E+04   0.123320E-10   0.204990E-11   0.273436E-10
   0.224700E+04   0.127916E-10   0.194451E-11   0.280141E-10
   0.224800E+04   0.132467E-10   0.183672E-11   0.286608E-10
   0.224900E+04   0.136969E-10   0.172661E-11   0.292829E-10
   0.225000E+04   0.141419E-10   0.161430E-11   0.298799E-10
   0.225100E+04   0.145815E-10   0.149987E-11   0.304511E-10
   0.225200E+04   0.150152E-10   0.138343E-11   0.309958E-10
   0.225300E+04   0.154428E-10   0.126507E-11   0.315136E-10
   0.225400E+04   0.158641E-10   0.114491E-11   0.320037E-10
   0.225500E+04   0.162785E-10   0.102304E-11   0.324656E-10
   0.225600E+04   0.166860E-10   0.899584E-12   0.328989E-10
   0.225700E+04   0.170860E-10   0.774644E-12   0.333031E-10
   0.225800E+04   0.174785E-10   0.648334E-12   0.336776E-10
   0.225900E+04   0.178630E-10   0.520766E-12   0.340220E-10
   0.226000E+04   0.182393E-10   0.392057E-12   0.343359E-10
   0.226100E+04   0.186071E-10   0.262321E-12   0.346190E-10
   0.226200E+04   0.189661E-10   0.131678E-12   0.348708E-10
   0.226300E+04   0.193160E-10   0.244469E-15   0.350911E-10
   0.226400E+04   0.196565E-10  -0.131859E-12   0.352795E-10
   0.226500E+04   0.199875E-10  -0.264511E-12   0.354358E-10
   0.226600E+04   0.203086E-10  -0.397591E-12   0.355597E-10
   0.226700E+04   0.206195E-10  -0.530977E-12   0.356511E-10
   0.226800E+04   0.209201E-10  -0.664546E-12   0.357097E-10
   0.226900E+04   0.212100E-10  -0.798174E-12   0.357354E-10
   0.227000E+04   0.214891E-10  -0.931739E-12   0.357280E-10
   0.227100E+04   0.217571E-10  -0.106512E-11   0.356876E-10
   0.227200E+04   0.220137E-10  -0.119818E-11   0.356140E-10
   0.227300E+04   0.222588E-10  -0.133081E-11   0.355072E-10
   0.227400E+04   0.224922E-10  -0.146288E-11   0.353672E-10
   0.227500E+04   0.227136E-10  -0.159427E-11   0.351941E-10
   0.227600E+04   0.229228E-10  -0.172485E-11   0.349879E-10
   0.227700E+04   0.231197E-10  -0.185451E-11   0.347488E-10
   0.227800E+04   0.233041E-10  -0.198311E-11   0.344768E-10
   0.227900E+04   0.234758E-10  -0.211054E-11   0.341721E-10
   0.228000E+04   0.236346E-10  -0.223668E-11   0.338350E-10
   0.228100E+04   0.237804E-10  -0.236141E-11   0.334656E-10
   0.228200E+04   0.239130E-10  -0.248460E-11   0.330642E-10
   0.228300E+04   0.240323E-10  -0.260615E-11   0.326312E-10
   0.228400E+04   0.241382E-10  -0.272593E-11   0.321667E-10
   0.228500E+04   0.242305E-10  -0.284383E-11   0.316713E-10
   0.228600E+04   0.243092E-10  -0.295974E-11   0.311451E-10
   0.228700E+04   0.243741E-10  -0.307355E-11   0.305888E-10
   0.228800E+04   0.244251E-10  -0.318514E-11   0.300026E-10
   0.228900E+04   0.244622E-10  -0.329441E-11   0.293871E-10
   0.229000E+04   0.244853E-10  -0.340125E-11   0.287428E-10
   0.229100E+04   0.244943E-10  -0.350555E-11   0.280701E-10
   0.229200E+04   0.244891E-10  -0.360722E-11   0.273697E-10
   0.229300E+04   0.244698E-10  -0.370616E-11   0.266421E-10
   0.229400E+04   0.244362E-10  -0.380227E-11   0.258880E-10
   0.229500E+04   0.243884E-10  -0.389544E-11   0.251079E-10
   0.229600E+04   0.243264E-10  -0.398560E-11   0.243026E-10
   0.229700E+04   0.242501E-10  -0.407265E-11   0.234727E-10
   0.229800E+04   0.241595E-10  -0.415650E-11   0.226188E-10
   0.229900E+04   0.240548E-10  -0.423707E-11   0.217419E-10
   0.230000E+04   0.239358E-10  -0.431428E-11   0.208426E-10
   0.230100E+04   0.238026E-10  -0.438804E-11   0.199216E-10
   0.230200E+04   0.236553E-10  -0.445829E-11   0.189799E-10
   0.230300E+04   0.234940E-10  -0.452495E-11   0.180181E-10
   0.230400E+04   0.233186E-10  -0.458795E-11   0.170373E-10
   0.230500E+04   0.231294E-10  -0.464722E-11   0.160381E-10
   0.230600E+04   0.229263E-10  -0.470271E-11   0.150216E-10
   0.230700E+04   0.227094E-10  -0.475435E-11   0.139886E-10
   0.230800E+04   0.224790E-10  -0.480209E-11   0.129400E-10
   0.230900E+04   0.222351E-10  -0.484588E-11   0.118768E-10
   0.231000E+04   0.219777E-10  -0.488566E-11   0.107998E-10
   0.231100E+04   0.217072E-10  -0.492139E-11   0.971022E-11
   0.231200E+04   0.214235E-10  -0.495303E-11   0.860886E-11
   0.231300E+04   0.211270E-10  -0.498054E-11   0.749675E-11
   0.231400E+04   0.208177E-10  -0.500389E-11   0.637490E-11
   0.231500E+04   0.204958E-10  -0.502304E-11   0.524433E-11
   0.231600E+04   0.201615E-10  -0.503798E-11   0.410605E-11
   0.231700E+04   0.198150E-10  -0.504868E-11   0.296112E-11
   0.231800E+04   0.194565E-10  -0.505511E-11   0.181057E-11
   0.231900E+04   0.190863E-10  -0.505727E-11   0.655454E-12
   0.232000E+04   0.187045E-10  -0.505514E-11  -0.503168E-12
   0.232100E+04   0.183114E-10  -0.504872E-11  -0.166423E-11
   0.232200E+04   0.179073E-10  -0.503801E-11  -0.282668E-11
   0.232300E+04   0.174923E-10  -0.502299E-11  -0.398942E-11
   0.232400E+04   0.170668E-10  -0.500369E-11  -0.515139E-11
   0.232500E+04   0.166309E-10  -0.498011E-11  -0.631152E-11
   0.232600E+04   0.161851E-10  -0.495225E-11  -0.746873E-11
   0.232700E+04   0.157295E-10  -0.492014E-11  -0.862193E-11
   0.232800E+04   0.152644E-10  -0.488380E-11  -0.977007E-11
   0.232900E+04   0.147903E-10  -0.484326E-11  -0.109121E-10
   0.233000E+04   0.143072E-10  -0.479853E-11  -0.120468E-10
   0.233100E+04   0.138157E-10  -0.474966E-11  -0.131733E-10
   0.233200E+04   0.133159E-10  -0.469668E-11  -0.142905E-10
   0.233300E+04   0.128083E-10  -0.463963E-11  -0.153973E-10
   0.233400E+04   0.122931E-10  -0.457856E-11  -0.164927E-10
   0.233500E+04   0.117706E-10  -0.451350E-11  -0.175756E-10
   0.233600E+04   0.112413E-10  -0.444452E-11  -0.186450E-10
   0.233700E+04   0.107055E-10  -0.437167E-11  -0.197000E-10
   0.233800E+04   0.101635E-10  -0.429500E-11  -0.207394E-10
   0.233900E+04   0.961571E-11  -0.421459E-11  -0.217623E-10
   0.234000E+04   0.906245E-11  -0.413049E-11  -0.227678E-10
   0.234100E+04   0.850410E-11  -0.404277E-11  -0.237548E-10
   0.234200E+04   0.794104E-11  -0.395152E-11  -0.247225E-10
   0.234300E+04   0.737364E-11  -0.385679E-11  -0.256698E-10
   0.234400E+04   0.680229E-11  -0.375868E-11  -0.265960E-10
   0.234500E+04   0.622735E-11  -0.365727E-11  -0.275000E-10
   0.234600E+04   0.564923E-11  -0.355263E-11  -0.283810E-10
   0.234700E+04   0.506830E-11  -0.344487E-11  -0.292382E-10
   0.234800E+04   0.448496E-11  -0.333407E-11  -0.300707E-10
   0.234900E+04   0.389960E-11  -0.322033E-11  -0.308777E-10
   0.235000E+04   0.331260E-11  -0.310374E-11  -0.316585E-10
   0.235100E+04   0.272438E-11  -0.298441E-11  -0.324121E-10
   0.235200E+04   0.213532E-11  -0.286244E-11  -0.331380E-10
   0.235300E+04   0.154581E-11  -0.273793E-11  -0.338354E-10
   0.235400E+04   0.956269E-12  -0.261099E-11  -0.345035E-10
   0.235500E+04   0.367080E-12  -0.248174E-11  -0.351418E-10
   0.235600E+04  -0.221358E-12  -0.235028E-11  -0.357495E-10
   0.235700E+04  -0.808646E-12  -0.221673E-11  -0.363261E-10
   0.235800E+04  -0.139439E-11  -0.208121E-11  -0.368710E-10
   0.235900E+04  -0.197819E-11  -0.194383E-11  -0.373836E-10
   0.236000E+04  -0.255966E-11  -0.180472E-11  -0.378634E-10
   0.236100E+04  -0.313840E-11  -0.166400E-11  -0.383099E-10
   0.236200E+04  -0.371402E-11  -0.152179E-11  -0.387226E-10
   0.236300E+04  -0.428614E-11  -0.137823E-11  -0.391011E-10
   0.236400E+04  -0.485438E-11  -0.123342E-11  -0.394450E-10
   0.236500E+04  -0.541834E-11  -0.108751E-11  -0.397538E-10
   0.236600E+04  -0.597765E-11  -0.940623E-12  -0.400274E-10
   0.236700E+04  -0.653194E-11  -0.792889E-12  -0.402653E-10
   0.236800E+04  -0.708083E-11  -0.644439E-12  -0.404673E-10
   0.236900E+04  -0.762396E-11  -0.495405E-12  -0.406331E-10
   0.237000E+04  -0.816096E-11  -0.345921E-12  -0.407625E-10
   0.237100E+04  -0.869148E-11  -0.196119E-12  -0.408554E-10
   0.237200E+04  -0.921516E-11  -0.461335E-13  -0.409116E-10
   0.237300E+04  -0.973166E-11   0.103902E-12  -0.409309E-10
   0.237400E+04  -0.102406E-10   0.253853E-12  -0.409134E-10
   0.237500E+04  -0.107417E-10   0.403586E-12  -0.408590E-10
   0.237600E+04  -0.112347E-10   0.552966E-12  -0.407676E-10
   0.237700E+04  -0.117191E-10   0.701859E-12  -0.406393E-10
   0.237800E+04  -0.121946E-10   0.850132E-12  -0.404742E-10
   0.237900E+04  -0.126610E-10   0.997653E-12  -0.402723E-10
   0.238000E+04  -0.131180E-10   0.114429E-11  -0.400339E-10
   0.238100E+04  -0.135653E-10   0.128990E-11  -0.397590E-10
   0.238200E+04  -0.140025E-10   0.143437E-11  -0.394478E-10
   0.238300E+04  -0.144294E-10   0.157756E-11  -0.391007E-10
   0.238400E+04  -0.148457E-10   0.171935E-11  -0.387178E-10
   0.238500E+04  -0.152511E-10   0.185959E-11  -0.382994E-10
   0.238600E+04  -0.156455E-10   0.199818E-11  -0.378460E-10
   0.238700E+04  -0.160285E-10   0.213498E-11  -0.373579E-10
   0.238800E+04  -0.164000E-10   0.226987E-11  -0.368354E-10
   0.238900E+04  -0.167596E-10   0.240273E-11  -0.362790E-10
   0.239000E+04  -0.171072E-10   0.253343E-11  -0.356892E-10
   0.239100E+04  -0.174425E-10   0.266187E-11  -0.350665E-10
   0.239200E+04  -0.177654E-10   0.278792E-11  -0.344114E-10
   0.239300E+04  -0.180757E-10   0.291147E-11  -0.337245E-10
   0.239400E+04  -0.183731E-10   0.303241E-11  -0.330064E-10
   0.239500E+04  -0.186576E-10   0.315063E-11  -0.322576E-10
   0.239600E+04  -0.189289E-10   0.326603E-11  -0.314789E-10
   0.239700E+04  -0.191869E-10   0.337849E-11  -0.306709E-10
   0.239800E+04  -0.194315E-10   0.348792E-11  -0.298344E-10
   0.239900E+04  -0.196626E-10   0.359421E-11  -0.289700E-10
   0.240000E+04  -0.198799E-10   0.369728E-11  -0.280786E-10
   0.240100E+04  -0.200835E-10   0.379703E-11  -0.271609E-10
   0.240200E+04  -0.202731E-10   0.389336E-11  -0.262177E-10
   0.240300E+04  -0.204488E-10   0.398620E-11  -0.252500E-10
   0.240400E+04  -0.206105E-10   0.407546E-11  -0.242585E-10
   0.240500E+04  -0.207580E-10   0.416105E-11  -0.232442E-10
   0.240600E+04  -0.208914E-10   0.424291E-11  -0.222080E-10
   0.240700E+04  -0.210105E-10   0.432095E-11  -0.211507E-10
   0.240800E+04  -0.211154E-10   0.439511E-11  -0.200735E-10
   0.240900E+04  -0.212061E-10   0.446532E-11  -0.189771E-10
   0.241000E+04  -0.212824E-10   0.453151E-11  -0.178627E-10
   0.241100E+04  -0.213445E-10   0.459364E-11  -0.167313E-10
   0.241200E+04  -0.213924E-10   0.465163E-11  -0.155838E-10
   0.241300E+04  -0.214260E-10   0.470545E-11  -0.144213E-10
   0.241400E+04  -0.214454E-10   0.475504E-11  -0.132450E-10
   0.241500E+04  -0.214507E-10   0.480037E-11  -0.120558E-10
   0.241600E+04  -0.214418E-10   0.484138E-11  -0.108549E-10
   0.241700E+04  -0.214190E-10   0.487804E-11  -0.964337E-11
   0.241800E+04  -0.213822E-10   0.491032E-11  -0.842231E-11
   0.241900E+04  -0.213315E-10   0.493820E-11  -0.719286E-11
   0.242000E+04  -0.212671E-10   0.496165E-11  -0.595616E-11
   0.242100E+04  -0.211890E-10   0.498066E-11  -0.471335E-11
   0.242200E+04  -0.210973E-10   0.499519E-11  -0.346558E-11
   0.242300E+04  -0.209923E-10   0.500525E-11  -0.221402E-11
   0.242400E+04  -0.208740E-10   0.501083E-11  -0.959816E-12
   0.242500E+04  -0.207426E-10   0.501192E-11   0.295854E-12
   0.242600E+04  -0.205982E-10   0.500853E-11   0.155182E-11
   0.242700E+04  -0.204411E-10   0.500065E-11   0.280692E-11
   0.242800E+04  -0.202713E-10   0.498831E-11   0.405997E-11
   0.242900E+04  -0.200892E-10   0.497152E-11   0.530981E-11
   0.243000E+04  -0.198948E-10   0.495028E-11   0.655525E-11
   0.243100E+04  -0.196884E-10   0.492463E-11   0.779514E-11
   0.243200E+04  -0.194702E-10   0.489459E-11   0.902831E-11
   0.243300E+04  -0.192404E-10   0.486019E-11   0.102536E-10
   0.243400E+04  -0.189993E-10   0.482147E-11   0.114699E-10
   0.243500E+04  -0.187471E-10   0.477847E-11   0.126759E-10
   0.243600E+04  -0.184840E-10   0.473122E-11   0.138707E-10
   0.243700E+04  -0.182104E-10   0.467977E-11   0.150530E-10
   0.243800E+04  -0.179264E-10   0.462418E-11   0.162217E-10
   0.243900E+04  -0.176324E-10   0.456450E-11   0.173758E-10
   0.244000E+04  -0.173286E-10   0.450079E-11   0.185141E-10
   0.244100E+04  -0.170152E-10   0.443310E-11   0.196355E-10
   0.244200E+04  -0.166927E-10   0.436151E-11   0.207390E-10
   0.244300E+04  -0.163613E-10   0.428609E-11   0.218236E-10
   0.244400E+04  -0.160212E-10   0.420690E-11   0.228881E-10
   0.244500E+04  -0.156729E-10   0.412403E-11   0.239316E-10
   0.244600E+04  -0.153166E-10   0.403755E-11   0.249531E-10
   0.244700E+04  -0.149526E-10   0.394756E-11   0.259516E-10
   0.244800E+04  -0.145813E-10   0.385412E-11   0.269261E-10
   0.244900E+04  -0.142030E-10   0.375735E-11   0.278757E-10
   0.245000E+04  -0.138180E-10   0.365732E-11   0.287995E-10
   0.245100E+04  -0.134266E-10   0.355413E-11   0.296966E-10
   0.245200E+04  -0.130293E-10   0.344790E-11   0.305661E-10
   0.245300E+04  -0.126263E-10   0.333870E-11   0.314071E-10
   0.245400E+04  -0.122180E-10   0.322666E-11   0.322190E-10
   0.245500E+04  -0.118048E-10   0.311188E-11   0.330008E-10
   0.245600E+04  -0.113869E-10   0.299447E-11   0.337518E-10
   0.245700E+04  -0.109648E-10   0.287454E-11   0.344713E-10
   0.245800E+04  -0.105388E-10   0.275221E-11   0.351586E-10
   0.245900E+04  -0.101093E-10   0.262760E-11   0.358129E-10
   0.246000E+04  -0.967655E-11   0.250082E-11   0.364337E-10
   0.246100E+04  -0.924102E-11   0.237199E-11   0.370203E-10
   0.246200E+04  -0.880303E-11   0.224125E-11   0.375722E-10
   0.246300E+04  -0.836294E-11   0.210871E-11   0.380888E-10
   0.246400E+04  -0.792112E-11   0.197450E-11   0.385695E-10
   0.246500E+04  -0.747793E-11   0.183876E-11   0.390139E-10
   0.246600E+04  -0.703372E-11   0.170160E-11   0.394216E-10
   0.246700E+04  -0.658884E-11   0.156317E-11   0.397921E-10
   0.246800E+04  -0.614367E-11   0.142359E-11   0.401250E-10
   0.246900E+04  -0.569855E-11   0.128300E-11   0.404200E-10
   0.247000E+04  -0.525384E-11   0.114154E-11   0.406768E-10
   0.247100E+04  -0.480988E-11   0.999330E-12   0.408951E-10
   0.247200E+04  -0.436704E-11   0.856517E-12   0.410746E-10
   0.247300E+04  -0.392564E-11   0.713236E-12   0.412152E-10
   0.247400E+04  -0.348604E-11   0.569623E-12   0.413167E-10
   0.247500E+04  -0.304857E-11   0.425816E-12   0.413790E-10
   0.247600E+04  -0.261357E-11   0.281952E-12   0.414019E-10
   0.247700E+04  -0.218137E-11   0.138169E-12   0.413855E-10
   0.247800E+04  -0.175230E-11  -0.539654E-14   0.413296E-10
   0.247900E+04  -0.132667E-11  -0.148607E-12   0.412344E-10
   0.248000E+04  -0.904818E-12  -0.291325E-12   0.410998E-10
   0.248100E+04  -0.487039E-12  -0.433415E-12   0.409260E-10
   0.248200E+04  -0.736465E-13  -0.574741E-12   0.407131E-10
   0.248300E+04   0.335059E-12  -0.715168E-12   0.404613E-10
   0.248400E+04   0.738782E-12  -0.854563E-12   0.401707E-10
   0.248500E+04   0.113723E-11  -0.992793E-12   0.398416E-10
   0.248600E+04   0.153013E-11  -0.112972E-11   0.394744E-10
   0.248700E+04   0.191720E-11  -0.126523E-11   0.390692E-10
   0.248800E+04   0.229816E-11  -0.139918E-11   0.386266E-10
   0.248900E+04   0.267276E-11  -0.153144E-11   0.381467E-10
   0.249000E+04   0.304075E-11  -0.166189E-11   0.376302E-10
   0.249100E+04   0.340187E-11  -0.179041E-11   0.370774E-10
   0.249200E+04   0.375588E-11  -0.191688E-11   0.364888E-10
   0.249300E+04   0.410256E-11  -0.204116E-11   0.358650E-10
   0.249400E+04   0.444168E-11  -0.216316E-11   0.352066E-10
   0.249500E+04   0.477301E-11  -0.228274E-11   0.345141E-10
   0.249600E+04   0.509637E-11  -0.239980E-11   0.337881E-10
   0.249700E+04   0.541153E-11  -0.251423E-11   0.330293E-10
   0.249800E+04   0.571833E-11  -0.262592E-11   0.322385E-10
   0.249900E+04   0.601657E-11  -0.273475E-11   0.314163E-10
   0.250000E+04   0.630608E-11  -0.284064E-11   0.305636E-10
   0.250100E+04   0.658670E-11  -0.294348E-11   0.296810E-10
   0.250200E+04   0.685827E-11  -0.304317E-11   0.287695E-10
   0.250300E+04   0.712066E-11  -0.313963E-11   0.278298E-10
   0.250400E+04   0.737371E-11  -0.323275E-11   0.268628E-10
   0.250500E+04   0.761732E-11  -0.332245E-11   0.258695E-10
   0.250600E+04   0.785136E-11  -0.340866E-11   0.248507E-10
   0.250700E+04   0.807572E-11  -0.349128E-11   0.238075E-10
   0.250800E+04   0.829031E-11  -0.357025E-11   0.227407E-10
   0.250900E+04   0.849504E-11  -0.364548E-11   0.216515E-10
   0.251000E+04   0.868983E-11  -0.371692E-11   0.205408E-10
   0.251100E+04   0.887462E-11  -0.378448E-11   0.194096E-10
   0.251200E+04   0.904935E-11  -0.384812E-11   0.182591E-10
   0.251300E+04   0.921397E-11  -0.390778E-11   0.170903E-10
   0.251400E+04   0.936844E-11  -0.396339E-11   0.159043E-10
   0.251500E+04   0.951273E-11  -0.401492E-11   0.147023E-10
   0.251600E+04   0.964683E-11  -0.406231E-11   0.134853E-10
   0.251700E+04   0.977072E-11  -0.410553E-11   0.122546E-10
   0.251800E+04   0.988441E-11  -0.414453E-11   0.110113E-10
   0.251900E+04   0.998791E-11  -0.417928E-11   0.975660E-11
   0.252000E+04   0.100812E-10  -0.420975E-11   0.849169E-11
   0.252100E+04   0.101644E-10  -0.423593E-11   0.721778E-11
   0.252200E+04   0.102375E-10  -0.425778E-11   0.593608E-11
   0.252300E+04   0.103006E-10  -0.427529E-11   0.464782E-11
   0.252400E+04   0.103536E-10  -0.428845E-11   0.335424E-11
   0.252500E+04   0.103967E-10  -0.429725E-11   0.205658E-11
   0.252600E+04   0.104300E-10  -0.430170E-11   0.756069E-12
   0.252700E+04   0.104536E-10  -0.430178E-11  -0.546027E-12
   0.252800E+04   0.104674E-10  -0.429750E-11  -0.184846E-11
   0.252900E+04   0.104717E-10  -0.428888E-11  -0.314997E-11
   0.253000E+04   0.104666E-10  -0.427593E-11  -0.444931E-11
   0.253100E+04   0.104521E-10  -0.425867E-11  -0.574522E-11
   0.253200E+04   0.104284E-10  -0.423712E-11  -0.703645E-11
   0.253300E+04   0.103957E-10  -0.421130E-11  -0.832174E-11
   0.253400E+04   0.103541E-10  -0.418126E-11  -0.959986E-11
   0.253500E+04   0.103037E-10  -0.414702E-11  -0.108696E-10
   0.253600E+04   0.102447E-10  -0.410862E-11  -0.121296E-10
   0.253700E+04   0.101773E-10  -0.406611E-11  -0.133788E-10
   0.253800E+04   0.101017E-10  -0.401954E-11  -0.146158E-10
   0.253900E+04   0.100180E-10  -0.396896E-11  -0.158396E-10
   0.254000E+04   0.992638E-11  -0.391442E-11  -0.170488E-10
   0.254100E+04   0.982712E-11  -0.385599E-11  -0.182424E-10
   0.254200E+04   0.972039E-11  -0.379373E-11  -0.194191E-10
   0.254300E+04   0.960640E-11  -0.372771E-11  -0.205778E-10
   0.254400E+04   0.948536E-11  -0.365800E-11  -0.217174E-10
   0.254500E+04   0.935750E-11  -0.358468E-11  -0.228366E-10
   0.254600E+04   0.922305E-11  -0.350782E-11  -0.239345E-10
   0.254700E+04   0.908223E-11  -0.342751E-11  -0.250100E-10
   0.254800E+04   0.893529E-11  -0.334384E-11  -0.260619E-10
   0.254900E+04   0.878246E-11  -0.325689E-11  -0.270892E-10
   0.255000E+04   0.862400E-11  -0.316676E-11  -0.280909E-10
   0.255100E+04   0.846016E-11  -0.307355E-11  -0.290661E-10
   0.255200E+04   0.829118E-11  -0.297735E-11  -0.300136E-10
   0.255300E+04   0.811733E-11  -0.287827E-11  -0.309327E-10
   0.255400E+04   0.793888E-11  -0.277642E-11  -0.318223E-10
   0.255500E+04   0.775608E-11  -0.267189E-11  -0.326816E-10
   0.255600E+04   0.756920E-11  -0.256482E-11  -0.335097E-10
   0.255700E+04   0.737852E-11  -0.245530E-11  -0.343058E-10
   0.255800E+04   0.718431E-11  -0.234345E-11  -0.350690E-10
   0.255900E+04   0.698683E-11  -0.222940E-11  -0.357985E-10
   0.256000E+04   0.678638E-11  -0.211327E-11  -0.364938E-10
   0.256100E+04   0.658322E-11  -0.199517E-11  -0.371539E-10
   0.256200E+04   0.637763E-11  -0.187525E-11  -0.377782E-10
   0.256300E+04   0.616990E-11  -0.175361E-11  -0.383662E-10
   0.256400E+04   0.596030E-11  -0.163039E-11  -0.389171E-10
   0.256500E+04   0.574911E-11  -0.150573E-11  -0.394304E-10
   0.256600E+04   0.553662E-11  -0.137976E-11  -0.399056E-10
   0.256700E+04   0.532310E-11  -0.125260E-11  -0.403421E-10
   0.256800E+04   0.510883E-11  -0.112440E-11  -0.407395E-10
   0.256900E+04   0.489410E-11  -0.995296E-12  -0.410973E-10
   0.257000E+04   0.467916E-11  -0.865419E-12  -0.414152E-10
   0.257100E+04   0.446431E-11  -0.734910E-12  -0.416927E-10
   0.257200E+04   0.424982E-11  -0.603908E-12  -0.419297E-10
   0.257300E+04   0.403595E-11  -0.472554E-12  -0.421257E-10
   0.257400E+04   0.382297E-11  -0.340988E-12  -0.422805E-10
   0.257500E+04   0.361116E-11  -0.209350E-12  -0.423940E-10
   0.257600E+04   0.340077E-11  -0.777818E-13  -0.424660E-10
   0.257700E+04   0.319206E-11   0.535761E-13  -0.424964E-10
   0.257800E+04   0.298529E-11   0.184583E-12  -0.424850E-10
   0.257900E+04   0.278072E-11   0.315098E-12  -0.424319E-10
   0.258000E+04   0.257858E-11   0.444980E-12  -0.423370E-10
   0.258100E+04   0.237913E-11   0.574091E-12  -0.422004E-10
   0.258200E+04   0.218261E-11   0.702291E-12  -0.420222E-10
   0.258300E+04   0.198924E-11   0.829443E-12  -0.418024E-10
   0.258400E+04   0.179927E-11   0.955407E-12  -0.415413E-10
   0.258500E+04   0.161291E-11   0.108005E-11  -0.412390E-10
   0.258600E+04   0.143038E-11   0.120323E-11  -0.408958E-10
   0.258700E+04   0.125190E-11   0.132483E-11  -0.405119E-10
   0.258800E+04   0.107767E-11   0.144470E-11  -0.400878E-10
   0.258900E+04   0.907902E-12   0.156271E-11  -0.396236E-10
   0.259000E+04   0.742785E-12   0.167874E-11  -0.391199E-10
   0.259100E+04   0.582508E-12   0.179267E-11  -0.385771E-10
   0.259200E+04   0.427253E-12   0.190435E-11  -0.379956E-10
   0.259300E+04   0.277196E-12   0.201368E-11  -0.373760E-10
   0.259400E+04   0.132504E-12   0.212054E-11  -0.367188E-10
   0.259500E+04  -0.666125E-14   0.222479E-11  -0.360246E-10
   0.259600E+04  -0.140147E-12   0.232634E-11  -0.352941E-10
   0.259700E+04  -0.267806E-12   0.242506E-11  -0.345278E-10
   0.259800E+04  -0.389502E-12   0.252085E-11  -0.337266E-10
   0.259900E+04  -0.505103E-12   0.261360E-11  -0.328911E-10
   0.260000E+04  -0.614488E-12   0.270320E-11  -0.320220E-10
   0.260100E+04  -0.717541E-12   0.278955E-11  -0.311203E-10
   0.260200E+04  -0.814157E-12   0.287256E-11  -0.301867E-10
   0.260300E+04  -0.904237E-12   0.295213E-11  -0.292221E-10
   0.260400E+04  -0.987692E-12   0.302818E-11  -0.282273E-10
   0.260500E+04  -0.106444E-11   0.310060E-11  -0.272034E-10
   0.260600E+04  -0.113441E-11   0.316932E-11  -0.261513E-10
   0.260700E+04  -0.119754E-11   0.323426E-11  -0.250720E-10
   0.260800E+04  -0.125377E-11   0.329535E-11  -0.239664E-10
   0.260900E+04  -0.130305E-11   0.335250E-11  -0.228356E-10
   0.261000E+04  -0.134536E-11   0.340565E-11  -0.216807E-10
   0.261100E+04  -0.138065E-11   0.345474E-11  -0.205028E-10
   0.261200E+04  -0.140890E-11   0.349971E-11  -0.193030E-10
   0.261300E+04  -0.143012E-11   0.354049E-11  -0.180824E-10
   0.261400E+04  -0.144429E-11   0.357705E-11  -0.168422E-10
   0.261500E+04  -0.145141E-11   0.360932E-11  -0.155836E-10
   0.261600E+04  -0.145152E-11   0.363727E-11  -0.143078E-10
   0.261700E+04  -0.144462E-11   0.366085E-11  -0.130160E-10
   0.261800E+04  -0.143075E-11   0.368004E-11  -0.117094E-10
   0.261900E+04  -0.140995E-11   0.369480E-11  -0.103893E-10
   0.262000E+04  -0.138227E-11   0.370511E-11  -0.905691E-11
   0.262100E+04  -0.134777E-11   0.371095E-11  -0.771360E-11
   0.262200E+04  -0.130652E-11   0.371230E-11  -0.636063E-11
   0.262300E+04  -0.125859E-11   0.370915E-11  -0.499930E-11
   0.262400E+04  -0.120406E-11   0.370148E-11  -0.363093E-11
   0.262500E+04  -0.114303E-11   0.368931E-11  -0.225685E-11
   0.262600E+04  -0.107560E-11   0.367263E-11  -0.878392E-12
   0.262700E+04  -0.100187E-11   0.365146E-11   0.503104E-12
   0.262800E+04  -0.921958E-12   0.362579E-11   0.188629E-11
   0.262900E+04  -0.835990E-12   0.359565E-11   0.326982E-11
   0.263000E+04  -0.744096E-12   0.356106E-11   0.465235E-11
   0.263100E+04  -0.646415E-12   0.352204E-11   0.603251E-11
   0.263200E+04  -0.543092E-12   0.347863E-11   0.740895E-11
   0.263300E+04  -0.434281E-12   0.343086E-11   0.878033E-11
   0.263400E+04  -0.320141E-12   0.337878E-11   0.101453E-10
   0.263500E+04  -0.200839E-12   0.332241E-11   0.115025E-10
   0.263600E+04  -0.765496E-13   0.326183E-11   0.128506E-10
   0.263700E+04   0.525486E-13   0.319707E-11   0.141883E-10
   0.263800E+04   0.186269E-12   0.312819E-11   0.155142E-10
   0.263900E+04   0.324420E-12   0.305527E-11   0.168270E-10
   0.264000E+04   0.466802E-12   0.297835E-11   0.181255E-10
   0.264100E+04   0.613214E-12   0.289753E-11   0.194082E-10
   0.264200E+04   0.763445E-12   0.281287E-11   0.206741E-10
   0.264300E+04   0.917281E-12   0.272444E-11   0.219217E-10
   0.264400E+04   0.107450E-11   0.263235E-11   0.231498E-10
   0.264500E+04   0.123489E-11   0.253666E-11   0.243572E-10
   0.264600E+04   0.139821E-11   0.243748E-11   0.255427E-10
   0.264700E+04   0.156424E-11   0.233490E-11   0.267051E-10
   0.264800E+04   0.173273E-11   0.222902E-11   0.278432E-10
   0.264900E+04   0.190344E-11   0.211994E-11   0.289558E-10
   0.265000E+04   0.207614E-11   0.200777E-11   0.300419E-10
   0.265100E+04   0.225058E-11   0.189262E-11   0.311002E-10
   0.265200E+04   0.242651E-11   0.177461E-11   0.321298E-10
   0.265300E+04   0.260367E-11   0.165384E-11   0.331295E-10
   0.265400E+04   0.278181E-11   0.153044E-11   0.340984E-10
   0.265500E+04   0.296068E-11   0.140454E-11   0.350354E-10
   0.265600E+04   0.314002E-11   0.127625E-11   0.359396E-10
   0.265700E+04   0.331956E-11   0.114572E-11   0.368100E-10
   0.265800E+04   0.349905E-11   0.101306E-11   0.376457E-10
   0.265900E+04   0.367823E-11   0.878419E-12   0.384458E-10
   0.266000E+04   0.385684E-11   0.741929E-12   0.392095E-10
   0.266100E+04   0.403460E-11   0.603729E-12   0.399359E-10
   0.266200E+04   0.421127E-11   0.463962E-12   0.406244E-10
   0.266300E+04   0.438657E-11   0.322770E-12   0.412740E-10
   0.266400E+04   0.456025E-11   0.180300E-12   0.418843E-10
   0.266500E+04   0.473204E-11   0.366970E-13   0.424544E-10
   0.266600E+04   0.490169E-11  -0.107889E-12   0.429837E-10
   0.266700E+04   0.506893E-11  -0.253307E-12   0.434717E-10
   0.266800E+04   0.523352E-11  -0.399406E-12   0.439177E-10
   0.266900E+04   0.539519E-11  -0.546033E-12   0.443214E-10
   0.267000E+04   0.555370E-11  -0.693035E-12   0.446821E-10
   0.267100E+04   0.570878E-11  -0.840255E-12   0.449995E-10
   0.267200E+04   0.586021E-11  -0.987539E-12   0.452732E-10
   0.267300E+04   0.600773E-11  -0.113473E-11   0.455028E-10
   0.267400E+04   0.615110E-11  -0.128167E-11   0.456880E-10
   0.267500E+04   0.629009E-11  -0.142821E-11   0.458285E-10
   0.267600E+04   0.642446E-11  -0.157418E-11   0.459242E-10
   0.267700E+04   0.655399E-11  -0.171943E-11   0.459748E-10
   0.267800E+04   0.667844E-11  -0.186380E-11   0.459803E-10
   0.267900E+04   0.679761E-11  -0.200714E-11   0.459404E-10
   0.268000E+04   0.691127E-11  -0.214929E-11   0.458552E-10
   0.268100E+04   0.701923E-11  -0.229009E-11   0.457247E-10
   0.268200E+04   0.712126E-11  -0.242939E-11   0.455489E-10
   0.268300E+04   0.721718E-11  -0.256704E-11   0.453278E-10
   0.268400E+04   0.730679E-11  -0.270288E-11   0.450617E-10
   0.268500E+04   0.738990E-11  -0.283676E-11   0.447506E-10
   0.268600E+04   0.746635E-11  -0.296853E-11   0.443948E-10
   0.268700E+04   0.753594E-11  -0.309805E-11   0.439946E-10
   0.268800E+04   0.759853E-11  -0.322517E-11   0.435503E-10
   0.268900E+04   0.765394E-11  -0.334973E-11   0.430621E-10
   0.269000E+04   0.770202E-11  -0.347161E-11   0.425305E-10
   0.269100E+04   0.774263E-11  -0.359066E-11   0.419559E-10
   0.269200E+04   0.777564E-11  -0.370673E-11   0.413388E-10
   0.269300E+04   0.780090E-11  -0.381971E-11   0.406798E-10
   0.269400E+04   0.781831E-11  -0.392945E-11   0.399792E-10
   0.269500E+04   0.782774E-11  -0.403582E-11   0.392379E-10
   0.269600E+04   0.782909E-11  -0.413869E-11   0.384563E-10
   0.269700E+04   0.782226E-11  -0.423795E-11   0.376352E-10
   0.269800E+04   0.780717E-11  -0.433346E-11   0.367754E-10
   0.269900E+04   0.778373E-11  -0.442512E-11   0.358774E-10
   0.270000E+04   0.775186E-11  -0.451280E-11   0.349423E-10
   0.270100E+04   0.771152E-11  -0.459641E-11   0.339707E-10
   0.270200E+04   0.766264E-11  -0.467582E-11   0.329635E-10
   0.270300E+04   0.760517E-11  -0.475094E-11   0.319218E-10
   0.270400E+04   0.753908E-11  -0.482166E-11   0.308463E-10
   0.270500E+04   0.746435E-11  -0.488790E-11   0.297381E-10
   0.270600E+04   0.738095E-11  -0.494955E-11   0.285982E-10
   0.270700E+04   0.728887E-11  -0.500654E-11   0.274277E-10
   0.270800E+04   0.718812E-11  -0.505878E-11   0.262275E-10
   0.270900E+04   0.707871E-11  -0.510619E-11   0.249989E-10
   0.271000E+04   0.696065E-11  -0.514870E-11   0.237429E-10
   0.271100E+04   0.683397E-11  -0.518624E-11   0.224608E-10
   0.271200E+04   0.669871E-11  -0.521874E-11   0.211536E-10
   0.271300E+04   0.655491E-11  -0.524615E-11   0.198227E-10
   0.271400E+04   0.640264E-11  -0.526841E-11   0.184692E-10
   0.271500E+04   0.624195E-11  -0.528546E-11   0.170945E-10
   0.271600E+04   0.607292E-11  -0.529727E-11   0.156998E-10
   0.271700E+04   0.589563E-11  -0.530380E-11   0.142864E-10
   0.271800E+04   0.571019E-11  -0.530500E-11   0.128557E-10
   0.271900E+04   0.551667E-11  -0.530085E-11   0.114090E-10
   0.272000E+04   0.531521E-11  -0.529133E-11   0.994775E-11
   0.272100E+04   0.510592E-11  -0.527642E-11   0.847325E-11
   0.272200E+04   0.488892E-11  -0.525609E-11   0.698694E-11
   0.272300E+04   0.466435E-11  -0.523035E-11   0.549023E-11
   0.272400E+04   0.443236E-11  -0.519919E-11   0.398456E-11
   0.272500E+04   0.419310E-11  -0.516261E-11   0.247136E-11
   0.272600E+04   0.394674E-11  -0.512061E-11   0.952092E-12
   0.272700E+04   0.369344E-11  -0.507322E-11  -0.571791E-12
   0.272800E+04   0.343338E-11  -0.502045E-11  -0.209882E-11
   0.272900E+04   0.316675E-11  -0.496232E-11  -0.362751E-11
   0.273000E+04   0.289375E-11  -0.489886E-11  -0.515640E-11
   0.273100E+04   0.261457E-11  -0.483010E-11  -0.668400E-11
   0.273200E+04   0.232943E-11  -0.475609E-11  -0.820882E-11
   0.273300E+04   0.203853E-11  -0.467687E-11  -0.972938E-11
   0.273400E+04   0.174211E-11  -0.459249E-11  -0.112442E-10
   0.273500E+04   0.144040E-11  -0.450300E-11  -0.127518E-10
   0.273600E+04   0.113362E-11  -0.440847E-11  -0.142507E-10
   0.273700E+04   0.822025E-12  -0.430896E-11  -0.157394E-10
   0.273800E+04   0.505863E-12  -0.420454E-11  -0.172165E-10
   0.273900E+04   0.185388E-12  -0.409529E-11  -0.186806E-10
   0.274000E+04  -0.139139E-12  -0.398128E-11  -0.201300E-10
   0.274100E+04  -0.467452E-12  -0.386262E-11  -0.215635E-10
   0.274200E+04  -0.799280E-12  -0.373937E-11  -0.229797E-10
   0.274300E+04  -0.113435E-11  -0.361165E-11  -0.243770E-10
   0.274400E+04  -0.147237E-11  -0.347955E-11  -0.257541E-10
   0.274500E+04  -0.181307E-11  -0.334318E-11  -0.271097E-10
   0.274600E+04  -0.215615E-11  -0.320265E-11  -0.284423E-10
   0.274700E+04  -0.250132E-11  -0.305806E-11  -0.297506E-10
   0.274800E+04  -0.284828E-11  -0.290955E-11  -0.310334E-10
   0.274900E+04  -0.319673E-11  -0.275723E-11  -0.322893E-10
   0.275000E+04  -0.354638E-11  -0.260122E-11  -0.335170E-10
   0.275100E+04  -0.389690E-11  -0.244167E-11  -0.347154E-10
   0.275200E+04  -0.424801E-11  -0.227871E-11  -0.358831E-10
   0.275300E+04  -0.459937E-11  -0.211247E-11  -0.370189E-10
   0.275400E+04  -0.495069E-11  -0.194310E-11  -0.381218E-10
   0.275500E+04  -0.530165E-11  -0.177075E-11  -0.391906E-10
   0.275600E+04  -0.565194E-11  -0.159555E-11  -0.402241E-10
   0.275700E+04  -0.600123E-11  -0.141768E-11  -0.412213E-10
   0.275800E+04  -0.634921E-11  -0.123728E-11  -0.421811E-10
   0.275900E+04  -0.669557E-11  -0.105451E-11  -0.431026E-10
   0.276000E+04  -0.703998E-11  -0.869544E-12  -0.439848E-10
   0.276100E+04  -0.738214E-11  -0.682535E-12  -0.448266E-10
   0.276200E+04  -0.772172E-11  -0.493655E-12  -0.456273E-10
   0.276300E+04  -0.805842E-11  -0.303075E-12  -0.463859E-10
   0.276400E+04  -0.839191E-11  -0.110966E-12  -0.471017E-10
   0.276500E+04  -0.872189E-11   0.824956E-13  -0.477738E-10
   0.276600E+04  -0.904805E-11   0.277134E-12  -0.484015E-10
   0.276700E+04  -0.937007E-11   0.472770E-12  -0.489841E-10
   0.276800E+04  -0.968766E-11   0.669224E-12  -0.495210E-10
   0.276900E+04  -0.100005E-10   0.866314E-12  -0.500114E-10
   0.277000E+04  -0.103083E-10   0.106386E-11  -0.504549E-10
   0.277100E+04  -0.106108E-10   0.126167E-11  -0.508509E-10
   0.277200E+04  -0.109076E-10   0.145956E-11  -0.511989E-10
   0.277300E+04  -0.111986E-10   0.165736E-11  -0.514985E-10
   0.277400E+04  -0.114833E-10   0.185486E-11  -0.517493E-10
   0.277500E+04  -0.117616E-10   0.205189E-11  -0.519509E-10
   0.277600E+04  -0.120331E-10   0.224825E-11  -0.521030E-10
   0.277700E+04  -0.122976E-10   0.244376E-11  -0.522055E-10
   0.277800E+04  -0.125548E-10   0.263823E-11  -0.522579E-10
   0.277900E+04  -0.128044E-10   0.283148E-11  -0.522603E-10
   0.278000E+04  -0.130463E-10   0.302332E-11  -0.522124E-10
   0.278100E+04  -0.132801E-10   0.321355E-11  -0.521143E-10
   0.278200E+04  -0.135057E-10   0.340201E-11  -0.519659E-10
   0.278300E+04  -0.137227E-10   0.358849E-11  -0.517671E-10
   0.278400E+04  -0.139310E-10   0.377283E-11  -0.515183E-10
   0.278500E+04  -0.141304E-10   0.395483E-11  -0.512193E-10
   0.278600E+04  -0.143206E-10   0.413432E-11  -0.508704E-10
   0.278700E+04  -0.145014E-10   0.431112E-11  -0.504719E-10
   0.278800E+04  -0.146726E-10   0.448505E-11  -0.500240E-10
   0.278900E+04  -0.148341E-10   0.465594E-11  -0.495270E-10
   0.279000E+04  -0.149857E-10   0.482361E-11  -0.489814E-10
   0.279100E+04  -0.151272E-10   0.498790E-11  -0.483874E-10
   0.279200E+04  -0.152584E-10   0.514863E-11  -0.477456E-10
   0.279300E+04  -0.153792E-10   0.530565E-11  -0.470565E-10
   0.279400E+04  -0.154894E-10   0.545879E-11  -0.463206E-10
   0.279500E+04  -0.155890E-10   0.560790E-11  -0.455385E-10
   0.279600E+04  -0.156777E-10   0.575281E-11  -0.447110E-10
   0.279700E+04  -0.157555E-10   0.589337E-11  -0.438386E-10
   0.279800E+04  -0.158223E-10   0.602944E-11  -0.429221E-10
   0.279900E+04  -0.158779E-10   0.616088E-11  -0.419624E-10
   0.280000E+04  -0.159223E-10   0.628753E-11  -0.409601E-10
   0.280100E+04  -0.159554E-10   0.640927E-11  -0.399162E-10
   0.280200E+04  -0.159771E-10   0.652596E-11  -0.388317E-10
   0.280300E+04  -0.159875E-10   0.663748E-11  -0.377073E-10
   0.280400E+04  -0.159863E-10   0.674369E-11  -0.365442E-10
   0.280500E+04  -0.159737E-10   0.684448E-11  -0.353434E-10
   0.280600E+04  -0.159495E-10   0.693974E-11  -0.341058E-10
   0.280700E+04  -0.159138E-10   0.702935E-11  -0.328327E-10
   0.280800E+04  -0.158665E-10   0.711320E-11  -0.315252E-10
   0.280900E+04  -0.158077E-10   0.719121E-11  -0.301844E-10
   0.281000E+04  -0.157374E-10   0.726327E-11  -0.288116E-10
   0.281100E+04  -0.156556E-10   0.732929E-11  -0.274079E-10
   0.281200E+04  -0.155623E-10   0.738920E-11  -0.259747E-10
   0.281300E+04  -0.154576E-10   0.744290E-11  -0.245133E-10
   0.281400E+04  -0.153415E-10   0.749033E-11  -0.230250E-10
   0.281500E+04  -0.152142E-10   0.753142E-11  -0.215111E-10
   0.281600E+04  -0.150756E-10   0.756611E-11  -0.199731E-10
   0.281700E+04  -0.149259E-10   0.759434E-11  -0.184124E-10
   0.281800E+04  -0.147653E-10   0.761606E-11  -0.168304E-10
   0.281900E+04  -0.145937E-10   0.763122E-11  -0.152286E-10
   0.282000E+04  -0.144113E-10   0.763979E-11  -0.136085E-10
   0.282100E+04  -0.142182E-10   0.764174E-11  -0.119715E-10
   0.282200E+04  -0.140146E-10   0.763703E-11  -0.103192E-10
   0.282300E+04  -0.138007E-10   0.762566E-11  -0.865315E-11
   0.282400E+04  -0.135766E-10   0.760760E-11  -0.697491E-11
   0.282500E+04  -0.133424E-10   0.758284E-11  -0.528604E-11
   0.282600E+04  -0.130983E-10   0.755139E-11  -0.358813E-11
   0.282700E+04  -0.128445E-10   0.751325E-11  -0.188279E-11
   0.282800E+04  -0.125813E-10   0.746842E-11  -0.171610E-12
   0.282900E+04  -0.123088E-10   0.741694E-11   0.154378E-11
   0.283000E+04  -0.120272E-10   0.735882E-11   0.326175E-11
   0.283100E+04  -0.117368E-10   0.729408E-11   0.498067E-11
   0.283200E+04  -0.114377E-10   0.722278E-11   0.669892E-11
   0.283300E+04  -0.111303E-10   0.714494E-11   0.841484E-11
   0.283400E+04  -0.108147E-10   0.706061E-11   0.101268E-10
   0.283500E+04  -0.104913E-10   0.696986E-11   0.118332E-10
   0.283600E+04  -0.101602E-10   0.687275E-11   0.135323E-10
   0.283700E+04  -0.982184E-11   0.676933E-11   0.152226E-10
   0.283800E+04  -0.947636E-11   0.665968E-11   0.169024E-10
   0.283900E+04  -0.912408E-11   0.654389E-11   0.185701E-10
   0.284000E+04  -0.876530E-11   0.642203E-11   0.202240E-10
   0.284100E+04  -0.840030E-11   0.629420E-11   0.218626E-10
   0.284200E+04  -0.802940E-11   0.616049E-11   0.234843E-10
   0.284300E+04  -0.765288E-11   0.602101E-11   0.250876E-10
   0.284400E+04  -0.727107E-11   0.587587E-11   0.266707E-10
   0.284500E+04  -0.688428E-11   0.572517E-11   0.282323E-10
   0.284600E+04  -0.649283E-11   0.556904E-11   0.297707E-10
   0.284700E+04  -0.609704E-11   0.540761E-11   0.312845E-10
   0.284800E+04  -0.569725E-11   0.524100E-11   0.327722E-10
   0.284900E+04  -0.529378E-11   0.506934E-11   0.342323E-10
   0.285000E+04  -0.488698E-11   0.489279E-11   0.356633E-10
   0.285100E+04  -0.447717E-11   0.471148E-11   0.370639E-10
   0.285200E+04  -0.406471E-11   0.452556E-11   0.384326E-10
   0.285300E+04  -0.364993E-11   0.433520E-11   0.397682E-10
   0.285400E+04  -0.323319E-11   0.414054E-11   0.410691E-10
   0.285500E+04  -0.281484E-11   0.394176E-11   0.423343E-10
   0.285600E+04  -0.239521E-11   0.373902E-11   0.435623E-10
   0.285700E+04  -0.197467E-11   0.353249E-11   0.447520E-10
   0.285800E+04  -0.155357E-11   0.332236E-11   0.459020E-10
   0.285900E+04  -0.113225E-11   0.310879E-11   0.470114E-10
   0.286000E+04  -0.711075E-12   0.289198E-11   0.480789E-10
   0.286100E+04  -0.290394E-12   0.267212E-11   0.491034E-10
   0.286200E+04   0.129441E-12   0.244938E-11   0.500839E-10
   0.286300E+04   0.548078E-12   0.222398E-11   0.510194E-10
   0.286400E+04   0.965169E-12   0.199610E-11   0.519089E-10
   0.286500E+04   0.138036E-11   0.176595E-11   0.527514E-10
   0.286600E+04   0.179332E-11   0.153373E-11   0.535461E-10
   0.286700E+04   0.220368E-11   0.129964E-11   0.542921E-10
   0.286800E+04   0.261112E-11   0.106389E-11   0.549887E-10
   0.286900E+04   0.301529E-11   0.826698E-12   0.556350E-10
   0.287000E+04   0.341586E-11   0.588266E-12   0.562304E-10
   0.287100E+04   0.381249E-11   0.348812E-12   0.567742E-10
   0.287200E+04   0.420486E-11   0.108550E-12   0.572657E-10
   0.287300E+04   0.459264E-11  -0.132304E-12   0.577045E-10
   0.287400E+04   0.497551E-11  -0.373533E-12   0.580900E-10
   0.287500E+04   0.535316E-11  -0.614917E-12   0.584218E-10
   0.287600E+04   0.572528E-11  -0.856237E-12   0.586994E-10
   0.287700E+04   0.609156E-11  -0.109727E-11   0.589225E-10
   0.287800E+04   0.645170E-11  -0.133781E-11   0.590907E-10
   0.287900E+04   0.680541E-11  -0.157762E-11   0.592038E-10
   0.288000E+04   0.715241E-11  -0.181649E-11   0.592617E-10
   0.288100E+04   0.749241E-11  -0.205419E-11   0.592640E-10
   0.288200E+04   0.782514E-11  -0.229051E-11   0.592108E-10
   0.288300E+04   0.815034E-11  -0.252523E-11   0.591020E-10
   0.288400E+04   0.846774E-11  -0.275813E-11   0.589376E-10
   0.288500E+04   0.877709E-11  -0.298900E-11   0.587177E-10
   0.288600E+04   0.907816E-11  -0.321761E-11   0.584422E-10
   0.288700E+04   0.937070E-11  -0.344376E-11   0.581116E-10
   0.288800E+04   0.965449E-11  -0.366724E-11   0.577258E-10
   0.288900E+04   0.992931E-11  -0.388782E-11   0.572853E-10
   0.289000E+04   0.101949E-10  -0.410531E-11   0.567903E-10
   0.289100E+04   0.104512E-10  -0.431951E-11   0.562412E-10
   0.289200E+04   0.106979E-10  -0.453019E-11   0.556384E-10
   0.289300E+04   0.109348E-10  -0.473718E-11   0.549825E-10
   0.289400E+04   0.111618E-10  -0.494026E-11   0.542739E-10
   0.289500E+04   0.113787E-10  -0.513925E-11   0.535132E-10
   0.289600E+04   0.115854E-10  -0.533395E-11   0.527011E-10
   0.289700E+04   0.117817E-10  -0.552417E-11   0.518383E-10
   0.289800E+04   0.119675E-10  -0.570974E-11   0.509254E-10
   0.289900E+04   0.121426E-10  -0.589047E-11   0.499633E-10
   0.290000E+04   0.123069E-10  -0.606619E-11   0.489527E-10
   0.290100E+04   0.124604E-10  -0.623672E-11   0.478947E-10
   0.290200E+04   0.126030E-10  -0.640190E-11   0.467900E-10
   0.290300E+04   0.127345E-10  -0.656156E-11   0.456398E-10
   0.290400E+04   0.128549E-10  -0.671555E-11   0.444449E-10
   0.290500E+04   0.129642E-10  -0.686371E-11   0.432064E-10
   0.290600E+04   0.130623E-10  -0.700589E-11   0.419255E-10
   0.290700E+04   0.131491E-10  -0.714196E-11   0.406033E-10
   0.290800E+04   0.132246E-10  -0.727177E-11   0.392410E-10
   0.290900E+04   0.132889E-10  -0.739519E-11   0.378399E-10
   0.291000E+04   0.133418E-10  -0.751210E-11   0.364011E-10
   0.291100E+04   0.133835E-10  -0.762237E-11   0.349260E-10
   0.291200E+04   0.134139E-10  -0.772589E-11   0.334159E-10
   0.291300E+04   0.134331E-10  -0.782255E-11   0.318723E-10
   0.291400E+04   0.134410E-10  -0.791225E-11   0.302965E-10
   0.291500E+04   0.134379E-10  -0.799489E-11   0.286901E-10
   0.291600E+04   0.134236E-10  -0.807038E-11   0.270543E-10
   0.291700E+04   0.133983E-10  -0.813864E-11   0.253909E-10
   0.291800E+04   0.133621E-10  -0.819959E-11   0.237012E-10
   0.291900E+04   0.133150E-10  -0.825315E-11   0.219870E-10
   0.292000E+04   0.132572E-10  -0.829927E-11   0.202497E-10
   0.292100E+04   0.131888E-10  -0.833789E-11   0.184910E-10
   0.292200E+04   0.131099E-10  -0.836895E-11   0.167126E-10
   0.292300E+04   0.130206E-10  -0.839241E-11   0.149160E-10
   0.292400E+04   0.129211E-10  -0.840824E-11   0.131031E-10
   0.292500E+04   0.128115E-10  -0.841641E-11   0.112754E-10
   0.292600E+04   0.126921E-10  -0.841689E-11   0.943470E-11
   0.292700E+04   0.125629E-10  -0.840967E-11   0.758276E-11
   0.292800E+04   0.124242E-10  -0.839474E-11   0.572131E-11
   0.292900E+04   0.122761E-10  -0.837210E-11   0.385211E-11
   0.293000E+04   0.121189E-10  -0.834175E-11   0.197692E-11
   0.293100E+04   0.119527E-10  -0.830371E-11   0.975367E-13
   0.293200E+04   0.117778E-10  -0.825800E-11  -0.178427E-11
   0.293300E+04   0.115944E-10  -0.820464E-11  -0.366669E-11
   0.293400E+04   0.114028E-10  -0.814367E-11  -0.554795E-11
   0.293500E+04   0.112031E-10  -0.807514E-11  -0.742623E-11
   0.293600E+04   0.109957E-10  -0.799908E-11  -0.929975E-11
   0.293700E+04   0.107808E-10  -0.791556E-11  -0.111667E-10
   0.293800E+04   0.105586E-10  -0.782464E-11  -0.130253E-10
   0.293900E+04   0.103295E-10  -0.772638E-11  -0.148738E-10
   0.294000E+04   0.100937E-10  -0.762088E-11  -0.167103E-10
   0.294100E+04   0.985142E-11  -0.750820E-11  -0.185331E-10
   0.294200E+04   0.960307E-11  -0.738844E-11  -0.203405E-10
   0.294300E+04   0.934890E-11  -0.726171E-11  -0.221307E-10
   0.294400E+04   0.908921E-11  -0.712809E-11  -0.239019E-10
   0.294500E+04   0.882431E-11  -0.698771E-11  -0.256524E-10
   0.294600E+04   0.855451E-11  -0.684067E-11  -0.273806E-10
   0.294700E+04   0.828012E-11  -0.668711E-11  -0.290847E-10
   0.294800E+04   0.800146E-11  -0.652716E-11  -0.307631E-10
   0.294900E+04   0.771887E-11  -0.636094E-11  -0.324141E-10
   0.295000E+04   0.743265E-11  -0.618861E-11  -0.340361E-10
   0.295100E+04   0.714315E-11  -0.601031E-11  -0.356275E-10
   0.295200E+04   0.685070E-11  -0.582619E-11  -0.371867E-10
   0.295300E+04   0.655562E-11  -0.563642E-11  -0.387123E-10
   0.295400E+04   0.625827E-11  -0.544116E-11  -0.402026E-10
   0.295500E+04   0.595897E-11  -0.524058E-11  -0.416563E-10
   0.295600E+04   0.565806E-11  -0.503486E-11  -0.430718E-10
   0.295700E+04   0.535589E-11  -0.482418E-11  -0.444478E-10
   0.295800E+04   0.505279E-11  -0.460872E-11  -0.457828E-10
   0.295900E+04   0.474912E-11  -0.438868E-11  -0.470756E-10
   0.296000E+04   0.444520E-11  -0.416426E-11  -0.483248E-10
   0.296100E+04   0.414138E-11  -0.393564E-11  -0.495291E-10
   0.296200E+04   0.383800E-11  -0.370305E-11  -0.506874E-10
   0.296300E+04   0.353540E-11  -0.346668E-11  -0.517985E-10
   0.296400E+04   0.323392E-11  -0.322675E-11  -0.528612E-10
   0.296500E+04   0.293388E-11  -0.298348E-11  -0.538744E-10
   0.296600E+04   0.263563E-11  -0.273708E-11  -0.548371E-10
   0.296700E+04   0.233949E-11  -0.248779E-11  -0.557483E-10
   0.296800E+04   0.204579E-11  -0.223581E-11  -0.566070E-10
   0.296900E+04   0.175485E-11  -0.198140E-11  -0.574124E-10
   0.297000E+04   0.146699E-11  -0.172477E-11  -0.581636E-10
   0.297100E+04   0.118254E-11  -0.146616E-11  -0.588597E-10
   0.297200E+04   0.901795E-12  -0.120581E-11  -0.595001E-10
   0.297300E+04   0.625070E-12  -0.943957E-12  -0.600840E-10
   0.297400E+04   0.352663E-12  -0.680843E-12  -0.606108E-10
   0.297500E+04   0.848733E-13  -0.416711E-12  -0.610799E-10
   0.297600E+04  -0.178010E-12  -0.151804E-12  -0.614908E-10
   0.297700E+04  -0.435701E-12   0.113634E-12  -0.618429E-10
   0.297800E+04  -0.687923E-12   0.379355E-12  -0.621359E-10
   0.297900E+04  -0.934402E-12   0.645114E-12  -0.623694E-10
   0.298000E+04  -0.117487E-11   0.910662E-12  -0.625430E-10
   0.298100E+04  -0.140908E-11   0.117575E-11  -0.626565E-10
   0.298200E+04  -0.163677E-11   0.144014E-11  -0.627098E-10
   0.298300E+04  -0.185771E-11   0.170357E-11  -0.627026E-10
   0.298400E+04  -0.207165E-11   0.196580E-11  -0.626349E-10
   0.298500E+04  -0.227838E-11   0.222659E-11  -0.625067E-10
   0.298600E+04  -0.247766E-11   0.248569E-11  -0.623179E-10
   0.298700E+04  -0.266931E-11   0.274285E-11  -0.620688E-10
   0.298800E+04  -0.285311E-11   0.299783E-11  -0.617593E-10
   0.298900E+04  -0.302887E-11   0.325040E-11  -0.613899E-10
   0.299000E+04  -0.319641E-11   0.350030E-11  -0.609606E-10
   0.299100E+04  -0.335557E-11   0.374731E-11  -0.604718E-10
   0.299200E+04  -0.350617E-11   0.399119E-11  -0.599240E-10
   0.299300E+04  -0.364808E-11   0.423170E-11  -0.593174E-10
   0.299400E+04  -0.378114E-11   0.446862E-11  -0.586528E-10
   0.299500E+04  -0.390522E-11   0.470172E-11  -0.579305E-10
   0.299600E+04  -0.402021E-11   0.493078E-11  -0.571512E-10
   0.299700E+04  -0.412599E-11   0.515557E-11  -0.563156E-10
   0.299800E+04  -0.422247E-11   0.537588E-11  -0.554244E-10
   0.299900E+04  -0.430955E-11   0.559150E-11  -0.544783E-10
   0.300000E+04  -0.438717E-11   0.580221E-11  -0.534782E-10
   0.300100E+04  -0.445524E-11   0.600781E-11  -0.524250E-10
   0.300200E+04  -0.451372E-11   0.620811E-11  -0.513196E-10
   0.300300E+04  -0.456257E-11   0.640290E-11  -0.501630E-10
   0.300400E+04  -0.460175E-11   0.659200E-11  -0.489562E-10
   0.300500E+04  -0.463124E-11   0.677522E-11  -0.477003E-10
   0.300600E+04  -0.465104E-11   0.695238E-11  -0.463965E-10
   0.300700E+04  -0.466113E-11   0.712331E-11  -0.450459E-10
   0.300800E+04  -0.466154E-11   0.728783E-11  -0.436498E-10
   0.300900E+04  -0.465230E-11   0.744578E-11  -0.422094E-10
   0.301000E+04  -0.463343E-11   0.759700E-11  -0.407260E-10
   0.301100E+04  -0.460499E-11   0.774135E-11  -0.392011E-10
   0.301200E+04  -0.456704E-11   0.787867E-11  -0.376361E-10
   0.301300E+04  -0.451964E-11   0.800883E-11  -0.360323E-10
   0.301400E+04  -0.446288E-11   0.813169E-11  -0.343913E-10
   0.301500E+04  -0.439685E-11   0.824713E-11  -0.327146E-10
   0.301600E+04  -0.432166E-11   0.835502E-11  -0.310037E-10
   0.301700E+04  -0.423742E-11   0.845527E-11  -0.292603E-10
   0.301800E+04  -0.414426E-11   0.854775E-11  -0.274860E-10
   0.301900E+04  -0.404232E-11   0.863238E-11  -0.256824E-10
   0.302000E+04  -0.393174E-11   0.870905E-11  -0.238513E-10
   0.302100E+04  -0.381268E-11   0.877770E-11  -0.219944E-10
   0.302200E+04  -0.368531E-11   0.883823E-11  -0.201134E-10
   0.302300E+04  -0.354982E-11   0.889059E-11  -0.182101E-10
   0.302400E+04  -0.340639E-11   0.893471E-11  -0.162864E-10
   0.302500E+04  -0.325522E-11   0.897053E-11  -0.143440E-10
   0.302600E+04  -0.309652E-11   0.899802E-11  -0.123847E-10
   0.302700E+04  -0.293051E-11   0.901713E-11  -0.104105E-10
   0.302800E+04  -0.275741E-11   0.902784E-11  -0.842328E-11
   0.302900E+04  -0.257747E-11   0.903012E-11  -0.642487E-11
   0.303000E+04  -0.239093E-11   0.902395E-11  -0.441721E-11
   0.303100E+04  -0.219805E-11   0.900934E-11  -0.240223E-11
   0.303200E+04  -0.199908E-11   0.898628E-11  -0.381858E-12
   0.303300E+04  -0.179431E-11   0.895478E-11   0.164196E-11
   0.303400E+04  -0.158400E-11   0.891486E-11   0.366726E-11
   0.303500E+04  -0.136844E-11   0.886655E-11   0.569211E-11
   0.303600E+04  -0.114794E-11   0.880988E-11   0.771453E-11
   0.303700E+04  -0.922781E-12   0.874490E-11   0.973258E-11
   0.303800E+04  -0.693280E-12   0.867164E-11   0.117443E-10
   0.303900E+04  -0.459748E-12   0.859017E-11   0.137477E-10
   0.304000E+04  -0.222504E-12   0.850056E-11   0.157409E-10
   0.304100E+04   0.181262E-13   0.840287E-11   0.177219E-10
   0.304200E+04   0.261813E-12   0.829720E-11   0.196887E-10
   0.304300E+04   0.508220E-12   0.818362E-11   0.216395E-10
   0.304400E+04   0.757009E-12   0.806223E-11   0.235724E-10
   0.304500E+04   0.100784E-11   0.793315E-11   0.254854E-10
   0.304600E+04   0.126035E-11   0.779647E-11   0.273767E-10
   0.304700E+04   0.151421E-11   0.765233E-11   0.292443E-10
   0.304800E+04   0.176904E-11   0.750084E-11   0.310866E-10
   0.304900E+04   0.202451E-11   0.734214E-11   0.329015E-10
   0.305000E+04   0.228024E-11   0.717637E-11   0.346874E-10
   0.305100E+04   0.253587E-11   0.700367E-11   0.364424E-10
   0.305200E+04   0.279105E-11   0.682421E-11   0.381649E-10
   0.305300E+04   0.304541E-11   0.663814E-11   0.398530E-10
   0.305400E+04   0.329857E-11   0.644563E-11   0.415051E-10
   0.305500E+04   0.355019E-11   0.624685E-11   0.431196E-10
   0.305600E+04   0.379989E-11   0.604199E-11   0.446948E-10
   0.305700E+04   0.404730E-11   0.583124E-11   0.462292E-10
   0.305800E+04   0.429207E-11   0.561477E-11   0.477211E-10
   0.305900E+04   0.453382E-11   0.539280E-11   0.491691E-10
   0.306000E+04   0.477221E-11   0.516553E-11   0.505717E-10
   0.306100E+04   0.500686E-11   0.493316E-11   0.519275E-10
   0.306200E+04   0.523742E-11   0.469591E-11   0.532350E-10
   0.306300E+04   0.546354E-11   0.445400E-11   0.544930E-10
   0.306400E+04   0.568486E-11   0.420765E-11   0.557001E-10
   0.306500E+04   0.590105E-11   0.395710E-11   0.568552E-10
   0.306600E+04   0.611175E-11   0.370258E-11   0.579569E-10
   0.306700E+04   0.631662E-11   0.344432E-11   0.590041E-10
   0.306800E+04   0.651534E-11   0.318257E-11   0.599958E-10
   0.306900E+04   0.670757E-11   0.291756E-11   0.609308E-10
   0.307000E+04   0.689298E-11   0.264956E-11   0.618083E-10
   0.307100E+04   0.707127E-11   0.237882E-11   0.626272E-10
   0.307200E+04   0.724212E-11   0.210558E-11   0.633866E-10
   0.307300E+04   0.740523E-11   0.183011E-11   0.640858E-10
   0.307400E+04   0.756029E-11   0.155267E-11   0.647239E-10
   0.307500E+04   0.770702E-11   0.127352E-11   0.653002E-10
   0.307600E+04   0.784513E-11   0.992929E-12   0.658141E-10
   0.307700E+04   0.797436E-11   0.711162E-12   0.662650E-10
   0.307800E+04   0.809442E-11   0.428489E-12   0.666523E-10
   0.307900E+04   0.820508E-11   0.145181E-12   0.669756E-10
   0.308000E+04   0.830607E-11  -0.138492E-12   0.672345E-10
   0.308100E+04   0.839716E-11  -0.422255E-12   0.674285E-10
   0.308200E+04   0.847812E-11  -0.705838E-12   0.675574E-10
   0.308300E+04   0.854873E-11  -0.988965E-12   0.676209E-10
   0.308400E+04   0.860878E-11  -0.127136E-11   0.676190E-10
   0.308500E+04   0.865808E-11  -0.155276E-11   0.675514E-10
   0.308600E+04   0.869643E-11  -0.183288E-11   0.674182E-10
   0.308700E+04   0.872365E-11  -0.211146E-11   0.672194E-10
   0.308800E+04   0.873959E-11  -0.238821E-11   0.669550E-10
   0.308900E+04   0.874408E-11  -0.266288E-11   0.666253E-10
   0.309000E+04   0.873699E-11  -0.293519E-11   0.662303E-10
   0.309100E+04   0.871818E-11  -0.320487E-11   0.657705E-10
   0.309200E+04   0.868754E-11  -0.347167E-11   0.652461E-10
   0.309300E+04   0.864496E-11  -0.373531E-11   0.646576E-10
   0.309400E+04   0.859034E-11  -0.399554E-11   0.640053E-10
   0.309500E+04   0.852361E-11  -0.425210E-11   0.632899E-10
   0.309600E+04   0.844470E-11  -0.450474E-11   0.625120E-10
   0.309700E+04   0.835354E-11  -0.475320E-11   0.616721E-10
   0.309800E+04   0.825011E-11  -0.499723E-11   0.607710E-10
   0.309900E+04   0.813437E-11  -0.523660E-11   0.598095E-10
   0.310000E+04   0.800630E-11  -0.547106E-11   0.587884E-10
   0.310100E+04   0.786591E-11  -0.570037E-11   0.577086E-10
   0.310200E+04   0.771320E-11  -0.592430E-11   0.565711E-10
   0.310300E+04   0.754820E-11  -0.614264E-11   0.553769E-10
   0.310400E+04   0.737094E-11  -0.635514E-11   0.541270E-10
   0.310500E+04   0.718149E-11  -0.656161E-11   0.528225E-10
   0.310600E+04   0.697989E-11  -0.676182E-11   0.514647E-10
   0.310700E+04   0.676625E-11  -0.695556E-11   0.500548E-10
   0.310800E+04   0.654063E-11  -0.714265E-11   0.485940E-10
   0.310900E+04   0.630316E-11  -0.732288E-11   0.470838E-10
   0.311000E+04   0.605396E-11  -0.749607E-11   0.455254E-10
   0.311100E+04   0.579314E-11  -0.766203E-11   0.439203E-10
   0.311200E+04   0.552087E-11  -0.782059E-11   0.422700E-10
   0.311300E+04   0.523731E-11  -0.797158E-11   0.405761E-10
   0.311400E+04   0.494261E-11  -0.811484E-11   0.388400E-10
   0.311500E+04   0.463698E-11  -0.825021E-11   0.370635E-10
   0.311600E+04   0.432062E-11  -0.837754E-11   0.352482E-10
   0.311700E+04   0.399372E-11  -0.849670E-11   0.333958E-10
   0.311800E+04   0.365653E-11  -0.860755E-11   0.315081E-10
   0.311900E+04   0.330927E-11  -0.870996E-11   0.295867E-10
   0.312000E+04   0.295220E-11  -0.880382E-11   0.276336E-10
   0.312100E+04   0.258558E-11  -0.888902E-11   0.256505E-10
   0.312200E+04   0.220968E-11  -0.896546E-11   0.236394E-10
   0.312300E+04   0.182480E-11  -0.903304E-11   0.216022E-10
   0.312400E+04   0.143122E-11  -0.909168E-11   0.195408E-10
   0.312500E+04   0.102926E-11  -0.914129E-11   0.174572E-10
   0.312600E+04   0.619241E-12  -0.918182E-11   0.153534E-10
   0.312700E+04   0.201490E-12  -0.921321E-11   0.132313E-10
   0.312800E+04  -0.223650E-12  -0.923539E-11   0.110931E-10
   0.312900E+04  -0.655828E-12  -0.924833E-11   0.894077E-11
   0.313000E+04  -0.109468E-11  -0.925199E-11   0.677640E-11
   0.313100E+04  -0.153984E-11  -0.924635E-11   0.460209E-11
   0.313200E+04  -0.199091E-11  -0.923139E-11   0.241993E-11
   0.313300E+04  -0.244752E-11  -0.920711E-11   0.232052E-12
   0.313400E+04  -0.290927E-11  -0.917350E-11  -0.195943E-11
   0.313500E+04  -0.337574E-11  -0.913058E-11  -0.415239E-11
   0.313600E+04  -0.384652E-11  -0.907835E-11  -0.634467E-11
   0.313700E+04  -0.432119E-11  -0.901686E-11  -0.853415E-11
   0.313800E+04  -0.479932E-11  -0.894614E-11  -0.107187E-10
   0.313900E+04  -0.528048E-11  -0.886623E-11  -0.128961E-10
   0.314000E+04  -0.576421E-11  -0.877718E-11  -0.150643E-10
   0.314100E+04  -0.625008E-11  -0.867907E-11  -0.172211E-10
   0.314200E+04  -0.673762E-11  -0.857196E-11  -0.193645E-10
   0.314300E+04  -0.722639E-11  -0.845593E-11  -0.214922E-10
   0.314400E+04  -0.771590E-11  -0.833107E-11  -0.236022E-10
   0.314500E+04  -0.820570E-11  -0.819748E-11  -0.256924E-10
   0.314600E+04  -0.869531E-11  -0.805526E-11  -0.277608E-10
   0.314700E+04  -0.918426E-11  -0.790454E-11  -0.298051E-10
   0.314800E+04  -0.967207E-11  -0.774542E-11  -0.318235E-10
   0.314900E+04  -0.101583E-10  -0.757805E-11  -0.338139E-10
   0.315000E+04  -0.106423E-10  -0.740257E-11  -0.357743E-10
   0.315100E+04  -0.111238E-10  -0.721911E-11  -0.377026E-10
   0.315200E+04  -0.116022E-10  -0.702784E-11  -0.395971E-10
   0.315300E+04  -0.120771E-10  -0.682891E-11  -0.414557E-10
   0.315400E+04  -0.125479E-10  -0.662251E-11  -0.432767E-10
   0.315500E+04  -0.130141E-10  -0.640879E-11  -0.450580E-10
   0.315600E+04  -0.134754E-10  -0.618797E-11  -0.467980E-10
   0.315700E+04  -0.139311E-10  -0.596021E-11  -0.484948E-10
   0.315800E+04  -0.143808E-10  -0.572573E-11  -0.501467E-10
   0.315900E+04  -0.148241E-10  -0.548472E-11  -0.517520E-10
   0.316000E+04  -0.152604E-10  -0.523741E-11  -0.533090E-10
   0.316100E+04  -0.156893E-10  -0.498401E-11  -0.548162E-10
   0.316200E+04  -0.161104E-10  -0.472474E-11  -0.562719E-10
   0.316300E+04  -0.165230E-10  -0.445984E-11  -0.576746E-10
   0.316400E+04  -0.169269E-10  -0.418955E-11  -0.590229E-10
   0.316500E+04  -0.173214E-10  -0.391410E-11  -0.603154E-10
   0.316600E+04  -0.177063E-10  -0.363375E-11  -0.615506E-10
   0.316700E+04  -0.180810E-10  -0.334875E-11  -0.627272E-10
   0.316800E+04  -0.184450E-10  -0.305936E-11  -0.638440E-10
   0.316900E+04  -0.187981E-10  -0.276584E-11  -0.648998E-10
   0.317000E+04  -0.191397E-10  -0.246845E-11  -0.658934E-10
   0.317100E+04  -0.194694E-10  -0.216747E-11  -0.668238E-10
   0.317200E+04  -0.197868E-10  -0.186318E-11  -0.676898E-10
   0.317300E+04  -0.200915E-10  -0.155586E-11  -0.684905E-10
   0.317400E+04  -0.203832E-10  -0.124578E-11  -0.692250E-10
   0.317500E+04  -0.206614E-10  -0.933238E-12  -0.698925E-10
   0.317600E+04  -0.209258E-10  -0.618517E-12  -0.704922E-10
   0.317700E+04  -0.211760E-10  -0.301909E-12  -0.710232E-10
   0.317800E+04  -0.214117E-10   0.162898E-13  -0.714851E-10
   0.317900E+04  -0.216326E-10   0.335785E-12  -0.718771E-10
   0.318000E+04  -0.218382E-10   0.656277E-12  -0.721988E-10
   0.318100E+04  -0.220284E-10   0.977468E-12  -0.724498E-10
   0.318200E+04  -0.222027E-10   0.129906E-11  -0.726295E-10
   0.318300E+04  -0.223610E-10   0.162074E-11  -0.727377E-10
   0.318400E+04  -0.225029E-10   0.194222E-11  -0.727741E-10
   0.318500E+04  -0.226282E-10   0.226318E-11  -0.727387E-10
   0.318600E+04  -0.227366E-10   0.258334E-11  -0.726311E-10
   0.318700E+04  -0.228279E-10   0.290238E-11  -0.724514E-10
   0.318800E+04  -0.229019E-10   0.322000E-11  -0.721997E-10
   0.318900E+04  -0.229584E-10   0.353590E-11  -0.718759E-10
   0.319000E+04  -0.229971E-10   0.384978E-11  -0.714804E-10
   0.319100E+04  -0.230180E-10   0.416134E-11  -0.710132E-10
   0.319200E+04  -0.230208E-10   0.447028E-11  -0.704748E-10
   0.319300E+04  -0.230055E-10   0.477631E-11  -0.698655E-10
   0.319400E+04  -0.229718E-10   0.507913E-11  -0.691856E-10
   0.319500E+04  -0.229196E-10   0.537846E-11  -0.684359E-10
   0.319600E+04  -0.228490E-10   0.567399E-11  -0.676167E-10
   0.319700E+04  -0.227598E-10   0.596545E-11  -0.667289E-10
   0.319800E+04  -0.226518E-10   0.625256E-11  -0.657730E-10
   0.319900E+04  -0.225252E-10   0.653503E-11  -0.647499E-10
   0.320000E+04  -0.223799E-10   0.681260E-11  -0.636605E-10
   0.320100E+04  -0.222158E-10   0.708498E-11  -0.625055E-10
   0.320200E+04  -0.220329E-10   0.735191E-11  -0.612862E-10
   0.320300E+04  -0.218314E-10   0.761314E-11  -0.600034E-10
   0.320400E+04  -0.216111E-10   0.786840E-11  -0.586583E-10
   0.320500E+04  -0.213722E-10   0.811745E-11  -0.572521E-10
   0.320600E+04  -0.211148E-10   0.836003E-11  -0.557859E-10
   0.320700E+04  -0.208389E-10   0.859590E-11  -0.542612E-10
   0.320800E+04  -0.205447E-10   0.882484E-11  -0.526792E-10
   0.320900E+04  -0.202323E-10   0.904661E-11  -0.510414E-10
   0.321000E+04  -0.199017E-10   0.926098E-11  -0.493493E-10
   0.321100E+04  -0.195533E-10   0.946775E-11  -0.476043E-10
   0.321200E+04  -0.191871E-10   0.966670E-11  -0.458080E-10
   0.321300E+04  -0.188034E-10   0.985764E-11  -0.439621E-10
   0.321400E+04  -0.184023E-10   0.100404E-10  -0.420683E-10
   0.321500E+04  -0.179841E-10   0.102147E-10  -0.401283E-10
   0.321600E+04  -0.175491E-10   0.103804E-10  -0.381439E-10
   0.321700E+04  -0.170974E-10   0.105374E-10  -0.361168E-10
   0.321800E+04  -0.166295E-10   0.106855E-10  -0.340491E-10
   0.321900E+04  -0.161455E-10   0.108244E-10  -0.319426E-10
   0.322000E+04  -0.156458E-10   0.109542E-10  -0.297992E-10
   0.322100E+04  -0.151307E-10   0.110746E-10  -0.276210E-10
   0.322200E+04  -0.146005E-10   0.111855E-10  -0.254100E-10
   0.322300E+04  -0.140556E-10   0.112868E-10  -0.231682E-10
   0.322400E+04  -0.134965E-10   0.113784E-10  -0.208978E-10
   0.322500E+04  -0.129233E-10   0.114601E-10  -0.186010E-10
   0.322600E+04  -0.123367E-10   0.115319E-10  -0.162798E-10
   0.322700E+04  -0.117369E-10   0.115937E-10  -0.139365E-10
   0.322800E+04  -0.111244E-10   0.116454E-10  -0.115733E-10
   0.322900E+04  -0.104996E-10   0.116869E-10  -0.919241E-11
   0.323000E+04  -0.986308E-11   0.117183E-10  -0.679616E-11
   0.323100E+04  -0.921519E-11   0.117393E-10  -0.438681E-11
   0.323200E+04  -0.855645E-11   0.117501E-10  -0.196667E-11
   0.323300E+04  -0.788734E-11   0.117505E-10   0.461959E-12
   0.323400E+04  -0.720837E-11   0.117406E-10   0.289673E-11
   0.323500E+04  -0.652006E-11   0.117203E-10   0.533531E-11
   0.323600E+04  -0.582292E-11   0.116896E-10   0.777533E-11
   0.323700E+04  -0.511750E-11   0.116486E-10   0.102145E-10
   0.323800E+04  -0.440433E-11   0.115973E-10   0.126503E-10
   0.323900E+04  -0.368398E-11   0.115356E-10   0.150805E-10
   0.324000E+04  -0.295700E-11   0.114637E-10   0.175028E-10
   0.324100E+04  -0.222397E-11   0.113816E-10   0.199146E-10
   0.324200E+04  -0.148547E-11   0.112893E-10   0.223138E-10
   0.324300E+04  -0.742081E-12   0.111870E-10   0.246980E-10
   0.324400E+04   0.559822E-14   0.110746E-10   0.270647E-10
   0.324500E+04   0.756969E-12   0.109523E-10   0.294117E-10
   0.324600E+04   0.151143E-11   0.108202E-10   0.317367E-10
   0.324700E+04   0.226836E-11   0.106784E-10   0.340374E-10
   0.324800E+04   0.302714E-11   0.105270E-10   0.363115E-10
   0.324900E+04   0.378717E-11   0.103661E-10   0.385567E-10
   0.325000E+04   0.454781E-11   0.101959E-10   0.407709E-10
   0.325100E+04   0.530843E-11   0.100165E-10   0.429518E-10
   0.325200E+04   0.606841E-11   0.982806E-11   0.450972E-10
   0.325300E+04   0.682711E-11   0.963073E-11   0.472051E-10
   0.325400E+04   0.758391E-11   0.942469E-11   0.492732E-10
   0.325500E+04   0.833816E-11   0.921013E-11   0.512995E-10
   0.325600E+04   0.908923E-11   0.898723E-11   0.532819E-10
   0.325700E+04   0.983649E-11   0.875619E-11   0.552185E-10
   0.325800E+04   0.105793E-10   0.851720E-11   0.571073E-10
   0.325900E+04   0.113170E-10   0.827049E-11   0.589464E-10
   0.326000E+04   0.120491E-10   0.801627E-11   0.607338E-10
   0.326100E+04   0.127748E-10   0.775477E-11   0.624677E-10
   0.326200E+04   0.134935E-10   0.748623E-11   0.641464E-10
   0.326300E+04   0.142046E-10   0.721088E-11   0.657682E-10
   0.326400E+04   0.149076E-10   0.692897E-11   0.673312E-10
   0.326500E+04   0.156018E-10   0.664076E-11   0.688340E-10
   0.326600E+04   0.162865E-10   0.634651E-11   0.702749E-10
   0.326700E+04   0.169612E-10   0.604649E-11   0.716524E-10
   0.326800E+04   0.176253E-10   0.574098E-11   0.729650E-10
   0.326900E+04   0.182783E-10   0.543024E-11   0.742114E-10
   0.327000E+04   0.189194E-10   0.511457E-11   0.753902E-10
   0.327100E+04   0.195483E-10   0.479426E-11   0.765001E-10
   0.327200E+04   0.201642E-10   0.446960E-11   0.775399E-10
   0.327300E+04   0.207667E-10   0.414089E-11   0.785085E-10
   0.327400E+04   0.213552E-10   0.380844E-11   0.794047E-10
   0.327500E+04   0.219291E-10   0.347256E-11   0.802276E-10
   0.327600E+04   0.224881E-10   0.313355E-11   0.809762E-10
   0.327700E+04   0.230314E-10   0.279173E-11   0.816497E-10
   0.327800E+04   0.235588E-10   0.244742E-11   0.822472E-10
   0.327900E+04   0.240696E-10   0.210095E-11   0.827680E-10
   0.328000E+04   0.245634E-10   0.175263E-11   0.832114E-10
   0.328100E+04   0.250397E-10   0.140280E-11   0.835769E-10
   0.328200E+04   0.254981E-10   0.105179E-11   0.838639E-10
   0.328300E+04   0.259382E-10   0.699912E-12   0.840720E-10
   0.328400E+04   0.263596E-10   0.347515E-12   0.842008E-10
   0.328500E+04   0.267618E-10  -0.507169E-14   0.842501E-10
   0.328600E+04   0.271444E-10  -0.357515E-12   0.842196E-10
   0.328700E+04   0.275072E-10  -0.709481E-12   0.841092E-10
   0.328800E+04   0.278497E-10  -0.106063E-11   0.839188E-10
   0.328900E+04   0.281716E-10  -0.141064E-11   0.836485E-10
   0.329000E+04   0.284726E-10  -0.175916E-11   0.832983E-10
   0.329100E+04   0.287524E-10  -0.210587E-11   0.828685E-10
   0.329200E+04   0.290107E-10  -0.245044E-11   0.823592E-10
   0.329300E+04   0.292473E-10  -0.279252E-11   0.817709E-10
   0.329400E+04   0.294619E-10  -0.313180E-11   0.811038E-10
   0.329500E+04   0.296542E-10  -0.346795E-11   0.803585E-10
   0.329600E+04   0.298241E-10  -0.380064E-11   0.795356E-10
   0.329700E+04   0.299713E-10  -0.412955E-11   0.786357E-10
   0.329800E+04   0.300958E-10  -0.445436E-11   0.776594E-10
   0.329900E+04   0.301972E-10  -0.477475E-11   0.766076E-10
   0.330000E+04   0.302757E-10  -0.509042E-11   0.754811E-10
   0.330100E+04   0.303309E-10  -0.540106E-11   0.742809E-10
   0.330200E+04   0.303628E-10  -0.570636E-11   0.730080E-10
   0.330300E+04   0.303713E-10  -0.600602E-11   0.716634E-10
   0.330400E+04   0.303565E-10  -0.629975E-11   0.702483E-10
   0.330500E+04   0.303182E-10  -0.658726E-11   0.687639E-10
   0.330600E+04   0.302564E-10  -0.686826E-11   0.672115E-10
   0.330700E+04   0.301713E-10  -0.714248E-11   0.655924E-10
   0.330800E+04   0.300626E-10  -0.740965E-11   0.639082E-10
   0.330900E+04   0.299307E-10  -0.766949E-11   0.621602E-10
   0.331000E+04   0.297754E-10  -0.792175E-11   0.603500E-10
   0.331100E+04   0.295969E-10  -0.816617E-11   0.584793E-10
   0.331200E+04   0.293954E-10  -0.840251E-11   0.565497E-10
   0.331300E+04   0.291709E-10  -0.863053E-11   0.545629E-10
   0.331400E+04   0.289236E-10  -0.885000E-11   0.525208E-10
   0.331500E+04   0.286536E-10  -0.906070E-11   0.504252E-10
   0.331600E+04   0.283612E-10  -0.926240E-11   0.482780E-10
   0.331700E+04   0.280467E-10  -0.945490E-11   0.460812E-10
   0.331800E+04   0.277101E-10  -0.963801E-11   0.438368E-10
   0.331900E+04   0.273518E-10  -0.981152E-11   0.415469E-10
   0.332000E+04   0.269720E-10  -0.997527E-11   0.392135E-10
   0.332100E+04   0.265711E-10  -0.101291E-10   0.368388E-10
   0.332200E+04   0.261493E-10  -0.102728E-10   0.344251E-10
   0.332300E+04   0.257070E-10  -0.104062E-10   0.319745E-10
   0.332400E+04   0.252445E-10  -0.105292E-10   0.294894E-10
   0.332500E+04   0.247622E-10  -0.106417E-10   0.269721E-10
   0.332600E+04   0.242605E-10  -0.107435E-10   0.244250E-10
   0.332700E+04   0.237398E-10  -0.108345E-10   0.218503E-10
   0.332800E+04   0.232005E-10  -0.109146E-10   0.192506E-10
   0.332900E+04   0.226430E-10  -0.109838E-10   0.166283E-10
   0.333000E+04   0.220678E-10  -0.110418E-10   0.139859E-10
   0.333100E+04   0.214754E-10  -0.110888E-10   0.113259E-10
   0.333200E+04   0.208662E-10  -0.111245E-10   0.865082E-11
   0.333300E+04   0.202408E-10  -0.111489E-10   0.596317E-11
   0.333400E+04   0.195997E-10  -0.111620E-10   0.326553E-11
   0.333500E+04   0.189434E-10  -0.111638E-10   0.560474E-12
   0.333600E+04   0.182724E-10  -0.111543E-10  -0.214940E-11
   0.333700E+04   0.175873E-10  -0.111333E-10  -0.486150E-11
   0.333800E+04   0.168887E-10  -0.111010E-10  -0.757323E-11
   0.333900E+04   0.161772E-10  -0.110573E-10  -0.102820E-10
   0.334000E+04   0.154534E-10  -0.110022E-10  -0.129851E-10
   0.334100E+04   0.147178E-10  -0.109358E-10  -0.156800E-10
   0.334200E+04   0.139712E-10  -0.108582E-10  -0.183641E-10
   0.334300E+04   0.132141E-10  -0.107694E-10  -0.210348E-10
   0.334400E+04   0.124471E-10  -0.106693E-10  -0.236895E-10
   0.334500E+04   0.116710E-10  -0.105583E-10  -0.263256E-10
   0.334600E+04   0.108863E-10  -0.104362E-10  -0.289405E-10
   0.334700E+04   0.100939E-10  -0.103032E-10  -0.315316E-10
   0.334800E+04   0.929420E-11  -0.101594E-10  -0.340965E-10
   0.334900E+04   0.848806E-11  -0.100050E-10  -0.366326E-10
   0.335000E+04   0.767612E-11  -0.983996E-11  -0.391375E-10
   0.335100E+04   0.685908E-11  -0.966455E-11  -0.416085E-10
   0.335200E+04   0.603763E-11  -0.947888E-11  -0.440434E-10
   0.335300E+04   0.521250E-11  -0.928311E-11  -0.464397E-10
   0.335400E+04   0.438438E-11  -0.907739E-11  -0.487950E-10
   0.335500E+04   0.355398E-11  -0.886192E-11  -0.511069E-10
   0.335600E+04   0.272203E-11  -0.863687E-11  -0.533733E-10
   0.335700E+04   0.188924E-11  -0.840245E-11  -0.555917E-10
   0.335800E+04   0.105633E-11  -0.815885E-11  -0.577599E-10
   0.335900E+04   0.224018E-12  -0.790630E-11  -0.598759E-10
   0.336000E+04  -0.606974E-12  -0.764501E-11  -0.619374E-10
   0.336100E+04  -0.143593E-11  -0.737523E-11  -0.639424E-10
   0.336200E+04  -0.226212E-11  -0.709718E-11  -0.658888E-10
   0.336300E+04  -0.308485E-11  -0.681113E-11  -0.677747E-10
   0.336400E+04  -0.390339E-11  -0.651732E-11  -0.695980E-10
   0.336500E+04  -0.471703E-11  -0.621602E-11  -0.713570E-10
   0.336600E+04  -0.552507E-11  -0.590750E-11  -0.730499E-10
   0.336700E+04  -0.632680E-11  -0.559205E-11  -0.746748E-10
   0.336800E+04  -0.712153E-11  -0.526994E-11  -0.762300E-10
   0.336900E+04  -0.790857E-11  -0.494148E-11  -0.777141E-10
   0.337000E+04  -0.868724E-11  -0.460697E-11  -0.791253E-10
   0.337100E+04  -0.945685E-11  -0.426670E-11  -0.804622E-10
   0.337200E+04  -0.102167E-10  -0.392100E-11  -0.817233E-10
   0.337300E+04  -0.109662E-10  -0.357018E-11  -0.829074E-10
   0.337400E+04  -0.117047E-10  -0.321456E-11  -0.840131E-10
   0.337500E+04  -0.124315E-10  -0.285448E-11  -0.850392E-10
   0.337600E+04  -0.131460E-10  -0.249027E-11  -0.859845E-10
   0.337700E+04  -0.138475E-10  -0.212226E-11  -0.868481E-10
   0.337800E+04  -0.145356E-10  -0.175079E-11  -0.876289E-10
   0.337900E+04  -0.152094E-10  -0.137622E-11  -0.883260E-10
   0.338000E+04  -0.158686E-10  -0.998899E-12  -0.889386E-10
   0.338100E+04  -0.165124E-10  -0.619169E-12  -0.894660E-10
   0.338200E+04  -0.171404E-10  -0.237392E-12  -0.899074E-10
   0.338300E+04  -0.177520E-10   0.146074E-12  -0.902624E-10
   0.338400E+04  -0.183467E-10   0.530870E-12  -0.905303E-10
   0.338500E+04  -0.189239E-10   0.916632E-12  -0.907108E-10
   0.338600E+04  -0.194832E-10   0.130300E-11  -0.908035E-10
   0.338700E+04  -0.200241E-10   0.168960E-11  -0.908082E-10
   0.338800E+04  -0.205460E-10   0.207607E-11  -0.907246E-10
   0.338900E+04  -0.210487E-10   0.246205E-11  -0.905529E-10
   0.339000E+04  -0.215315E-10   0.284716E-11  -0.902928E-10
   0.339100E+04  -0.219942E-10   0.323104E-11  -0.899446E-10
   0.339200E+04  -0.224363E-10   0.361333E-11  -0.895083E-10
   0.339300E+04  -0.228575E-10   0.399366E-11  -0.889843E-10
   0.339400E+04  -0.232573E-10   0.437167E-11  -0.883729E-10
   0.339500E+04  -0.236355E-10   0.474699E-11  -0.876745E-10
   0.339600E+04  -0.239917E-10   0.511926E-11  -0.868896E-10
   0.339700E+04  -0.243257E-10   0.548813E-11  -0.860188E-10
   0.339800E+04  -0.246371E-10   0.585324E-11  -0.850628E-10
   0.339900E+04  -0.249257E-10   0.621423E-11  -0.840224E-10
   0.340000E+04  -0.251914E-10   0.657076E-11  -0.828984E-10
   0.340100E+04  -0.254337E-10   0.692249E-11  -0.816918E-10
   0.340200E+04  -0.256526E-10   0.726906E-11  -0.804035E-10
   0.340300E+04  -0.258480E-10   0.761015E-11  -0.790346E-10
   0.340400E+04  -0.260195E-10   0.794542E-11  -0.775863E-10
   0.340500E+04  -0.261672E-10   0.827455E-11  -0.760599E-10
   0.340600E+04  -0.262909E-10   0.859720E-11  -0.744567E-10
   0.340700E+04  -0.263905E-10   0.891307E-11  -0.727781E-10
   0.340800E+04  -0.264660E-10   0.922185E-11  -0.710256E-10
   0.340900E+04  -0.265173E-10   0.952322E-11  -0.692006E-10
   0.341000E+04  -0.265444E-10   0.981689E-11  -0.673050E-10
   0.341100E+04  -0.265474E-10   0.101026E-10  -0.653403E-10
   0.341200E+04  -0.265262E-10   0.103800E-10  -0.633083E-10
   0.341300E+04  -0.264809E-10   0.106489E-10  -0.612108E-10
   0.341400E+04  -0.264116E-10   0.109089E-10  -0.590498E-10
   0.341500E+04  -0.263184E-10   0.111599E-10  -0.568273E-10
   0.341600E+04  -0.262013E-10   0.114015E-10  -0.545452E-10
   0.341700E+04  -0.260606E-10   0.116335E-10  -0.522056E-10
   0.341800E+04  -0.258964E-10   0.118558E-10  -0.498107E-10
   0.341900E+04  -0.257089E-10   0.120680E-10  -0.473627E-10
   0.342000E+04  -0.254983E-10   0.122699E-10  -0.448639E-10
   0.342100E+04  -0.252648E-10   0.124614E-10  -0.423166E-10
   0.342200E+04  -0.250087E-10   0.126422E-10  -0.397232E-10
   0.342300E+04  -0.247302E-10   0.128121E-10  -0.370860E-10
   0.342400E+04  -0.244297E-10   0.129711E-10  -0.344076E-10
   0.342500E+04  -0.241074E-10   0.131188E-10  -0.316903E-10
   0.342600E+04  -0.237637E-10   0.132552E-10  -0.289369E-10
   0.342700E+04  -0.233990E-10   0.133800E-10  -0.261499E-10
   0.342800E+04  -0.230136E-10   0.134933E-10  -0.233319E-10
   0.342900E+04  -0.226078E-10   0.135947E-10  -0.204856E-10
   0.343000E+04  -0.221823E-10   0.136843E-10  -0.176136E-10
   0.343100E+04  -0.217372E-10   0.137619E-10  -0.147188E-10
   0.343200E+04  -0.212732E-10   0.138274E-10  -0.118038E-10
   0.343300E+04  -0.207907E-10   0.138808E-10  -0.887140E-11
   0.343400E+04  -0.202901E-10   0.139219E-10  -0.592444E-11
   0.343500E+04  -0.197720E-10   0.139507E-10  -0.296573E-11
   0.343600E+04  -0.192369E-10   0.139672E-10   0.190735E-14
   0.343700E+04  -0.186853E-10   0.139714E-10   0.297562E-11
   0.343800E+04  -0.181177E-10   0.139631E-10   0.595254E-11
   0.343900E+04  -0.175349E-10   0.139425E-10   0.892981E-11
   0.344000E+04  -0.169372E-10   0.139094E-10   0.119046E-10
   0.344100E+04  -0.163253E-10   0.138640E-10   0.148739E-10
   0.344200E+04  -0.156999E-10   0.138061E-10   0.178350E-10
   0.344300E+04  -0.150616E-10   0.137360E-10   0.207849E-10
   0.344400E+04  -0.144109E-10   0.136536E-10   0.237207E-10
   0.344500E+04  -0.137485E-10   0.135590E-10   0.266397E-10
   0.344600E+04  -0.130751E-10   0.134522E-10   0.295390E-10
   0.344700E+04  -0.123914E-10   0.133333E-10   0.324157E-10
   0.344800E+04  -0.116980E-10   0.132025E-10   0.352670E-10
   0.344900E+04  -0.109957E-10   0.130598E-10   0.380901E-10
   0.345000E+04  -0.102850E-10   0.129054E-10   0.408822E-10
   0.345100E+04  -0.956682E-11   0.127394E-10   0.436406E-10
   0.345200E+04  -0.884172E-11   0.125619E-10   0.463626E-10
   0.345300E+04  -0.811047E-11   0.123730E-10   0.490454E-10
   0.345400E+04  -0.737379E-11   0.121730E-10   0.516864E-10
   0.345500E+04  -0.663241E-11   0.119620E-10   0.542830E-10
   0.345600E+04  -0.588706E-11   0.117402E-10   0.568326E-10
   0.345700E+04  -0.513849E-11   0.115079E-10   0.593326E-10
   0.345800E+04  -0.438742E-11   0.112651E-10   0.617805E-10
   0.345900E+04  -0.363460E-11   0.110121E-10   0.641738E-10
   0.346000E+04  -0.288078E-11   0.107492E-10   0.665103E-10
   0.346100E+04  -0.212671E-11   0.104765E-10   0.687874E-10
   0.346200E+04  -0.137312E-11   0.101944E-10   0.710028E-10
   0.346300E+04  -0.620759E-12   0.990303E-11   0.731545E-10
   0.346400E+04   0.129623E-12   0.960273E-11   0.752400E-10
   0.346500E+04   0.877287E-12   0.929374E-11   0.772573E-10
   0.346600E+04   0.162149E-11   0.897636E-11   0.792044E-10
   0.346700E+04   0.236151E-11   0.865087E-11   0.810792E-10
   0.346800E+04   0.309660E-11   0.831757E-11   0.828797E-10
   0.346900E+04   0.382603E-11   0.797676E-11   0.846041E-10
   0.347000E+04   0.454910E-11   0.762877E-11   0.862506E-10
   0.347100E+04   0.526507E-11   0.727391E-11   0.878175E-10
   0.347200E+04   0.597325E-11   0.691252E-11   0.893030E-10
   0.347300E+04   0.667293E-11   0.654493E-11   0.907057E-10
   0.347400E+04   0.736341E-11   0.617148E-11   0.920240E-10
   0.347500E+04   0.804403E-11   0.579252E-11   0.932564E-10
   0.347600E+04   0.871409E-11   0.540840E-11   0.944017E-10
   0.347700E+04   0.937294E-11   0.501949E-11   0.954585E-10
   0.347800E+04   0.100199E-10   0.462616E-11   0.964257E-10
   0.347900E+04   0.106544E-10   0.422876E-11   0.973022E-10
   0.348000E+04   0.112757E-10   0.382768E-11   0.980870E-10
   0.348100E+04   0.118833E-10   0.342329E-11   0.987791E-10
   0.348200E+04   0.124766E-10   0.301598E-11   0.993777E-10
   0.348300E+04   0.130548E-10   0.260613E-11   0.998820E-10
   0.348400E+04   0.136176E-10   0.219414E-11   0.100291E-09
   0.348500E+04   0.141643E-10   0.178038E-11   0.100605E-09
   0.348600E+04   0.146944E-10   0.136527E-11   0.100823E-09
   0.348700E+04   0.152073E-10   0.949189E-12   0.100945E-09
   0.348800E+04   0.157026E-10   0.532539E-12   0.100970E-09
   0.348900E+04   0.161797E-10   0.115720E-12   0.100898E-09
   0.349000E+04   0.166382E-10  -0.300870E-12   0.100730E-09
   0.349100E+04   0.170776E-10  -0.716830E-12   0.100464E-09
   0.349200E+04   0.174975E-10  -0.113176E-11   0.100102E-09
   0.349300E+04   0.178975E-10  -0.154526E-11   0.996424E-10
   0.349400E+04   0.182771E-10  -0.195693E-11   0.990868E-10
   0.349500E+04   0.186360E-10  -0.236638E-11   0.984351E-10
   0.349600E+04   0.189739E-10  -0.277320E-11   0.976878E-10
   0.349700E+04   0.192903E-10  -0.317700E-11   0.968455E-10
   0.349800E+04   0.195851E-10  -0.357739E-11   0.959087E-10
   0.349900E+04   0.198578E-10  -0.397398E-11   0.948783E-10
   0.350000E+04   0.201082E-10  -0.436639E-11   0.937550E-10
   0.350100E+04   0.203361E-10  -0.475422E-11   0.925398E-10
   0.350200E+04   0.205412E-10  -0.513711E-11   0.912337E-10
   0.350300E+04   0.207234E-10  -0.551466E-11   0.898377E-10
   0.350400E+04   0.208824E-10  -0.588653E-11   0.883532E-10
   0.350500E+04   0.210181E-10  -0.625232E-11   0.867812E-10
   0.350600E+04   0.211303E-10  -0.661170E-11   0.851233E-10
   0.350700E+04   0.212190E-10  -0.696429E-11   0.833808E-10
   0.350800E+04   0.212841E-10  -0.730975E-11   0.815553E-10
   0.350900E+04   0.213254E-10  -0.764775E-11   0.796484E-10
   0.351000E+04   0.213430E-10  -0.797793E-11   0.776618E-10
   0.351100E+04   0.213368E-10  -0.829997E-11   0.755973E-10
   0.351200E+04   0.213069E-10  -0.861356E-11   0.734568E-10
   0.351300E+04   0.212532E-10  -0.891836E-11   0.712421E-10
   0.351400E+04   0.211759E-10  -0.921408E-11   0.689553E-10
   0.351500E+04   0.210749E-10  -0.950043E-11   0.665985E-10
   0.351600E+04   0.209505E-10  -0.977709E-11   0.641738E-10
   0.351700E+04   0.208027E-10  -0.100438E-10   0.616834E-10
   0.351800E+04   0.206317E-10  -0.103003E-10   0.591297E-10
   0.351900E+04   0.204377E-10  -0.105463E-10   0.565150E-10
   0.352000E+04   0.202208E-10  -0.107816E-10   0.538418E-10
   0.352100E+04   0.199813E-10  -0.110058E-10   0.511124E-10
   0.352200E+04   0.197194E-10  -0.112189E-10   0.483295E-10
   0.352300E+04   0.194354E-10  -0.114205E-10   0.454956E-10
   0.352400E+04   0.191295E-10  -0.116105E-10   0.426135E-10
   0.352500E+04   0.188022E-10  -0.117886E-10   0.396858E-10
   0.352600E+04   0.184537E-10  -0.119546E-10   0.367152E-10
   0.352700E+04   0.180844E-10  -0.121084E-10   0.337046E-10
   0.352800E+04   0.176946E-10  -0.122499E-10   0.306568E-10
   0.352900E+04   0.172848E-10  -0.123788E-10   0.275747E-10
   0.353000E+04   0.168554E-10  -0.124950E-10   0.244613E-10
   0.353100E+04   0.164068E-10  -0.125984E-10   0.213194E-10
   0.353200E+04   0.159395E-10  -0.126888E-10   0.181521E-10
   0.353300E+04   0.154539E-10  -0.127662E-10   0.149624E-10
   0.353400E+04   0.149506E-10  -0.128304E-10   0.117534E-10
   0.353500E+04   0.144300E-10  -0.128814E-10   0.852806E-11
   0.353600E+04   0.138928E-10  -0.129191E-10   0.528959E-11
   0.353700E+04   0.133394E-10  -0.129434E-10   0.204107E-11
   0.353800E+04   0.127705E-10  -0.129544E-10  -0.121437E-11
   0.353900E+04   0.121865E-10  -0.129519E-10  -0.447359E-11
   0.354000E+04   0.115882E-10  -0.129359E-10  -0.773343E-11
   0.354100E+04   0.109762E-10  -0.129065E-10  -0.109907E-10
   0.354200E+04   0.103510E-10  -0.128637E-10  -0.142423E-10
   0.354300E+04   0.971335E-11  -0.128074E-10  -0.174850E-10
   0.354400E+04   0.906388E-11  -0.127377E-10  -0.207157E-10
   0.354500E+04   0.840326E-11  -0.126546E-10  -0.239312E-10
   0.354600E+04   0.773219E-11  -0.125583E-10  -0.271284E-10
   0.354700E+04   0.705137E-11  -0.124487E-10  -0.303041E-10
   0.354800E+04   0.636150E-11  -0.123260E-10  -0.334552E-10
   0.354900E+04   0.566331E-11  -0.121902E-10  -0.365786E-10
   0.355000E+04   0.495753E-11  -0.120415E-10  -0.396713E-10
   0.355100E+04   0.424489E-11  -0.118800E-10  -0.427301E-10
   0.355200E+04   0.352614E-11  -0.117059E-10  -0.457520E-10
   0.355300E+04   0.280204E-11  -0.115192E-10  -0.487341E-10
   0.355400E+04   0.207334E-11  -0.113201E-10  -0.516733E-10
   0.355500E+04   0.134082E-11  -0.111088E-10  -0.545668E-10
   0.355600E+04   0.605250E-12  -0.108856E-10  -0.574116E-10
   0.355700E+04  -0.132596E-12  -0.106505E-10  -0.602049E-10
   0.355800E+04  -0.871936E-12  -0.104038E-10  -0.629438E-10
   0.355900E+04  -0.161199E-11  -0.101457E-10  -0.656257E-10
   0.356000E+04  -0.235196E-11  -0.987650E-11  -0.682478E-10
   0.356100E+04  -0.309107E-11  -0.959636E-11  -0.708075E-10
   0.356200E+04  -0.382852E-11  -0.930556E-11  -0.733021E-10
   0.356300E+04  -0.456354E-11  -0.900437E-11  -0.757292E-10
   0.356400E+04  -0.529532E-11  -0.869305E-11  -0.780861E-10
   0.356500E+04  -0.602309E-11  -0.837190E-11  -0.803706E-10
   0.356600E+04  -0.674607E-11  -0.804121E-11  -0.825802E-10
   0.356700E+04  -0.746347E-11  -0.770128E-11  -0.847127E-10
   0.356800E+04  -0.817452E-11  -0.735243E-11  -0.867659E-10
   0.356900E+04  -0.887844E-11  -0.699499E-11  -0.887376E-10
   0.357000E+04  -0.957448E-11  -0.662927E-11  -0.906257E-10
   0.357100E+04  -0.102619E-10  -0.625563E-11  -0.924283E-10
   0.357200E+04  -0.109399E-10  -0.587441E-11  -0.941434E-10
   0.357300E+04  -0.116077E-10  -0.548598E-11  -0.957693E-10
   0.357400E+04  -0.122647E-10  -0.509069E-11  -0.973041E-10
   0.357500E+04  -0.129100E-10  -0.468891E-11  -0.987463E-10
   0.357600E+04  -0.135431E-10  -0.428103E-11  -0.100094E-09
   0.357700E+04  -0.141631E-10  -0.386743E-11  -0.101346E-09
   0.357800E+04  -0.147694E-10  -0.344851E-11  -0.102501E-09
   0.357900E+04  -0.153613E-10  -0.302465E-11  -0.103558E-09
   0.358000E+04  -0.159381E-10  -0.259627E-11  -0.104515E-09
   0.358100E+04  -0.164993E-10  -0.216377E-11  -0.105371E-09
   0.358200E+04  -0.170440E-10  -0.172757E-11  -0.106125E-09
   0.358300E+04  -0.175718E-10  -0.128808E-11  -0.106777E-09
   0.358400E+04  -0.180820E-10  -0.845719E-12  -0.107325E-09
   0.358500E+04  -0.185740E-10  -0.400921E-12  -0.107769E-09
   0.358600E+04  -0.190472E-10   0.458894E-13  -0.108108E-09
   0.358700E+04  -0.195012E-10   0.494282E-12  -0.108341E-09
   0.358800E+04  -0.199353E-10   0.943823E-12  -0.108469E-09
   0.358900E+04  -0.203489E-10   0.139408E-11  -0.108490E-09
   0.359000E+04  -0.207418E-10   0.184461E-11  -0.108405E-09
   0.359100E+04  -0.211132E-10   0.229498E-11  -0.108214E-09
   0.359200E+04  -0.214629E-10   0.274475E-11  -0.107916E-09
   0.359300E+04  -0.217902E-10   0.319348E-11  -0.107511E-09
   0.359400E+04  -0.220949E-10   0.364073E-11  -0.107000E-09
   0.359500E+04  -0.223766E-10   0.408607E-11  -0.106384E-09
   0.359600E+04  -0.226347E-10   0.452905E-11  -0.105661E-09
   0.359700E+04  -0.228691E-10   0.496925E-11  -0.104834E-09
   0.359800E+04  -0.230793E-10   0.540622E-11  -0.103902E-09
   0.359900E+04  -0.232652E-10   0.583954E-11  -0.102867E-09
   0.360000E+04  -0.234262E-10   0.626877E-11  -0.101728E-09
   0.360100E+04  -0.235624E-10   0.669349E-11  -0.100488E-09
