   0.000000E+00  -0.940646E-10  -0.205432E-09   0.160105E-09
   0.100000E+01  -0.271906E-09  -0.179515E-09   0.147387E-09
   0.200000E+01  -0.427985E-09  -0.134650E-09   0.120748E-09
   0.300000E+01  -0.552142E-09  -0.747602E-10   0.840562E-10
   0.400000E+01  -0.636905E-09  -0.536838E-11   0.421001E-10
   0.500000E+01  -0.678017E-09   0.669443E-10   0.543168E-13
   0.600000E+01  -0.674674E-09   0.135185E-09  -0.370886E-10
   0.700000E+01  -0.629481E-09   0.192646E-09  -0.650560E-10
   0.800000E+01  -0.548112E-09   0.233583E-09  -0.807474E-10
   0.900000E+01  -0.438743E-09   0.253801E-09  -0.825534E-10
   0.100000E+02  -0.311283E-09   0.251090E-09  -0.705099E-10
   0.110000E+02  -0.176496E-09   0.225471E-09  -0.462711E-10
   0.120000E+02  -0.450828E-10   0.179208E-09  -0.129079E-10
   0.130000E+02   0.731932E-10   0.116609E-09   0.254472E-10
   0.140000E+02   0.170261E-09   0.436133E-10   0.640694E-10
   0.150000E+02   0.240319E-09  -0.327856E-10   0.981727E-10
   0.160000E+02   0.280194E-09  -0.105228E-09   0.123448E-09
   0.170000E+02   0.289454E-09  -0.166714E-09   0.136546E-09
   0.180000E+02   0.270272E-09  -0.211298E-09   0.135460E-09
   0.190000E+02   0.227086E-09  -0.234687E-09   0.119760E-09
   0.200000E+02   0.166063E-09  -0.234667E-09   0.906544E-10
   0.210000E+02   0.944470E-10  -0.211331E-09   0.508763E-10
   0.220000E+02   0.198515E-10  -0.167075E-09   0.440375E-11
   0.230000E+02  -0.504471E-10  -0.106365E-09  -0.439603E-10
   0.240000E+02  -0.110140E-09  -0.352938E-10  -0.890989E-10
   0.250000E+02  -0.154391E-09   0.390220E-10  -0.126131E-09
   0.260000E+02  -0.180182E-09   0.109152E-09  -0.150941E-09
   0.270000E+02  -0.186462E-09   0.168095E-09  -0.160636E-09
   0.280000E+02  -0.174113E-09   0.209973E-09  -0.153869E-09
   0.290000E+02  -0.145730E-09   0.230627E-09  -0.131012E-09
   0.300000E+02  -0.105263E-09   0.228028E-09  -0.941380E-10
   0.310000E+02  -0.575424E-10   0.202482E-09  -0.468293E-10
   0.320000E+02  -0.775995E-11   0.156598E-09   0.617809E-11
   0.330000E+02   0.390601E-10   0.950287E-10   0.594767E-10
   0.340000E+02   0.785370E-10   0.239965E-10   0.107545E-09
   0.350000E+02   0.107319E-09  -0.493275E-10   0.145323E-09
   0.360000E+02   0.123343E-09  -0.117548E-09   0.168748E-09
   0.370000E+02   0.125956E-09  -0.173790E-09   0.175190E-09
   0.380000E+02   0.115886E-09  -0.212391E-09   0.163743E-09
   0.390000E+02   0.950788E-10  -0.229474E-09   0.135339E-09
   0.400000E+02   0.664242E-10  -0.223336E-09   0.926769E-10
   0.410000E+02   0.334044E-10  -0.194619E-09   0.399578E-10
   0.420000E+02  -0.296692E-12  -0.146249E-09  -0.175287E-10
   0.430000E+02  -0.311815E-10  -0.831339E-10  -0.739412E-10
   0.440000E+02  -0.562835E-10  -0.116734E-10  -0.123483E-09
   0.450000E+02  -0.734384E-10   0.608924E-10  -0.161001E-09
   0.460000E+02  -0.814563E-10   0.127214E-09  -0.182523E-09
   0.470000E+02  -0.801835E-10   0.180577E-09  -0.185676E-09
   0.480000E+02  -0.704532E-10   0.215581E-09  -0.169952E-09
   0.490000E+02  -0.539361E-10   0.228686E-09  -0.136768E-09
   0.500000E+02  -0.329121E-10   0.218574E-09  -0.893471E-10
   0.510000E+02  -0.999076E-11   0.186278E-09  -0.323979E-10
   0.520000E+02   0.121876E-10   0.135084E-09   0.283539E-10
   0.530000E+02   0.312371E-10   0.701904E-10   0.867437E-10
   0.540000E+02   0.452693E-10  -0.181076E-11   0.136797E-09
   0.550000E+02   0.530687E-10  -0.736079E-10   0.173343E-09
   0.560000E+02   0.541871E-10  -0.137909E-09   0.192549E-09
   0.570000E+02   0.489494E-10  -0.188182E-09   0.192324E-09
   0.580000E+02   0.383744E-10  -0.219320E-09   0.172546E-09
   0.590000E+02   0.240247E-10  -0.228155E-09   0.135088E-09
   0.600000E+02   0.780269E-11  -0.213787E-09   0.836396E-10
   0.610000E+02  -0.828018E-11  -0.177673E-09   0.233444E-10
   0.620000E+02  -0.223359E-10  -0.123478E-09  -0.397173E-10
   0.630000E+02  -0.328080E-10  -0.567093E-10  -0.991430E-10
   0.640000E+02  -0.386337E-10   0.158471E-10  -0.148860E-09
   0.650000E+02  -0.393427E-10   0.868130E-10  -0.183748E-09
   0.660000E+02  -0.350864E-10   0.148968E-09  -0.200167E-09
   0.670000E+02  -0.265944E-10   0.195984E-09  -0.196338E-09
   0.680000E+02  -0.150675E-10   0.223069E-09  -0.172537E-09
   0.690000E+02  -0.202080E-11   0.227454E-09  -0.131076E-09
   0.700000E+02   0.109037E-10   0.208678E-09  -0.760800E-10
   0.710000E+02   0.221327E-10   0.168638E-09  -0.130769E-10
   0.720000E+02   0.303433E-10   0.111393E-09   0.515608E-10
   0.730000E+02   0.346103E-10   0.427566E-10   0.111260E-09
   0.740000E+02   0.345039E-10  -0.302919E-10   0.159919E-09
   0.750000E+02   0.301265E-10  -0.100320E-09   0.192529E-09
   0.760000E+02   0.220885E-10  -0.160195E-09   0.205693E-09
   0.770000E+02   0.114245E-10  -0.203810E-09   0.197981E-09
   0.780000E+02  -0.537057E-12  -0.226711E-09   0.170083E-09
   0.790000E+02  -0.123361E-10  -0.226543E-09   0.124749E-09
   0.800000E+02  -0.225553E-10  -0.203300E-09   0.665232E-10
   0.810000E+02  -0.299861E-10  -0.159324E-09   0.128110E-11
   0.820000E+02  -0.337688E-10  -0.990694E-10  -0.643578E-10
   0.830000E+02  -0.334889E-10  -0.286525E-10  -0.123704E-09
   0.840000E+02  -0.292211E-10   0.447692E-10  -0.170680E-09
   0.850000E+02  -0.215157E-10   0.113724E-09  -0.200442E-09
   0.860000E+02  -0.113296E-10   0.171188E-09  -0.209882E-09
   0.870000E+02   0.893845E-13   0.211297E-09  -0.197948E-09
   0.880000E+02   0.113512E-10   0.229950E-09  -0.165766E-09
   0.890000E+02   0.210880E-10   0.225221E-09  -0.116529E-09
   0.900000E+02   0.281157E-10   0.197567E-09  -0.551836E-10
   0.910000E+02   0.315728E-10   0.149776E-09   0.120669E-10
   0.920000E+02   0.310227E-10   0.866906E-10   0.783917E-10
   0.930000E+02   0.265059E-10   0.147156E-10   0.137025E-09
   0.940000E+02   0.185373E-10  -0.588318E-10   0.181958E-09
   0.950000E+02   0.804823E-11  -0.126466E-09   0.208550E-09
   0.960000E+02  -0.371917E-11  -0.181294E-09   0.214015E-09
   0.970000E+02  -0.153547E-10  -0.217720E-09   0.197706E-09
   0.980000E+02  -0.254425E-10  -0.232015E-09   0.161193E-09
   0.990000E+02  -0.327259E-10  -0.222699E-09   0.108111E-09
   0.100000E+03  -0.362546E-10  -0.190696E-09   0.437972E-10
   0.101000E+03  -0.354988E-10  -0.139240E-09  -0.252440E-10
   0.102000E+03  -0.304162E-10  -0.735503E-10  -0.920029E-10
   0.103000E+03  -0.214642E-10  -0.303714E-12  -0.149675E-09
   0.104000E+03  -0.955604E-11   0.730465E-10  -0.192355E-09
   0.105000E+03   0.403593E-11   0.139027E-09  -0.215643E-09
   0.106000E+03   0.178180E-10   0.190906E-09  -0.217099E-09
   0.107000E+03   0.302398E-10   0.223379E-09  -0.196495E-09
   0.108000E+03   0.398679E-10   0.233115E-09  -0.155853E-09
   0.109000E+03   0.455481E-10   0.219091E-09  -0.992395E-10
   0.110000E+03   0.465394E-10   0.182706E-09  -0.323630E-10
   0.111000E+03   0.426036E-10   0.127641E-09   0.380029E-10
   0.112000E+03   0.340407E-10   0.594810E-10   0.104707E-09
   0.113000E+03   0.216651E-10  -0.148429E-10   0.160946E-09
   0.114000E+03   0.672488E-11  -0.877639E-10   0.200962E-09
   0.115000E+03  -0.922771E-11  -0.151847E-09   0.220629E-09
   0.116000E+03  -0.245014E-10  -0.200548E-09   0.217883E-09
   0.117000E+03  -0.374481E-10  -0.228879E-09   0.192936E-09
   0.118000E+03  -0.466434E-10  -0.233924E-09   0.148262E-09
   0.119000E+03  -0.510448E-10  -0.215131E-09   0.883550E-10
   0.120000E+03  -0.501108E-10  -0.174380E-09   0.192736E-10
   0.121000E+03  -0.438674E-10  -0.115789E-09  -0.519681E-10
   0.122000E+03  -0.329132E-10  -0.453028E-10  -0.118114E-09
   0.123000E+03  -0.183635E-10   0.299165E-10  -0.172405E-09
   0.124000E+03  -0.173662E-11   0.102212E-09  -0.209269E-09
   0.125000E+03   0.152037E-10   0.164212E-09  -0.224892E-09
   0.126000E+03   0.306352E-10   0.209586E-09  -0.217616E-09
   0.127000E+03   0.428731E-10   0.233684E-09  -0.188108E-09
   0.128000E+03   0.505526E-10   0.234021E-09  -0.139307E-09
   0.129000E+03   0.527807E-10   0.210526E-09  -0.761280E-10
   0.130000E+03   0.492384E-10   0.165558E-09  -0.496499E-11
   0.131000E+03   0.402232E-10   0.103665E-09   0.669520E-10
   0.132000E+03   0.266255E-10   0.311286E-10   0.132294E-09
   0.133000E+03   0.984141E-11  -0.446769E-10   0.184378E-09
   0.134000E+03  -0.836951E-11  -0.116033E-09   0.217853E-09
   0.135000E+03  -0.260678E-10  -0.175664E-09   0.229247E-09
   0.136000E+03  -0.413386E-10  -0.217477E-09   0.217327E-09
   0.137000E+03  -0.524968E-10  -0.237187E-09   0.183233E-09
   0.138000E+03  -0.582699E-10  -0.232753E-09   0.130368E-09
   0.139000E+03  -0.579395E-10  -0.204594E-09   0.640586E-10
   0.140000E+03  -0.514255E-10  -0.155544E-09  -0.898267E-11
   0.141000E+03  -0.393041E-10  -0.905746E-10  -0.813365E-10
   0.142000E+03  -0.227557E-10  -0.162827E-10  -0.145632E-09
   0.143000E+03  -0.344821E-11   0.597726E-10  -0.195295E-09
   0.144000E+03   0.166325E-10   0.129841E-09  -0.225226E-09
   0.145000E+03   0.353881E-10   0.186773E-09  -0.232319E-09
   0.146000E+03   0.508279E-10   0.224743E-09  -0.215784E-09
   0.147000E+03   0.612804E-10   0.239854E-09  -0.177241E-09
   0.148000E+03   0.655732E-10   0.230530E-09  -0.120551E-09
   0.149000E+03   0.631634E-10   0.197684E-09  -0.514386E-10
   0.150000E+03   0.542025E-10   0.144629E-09   0.230903E-10
   0.151000E+03   0.395298E-10   0.767402E-10   0.954591E-10
   0.152000E+03   0.205927E-10   0.916986E-12   0.158290E-09
   0.153000E+03  -0.697446E-12  -0.751237E-10   0.205156E-09
   0.154000E+03  -0.221596E-10  -0.143630E-09   0.231241E-09
   0.155000E+03  -0.415683E-10  -0.197606E-09   0.233830E-09
   0.156000E+03  -0.568856E-10  -0.231525E-09   0.212600E-09
   0.157000E+03  -0.664762E-10  -0.241897E-09   0.169649E-09
   0.158000E+03  -0.692827E-10  -0.227626E-09   0.109298E-09
   0.159000E+03  -0.649426E-10  -0.190126E-09   0.376519E-10
   0.160000E+03  -0.538331E-10  -0.133181E-09  -0.380172E-10
   0.161000E+03  -0.370399E-10  -0.625647E-10  -0.110007E-09
   0.162000E+03  -0.162516E-10   0.145478E-10  -0.170971E-09
   0.163000E+03   0.641094E-11   0.903066E-10  -0.214665E-09
   0.164000E+03   0.286103E-10   0.156987E-09  -0.236590E-09
   0.165000E+03   0.480344E-10   0.207777E-09  -0.234453E-09
   0.166000E+03   0.626377E-10   0.237473E-09  -0.208410E-09
   0.167000E+03   0.708565E-10   0.243012E-09  -0.161051E-09
   0.168000E+03   0.717765E-10   0.223790E-09  -0.971496E-10
   0.169000E+03   0.652345E-10   0.181724E-09  -0.231758E-10
   0.170000E+03   0.518422E-10   0.121063E-09   0.533549E-10
   0.171000E+03   0.329297E-10   0.479604E-10   0.124647E-09
   0.172000E+03   0.104142E-10  -0.301550E-10   0.183417E-09
   0.173000E+03  -0.133942E-10  -0.105329E-09   0.223640E-09
   0.174000E+03  -0.360293E-10  -0.169896E-09   0.241166E-09
   0.175000E+03  -0.551238E-10  -0.217256E-09   0.234148E-09
   0.176000E+03  -0.686567E-10  -0.242553E-09   0.203234E-09
   0.177000E+03  -0.751661E-10  -0.243173E-09   0.151513E-09
   0.178000E+03  -0.739071E-10  -0.219011E-09   0.842037E-10
   0.179000E+03  -0.649353E-10  -0.172488E-09   0.812599E-11
   0.180000E+03  -0.491087E-10  -0.108308E-09  -0.689864E-10
   0.181000E+03  -0.280062E-10  -0.329841E-10  -0.139274E-09
   0.182000E+03  -0.376965E-11   0.458268E-10  -0.195551E-09
   0.183000E+03   0.211125E-10   0.120098E-09  -0.232043E-09
   0.184000E+03   0.440607E-10   0.182252E-09  -0.244976E-09
   0.185000E+03   0.626710E-10   0.225935E-09  -0.232965E-09
   0.186000E+03   0.749659E-10   0.246664E-09  -0.197170E-09
   0.187000E+03   0.796033E-10   0.242289E-09  -0.141173E-09
   0.188000E+03   0.760212E-10   0.213216E-09  -0.706284E-10
   0.189000E+03   0.645035E-10   0.162366E-09   0.731207E-11
   0.190000E+03   0.461579E-10   0.948877E-10   0.847242E-10
   0.191000E+03   0.228088E-10   0.176319E-10   0.153716E-09
   0.192000E+03  -0.318452E-11  -0.615428E-10   0.207234E-09
   0.193000E+03  -0.291674E-10  -0.134569E-09   0.239782E-09
   0.194000E+03  -0.524610E-10  -0.193993E-09   0.247988E-09
   0.195000E+03  -0.706393E-10  -0.233735E-09   0.230952E-09
   0.196000E+03  -0.817809E-10  -0.249711E-09   0.190344E-09
   0.197000E+03  -0.846720E-10  -0.240253E-09   0.130241E-09
   0.198000E+03  -0.789376E-10  -0.206285E-09   0.567191E-10
   0.199000E+03  -0.650867E-10  -0.151227E-09  -0.227644E-10
   0.200000E+03  -0.444673E-10  -0.806588E-10  -0.100124E-09
   0.201000E+03  -0.191342E-10  -0.174770E-11  -0.167471E-09
   0.202000E+03   0.835711E-11   0.774750E-10  -0.217918E-09
   0.203000E+03   0.352095E-10   0.148933E-09  -0.246279E-09
   0.204000E+03   0.586703E-10   0.205328E-09  -0.249612E-09
   0.205000E+03   0.763152E-10   0.240884E-09  -0.227515E-09
   0.206000E+03   0.862996E-10   0.251942E-09  -0.182177E-09
   0.207000E+03   0.875529E-10   0.237330E-09  -0.118164E-09
   0.208000E+03   0.798940E-10   0.198495E-09  -0.419563E-10
   0.209000E+03   0.640560E-10   0.139353E-09   0.387075E-10
   0.210000E+03   0.416171E-10   0.658983E-10   0.115614E-09
   0.211000E+03   0.148437E-10  -0.144065E-10   0.180913E-09
   0.212000E+03  -0.135377E-10  -0.933869E-10   0.227918E-09
   0.213000E+03  -0.406188E-10  -0.162990E-09   0.251791E-09
   0.214000E+03  -0.636070E-10  -0.216104E-09   0.250040E-09
   0.215000E+03  -0.801140E-10  -0.247286E-09   0.222780E-09
   0.216000E+03  -0.884042E-10  -0.253321E-09   0.172726E-09
   0.217000E+03  -0.875774E-10  -0.233549E-09   0.104925E-09
   0.218000E+03  -0.776671E-10  -0.189942E-09   0.262465E-10
   0.219000E+03  -0.596430E-10  -0.126902E-09  -0.553149E-10
   0.220000E+03  -0.353175E-10  -0.508227E-10  -0.131450E-09
   0.221000E+03  -0.716401E-11   0.305644E-10  -0.194380E-09
   0.222000E+03   0.219330E-10   0.108973E-09  -0.237656E-09
   0.223000E+03   0.489726E-10   0.176406E-09  -0.256814E-09
   0.224000E+03   0.711454E-10   0.225972E-09  -0.249838E-09
   0.225000E+03   0.861242E-10   0.252589E-09  -0.217372E-09
   0.226000E+03   0.923068E-10   0.253505E-09  -0.162659E-09
   0.227000E+03   0.889858E-10   0.228585E-09  -0.912199E-10
   0.228000E+03   0.764272E-10   0.180325E-09  -0.102928E-10
   0.229000E+03   0.558500E-10   0.113606E-09   0.718979E-10
   0.230000E+03   0.293068E-10   0.351996E-10   0.146978E-09
   0.231000E+03  -0.521743E-12  -0.469215E-10   0.207279E-09
   0.232000E+03  -0.305976E-10  -0.124391E-09   0.246617E-09
   0.233000E+03  -0.578360E-10  -0.189304E-09   0.260931E-09
   0.234000E+03  -0.794214E-10  -0.235020E-09   0.248702E-09
   0.235000E+03  -0.930990E-10  -0.256846E-09   0.211111E-09
   0.236000E+03  -0.974094E-10  -0.252517E-09   0.151927E-09
   0.237000E+03  -0.918438E-10  -0.222428E-09   0.771302E-10
   0.238000E+03  -0.769025E-10  -0.169604E-09  -0.569384E-11
   0.239000E+03  -0.540495E-10  -0.993913E-10  -0.881232E-10
   0.240000E+03  -0.255684E-10  -0.189187E-10  -0.161756E-09
   0.241000E+03   0.566653E-11   0.636264E-10  -0.219067E-09
   0.242000E+03   0.364818E-10   0.139831E-09  -0.254176E-09
   0.243000E+03   0.637282E-10   0.201915E-09  -0.263455E-09
   0.244000E+03   0.846039E-10   0.243522E-09  -0.245896E-09
   0.245000E+03   0.969438E-10   0.260373E-09  -0.203230E-09
   0.246000E+03   0.994449E-10   0.250707E-09  -0.139748E-09
   0.247000E+03   0.918049E-10   0.215461E-09  -0.618750E-10
   0.248000E+03   0.747588E-10   0.158182E-09   0.224816E-10
   0.249000E+03   0.500092E-10   0.846710E-10   0.104735E-09
   0.250000E+03   0.200568E-10   0.239162E-11   0.176491E-09
   0.251000E+03  -0.120513E-10  -0.802836E-10   0.230408E-09
   0.252000E+03  -0.430315E-10  -0.154928E-09   0.260945E-09
   0.253000E+03  -0.696993E-10  -0.213917E-09   0.264932E-09
   0.254000E+03  -0.892962E-10  -0.251210E-09   0.241898E-09
   0.255000E+03  -0.997750E-10  -0.262967E-09   0.194128E-09
   0.256000E+03  -0.100014E-09  -0.247945E-09   0.126434E-09
   0.257000E+03  -0.899364E-10  -0.207626E-09   0.456713E-10
   0.258000E+03  -0.705246E-10  -0.146076E-09  -0.399542E-10
   0.259000E+03  -0.437245E-10  -0.695307E-10  -0.121722E-09
   0.260000E+03  -0.122509E-10   0.142335E-10  -0.191282E-09
   0.261000E+03   0.206861E-10   0.966914E-10  -0.241511E-09
   0.262000E+03   0.517088E-10   0.169436E-09  -0.267237E-09
   0.263000E+03   0.776168E-10   0.225036E-09  -0.265776E-09
   0.264000E+03   0.957168E-10   0.257794E-09  -0.237210E-09
   0.265000E+03   0.104102E-09   0.264331E-09  -0.184383E-09
   0.266000E+03   0.101850E-09   0.243935E-09  -0.112621E-09
   0.267000E+03   0.891267E-10   0.198640E-09  -0.291952E-10
   0.268000E+03   0.671721E-10   0.133018E-09   0.574173E-10
   0.269000E+03   0.381801E-10   0.537249E-10   0.138393E-09
   0.270000E+03   0.507933E-11  -0.311814E-10   0.205462E-09
   0.271000E+03  -0.287636E-10  -0.113055E-09   0.251751E-09
   0.272000E+03  -0.598862E-10  -0.183545E-09   0.272490E-09
   0.273000E+03  -0.850850E-10  -0.235447E-09   0.265501E-09
   0.274000E+03  -0.101745E-09  -0.263436E-09   0.231428E-09
   0.275000E+03  -0.108109E-09  -0.264619E-09   0.173679E-09
   0.276000E+03  -0.103467E-09  -0.238829E-09   0.980830E-10
   0.277000E+03  -0.882294E-10  -0.188648E-09   0.123036E-10
   0.278000E+03  -0.638938E-10  -0.119149E-09  -0.749388E-10
   0.279000E+03  -0.328971E-10  -0.373832E-10  -0.154753E-09
   0.280000E+03   0.162902E-11   0.483346E-10  -0.218985E-09
   0.281000E+03   0.361750E-10   0.129274E-09  -0.261048E-09
   0.282000E+03   0.672105E-10   0.197175E-09  -0.276599E-09
   0.283000E+03   0.915456E-10   0.245093E-09  -0.263989E-09
   0.284000E+03   0.106659E-09   0.268109E-09  -0.224436E-09
   0.285000E+03   0.110959E-09   0.263833E-09  -0.161907E-09
   0.286000E+03   0.103951E-09   0.232655E-09  -0.827199E-10
   0.287000E+03   0.862946E-10   0.177706E-09   0.509150E-11
   0.288000E+03   0.597408E-10   0.104546E-09   0.925963E-10
   0.289000E+03   0.269581E-10   0.206025E-10   0.170873E-09
   0.290000E+03  -0.873481E-11  -0.655855E-10   0.231921E-09
   0.291000E+03  -0.437065E-10  -0.145235E-09   0.269474E-09
   0.292000E+03  -0.743819E-10  -0.210215E-09   0.279650E-09
   0.293000E+03  -0.976087E-10  -0.253875E-09   0.261345E-09
   0.294000E+03  -0.110981E-09  -0.271726E-09   0.216360E-09
   0.295000E+03  -0.113090E-09  -0.261903E-09   0.149216E-09
   0.296000E+03  -0.103671E-09  -0.225360E-09   0.667080E-10
   0.297000E+03  -0.836382E-10  -0.165775E-09  -0.227890E-10
   0.298000E+03  -0.549930E-10  -0.891817E-10  -0.110167E-09
   0.299000E+03  -0.206275E-10  -0.335891E-11  -0.186512E-09
   0.300000E+03   0.159690E-10   0.829601E-10  -0.244014E-09
   0.301000E+03   0.510639E-10   0.160976E-09  -0.276766E-09
   0.302000E+03   0.810620E-10   0.222721E-09  -0.281372E-09
   0.303000E+03   0.102874E-09   0.261871E-09  -0.257294E-09
   0.304000E+03   0.114236E-09   0.274396E-09  -0.206921E-09
   0.305000E+03   0.113941E-09   0.258970E-09  -0.135327E-09
   0.306000E+03   0.101973E-09   0.217118E-09  -0.497629E-10
   0.307000E+03   0.795088E-10   0.153059E-09   0.410804E-10
   0.308000E+03   0.488051E-10   0.732844E-10   0.127952E-09
   0.309000E+03   0.129725E-10  -0.141017E-10   0.201983E-09
   0.310000E+03  -0.243397E-10  -0.100204E-09   0.255595E-09
   0.311000E+03  -0.593142E-10  -0.176244E-09   0.283273E-09
   0.312000E+03  -0.883558E-10  -0.234452E-09   0.282130E-09
   0.313000E+03  -0.108460E-09  -0.268862E-09   0.252215E-09
   0.314000E+03  -0.117524E-09  -0.275926E-09   0.196509E-09
   0.315000E+03  -0.114565E-09  -0.254877E-09   0.120630E-09
   0.316000E+03  -0.998268E-10  -0.207810E-09   0.322649E-10
   0.317000E+03  -0.747598E-10  -0.139479E-09  -0.596061E-10
   0.318000E+03  -0.418788E-10  -0.568122E-10  -0.145625E-09
   0.319000E+03  -0.451013E-11   0.317869E-10  -0.217008E-09
   0.320000E+03   0.335447E-10   0.117297E-09  -0.266443E-09
   0.321000E+03   0.683957E-10   0.190994E-09  -0.288838E-09
   0.322000E+03   0.964617E-10   0.245345E-09  -0.281846E-09
   0.323000E+03   0.114838E-09   0.274775E-09  -0.246110E-09
   0.324000E+03   0.121598E-09   0.276239E-09  -0.185207E-09
   0.325000E+03   0.115990E-09   0.249540E-09  -0.105284E-09
   0.326000E+03   0.985268E-10   0.197350E-09  -0.144474E-10
   0.327000E+03   0.709320E-10   0.124945E-09   0.780693E-10
   0.328000E+03   0.359732E-10   0.396723E-10   0.162838E-09
   0.329000E+03  -0.281744E-11  -0.497981E-10   0.231198E-09
   0.330000E+03  -0.415007E-10  -0.134351E-09   0.276143E-09
   0.331000E+03  -0.761310E-10  -0.205358E-09   0.293037E-09
   0.332000E+03  -0.103160E-09  -0.255554E-09   0.280093E-09
   0.333000E+03  -0.119799E-09  -0.279785E-09   0.238563E-09
   0.334000E+03  -0.124311E-09  -0.275533E-09   0.172615E-09
   0.335000E+03  -0.116188E-09  -0.243182E-09   0.889200E-10
   0.336000E+03  -0.962122E-10  -0.185978E-09  -0.402939E-11
   0.337000E+03  -0.663785E-10  -0.109709E-09  -0.967755E-10
   0.338000E+03  -0.296972E-10  -0.221153E-10  -0.179859E-09
   0.339000E+03   0.101099E-10   0.678937E-10  -0.244786E-09
   0.340000E+03   0.489870E-10   0.151147E-09  -0.284891E-09
   0.341000E+03   0.829574E-10   0.219145E-09  -0.296026E-09
   0.342000E+03   0.108530E-09   0.264929E-09  -0.276988E-09
   0.343000E+03   0.123060E-09   0.283792E-09  -0.229648E-09
   0.344000E+03   0.125018E-09   0.273764E-09  -0.158766E-09
   0.345000E+03   0.114159E-09   0.235815E-09  -0.715168E-10
   0.346000E+03   0.915429E-10   0.173764E-09   0.232411E-10
   0.347000E+03   0.594409E-10   0.938924E-10   0.115861E-09
   0.348000E+03   0.211017E-10   0.431101E-11   0.196891E-09
   0.349000E+03  -0.195735E-10  -0.858664E-10   0.258040E-09
   0.350000E+03  -0.584281E-10  -0.167449E-09   0.293022E-09
   0.351000E+03  -0.914737E-10  -0.232106E-09   0.298207E-09
   0.352000E+03  -0.115299E-09  -0.273218E-09   0.272993E-09
   0.353000E+03  -0.127421E-09  -0.286553E-09   0.219877E-09
   0.354000E+03  -0.126543E-09  -0.270704E-09   0.144206E-09
   0.355000E+03  -0.112690E-09  -0.227235E-09   0.536425E-10
   0.356000E+03  -0.872173E-10  -0.160531E-09  -0.426165E-10
   0.357000E+03  -0.526718E-10  -0.773508E-10  -0.134770E-09
   0.358000E+03  -0.125402E-10   0.138546E-10  -0.213413E-09
   0.359000E+03   0.291039E-10   0.103801E-09  -0.270493E-09
   0.360000E+03   0.680144E-10   0.183318E-09  -0.300141E-09
   0.361000E+03   0.100205E-09   0.244281E-09  -0.299266E-09
   0.362000E+03   0.122357E-09   0.280443E-09  -0.267885E-09
   0.363000E+03   0.132164E-09   0.288075E-09  -0.209124E-09
   0.364000E+03   0.128569E-09   0.266349E-09  -0.128909E-09
   0.365000E+03   0.111877E-09   0.217430E-09  -0.353647E-10
   0.366000E+03   0.837325E-10   0.146257E-09   0.620029E-10
   0.367000E+03   0.469566E-10   0.600494E-10   0.153277E-09
   0.368000E+03   0.526159E-11  -0.324315E-10   0.229139E-09
   0.369000E+03  -0.371224E-10  -0.121768E-09   0.281818E-09
   0.370000E+03  -0.758779E-10  -0.198845E-09   0.305889E-09
   0.371000E+03  -0.107040E-09  -0.255785E-09   0.298833E-09
   0.372000E+03  -0.127404E-09  -0.286747E-09   0.261296E-09
   0.373000E+03  -0.134852E-09  -0.288529E-09   0.197033E-09
   0.374000E+03  -0.128580E-09  -0.260897E-09   0.112535E-09
   0.375000E+03  -0.109176E-09  -0.206617E-09   0.163696E-10
   0.376000E+03  -0.785758E-10  -0.131177E-09  -0.816863E-10
   0.377000E+03  -0.398612E-10  -0.422296E-10  -0.171639E-09
   0.378000E+03   0.304400E-11   0.511806E-10  -0.244299E-09
   0.379000E+03   0.457741E-10   0.139538E-09  -0.292217E-09
   0.380000E+03   0.839650E-10   0.213827E-09  -0.310449E-09
   0.381000E+03   0.113700E-09   0.266448E-09  -0.297066E-09
   0.382000E+03   0.131910E-09   0.291999E-09  -0.253360E-09
   0.383000E+03   0.136694E-09   0.287828E-09  -0.183716E-09
   0.384000E+03   0.127513E-09   0.254307E-09  -0.951724E-10
   0.385000E+03   0.105253E-09   0.194804E-09   0.328652E-11
   0.386000E+03   0.721392E-10   0.115338E-09   0.101646E-09
   0.387000E+03   0.315153E-10   0.239763E-10   0.189877E-09
   0.388000E+03  -0.124966E-10  -0.699880E-10   0.258960E-09
   0.389000E+03  -0.554118E-10  -0.156980E-09   0.301808E-09
   0.390000E+03  -0.928407E-10  -0.228118E-09   0.313990E-09
   0.391000E+03  -0.120937E-09  -0.276123E-09   0.294193E-09
   0.392000E+03  -0.136794E-09  -0.296059E-09   0.244361E-09
   0.393000E+03  -0.138742E-09  -0.285845E-09   0.169504E-09
   0.394000E+03  -0.126528E-09  -0.246470E-09   0.771951E-10
   0.395000E+03  -0.101344E-09  -0.181896E-09  -0.231939E-10
   0.396000E+03  -0.657120E-10  -0.986630E-10  -0.121447E-09
   0.397000E+03  -0.232302E-10  -0.522368E-11  -0.207543E-09
   0.398000E+03   0.217884E-10   0.889136E-10  -0.272675E-09
   0.399000E+03   0.647549E-10   0.174152E-09  -0.310155E-09
   0.400000E+03   0.101272E-09   0.241787E-09  -0.316097E-09
   0.401000E+03   0.127584E-09   0.284891E-09  -0.289824E-09
   0.402000E+03   0.140963E-09   0.299026E-09  -0.233938E-09
   0.403000E+03   0.139990E-09   0.282700E-09  -0.154072E-09
   0.404000E+03   0.124709E-09   0.237524E-09  -0.583113E-10
   0.405000E+03   0.966238E-10   0.168052E-09   0.436153E-10
   0.406000E+03   0.585518E-10   0.813234E-10   0.141330E-09
   0.407000E+03   0.143421E-10  -0.138497E-10   0.224859E-09
   0.408000E+03  -0.315141E-10  -0.107780E-09   0.285653E-09
   0.409000E+03  -0.743397E-10  -0.190889E-09   0.317461E-09
   0.410000E+03  -0.109749E-09  -0.254685E-09   0.316972E-09
   0.411000E+03  -0.134095E-09  -0.292630E-09   0.284161E-09
   0.412000E+03  -0.144847E-09  -0.300810E-09   0.222300E-09
   0.413000E+03  -0.140852E-09  -0.278338E-09   0.137628E-09
   0.414000E+03  -0.122458E-09  -0.227451E-09   0.387272E-10
   0.415000E+03  -0.914851E-10  -0.153287E-09  -0.643516E-10
   0.416000E+03  -0.510438E-10  -0.633650E-10  -0.161107E-09
   0.417000E+03  -0.522386E-11   0.331752E-10  -0.241659E-09
   0.418000E+03   0.413201E-10   0.126504E-09  -0.297756E-09
   0.419000E+03   0.838411E-10   0.207100E-09  -0.323621E-09
   0.420000E+03   0.117985E-09   0.266725E-09  -0.316548E-09
   0.421000E+03   0.140235E-09   0.299264E-09  -0.277180E-09
   0.422000E+03   0.148275E-09   0.301350E-09  -0.209457E-09
   0.423000E+03   0.141232E-09   0.272719E-09  -0.120221E-09
   0.424000E+03   0.119766E-09   0.216233E-09  -0.185202E-10
   0.425000E+03   0.860149E-10   0.137601E-09   0.853026E-10
   0.426000E+03   0.433767E-10   0.448013E-10   0.180665E-09
   0.427000E+03  -0.383024E-11  -0.527323E-10   0.257822E-09
   0.428000E+03  -0.508049E-10  -0.145065E-09   0.308862E-09
   0.429000E+03  -0.927519E-10  -0.222777E-09   0.328520E-09
   0.430000E+03  -0.125371E-09  -0.277918E-09   0.314717E-09
   0.431000E+03  -0.145300E-09  -0.304830E-09   0.268782E-09
   0.432000E+03  -0.150456E-09  -0.300718E-09   0.195323E-09
   0.433000E+03  -0.140260E-09  -0.265948E-09   0.101767E-09
   0.434000E+03  -0.115697E-09  -0.204009E-09  -0.239284E-11
   0.435000E+03  -0.792240E-10  -0.121169E-09  -0.106559E-09
   0.436000E+03  -0.345216E-10  -0.258334E-10  -0.200108E-09
   0.437000E+03   0.138737E-10   0.723004E-10  -0.273474E-09
   0.438000E+03   0.610311E-10   0.163235E-09  -0.319126E-09
   0.439000E+03   0.102127E-09   0.237688E-09  -0.332343E-09
   0.440000E+03   0.132939E-09   0.288044E-09  -0.311697E-09
   0.441000E+03   0.150276E-09   0.309126E-09  -0.259211E-09
   0.442000E+03   0.152313E-09   0.298738E-09  -0.180161E-09
   0.443000E+03   0.138778E-09   0.257882E-09  -0.825406E-10
   0.444000E+03   0.110989E-09   0.190673E-09   0.237400E-10
   0.445000E+03   0.717239E-10   0.103917E-09   0.127866E-09
   0.446000E+03   0.249445E-10   0.642275E-11   0.219216E-09
   0.447000E+03  -0.246057E-10  -0.918883E-10   0.288445E-09
   0.448000E+03  -0.718807E-10  -0.180996E-09   0.328442E-09
   0.449000E+03  -0.112046E-09  -0.251802E-09   0.335058E-09
   0.450000E+03  -0.140975E-09  -0.297056E-09   0.307539E-09
   0.451000E+03  -0.155667E-09  -0.312102E-09   0.248607E-09
   0.452000E+03  -0.154566E-09  -0.295355E-09   0.164195E-09
   0.453000E+03  -0.137719E-09  -0.248468E-09   0.628465E-10
   0.454000E+03  -0.106777E-09  -0.176171E-09  -0.451469E-10
   0.455000E+03  -0.648395E-10  -0.857905E-10  -0.148793E-09
   0.456000E+03  -0.161351E-10   0.134897E-10  -0.237516E-09
   0.457000E+03   0.343993E-10   0.111563E-09  -0.302237E-09
   0.458000E+03   0.816222E-10   0.198428E-09  -0.336302E-09
   0.459000E+03   0.120710E-09   0.265211E-09  -0.336167E-09
   0.460000E+03   0.147651E-09   0.305067E-09  -0.301766E-09
   0.461000E+03   0.159658E-09   0.313888E-09  -0.236527E-09
   0.462000E+03   0.155456E-09   0.290720E-09  -0.147026E-09
   0.463000E+03   0.135416E-09   0.237870E-09  -0.423333E-10
   0.464000E+03   0.101530E-09   0.160677E-09   0.669151E-10
   0.465000E+03   0.572059E-10   0.669662E-10   0.169592E-09
   0.466000E+03   0.692915E-11  -0.337350E-10   0.255216E-09
   0.467000E+03  -0.441916E-10  -0.131172E-09   0.315018E-09
   0.468000E+03  -0.909436E-10  -0.215407E-09   0.342841E-09
   0.469000E+03  -0.128542E-09  -0.277827E-09   0.335775E-09
   0.470000E+03  -0.153118E-09  -0.312031E-09   0.294460E-09
   0.471000E+03  -0.162119E-09  -0.314485E-09   0.223028E-09
   0.472000E+03  -0.154574E-09  -0.284881E-09   0.128693E-09
   0.473000E+03  -0.131194E-09  -0.226184E-09   0.210186E-10
   0.474000E+03  -0.943140E-10  -0.144326E-09  -0.890483E-10
   0.475000E+03  -0.476514E-10  -0.476131E-10  -0.190291E-09
   0.476000E+03   0.406184E-11   0.541206E-10  -0.272368E-09
   0.477000E+03   0.555609E-10   0.150512E-09  -0.326866E-09
   0.478000E+03   0.101583E-09   0.231726E-09  -0.348163E-09
   0.479000E+03   0.137405E-09   0.289456E-09  -0.334012E-09
   0.480000E+03   0.159327E-09   0.317777E-09  -0.285773E-09
   0.481000E+03   0.165054E-09   0.313750E-09  -0.208283E-09
   0.482000E+03   0.153934E-09   0.277730E-09  -0.109374E-09
   0.483000E+03   0.127036E-09   0.213335E-09   0.919415E-12
   0.484000E+03   0.870409E-10   0.127082E-09   0.111380E-09
   0.485000E+03   0.379768E-10   0.277250E-10   0.210748E-09
   0.486000E+03  -0.151855E-10  -0.746279E-10   0.288865E-09
   0.487000E+03  -0.670378E-10  -0.169547E-09   0.337720E-09
   0.488000E+03  -0.112284E-09  -0.247343E-09   0.352264E-09
   0.489000E+03  -0.146282E-09  -0.300054E-09   0.330934E-09
   0.490000E+03  -0.165518E-09  -0.322264E-09   0.275821E-09
   0.491000E+03  -0.167972E-09  -0.311655E-09   0.192468E-09
   0.492000E+03  -0.153326E-09  -0.269253E-09   0.893050E-10
   0.493000E+03  -0.123007E-09  -0.199324E-09  -0.231946E-10
   0.494000E+03  -0.800451E-10  -0.108952E-09  -0.133583E-09
   0.495000E+03  -0.287728E-10  -0.731411E-11  -0.230602E-09
   0.496000E+03   0.256138E-10   0.952476E-10  -0.304327E-09
   0.497000E+03   0.775806E-10   0.188278E-09  -0.347189E-09
   0.498000E+03   0.121819E-09   0.262277E-09  -0.354747E-09
   0.499000E+03   0.153789E-09   0.309668E-09  -0.326147E-09
   0.500000E+03   0.170184E-09   0.325572E-09  -0.264223E-09
   0.501000E+03   0.169273E-09   0.308314E-09  -0.175211E-09
   0.502000E+03   0.151086E-09   0.259596E-09  -0.681232E-10
   0.503000E+03   0.117411E-09   0.184330E-09   0.461621E-10
   0.504000E+03   0.716280E-10   0.901423E-10   0.156009E-09
   0.505000E+03   0.183611E-10  -0.133975E-10   0.250206E-09
   0.506000E+03  -0.369829E-10  -0.115751E-09   0.319112E-09
   0.507000E+03  -0.887644E-10  -0.206482E-09   0.355640E-09
   0.508000E+03  -0.131686E-09  -0.276322E-09   0.355990E-09
   0.509000E+03  -0.161333E-09  -0.318116E-09   0.320039E-09
   0.510000E+03  -0.174629E-09  -0.327555E-09   0.251368E-09
   0.511000E+03  -0.170152E-09  -0.303623E-09   0.156899E-09
   0.512000E+03  -0.148288E-09  -0.248702E-09   0.462037E-10
   0.513000E+03  -0.111199E-09  -0.168338E-09  -0.694703E-10
   0.514000E+03  -0.626070E-10  -0.706811E-10  -0.178341E-09
   0.515000E+03  -0.742250E-11   0.343436E-10  -0.269292E-09
   0.516000E+03   0.487522E-10   0.136042E-09  -0.333008E-09
   0.517000E+03   0.100192E-09   0.224042E-09  -0.362927E-09
   0.518000E+03   0.141631E-09   0.289350E-09  -0.355918E-09
   0.519000E+03   0.168805E-09   0.325270E-09  -0.312606E-09
   0.520000E+03   0.178884E-09   0.328090E-09  -0.237320E-09
   0.521000E+03   0.170774E-09   0.297470E-09  -0.137660E-09
   0.522000E+03   0.145229E-09   0.236473E-09  -0.237251E-10
   0.523000E+03   0.104782E-09   0.151267E-09   0.929023E-10
   0.524000E+03   0.534999E-10   0.504981E-10   0.200340E-09
   0.525000E+03  -0.343386E-11  -0.555870E-10   0.287613E-09
   0.526000E+03  -0.602375E-10  -0.156183E-09   0.345777E-09
   0.527000E+03  -0.111120E-09  -0.241025E-09   0.368832E-09
   0.528000E+03  -0.150872E-09  -0.301438E-09   0.354346E-09
   0.529000E+03  -0.175398E-09  -0.331222E-09   0.303703E-09
   0.530000E+03  -0.182139E-09  -0.327291E-09   0.221982E-09
   0.531000E+03  -0.170338E-09  -0.289989E-09   0.117437E-09
   0.532000E+03  -0.141126E-09  -0.223064E-09   0.670076E-12
   0.533000E+03  -0.974126E-10  -0.133289E-09  -0.116444E-09
   0.534000E+03  -0.435974E-10  -0.297790E-10  -0.221970E-09
   0.535000E+03   0.148739E-10   0.769364E-10  -0.305124E-09
   0.536000E+03   0.720599E-10   0.175983E-09  -0.357375E-09
   0.537000E+03   0.122127E-09   0.257250E-09  -0.373326E-09
   0.538000E+03   0.159945E-09   0.312424E-09  -0.351264E-09
   0.539000E+03   0.181613E-09   0.335835E-09  -0.293348E-09
   0.540000E+03   0.184859E-09   0.325046E-09  -0.205396E-09
   0.541000E+03   0.169282E-09   0.281099E-09  -0.963004E-10
   0.542000E+03   0.136396E-09   0.208420E-09   0.228686E-10
   0.543000E+03   0.894865E-10   0.114372E-09   0.139989E-09
   0.544000E+03   0.332788E-10   0.850834E-11   0.243120E-09
   0.545000E+03  -0.265354E-10  -0.983972E-10   0.321718E-09
   0.546000E+03  -0.838755E-10  -0.195447E-09   0.367714E-09
   0.547000E+03  -0.132890E-09  -0.272728E-09   0.376346E-09
   0.548000E+03  -0.168555E-09  -0.322330E-09   0.346646E-09
   0.549000E+03  -0.187186E-09  -0.339149E-09   0.281554E-09
   0.550000E+03  -0.186824E-09  -0.321414E-09   0.187621E-09
   0.551000E+03  -0.167435E-09  -0.270877E-09   0.743553E-10
   0.552000E+03  -0.130927E-09  -0.192636E-09  -0.467434E-10
   0.553000E+03  -0.809579E-10  -0.946207E-10  -0.163350E-09
   0.554000E+03  -0.225733E-10   0.132082E-10  -0.263568E-09
   0.555000E+03   0.383059E-10   0.119873E-09  -0.337146E-09
   0.556000E+03   0.954820E-10   0.214498E-09  -0.376521E-09
   0.557000E+03   0.143112E-09   0.287414E-09  -0.377600E-09
   0.558000E+03   0.176303E-09   0.331151E-09  -0.340185E-09
   0.559000E+03   0.191619E-09   0.341202E-09  -0.268001E-09
   0.560000E+03   0.187429E-09   0.316485E-09  -0.168323E-09
   0.561000E+03   0.164091E-09   0.259463E-09  -0.512493E-10
   0.562000E+03   0.123912E-09   0.175895E-09   0.713277E-10
   0.563000E+03   0.709274E-10   0.742563E-10   0.186926E-09
   0.564000E+03   0.104957E-10  -0.351204E-10   0.283746E-09
   0.565000E+03  -0.512457E-10  -0.141097E-09   0.351874E-09
   0.566000E+03  -0.108001E-09  -0.232864E-09   0.384299E-09
   0.567000E+03  -0.153957E-09  -0.301042E-09   0.377630E-09
   0.568000E+03  -0.184381E-09  -0.338642E-09   0.332456E-09
   0.569000E+03  -0.196102E-09  -0.341781E-09   0.253290E-09
   0.570000E+03  -0.187846E-09  -0.310081E-09   0.148120E-09
   0.571000E+03  -0.160371E-09  -0.246717E-09   0.276051E-10
   0.572000E+03  -0.116395E-09  -0.158099E-09  -0.960091E-10
   0.573000E+03  -0.603352E-10  -0.532191E-10  -0.210131E-09
   0.574000E+03   0.214532E-11   0.572555E-10  -0.303106E-09
   0.575000E+03   0.647026E-10   0.162071E-09  -0.365410E-09
   0.576000E+03   0.120959E-09   0.250531E-09  -0.390621E-09
   0.577000E+03   0.165151E-09   0.313591E-09  -0.376082E-09
   0.578000E+03   0.192723E-09   0.344779E-09  -0.323182E-09
   0.579000E+03   0.200790E-09   0.340864E-09  -0.237222E-09
   0.580000E+03   0.188447E-09   0.302187E-09  -0.126885E-09
   0.581000E+03   0.156861E-09   0.232636E-09  -0.335946E-11
   0.582000E+03   0.109167E-09   0.139251E-09   0.120797E-09
   0.583000E+03   0.501529E-10   0.315154E-10   0.232934E-09
   0.584000E+03  -0.142188E-10  -0.796104E-10   0.321594E-09
   0.585000E+03  -0.774157E-10  -0.182801E-09   0.377687E-09
   0.586000E+03  -0.132998E-09  -0.267523E-09   0.395423E-09
   0.587000E+03  -0.175274E-09  -0.325108E-09   0.372903E-09
   0.588000E+03  -0.199885E-09  -0.349640E-09   0.312330E-09
   0.589000E+03  -0.204252E-09  -0.338563E-09   0.219789E-09
   0.590000E+03  -0.187849E-09  -0.292950E-09   0.104636E-09
   0.591000E+03  -0.152263E-09  -0.217394E-09  -0.214449E-10
   0.592000E+03  -0.101040E-09  -0.119550E-09  -0.145630E-09
   0.593000E+03  -0.393370E-10  -0.935826E-11  -0.255258E-09
   0.594000E+03   0.266038E-10   0.101967E-09  -0.339123E-09
   0.595000E+03   0.900810E-10   0.203078E-09  -0.388617E-09
   0.596000E+03   0.144617E-09   0.283648E-09  -0.398616E-09
   0.597000E+03   0.184618E-09   0.335431E-09  -0.368008E-09
   0.598000E+03   0.205947E-09   0.353099E-09  -0.299817E-09
   0.599000E+03   0.206353E-09   0.334797E-09  -0.200905E-09
   0.600000E+03   0.185707E-09   0.282333E-09  -0.812792E-10
   0.601000E+03   0.146024E-09   0.201001E-09   0.469181E-10
   0.602000E+03   0.912668E-10   0.990477E-10   0.170643E-09
   0.603000E+03   0.269502E-10  -0.131656E-10   0.277276E-09
   0.604000E+03  -0.404123E-10  -0.124214E-09   0.355911E-09
   0.605000E+03  -0.103970E-09  -0.222774E-09   0.398469E-09
   0.606000E+03  -0.157228E-09  -0.298776E-09   0.400528E-09
   0.607000E+03  -0.194715E-09  -0.344435E-09   0.361782E-09
   0.608000E+03  -0.212540E-09  -0.355049E-09   0.286083E-09
   0.609000E+03  -0.208799E-09  -0.329480E-09   0.181056E-09
   0.610000E+03  -0.183773E-09  -0.270278E-09   0.573352E-10
   0.611000E+03  -0.139915E-09  -0.183427E-09  -0.725197E-10
   0.612000E+03  -0.816035E-10  -0.777392E-10  -0.195292E-09
   0.613000E+03  -0.147088E-10   0.360383E-10  -0.298458E-09
   0.614000E+03   0.539994E-10   0.146316E-09  -0.371460E-09
   0.615000E+03   0.117537E-09   0.241845E-09  -0.406791E-09
   0.616000E+03   0.169415E-09   0.312859E-09  -0.400764E-09
   0.617000E+03   0.204304E-09   0.352079E-09  -0.353897E-09
   0.618000E+03   0.218579E-09   0.355455E-09  -0.270871E-09
   0.619000E+03   0.210698E-09   0.322588E-09  -0.160059E-09
   0.620000E+03   0.181365E-09   0.256771E-09  -0.326874E-10
   0.621000E+03   0.133471E-09   0.164665E-09   0.983068E-10
   0.622000E+03   0.718102E-10   0.556198E-10   0.219587E-09
   0.623000E+03   0.259477E-11  -0.592699E-10   0.318776E-09
   0.624000E+03  -0.671658E-10  -0.168298E-09   0.385720E-09
   0.625000E+03  -0.130377E-09  -0.260336E-09   0.413523E-09
   0.626000E+03  -0.180579E-09  -0.325972E-09   0.399267E-09
   0.627000E+03  -0.212610E-09  -0.358470E-09   0.344306E-09
   0.628000E+03  -0.223133E-09  -0.354464E-09   0.254147E-09
   0.629000E+03  -0.210987E-09  -0.314305E-09   0.137896E-09
   0.630000E+03  -0.177311E-09  -0.242032E-09   0.733507E-11
   0.631000E+03  -0.125440E-09  -0.144963E-09  -0.124267E-09
   0.632000E+03  -0.605779E-10  -0.329588E-10  -0.243507E-09
   0.633000E+03   0.107307E-10   0.825820E-10  -0.338208E-09
   0.634000E+03   0.812547E-10   0.189882E-09  -0.398669E-09
   0.635000E+03   0.143811E-09   0.277987E-09  -0.418651E-09
   0.636000E+03   0.191997E-09   0.337881E-09  -0.396029E-09
   0.637000E+03   0.220844E-09   0.363411E-09  -0.333008E-09
   0.638000E+03   0.227327E-09   0.351922E-09  -0.235917E-09
   0.639000E+03   0.210687E-09   0.304525E-09  -0.114569E-09
   0.640000E+03   0.172513E-09   0.226000E-09   0.187308E-10
   0.641000E+03   0.116593E-09   0.124305E-09   0.150431E-09
   0.642000E+03   0.485375E-10   0.977528E-11   0.267114E-09
   0.643000E+03  -0.247815E-10  -0.105928E-09   0.356859E-09
   0.644000E+03  -0.959257E-10  -0.211008E-09   0.410466E-09
   0.645000E+03  -0.157643E-09  -0.294730E-09   0.422393E-09
   0.646000E+03  -0.203609E-09  -0.348523E-09   0.391330E-09
   0.647000E+03  -0.229070E-09  -0.366853E-09   0.320346E-09
   0.648000E+03  -0.231338E-09  -0.347798E-09   0.216581E-09
   0.649000E+03  -0.210072E-09  -0.293240E-09   0.905303E-10
   0.650000E+03  -0.167323E-09  -0.208690E-09  -0.450173E-10
   0.651000E+03  -0.107340E-09  -0.102724E-09  -0.176277E-09
   0.652000E+03  -0.361414E-10   0.138835E-10  -0.289870E-09
   0.653000E+03   0.390811E-10   0.129257E-09  -0.374187E-09
   0.654000E+03   0.110693E-09   0.231628E-09  -0.420575E-09
   0.655000E+03   0.171391E-09   0.310534E-09  -0.424223E-09
   0.656000E+03   0.214944E-09   0.357893E-09  -0.384665E-09
   0.657000E+03   0.236836E-09   0.368826E-09  -0.305832E-09
   0.658000E+03   0.234731E-09   0.342160E-09  -0.195664E-09
   0.659000E+03   0.208720E-09   0.280559E-09  -0.653121E-10
   0.660000E+03   0.161329E-09   0.190252E-09   0.719952E-10
   0.661000E+03   0.972663E-10   0.804048E-10   0.202290E-09
   0.662000E+03   0.229611E-10  -0.378078E-10   0.312287E-09
   0.663000E+03  -0.540842E-10  -0.152342E-09   0.390739E-09
   0.664000E+03  -0.126051E-09  -0.251509E-09   0.429586E-09
   0.665000E+03  -0.185597E-09  -0.325173E-09   0.424784E-09
   0.666000E+03  -0.226604E-09  -0.365780E-09   0.376724E-09
   0.667000E+03  -0.244808E-09  -0.369140E-09   0.290202E-09
   0.668000E+03  -0.238237E-09  -0.334852E-09   0.173941E-09
   0.669000E+03  -0.207429E-09  -0.266360E-09   0.397123E-10
   0.670000E+03  -0.155385E-09  -0.170597E-09  -0.988576E-10
   0.671000E+03  -0.872777E-10  -0.572915E-10  -0.227671E-09
   0.672000E+03  -0.994030E-11   0.620243E-10  -0.333592E-09
   0.673000E+03   0.688230E-10   0.175188E-09  -0.405786E-09
   0.674000E+03   0.141022E-09   0.270646E-09  -0.436831E-09
   0.675000E+03   0.199292E-09   0.338633E-09  -0.423475E-09
   0.676000E+03   0.237643E-09   0.372174E-09  -0.366981E-09
   0.677000E+03   0.252078E-09   0.367794E-09  -0.273006E-09
   0.678000E+03   0.241003E-09   0.325885E-09  -0.151034E-09
   0.679000E+03   0.205409E-09   0.250664E-09  -0.134196E-10
   0.680000E+03   0.148778E-09   0.149758E-09   0.125863E-09
   0.681000E+03   0.767475E-10   0.334214E-10   0.252639E-09
   0.682000E+03  -0.345362E-11  -0.864982E-10   0.353979E-09
   0.683000E+03  -0.837284E-10  -0.197772E-09   0.419512E-09
   0.684000E+03  -0.155929E-09  -0.289033E-09   0.442491E-09
   0.685000E+03  -0.212684E-09  -0.350942E-09   0.420486E-09
   0.686000E+03  -0.248148E-09  -0.377138E-09   0.355639E-09
   0.687000E+03  -0.258605E-09  -0.364896E-09   0.254458E-09
   0.688000E+03  -0.242855E-09  -0.315408E-09   0.127162E-09
   0.689000E+03  -0.202351E-09  -0.233669E-09  -0.133507E-10
   0.690000E+03  -0.141062E-09  -0.127973E-09  -0.152810E-09
   0.691000E+03  -0.650916E-10  -0.906873E-11  -0.277022E-09
   0.692000E+03   0.179372E-10   0.110928E-09  -0.373316E-09
   0.693000E+03   0.996407E-10   0.219775E-09  -0.431835E-09
   0.694000E+03   0.171722E-09   0.306348E-09  -0.446544E-09
   0.695000E+03   0.226813E-09   0.361780E-09  -0.415856E-09
   0.696000E+03   0.259224E-09   0.380368E-09  -0.342795E-09
   0.697000E+03   0.265531E-09   0.360162E-09  -0.234706E-09
   0.698000E+03   0.244936E-09   0.303169E-09  -0.102510E-09
   0.699000E+03   0.199360E-09   0.215153E-09   0.403961E-10
   0.700000E+03   0.133268E-09   0.105053E-09   0.179501E-09
   0.701000E+03   0.532263E-10  -0.159247E-10   0.300649E-09
   0.702000E+03  -0.327439E-10  -0.135446E-09   0.391484E-09
   0.703000E+03  -0.115975E-09  -0.241308E-09   0.442709E-09
   0.704000E+03  -0.188024E-09  -0.322683E-09   0.449036E-09
   0.705000E+03  -0.241529E-09  -0.371229E-09   0.409735E-09
   0.706000E+03  -0.270958E-09  -0.381940E-09   0.328711E-09
   0.707000E+03  -0.273182E-09  -0.353669E-09   0.214123E-09
   0.708000E+03  -0.247804E-09  -0.289244E-09   0.775565E-10
   0.709000E+03  -0.197215E-09  -0.195191E-09  -0.671458E-10
   0.710000E+03  -0.126370E-09  -0.810707E-10  -0.205289E-09
   0.711000E+03  -0.423006E-10   0.414937E-10  -0.322817E-09
   0.712000E+03   0.465805E-10   0.159998E-09  -0.407746E-09
   0.713000E+03   0.131324E-09   0.262335E-09  -0.451384E-09
   0.714000E+03   0.203341E-09   0.338028E-09  -0.449221E-09
   0.715000E+03   0.255279E-09   0.379307E-09  -0.401394E-09
   0.716000E+03   0.281762E-09   0.381904E-09  -0.312686E-09
   0.717000E+03   0.279956E-09   0.345495E-09  -0.192041E-09
   0.718000E+03   0.249862E-09   0.273741E-09  -0.516653E-10
   0.719000E+03   0.194337E-09   0.173917E-09   0.942085E-10
   0.720000E+03   0.118824E-09   0.561780E-10   0.230765E-09
   0.721000E+03   0.308164E-10  -0.674766E-10   0.344111E-09
   0.722000E+03  -0.608822E-10  -0.184423E-09   0.422690E-09
   0.723000E+03  -0.147040E-09  -0.282705E-09   0.458460E-09
   0.724000E+03  -0.218922E-09  -0.352251E-09   0.447716E-09
   0.725000E+03  -0.269178E-09  -0.385913E-09   0.391475E-09
   0.726000E+03  -0.292588E-09  -0.380196E-09   0.295377E-09
   0.727000E+03  -0.286602E-09  -0.335624E-09   0.169124E-09
   0.728000E+03  -0.251619E-09  -0.256690E-09   0.254930E-10
   0.729000E+03  -0.190960E-09  -0.151410E-09  -0.120952E-09
   0.730000E+03  -0.110555E-09  -0.304993E-10  -0.255340E-09
   0.731000E+03  -0.183668E-10   0.937075E-10  -0.364002E-09
   0.732000E+03   0.764012E-10   0.208521E-09  -0.435866E-09
   0.733000E+03   0.164219E-09   0.302192E-09  -0.463577E-09
   0.734000E+03   0.236189E-09   0.365111E-09  -0.444259E-09
   0.735000E+03   0.284940E-09   0.390800E-09  -0.379805E-09
   0.736000E+03   0.305383E-09   0.376574E-09  -0.276696E-09
   0.737000E+03   0.295236E-09   0.323824E-09  -0.145346E-09
   0.738000E+03   0.255273E-09   0.237883E-09   0.949675E-12
   0.739000E+03   0.189270E-09   0.127487E-09   0.147362E-09
   0.740000E+03   0.103644E-09   0.388792E-11   0.279033E-09
   0.741000E+03   0.683246E-11  -0.120295E-09   0.382582E-09
   0.742000E+03  -0.915410E-10  -0.232360E-09   0.447468E-09
   0.743000E+03  -0.181619E-09  -0.320824E-09   0.467063E-09
   0.744000E+03  -0.254297E-09  -0.376598E-09   0.439329E-09
   0.745000E+03  -0.302141E-09  -0.393921E-09   0.367026E-09
   0.746000E+03  -0.320142E-09  -0.370958E-09   0.257440E-09
   0.747000E+03  -0.306236E-09  -0.309992E-09   0.121648E-09
   0.748000E+03  -0.261532E-09  -0.217199E-09  -0.266071E-10
   0.749000E+03  -0.190228E-09  -0.102023E-09  -0.172306E-09
   0.750000E+03  -0.992106E-10   0.237818E-10  -0.300677E-09
   0.751000E+03   0.260430E-11   0.147353E-09  -0.398694E-09
   0.752000E+03   0.105150E-09   0.256033E-09  -0.456401E-09
   0.753000E+03   0.198199E-09   0.338665E-09  -0.467923E-09
   0.754000E+03   0.272384E-09   0.386736E-09  -0.432063E-09
   0.755000E+03   0.320132E-09   0.395261E-09  -0.352427E-09
   0.756000E+03   0.336436E-09   0.363292E-09  -0.237060E-09
   0.757000E+03   0.319370E-09   0.294029E-09  -0.976285E-10
   0.758000E+03   0.270307E-09   0.194501E-09   0.517563E-10
   0.759000E+03   0.193811E-09   0.748518E-10   0.195973E-09
   0.760000E+03   0.972088E-10  -0.526905E-10   0.320422E-09
   0.761000E+03  -0.101122E-10  -0.175063E-09   0.412504E-09
   0.762000E+03  -0.117615E-09  -0.279703E-09   0.462900E-09
   0.763000E+03  -0.214647E-09  -0.355839E-09   0.466510E-09
   0.764000E+03  -0.291490E-09  -0.395598E-09   0.422976E-09
   0.765000E+03  -0.340331E-09  -0.394821E-09   0.336711E-09
   0.766000E+03  -0.356048E-09  -0.353497E-09   0.216453E-09
   0.767000E+03  -0.336738E-09  -0.275775E-09   0.743788E-10
   0.768000E+03  -0.283939E-09  -0.169549E-09  -0.751358E-10
   0.769000E+03  -0.202502E-09  -0.456617E-10  -0.216969E-09
   0.770000E+03  -0.100153E-09   0.832051E-10  -0.336785E-09
   0.771000E+03   0.132449E-10   0.203824E-09  -0.422488E-09
   0.772000E+03   0.126638E-09   0.303780E-09  -0.465441E-09
   0.773000E+03   0.228854E-09   0.372743E-09  -0.461340E-09
   0.774000E+03   0.309700E-09   0.403539E-09  -0.410640E-09
   0.775000E+03   0.360974E-09   0.392896E-09  -0.318509E-09
   0.776000E+03   0.377290E-09   0.341787E-09  -0.194300E-09
   0.777000E+03   0.356645E-09   0.255350E-09  -0.505956E-10
   0.778000E+03   0.300660E-09   0.142364E-09   0.980585E-10
   0.779000E+03   0.214478E-09   0.143667E-10   0.236627E-09
   0.780000E+03   0.106320E-09  -0.115532E-09   0.351096E-09
   0.781000E+03  -0.132560E-10  -0.233989E-09   0.429881E-09
   0.782000E+03  -0.132330E-09  -0.328808E-09   0.464978E-09
   0.783000E+03  -0.238733E-09  -0.390198E-09   0.452756E-09
   0.784000E+03  -0.321194E-09  -0.411795E-09   0.394295E-09
   0.785000E+03  -0.370425E-09  -0.391339E-09   0.295258E-09
   0.786000E+03  -0.380020E-09  -0.330923E-09   0.165289E-09
   0.787000E+03  -0.347108E-09  -0.236800E-09   0.170241E-10
   0.788000E+03  -0.272679E-09  -0.118766E-09  -0.135198E-09
   0.789000E+03  -0.161565E-09   0.108411E-10  -0.276787E-09
   0.790000E+03  -0.220677E-10   0.138394E-09  -0.394362E-09
   0.791000E+03   0.134722E-09   0.250382E-09  -0.477076E-09
   0.792000E+03   0.295864E-09   0.334814E-09  -0.517670E-09
   0.793000E+03   0.447677E-09   0.382470E-09  -0.513148E-09
   0.794000E+03   0.576908E-09   0.387885E-09  -0.465014E-09
   0.795000E+03   0.671869E-09   0.349952E-09  -0.379032E-09
   0.796000E+03   0.723437E-09   0.272087E-09  -0.264569E-09
   0.797000E+03   0.725831E-09   0.161923E-09  -0.133561E-09
   0.798000E+03   0.677088E-09   0.305835E-10   0.771700E-12
   0.799000E+03   0.579225E-09  -0.108425E-09   0.125313E-09
   0.800000E+03   0.438054E-09  -0.240561E-09   0.228425E-09
   0.801000E+03   0.262688E-09  -0.351726E-09   0.301137E-09
   0.802000E+03   0.647776E-10  -0.429706E-09   0.338036E-09
   0.803000E+03  -0.142440E-09  -0.465445E-09   0.337773E-09
   0.804000E+03  -0.345206E-09  -0.454005E-09   0.303118E-09
   0.805000E+03  -0.530309E-09  -0.395128E-09   0.240576E-09
   0.806000E+03  -0.686081E-09  -0.293325E-09   0.159602E-09
   0.807000E+03  -0.803230E-09  -0.157497E-09   0.714926E-10
   0.808000E+03  -0.875448E-09  -0.974697E-13  -0.119105E-10
   0.809000E+03  -0.899751E-09   0.164053E-09  -0.795751E-10
   0.810000E+03  -0.876541E-09   0.319212E-09  -0.122541E-09
   0.811000E+03  -0.809392E-09   0.450260E-09  -0.134954E-09
   0.812000E+03  -0.704597E-09   0.544199E-09  -0.114754E-09
   0.813000E+03  -0.570530E-09   0.591448E-09  -0.639473E-10
   0.814000E+03  -0.416890E-09   0.586819E-09   0.115779E-10
   0.815000E+03  -0.253895E-09   0.530056E-09   0.102669E-09
   0.816000E+03  -0.915033E-10   0.425900E-09   0.197901E-09
   0.817000E+03   0.612737E-10   0.283658E-09   0.284842E-09
   0.818000E+03   0.196919E-09   0.116320E-09   0.351449E-09
   0.819000E+03   0.309782E-09  -0.606856E-10   0.387456E-09
   0.820000E+03   0.396253E-09  -0.230979E-09   0.385595E-09
   0.821000E+03   0.454763E-09  -0.378817E-09   0.342515E-09
   0.822000E+03   0.485610E-09  -0.490613E-09   0.259307E-09
   0.823000E+03   0.490661E-09  -0.556255E-09   0.141549E-09
   0.824000E+03   0.472970E-09  -0.570080E-09  -0.112234E-11
   0.825000E+03   0.436361E-09  -0.531403E-09  -0.155892E-09
   0.826000E+03   0.385025E-09  -0.444576E-09  -0.308008E-09
   0.827000E+03   0.323164E-09  -0.318530E-09  -0.442267E-09
   0.828000E+03   0.254718E-09  -0.165891E-09  -0.544582E-09
   0.829000E+03   0.183186E-09  -0.171872E-11  -0.603488E-09
   0.830000E+03   0.111544E-09   0.157976E-09  -0.611404E-09
   0.831000E+03   0.422516E-10   0.297806E-09  -0.565538E-09
   0.832000E+03  -0.226781E-10   0.404514E-09  -0.468319E-09
   0.833000E+03  -0.815722E-10   0.468252E-09  -0.327302E-09
   0.834000E+03  -0.132983E-09   0.483524E-09  -0.154555E-09
   0.835000E+03  -0.175593E-09   0.449689E-09   0.344306E-10
   0.836000E+03  -0.208172E-09   0.370975E-09   0.222200E-09
   0.837000E+03  -0.229577E-09   0.256015E-09   0.391020E-09
   0.838000E+03  -0.238830E-09   0.116943E-09   0.524635E-09
   0.839000E+03  -0.235234E-09  -0.318465E-10   0.609895E-09
   0.840000E+03  -0.218527E-09  -0.175163E-09   0.638118E-09
   0.841000E+03  -0.189049E-09  -0.298545E-09   0.606015E-09
   0.842000E+03  -0.147877E-09  -0.389707E-09   0.516103E-09
   0.843000E+03  -0.969193E-10  -0.439753E-09   0.376543E-09
   0.844000E+03  -0.389212E-10  -0.444043E-09   0.200408E-09
   0.845000E+03   0.226128E-10  -0.402621E-09   0.446349E-11
   0.846000E+03   0.836019E-10  -0.320176E-09  -0.192443E-09
   0.847000E+03   0.139663E-09  -0.205522E-09  -0.371218E-09
   0.848000E+03   0.186458E-09  -0.706787E-10  -0.514395E-09
   0.849000E+03   0.220082E-09   0.703743E-10  -0.607881E-09
   0.850000E+03   0.237454E-09   0.203131E-09  -0.642372E-09
   0.851000E+03   0.236669E-09   0.314035E-09  -0.614314E-09
   0.852000E+03   0.217265E-09   0.391852E-09  -0.526299E-09
   0.853000E+03   0.180371E-09   0.428798E-09  -0.386854E-09
   0.854000E+03   0.128710E-09   0.421306E-09  -0.209640E-09
   0.855000E+03   0.664422E-10   0.370367E-09  -0.121311E-10
   0.856000E+03  -0.114312E-11   0.281402E-09   0.186096E-09
   0.857000E+03  -0.680682E-10   0.163682E-09   0.365292E-09
   0.858000E+03  -0.128203E-09   0.293639E-10   0.507496E-09
   0.859000E+03  -0.175845E-09  -0.107763E-09   0.598340E-09
   0.860000E+03  -0.206291E-09  -0.233692E-09   0.628495E-09
   0.861000E+03  -0.216339E-09  -0.335629E-09   0.594636E-09
   0.862000E+03  -0.204658E-09  -0.403286E-09   0.499813E-09
   0.863000E+03  -0.171999E-09  -0.429920E-09   0.353180E-09
   0.864000E+03  -0.121200E-09  -0.413003E-09   0.169129E-09
   0.865000E+03  -0.569860E-10  -0.354453E-09  -0.341172E-10
   0.866000E+03   0.144291E-10  -0.260419E-09  -0.236292E-09
   0.867000E+03   0.859044E-10  -0.140631E-09  -0.417093E-09
   0.868000E+03   0.150050E-09  -0.738414E-11  -0.558206E-09
   0.869000E+03   0.199954E-09   0.125725E-09  -0.645131E-09
   0.870000E+03   0.229891E-09   0.245201E-09  -0.668654E-09
   0.871000E+03   0.235934E-09   0.339022E-09  -0.625793E-09
   0.872000E+03   0.216412E-09   0.397868E-09  -0.520122E-09
   0.873000E+03   0.172153E-09   0.416057E-09  -0.361459E-09
   0.874000E+03   0.106492E-09   0.392107E-09  -0.164918E-09
   0.875000E+03   0.250194E-10   0.328869E-09   0.505604E-10
   0.876000E+03  -0.648960E-10   0.233208E-09   0.264071E-09
   0.877000E+03  -0.154779E-09   0.115279E-09   0.454803E-09
   0.878000E+03  -0.235851E-09  -0.125345E-10   0.604105E-09
   0.879000E+03  -0.299889E-09  -0.136906E-09   0.697330E-09
   0.880000E+03  -0.340052E-09  -0.244945E-09   0.725302E-09
   0.881000E+03  -0.351595E-09  -0.325521E-09   0.685229E-09
   0.882000E+03  -0.332395E-09  -0.370409E-09   0.580999E-09
   0.883000E+03  -0.283232E-09  -0.375129E-09   0.422795E-09
   0.884000E+03  -0.207786E-09  -0.339392E-09   0.226102E-09
   0.885000E+03  -0.112355E-09  -0.267123E-09   0.101694E-10
   0.886000E+03  -0.530068E-11  -0.166040E-09  -0.203892E-09
   0.887000E+03   0.103721E-09  -0.468471E-10  -0.395207E-09
   0.888000E+03   0.204671E-09   0.778797E-10  -0.545207E-09
   0.889000E+03   0.288099E-09   0.194997E-09  -0.639472E-09
   0.890000E+03   0.346075E-09   0.292155E-09  -0.669165E-09
   0.891000E+03   0.372993E-09   0.359080E-09  -0.631901E-09
   0.892000E+03   0.366154E-09   0.388630E-09  -0.531978E-09
   0.893000E+03   0.326079E-09   0.377540E-09  -0.379936E-09
   0.894000E+03   0.256509E-09   0.326754E-09  -0.191494E-09
   0.895000E+03   0.164079E-09   0.241334E-09   0.140331E-10
   0.896000E+03   0.577109E-10   0.129937E-09   0.215678E-09
   0.897000E+03  -0.522354E-10   0.392403E-11   0.392930E-09
   0.898000E+03  -0.154966E-09  -0.123810E-09   0.527795E-09
   0.899000E+03  -0.240313E-09  -0.240160E-09   0.606607E-09
   0.900000E+03  -0.299750E-09  -0.333163E-09   0.621400E-09
   0.901000E+03  -0.327253E-09  -0.393231E-09   0.570711E-09
   0.902000E+03  -0.319932E-09  -0.414134E-09   0.459722E-09
   0.903000E+03  -0.278353E-09  -0.393645E-09   0.299739E-09
   0.904000E+03  -0.206516E-09  -0.333775E-09   0.107051E-09
   0.905000E+03  -0.111502E-09  -0.240563E-09  -0.987189E-10
   0.906000E+03  -0.279128E-11  -0.123465E-09  -0.296591E-09
   0.907000E+03   0.108656E-09   0.561841E-11  -0.466354E-09
   0.908000E+03   0.211482E-09   0.133557E-09  -0.590609E-09
   0.909000E+03   0.295069E-09   0.247339E-09  -0.656536E-09
   0.910000E+03   0.350617E-09   0.335399E-09  -0.657195E-09
   0.911000E+03   0.372048E-09   0.388806E-09  -0.592242E-09
   0.912000E+03   0.356651E-09   0.402177E-09  -0.467974E-09
   0.913000E+03   0.305400E-09   0.374223E-09  -0.296707E-09
   0.914000E+03   0.222894E-09   0.307883E-09  -0.955429E-10
   0.915000E+03   0.116940E-09   0.210022E-09   0.115349E-09
   0.916000E+03  -0.219687E-11   0.907190E-10   0.314765E-09
   0.917000E+03  -0.122799E-09  -0.377573E-10   0.482602E-09
   0.918000E+03  -0.232866E-09  -0.162213E-09   0.601899E-09
   0.919000E+03  -0.321320E-09  -0.269878E-09   0.660552E-09
   0.920000E+03  -0.379143E-09  -0.349712E-09   0.652552E-09
   0.921000E+03  -0.400312E-09  -0.393536E-09   0.578608E-09
   0.922000E+03  -0.382443E-09  -0.396865E-09   0.446088E-09
   0.923000E+03  -0.327082E-09  -0.359365E-09   0.268299E-09
   0.924000E+03  -0.239592E-09  -0.284883E-09   0.631541E-10
   0.925000E+03  -0.128655E-09  -0.181049E-09  -0.148619E-09
   0.926000E+03  -0.543186E-11  -0.584891E-10  -0.345567E-09
   0.927000E+03   0.117549E-09   0.702632E-10  -0.507670E-09
   0.928000E+03   0.227649E-09   0.192054E-09  -0.618372E-09
   0.929000E+03   0.313411E-09   0.294455E-09  -0.666257E-09
   0.930000E+03   0.365749E-09   0.367037E-09  -0.646221E-09
   0.931000E+03   0.378913E-09   0.402432E-09  -0.560006E-09
   0.932000E+03   0.351124E-09   0.397086E-09  -0.416047E-09
   0.933000E+03   0.284826E-09   0.351613E-09  -0.228648E-09
   0.934000E+03   0.186494E-09   0.270727E-09  -0.165568E-10
   0.935000E+03   0.660435E-10   0.162752E-09   0.198903E-09
   0.936000E+03  -0.641364E-10   0.387622E-10   0.395973E-09
   0.937000E+03  -0.190406E-09  -0.885592E-10   0.554646E-09
   0.938000E+03  -0.299256E-09  -0.206222E-09   0.658686E-09
   0.939000E+03  -0.378697E-09  -0.302259E-09   0.697275E-09
   0.940000E+03  -0.419522E-09  -0.366956E-09   0.666118E-09
   0.941000E+03  -0.416304E-09  -0.393835E-09   0.567903E-09
   0.942000E+03  -0.368038E-09  -0.380315E-09   0.412056E-09
   0.943000E+03  -0.278336E-09  -0.327967E-09   0.213820E-09
   0.944000E+03  -0.155163E-09  -0.242339E-09  -0.724943E-11
   0.945000E+03  -0.101246E-10  -0.132374E-09  -0.229225E-09
   0.946000E+03   0.142630E-09  -0.948626E-11  -0.429996E-09
   0.947000E+03   0.287782E-09   0.113625E-09  -0.589476E-09
   0.948000E+03   0.410366E-09   0.224283E-09  -0.691620E-09
   0.949000E+03   0.497286E-09   0.311140E-09  -0.726032E-09
   0.950000E+03   0.538678E-09   0.365343E-09  -0.689027E-09
   0.951000E+03   0.528975E-09   0.381441E-09  -0.584010E-09
   0.952000E+03   0.467557E-09   0.357935E-09  -0.421154E-09
   0.953000E+03   0.358928E-09   0.297425E-09  -0.216404E-09
   0.954000E+03   0.212376E-09   0.206334E-09   0.101011E-10
   0.955000E+03   0.411533E-10   0.942309E-10   0.236032E-09
   0.956000E+03  -0.138759E-09  -0.271603E-10   0.439085E-09
   0.957000E+03  -0.310182E-09  -0.145180E-09   0.599210E-09
   0.958000E+03  -0.456411E-09  -0.247541E-09   0.700608E-09
   0.959000E+03  -0.562888E-09  -0.323601E-09   0.733312E-09
   0.960000E+03  -0.618672E-09  -0.365458E-09   0.694185E-09
   0.961000E+03  -0.617594E-09  -0.368767E-09   0.587242E-09
   0.962000E+03  -0.558946E-09  -0.333178E-09   0.423250E-09
   0.963000E+03  -0.447647E-09  -0.262373E-09   0.218662E-09
   0.964000E+03  -0.293854E-09  -0.163679E-09  -0.602321E-11
   0.965000E+03  -0.112036E-09  -0.473022E-10  -0.228309E-09
   0.966000E+03   0.803828E-10   0.747240E-10  -0.425946E-09
   0.967000E+03   0.264706E-09   0.189787E-09  -0.579162E-09
   0.968000E+03   0.422800E-09   0.285998E-09  -0.672641E-09
   0.969000E+03   0.538903E-09   0.353414E-09  -0.697065E-09
   0.970000E+03   0.601230E-09   0.385062E-09  -0.650057E-09
   0.971000E+03   0.603212E-09   0.377653E-09  -0.536433E-09
   0.972000E+03   0.544229E-09   0.331911E-09  -0.367734E-09
   0.973000E+03   0.429777E-09   0.252488E-09  -0.161090E-09
   0.974000E+03   0.271011E-09   0.147475E-09   0.624854E-10
   0.975000E+03   0.837345E-10   0.275587E-10   0.280186E-09
   0.976000E+03  -0.113112E-09  -0.950890E-10   0.469688E-09
   0.977000E+03  -0.299288E-09  -0.208071E-09   0.611389E-09
   0.978000E+03  -0.455262E-09  -0.300044E-09   0.690379E-09
   0.979000E+03  -0.564189E-09  -0.361880E-09   0.697957E-09
   0.980000E+03  -0.613659E-09  -0.387600E-09   0.632523E-09
   0.981000E+03  -0.597039E-09  -0.374969E-09   0.499787E-09
   0.982000E+03  -0.514268E-09  -0.325706E-09   0.312238E-09
   0.983000E+03  -0.372020E-09  -0.245279E-09   0.879511E-10
   0.984000E+03  -0.183196E-09  -0.142308E-09  -0.151171E-09
   0.985000E+03   0.342070E-10  -0.276434E-10  -0.381533E-09
   0.986000E+03   0.258759E-09   0.867791E-10  -0.580157E-09
   0.987000E+03   0.467635E-09   0.189201E-09  -0.726949E-09
   0.988000E+03   0.638834E-09   0.269272E-09  -0.806676E-09
   0.989000E+03   0.753378E-09   0.319126E-09  -0.810486E-09
   0.990000E+03   0.797250E-09   0.334198E-09  -0.736799E-09
   0.991000E+03   0.762904E-09   0.313677E-09  -0.591497E-09
   0.992000E+03   0.650171E-09   0.260571E-09  -0.387383E-09
   0.993000E+03   0.466471E-09   0.181353E-09  -0.142971E-09
   0.994000E+03   0.226289E-09   0.852579E-10   0.119285E-09
   0.995000E+03  -0.500365E-10  -0.167354E-10   0.375142E-09
   0.996000E+03  -0.338130E-09  -0.113087E-09   0.600892E-09
   0.997000E+03  -0.611807E-09  -0.192950E-09   0.775639E-09
   0.998000E+03  -0.845538E-09  -0.247340E-09   0.883295E-09
   0.999000E+03  -0.101689E-08  -0.270113E-09   0.914118E-09
   0.100000E+04  -0.110871E-08  -0.258633E-09   0.865625E-09
   0.100100E+04  -0.111087E-08  -0.214063E-09   0.742819E-09
   0.100200E+04  -0.102136E-08  -0.141251E-09   0.557676E-09
   0.100300E+04  -0.846604E-09  -0.482145E-10   0.327979E-09
   0.100400E+04  -0.600999E-09   0.547185E-10   0.755872E-10
   0.100500E+04  -0.305691E-09   0.156018E-09  -0.175676E-09
   0.100600E+04   0.133374E-10   0.244201E-09  -0.402318E-09
   0.100700E+04   0.327660E-09   0.309078E-09  -0.583429E-09
   0.100800E+04   0.609072E-09   0.342869E-09  -0.702674E-09
   0.100900E+04   0.832278E-09   0.341069E-09  -0.749843E-09
   0.101000E+04   0.977349E-09   0.302958E-09  -0.721804E-09
   0.101100E+04   0.103170E-08   0.231716E-09  -0.622768E-09
   0.101200E+04   0.991379E-09   0.134109E-09  -0.463859E-09
   0.101300E+04   0.861610E-09   0.197870E-10  -0.262017E-09
   0.101400E+04   0.656382E-09  -0.997342E-10  -0.383589E-10
   0.101500E+04   0.397250E-09  -0.212307E-09   0.183861E-09
   0.101600E+04   0.111374E-09  -0.306462E-09   0.381476E-09
   0.101700E+04  -0.171020E-09  -0.372661E-09   0.533620E-09
   0.101800E+04  -0.419519E-09  -0.404351E-09   0.623708E-09
   0.101900E+04  -0.606467E-09  -0.398707E-09   0.641010E-09
   0.102000E+04  -0.709715E-09  -0.356973E-09   0.581668E-09
   0.102100E+04  -0.714895E-09  -0.284368E-09   0.449062E-09
   0.102200E+04  -0.617009E-09  -0.189550E-09   0.253506E-09
   0.102300E+04  -0.421157E-09  -0.836973E-10   0.113052E-10
   0.102400E+04  -0.142330E-09   0.207042E-10  -0.256729E-09
   0.102500E+04   0.195730E-09   0.111240E-09  -0.527166E-09
   0.102600E+04   0.562519E-09   0.176967E-09  -0.776063E-09
   0.102700E+04   0.923435E-09   0.209680E-09  -0.981089E-09
   0.102800E+04   0.124289E-08   0.204909E-09  -0.112349E-08
   0.102900E+04   0.148755E-08   0.162526E-09  -0.118970E-08
   0.103000E+04   0.162951E-08   0.868992E-10  -0.117247E-08
   0.103100E+04   0.164895E-08  -0.134531E-10  -0.107140E-08
   0.103200E+04   0.153618E-08  -0.126665E-09  -0.892925E-09
   0.103300E+04   0.129277E-08  -0.238721E-09  -0.649626E-09
   0.103400E+04   0.931732E-09  -0.334930E-09  -0.359080E-09
   0.103500E+04   0.476612E-09  -0.401525E-09  -0.422996E-10
   0.103600E+04  -0.402918E-10  -0.427218E-09   0.278074E-09
   0.103700E+04  -0.580568E-09  -0.404560E-09   0.579652E-09
   0.103800E+04  -0.110289E-08  -0.330928E-09   0.842089E-09
   0.103900E+04  -0.156650E-08  -0.209061E-09   0.104863E-08
   0.104000E+04  -0.193470E-08  -0.470369E-10   0.118727E-08
   0.104100E+04  -0.217801E-08   0.142296E-09   0.125149E-08
   0.104200E+04  -0.227669E-08   0.342411E-09   0.124049E-08
   0.104300E+04  -0.222252E-08   0.534615E-09   0.115890E-08
   0.104400E+04  -0.201949E-08   0.699838E-09   0.101610E-08
   0.104500E+04  -0.168351E-08   0.820530E-09   0.825188E-09
   0.104600E+04  -0.124106E-08   0.882480E-09   0.601698E-09
   0.104700E+04  -0.726962E-09   0.876364E-09   0.362228E-09
   0.104800E+04  -0.181399E-09   0.798858E-09   0.123093E-09
   0.104900E+04   0.353442E-09   0.653209E-09  -0.100878E-09
   0.105000E+04   0.836932E-09   0.449163E-09  -0.297309E-09
   0.105100E+04   0.123336E-08   0.202270E-09  -0.456942E-09
   0.105200E+04   0.151486E-08  -0.674022E-10  -0.573971E-09
   0.105300E+04   0.166356E-08  -0.337031E-09  -0.646051E-09
   0.105400E+04   0.167297E-08  -0.583106E-09  -0.674014E-09
   0.105500E+04   0.154820E-08  -0.783623E-09  -0.661362E-09
   0.105600E+04   0.130529E-08  -0.920178E-09  -0.613610E-09
   0.105700E+04   0.969556E-09  -0.979766E-09  -0.537560E-09
   0.105800E+04   0.573193E-09  -0.956108E-09  -0.440596E-09
   0.105900E+04   0.152285E-09  -0.850354E-09  -0.330065E-09
   0.106000E+04  -0.256412E-09  -0.671101E-09  -0.212792E-09
   0.106100E+04  -0.618685E-09  -0.433703E-09  -0.947659E-10
   0.106200E+04  -0.905764E-09  -0.158936E-09   0.190138E-10
   0.106300E+04  -0.109667E-08   0.128875E-09   0.124531E-09
   0.106400E+04  -0.117978E-08   0.404074E-09   0.218640E-09
   0.106500E+04  -0.115354E-08   0.642046E-09   0.298879E-09
   0.106600E+04  -0.102623E-08   0.821516E-09   0.363278E-09
   0.106700E+04  -0.814821E-09   0.926538E-09   0.410190E-09
   0.106800E+04  -0.543153E-09   0.948000E-09   0.438202E-09
   0.106900E+04  -0.239444E-09   0.884492E-09   0.446136E-09
   0.107000E+04   0.664562E-10   0.742439E-09   0.433146E-09
   0.107100E+04   0.345903E-09   0.535500E-09   0.398901E-09
   0.107200E+04   0.574090E-09   0.283274E-09   0.343817E-09
   0.107300E+04   0.732241E-09   0.944313E-11   0.269297E-09
   0.107400E+04   0.809156E-09  -0.260476E-09   0.177929E-09
   0.107500E+04   0.802004E-09  -0.501555E-09   0.735939E-10
   0.107600E+04   0.716287E-09  -0.691811E-09  -0.385546E-10
   0.107700E+04   0.565008E-09  -0.814288E-09  -0.152265E-09
   0.107800E+04   0.367140E-09  -0.858636E-09  -0.260521E-09
   0.107900E+04   0.145563E-09  -0.822058E-09  -0.356021E-09
   0.108000E+04  -0.753267E-10  -0.709526E-09  -0.431758E-09
   0.108100E+04  -0.272093E-09  -0.533236E-09  -0.481660E-09
   0.108200E+04  -0.424580E-09  -0.311373E-09  -0.501205E-09
   0.108300E+04  -0.517860E-09  -0.662975E-10  -0.487965E-09
   0.108400E+04  -0.543618E-09   0.177670E-09  -0.441982E-09
   0.108500E+04  -0.500853E-09   0.396636E-09  -0.365946E-09
   0.108600E+04  -0.395845E-09   0.569477E-09  -0.265122E-09
   0.108700E+04  -0.241394E-09   0.679889E-09  -0.147030E-09
   0.108800E+04  -0.554210E-10   0.717958E-09  -0.208702E-10
   0.108900E+04   0.140921E-09   0.681088E-09   0.103234E-09
   0.109000E+04   0.325437E-09   0.574204E-09   0.215131E-09
   0.109100E+04   0.477166E-09   0.409208E-09   0.305584E-09
   0.109200E+04   0.578502E-09   0.203740E-09   0.367152E-09
   0.109300E+04   0.616985E-09  -0.206186E-10   0.394945E-09
   0.109400E+04   0.586552E-09  -0.240536E-09   0.387142E-09
   0.109500E+04   0.488166E-09  -0.433281E-09   0.345226E-09
   0.109600E+04   0.329737E-09  -0.579010E-09   0.273897E-09
   0.109700E+04   0.125372E-09  -0.662760E-09   0.180662E-09
   0.109800E+04  -0.105991E-09  -0.675942E-09   0.751316E-10
   0.109900E+04  -0.342409E-09  -0.617199E-09  -0.319129E-10
   0.110000E+04  -0.561056E-09  -0.492529E-09  -0.129589E-09
   0.110100E+04  -0.740424E-09  -0.314673E-09  -0.208017E-09
   0.110200E+04  -0.862399E-09  -0.101826E-09  -0.259335E-09
   0.110300E+04  -0.914009E-09   0.124208E-09  -0.278536E-09
   0.110400E+04  -0.888683E-09   0.340214E-09  -0.264015E-09
   0.110500E+04  -0.786893E-09   0.523919E-09  -0.217768E-09
   0.110600E+04  -0.616135E-09   0.656243E-09  -0.145231E-09
   0.110700E+04  -0.390250E-09   0.723236E-09  -0.547386E-10
   0.110800E+04  -0.128145E-09   0.717505E-09   0.433243E-10
   0.110900E+04   0.147947E-09   0.638981E-09   0.137609E-09
   0.111000E+04   0.414515E-09   0.494949E-09   0.217010E-09
   0.111100E+04   0.648916E-09   0.299348E-09   0.271879E-09
   0.111200E+04   0.831438E-09   0.713907E-10   0.295095E-09
   0.111300E+04   0.947058E-09  -0.166338E-09   0.282908E-09
   0.111400E+04   0.986767E-09  -0.390134E-09   0.235423E-09
   0.111500E+04   0.948317E-09  -0.577546E-09   0.156695E-09
   0.111600E+04   0.836335E-09  -0.709618E-09   0.543995E-10
   0.111700E+04   0.661809E-09  -0.772801E-09  -0.608920E-10
   0.111800E+04   0.440991E-09  -0.760323E-09  -0.176763E-09
   0.111900E+04   0.193829E-09  -0.672884E-09  -0.280231E-09
   0.112000E+04  -0.579159E-10  -0.518613E-09  -0.359117E-09
   0.112100E+04  -0.292683E-09  -0.312277E-09  -0.403370E-09
   0.112200E+04  -0.491079E-09  -0.738326E-10  -0.406202E-09
   0.112300E+04  -0.637605E-09   0.173549E-09  -0.364908E-09
   0.112400E+04  -0.721984E-09   0.405774E-09  -0.281283E-09
   0.112500E+04  -0.739983E-09   0.600221E-09  -0.161569E-09
   0.112600E+04  -0.693646E-09   0.737986E-09  -0.159445E-10
   0.112700E+04  -0.590938E-09   0.805768E-09   0.142418E-09
   0.112800E+04  -0.444834E-09   0.797186E-09   0.298628E-09
   0.112900E+04  -0.271963E-09   0.713424E-09   0.437558E-09
   0.113000E+04  -0.909166E-10   0.563108E-09   0.545396E-09
   0.113100E+04   0.795788E-10   0.361448E-09   0.611086E-09
   0.113200E+04   0.222481E-09   0.128721E-09   0.627519E-09
   0.113300E+04   0.324048E-09  -0.111754E-09   0.592344E-09
   0.113400E+04   0.375115E-09  -0.335950E-09   0.508291E-09
   0.113500E+04   0.371908E-09  -0.521531E-09   0.382988E-09
   0.113600E+04   0.316323E-09  -0.650093E-09   0.228250E-09
   0.113700E+04   0.215660E-09  -0.709014E-09   0.589341E-10
   0.113800E+04   0.818353E-10  -0.692720E-09  -0.108556E-09
   0.113900E+04  -0.698397E-10  -0.603261E-09  -0.257947E-09
   0.114000E+04  -0.222197E-09  -0.450111E-09  -0.374794E-09
   0.114100E+04  -0.357912E-09  -0.249238E-09  -0.448016E-09
   0.114200E+04  -0.461206E-09  -0.215097E-10  -0.471106E-09
   0.114300E+04  -0.519387E-09   0.209385E-09  -0.442884E-09
   0.114400E+04  -0.524085E-09   0.419314E-09  -0.367698E-09
   0.114500E+04  -0.472076E-09   0.586119E-09  -0.255053E-09
   0.114600E+04  -0.365599E-09   0.691856E-09  -0.118674E-09
   0.114700E+04  -0.212177E-09   0.724618E-09   0.248885E-10
   0.114800E+04  -0.239188E-10   0.679761E-09   0.157993E-09
   0.114900E+04   0.183581E-09   0.560416E-09   0.263795E-09
   0.115000E+04   0.392679E-09   0.377227E-09   0.328099E-09
   0.115100E+04   0.585295E-09   0.147342E-09   0.340975E-09
   0.115200E+04   0.744554E-09  -0.107243E-09   0.297969E-09
   0.115300E+04   0.856311E-09  -0.361831E-09   0.200765E-09
   0.115400E+04   0.910417E-09  -0.591441E-09   0.572191E-10
   0.115500E+04   0.901613E-09  -0.773271E-09  -0.119265E-09
   0.115600E+04   0.829971E-09  -0.888944E-09  -0.310954E-09
   0.115700E+04   0.700860E-09  -0.926339E-09  -0.497504E-09
   0.115800E+04   0.524429E-09  -0.880800E-09  -0.658004E-09
   0.115900E+04   0.314680E-09  -0.755627E-09  -0.773152E-09
   0.116000E+04   0.882032E-10  -0.561783E-09  -0.827323E-09
   0.116100E+04  -0.137288E-09  -0.316855E-09  -0.810342E-09
   0.116200E+04  -0.344502E-09  -0.433608E-10  -0.718742E-09
   0.116300E+04  -0.518045E-09   0.233418E-09  -0.556388E-09
   0.116400E+04  -0.645697E-09   0.487880E-09  -0.334361E-09
   0.116500E+04  -0.719379E-09   0.696572E-09  -0.701246E-10
   0.116600E+04  -0.735735E-09   0.840450E-09   0.213992E-09
   0.116700E+04  -0.696279E-09   0.906703E-09   0.492837E-09
   0.116800E+04  -0.607106E-09   0.889968E-09   0.740820E-09
   0.116900E+04  -0.478209E-09   0.792815E-09   0.934410E-09
   0.117000E+04  -0.322473E-09   0.625457E-09   0.105449E-08
   0.117100E+04  -0.154436E-09   0.404725E-09   0.108835E-08
   0.117200E+04   0.110487E-10   0.152388E-09   0.103104E-08
   0.117300E+04   0.160137E-09  -0.106987E-09   0.886094E-09
   0.117400E+04   0.281181E-09  -0.348439E-09   0.665320E-09
   0.117500E+04   0.365671E-09  -0.549050E-09   0.387851E-09
   0.117600E+04   0.408864E-09  -0.690154E-09   0.784288E-10
   0.117700E+04   0.410040E-09  -0.759123E-09  -0.234888E-09
   0.117800E+04   0.372384E-09  -0.750547E-09  -0.523373E-09
   0.117900E+04   0.302508E-09  -0.666695E-09  -0.760398E-09
   0.118000E+04   0.209674E-09  -0.517219E-09  -0.924022E-09
   0.118100E+04   0.104805E-09  -0.318130E-09  -0.999160E-09
   0.118200E+04  -0.633576E-12  -0.901611E-10  -0.979113E-09
   0.118300E+04  -0.957500E-10   0.143335E-09  -0.866277E-09
   0.118400E+04  -0.171259E-09   0.358724E-09  -0.671982E-09
   0.118500E+04  -0.220319E-09   0.534439E-09  -0.415441E-09
   0.118600E+04  -0.239105E-09   0.653117E-09  -0.121910E-09
   0.118700E+04  -0.227079E-09   0.703292E-09   0.179752E-09
   0.118800E+04  -0.186931E-09   0.680498E-09   0.459916E-09
   0.118900E+04  -0.124204E-09   0.587663E-09   0.691100E-09
   0.119000E+04  -0.466603E-10   0.434769E-09   0.850697E-09
   0.119100E+04   0.365577E-10   0.237807E-09   0.923244E-09
   0.119200E+04   0.115879E-09   0.171354E-10   0.901980E-09
   0.119300E+04   0.182277E-09  -0.204583E-09   0.789559E-09
   0.119400E+04   0.228168E-09  -0.404672E-09   0.597813E-09
   0.119500E+04   0.248155E-09  -0.562716E-09   0.346596E-09
   0.119600E+04   0.239543E-09  -0.662607E-09   0.618157E-10
   0.119700E+04   0.202581E-09  -0.694149E-09  -0.227160E-09
   0.119800E+04   0.140421E-09  -0.654066E-09  -0.490466E-09
   0.119900E+04   0.587914E-10  -0.546314E-09  -0.700767E-09
   0.120000E+04  -0.345755E-10  -0.381674E-09  -0.836062E-09
   0.120100E+04  -0.130698E-09  -0.176663E-09  -0.881958E-09
   0.120200E+04  -0.220218E-09   0.481300E-10  -0.833193E-09
   0.120300E+04  -0.294298E-09   0.270106E-09  -0.694250E-09
   0.120400E+04  -0.345466E-09   0.466912E-09  -0.478974E-09
   0.120500E+04  -0.368321E-09   0.618675E-09  -0.209237E-09
   0.120600E+04  -0.360041E-09   0.709981E-09   0.872205E-10
   0.120700E+04  -0.320644E-09   0.731408E-09   0.379584E-09
   0.120800E+04  -0.252987E-09   0.680464E-09   0.637084E-09
   0.120900E+04  -0.162497E-09   0.561830E-09   0.832158E-09
   0.121000E+04  -0.566656E-10   0.386900E-09   0.943307E-09
   0.121100E+04   0.556327E-10   0.172650E-09   0.957380E-09
   0.121200E+04   0.164953E-09  -0.600422E-10   0.871027E-09
   0.121300E+04   0.262128E-09  -0.288455E-09   0.691167E-09
   0.121400E+04   0.339085E-09  -0.490265E-09   0.434432E-09
   0.121500E+04   0.389551E-09  -0.645745E-09   0.125603E-09
   0.121600E+04   0.409584E-09  -0.739693E-09  -0.204795E-09
   0.121700E+04   0.397884E-09  -0.762921E-09  -0.523508E-09
   0.121800E+04   0.355864E-09  -0.713140E-09  -0.797881E-09
   0.121900E+04   0.287464E-09  -0.595164E-09  -0.999172E-09
   0.122000E+04   0.198747E-09  -0.420424E-09  -0.110550E-08
   0.122100E+04   0.973056E-10  -0.205815E-09  -0.110414E-08
   0.122200E+04  -0.845910E-11   0.279673E-10  -0.992930E-09
   0.122300E+04  -0.110117E-09   0.258479E-09  -0.780601E-09
   0.122400E+04  -0.199970E-09   0.463725E-09  -0.486047E-09
   0.122500E+04  -0.271732E-09   0.624314E-09  -0.136540E-09
   0.122600E+04  -0.321058E-09   0.725340E-09   0.234902E-09
   0.122700E+04  -0.345871E-09   0.757822E-09   0.592760E-09
   0.122800E+04  -0.346477E-09   0.719538E-09   0.902537E-09
   0.122900E+04  -0.325438E-09   0.615208E-09   0.113420E-08
   0.123000E+04  -0.287229E-09   0.455979E-09   0.126523E-08
   0.123100E+04  -0.237724E-09   0.258281E-09   0.128289E-08
   0.123200E+04  -0.183538E-09   0.421717E-10   0.118558E-08
   0.123300E+04  -0.131317E-09  -0.170671E-09   0.983044E-09
   0.123400E+04  -0.870294E-10  -0.359108E-09   0.695448E-09
   0.123500E+04  -0.553361E-10  -0.504636E-09   0.351385E-09
   0.123600E+04  -0.390947E-10  -0.593206E-09  -0.149708E-10
   0.123700E+04  -0.390561E-10  -0.616605E-09  -0.367300E-09
   0.123800E+04  -0.537782E-10  -0.573245E-09  -0.670817E-09
   0.123900E+04  -0.797687E-10  -0.468297E-09  -0.895809E-09
   0.124000E+04  -0.111847E-09  -0.313153E-09  -0.102069E-08
   0.124100E+04  -0.143688E-09  -0.124276E-09  -0.103422E-08
   0.124200E+04  -0.168505E-09   0.784581E-10  -0.936734E-09
   0.124300E+04  -0.179793E-09   0.273745E-09  -0.740124E-09
   0.124400E+04  -0.172077E-09   0.440984E-09  -0.466682E-09
   0.124500E+04  -0.141574E-09   0.562334E-09  -0.146844E-09
   0.124600E+04  -0.867199E-10   0.624500E-09   0.183924E-09
   0.124700E+04  -0.848277E-11   0.620070E-09   0.488788E-09
   0.124800E+04   0.895500E-10   0.548278E-09   0.733392E-09
   0.124900E+04   0.201347E-09   0.415105E-09   0.889485E-09
   0.125000E+04   0.318850E-09   0.232729E-09   0.937971E-09
   0.125100E+04   0.432617E-09   0.183590E-10   0.871036E-09
   0.125200E+04   0.532611E-09  -0.207424E-09   0.693149E-09
   0.125300E+04   0.609110E-09  -0.422654E-09   0.420799E-09
   0.125400E+04   0.653608E-09  -0.606112E-09   0.809881E-10
   0.125500E+04   0.659666E-09  -0.739391E-09  -0.291386E-09
   0.125600E+04   0.623607E-09  -0.808686E-09  -0.657013E-09
   0.125700E+04   0.544998E-09  -0.806156E-09  -0.976156E-09
   0.125800E+04   0.426867E-09  -0.730706E-09  -0.121277E-08
   0.125900E+04   0.275614E-09  -0.588128E-09  -0.133831E-08
   0.126000E+04   0.100634E-09  -0.390585E-09  -0.133483E-08
   0.126100E+04  -0.863410E-10  -0.155484E-09  -0.119710E-08
   0.126200E+04  -0.272130E-09   0.961524E-10  -0.933413E-09
   0.126300E+04  -0.443138E-09   0.341650E-09  -0.565098E-09
   0.126400E+04  -0.586475E-09   0.558809E-09  -0.124644E-09
   0.126500E+04  -0.691033E-09   0.727985E-09   0.347300E-09
   0.126600E+04  -0.748461E-09   0.833915E-09   0.805821E-09
   0.126700E+04  -0.753919E-09   0.867147E-09   0.120614E-08
   0.126800E+04  -0.706562E-09   0.824898E-09   0.150806E-08
   0.126900E+04  -0.609696E-09   0.711303E-09   0.168008E-08
   0.127000E+04  -0.470588E-09   0.537008E-09   0.170268E-08
   0.127100E+04  -0.299933E-09   0.318155E-09   0.157045E-08
   0.127200E+04  -0.111025E-09   0.748640E-10   0.129295E-08
   0.127300E+04   0.813029E-10  -0.170650E-09   0.893972E-09
   0.127400E+04   0.261893E-09  -0.396142E-09   0.409485E-09
   0.127500E+04   0.416517E-09  -0.581387E-09  -0.115701E-09
   0.127600E+04   0.533071E-09  -0.710037E-09  -0.632182E-09
   0.127700E+04   0.602601E-09  -0.771091E-09  -0.109072E-08
   0.127800E+04   0.620078E-09  -0.759867E-09  -0.144703E-08
   0.127900E+04   0.584835E-09  -0.678371E-09  -0.166621E-08
   0.128000E+04   0.500649E-09  -0.535047E-09  -0.172619E-08
   0.128100E+04   0.375427E-09  -0.343934E-09  -0.162005E-08
   0.128200E+04   0.220546E-09  -0.123306E-09  -0.135690E-08
   0.128300E+04   0.498804E-10   0.106055E-09  -0.961075E-09
   0.128400E+04  -0.121384E-09   0.322812E-09  -0.469966E-09
   0.128500E+04  -0.278066E-09   0.507043E-09   0.695240E-10
   0.128600E+04  -0.406306E-09   0.642069E-09   0.605464E-09
   0.128700E+04  -0.494777E-09   0.715951E-09   0.108591E-08
   0.128800E+04  -0.535678E-09   0.722539E-09   0.146397E-08
   0.128900E+04  -0.525424E-09   0.661963E-09   0.170239E-08
   0.129000E+04  -0.464967E-09   0.540547E-09   0.177724E-08
   0.129100E+04  -0.359719E-09   0.370148E-09   0.168036E-08
   0.129200E+04  -0.219084E-09   0.166985E-09   0.142018E-08
   0.129300E+04  -0.556332E-10  -0.499052E-10   0.102103E-08
   0.129400E+04   0.116006E-09  -0.260467E-09   0.520826E-09
   0.129500E+04   0.280442E-09  -0.445486E-09  -0.325647E-10
   0.129600E+04   0.422879E-09  -0.588348E-09  -0.585961E-09
   0.129700E+04   0.530441E-09  -0.676538E-09  -0.108602E-08
   0.129800E+04   0.593308E-09  -0.702731E-09  -0.148446E-08
   0.129900E+04   0.605602E-09  -0.665400E-09  -0.174272E-08
   0.130000E+04   0.565904E-09  -0.568872E-09  -0.183581E-08
   0.130100E+04   0.477389E-09  -0.422843E-09  -0.175472E-08
   0.130200E+04   0.347539E-09  -0.241405E-09  -0.150731E-08
   0.130300E+04   0.187478E-09  -0.416860E-10  -0.111754E-08
   0.130400E+04   0.109786E-10   0.157782E-09  -0.623153E-09
   0.130500E+04  -0.166766E-09   0.338793E-09  -0.719250E-10
   0.130600E+04  -0.330495E-09   0.485147E-09   0.482998E-09
   0.130700E+04  -0.466234E-09   0.584116E-09   0.988328E-09
   0.130800E+04  -0.562531E-09   0.627577E-09   0.139586E-08
   0.130900E+04  -0.611455E-09   0.612689E-09   0.166720E-08
   0.131000E+04  -0.609274E-09   0.542084E-09   0.177749E-08
   0.131100E+04  -0.556754E-09   0.423536E-09   0.171779E-08
   0.131200E+04  -0.459039E-09   0.269163E-09   0.149592E-08
   0.131300E+04  -0.325145E-09   0.942328E-10   0.113557E-08
   0.131400E+04  -0.167103E-09  -0.843159E-10   0.673860E-09
   0.131500E+04   0.116402E-11  -0.249482E-09   0.157578E-09
   0.131600E+04   0.165122E-09  -0.385808E-09  -0.361545E-09
   0.131700E+04   0.310947E-09  -0.480817E-09  -0.832041E-09
   0.131800E+04   0.426765E-09  -0.526162E-09  -0.120787E-08
   0.131900E+04   0.503687E-09  -0.518378E-09  -0.145300E-08
   0.132000E+04   0.536561E-09  -0.459161E-09  -0.154501E-08
   0.132100E+04   0.524351E-09  -0.355166E-09  -0.147721E-08
   0.132200E+04   0.470132E-09  -0.217338E-09  -0.125931E-08
   0.132300E+04   0.380694E-09  -0.598366E-10  -0.916242E-09
   0.132400E+04   0.265802E-09   0.101338E-09  -0.485587E-09
   0.132500E+04   0.137185E-09   0.249891E-09  -0.136304E-10
   0.132600E+04   0.735383E-11   0.370801E-09   0.449442E-09
   0.132700E+04  -0.111627E-09   0.451779E-09   0.854741E-09
   0.132800E+04  -0.209307E-09   0.484461E-09   0.115974E-08
   0.132900E+04  -0.277830E-09   0.465233E-09   0.133266E-08
   0.133000E+04  -0.312638E-09   0.395616E-09   0.135583E-08
   0.133100E+04  -0.312839E-09   0.282157E-09   0.122745E-08
   0.133200E+04  -0.281185E-09   0.135844E-09   0.961872E-09
   0.133300E+04  -0.223695E-09  -0.289061E-10   0.588075E-09
   0.133400E+04  -0.148934E-09  -0.195599E-09   0.146713E-09
   0.133500E+04  -0.670489E-10  -0.347227E-09  -0.314131E-09
   0.133600E+04   0.113531E-10  -0.467907E-09  -0.743951E-09
   0.133700E+04   0.763662E-10  -0.544437E-09  -0.109513E-08
   0.133800E+04   0.119862E-09  -0.567626E-09  -0.132797E-08
   0.133900E+04   0.136371E-09  -0.533268E-09  -0.141498E-08
   0.134000E+04   0.123687E-09  -0.442668E-09  -0.134385E-08
   0.134100E+04   0.831104E-10  -0.302652E-09  -0.111899E-08
   0.134200E+04   0.193265E-10  -0.125069E-09  -0.761234E-09
   0.134300E+04  -0.600859E-10   0.742054E-10  -0.305930E-09
   0.134400E+04  -0.145462E-09   0.276662E-09   0.200583E-09
   0.134500E+04  -0.226091E-09   0.462833E-09   0.705621E-09
   0.134600E+04  -0.291389E-09   0.614111E-09   0.115555E-08
   0.134700E+04  -0.332071E-09   0.714527E-09   0.150137E-08
   0.134800E+04  -0.341217E-09   0.752350E-09   0.170382E-08
   0.134900E+04  -0.315098E-09   0.721324E-09   0.173771E-08
   0.135000E+04  -0.253689E-09   0.621445E-09   0.159469E-08
   0.135100E+04  -0.160804E-09   0.459176E-09   0.128449E-08
   0.135200E+04  -0.438223E-10   0.247067E-09   0.834223E-09
   0.135300E+04   0.869598E-10   0.280533E-11   0.285974E-09
   0.135400E+04   0.219300E-09  -0.252253E-09  -0.307245E-09
   0.135500E+04   0.340215E-09  -0.494935E-09  -0.886665E-09
   0.135600E+04   0.437291E-09  -0.702335E-09  -0.139363E-08
   0.135700E+04   0.499977E-09  -0.853952E-09  -0.177553E-08
   0.135800E+04   0.520730E-09  -0.933678E-09  -0.199127E-08
   0.135900E+04   0.495874E-09  -0.931455E-09  -0.201560E-08
   0.136000E+04   0.426112E-09  -0.844435E-09  -0.184196E-08
   0.136100E+04   0.316593E-09  -0.677515E-09  -0.148351E-08
   0.136200E+04   0.176551E-09  -0.443181E-09  -0.972151E-09
   0.136300E+04   0.185144E-10  -0.160645E-09  -0.355694E-09
   0.136400E+04  -0.142823E-09   0.145673E-09   0.306629E-09
   0.136500E+04  -0.291981E-09   0.448193E-09   0.949855E-09
   0.136600E+04  -0.414183E-09   0.718604E-09   0.150964E-08
   0.136700E+04  -0.496811E-09   0.930447E-09   0.192863E-08
   0.136800E+04  -0.530688E-09   0.106163E-08   0.216230E-08
   0.136900E+04  -0.511056E-09   0.109664E-08   0.218346E-08
   0.137000E+04  -0.438137E-09   0.102823E-08   0.198533E-08
   0.137100E+04  -0.317234E-09   0.858423E-09   0.158243E-08
   0.137200E+04  -0.158339E-09   0.598672E-09   0.100951E-08
   0.137300E+04   0.247177E-10   0.269193E-09   0.318444E-09
   0.137400E+04   0.215504E-09  -0.102566E-09  -0.426591E-09
   0.137500E+04   0.396486E-09  -0.484178E-09  -0.115523E-08
   0.137600E+04   0.550666E-09  -0.841036E-09  -0.179766E-08
   0.137700E+04   0.663182E-09  -0.113947E-08  -0.229146E-08
   0.137800E+04   0.722736E-09  -0.134989E-08  -0.258771E-08
   0.137900E+04   0.722690E-09  -0.144970E-08  -0.265590E-08
   0.138000E+04   0.661741E-09  -0.142566E-08  -0.248708E-08
   0.138100E+04   0.544090E-09  -0.127546E-08  -0.209491E-08
   0.138200E+04   0.379098E-09  -0.100837E-08  -0.151459E-08
   0.138300E+04   0.180451E-09  -0.644815E-09  -0.799560E-09
   0.138400E+04  -0.350883E-10  -0.214895E-09  -0.165533E-10
   0.138500E+04  -0.249212E-09   0.244040E-09   0.760825E-09
   0.138600E+04  -0.443754E-09   0.690621E-09   0.145915E-08
   0.138700E+04  -0.602353E-09   0.108318E-08   0.201231E-08
   0.138800E+04  -0.711944E-09   0.138364E-08   0.236793E-08
   0.138900E+04  -0.763923E-09   0.156125E-08   0.249256E-08
   0.139000E+04  -0.754885E-09   0.159576E-08   0.237503E-08
   0.139100E+04  -0.686860E-09   0.147973E-08   0.202763E-08
   0.139200E+04  -0.567031E-09   0.121978E-08   0.148511E-08
   0.139300E+04  -0.406959E-09   0.836449E-09   0.801357E-09
   0.139400E+04  -0.221406E-09   0.362862E-09   0.443376E-10
   0.139500E+04  -0.268694E-10  -0.157953E-09  -0.710481E-09
   0.139600E+04   0.160019E-09  -0.676761E-09  -0.138741E-08
   0.139700E+04   0.324073E-09  -0.114258E-08  -0.191793E-08
   0.139800E+04   0.452945E-09  -0.150748E-08  -0.224738E-08
   0.139900E+04   0.538201E-09  -0.173137E-08  -0.234047E-08
   0.140000E+04   0.575969E-09  -0.178614E-08  -0.218480E-08
   0.140100E+04   0.567099E-09  -0.165895E-08  -0.179238E-08
   0.140200E+04   0.516834E-09  -0.135419E-08  -0.119867E-08
   0.140300E+04   0.434027E-09  -0.893815E-09  -0.459461E-09
   0.140400E+04   0.329994E-09  -0.316126E-09   0.354240E-09
   0.140500E+04   0.217143E-09   0.327144E-09   0.116280E-08
   0.140600E+04   0.107516E-09   0.975137E-09   0.188543E-08
   0.140700E+04   0.114235E-10   0.156325E-08   0.244776E-08
   0.140800E+04  -0.636970E-10   0.202916E-08   0.278890E-08
   0.140900E+04  -0.114049E-09   0.231887E-08   0.286729E-08
   0.141000E+04  -0.139801E-09   0.239232E-08   0.266472E-08
   0.141100E+04  -0.144919E-09   0.222797E-08   0.218827E-08
   0.141200E+04  -0.136529E-09   0.182573E-08   0.146985E-08
   0.141300E+04  -0.123872E-09   0.120818E-08   0.563597E-09
   0.141400E+04  -0.116975E-09   0.419603E-09  -0.458883E-09
   0.141500E+04  -0.125187E-09  -0.477072E-09  -0.151475E-08
   0.141600E+04  -0.155749E-09  -0.140516E-08  -0.251716E-08
   0.141700E+04  -0.212569E-09  -0.228071E-08  -0.338283E-08
   0.141800E+04  -0.295359E-09  -0.301994E-08  -0.403922E-08
   0.141900E+04  -0.399251E-09  -0.354706E-08  -0.443062E-08
   0.142000E+04  -0.514961E-09  -0.380172E-08  -0.452279E-08
   0.142100E+04  -0.629513E-09  -0.374530E-08  -0.430553E-08
   0.142200E+04  -0.727467E-09  -0.336559E-08  -0.379319E-08
   0.142300E+04  -0.792549E-09  -0.267918E-08  -0.302300E-08
   0.142400E+04  -0.809514E-09  -0.173126E-08  -0.205151E-08
   0.142500E+04  -0.766056E-09  -0.592850E-09  -0.949436E-09
   0.142600E+04  -0.654555E-09   0.644611E-09   0.204472E-09
   0.142700E+04  -0.473453E-09   0.187669E-08   0.133007E-08
   0.142800E+04  -0.228096E-09   0.299497E-08   0.235225E-08
   0.142900E+04   0.690976E-10   0.389688E-08   0.320665E-08
   0.143000E+04   0.399191E-09   0.449527E-08   0.384417E-08
   0.143100E+04   0.738004E-09   0.472716E-08   0.423388E-08
   0.143200E+04   0.105802E-08   0.456050E-08   0.436430E-08
   0.143300E+04   0.133079E-08   0.399841E-08   0.424283E-08
   0.143400E+04   0.152957E-08   0.308037E-08   0.389374E-08
   0.143500E+04   0.163201E-08   0.188008E-08   0.335482E-08
   0.143600E+04   0.162257E-08   0.500049E-09   0.267322E-08
   0.143700E+04   0.149447E-08  -0.936685E-09   0.190095E-08
   0.143800E+04   0.125090E-08  -0.229711E-08   0.109039E-08
   0.143900E+04   0.905328E-09  -0.345020E-08   0.290486E-09
   0.144000E+04   0.480933E-09  -0.427918E-08  -0.456395E-09
   0.144100E+04   0.902077E-11  -0.469307E-08  -0.111636E-08
   0.144200E+04  -0.473359E-09  -0.463632E-08  -0.166484E-08
   0.144300E+04  -0.926460E-09  -0.409566E-08  -0.208631E-08
   0.144400E+04  -0.131128E-08  -0.310339E-08  -0.237316E-08
   0.144500E+04  -0.159309E-08  -0.173655E-08  -0.252394E-08
   0.144600E+04  -0.174472E-08  -0.112039E-09  -0.254133E-08
   0.144700E+04  -0.174929E-08   0.162214E-08  -0.243029E-08
   0.144800E+04  -0.160212E-08   0.329896E-08  -0.219651E-08
   0.144900E+04  -0.131157E-08   0.474666E-08  -0.184564E-08
   0.145000E+04  -0.898782E-09   0.580422E-08  -0.138322E-08
   0.145100E+04  -0.396184E-09   0.633657E-08  -0.815430E-09
   0.145200E+04   0.155027E-09   0.624820E-08  -0.150543E-09
   0.145300E+04   0.708293E-09   0.549396E-08   0.599258E-09
   0.145400E+04   0.121569E-08   0.408581E-08   0.141592E-08
   0.145500E+04   0.163214E-08   0.209491E-08   0.227387E-08
   0.145600E+04   0.191950E-08  -0.351362E-09   0.313897E-08
   0.145700E+04   0.205013E-08  -0.307748E-08   0.396850E-08
   0.145800E+04   0.200954E-08  -0.587234E-08   0.471231E-08
   0.145900E+04   0.179801E-08  -0.850546E-08   0.531522E-08
   0.146000E+04   0.143079E-08  -0.107455E-07   0.572067E-08
   0.146100E+04   0.937071E-09  -0.123798E-07   0.587538E-08
   0.146200E+04   0.357566E-09  -0.132326E-07   0.573452E-08
   0.146300E+04  -0.258910E-09  -0.131816E-07   0.526706E-08
   0.146400E+04  -0.859701E-09  -0.121703E-07   0.446063E-08
   0.146500E+04  -0.139297E-08  -0.102149E-07   0.332536E-08
   0.146600E+04  -0.181236E-08  -0.740637E-08   0.189611E-08
   0.146700E+04  -0.208122E-08  -0.390543E-08   0.232784E-09
   0.146800E+04  -0.217601E-08   0.676316E-10  -0.158166E-08
   0.146900E+04  -0.208858E-08   0.424861E-08  -0.344541E-08
   0.147000E+04  -0.182701E-08   0.834893E-08  -0.524410E-08
   0.147100E+04  -0.141506E-08   0.120776E-07  -0.685882E-08
   0.147200E+04  -0.890125E-09   0.151638E-07  -0.817519E-08
   0.147300E+04  -0.299971E-09   0.173785E-07  -0.909280E-08
   0.147400E+04   0.301558E-09   0.185527E-07  -0.953406E-08
   0.147500E+04   0.859391E-09   0.185916E-07  -0.945184E-08
   0.147600E+04   0.132224E-08   0.174827E-07  -0.883491E-08
   0.147700E+04   0.164733E-08   0.152975E-07  -0.771065E-08
   0.147800E+04   0.180432E-08   0.121865E-07  -0.614470E-08
   0.147900E+04   0.177820E-08   0.836803E-08  -0.423732E-08
   0.148000E+04   0.157068E-08   0.411140E-08  -0.211665E-08
   0.148100E+04   0.120019E-08  -0.283705E-09   0.706209E-10
   0.148200E+04   0.700158E-09  -0.451057E-08   0.217051E-08
   0.148300E+04   0.116087E-09  -0.827904E-08   0.403403E-08
   0.148400E+04  -0.498661E-09  -0.113378E-07   0.552936E-08
   0.148500E+04  -0.108773E-08  -0.134933E-07   0.655294E-08
   0.148600E+04  -0.159697E-08  -0.146239E-07   0.703844E-08
   0.148700E+04  -0.197944E-08  -0.146880E-07   0.696268E-08
   0.148800E+04  -0.219977E-08  -0.137259E-07   0.634804E-08
   0.148900E+04  -0.223742E-08  -0.118545E-07   0.526092E-08
   0.149000E+04  -0.208865E-08  -0.925650E-08   0.380641E-08
   0.149100E+04  -0.176679E-08  -0.616385E-08   0.211954E-08
   0.149200E+04  -0.130104E-08  -0.283797E-08   0.353736E-09
   0.149300E+04  -0.733733E-09   0.452217E-09  -0.133236E-08
   0.149400E+04  -0.116318E-09   0.345227E-08  -0.278874E-08
   0.149500E+04   0.495445E-09   0.594247E-08  -0.388719E-08
   0.149600E+04   0.104676E-08   0.775458E-08  -0.453264E-08
   0.149700E+04   0.148893E-08   0.878383E-08  -0.467158E-08
   0.149800E+04   0.178402E-08   0.899520E-08  -0.429694E-08
   0.149900E+04   0.190833E-08   0.842354E-08  -0.344867E-08
   0.150000E+04   0.185471E-08   0.716780E-08  -0.221021E-08
   0.150100E+04   0.163313E-08   0.537986E-08  -0.700909E-09
   0.150200E+04   0.126969E-08   0.324924E-08   0.934735E-09
   0.150300E+04   0.804091E-09   0.985023E-09   0.254030E-08
   0.150400E+04   0.285683E-09  -0.120329E-08   0.396173E-08
   0.150500E+04  -0.231321E-09  -0.312424E-08   0.506153E-08
   0.150600E+04  -0.693212E-09  -0.462058E-08   0.573145E-08
   0.150700E+04  -0.105210E-08  -0.558185E-08   0.590267E-08
   0.150800E+04  -0.127071E-08  -0.595219E-08   0.555228E-08
   0.150900E+04  -0.132620E-08  -0.573292E-08   0.470573E-08
   0.151000E+04  -0.121257E-08  -0.497990E-08   0.343472E-08
   0.151100E+04  -0.941474E-09  -0.379579E-08   0.185096E-08
   0.151200E+04  -0.541332E-09  -0.231844E-08   0.961563E-10
   0.151300E+04  -0.547421E-10  -0.706364E-09  -0.167076E-08
   0.151400E+04   0.465503E-09   0.877230E-09  -0.328801E-08
   0.151500E+04   0.961474E-09   0.228019E-08  -0.460574E-08
   0.151600E+04   0.137577E-08   0.337561E-08  -0.549965E-08
   0.151700E+04   0.165723E-08   0.407309E-08  -0.588238E-08
   0.151800E+04   0.176623E-08   0.432605E-08  -0.571160E-08
   0.151900E+04   0.167888E-08   0.413464E-08  -0.499395E-08
   0.152000E+04   0.138996E-08   0.354391E-08  -0.378458E-08
   0.152100E+04   0.914044E-09   0.263768E-08  -0.218228E-08
   0.152200E+04   0.284866E-09   0.152875E-08  -0.320698E-09
   0.152300E+04  -0.447187E-09   0.346532E-09   0.164359E-08
   0.152400E+04  -0.121915E-08  -0.776677E-09   0.354501E-08
   0.152500E+04  -0.196084E-08  -0.171932E-08   0.522368E-08
   0.152600E+04  -0.260099E-08  -0.238283E-08   0.653943E-08
   0.152700E+04  -0.307366E-08  -0.270134E-08   0.738397E-08
   0.152800E+04  -0.332431E-08  -0.264781E-08   0.769002E-08
   0.152900E+04  -0.331495E-08  -0.223623E-08   0.743662E-08
   0.153000E+04  -0.302800E-08  -0.151952E-08   0.665021E-08
   0.153100E+04  -0.246841E-08  -0.583644E-09   0.540129E-08
   0.153200E+04  -0.166382E-08   0.461674E-09   0.379717E-08
   0.153300E+04  -0.662818E-09   0.149443E-08   0.197150E-08
   0.153400E+04   0.468669E-09   0.239301E-08   0.714756E-10
   0.153500E+04   0.165246E-08   0.304868E-08  -0.175588E-08
   0.153600E+04   0.280432E-08   0.337670E-08  -0.337716E-08
   0.153700E+04   0.384070E-08   0.332496E-08  -0.468442E-08
   0.153800E+04   0.468542E-08   0.287926E-08  -0.560438E-08
   0.153900E+04   0.527578E-08   0.206489E-08  -0.610409E-08
   0.154000E+04   0.556752E-08   0.944121E-09  -0.619256E-08
   0.154100E+04   0.553824E-08  -0.389809E-09  -0.591832E-08
   0.154200E+04   0.518901E-08  -0.182182E-08  -0.536307E-08
   0.154300E+04   0.454398E-08  -0.322616E-08  -0.463223E-08
   0.154400E+04   0.364818E-08  -0.447860E-08  -0.384324E-08
   0.154500E+04   0.256360E-08  -0.546834E-08  -0.311281E-08
   0.154600E+04   0.136399E-08  -0.610853E-08  -0.254443E-08
   0.154700E+04   0.128817E-09  -0.634439E-08  -0.221726E-08
   0.154800E+04  -0.106303E-08  -0.615811E-08  -0.217764E-08
   0.154900E+04  -0.213937E-08  -0.557006E-08  -0.243397E-08
   0.155000E+04  -0.303997E-08  -0.463635E-08  -0.295546E-08
   0.155100E+04  -0.372067E-08  -0.344288E-08  -0.367489E-08
   0.155200E+04  -0.415595E-08  -0.209661E-08  -0.449522E-08
   0.155300E+04  -0.433974E-08  -0.714855E-09  -0.529925E-08
   0.155400E+04  -0.428468E-08   0.586158E-09  -0.596151E-08
   0.155500E+04  -0.401963E-08   0.170252E-08  -0.636121E-08
   0.155600E+04  -0.358599E-08   0.255240E-08  -0.639502E-08
   0.155700E+04  -0.303317E-08   0.308340E-08  -0.598839E-08
   0.155800E+04  -0.241352E-08   0.327687E-08  -0.510433E-08
   0.155900E+04  -0.177741E-08   0.314872E-08  -0.374882E-08
   0.156000E+04  -0.116877E-08   0.274669E-08  -0.197227E-08
   0.156100E+04  -0.621567E-09   0.214447E-08   0.133234E-09
   0.156200E+04  -0.157555E-09   0.143322E-08   0.244048E-08
   0.156300E+04   0.214663E-09   0.711411E-09   0.479713E-08
   0.156400E+04   0.499090E-09   0.741185E-10   0.703814E-08
   0.156500E+04   0.710494E-09  -0.397274E-09   0.899951E-08
   0.156600E+04   0.871489E-09  -0.643757E-09   0.105322E-07
   0.156700E+04   0.100887E-08  -0.634952E-09   0.115149E-07
   0.156800E+04   0.114963E-08  -0.372285E-09   0.118644E-07
   0.156900E+04   0.131704E-08   0.111241E-09   0.115430E-07
   0.157000E+04   0.152729E-08   0.754661E-09   0.105618E-07
   0.157100E+04   0.178696E-08   0.147566E-08   0.898023E-08
   0.157200E+04   0.209161E-08   0.217949E-08   0.690117E-08
   0.157300E+04   0.242570E-08   0.276935E-08   0.446278E-08
   0.157400E+04   0.276372E-08   0.315702E-08   0.182742E-08
   0.157500E+04   0.307260E-08   0.327281E-08  -0.831293E-09
   0.157600E+04   0.331495E-08   0.307367E-08  -0.334199E-08
   0.157700E+04   0.345300E-08   0.254863E-08  -0.554865E-08
   0.157800E+04   0.345268E-08   0.172111E-08  -0.732201E-08
   0.157900E+04   0.328760E-08   0.647580E-09  -0.856848E-08
   0.158000E+04   0.294234E-08  -0.587069E-09  -0.923580E-08
   0.158100E+04   0.241488E-08  -0.187719E-08  -0.931508E-08
   0.158200E+04   0.171778E-08  -0.310631E-08  -0.883925E-08
   0.158300E+04   0.878093E-09  -0.415829E-08  -0.787808E-08
   0.158400E+04  -0.641440E-10  -0.492869E-08  -0.653049E-08
   0.158500E+04  -0.105858E-08  -0.533526E-08  -0.491483E-08
   0.158600E+04  -0.204829E-08  -0.532631E-08  -0.315820E-08
   0.158700E+04  -0.297410E-08  -0.488639E-08  -0.138568E-08
   0.158800E+04  -0.377934E-08  -0.403846E-08   0.289430E-09
   0.158900E+04  -0.441434E-08  -0.284244E-08   0.177367E-08
   0.159000E+04  -0.484047E-08  -0.139024E-08   0.299906E-08
   0.159100E+04  -0.503326E-08   0.202343E-09   0.392606E-08
   0.159200E+04  -0.498443E-08   0.180601E-08   0.454361E-08
   0.159300E+04  -0.470245E-08   0.328973E-08   0.486666E-08
   0.159400E+04  -0.421188E-08   0.453265E-08   0.493144E-08
   0.159500E+04  -0.355126E-08   0.543513E-08   0.478916E-08
   0.159600E+04  -0.277002E-08   0.592779E-08   0.449896E-08
   0.159700E+04  -0.192440E-08   0.597770E-08   0.412073E-08
   0.159800E+04  -0.107304E-08   0.559111E-08   0.370876E-08
   0.159900E+04  -0.272366E-09   0.481256E-08   0.330659E-08
   0.160000E+04   0.427652E-09   0.372036E-08   0.294371E-08
   0.160100E+04   0.987139E-09   0.241901E-08   0.263427E-08
   0.160200E+04   0.137898E-08   0.102915E-08   0.237777E-08
   0.160300E+04   0.159038E-08  -0.323790E-09   0.216153E-08
   0.160400E+04   0.162312E-08  -0.152132E-08   0.196462E-08
   0.160500E+04   0.149271E-08  -0.246269E-08   0.176249E-08
   0.160600E+04   0.122634E-08  -0.307397E-08   0.153196E-08
   0.160700E+04   0.860040E-09  -0.331427E-08   0.125573E-08
   0.160800E+04   0.435208E-09  -0.317877E-08   0.925910E-09
   0.160900E+04  -0.511317E-11  -0.269827E-08   0.546196E-09
   0.161000E+04  -0.419882E-09  -0.193517E-08   0.132407E-09
   0.161100E+04  -0.773327E-09  -0.976683E-09  -0.288719E-09
   0.161200E+04  -0.103756E-08   0.744248E-10  -0.682288E-09
   0.161300E+04  -0.119435E-08   0.111025E-08  -0.100925E-08
   0.161400E+04  -0.123595E-08   0.202849E-08  -0.123117E-08
   0.161500E+04  -0.116493E-08   0.274239E-08  -0.131524E-08
   0.161600E+04  -0.993145E-09   0.318886E-08  -0.123889E-08
   0.161700E+04  -0.739984E-09   0.333407E-08  -0.993445E-09
   0.161800E+04  -0.430010E-09   0.317591E-08  -0.586472E-09
   0.161900E+04  -0.903902E-10   0.274326E-08  -0.423407E-10
   0.162000E+04   0.251733E-09   0.209200E-08   0.598973E-09
   0.162100E+04   0.571637E-09   0.129839E-08   0.128485E-08
   0.162200E+04   0.848993E-09   0.450551E-09   0.195445E-08
   0.162300E+04   0.106925E-08  -0.361286E-09   0.254422E-08
   0.162400E+04   0.122433E-08  -0.105441E-08   0.299386E-08
   0.162500E+04   0.131269E-08  -0.156238E-08   0.325218E-08
   0.162600E+04   0.133869E-08  -0.184192E-08   0.328226E-08
   0.162700E+04   0.131143E-08  -0.187720E-08   0.306530E-08
   0.162800E+04   0.124333E-08  -0.168118E-08   0.260284E-08
   0.162900E+04   0.114839E-08  -0.129387E-08   0.191698E-08
   0.163000E+04   0.104056E-08  -0.777583E-09   0.104867E-08
   0.163100E+04   0.932231E-09  -0.209934E-09   0.541210E-10
   0.163200E+04   0.833097E-09   0.324892E-09  -0.100022E-08
   0.163300E+04   0.749418E-09   0.745555E-09  -0.204377E-08
   0.163400E+04   0.683761E-09   0.982696E-09  -0.300823E-08
   0.163500E+04   0.635199E-09   0.986831E-09  -0.383381E-08
   0.163600E+04   0.599921E-09   0.734167E-09  -0.447453E-08
   0.163700E+04   0.572129E-09   0.229713E-09  -0.490219E-08
   0.163800E+04   0.545117E-09  -0.492648E-09  -0.510847E-08
   0.163900E+04   0.512371E-09  -0.137315E-08  -0.510501E-08
   0.164000E+04   0.468568E-09  -0.233193E-08  -0.492156E-08
   0.164100E+04   0.410340E-09  -0.327692E-08  -0.460222E-08
   0.164200E+04   0.336731E-09  -0.411327E-08  -0.420030E-08
   0.164300E+04   0.249298E-09  -0.475300E-08  -0.377227E-08
   0.164400E+04   0.151856E-09  -0.512421E-08  -0.337142E-08
   0.164500E+04   0.499120E-10  -0.517866E-08  -0.304196E-08
   0.164600E+04  -0.501269E-10  -0.489707E-08  -0.281409E-08
   0.164700E+04  -0.141874E-09  -0.429148E-08  -0.270058E-08
   0.164800E+04  -0.219877E-09  -0.340445E-08  -0.269525E-08
   0.164900E+04  -0.280414E-09  -0.230516E-08  -0.277355E-08
   0.165000E+04  -0.322069E-09  -0.108276E-08  -0.289507E-08
   0.165100E+04  -0.345995E-09   0.162272E-09  -0.300788E-08
   0.165200E+04  -0.355849E-09   0.132811E-08  -0.305423E-08
   0.165300E+04  -0.357368E-09   0.232158E-08  -0.297692E-08
   0.165400E+04  -0.357665E-09   0.306748E-08  -0.272595E-08
   0.165500E+04  -0.364288E-09   0.351594E-08  -0.226448E-08
   0.165600E+04  -0.384180E-09   0.364737E-08  -0.157369E-08
   0.165700E+04  -0.422639E-09   0.347419E-08  -0.655991E-09
   0.165800E+04  -0.482423E-09   0.303941E-08   0.463856E-09
   0.165900E+04  -0.563097E-09   0.241193E-08   0.173969E-08
   0.166000E+04  -0.660728E-09   0.167925E-08   0.310706E-08
   0.166100E+04  -0.767957E-09   0.938148E-09   0.448814E-08
   0.166200E+04  -0.874487E-09   0.284378E-09   0.579797E-08
   0.166300E+04  -0.967925E-09  -0.197571E-09   0.695157E-08
   0.166400E+04  -0.103493E-08  -0.443657E-09   0.787107E-08
   0.166500E+04  -0.106255E-08  -0.417381E-09   0.849236E-08
   0.166600E+04  -0.103957E-08  -0.114078E-09   0.877051E-08
   0.166700E+04  -0.957869E-09   0.438086E-09   0.868359E-08
   0.166800E+04  -0.813423E-09   0.118055E-08   0.823441E-08
   0.166900E+04  -0.607081E-09   0.202999E-08   0.745015E-08
   0.167000E+04  -0.344853E-09   0.288673E-08   0.637983E-08
   0.167100E+04  -0.377445E-10   0.364487E-08   0.509006E-08
   0.167200E+04   0.298882E-09   0.420346E-08   0.365932E-08
   0.167300E+04   0.646359E-09   0.447722E-08   0.217142E-08
   0.167400E+04   0.984107E-09   0.440601E-08   0.708766E-09
   0.167500E+04   0.129123E-08   0.396193E-08  -0.653941E-09
   0.167600E+04   0.154818E-08   0.315328E-08  -0.185504E-08
   0.167700E+04   0.173830E-08   0.202498E-08  -0.284973E-08
   0.167800E+04   0.184923E-08   0.655315E-09  -0.361222E-08
   0.167900E+04   0.187379E-08  -0.850669E-09  -0.413584E-08
   0.168000E+04   0.181061E-08  -0.237064E-08  -0.443155E-08
   0.168100E+04   0.166415E-08  -0.377629E-08  -0.452468E-08
   0.168200E+04   0.144424E-08  -0.494548E-08  -0.445071E-08
   0.168300E+04   0.116527E-08  -0.577396E-08  -0.425026E-08
   0.168400E+04   0.844889E-09  -0.618564E-08  -0.396410E-08
   0.168500E+04   0.502598E-09  -0.614020E-08  -0.362852E-08
   0.168600E+04   0.158175E-09  -0.563740E-08  -0.327176E-08
   0.168700E+04  -0.169820E-09  -0.471764E-08  -0.291166E-08
   0.168800E+04  -0.465374E-09  -0.345852E-08  -0.255486E-08
   0.168900E+04  -0.716032E-09  -0.196795E-08  -0.219750E-08
   0.169000E+04  -0.913542E-09  -0.374206E-09  -0.182744E-08
   0.169100E+04  -0.105408E-08   0.118598E-08  -0.142748E-08
   0.169200E+04  -0.113805E-08   0.258016E-08  -0.979331E-09
   0.169300E+04  -0.116954E-08   0.369259E-08  -0.467770E-09
   0.169400E+04  -0.115543E-08   0.443499E-08   0.115494E-09
   0.169500E+04  -0.110436E-08   0.475479E-08   0.768792E-09
   0.169600E+04  -0.102567E-08   0.463980E-08   0.147863E-08
   0.169700E+04  -0.928262E-09   0.411912E-08   0.221929E-08
   0.169800E+04  -0.819794E-09   0.325991E-08   0.295394E-08
   0.169900E+04  -0.706009E-09   0.216061E-08   0.363730E-08
   0.170000E+04  -0.590432E-09   0.941019E-09   0.421944E-08
   0.170100E+04  -0.474380E-09  -0.269563E-09   0.465051E-08
   0.170200E+04  -0.357280E-09  -0.134520E-08   0.488578E-08
   0.170300E+04  -0.237245E-09  -0.217577E-08   0.489057E-08
   0.170400E+04  -0.111821E-09  -0.267778E-08   0.464439E-08
   0.170500E+04   0.211996E-10  -0.280265E-08   0.414406E-08
   0.170600E+04   0.162998E-09  -0.254141E-08   0.340511E-08
   0.170700E+04   0.313097E-09  -0.192553E-08   0.246165E-08
   0.170800E+04   0.468947E-09  -0.102376E-08   0.136432E-08
   0.170900E+04   0.625806E-09   0.648294E-10   0.176709E-09
   0.171000E+04   0.776918E-09   0.122068E-08  -0.102952E-08
   0.171100E+04   0.914001E-09   0.231574E-08  -0.218040E-08
   0.171200E+04   0.102798E-08   0.322631E-08  -0.320572E-08
   0.171300E+04   0.110987E-08   0.384541E-08  -0.404479E-08
   0.171400E+04   0.115181E-08   0.409365E-08  -0.465141E-08
   0.171500E+04   0.114795E-08   0.392731E-08  -0.499754E-08
   0.171600E+04   0.109527E-08   0.334299E-08  -0.507529E-08
   0.171700E+04   0.994152E-09   0.237832E-08  -0.489710E-08
   0.171800E+04   0.848623E-09   0.110858E-08  -0.449407E-08
   0.171900E+04   0.666234E-09  -0.360224E-09  -0.391264E-08
   0.172000E+04   0.457611E-09  -0.190147E-08  -0.320989E-08
   0.172100E+04   0.235673E-09  -0.337987E-08  -0.244802E-08
   0.172200E+04   0.145969E-10  -0.466442E-08  -0.168858E-08
   0.172300E+04  -0.191364E-09  -0.564083E-08  -0.986849E-09
   0.172400E+04  -0.369107E-09  -0.622234E-08  -0.387138E-09
   0.172500E+04  -0.507821E-09  -0.635789E-08   0.807114E-10
   0.172600E+04  -0.599933E-09  -0.603685E-08   0.403208E-09
   0.172700E+04  -0.641756E-09  -0.528970E-08   0.583374E-09
   0.172800E+04  -0.633788E-09  -0.418497E-08   0.639195E-09
   0.172900E+04  -0.580606E-09  -0.282234E-08   0.600565E-09
   0.173000E+04  -0.490393E-09  -0.132296E-08   0.505091E-09
   0.173100E+04  -0.374115E-09   0.182292E-09   0.393220E-09
   0.173200E+04  -0.244452E-09   0.156529E-08   0.303236E-09
   0.173300E+04  -0.114572E-09   0.271275E-08   0.266655E-09
   0.173400E+04   0.311430E-11   0.353669E-08   0.304536E-09
   0.173500E+04   0.981090E-10   0.398227E-08   0.425074E-09
   0.173600E+04   0.162771E-09   0.403225E-08   0.622752E-09
   0.173700E+04   0.192960E-09   0.370774E-08   0.879109E-09
   0.173800E+04   0.188317E-09   0.306507E-08   0.116505E-08
   0.173900E+04   0.152162E-09   0.218932E-08   0.144439E-08
   0.174000E+04   0.910271E-10   0.118502E-08   0.167834E-08
   0.174100E+04   0.138709E-10   0.165158E-09   0.183027E-08
   0.174200E+04  -0.689326E-10  -0.760506E-09   0.187036E-08
   0.174300E+04  -0.146724E-09  -0.149655E-08   0.177954E-08
   0.174400E+04  -0.209691E-09  -0.197136E-08   0.155236E-08
   0.174500E+04  -0.249883E-09  -0.214392E-08   0.119822E-08
   0.174600E+04  -0.262006E-09  -0.200741E-08   0.741179E-09
   0.174700E+04  -0.243914E-09  -0.158915E-08   0.217932E-09
   0.174800E+04  -0.196763E-09  -0.946942E-09  -0.325560E-09
   0.174900E+04  -0.124798E-09  -0.162357E-09  -0.838597E-09
   0.175000E+04  -0.348240E-10   0.668491E-09  -0.127092E-08
   0.175100E+04   0.645882E-10   0.144556E-08  -0.157798E-08
   0.175200E+04   0.164072E-09   0.207584E-08  -0.172582E-08
   0.175300E+04   0.254492E-09   0.248348E-08  -0.169488E-08
   0.175400E+04   0.327924E-09   0.261802E-08  -0.148252E-08
   0.175500E+04   0.378477E-09   0.245984E-08  -0.110373E-08
   0.175600E+04   0.402868E-09   0.202238E-08  -0.590205E-09
   0.175700E+04   0.400686E-09   0.135070E-08   0.124673E-10
   0.175800E+04   0.374338E-09   0.516692E-09   0.648975E-09
   0.175900E+04   0.328650E-09  -0.388616E-09   0.125955E-08
   0.176000E+04   0.270218E-09  -0.126487E-08   0.178578E-08
   0.176100E+04   0.206548E-09  -0.201324E-08   0.217628E-08
   0.176200E+04   0.145104E-09  -0.254728E-08   0.239187E-08
   0.176300E+04   0.923729E-10  -0.280243E-08   0.240943E-08
   0.176400E+04   0.530509E-10  -0.274342E-08   0.222425E-08
   0.176500E+04   0.294537E-10  -0.236860E-08   0.185056E-08
   0.176600E+04   0.212156E-10  -0.171068E-08   0.132013E-08
   0.176700E+04   0.253211E-10  -0.833958E-09   0.679113E-09
   0.176800E+04   0.364672E-10   0.171937E-09  -0.165228E-10
   0.176900E+04   0.477222E-10   0.120102E-08  -0.706593E-09
   0.177000E+04   0.514074E-10   0.214181E-08  -0.133267E-08
   0.177100E+04   0.401056E-10   0.288895E-08  -0.184387E-08
   0.177200E+04   0.768073E-11   0.335441E-08  -0.220184E-08
   0.177300E+04  -0.498095E-10   0.347703E-08  -0.238439E-08
   0.177400E+04  -0.133418E-09   0.322951E-08  -0.238748E-08
   0.177500E+04  -0.240917E-09   0.262201E-08  -0.222529E-08
   0.177600E+04  -0.366769E-09   0.170190E-08  -0.192836E-08
   0.177700E+04  -0.502476E-09   0.549787E-09  -0.154003E-08
   0.177800E+04  -0.637287E-09  -0.728041E-09  -0.111158E-08
   0.177900E+04  -0.759195E-09  -0.200986E-08  -0.696483E-09
   0.178000E+04  -0.856126E-09  -0.317051E-08  -0.344507E-09
   0.178100E+04  -0.917213E-09  -0.409399E-08  -0.962439E-10
   0.178200E+04  -0.933993E-09  -0.468529E-08   0.213716E-10
   0.178300E+04  -0.901421E-09  -0.488032E-08  -0.198864E-11
   0.178400E+04  -0.818580E-09  -0.465287E-08  -0.158930E-09
   0.178500E+04  -0.688986E-09  -0.401787E-08  -0.425196E-09
   0.178600E+04  -0.520468E-09  -0.303058E-08  -0.762431E-09
   0.178700E+04  -0.324590E-09  -0.178167E-08  -0.112256E-08
   0.178800E+04  -0.115690E-09  -0.388797E-09  -0.145334E-08
   0.178900E+04   0.904031E-10   0.101479E-08  -0.170444E-08
   0.179000E+04   0.277830E-09   0.229319E-08  -0.183349E-08
   0.179100E+04   0.432214E-09   0.332134E-08  -0.181132E-08
   0.179200E+04   0.542062E-09   0.399755E-08  -0.162582E-08
   0.179300E+04   0.599910E-09   0.425380E-08  -0.128406E-08
   0.179400E+04   0.603084E-09   0.406292E-08  -0.812237E-09
   0.179500E+04   0.554013E-09   0.344165E-08  -0.253511E-09
   0.179600E+04   0.460017E-09   0.244949E-08   0.336160E-09
   0.179700E+04   0.332609E-09   0.118316E-08   0.893745E-09
   0.179800E+04   0.186364E-09  -0.232595E-09   0.135591E-08
   0.179900E+04   0.374483E-10  -0.165715E-08   0.166610E-08
   0.180000E+04  -0.980240E-10  -0.294781E-08   0.178115E-08
   0.180100E+04  -0.205666E-09  -0.397396E-08   0.167685E-08
   0.180200E+04  -0.274340E-09  -0.463014E-08   0.135156E-08
   0.180300E+04  -0.297371E-09  -0.484672E-08   0.827756E-09
   0.180400E+04  -0.273327E-09  -0.459712E-08   0.150951E-09
   0.180500E+04  -0.206269E-09  -0.390076E-08  -0.613765E-09
   0.180600E+04  -0.105439E-09  -0.282148E-08  -0.138743E-08
   0.180700E+04   0.155944E-10  -0.146144E-08  -0.208458E-08
   0.180800E+04   0.140263E-09   0.487642E-10  -0.262167E-08
   0.180900E+04   0.250664E-09   0.156303E-08  -0.292556E-08
   0.181000E+04   0.329418E-09   0.293429E-08  -0.294147E-08
   0.181100E+04   0.361523E-09   0.402932E-08  -0.263924E-08
   0.181200E+04   0.336024E-09   0.474224E-08  -0.201753E-08
   0.181300E+04   0.247332E-09   0.500551E-08  -0.110518E-08
   0.181400E+04   0.960446E-10   0.479705E-08   0.402738E-10
   0.181500E+04  -0.110819E-09   0.414300E-08   0.133702E-08
   0.181600E+04  -0.360202E-09   0.311551E-08   0.268601E-08
   0.181700E+04  -0.633992E-09   0.182596E-08   0.397980E-08
   0.181800E+04  -0.910512E-09   0.414085E-09   0.511272E-08
   0.181900E+04  -0.116639E-08  -0.965945E-09   0.599099E-08
   0.182000E+04  -0.137863E-08  -0.216105E-08   0.654221E-08
   0.182100E+04  -0.152668E-08  -0.303498E-08   0.672292E-08
   0.182200E+04  -0.159429E-08  -0.348259E-08   0.652364E-08
   0.182300E+04  -0.157107E-08  -0.344126E-08   0.597078E-08
   0.182400E+04  -0.145340E-08  -0.289824E-08   0.512498E-08
   0.182500E+04  -0.124481E-08  -0.189320E-08   0.407623E-08
   0.182600E+04  -0.955720E-09  -0.515533E-09   0.293579E-08
   0.182700E+04  -0.602449E-09   0.110334E-08   0.182589E-08
   0.182800E+04  -0.205793E-09   0.280198E-08   0.867951E-09
   0.182900E+04   0.210861E-09   0.440423E-08   0.170499E-09
   0.183000E+04   0.623619E-09   0.573633E-08  -0.182142E-09
   0.183100E+04   0.101018E-08   0.664411E-08  -0.139200E-09
   0.183200E+04   0.135175E-08   0.700886E-08   0.310044E-09
   0.183300E+04   0.163460E-08   0.675995E-08   0.113334E-08
   0.183400E+04   0.185107E-08   0.588328E-08   0.225651E-08
   0.183500E+04   0.200002E-08   0.442440E-08   0.356850E-08
   0.183600E+04   0.208653E-08   0.248607E-08   0.493005E-08
   0.183700E+04   0.212112E-08   0.220266E-09   0.618537E-08
   0.183800E+04   0.211833E-08  -0.218452E-08   0.717574E-08
   0.183900E+04   0.209497E-08  -0.451982E-08   0.775397E-08
   0.184000E+04   0.206817E-08  -0.657583E-08   0.779832E-08
   0.184100E+04   0.205339E-08  -0.816059E-08   0.722467E-08
   0.184200E+04   0.206272E-08  -0.911788E-08   0.599587E-08
   0.184300E+04   0.210344E-08  -0.934216E-08   0.412718E-08
   0.184400E+04   0.217722E-08  -0.878909E-08   0.168749E-08
   0.184500E+04   0.227981E-08  -0.748072E-08  -0.120414E-08
   0.184600E+04   0.240147E-08  -0.550475E-08  -0.438623E-08
   0.184700E+04   0.252788E-08  -0.300781E-08  -0.766645E-08
   0.184800E+04   0.264160E-08  -0.183563E-09  -0.108360E-07
   0.184900E+04   0.272384E-08   0.274360E-08  -0.136856E-07
   0.185000E+04   0.275635E-08   0.553757E-08  -0.160221E-07
   0.185100E+04   0.272335E-08   0.797072E-08  -0.176836E-07
   0.185200E+04   0.261303E-08   0.984330E-08  -0.185528E-07
   0.185300E+04   0.241884E-08   0.110004E-07  -0.185663E-07
   0.185400E+04   0.214006E-08   0.113451E-07  -0.177202E-07
   0.185500E+04   0.178188E-08   0.108459E-07  -0.160707E-07
   0.185600E+04   0.135478E-08   0.953957E-08  -0.137301E-07
   0.185700E+04   0.873412E-09   0.752647E-08  -0.108584E-07
   0.185800E+04   0.355026E-09   0.496180E-08  -0.765105E-08
   0.185900E+04  -0.182340E-09   0.204142E-08  -0.432398E-08
   0.186000E+04  -0.721752E-09  -0.101531E-08  -0.109750E-08
   0.186100E+04  -0.124911E-08  -0.398444E-08   0.182036E-08
   0.186200E+04  -0.175451E-08  -0.665622E-08   0.424928E-08
   0.186300E+04  -0.223315E-08  -0.885223E-08   0.604960E-08
   0.186400E+04  -0.268551E-08  -0.104391E-07   0.713213E-08
   0.186500E+04  -0.311697E-08  -0.113380E-07   0.746379E-08
   0.186600E+04  -0.353666E-08  -0.115284E-07   0.706902E-08
   0.186700E+04  -0.395588E-08  -0.110475E-07   0.602672E-08
   0.186800E+04  -0.438598E-08  -0.998308E-08   0.446323E-08
   0.186900E+04  -0.483615E-08  -0.846321E-08   0.254200E-08
   0.187000E+04  -0.531118E-08  -0.664197E-08   0.450668E-09
   0.187100E+04  -0.580955E-08  -0.468371E-08  -0.161313E-08
   0.187200E+04  -0.632201E-08  -0.274697E-08  -0.345635E-08
   0.187300E+04  -0.683083E-08  -0.969805E-09  -0.490430E-08
   0.187400E+04  -0.730990E-08   0.542159E-09  -0.581267E-08
   0.187500E+04  -0.772574E-08   0.172386E-08  -0.607700E-08
   0.187600E+04  -0.803928E-08   0.255437E-08  -0.563912E-08
   0.187700E+04  -0.820847E-08   0.305571E-08  -0.449013E-08
   0.187800E+04  -0.819139E-08   0.328719E-08  -0.267014E-08
   0.187900E+04  -0.794974E-08   0.333583E-08  -0.264722E-09
   0.188000E+04  -0.745234E-08   0.330422E-08   0.260131E-08
   0.188100E+04  -0.667841E-08   0.329674E-08   0.577221E-08
   0.188200E+04  -0.562031E-08   0.340602E-08   0.907112E-08
   0.188300E+04  -0.428551E-08   0.370075E-08   0.123106E-07
   0.188400E+04  -0.269760E-08   0.421634E-08   0.153032E-07
   0.188500E+04  -0.896215E-09   0.494925E-08   0.178717E-07
   0.188600E+04   0.106416E-08   0.585575E-08   0.198578E-07
   0.188700E+04   0.311644E-08   0.685512E-08   0.211301E-07
   0.188800E+04   0.518406E-08   0.783707E-08   0.215897E-07
   0.188900E+04   0.718494E-08   0.867274E-08   0.211749E-07
   0.189000E+04   0.903574E-08   0.922798E-08   0.198636E-07
   0.189100E+04   0.106564E-07   0.937787E-08   0.176740E-07
   0.189200E+04   0.119744E-07   0.902074E-08   0.146641E-07
   0.189300E+04   0.129290E-07   0.809061E-08   0.109294E-07
   0.189400E+04   0.134740E-07   0.656645E-08   0.660000E-08
   0.189500E+04   0.135804E-07   0.447759E-08   0.183540E-08
   0.189600E+04   0.132382E-07   0.190449E-08  -0.318063E-08
   0.189700E+04   0.124558E-07  -0.102524E-08  -0.824685E-08
   0.189800E+04   0.112605E-07  -0.414521E-08  -0.131520E-07
   0.189900E+04   0.969616E-08  -0.726239E-08  -0.176832E-07
   0.190000E+04   0.782109E-08  -0.101720E-07  -0.216346E-07
   0.190100E+04   0.570528E-08  -0.126737E-07  -0.248167E-07
   0.190200E+04   0.342696E-08  -0.145878E-07  -0.270655E-07
   0.190300E+04   0.106915E-08  -0.157698E-07  -0.282513E-07
   0.190400E+04  -0.128378E-08  -0.161226E-07  -0.282871E-07
   0.190500E+04  -0.354940E-08  -0.156045E-07  -0.271345E-07
   0.190600E+04  -0.565015E-08  -0.142327E-07  -0.248090E-07
   0.190700E+04  -0.751596E-08  -0.120825E-07  -0.213819E-07
   0.190800E+04  -0.908627E-08  -0.928135E-08  -0.169801E-07
   0.190900E+04  -0.103117E-07  -0.599941E-08  -0.117824E-07
   0.191000E+04  -0.111554E-07  -0.243626E-08  -0.601305E-08
   0.191100E+04  -0.115935E-07   0.119380E-08   0.683318E-10
   0.191200E+04  -0.116156E-07   0.467748E-08   0.617869E-08
   0.191300E+04  -0.112254E-07   0.781754E-08   0.120261E-07
   0.191400E+04  -0.104395E-07   0.104461E-07   0.173252E-07
   0.191500E+04  -0.928792E-08   0.124348E-07   0.218135E-07
   0.191600E+04  -0.781262E-08   0.137020E-07   0.252664E-07
   0.191700E+04  -0.606679E-08   0.142155E-07   0.275107E-07
   0.191800E+04  -0.411336E-08   0.139913E-07   0.284356E-07
   0.191900E+04  -0.202330E-08   0.130895E-07   0.279998E-07
   0.192000E+04   0.126478E-09   0.116058E-07   0.262347E-07
   0.192100E+04   0.225553E-08   0.966238E-08   0.232429E-07
   0.192200E+04   0.428268E-08   0.739681E-08   0.191927E-07
   0.192300E+04   0.612903E-08   0.495089E-08   0.143078E-07
   0.192400E+04   0.772115E-08   0.246070E-08   0.885398E-08
   0.192500E+04   0.899429E-08   0.480926E-10   0.312292E-08
   0.192600E+04   0.989542E-08  -0.218548E-08  -0.258536E-08
   0.192700E+04   0.103860E-07  -0.416253E-08  -0.798040E-08
   0.192800E+04   0.104443E-07  -0.583058E-08  -0.127982E-07
   0.192900E+04   0.100667E-07  -0.716077E-08  -0.168162E-07
   0.193000E+04   0.926864E-08  -0.814461E-08  -0.198646E-07
   0.193100E+04   0.808439E-08  -0.878942E-08  -0.218348E-07
   0.193200E+04   0.656572E-08  -0.911327E-08  -0.226826E-07
   0.193300E+04   0.477982E-08  -0.914001E-08  -0.224273E-07
   0.193400E+04   0.280623E-08  -0.889505E-08  -0.211473E-07
   0.193500E+04   0.733050E-09  -0.840239E-08  -0.189712E-07
   0.193600E+04  -0.134739E-08  -0.768316E-08  -0.160667E-07
   0.193700E+04  -0.334311E-08  -0.675569E-08  -0.126276E-07
   0.193800E+04  -0.516711E-08  -0.563697E-08  -0.885992E-08
   0.193900E+04  -0.674171E-08  -0.434521E-08  -0.496865E-08
   0.194000E+04  -0.800234E-08  -0.290282E-08  -0.114566E-08
   0.194100E+04  -0.890055E-08  -0.133950E-08   0.244026E-08
   0.194200E+04  -0.940614E-08   0.305393E-09   0.565064E-08
   0.194300E+04  -0.950817E-08   0.198157E-08   0.838162E-08
   0.194400E+04  -0.921488E-08   0.362798E-08   0.105653E-07
   0.194500E+04  -0.855254E-08   0.517472E-08   0.121681E-07
   0.194600E+04  -0.756343E-08   0.654654E-08   0.131876E-07
   0.194700E+04  -0.630293E-08   0.766788E-08   0.136467E-07
   0.194800E+04  -0.483611E-08   0.846876E-08   0.135881E-07
   0.194900E+04  -0.323392E-08   0.889120E-08   0.130674E-07
   0.195000E+04  -0.156942E-08   0.889529E-08   0.121479E-07
   0.195100E+04   0.859721E-10   0.846437E-08   0.108955E-07
   0.195200E+04   0.166578E-08   0.760856E-08   0.937522E-08
   0.195300E+04   0.311122E-08   0.636630E-08   0.764949E-08
   0.195400E+04   0.437342E-08   0.480342E-08   0.577739E-08
   0.195500E+04   0.541473E-08   0.300973E-08   0.381522E-08
   0.195600E+04   0.620954E-08   0.109344E-08   0.181780E-08
   0.195700E+04   0.674427E-08  -0.826474E-09  -0.160087E-09
   0.195800E+04   0.701684E-08  -0.262908E-08  -0.206250E-08
   0.195900E+04   0.703562E-08  -0.420082E-08  -0.383182E-08
   0.196000E+04   0.681812E-08  -0.544454E-08  -0.540931E-08
   0.196100E+04   0.638937E-08  -0.628735E-08  -0.673689E-08
   0.196200E+04   0.578019E-08  -0.668659E-08  -0.776006E-08
   0.196300E+04   0.502556E-08  -0.663332E-08  -0.843180E-08
   0.196400E+04   0.416291E-08  -0.615292E-08  -0.871705E-08
   0.196500E+04   0.323064E-08  -0.530284E-08  -0.859719E-08
   0.196600E+04   0.226670E-08  -0.416751E-08  -0.807405E-08
   0.196700E+04   0.130738E-08  -0.285100E-08  -0.717270E-08
   0.196800E+04   0.386168E-09  -0.146795E-08  -0.594262E-08
   0.196900E+04  -0.467216E-09  -0.133700E-09  -0.445676E-08
   0.197000E+04  -0.122766E-08   0.104554E-08  -0.280844E-08
   0.197100E+04  -0.187538E-08   0.198158E-08  -0.110600E-08
   0.197200E+04  -0.239652E-08   0.261137E-08   0.534480E-09
   0.197300E+04  -0.278354E-08   0.290179E-08   0.199775E-08
   0.197400E+04  -0.303540E-08   0.285161E-08   0.317873E-08
   0.197500E+04  -0.315748E-08   0.249053E-08   0.399164E-08
   0.197600E+04  -0.316123E-08   0.187542E-08   0.437811E-08
   0.197700E+04  -0.306342E-08   0.108419E-08   0.431335E-08
   0.197800E+04  -0.288516E-08   0.207838E-09   0.380981E-08
   0.197900E+04  -0.265048E-08  -0.658453E-09   0.291763E-08
   0.198000E+04  -0.238474E-08  -0.142440E-08   0.172186E-08
   0.198100E+04  -0.211283E-08  -0.201297E-08   0.336336E-09
   0.198200E+04  -0.185730E-08  -0.236723E-08  -0.110523E-08
   0.198300E+04  -0.163661E-08  -0.245509E-08  -0.246040E-08
   0.198400E+04  -0.146360E-08  -0.227160E-08  -0.359037E-08
   0.198500E+04  -0.134434E-08  -0.183845E-08  -0.437258E-08
   0.198600E+04  -0.127751E-08  -0.120114E-08  -0.471224E-08
   0.198700E+04  -0.125446E-08  -0.423765E-09  -0.455194E-08
   0.198800E+04  -0.125982E-08   0.417700E-09  -0.387813E-08
   0.198900E+04  -0.127293E-08   0.124306E-08  -0.272397E-08
   0.199000E+04  -0.126972E-08   0.197569E-08  -0.116809E-08
   0.199100E+04  -0.122521E-08   0.254977E-08   0.670857E-09
   0.199200E+04  -0.111614E-08   0.291605E-08   0.264321E-08
   0.199300E+04  -0.923742E-09   0.304595E-08   0.458051E-08
   0.199400E+04  -0.636276E-09   0.293341E-08   0.630967E-08
   0.199500E+04  -0.251093E-09   0.259439E-08   0.766799E-08
   0.199600E+04   0.223990E-09   0.206442E-08   0.851764E-08
   0.199700E+04   0.770198E-09   0.139415E-08   0.875842E-08
   0.199800E+04   0.135831E-08   0.643789E-09   0.833751E-08
   0.199900E+04   0.195020E-08  -0.123168E-09   0.725537E-08
   0.200000E+04   0.250137E-08  -0.846190E-09   0.556723E-08
   0.200100E+04   0.296428E-08  -0.147324E-08   0.337992E-08
   0.200200E+04   0.329230E-08  -0.196508E-08   0.844203E-09
   0.200300E+04   0.344390E-08  -0.229799E-08  -0.185661E-08
   0.200400E+04   0.338679E-08  -0.246456E-08  -0.452102E-08
   0.200500E+04   0.310160E-08  -0.247276E-08  -0.694530E-08
   0.200600E+04   0.258481E-08  -0.234331E-08  -0.893988E-08
   0.200700E+04   0.185047E-08  -0.210583E-08  -0.103446E-07
   0.200800E+04   0.930716E-09  -0.179428E-08  -0.110416E-07
   0.200900E+04  -0.125247E-09  -0.144227E-08  -0.109649E-07
   0.201000E+04  -0.125362E-08  -0.107877E-08  -0.101057E-07
   0.201100E+04  -0.237980E-08  -0.724829E-09  -0.851325E-08
   0.201200E+04  -0.342333E-08  -0.391629E-09  -0.629060E-08
   0.201300E+04  -0.430354E-08  -0.801275E-10  -0.358685E-08
   0.201400E+04  -0.494567E-08   0.217686E-09  -0.585383E-09
   0.201500E+04  -0.528673E-08   0.516111E-09   0.251017E-08
   0.201600E+04  -0.528090E-08   0.831969E-09   0.549122E-08
   0.201700E+04  -0.490385E-08   0.118026E-08   0.815957E-08
   0.201800E+04  -0.415561E-08   0.156983E-08   0.103414E-07
   0.201900E+04  -0.306187E-08   0.199965E-08   0.118990E-07
   0.202000E+04  -0.167329E-08   0.245621E-08   0.127394E-07
   0.202100E+04  -0.631350E-10   0.291260E-08   0.128190E-07
   0.202200E+04   0.167698E-08   0.332935E-08   0.121445E-07
   0.202300E+04   0.344264E-08   0.365723E-08   0.107704E-07
   0.202400E+04   0.512336E-08   0.384172E-08   0.879224E-08
   0.202500E+04   0.660983E-08   0.382892E-08   0.633846E-08
   0.202600E+04   0.780130E-08   0.357210E-08   0.355965E-08
   0.202700E+04   0.861245E-08   0.303841E-08   0.617572E-09
   0.202800E+04   0.897939E-08   0.221485E-08  -0.232583E-08
   0.202900E+04   0.886417E-08   0.111284E-08  -0.511821E-08
   0.203000E+04   0.825771E-08  -0.229269E-09  -0.762492E-08
   0.203100E+04   0.718071E-08  -0.174619E-08  -0.973496E-08
   0.203200E+04   0.568269E-08  -0.334839E-08  -0.113645E-07
   0.203300E+04   0.383902E-08  -0.492751E-08  -0.124582E-07
   0.203400E+04   0.174646E-08  -0.636410E-08  -0.129884E-07
   0.203500E+04  -0.482877E-09  -0.753713E-08  -0.129531E-07
   0.203600E+04  -0.272828E-08  -0.833450E-08  -0.123721E-07
   0.203700E+04  -0.486779E-08  -0.866356E-08  -0.112840E-07
   0.203800E+04  -0.678549E-08  -0.846074E-08  -0.974190E-08
   0.203900E+04  -0.837827E-08  -0.769920E-08  -0.781054E-08
   0.204000E+04  -0.956172E-08  -0.639381E-08  -0.556365E-08
   0.204100E+04  -0.102747E-07  -0.460275E-08  -0.308230E-08
   0.204200E+04  -0.104826E-07  -0.242542E-08  -0.453755E-09
   0.204300E+04  -0.101786E-07   0.321056E-11   0.222915E-08
   0.204400E+04  -0.938342E-08   0.252178E-08   0.486870E-08
   0.204500E+04  -0.814396E-08   0.495421E-08   0.736339E-08
   0.204600E+04  -0.652964E-08   0.712332E-08   0.960970E-08
   0.204700E+04  -0.462824E-08   0.886493E-08   0.115050E-07
   0.204800E+04  -0.254072E-08   0.100416E-07   0.129517E-07
   0.204900E+04  -0.375383E-09   0.105546E-07   0.138622E-07
   0.205000E+04   0.175794E-08   0.103527E-07   0.141652E-07
   0.205100E+04   0.375372E-08   0.943807E-08   0.138121E-07
   0.205200E+04   0.551604E-08   0.786719E-08   0.127831E-07
   0.205300E+04   0.696322E-08   0.574770E-08   0.110924E-07
   0.205400E+04   0.803159E-08   0.323098E-08   0.879214E-08
   0.205500E+04   0.867816E-08   0.500953E-09   0.597323E-08
   0.205600E+04   0.888227E-08  -0.223984E-08   0.276391E-08
   0.205700E+04   0.864603E-08  -0.478595E-08  -0.674997E-09
   0.205800E+04   0.799363E-08  -0.694506E-08  -0.415807E-08
   0.205900E+04   0.696964E-08  -0.855318E-08  -0.748595E-08
   0.206000E+04   0.563637E-08  -0.948759E-08  -0.104582E-07
   0.206100E+04   0.407031E-08  -0.967652E-08  -0.128874E-07
   0.206200E+04   0.235805E-08  -0.910484E-08  -0.146136E-07
   0.206300E+04   0.591686E-09  -0.781509E-08  -0.155172E-07
   0.206400E+04  -0.113604E-08  -0.590397E-08  -0.155300E-07
   0.206500E+04  -0.273658E-08  -0.351450E-08  -0.146425E-07
   0.206600E+04  -0.413024E-08  -0.824509E-09  -0.129072E-07
   0.206700E+04  -0.525041E-08   0.196746E-08  -0.104367E-07
   0.206800E+04  -0.604706E-08   0.465783E-08  -0.739736E-08
   0.206900E+04  -0.648948E-08   0.705375E-08  -0.399808E-08
   0.207000E+04  -0.656783E-08   0.898783E-08  -0.475126E-09
   0.207100E+04  -0.629366E-08   0.103304E-07   0.292547E-08
   0.207200E+04  -0.569912E-08   0.109989E-07   0.596698E-08
   0.207300E+04  -0.483490E-08   0.109625E-07   0.844066E-08
   0.207400E+04  -0.376710E-08   0.102436E-07   0.101825E-07
   0.207500E+04  -0.257297E-08   0.891388E-08   0.110865E-07
   0.207600E+04  -0.133603E-08   0.708734E-08   0.111136E-07
   0.207700E+04  -0.140531E-09   0.490986E-08   0.102942E-07
   0.207800E+04   0.934085E-09   0.254655E-08   0.872602E-08
   0.207900E+04   0.181853E-08   0.168114E-09   0.656525E-08
   0.208000E+04   0.245842E-08  -0.206273E-08   0.401305E-08
   0.208100E+04   0.281798E-08  -0.400358E-08   0.129816E-08
   0.208200E+04   0.288258E-08  -0.554251E-08  -0.134300E-08
   0.208300E+04   0.265971E-08  -0.660520E-08  -0.368671E-08
   0.208400E+04   0.217843E-08  -0.715870E-08  -0.554121E-08
   0.208500E+04   0.148715E-08  -0.721146E-08  -0.676294E-08
   0.208600E+04   0.650088E-09  -0.681002E-08  -0.726834E-08
   0.208700E+04  -0.257589E-09  -0.603261E-08  -0.704016E-08
   0.208800E+04  -0.115541E-08  -0.498048E-08  -0.612762E-08
   0.208900E+04  -0.196366E-08  -0.376774E-08  -0.464051E-08
   0.209000E+04  -0.260946E-08  -0.251074E-08  -0.273777E-08
   0.209100E+04  -0.303224E-08  -0.131790E-08  -0.611672E-09
   0.209200E+04  -0.318832E-08  -0.280900E-09   0.153100E-08
   0.209300E+04  -0.305414E-08   0.532088E-09   0.348876E-08
   0.209400E+04  -0.262789E-08   0.108061E-08   0.508450E-08
   0.209500E+04  -0.192952E-08   0.135331E-08   0.618189E-08
   0.209600E+04  -0.998994E-09   0.136657E-08   0.669763E-08
   0.209700E+04   0.106994E-09   0.116062E-08   0.660826E-08
   0.209800E+04   0.131945E-08   0.793624E-09   0.595100E-08
   0.209900E+04   0.256243E-08   0.334436E-09   0.481851E-08
   0.210000E+04   0.375871E-08  -0.145267E-09   0.334813E-08
   0.210100E+04   0.483536E-08  -0.578659E-09   0.170675E-08
   0.210200E+04   0.572875E-08  -0.910538E-09   0.727716E-10
   0.210300E+04   0.638855E-08  -0.110256E-08  -0.138291E-08
   0.210400E+04   0.678045E-08  -0.113652E-08  -0.251502E-08
   0.210500E+04   0.688741E-08  -0.101537E-08  -0.321917E-08
   0.210600E+04   0.670949E-08  -0.762049E-09  -0.344282E-08
   0.210700E+04   0.626219E-08  -0.416196E-09  -0.319059E-08
   0.210800E+04   0.557384E-08  -0.292326E-10  -0.252348E-08
   0.210900E+04   0.468206E-08   0.341727E-09  -0.155198E-08
   0.211000E+04   0.363002E-08   0.640465E-09  -0.423624E-09
   0.211100E+04   0.246269E-08   0.818114E-09   0.693526E-09
   0.211200E+04   0.122366E-08   0.838815E-09   0.163009E-08
   0.211300E+04  -0.472750E-10   0.684051E-09   0.223502E-08
   0.211400E+04  -0.131545E-08   0.355211E-09   0.239380E-08
   0.211500E+04  -0.255159E-08  -0.125842E-09   0.204304E-08
   0.211600E+04  -0.373094E-08  -0.718272E-09   0.118004E-08
   0.211700E+04  -0.483169E-08  -0.136570E-08  -0.134019E-09
   0.211800E+04  -0.583280E-08  -0.200125E-08  -0.177776E-08
   0.211900E+04  -0.671177E-08  -0.255378E-08  -0.357992E-08
   0.212000E+04  -0.744279E-08  -0.295468E-08  -0.533552E-08
   0.212100E+04  -0.799566E-08  -0.314465E-08  -0.682643E-08
   0.212200E+04  -0.833579E-08  -0.307989E-08  -0.784437E-08
   0.212300E+04  -0.842560E-08  -0.273700E-08  -0.821392E-08
   0.212400E+04  -0.822725E-08  -0.211624E-08  -0.781347E-08
   0.212500E+04  -0.770669E-08  -0.124287E-08  -0.659154E-08
   0.212600E+04  -0.683852E-08  -0.166176E-09  -0.457694E-08
   0.212700E+04  -0.561144E-08   0.104347E-08  -0.188125E-08
   0.212800E+04  -0.403338E-08   0.229955E-08   0.130685E-08
   0.212900E+04  -0.213594E-08   0.350589E-08   0.473522E-08
   0.213000E+04   0.227904E-10   0.456421E-08   0.810883E-08
   0.213100E+04   0.235743E-08   0.538203E-08   0.111157E-07
   0.213200E+04   0.475708E-08   0.588056E-08   0.134555E-07
   0.213300E+04   0.708981E-08   0.600162E-08   0.148689E-07
   0.213400E+04   0.920978E-08   0.571320E-08   0.151643E-07
   0.213500E+04   0.109669E-07   0.501317E-08   0.142388E-07
   0.213600E+04   0.122178E-07   0.393070E-08   0.120931E-07
   0.213700E+04   0.128386E-07   0.252528E-08   0.883628E-08
   0.213800E+04   0.127362E-07   0.883366E-09   0.468119E-08
   0.213900E+04   0.118597E-07  -0.887210E-09  -0.696484E-10
   0.214000E+04   0.102085E-07  -0.266466E-08  -0.504725E-08
   0.214100E+04   0.783761E-08  -0.432198E-08  -0.984611E-08
   0.214200E+04   0.485825E-08  -0.573639E-08  -0.140586E-07
   0.214300E+04   0.143450E-08  -0.679875E-08  -0.173108E-07
   0.214400E+04  -0.222521E-08  -0.742225E-08  -0.192965E-07
   0.214500E+04  -0.588074E-08  -0.754970E-08  -0.198062E-07
   0.214600E+04  -0.927662E-08  -0.715874E-08  -0.187483E-07
   0.214700E+04  -0.121608E-07  -0.626465E-08  -0.161612E-07
   0.214800E+04  -0.143043E-07  -0.492036E-08  -0.122132E-07
   0.214900E+04  -0.155211E-07  -0.321360E-08  -0.719170E-08
   0.215000E+04  -0.156842E-07  -0.126130E-08  -0.148173E-08
   0.215100E+04  -0.147398E-07   0.798362E-09   0.446494E-08
   0.215200E+04  -0.127149E-07   0.281579E-08   0.101668E-07
   0.215300E+04  -0.971937E-08   0.464098E-08   0.151531E-07
   0.215400E+04  -0.594133E-08   0.613490E-08   0.190041E-07
   0.215500E+04  -0.163590E-08   0.718035E-08   0.213877E-07
   0.215600E+04   0.289193E-08   0.769146E-08   0.220890E-07
   0.215700E+04   0.730929E-08   0.762114E-08   0.210298E-07
   0.215800E+04   0.112805E-07   0.696563E-08   0.182776E-07
   0.215900E+04   0.144937E-07   0.576594E-08   0.140410E-07
   0.216000E+04   0.166858E-07   0.410580E-08   0.865404E-08
   0.216100E+04   0.176654E-07   0.210620E-08   0.254831E-08
   0.216200E+04   0.173299E-07  -0.830878E-10  -0.378209E-08
   0.216300E+04   0.156758E-07  -0.229451E-08  -0.982212E-08
   0.216400E+04   0.128025E-07  -0.435543E-08  -0.150791E-07
   0.216500E+04   0.890596E-08  -0.610161E-08  -0.191242E-07
   0.216600E+04   0.426611E-08  -0.739033E-08  -0.216288E-07
   0.216700E+04  -0.774035E-09  -0.811221E-08  -0.223922E-07
   0.216800E+04  -0.583440E-08  -0.820061E-08  -0.213584E-07
   0.216900E+04  -0.105275E-07  -0.763789E-08  -0.186207E-07
   0.217000E+04  -0.144896E-07  -0.645789E-08  -0.144135E-07
   0.217100E+04  -0.174097E-07  -0.474427E-08  -0.909182E-08
   0.217200E+04  -0.190559E-07  -0.262478E-08  -0.310087E-08
   0.217300E+04  -0.192945E-07  -0.261831E-09   0.306189E-08
   0.217400E+04  -0.181021E-07   0.216000E-08   0.888916E-08
   0.217500E+04  -0.155683E-07   0.444862E-08   0.139067E-07
   0.217600E+04  -0.118896E-07   0.641994E-08   0.177129E-07
   0.217700E+04  -0.735403E-08   0.791312E-08   0.200122E-07
   0.217800E+04  -0.231799E-08   0.880420E-08   0.206387E-07
   0.217900E+04   0.282219E-08   0.901695E-08   0.195685E-07
   0.218000E+04   0.766266E-08   0.852995E-08   0.169204E-07
   0.218100E+04   0.118251E-07   0.737920E-08   0.129430E-07
   0.218200E+04   0.149879E-07   0.565594E-08   0.799259E-08
   0.218300E+04   0.169123E-07   0.349978E-08   0.250076E-08
   0.218400E+04   0.174621E-07   0.108757E-08  -0.306339E-08
   0.218500E+04   0.166149E-07  -0.138109E-08  -0.823370E-08
   0.218600E+04   0.144629E-07  -0.370059E-08  -0.125865E-07
   0.218700E+04   0.112052E-07  -0.567680E-08  -0.157758E-07
   0.218800E+04   0.713049E-08  -0.714392E-08  -0.175614E-07
   0.218900E+04   0.259187E-08  -0.797913E-08  -0.178268E-07
   0.219000E+04  -0.202284E-08  -0.811383E-08  -0.165868E-07
   0.219100E+04  -0.632427E-08  -0.754024E-08  -0.139831E-07
   0.219200E+04  -0.995444E-08  -0.631288E-08  -0.102694E-07
   0.219300E+04  -0.126168E-07  -0.454451E-08  -0.578697E-08
   0.219400E+04  -0.141010E-07  -0.239700E-08  -0.933394E-09
   0.219500E+04  -0.142997E-07  -0.675491E-10   0.387301E-08
   0.219600E+04  -0.132170E-07   0.222837E-08   0.822947E-08
   0.219700E+04  -0.109667E-07   0.427600E-08   0.117828E-07
   0.219800E+04  -0.776123E-08   0.588060E-08   0.142585E-07
   0.219900E+04  -0.389231E-08   0.688530E-08   0.154818E-07
   0.220000E+04   0.295185E-09   0.718587E-08   0.153899E-07
   0.220100E+04   0.443375E-08   0.674113E-08   0.140336E-07
   0.220200E+04   0.816537E-08   0.557780E-08   0.115700E-07
   0.220300E+04   0.111725E-07   0.378947E-08   0.824475E-08
   0.220400E+04   0.132051E-07   0.152950E-08   0.436846E-08
   0.220500E+04   0.141013E-07  -0.100160E-08   0.287329E-09
   0.220600E+04   0.138006E-07  -0.357322E-08  -0.364798E-08
   0.220700E+04   0.123473E-07  -0.594478E-08  -0.711291E-08
   0.220800E+04   0.988514E-08  -0.788707E-08  -0.983628E-08
   0.220900E+04   0.664300E-08  -0.920312E-08  -0.116218E-07
   0.221000E+04   0.291351E-08  -0.974648E-08  -0.123625E-07
   0.221100E+04  -0.973890E-09  -0.943541E-08  -0.120463E-07
   0.221200E+04  -0.468257E-08  -0.826162E-08  -0.107536E-07
   0.221300E+04  -0.789862E-08  -0.629254E-08  -0.864599E-08
   0.221400E+04  -0.103582E-07  -0.366701E-08  -0.594917E-08
   0.221500E+04  -0.118698E-07  -0.584564E-09  -0.292994E-08
   0.221600E+04  -0.123303E-07   0.271083E-08   0.129050E-09
   0.221700E+04  -0.117317E-07   0.595120E-08   0.295514E-08
   0.221800E+04  -0.101603E-07   0.886742E-08   0.530954E-08
   0.221900E+04  -0.778694E-08   0.112124E-07   0.700720E-08
   0.222000E+04  -0.484958E-08   0.127829E-07   0.793104E-08
   0.222100E+04  -0.163056E-08   0.134373E-07   0.803951E-08
   0.222200E+04   0.156997E-08   0.131086E-07   0.736699E-08
   0.222300E+04   0.446163E-08   0.118110E-07   0.601734E-08
   0.222400E+04   0.679004E-08   0.963905E-08   0.415141E-08
   0.222500E+04   0.835915E-08   0.676050E-08   0.196997E-08
   0.222600E+04   0.904788E-08   0.340209E-08  -0.306336E-09
   0.222700E+04   0.881949E-08  -0.169431E-09  -0.245797E-08
   0.222800E+04   0.772305E-08  -0.366992E-08  -0.428644E-08
   0.222900E+04   0.588698E-08  -0.682200E-08  -0.563156E-08
   0.223000E+04   0.350539E-08  -0.937856E-08  -0.638442E-08
   0.223100E+04   0.818655E-09  -0.111437E-07  -0.649516E-08
   0.223200E+04  -0.190995E-08  -0.119888E-07  -0.597503E-08
   0.223300E+04  -0.441920E-08  -0.118634E-07  -0.489277E-08
   0.223400E+04  -0.647419E-08  -0.107984E-07  -0.336595E-08
   0.223500E+04  -0.788768E-08  -0.890231E-08  -0.154819E-08
   0.223600E+04  -0.853651E-08  -0.635146E-08   0.386317E-09
   0.223700E+04  -0.837176E-08  -0.337347E-08   0.225945E-08
   0.223800E+04  -0.742167E-08  -0.226994E-09   0.390548E-08
   0.223900E+04  -0.578738E-08   0.282120E-08   0.518546E-08
   0.224000E+04  -0.363184E-08   0.551943E-08   0.599858E-08
   0.224100E+04  -0.116321E-08   0.765261E-08   0.628952E-08
   0.224200E+04   0.138564E-08   0.906020E-08   0.605135E-08
   0.224300E+04   0.377954E-08   0.964892E-08   0.532388E-08
   0.224400E+04   0.580311E-08   0.939923E-08   0.418794E-08
   0.224500E+04   0.728051E-08   0.836518E-08   0.275612E-08
   0.224600E+04   0.809102E-08   0.666762E-08   0.116123E-08
   0.224700E+04   0.817902E-08   0.448157E-08  -0.456562E-09
   0.224800E+04   0.755754E-08   0.201915E-08  -0.196257E-08
   0.224900E+04   0.630528E-08  -0.490528E-09  -0.323925E-08
   0.225000E+04   0.455736E-08  -0.282229E-08  -0.419568E-08
   0.225100E+04   0.249094E-08  -0.477498E-08  -0.477420E-08
   0.225200E+04   0.307199E-09  -0.618867E-08  -0.495355E-08
   0.225300E+04  -0.178855E-08  -0.695752E-08  -0.474873E-08
   0.225400E+04  -0.360666E-08  -0.703732E-08  -0.420745E-08
   0.225500E+04  -0.499084E-08  -0.644700E-08  -0.340392E-08
   0.225600E+04  -0.583221E-08  -0.526424E-08  -0.243060E-08
   0.225700E+04  -0.607831E-08  -0.361585E-08  -0.138876E-08
   0.225800E+04  -0.573630E-08  -0.166382E-08  -0.378836E-09
   0.225900E+04  -0.487028E-08   0.411230E-09   0.508578E-09
   0.226000E+04  -0.359292E-08   0.242774E-08   0.120034E-08
   0.226100E+04  -0.205256E-08   0.422004E-08   0.164635E-08
   0.226200E+04  -0.416997E-09   0.565295E-08   0.182272E-08
   0.226300E+04   0.114429E-08   0.663252E-08   0.173247E-08
   0.226400E+04   0.247760E-08   0.711218E-08   0.140380E-08
   0.226500E+04   0.346056E-08   0.709381E-08   0.886190E-09
   0.226600E+04   0.401399E-08   0.662371E-08   0.244951E-09
   0.226700E+04   0.410915E-08   0.578423E-08  -0.445331E-09
   0.226800E+04   0.376954E-08   0.468210E-08  -0.110774E-08
   0.226900E+04   0.306717E-08   0.343466E-08  -0.166975E-08
   0.227000E+04   0.211378E-08   0.215581E-08  -0.206920E-08
   0.227100E+04   0.104785E-08   0.943079E-09  -0.225904E-08
   0.227200E+04   0.188950E-10  -0.132733E-09  -0.221055E-08
   0.227300E+04  -0.829448E-09  -0.103423E-08  -0.191492E-08
   0.227400E+04  -0.137569E-08  -0.175971E-08  -0.138312E-08
   0.227500E+04  -0.153451E-08  -0.234084E-08  -0.644278E-09
   0.227600E+04  -0.126700E-08  -0.283614E-08   0.257198E-09
   0.227700E+04  -0.586088E-09  -0.332091E-08   0.126547E-08
   0.227800E+04   0.443410E-09  -0.387495E-08   0.231770E-08
   0.227900E+04   0.171030E-08  -0.456938E-08   0.334863E-08
   0.228000E+04   0.306744E-08  -0.545419E-08   0.429507E-08
   0.228100E+04   0.434624E-08  -0.654804E-08   0.509994E-08
   0.228200E+04   0.537369E-08  -0.783154E-08   0.571563E-08
   0.228300E+04   0.599040E-08  -0.924496E-08   0.610653E-08
   0.228400E+04   0.606776E-08  -0.106908E-07   0.625074E-08
   0.228500E+04   0.552258E-08  -0.120410E-07   0.614079E-08
   0.228600E+04   0.432773E-08  -0.131489E-07   0.578356E-08
   0.228700E+04   0.251764E-08  -0.138631E-07   0.519937E-08
   0.228800E+04   0.188066E-09  -0.140446E-07   0.442044E-08
   0.228900E+04  -0.250997E-08  -0.135821E-07   0.348877E-08
   0.229000E+04  -0.538159E-08  -0.124073E-07   0.245360E-08
   0.229100E+04  -0.820387E-08  -0.105053E-07   0.136856E-08
   0.229200E+04  -0.107446E-07  -0.792121E-08   0.288694E-09
   0.229300E+04  -0.127823E-07  -0.476092E-08  -0.732644E-09
   0.229400E+04  -0.141258E-07  -0.118597E-08  -0.164671E-08
   0.229500E+04  -0.146318E-07   0.259725E-08  -0.241214E-08
   0.229600E+04  -0.142178E-07   0.635302E-08  -0.299730E-08
   0.229700E+04  -0.128708E-07   0.983537E-08  -0.338217E-08
   0.229800E+04  -0.106498E-07   0.128089E-07  -0.355962E-08
   0.229900E+04  -0.768215E-08   0.150692E-07  -0.353579E-08
   0.230000E+04  -0.415432E-08   0.164614E-07  -0.332983E-08
   0.230100E+04  -0.297613E-09   0.168947E-07  -0.297261E-08
   0.230200E+04   0.362985E-08   0.163511E-07  -0.250460E-08
   0.230300E+04   0.736322E-08   0.148880E-07  -0.197301E-08
   0.230400E+04   0.106515E-07   0.126340E-07  -0.142824E-08
   0.230500E+04   0.132767E-07   0.977837E-08  -0.919996E-09
   0.230600E+04   0.150703E-07   0.655446E-08  -0.493250E-09
   0.230700E+04   0.159252E-07   0.321958E-08  -0.184410E-09
   0.230800E+04   0.158025E-07   0.323047E-10  -0.180566E-10
   0.230900E+04   0.147332E-07  -0.277019E-08  -0.453841E-11
   0.231000E+04   0.128138E-07  -0.499279E-08  -0.138707E-09
   0.231100E+04   0.101969E-07  -0.649902E-08  -0.399988E-09
   0.231200E+04   0.707800E-08  -0.722214E-08  -0.753860E-09
   0.231300E+04   0.367939E-08  -0.716947E-08  -0.115470E-08
   0.231400E+04   0.232476E-09  -0.641972E-08  -0.154984E-08
   0.231500E+04  -0.303958E-08  -0.511344E-08  -0.188446E-08
   0.231600E+04  -0.593774E-08  -0.343771E-08  -0.210700E-08
   0.231700E+04  -0.830015E-08  -0.160638E-08  -0.217453E-08
   0.231800E+04  -0.100115E-07   0.162008E-09  -0.205761E-08
   0.231900E+04  -0.110083E-07   0.166657E-08  -0.174407E-08
   0.232000E+04  -0.112793E-07   0.274437E-08  -0.124136E-08
   0.232100E+04  -0.108622E-07   0.328670E-08  -0.577101E-09
   0.232200E+04  -0.983706E-08   0.324970E-08   0.202308E-09
   0.232300E+04  -0.831607E-08   0.265823E-08   0.103503E-08
   0.232400E+04  -0.643279E-08   0.160259E-08   0.184882E-08
   0.232500E+04  -0.433024E-08   0.228504E-09   0.256738E-08
   0.232600E+04  -0.214978E-08  -0.127885E-08   0.311750E-08
   0.232700E+04  -0.214442E-10  -0.271492E-08   0.343632E-08
   0.232800E+04   0.194358E-08  -0.387810E-08   0.347802E-08
   0.232900E+04   0.365786E-08  -0.459199E-08   0.321922E-08
   0.233000E+04   0.505993E-08  -0.472530E-08   0.266260E-08
   0.233100E+04   0.611397E-08  -0.420729E-08   0.183814E-08
   0.233200E+04   0.680736E-08  -0.303722E-08   0.801897E-09
   0.233300E+04   0.714667E-08  -0.128668E-08  -0.367821E-09
   0.233400E+04   0.715287E-08   0.905541E-09  -0.157652E-08
   0.233500E+04   0.685638E-08   0.334561E-08  -0.272144E-08
   0.233600E+04   0.629258E-08   0.580270E-08  -0.370062E-08
   0.233700E+04   0.549840E-08   0.803127E-08  -0.442226E-08
   0.233800E+04   0.451014E-08   0.979536E-08  -0.481359E-08
   0.233900E+04   0.336275E-08   0.108925E-07  -0.482823E-08
   0.234000E+04   0.209033E-08   0.111748E-07  -0.445145E-08
   0.234100E+04   0.727587E-09   0.105654E-07  -0.370262E-08
   0.234200E+04  -0.688134E-09   0.906773E-08  -0.263456E-08
   0.234300E+04  -0.211494E-08   0.676785E-08  -0.132977E-08
   0.234400E+04  -0.350498E-08   0.382809E-08   0.106284E-09
   0.234500E+04  -0.480402E-08   0.473672E-09   0.155420E-08
   0.234600E+04  -0.595240E-08  -0.302728E-08   0.289126E-08
   0.234700E+04  -0.688741E-08  -0.638803E-08   0.400267E-08
   0.234800E+04  -0.754709E-08  -0.932977E-08   0.479234E-08
   0.234900E+04  -0.787510E-08  -0.116077E-07   0.519224E-08
   0.235000E+04  -0.782634E-08  -0.130345E-07   0.516925E-08
   0.235100E+04  -0.737246E-08  -0.134979E-07   0.472902E-08
   0.235200E+04  -0.650696E-08  -0.129722E-07   0.391617E-08
   0.235300E+04  -0.524885E-08  -0.115212E-07   0.281083E-08
   0.235400E+04  -0.364457E-08  -0.929260E-08   0.152175E-08
   0.235500E+04  -0.176760E-08  -0.650455E-08   0.176629E-09
   0.235600E+04   0.284359E-09  -0.342561E-08  -0.108972E-08
   0.235700E+04   0.239468E-08  -0.349643E-09  -0.214795E-08
   0.235800E+04   0.443523E-08   0.243167E-08  -0.288656E-08
   0.235900E+04   0.627533E-08   0.465614E-08  -0.322285E-08
   0.236000E+04   0.779171E-08   0.611561E-08  -0.311128E-08
   0.236100E+04   0.887831E-08   0.667539E-08  -0.254845E-08
   0.236200E+04   0.945535E-08   0.628660E-08  -0.157421E-08
   0.236300E+04   0.947654E-08   0.499039E-08  -0.268593E-09
   0.236400E+04   0.893389E-08   0.291356E-08   0.125507E-08
   0.236500E+04   0.785940E-08   0.255944E-09   0.286038E-08
   0.236600E+04   0.632359E-08  -0.272905E-08   0.440045E-08
   0.236700E+04   0.443077E-08  -0.575900E-08   0.573168E-08
   0.236800E+04   0.231132E-08  -0.854961E-08   0.672742E-08
   0.236900E+04   0.111840E-09  -0.108419E-07   0.729031E-08
   0.237000E+04  -0.201632E-08  -0.124269E-07   0.736185E-08
   0.237100E+04  -0.392887E-08  -0.131648E-07   0.692858E-08
   0.237200E+04  -0.549995E-08  -0.129979E-07   0.602385E-08
   0.237300E+04  -0.663187E-08  -0.119550E-07   0.472532E-08
   0.237400E+04  -0.726247E-08  -0.101472E-07   0.314804E-08
   0.237500E+04  -0.736945E-08  -0.775616E-08   0.143391E-08
   0.237600E+04  -0.697128E-08  -0.501475E-08  -0.261594E-09
   0.237700E+04  -0.612470E-08  -0.218330E-08  -0.178415E-08
   0.237800E+04  -0.491892E-08   0.476982E-09  -0.299549E-08
   0.237900E+04  -0.346735E-08   0.273052E-08  -0.378695E-08
   0.238000E+04  -0.189731E-08   0.439117E-08  -0.409039E-08
   0.238100E+04  -0.338969E-09   0.534103E-08  -0.388539E-08
   0.238200E+04   0.108563E-08   0.554233E-08  -0.320211E-08
   0.238300E+04   0.227249E-08   0.504132E-08  -0.211930E-08
   0.238400E+04   0.314356E-08   0.396365E-08  -0.757751E-09
   0.238500E+04   0.365205E-08   0.250180E-08   0.730323E-09
   0.238600E+04   0.378471E-08   0.895795E-09   0.217499E-08
   0.238700E+04   0.356105E-08  -0.590938E-09   0.340412E-08
   0.238800E+04   0.302955E-08  -0.169819E-08   0.425932E-08
   0.238900E+04   0.226151E-08  -0.219537E-08   0.461076E-08
   0.239000E+04   0.134314E-08  -0.190518E-08   0.436949E-08
   0.239100E+04   0.366671E-09  -0.722219E-09   0.349622E-08
   0.239200E+04  -0.578500E-09   0.137541E-08   0.200548E-08
   0.239300E+04  -0.141385E-08   0.432240E-08  -0.349433E-10
   0.239400E+04  -0.207817E-08   0.797103E-08  -0.250943E-08
   0.239500E+04  -0.253190E-08   0.121038E-07  -0.526423E-08
   0.239600E+04  -0.275896E-08   0.164526E-07  -0.812057E-08
   0.239700E+04  -0.276609E-08   0.207229E-07  -0.108899E-07
   0.239800E+04  -0.257992E-08   0.246203E-07  -0.133898E-07
   0.239900E+04  -0.224210E-08   0.278763E-07  -0.154594E-07
   0.240000E+04  -0.180329E-08   0.302721E-07  -0.169723E-07
   0.240100E+04  -0.131659E-08   0.316573E-07  -0.178463E-07
   0.240200E+04  -0.831193E-09   0.319614E-07  -0.180491E-07
   0.240300E+04  -0.387064E-09   0.311980E-07  -0.175993E-07
   0.240400E+04  -0.110471E-10   0.294608E-07  -0.165624E-07
   0.240500E+04   0.285069E-09   0.269119E-07  -0.150435E-07
   0.240600E+04   0.504464E-09   0.237642E-07  -0.131753E-07
   0.240700E+04   0.663235E-09   0.202589E-07  -0.111054E-07
   0.240800E+04   0.786692E-09   0.166414E-07  -0.898163E-08
   0.240900E+04   0.904524E-09   0.131370E-07  -0.693846E-08
   0.241000E+04   0.104543E-08   0.992999E-08  -0.508508E-08
   0.241100E+04   0.123195E-08   0.714716E-08  -0.349653E-08
   0.241200E+04   0.147610E-08   0.484792E-08  -0.220863E-08
   0.241300E+04   0.177640E-08   0.302189E-08  -0.121707E-08
   0.241400E+04   0.211677E-08   0.159385E-08  -0.480634E-09
   0.241500E+04   0.246729E-08   0.435688E-09   0.717431E-10
   0.241600E+04   0.278702E-08  -0.616171E-09   0.531081E-09
   0.241700E+04   0.302842E-08  -0.173963E-08   0.996567E-09
   0.241800E+04   0.314294E-08  -0.310448E-08   0.156322E-08
   0.241900E+04   0.308727E-08  -0.485086E-08   0.231029E-08
   0.242000E+04   0.282930E-08  -0.707111E-08   0.329154E-08
   0.242100E+04   0.235332E-08  -0.979678E-08   0.452849E-08
   0.242200E+04   0.166364E-08  -0.129923E-07   0.600730E-08
   0.242300E+04   0.786218E-09  -0.165557E-07   0.767945E-08
   0.242400E+04  -0.231948E-09  -0.203272E-07   0.946631E-08
   0.242500E+04  -0.132584E-08  -0.241031E-07   0.112669E-07
   0.242600E+04  -0.241750E-08  -0.276560E-07   0.129682E-07
   0.242700E+04  -0.342279E-08  -0.307563E-07   0.144565E-07
   0.242800E+04  -0.425915E-08  -0.331957E-07   0.156295E-07
   0.242900E+04  -0.485366E-08  -0.348080E-07   0.164063E-07
   0.243000E+04  -0.515042E-08  -0.354864E-07   0.167363E-07
   0.243100E+04  -0.511664E-08  -0.351944E-07   0.166040E-07
   0.243200E+04  -0.474662E-08  -0.339703E-07   0.160307E-07
   0.243300E+04  -0.406326E-08  -0.319239E-07   0.150725E-07
   0.243400E+04  -0.311679E-08  -0.292256E-07   0.138140E-07
   0.243500E+04  -0.198079E-08  -0.260901E-07   0.123599E-07
   0.243600E+04  -0.745860E-09  -0.227545E-07   0.108240E-07
   0.243700E+04   0.488518E-09  -0.194553E-07   0.931750E-08
   0.243800E+04   0.162311E-08  -0.164044E-07   0.793771E-08
   0.243900E+04   0.256821E-08  -0.137679E-07   0.675795E-08
   0.244000E+04   0.325210E-08  -0.116498E-07   0.582040E-08
   0.244100E+04   0.362787E-08  -0.100816E-07   0.513205E-08
   0.244200E+04   0.367785E-08  -0.902006E-08   0.466448E-08
   0.244300E+04   0.341519E-08  -0.835199E-08   0.435746E-08
   0.244400E+04   0.288250E-08  -0.790704E-08   0.412597E-08
   0.244500E+04   0.214739E-08  -0.747628E-08   0.386995E-08
   0.244600E+04   0.129570E-08  -0.683516E-08   0.348576E-08
   0.244700E+04   0.422718E-09  -0.576848E-08   0.287812E-08
   0.244800E+04  -0.376507E-09  -0.409483E-08   0.197143E-08
   0.244900E+04  -0.101684E-08  -0.168803E-08   0.719066E-09
   0.245000E+04  -0.143183E-08   0.150661E-08  -0.890126E-09
   0.245100E+04  -0.158052E-08   0.546296E-08  -0.282896E-08
   0.245200E+04  -0.145172E-08   0.100725E-07  -0.503292E-08
   0.245300E+04  -0.106523E-08   0.151513E-07  -0.740502E-08
   0.245400E+04  -0.469835E-09   0.204534E-07  -0.982396E-08
   0.245500E+04   0.261710E-09   0.256922E-07  -0.121549E-07
   0.245600E+04   0.104024E-08   0.305642E-07  -0.142616E-07
   0.245700E+04   0.176951E-08   0.347755E-07  -0.160188E-07
   0.245800E+04   0.235643E-08   0.380679E-07  -0.173235E-07
   0.245900E+04   0.272103E-08   0.402405E-07  -0.181044E-07
   0.246000E+04   0.280525E-08   0.411672E-07  -0.183274E-07
   0.246100E+04   0.257958E-08   0.408065E-07  -0.179983E-07
   0.246200E+04   0.204683E-08   0.392030E-07  -0.171611E-07
   0.246300E+04   0.124265E-08   0.364814E-07  -0.158925E-07
   0.246400E+04   0.232631E-09   0.328332E-07  -0.142933E-07
   0.246500E+04  -0.893701E-09   0.284965E-07  -0.124779E-07
   0.246600E+04  -0.203146E-08   0.237326E-07  -0.105618E-07
   0.246700E+04  -0.307070E-08   0.188014E-07  -0.865047E-08
   0.246800E+04  -0.390743E-08   0.139369E-07  -0.682862E-08
   0.246900E+04  -0.445421E-08   0.932670E-08  -0.515245E-08
   0.247000E+04  -0.464928E-08   0.509750E-08  -0.364521E-08
   0.247100E+04  -0.446326E-08   0.130685E-08  -0.229655E-08
   0.247200E+04  -0.390269E-08  -0.205675E-08  -0.106576E-08
   0.247300E+04  -0.301012E-08  -0.506610E-08   0.111313E-09
   0.247400E+04  -0.186051E-08  -0.784070E-08   0.131257E-08
   0.247500E+04  -0.554415E-09  -0.105269E-07   0.261811E-08
   0.247600E+04   0.791425E-09  -0.132746E-07   0.409813E-08
   0.247700E+04   0.205527E-08  -0.162141E-07   0.580149E-08
   0.247800E+04   0.312215E-08  -0.194336E-07   0.774643E-08
   0.247900E+04   0.389506E-08  -0.229627E-07   0.991426E-08
   0.248000E+04   0.430455E-08  -0.267603E-07   0.122470E-07
   0.248100E+04   0.431562E-08  -0.307123E-07   0.146490E-07
   0.248200E+04   0.393128E-08  -0.346356E-07   0.169932E-07
   0.248300E+04   0.319239E-08  -0.382909E-07   0.191308E-07
   0.248400E+04   0.217381E-08  -0.414029E-07   0.209035E-07
   0.248500E+04   0.977121E-09  -0.436840E-07   0.221578E-07
   0.248600E+04  -0.279278E-09  -0.448619E-07   0.227595E-07
   0.248700E+04  -0.147179E-08  -0.447067E-07   0.226065E-07
   0.248800E+04  -0.248375E-08  -0.430555E-07   0.216401E-07
   0.248900E+04  -0.321693E-08  -0.398308E-07   0.198517E-07
   0.249000E+04  -0.360119E-08  -0.350537E-07   0.172855E-07
   0.249100E+04  -0.360141E-08  -0.288463E-07   0.140371E-07
   0.249200E+04  -0.322085E-08  -0.214271E-07   0.102466E-07
   0.249300E+04  -0.250084E-08  -0.130964E-07   0.608865E-08
   0.249400E+04  -0.151648E-08  -0.421582E-08   0.175844E-08
   0.249500E+04  -0.369159E-09   0.481906E-08  -0.254286E-08
   0.249600E+04   0.823670E-09   0.136077E-07  -0.662382E-08
   0.249700E+04   0.194030E-08   0.217742E-07  -0.103169E-07
   0.249800E+04   0.286696E-08   0.289945E-07  -0.134901E-07
   0.249900E+04   0.350927E-08   0.350175E-07  -0.160554E-07
   0.250000E+04   0.380168E-08   0.396806E-07  -0.179720E-07
   0.250100E+04   0.371400E-08   0.429149E-07  -0.192460E-07
   0.250200E+04   0.325447E-08   0.447438E-07  -0.199247E-07
   0.250300E+04   0.246882E-08   0.452712E-07  -0.200877E-07
   0.250400E+04   0.143563E-08   0.446643E-07  -0.198353E-07
   0.250500E+04   0.258342E-09   0.431304E-07  -0.192747E-07
   0.250600E+04  -0.945194E-09   0.408916E-07  -0.185070E-07
   0.250700E+04  -0.205467E-08   0.381595E-07  -0.176149E-07
   0.250800E+04  -0.295950E-08   0.351129E-07  -0.166538E-07
   0.250900E+04  -0.356996E-08   0.318803E-07  -0.156462E-07
   0.251000E+04  -0.382628E-08   0.285300E-07  -0.145802E-07
   0.251100E+04  -0.370465E-08   0.250675E-07  -0.134128E-07
   0.251200E+04  -0.321954E-08   0.214418E-07  -0.120771E-07
   0.251300E+04  -0.242218E-08   0.175583E-07  -0.104931E-07
   0.251400E+04  -0.139526E-08   0.132991E-07  -0.858025E-08
   0.251500E+04  -0.244482E-09   0.854559E-08  -0.627140E-08
   0.251600E+04   0.912322E-09   0.320337E-08  -0.352538E-08
   0.251700E+04   0.195720E-08  -0.277474E-08  -0.337960E-09
   0.251800E+04   0.278416E-08  -0.936980E-08   0.325089E-08
   0.251900E+04   0.331001E-08  -0.164843E-07   0.715393E-08
   0.252000E+04   0.348284E-08  -0.239376E-07   0.112385E-07
   0.252100E+04   0.328732E-08  -0.314706E-07   0.153333E-07
   0.252200E+04   0.274623E-08  -0.387586E-07   0.192391E-07
   0.252300E+04   0.191806E-08  -0.454329E-07   0.227434E-07
   0.252400E+04   0.890985E-09  -0.511073E-07   0.256369E-07
   0.252500E+04  -0.226285E-09  -0.554092E-07   0.277305E-07
   0.252600E+04  -0.131573E-08  -0.580107E-07   0.288716E-07
   0.252700E+04  -0.226225E-08  -0.586581E-07   0.289573E-07
   0.252800E+04  -0.296559E-08  -0.571959E-07   0.279441E-07
   0.252900E+04  -0.335078E-08  -0.535835E-07   0.258528E-07
   0.253000E+04  -0.337598E-08  -0.479028E-07   0.227676E-07
   0.253100E+04  -0.303689E-08  -0.403563E-07   0.188307E-07
   0.253200E+04  -0.236733E-08  -0.312549E-07   0.142315E-07
   0.253300E+04  -0.143586E-08  -0.209970E-07   0.919230E-08
   0.253400E+04  -0.338763E-09  -0.100407E-07   0.395161E-08
   0.253500E+04   0.809813E-09   0.112749E-08  -0.125329E-08
   0.253600E+04   0.188967E-08   0.120271E-07  -0.620320E-08
   0.253700E+04   0.278703E-08   0.222151E-07  -0.107113E-07
   0.253800E+04   0.340638E-08   0.313137E-07  -0.146340E-07
   0.253900E+04   0.368053E-08   0.390311E-07  -0.178771E-07
   0.254000E+04   0.357781E-08   0.451741E-07  -0.203974E-07
   0.254100E+04   0.310553E-08   0.496511E-07  -0.221985E-07
   0.254200E+04   0.230958E-08   0.524667E-07  -0.233239E-07
   0.254300E+04   0.126987E-08   0.537073E-07  -0.238451E-07
   0.254400E+04   0.923904E-10   0.535213E-07  -0.238490E-07
   0.254500E+04  -0.110164E-08   0.520950E-07  -0.234242E-07
   0.254600E+04  -0.218817E-08   0.496273E-07  -0.226489E-07
   0.254700E+04  -0.305313E-08   0.463064E-07  -0.215809E-07
   0.254800E+04  -0.360434E-08   0.422906E-07  -0.202513E-07
   0.254900E+04  -0.378120E-08   0.376955E-07  -0.186627E-07
   0.255000E+04  -0.356125E-08   0.325884E-07  -0.167920E-07
   0.255100E+04  -0.296281E-08   0.269913E-07  -0.145968E-07
   0.255200E+04  -0.204346E-08   0.208912E-07  -0.120260E-07
   0.255300E+04  -0.894500E-09   0.142565E-07  -0.903226E-08
   0.255400E+04   0.368187E-09   0.705804E-08  -0.558529E-08
   0.255500E+04   0.161579E-08  -0.708357E-09  -0.168440E-08
   0.255600E+04   0.271969E-08  -0.900090E-08   0.263128E-08
   0.255700E+04   0.356469E-08  -0.177142E-07   0.727633E-08
   0.255800E+04   0.406092E-08  -0.266684E-07   0.121171E-07
   0.255900E+04   0.415329E-08  -0.356061E-07   0.169753E-07
   0.256000E+04   0.382745E-08  -0.441983E-07   0.216361E-07
   0.256100E+04   0.311164E-08  -0.520600E-07   0.258616E-07
   0.256200E+04   0.207413E-08  -0.587733E-07   0.294073E-07
   0.256300E+04   0.816631E-09  -0.639171E-07   0.320413E-07
   0.256400E+04  -0.535818E-09  -0.671003E-07   0.335628E-07
   0.256500E+04  -0.184741E-08  -0.679964E-07   0.338208E-07
   0.256600E+04  -0.298535E-08  -0.663751E-07   0.327281E-07
   0.256700E+04  -0.383341E-08  -0.621277E-07   0.302717E-07
   0.256800E+04  -0.430388E-08  -0.552859E-07   0.265176E-07
   0.256900E+04  -0.434679E-08  -0.460286E-07   0.216084E-07
   0.257000E+04  -0.395520E-08  -0.346787E-07   0.157565E-07
   0.257100E+04  -0.316632E-08  -0.216878E-07   0.922964E-08
   0.257200E+04  -0.205795E-08  -0.761136E-08   0.233406E-08
   0.257300E+04  -0.740880E-09   0.692535E-08  -0.460659E-08
   0.257400E+04   0.652163E-09   0.212659E-07  -0.112728E-07
   0.257500E+04   0.197991E-08   0.347645E-07  -0.173701E-07
   0.257600E+04   0.310688E-08   0.468263E-07  -0.226474E-07
   0.257700E+04   0.391726E-08   0.569431E-07  -0.269108E-07
   0.257800E+04   0.432682E-08   0.647226E-07  -0.300331E-07
   0.257900E+04   0.429177E-08   0.699071E-07  -0.319561E-07
   0.258000E+04   0.381348E-08   0.723819E-07  -0.326889E-07
   0.258100E+04   0.293867E-08   0.721729E-07  -0.322988E-07
   0.258200E+04   0.175500E-08   0.694340E-07  -0.309000E-07
   0.258300E+04   0.382368E-09   0.644249E-07  -0.286386E-07
   0.258400E+04  -0.103903E-08   0.574843E-07  -0.256759E-07
   0.258500E+04  -0.236290E-08   0.489987E-07  -0.221738E-07
   0.258600E+04  -0.345166E-08   0.393719E-07  -0.182816E-07
   0.258700E+04  -0.419062E-08   0.289966E-07  -0.141257E-07
   0.258800E+04  -0.449978E-08   0.182320E-07  -0.980546E-08
   0.258900E+04  -0.434231E-08   0.738836E-08  -0.539184E-08
   0.259000E+04  -0.372859E-08  -0.328023E-08  -0.932033E-09
   0.259100E+04  -0.271558E-08  -0.135748E-07   0.354287E-08
   0.259200E+04  -0.140139E-08  -0.233433E-07   0.800733E-08
   0.259300E+04   0.843894E-10  -0.324667E-07   0.124298E-07
   0.259400E+04   0.159355E-08  -0.408421E-07   0.167617E-07
   0.259500E+04   0.297417E-08  -0.483648E-07   0.209284E-07
   0.259600E+04   0.408600E-08  -0.549137E-07   0.248242E-07
   0.259700E+04   0.481472E-08  -0.603403E-07   0.283112E-07
   0.259800E+04   0.508369E-08  -0.644649E-07   0.312242E-07
   0.259900E+04   0.486200E-08  -0.670806E-07   0.333795E-07
   0.260000E+04   0.416786E-08  -0.679651E-07   0.345892E-07
   0.260100E+04   0.306707E-08  -0.668998E-07   0.346782E-07
   0.260200E+04   0.166669E-08  -0.636942E-07   0.335027E-07
   0.260300E+04   0.104464E-09  -0.582140E-07   0.309687E-07
   0.260400E+04  -0.146494E-08  -0.504082E-07   0.270481E-07
   0.260500E+04  -0.288542E-08  -0.403338E-07   0.217911E-07
   0.260600E+04  -0.401522E-08  -0.281746E-07   0.153325E-07
   0.260700E+04  -0.474126E-08  -0.142498E-07   0.789139E-08
   0.260800E+04  -0.499072E-08   0.986566E-09  -0.235569E-09
   0.260900E+04  -0.473851E-08   0.169588E-07  -0.868879E-08
   0.261000E+04  -0.401003E-08   0.329941E-07  -0.170658E-07
   0.261100E+04  -0.287871E-08   0.483573E-07  -0.249459E-07
   0.261200E+04  -0.145879E-08   0.622936E-07  -0.319178E-07
   0.261300E+04   0.106136E-09   0.740758E-07  -0.376072E-07
   0.261400E+04   0.165760E-08   0.830528E-07  -0.417029E-07
   0.261500E+04   0.303827E-08   0.886952E-07  -0.439782E-07
   0.261600E+04   0.410793E-08   0.906340E-07  -0.443072E-07
   0.261700E+04   0.475775E-08   0.886894E-07  -0.426731E-07
   0.261800E+04   0.492147E-08   0.828866E-07  -0.391685E-07
   0.261900E+04   0.458223E-08   0.734581E-07  -0.339884E-07
   0.262000E+04   0.377441E-08   0.608311E-07  -0.274152E-07
   0.262100E+04   0.258030E-08   0.456017E-07  -0.197979E-07
   0.262200E+04   0.112182E-08   0.284977E-07  -0.115279E-07
   0.262300E+04  -0.451825E-09   0.103328E-07  -0.301176E-08
   0.262400E+04  -0.197926E-08  -0.804314E-08   0.535475E-08
   0.262500E+04  -0.330346E-08  -0.257957E-07   0.132104E-07
   0.262600E+04  -0.428776E-08  -0.421531E-07   0.202478E-07
   0.262700E+04  -0.482998E-08  -0.564475E-07   0.262271E-07
   0.262800E+04  -0.487295E-08  -0.681463E-07   0.309831E-07
   0.262900E+04  -0.441058E-08  -0.768716E-07   0.344252E-07
   0.263000E+04  -0.348868E-08  -0.824084E-07   0.365323E-07
   0.263100E+04  -0.220043E-08  -0.847003E-07   0.373418E-07
   0.263200E+04  -0.677043E-09  -0.838347E-07   0.369359E-07
   0.263300E+04   0.925527E-09  -0.800208E-07   0.354260E-07
   0.263400E+04   0.244253E-08  -0.735612E-07   0.329379E-07
   0.263500E+04   0.371727E-08  -0.648227E-07   0.295982E-07
   0.263600E+04   0.461730E-08  -0.542073E-07   0.255258E-07
   0.263700E+04   0.504813E-08  -0.421278E-07   0.208263E-07
   0.263800E+04   0.496318E-08  -0.289886E-07   0.155921E-07
   0.263900E+04   0.436887E-08  -0.151745E-07   0.990635E-08
   0.264000E+04   0.332421E-08  -0.104543E-08   0.385145E-08
   0.264100E+04   0.193516E-08   0.130609E-07  -0.248147E-08
   0.264200E+04   0.343960E-09   0.268222E-07  -0.898173E-08
   0.264300E+04  -0.128519E-08   0.399221E-07  -0.155099E-07
   0.264400E+04  -0.278291E-08   0.520401E-07  -0.218913E-07
   0.264500E+04  -0.399194E-08   0.628448E-07  -0.279149E-07
   0.264600E+04  -0.478345E-08   0.719911E-07  -0.333364E-07
   0.264700E+04  -0.507042E-08   0.791250E-07  -0.378880E-07
   0.264800E+04  -0.481693E-08   0.838946E-07  -0.412938E-07
   0.264900E+04  -0.404220E-08   0.859698E-07  -0.432891E-07
   0.265000E+04  -0.281911E-08   0.850673E-07  -0.436431E-07
   0.265100E+04  -0.126710E-08   0.809800E-07  -0.421823E-07
   0.265200E+04   0.459575E-09   0.736076E-07  -0.388126E-07
   0.265300E+04   0.218740E-08   0.629853E-07  -0.335377E-07
   0.265400E+04   0.374108E-08   0.493066E-07  -0.264709E-07
   0.265500E+04   0.496138E-08   0.329377E-07  -0.178404E-07
   0.265600E+04   0.572146E-08   0.144198E-07  -0.798473E-08
   0.265700E+04   0.593989E-08  -0.554168E-08   0.266039E-08
   0.265800E+04   0.558926E-08  -0.261019E-07   0.135838E-07
   0.265900E+04   0.469919E-08  -0.463149E-07   0.242279E-07
   0.266000E+04   0.335360E-08  -0.651827E-07   0.340232E-07
   0.266100E+04   0.168241E-08  -0.817139E-07   0.424253E-07
   0.266200E+04  -0.151524E-09  -0.949853E-07   0.489517E-07
   0.266300E+04  -0.196888E-08  -0.104204E-06   0.532153E-07
   0.266400E+04  -0.359215E-08  -0.108763E-06   0.549521E-07
   0.266500E+04  -0.486377E-08  -0.108289E-06   0.540408E-07
   0.266600E+04  -0.566236E-08  -0.102675E-06   0.505119E-07
   0.266700E+04  -0.591525E-08  -0.920929E-07   0.445466E-07
   0.266800E+04  -0.560616E-08  -0.769948E-07   0.364649E-07
   0.266900E+04  -0.477702E-08  -0.580883E-07   0.267037E-07
   0.267000E+04  -0.352388E-08  -0.362985E-07   0.157875E-07
   0.267100E+04  -0.198714E-08  -0.127136E-07   0.429367E-08
   0.267200E+04  -0.337210E-09   0.114797E-07  -0.718576E-08
   0.267300E+04   0.124313E-08   0.350675E-07  -0.180807E-07
   0.267400E+04   0.257771E-08   0.568802E-07  -0.278774E-07
   0.267500E+04   0.351544E-08   0.758603E-07  -0.361463E-07
   0.267600E+04   0.394645E-08   0.911207E-07  -0.425629E-07
   0.267700E+04   0.381398E-08   0.101990E-06  -0.469193E-07
   0.267800E+04   0.312106E-08   0.108045E-06  -0.491270E-07
   0.267900E+04   0.193100E-08   0.109118E-06  -0.492109E-07
   0.268000E+04   0.361735E-09   0.105299E-06  -0.472963E-07
   0.268100E+04  -0.142548E-08   0.969128E-07  -0.435894E-07
   0.268200E+04  -0.324202E-08   0.844874E-07  -0.383561E-07
   0.268300E+04  -0.489070E-08   0.687107E-07  -0.318983E-07
   0.268400E+04  -0.618578E-08   0.503839E-07  -0.245328E-07
   0.268500E+04  -0.697197E-08   0.303715E-07  -0.165721E-07
   0.268600E+04  -0.714054E-08   0.955433E-08  -0.831144E-08
   0.268700E+04  -0.664092E-08  -0.112121E-07  -0.194365E-10
   0.268800E+04  -0.548651E-08  -0.311315E-07   0.806478E-08
   0.268900E+04  -0.375410E-08  -0.494919E-07   0.157303E-07
   0.269000E+04  -0.157695E-08  -0.656812E-07   0.227895E-07
   0.269100E+04   0.867915E-09  -0.791946E-07   0.290716E-07
   0.269200E+04   0.337678E-08  -0.896354E-07   0.344162E-07
   0.269300E+04   0.573913E-08  -0.967107E-07   0.386678E-07
   0.269400E+04   0.775827E-08  -0.100226E-06   0.416750E-07
   0.269500E+04   0.927057E-08  -0.100080E-06   0.432928E-07
   0.269600E+04   0.101614E-07  -0.962584E-07   0.433898E-07
   0.269700E+04   0.103760E-07  -0.888369E-07   0.418601E-07
   0.269800E+04   0.992477E-08  -0.779820E-07   0.386380E-07
   0.269900E+04   0.888095E-08  -0.639580E-07   0.337144E-07
   0.270000E+04   0.737289E-08  -0.471344E-07   0.271535E-07
   0.270100E+04   0.557006E-08  -0.279930E-07   0.191057E-07
   0.270200E+04   0.366501E-08  -0.713169E-08   0.981686E-08
   0.270300E+04   0.185293E-08   0.147373E-07  -0.370451E-09
   0.270400E+04   0.310971E-09   0.367980E-07  -0.110231E-07
   0.270500E+04  -0.820608E-09   0.581503E-07  -0.216329E-07
   0.270600E+04  -0.145339E-08   0.778412E-07  -0.316406E-07
   0.270700E+04  -0.156030E-08   0.949054E-07  -0.404676E-07
   0.270800E+04  -0.117866E-08   0.108416E-06  -0.475531E-07
   0.270900E+04  -0.406300E-09   0.117541E-06  -0.523943E-07
   0.271000E+04   0.608801E-09   0.121599E-06  -0.545860E-07
   0.271100E+04   0.168445E-08   0.120118E-06  -0.538567E-07
   0.271200E+04   0.262409E-08   0.112883E-06  -0.500975E-07
   0.271300E+04   0.323857E-08   0.999737E-07  -0.433805E-07
   0.271400E+04   0.336755E-08   0.817814E-07  -0.339658E-07
   0.271500E+04   0.289838E-08   0.590132E-07  -0.222941E-07
   0.271600E+04   0.178036E-08   0.326700E-07  -0.896639E-08
   0.271700E+04   0.328289E-10   0.400403E-08   0.528986E-08
   0.271800E+04  -0.225379E-08  -0.255431E-07   0.196644E-07
   0.271900E+04  -0.492436E-08  -0.544192E-07   0.333158E-07
   0.272000E+04  -0.777220E-08  -0.810523E-07   0.454267E-07
   0.272100E+04  -0.105579E-07  -0.103947E-06   0.552585E-07
   0.272200E+04  -0.130320E-07  -0.121779E-06   0.622019E-07
   0.272300E+04  -0.149593E-07  -0.133485E-06   0.658183E-07
   0.272400E+04  -0.161422E-07  -0.138330E-06   0.658695E-07
   0.272500E+04  -0.164412E-07  -0.135965E-06   0.623344E-07
   0.272600E+04  -0.157900E-07  -0.126452E-06   0.554087E-07
   0.272700E+04  -0.142036E-07  -0.110267E-06   0.454910E-07
   0.272800E+04  -0.117793E-07  -0.882719E-07   0.331543E-07
   0.272900E+04  -0.868859E-08  -0.616654E-07   0.191065E-07
   0.273000E+04  -0.516339E-08  -0.319077E-07   0.414186E-08
   0.273100E+04  -0.147497E-08  -0.632013E-09  -0.109111E-07
   0.273200E+04   0.209035E-08   0.304561E-07  -0.252425E-07
   0.273300E+04   0.525732E-08   0.596815E-07  -0.381104E-07
   0.273400E+04   0.778701E-08   0.854987E-07  -0.488831E-07
   0.273500E+04   0.949855E-08   0.106580E-06  -0.570717E-07
   0.273600E+04   0.102855E-07   0.121888E-06  -0.623509E-07
   0.273700E+04   0.101251E-07   0.130726E-06  -0.645680E-07
   0.273800E+04   0.907958E-08   0.132764E-06  -0.637395E-07
   0.273900E+04   0.728905E-08   0.128049E-06  -0.600376E-07
   0.274000E+04   0.495765E-08   0.116978E-06  -0.537672E-07
   0.274100E+04   0.233317E-08   0.100266E-06  -0.453380E-07
   0.274200E+04  -0.316995E-09   0.788886E-07  -0.352331E-07
   0.274300E+04  -0.273149E-08   0.540148E-07  -0.239767E-07
   0.274400E+04  -0.467957E-08   0.269377E-07  -0.121051E-07
   0.274500E+04  -0.598232E-08  -0.999456E-09  -0.140804E-09
   0.274600E+04  -0.652820E-08  -0.284716E-07   0.114272E-07
   0.274700E+04  -0.628177E-08  -0.542326E-07   0.221582E-07
   0.274800E+04  -0.528446E-08  -0.771663E-07   0.316682E-07
   0.274900E+04  -0.364770E-08  -0.963249E-07   0.396342E-07
   0.275000E+04  -0.153908E-08  -0.110956E-06   0.457951E-07
   0.275100E+04   0.836856E-09  -0.120518E-06   0.499508E-07
   0.275200E+04   0.326109E-08  -0.124685E-06   0.519616E-07
   0.275300E+04   0.552352E-08  -0.123349E-06   0.517477E-07
   0.275400E+04   0.744470E-08  -0.116604E-06   0.492918E-07
   0.275500E+04   0.889366E-08  -0.104745E-06   0.446432E-07
   0.275600E+04   0.979988E-08  -0.882456E-07   0.379237E-07
   0.275700E+04   0.101582E-07  -0.677496E-07   0.293340E-07
   0.275800E+04   0.100263E-07  -0.440505E-07   0.191599E-07
   0.275900E+04   0.951470E-08  -0.180754E-07   0.777421E-08
   0.276000E+04   0.877088E-08   0.913751E-08  -0.436417E-08
   0.276100E+04   0.795913E-08   0.364644E-07  -0.167191E-07
   0.276200E+04   0.723822E-08   0.627277E-07  -0.286926E-07
   0.276300E+04   0.673980E-08   0.867350E-07  -0.396495E-07
   0.276400E+04   0.654972E-08   0.107324E-06  -0.489479E-07
   0.276500E+04   0.669477E-08   0.123415E-06  -0.559782E-07
   0.276600E+04   0.713625E-08   0.134068E-06  -0.602042E-07
   0.276700E+04   0.777160E-08   0.138539E-06  -0.612063E-07
   0.276800E+04   0.844390E-08   0.136339E-06  -0.587215E-07
   0.276900E+04   0.895873E-08   0.127280E-06  -0.526773E-07
   0.277000E+04   0.910659E-08   0.111517E-06  -0.432151E-07
   0.277100E+04   0.868866E-08   0.895683E-07  -0.307002E-07
   0.277200E+04   0.754322E-08   0.623178E-07  -0.157165E-07
   0.277300E+04   0.556978E-08   0.309939E-07   0.956032E-09
   0.277400E+04   0.274819E-08  -0.287601E-08   0.183800E-07
   0.277500E+04  -0.849727E-09  -0.375343E-07   0.355142E-07
   0.277600E+04  -0.505748E-08  -0.710840E-07   0.512788E-07
   0.277700E+04  -0.962119E-08  -0.101596E-06   0.646276E-07
   0.277800E+04  -0.142165E-07  -0.127227E-06   0.746228E-07
   0.277900E+04  -0.184740E-07  -0.146339E-06   0.805057E-07
   0.278000E+04  -0.220110E-07  -0.157615E-06   0.817578E-07
   0.278100E+04  -0.244668E-07  -0.160158E-06   0.781471E-07
   0.278200E+04  -0.255386E-07  -0.153567E-06   0.697565E-07
   0.278300E+04  -0.250135E-07  -0.137987E-06   0.569880E-07
   0.278400E+04  -0.227949E-07  -0.114118E-06   0.405463E-07
   0.278500E+04  -0.189190E-07  -0.831914E-07   0.213977E-07
   0.278600E+04  -0.135605E-07  -0.469097E-07   0.709860E-09
   0.278700E+04  -0.702557E-08  -0.734730E-08  -0.202247E-07
   0.278800E+04   0.266440E-09   0.331725E-07  -0.400757E-07
   0.278900E+04   0.781276E-08   0.722226E-07  -0.575668E-07
   0.279000E+04   0.150651E-07   0.107428E-06  -0.715640E-07
   0.279100E+04   0.214731E-07   0.136620E-06  -0.811550E-07
   0.279200E+04   0.265288E-07   0.157980E-06  -0.857132E-07
   0.279300E+04   0.298100E-07   0.170164E-06  -0.849415E-07
   0.279400E+04   0.310160E-07   0.172388E-06  -0.788922E-07
   0.279500E+04   0.299949E-07   0.164486E-06  -0.679626E-07
   0.279600E+04   0.267592E-07   0.146921E-06  -0.528659E-07
   0.279700E+04   0.214871E-07   0.120757E-06  -0.345803E-07
   0.279800E+04   0.145111E-07   0.875842E-07  -0.142796E-07
   0.279900E+04   0.629351E-08   0.494196E-07   0.674747E-08
   0.280000E+04  -0.260845E-08   0.857178E-08   0.271851E-07
   0.280100E+04  -0.115854E-07  -0.325073E-07   0.457781E-07
   0.280200E+04  -0.200225E-07  -0.713797E-07   0.614120E-07
   0.280300E+04  -0.273457E-07  -0.105774E-06   0.731825E-07
   0.280400E+04  -0.330649E-07  -0.133723E-06   0.804468E-07
   0.280500E+04  -0.368092E-07  -0.153682E-06   0.828563E-07
   0.280600E+04  -0.383518E-07  -0.164610E-06   0.803682E-07
   0.280700E+04  -0.376240E-07  -0.166024E-06   0.732361E-07
   0.280800E+04  -0.347146E-07  -0.158008E-06   0.619822E-07
   0.280900E+04  -0.298589E-07  -0.141196E-06   0.473534E-07
   0.281000E+04  -0.234157E-07  -0.116711E-06   0.302660E-07
   0.281100E+04  -0.158359E-07  -0.860869E-07   0.117435E-07
   0.281200E+04  -0.762602E-08  -0.511608E-07  -0.714861E-08
   0.281300E+04   0.690531E-09  -0.139592E-07  -0.253652E-07
   0.281400E+04   0.861117E-08   0.234241E-07  -0.419383E-07
   0.281500E+04   0.156873E-07   0.589466E-07  -0.560251E-07
   0.281600E+04   0.215509E-07   0.907255E-07  -0.669449E-07
   0.281700E+04   0.259326E-07   0.117131E-06  -0.742041E-07
   0.281800E+04   0.286706E-07   0.136862E-06  -0.775104E-07
   0.281900E+04   0.297105E-07   0.148997E-06  -0.767749E-07
   0.282000E+04   0.290975E-07   0.153024E-06  -0.721061E-07
   0.282100E+04   0.269621E-07   0.148852E-06  -0.637949E-07
   0.282200E+04   0.235016E-07   0.136798E-06  -0.522952E-07
   0.282300E+04   0.189599E-07   0.117559E-06  -0.381989E-07
   0.282400E+04   0.136078E-07   0.921697E-07  -0.222094E-07
   0.282500E+04   0.772596E-08   0.619481E-07  -0.511186E-08
   0.282600E+04   0.159077E-08   0.284323E-07   0.122569E-07
   0.282700E+04  -0.453467E-08  -0.668784E-08   0.290402E-07
   0.282800E+04  -0.104058E-07  -0.416441E-07   0.443945E-07
   0.282900E+04  -0.157979E-07  -0.746648E-07   0.575231E-07
   0.283000E+04  -0.205055E-07  -0.104051E-06   0.677110E-07
   0.283100E+04  -0.243409E-07  -0.128250E-06   0.743599E-07
   0.283200E+04  -0.271332E-07  -0.145930E-06   0.770218E-07
   0.283300E+04  -0.287298E-07  -0.156045E-06   0.754306E-07
   0.283400E+04  -0.290018E-07  -0.157895E-06   0.695281E-07
   0.283500E+04  -0.278518E-07  -0.151176E-06   0.594832E-07
   0.283600E+04  -0.252259E-07  -0.136013E-06   0.457010E-07
   0.283700E+04  -0.211274E-07  -0.112980E-06   0.288190E-07
   0.283800E+04  -0.156314E-07  -0.830973E-07   0.968940E-08
   0.283900E+04  -0.889694E-08  -0.478012E-07  -0.106543E-07
   0.284000E+04  -0.117540E-08  -0.889576E-08  -0.310460E-07
   0.284100E+04   0.718798E-08   0.315259E-07  -0.502495E-07
   0.284200E+04   0.157609E-07   0.711828E-07  -0.670321E-07
   0.284300E+04   0.240404E-07   0.107727E-06  -0.802457E-07
   0.284400E+04   0.314794E-07   0.138880E-06  -0.889086E-07
   0.284500E+04   0.375219E-07   0.162575E-06  -0.922831E-07
   0.284600E+04   0.416449E-07   0.177100E-06  -0.899421E-07
   0.284700E+04   0.434048E-07   0.181227E-06  -0.818182E-07
   0.284800E+04   0.424822E-07   0.174318E-06  -0.682307E-07
   0.284900E+04   0.387231E-07   0.156401E-06  -0.498850E-07
   0.285000E+04   0.321703E-07   0.128210E-06  -0.278443E-07
   0.285100E+04   0.230814E-07   0.911703E-07  -0.347217E-08
   0.285200E+04   0.119299E-07   0.473457E-07   0.216511E-07
   0.285300E+04  -0.611988E-09  -0.670037E-09   0.458325E-07
   0.285400E+04  -0.137098E-07  -0.499011E-07   0.673854E-07
   0.285500E+04  -0.264207E-07  -0.971737E-07   0.847531E-07
   0.285600E+04  -0.377619E-07  -0.139324E-06   0.966291E-07
   0.285700E+04  -0.467880E-07  -0.173417E-06   0.102063E-06
   0.285800E+04  -0.526719E-07  -0.196959E-06   0.100543E-06
   0.285900E+04  -0.547819E-07  -0.208087E-06   0.920503E-07
   0.286000E+04  -0.527471E-07  -0.205725E-06   0.770704E-07
   0.286100E+04  -0.465060E-07  -0.189688E-06   0.565751E-07
   0.286200E+04  -0.363315E-07  -0.160723E-06   0.319587E-07
   0.286300E+04  -0.228284E-07  -0.120491E-06   0.494254E-08
   0.286400E+04  -0.690292E-08  -0.714746E-07  -0.225494E-07
   0.286500E+04   0.102960E-07  -0.168270E-07  -0.485328E-07
   0.286600E+04   0.274592E-07   0.398315E-07  -0.711139E-07
   0.286700E+04   0.432182E-07   0.946603E-07  -0.886354E-07
   0.286800E+04   0.562568E-07   0.143866E-06  -0.998064E-07
   0.286900E+04   0.654237E-07   0.183976E-06  -0.103805E-06
   0.287000E+04   0.698363E-07   0.212088E-06  -0.100344E-06
   0.287100E+04   0.689668E-07   0.226096E-06  -0.896992E-07
   0.287200E+04   0.627012E-07   0.224848E-06  -0.726846E-07
   0.287300E+04   0.513658E-07   0.208251E-06  -0.505936E-07
   0.287400E+04   0.357169E-07   0.177287E-06  -0.250968E-07
   0.287500E+04   0.168934E-07   0.133964E-06   0.188937E-08
   0.287600E+04  -0.366589E-08   0.811795E-07   0.283535E-07
   0.287700E+04  -0.243332E-07   0.225274E-07   0.523468E-07
   0.287800E+04  -0.434229E-07  -0.379565E-07   0.721347E-07
   0.287900E+04  -0.593322E-07  -0.960778E-07   0.863307E-07
   0.288000E+04  -0.706795E-07  -0.147783E-06   0.940001E-07
   0.288100E+04  -0.764279E-07  -0.189449E-06   0.947259E-07
   0.288200E+04  -0.759826E-07  -0.218146E-06   0.886318E-07
   0.288300E+04  -0.692533E-07  -0.231849E-06   0.763614E-07
   0.288400E+04  -0.566749E-07  -0.229583E-06   0.590144E-07
   0.288500E+04  -0.391831E-07  -0.211494E-06   0.380481E-07
   0.288600E+04  -0.181468E-07  -0.178839E-06   0.151508E-07
   0.288700E+04   0.473895E-08  -0.133898E-06  -0.789939E-08
   0.288800E+04   0.275909E-07  -0.798061E-07  -0.293800E-07
   0.288900E+04   0.484944E-07  -0.203334E-07  -0.477597E-07
   0.289000E+04   0.656666E-07   0.403870E-07  -0.618137E-07
   0.289100E+04   0.776115E-07   0.981509E-07  -0.707093E-07
   0.289200E+04   0.832534E-07   0.148980E-06  -0.740554E-07
   0.289300E+04   0.820359E-07   0.189397E-06  -0.719124E-07
   0.289400E+04   0.739787E-07   0.216672E-06  -0.647639E-07
   0.289500E+04   0.596839E-07   0.229000E-06  -0.534538E-07
   0.289600E+04   0.402933E-07   0.225624E-06  -0.390951E-07
   0.289700E+04   0.173970E-07   0.206873E-06  -0.229621E-07
   0.289800E+04  -0.709779E-08   0.174136E-06  -0.637309E-08
   0.289900E+04  -0.311273E-07   0.129748E-06   0.942197E-08
   0.290000E+04  -0.526480E-07   0.768226E-07   0.233412E-07
   0.290100E+04  -0.698132E-07   0.190292E-07   0.345485E-07
   0.290200E+04  -0.811354E-07  -0.396642E-07   0.425027E-07
   0.290300E+04  -0.856181E-07  -0.952652E-07   0.469769E-07
   0.290400E+04  -0.828468E-07  -0.144028E-06   0.480460E-07
   0.290500E+04  -0.730299E-07  -0.182704E-06   0.460476E-07
   0.290600E+04  -0.569851E-07  -0.208755E-06   0.415208E-07
   0.290700E+04  -0.360723E-07  -0.220515E-06   0.351311E-07
   0.290800E+04  -0.120792E-07  -0.217293E-06   0.275903E-07
   0.290900E+04   0.129326E-07  -0.199406E-06   0.195808E-07
   0.291000E+04   0.368061E-07  -0.168148E-06   0.116903E-07
   0.291100E+04   0.574764E-07  -0.125695E-06   0.436614E-08
   0.291200E+04   0.731523E-07  -0.749528E-07  -0.210895E-08
   0.291300E+04   0.824740E-07  -0.193570E-07  -0.761755E-08
   0.291400E+04   0.846331E-07   0.373540E-07  -0.121863E-07
   0.291500E+04   0.794459E-07   0.913865E-07  -0.159470E-07
   0.291600E+04   0.673699E-07   0.139140E-06  -0.190853E-07
   0.291700E+04   0.494657E-07   0.177440E-06  -0.217865E-07
   0.291800E+04   0.273035E-07   0.203744E-06  -0.241832E-07
   0.291900E+04   0.282583E-08   0.216301E-06  -0.263155E-07
   0.292000E+04  -0.218240E-07   0.214270E-06  -0.281070E-07
   0.292100E+04  -0.444909E-07   0.197771E-06  -0.293619E-07
   0.292200E+04  -0.631985E-07   0.167879E-06  -0.297840E-07
   0.292300E+04  -0.763239E-07   0.126557E-06  -0.290157E-07
   0.292400E+04  -0.827408E-07   0.765352E-07  -0.266936E-07
   0.292500E+04  -0.819185E-07   0.211357E-07  -0.225125E-07
   0.292600E+04  -0.739679E-07  -0.359384E-07  -0.162918E-07
   0.292700E+04  -0.596300E-07  -0.908420E-07  -0.803286E-08
   0.292800E+04  -0.402082E-07  -0.139838E-06   0.203820E-08
   0.292900E+04  -0.174507E-07  -0.179547E-06   0.134519E-07
   0.293000E+04   0.660695E-08  -0.207173E-06   0.255042E-07
   0.293100E+04   0.298243E-07  -0.220700E-06   0.372953E-07
   0.293200E+04   0.501476E-07  -0.219042E-06   0.477963E-07
   0.293300E+04   0.657930E-07  -0.202129E-06   0.559398E-07
   0.293400E+04   0.754048E-07  -0.170937E-06   0.607255E-07
   0.293500E+04   0.781745E-07  -0.127439E-06   0.613314E-07
   0.293600E+04   0.739105E-07  -0.744950E-07   0.572179E-07
   0.293700E+04   0.630520E-07  -0.156762E-07   0.482147E-07
   0.293800E+04   0.466251E-07   0.449671E-07   0.345776E-07
   0.293900E+04   0.261480E-07   0.103174E-06   0.170084E-07
   0.294000E+04   0.349039E-08   0.154768E-06  -0.336767E-08
   0.294100E+04  -0.192970E-07   0.195952E-06  -0.250692E-07
   0.294200E+04  -0.401683E-07   0.223589E-06  -0.463653E-07
   0.294300E+04  -0.572675E-07   0.235446E-06  -0.654163E-07
   0.294400E+04  -0.690943E-07   0.230377E-06  -0.804348E-07
   0.294500E+04  -0.746368E-07   0.208439E-06  -0.898547E-07
   0.294600E+04  -0.734599E-07   0.170919E-06  -0.924909E-07
   0.294700E+04  -0.657393E-07   0.120279E-06  -0.876747E-07
   0.294800E+04  -0.522407E-07   0.600036E-07  -0.753489E-07
   0.294900E+04  -0.342454E-07  -0.562714E-08  -0.561131E-07
   0.295000E+04  -0.134292E-07  -0.718335E-07  -0.312099E-07
   0.295100E+04   0.829328E-08  -0.133681E-06  -0.245144E-08
   0.295200E+04   0.289451E-07  -0.186445E-06   0.279115E-07
   0.295300E+04   0.466674E-07  -0.225981E-06   0.573669E-07
   0.295400E+04   0.598878E-07  -0.249046E-06   0.833530E-07
   0.295500E+04   0.674608E-07  -0.253581E-06   0.103485E-06
   0.295600E+04   0.687684E-07  -0.238894E-06   0.115775E-06
   0.295700E+04   0.637705E-07  -0.205756E-06   0.118832E-06
   0.295800E+04   0.530032E-07  -0.156375E-06   0.112007E-06
   0.295900E+04   0.375235E-07  -0.942661E-07   0.954885E-07
   0.296000E+04   0.188066E-07  -0.240088E-07   0.703176E-07
   0.296100E+04  -0.139380E-08   0.490846E-07   0.383318E-07
   0.296200E+04  -0.212093E-07   0.119368E-06   0.203229E-08
   0.296300E+04  -0.388301E-07   0.181301E-06  -0.356120E-07
   0.296400E+04  -0.526700E-07   0.229888E-06  -0.714109E-07
   0.296500E+04  -0.615106E-07   0.261088E-06  -0.102228E-06
   0.296600E+04  -0.646085E-07   0.272163E-06  -0.125258E-06
   0.296700E+04  -0.617584E-07   0.261920E-06  -0.138289E-06
   0.296800E+04  -0.533056E-07   0.230846E-06  -0.139914E-06
   0.296900E+04  -0.401074E-07   0.181104E-06  -0.129682E-06
   0.297000E+04  -0.234476E-07   0.116392E-06  -0.108163E-06
   0.297100E+04  -0.491233E-08   0.416746E-07  -0.769278E-07
   0.297200E+04   0.137602E-07  -0.371913E-07  -0.384387E-07
   0.297300E+04   0.308428E-07  -0.113918E-06   0.414868E-08
   0.297400E+04   0.447796E-07  -0.182291E-06   0.472441E-07
   0.297500E+04   0.543274E-07  -0.236678E-06   0.871301E-07
   0.297600E+04   0.586681E-07  -0.272502E-06   0.120287E-06
   0.297700E+04   0.574780E-07  -0.286634E-06   0.143710E-06
   0.297800E+04   0.509524E-07  -0.277677E-06   0.155182E-06
   0.297900E+04   0.397798E-07  -0.246107E-06   0.153490E-06
   0.298000E+04   0.250717E-07  -0.194266E-06   0.138552E-06
   0.298100E+04   0.825265E-08  -0.126193E-06   0.111442E-06
   0.298200E+04  -0.907644E-08  -0.473178E-07   0.743227E-07
   0.298300E+04  -0.252904E-07   0.359714E-07   0.302678E-07
   0.298400E+04  -0.388920E-07   0.116849E-06  -0.169903E-07
   0.298500E+04  -0.486504E-07   0.188615E-06  -0.633818E-07
   0.298600E+04  -0.537123E-07   0.245256E-06  -0.104854E-06
   0.298700E+04  -0.536769E-07   0.281958E-06  -0.137729E-06
   0.298800E+04  -0.486270E-07   0.295524E-06  -0.159038E-06
   0.298900E+04  -0.391146E-07   0.284663E-06  -0.166789E-06
   0.299000E+04  -0.261021E-07   0.250119E-06  -0.160161E-06
   0.299100E+04  -0.108663E-07   0.194627E-06  -0.139589E-06
   0.299200E+04   0.512633E-08   0.122705E-06  -0.106739E-06
   0.299300E+04   0.203602E-07   0.402909E-07  -0.643775E-07
   0.299400E+04   0.334144E-07  -0.457543E-07  -0.161347E-07
   0.299500E+04   0.430946E-07  -0.128214E-06   0.338072E-07
   0.299600E+04   0.485431E-07  -0.200131E-06   0.810806E-07
   0.299700E+04   0.493146E-07  -0.255397E-06   0.121519E-06
   0.299800E+04   0.454122E-07  -0.289283E-06   0.151528E-06
   0.299900E+04   0.372808E-07  -0.298852E-06   0.168412E-06
   0.300000E+04   0.257581E-07  -0.283221E-06   0.170617E-06
   0.300100E+04   0.119902E-07  -0.243649E-06   0.157880E-06
   0.300200E+04  -0.268195E-08  -0.183443E-06   0.131259E-06
   0.300300E+04  -0.168523E-07  -0.107685E-06   0.930494E-07
   0.300400E+04  -0.291842E-07  -0.228044E-07   0.465822E-07
   0.300500E+04  -0.385358E-07   0.639697E-07  -0.406436E-08
   0.300600E+04  -0.440660E-07   0.145226E-06  -0.544266E-07
   0.300700E+04  -0.453099E-07   0.214011E-06  -0.100052E-06
   0.300800E+04  -0.422172E-07   0.264428E-06  -0.136896E-06
   0.300900E+04  -0.351508E-07   0.292155E-06  -0.161687E-06
   0.301000E+04  -0.248463E-07   0.294817E-06  -0.172219E-06
   0.301100E+04  -0.123364E-07   0.272202E-06  -0.167552E-06
   0.301200E+04   0.115219E-08   0.226281E-06  -0.148100E-06
   0.301300E+04   0.143184E-07   0.161041E-06  -0.115596E-06
   0.301400E+04   0.259123E-07   0.821442E-07  -0.729380E-07
   0.301500E+04   0.348534E-07  -0.356734E-08  -0.239300E-07
   0.301600E+04   0.403315E-07  -0.886636E-07   0.270576E-07
   0.301700E+04   0.418800E-07  -0.165775E-06   0.754806E-07
   0.301800E+04   0.394154E-07  -0.228237E-06   0.117029E-06
   0.301900E+04   0.332395E-07  -0.270670E-06   0.148015E-06
   0.302000E+04   0.240043E-07  -0.289453E-06   0.165704E-06
   0.302100E+04   0.126451E-07  -0.283035E-06   0.168558E-06
   0.302200E+04   0.285377E-09  -0.252073E-06   0.156373E-06
   0.302300E+04  -0.118728E-07  -0.199368E-06   0.130299E-06
   0.302400E+04  -0.226660E-07  -0.129620E-06   0.927279E-07
   0.302500E+04  -0.310804E-07  -0.490037E-07   0.470768E-07
   0.302600E+04  -0.363469E-07   0.353709E-07  -0.252141E-08
   0.302700E+04  -0.380114E-07   0.116091E-06  -0.515953E-07
   0.302800E+04  -0.359735E-07   0.186097E-06  -0.957393E-07
   0.302900E+04  -0.304912E-07   0.239300E-06  -0.131012E-06
   0.303000E+04  -0.221500E-07   0.271120E-06  -0.154291E-06
   0.303100E+04  -0.118022E-07   0.278887E-06  -0.163552E-06
   0.303200E+04  -0.479695E-09   0.262067E-06  -0.158049E-06
   0.303300E+04   0.107075E-07   0.222302E-06  -0.138372E-06
   0.303400E+04   0.206802E-07   0.163254E-06  -0.106392E-06
   0.303500E+04   0.284935E-07   0.902746E-07  -0.650811E-07
   0.303600E+04   0.334265E-07   0.991596E-08  -0.182384E-07
   0.303700E+04   0.350483E-07  -0.706539E-07   0.298607E-07
   0.303800E+04   0.332554E-07  -0.144294E-06   0.748554E-07
   0.303900E+04   0.282770E-07  -0.204526E-06   0.112697E-06
   0.304000E+04   0.206475E-07  -0.246108E-06   0.140016E-06
   0.304100E+04   0.111504E-07  -0.265495E-06   0.154422E-06
   0.304200E+04   0.738280E-09  -0.261145E-06   0.154718E-06
   0.304300E+04  -0.956211E-08  -0.233644E-06   0.141000E-06
   0.304400E+04  -0.187506E-07  -0.185639E-06   0.114638E-06
   0.304500E+04  -0.259504E-07  -0.121587E-06   0.781414E-07
   0.304600E+04  -0.304916E-07  -0.473439E-07   0.349219E-07
   0.304700E+04  -0.319731E-07   0.303722E-07  -0.110263E-07
   0.304800E+04  -0.302981E-07   0.104590E-06  -0.554962E-07
   0.304900E+04  -0.256783E-07   0.168713E-06  -0.944548E-07
   0.305000E+04  -0.186096E-07   0.217109E-06  -0.124411E-06
   0.305100E+04  -0.981906E-08   0.245609E-06  -0.142730E-06
   0.305200E+04  -0.190831E-09   0.251873E-06  -0.147868E-06
   0.305300E+04   0.932228E-08   0.235579E-06  -0.139502E-06
   0.305400E+04   0.177929E-07   0.198439E-06  -0.118550E-06
   0.305500E+04   0.244090E-07   0.144024E-06  -0.870725E-07
   0.305600E+04   0.285521E-07   0.774260E-07  -0.480725E-07
   0.305700E+04   0.298540E-07   0.477961E-08  -0.520986E-08
   0.305800E+04   0.282301E-07  -0.673004E-07   0.375427E-07
   0.305900E+04   0.238831E-07  -0.132324E-06   0.762684E-07
   0.306000E+04   0.172790E-07  -0.184512E-06   0.107467E-06
   0.306100E+04   0.909814E-08  -0.219316E-06   0.128373E-06
   0.306200E+04   0.165345E-09  -0.233815E-06   0.137202E-06
   0.306300E+04  -0.863290E-08  -0.226965E-06   0.133307E-06
   0.306400E+04  -0.164361E-07  -0.199673E-06   0.117219E-06
   0.306500E+04  -0.224938E-07  -0.154694E-06   0.905925E-07
   0.306600E+04  -0.262374E-07  -0.963608E-07   0.560314E-07
   0.306700E+04  -0.273337E-07  -0.301648E-07   0.168408E-07
   0.306800E+04  -0.257139E-07   0.377527E-07  -0.232893E-07
   0.306900E+04  -0.215771E-07   0.101172E-06  -0.606312E-07
   0.307000E+04  -0.153667E-07   0.154365E-06  -0.917658E-07
   0.307100E+04  -0.772354E-08   0.192614E-06  -0.113896E-06
   0.307200E+04   0.579682E-09   0.212631E-06  -0.125101E-06
   0.307300E+04   0.871629E-08   0.212841E-06  -0.124500E-06
   0.307400E+04   0.158876E-07   0.193510E-06  -0.112325E-06
   0.307500E+04   0.214012E-07   0.156695E-06  -0.898805E-07
   0.307600E+04   0.247375E-07   0.106029E-06  -0.594116E-07
   0.307700E+04   0.255985E-07   0.463748E-07  -0.238794E-07
   0.307800E+04   0.239343E-07  -0.166455E-07   0.133244E-07
   0.307900E+04   0.199446E-07  -0.771752E-07   0.487003E-07
   0.308000E+04   0.140553E-07  -0.129668E-06   0.789696E-07
   0.308100E+04   0.687418E-08  -0.169394E-06   0.101379E-06
   0.308200E+04  -0.872227E-09  -0.192869E-06   0.113950E-06
   0.308300E+04  -0.841142E-08  -0.198161E-06   0.115657E-06
   0.308400E+04  -0.150020E-07  -0.185046E-06   0.106504E-06
   0.308500E+04  -0.200062E-07  -0.155007E-06   0.875161E-07
   0.308600E+04  -0.229518E-07  -0.111075E-06   0.606271E-07
   0.308700E+04  -0.235765E-07  -0.575276E-07   0.284834E-07
   0.308800E+04  -0.218508E-07   0.525678E-09  -0.581389E-08
   0.308900E+04  -0.179783E-07   0.576298E-07  -0.390070E-07
   0.309000E+04  -0.123721E-07   0.108495E-06  -0.679909E-07
   0.309100E+04  -0.561158E-08   0.148489E-06  -0.901036E-07
   0.309200E+04   0.161737E-08   0.174054E-06  -0.103371E-06
   0.309300E+04   0.859147E-08   0.183030E-06  -0.106681E-06
   0.309400E+04   0.146222E-07   0.174834E-06  -0.998815E-07
   0.309500E+04   0.191236E-07   0.150492E-06  -0.837737E-07
   0.309600E+04   0.216689E-07   0.112519E-06  -0.600273E-07
   0.309700E+04   0.220308E-07   0.646698E-07  -0.310081E-07
   0.309800E+04   0.202018E-07   0.115638E-07   0.455975E-09
   0.309900E+04   0.163916E-07  -0.417558E-07   0.313496E-07
   0.310000E+04   0.110043E-07  -0.903009E-07   0.587584E-07
   0.310100E+04   0.459511E-08  -0.129605E-06   0.801435E-07
   0.310200E+04  -0.218594E-08  -0.156133E-06   0.935772E-07
   0.310300E+04  -0.866017E-08  -0.167603E-06   0.979162E-07
   0.310400E+04  -0.141878E-07  -0.163178E-06   0.928988E-07
   0.310500E+04  -0.182310E-07  -0.143526E-06   0.791559E-07
   0.310600E+04  -0.204064E-07  -0.110734E-06   0.581378E-07
   0.310700E+04  -0.205208E-07  -0.680934E-07   0.319635E-07
   0.310800E+04  -0.185886E-07  -0.197704E-07   0.320858E-08
   0.310900E+04  -0.148275E-07   0.295981E-07  -0.253466E-07
   0.311000E+04  -0.963473E-08   0.753487E-07  -0.509856E-07
   0.311100E+04  -0.354522E-08   0.113231E-06  -0.713137E-07
   0.311200E+04   0.282323E-08   0.139802E-06  -0.844815E-07
   0.311300E+04   0.883234E-08   0.152742E-06  -0.893530E-07
   0.311400E+04   0.138872E-07   0.151050E-06  -0.856030E-07
   0.311500E+04   0.174951E-07   0.135128E-06  -0.737355E-07
   0.311600E+04   0.193130E-07   0.106714E-06  -0.550226E-07
   0.311700E+04   0.191805E-07   0.687006E-07  -0.313707E-07
   0.311800E+04   0.171336E-07   0.248436E-07  -0.512787E-08
   0.311900E+04   0.133985E-07  -0.206069E-07   0.211478E-07
   0.312000E+04   0.836728E-08  -0.633174E-07   0.449372E-07
   0.312100E+04   0.255696E-08  -0.992833E-07   0.640006E-07
   0.312200E+04  -0.344373E-08  -0.125203E-06   0.765889E-07
   0.312300E+04  -0.903368E-08  -0.138784E-06   0.816033E-07
   0.312400E+04  -0.136595E-07  -0.138939E-06   0.786908E-07
   0.312500E+04  -0.168703E-07  -0.125877E-06   0.682664E-07
   0.312600E+04  -0.183614E-07  -0.101062E-06   0.514608E-07
   0.312700E+04  -0.180033E-07  -0.670520E-07   0.300002E-07
   0.312800E+04  -0.158525E-07  -0.272393E-07   0.603076E-08
   0.312900E+04  -0.121439E-07   0.144839E-07  -0.180949E-07
   0.313000E+04  -0.726547E-08   0.541062E-07  -0.400481E-07
   0.313100E+04  -0.171789E-08   0.878813E-07  -0.577481E-07
   0.313200E+04   0.393690E-08   0.112682E-06  -0.695589E-07
   0.313300E+04   0.913231E-08   0.126287E-06  -0.744404E-07
   0.313400E+04   0.133538E-07   0.127585E-06  -0.720394E-07
   0.313500E+04   0.161898E-07   0.116656E-06  -0.627124E-07
   0.313600E+04   0.173717E-07   0.947507E-07  -0.474802E-07
   0.313700E+04   0.167993E-07   0.641515E-07  -0.279183E-07
   0.313800E+04   0.145487E-07   0.279360E-07  -0.599544E-08
   0.313900E+04   0.108635E-07  -0.103291E-07   0.161233E-07
   0.314000E+04   0.612812E-08  -0.469383E-07   0.362897E-07
   0.314100E+04   0.828079E-09  -0.784049E-07   0.525805E-07
   0.314200E+04  -0.449955E-08  -0.101793E-06   0.634803E-07
   0.314300E+04  -0.932048E-08  -0.114990E-06   0.680225E-07
   0.314400E+04  -0.131567E-07  -0.116898E-06   0.658742E-07
   0.314500E+04  -0.156335E-07  -0.107524E-06   0.573587E-07
   0.314600E+04  -0.165164E-07  -0.879594E-07   0.434135E-07
   0.314700E+04  -0.157328E-07  -0.602620E-07   0.254894E-07
   0.314800E+04  -0.133778E-07  -0.272389E-07   0.540093E-08
   0.314900E+04  -0.970298E-08   0.783401E-08  -0.148560E-07
   0.315000E+04  -0.508971E-08   0.415358E-07  -0.333017E-07
   0.315100E+04  -0.965239E-11   0.706330E-07  -0.481654E-07
   0.315200E+04   0.502338E-08   0.923893E-07  -0.580549E-07
   0.315300E+04   0.950528E-08   0.104822E-06  -0.620866E-07
   0.315400E+04   0.129920E-07   0.106882E-06  -0.599636E-07
   0.315500E+04   0.151436E-07   0.985425E-07  -0.519960E-07
   0.315600E+04   0.157570E-07   0.807825E-07  -0.390606E-07
   0.315700E+04   0.147854E-07   0.554797E-07  -0.225066E-07
   0.315800E+04   0.123410E-07   0.252136E-07  -0.401649E-08
   0.315900E+04   0.868266E-08  -0.699598E-08   0.145645E-07
   0.316000E+04   0.418825E-08  -0.379876E-07   0.314111E-07
   0.316100E+04  -0.684201E-09  -0.647679E-07   0.448970E-07
   0.316200E+04  -0.544322E-08  -0.847996E-07   0.537513E-07
   0.316300E+04  -0.961347E-08  -0.962407E-07   0.571775E-07
   0.316400E+04  -0.127832E-07  -0.981137E-07   0.549247E-07
   0.316500E+04  -0.146448E-07  -0.903871E-07   0.473041E-07
   0.316600E+04  -0.150250E-07  -0.739646E-07   0.351498E-07
   0.316700E+04  -0.139005E-07  -0.505829E-07   0.197289E-07
   0.316800E+04  -0.113989E-07  -0.226303E-07   0.261085E-08
   0.316900E+04  -0.778478E-08   0.709588E-08  -0.144920E-07
   0.317000E+04  -0.343166E-08   0.356677E-07  -0.298945E-07
   0.317100E+04   0.121663E-08   0.603141E-07  -0.421047E-07
   0.317200E+04   0.569103E-08   0.786891E-07  -0.499674E-07
   0.317300E+04   0.954455E-08   0.890941E-07  -0.527734E-07
   0.317400E+04   0.123969E-07   0.906343E-07  -0.503228E-07
   0.317500E+04   0.139721E-07   0.832943E-07  -0.429371E-07
   0.317600E+04   0.141251E-07   0.679268E-07  -0.314203E-07
   0.317700E+04   0.128549E-07   0.461563E-07  -0.169722E-07
   0.317800E+04   0.103035E-07   0.202097E-07  -0.106474E-08
   0.317900E+04   0.674024E-08  -0.731125E-08   0.147077E-07
   0.318000E+04   0.253319E-08  -0.336889E-07   0.287872E-07
   0.318100E+04  -0.188849E-08  -0.563579E-07   0.398056E-07
   0.318200E+04  -0.607846E-08  -0.731542E-07   0.467173E-07
   0.318300E+04  -0.961819E-08  -0.825208E-07   0.488981E-07
   0.318400E+04  -0.121588E-07  -0.836519E-07   0.462005E-07
   0.318500E+04  -0.134555E-07  -0.765610E-07   0.389622E-07
   0.318600E+04  -0.133911E-07  -0.620678E-07   0.279654E-07
   0.318700E+04  -0.119869E-07  -0.417061E-07   0.143538E-07
   0.318800E+04  -0.939877E-08  -0.175634E-07  -0.486265E-09
   0.318900E+04  -0.590040E-08   0.793219E-08  -0.150663E-07
   0.319000E+04  -0.185451E-08   0.322549E-07  -0.279441E-07
   0.319100E+04   0.232458E-08   0.530312E-07  -0.378668E-07
   0.319200E+04   0.621324E-08   0.682706E-07  -0.438917E-07
   0.319300E+04   0.942142E-08   0.765560E-07  -0.454759E-07
   0.319400E+04   0.116317E-07   0.771751E-07  -0.425248E-07
   0.319500E+04   0.126306E-07   0.701802E-07  -0.353951E-07
   0.319600E+04   0.123296E-07   0.563730E-07  -0.248535E-07
   0.319700E+04   0.107722E-07   0.372144E-07  -0.119950E-07
   0.319800E+04   0.812930E-08   0.146722E-07   0.187019E-08
   0.319900E+04   0.467999E-08  -0.898042E-08   0.153496E-07
   0.320000E+04   0.782845E-09  -0.313929E-07   0.271081E-07
   0.320100E+04  -0.316124E-08  -0.503700E-07   0.359998E-07
   0.320200E+04  -0.674994E-08  -0.640866E-07   0.411793E-07
   0.320300E+04  -0.962031E-08  -0.712624E-07   0.421819E-07
   0.320400E+04  -0.114852E-07  -0.712809E-07   0.389649E-07
   0.320500E+04  -0.121618E-07  -0.642412E-07   0.319061E-07
   0.320600E+04  -0.115893E-07  -0.509388E-07   0.217609E-07
   0.320700E+04  -0.983425E-08  -0.327774E-07   0.958225E-08
   0.320800E+04  -0.708286E-08  -0.116219E-07  -0.338836E-08
   0.320900E+04  -0.362121E-08   0.103918E-07  -0.158466E-07
   0.321000E+04   0.194366E-09   0.310720E-07  -0.265565E-07
   0.321100E+04   0.397386E-08   0.483885E-07  -0.344720E-07
   0.321200E+04   0.733333E-08   0.606712E-07  -0.388398E-07
   0.321300E+04   0.993373E-08   0.667710E-07  -0.392698E-07
   0.321400E+04   0.115149E-07   0.661666E-07  -0.357700E-07
   0.321500E+04   0.119216E-07   0.590076E-07  -0.287404E-07
   0.321600E+04   0.111181E-07   0.460913E-07  -0.189283E-07
   0.321700E+04   0.919155E-08   0.287750E-07  -0.734928E-08
   0.321800E+04   0.634201E-08   0.883436E-08   0.481742E-08
   0.321900E+04   0.286177E-08  -0.117183E-07   0.163488E-07
   0.322000E+04  -0.894888E-09  -0.308361E-07   0.261007E-07
   0.322100E+04  -0.454782E-08  -0.466416E-07   0.331210E-07
   0.322200E+04  -0.772957E-08  -0.576106E-07   0.367428E-07
   0.322300E+04  -0.101224E-07  -0.627190E-07   0.366468E-07
   0.322400E+04  -0.114900E-07  -0.615379E-07   0.328899E-07
   0.322500E+04  -0.117009E-07  -0.542687E-07   0.258941E-07
   0.322600E+04  -0.107410E-07  -0.417152E-07   0.164002E-07
   0.322700E+04  -0.871414E-08  -0.251958E-07   0.538985E-08
   0.322800E+04  -0.583109E-08  -0.640609E-08  -0.601560E-08
   0.322900E+04  -0.238740E-08   0.127543E-07  -0.166692E-07
   0.323000E+04   0.126692E-08   0.303736E-07  -0.255133E-07
   0.323100E+04   0.476302E-08   0.447178E-07  -0.316848E-07
   0.323200E+04   0.775057E-08   0.544016E-07  -0.345986E-07
   0.323300E+04   0.993293E-08   0.585214E-07  -0.340038E-07
   0.323400E+04   0.110967E-07   0.567396E-07  -0.300041E-07
   0.323500E+04   0.111326E-07   0.493114E-07  -0.230438E-07
   0.323600E+04   0.100459E-07   0.370518E-07  -0.138589E-07
   0.323700E+04   0.795495E-08   0.212477E-07  -0.340002E-08
   0.323800E+04   0.507842E-08   0.352399E-08   0.726543E-08
   0.323900E+04   0.171261E-08  -0.143229E-07   0.170620E-07
   0.324000E+04  -0.179909E-08  -0.305063E-07   0.250139E-07
   0.324100E+04  -0.510119E-08  -0.434271E-07   0.303424E-07
   0.324200E+04  -0.786206E-08  -0.518319E-07   0.325412E-07
   0.324300E+04  -0.980730E-08  -0.549333E-07   0.314249E-07
   0.324400E+04  -0.107470E-07  -0.524841E-07   0.271437E-07
   0.324500E+04  -0.105943E-07  -0.447948E-07   0.201646E-07
   0.324600E+04  -0.937353E-08  -0.326969E-07   0.112210E-07
   0.324700E+04  -0.721683E-08  -0.174534E-07   0.123629E-08
   0.324800E+04  -0.435003E-08  -0.628041E-09  -0.877147E-08
   0.324900E+04  -0.106919E-08   0.160750E-07  -0.177928E-07
   0.325000E+04   0.228996E-08   0.309826E-07  -0.249282E-07
   0.325100E+04   0.538620E-08   0.426202E-07  -0.294778E-07
   0.325200E+04   0.790749E-08   0.498567E-07  -0.310095E-07
   0.325300E+04   0.960231E-08   0.520142E-07  -0.293998E-07
   0.325400E+04   0.103048E-07   0.489310E-07  -0.248430E-07
   0.325500E+04   0.995091E-08   0.409721E-07  -0.178284E-07
   0.325600E+04   0.858431E-08   0.289870E-07  -0.908801E-08
   0.325700E+04   0.635118E-08   0.142195E-07   0.479524E-09
   0.325800E+04   0.348474E-08  -0.182082E-08   0.990132E-08
   0.325900E+04   0.281050E-09  -0.175128E-07   0.182289E-07
   0.326000E+04  -0.293142E-08  -0.312871E-07   0.246335E-07
   0.326100E+04  -0.582532E-08  -0.417830E-07   0.284884E-07
   0.326200E+04  -0.810759E-08  -0.479821E-07   0.294303E-07
   0.326300E+04  -0.954904E-08  -0.493074E-07   0.273930E-07
   0.326400E+04  -0.100072E-07  -0.456764E-07   0.226116E-07
   0.326500E+04  -0.944020E-08  -0.375039E-07   0.155957E-07
   0.326600E+04  -0.791062E-08  -0.256560E-07   0.707522E-08
   0.326700E+04  -0.557839E-08  -0.113582E-07  -0.207488E-08
   0.326800E+04  -0.268408E-08   0.393065E-08  -0.109245E-07
   0.326900E+04   0.475896E-09   0.186673E-07  -0.185828E-07
   0.327000E+04   0.357969E-08   0.313795E-07  -0.242872E-07
   0.327100E+04   0.631277E-08   0.408127E-07  -0.274798E-07
   0.327200E+04   0.839976E-08   0.460540E-07  -0.278612E-07
   0.327300E+04   0.963213E-08   0.466202E-07  -0.254186E-07
   0.327400E+04   0.988900E-08   0.425020E-07  -0.204244E-07
   0.327500E+04   0.914890E-08   0.341602E-07  -0.134062E-07
   0.327600E+04   0.749144E-08   0.224748E-07  -0.509122E-08
   0.327700E+04   0.508871E-08   0.865279E-08   0.366905E-08
   0.327800E+04   0.218734E-08  -0.589625E-08   0.119856E-07
   0.327900E+04  -0.916829E-09  -0.197037E-07   0.190223E-07
   0.328000E+04  -0.390899E-08  -0.313898E-07   0.240793E-07
   0.328100E+04  -0.648735E-08  -0.398014E-07   0.266633E-07
   0.328200E+04  -0.839356E-08  -0.441253E-07   0.265346E-07
   0.328300E+04  -0.943872E-08  -0.439671E-07   0.237298E-07
   0.328400E+04  -0.952207E-08  -0.393864E-07   0.185555E-07
   0.328500E+04  -0.864074E-08  -0.308869E-07   0.115546E-07
   0.328600E+04  -0.688950E-08  -0.193611E-07   0.345013E-08
   0.328700E+04  -0.445067E-08  -0.599748E-08  -0.492981E-08
   0.328800E+04  -0.157517E-08   0.784213E-08  -0.127364E-07
   0.328900E+04   0.144326E-08   0.207608E-07  -0.191862E-07
   0.329000E+04   0.429798E-08   0.314672E-07  -0.236394E-07
   0.329100E+04   0.670063E-08   0.389049E-07  -0.256635E-07
   0.329200E+04   0.841017E-08   0.423557E-07  -0.250753E-07
   0.329300E+04   0.925704E-08   0.415093E-07  -0.219572E-07
   0.329400E+04   0.915998E-08   0.364909E-07  -0.166466E-07
   0.329500E+04   0.813371E-08   0.278441E-07  -0.969980E-08
   0.329600E+04   0.628699E-08   0.164730E-07  -0.183407E-08
   0.329700E+04   0.381105E-08   0.354758E-08   0.614640E-08
   0.329800E+04   0.959820E-09  -0.961593E-08   0.134324E-07
   0.329900E+04  -0.197612E-08  -0.216892E-07   0.192917E-07
   0.330000E+04  -0.469916E-08  -0.314653E-07   0.231421E-07
   0.330100E+04  -0.693484E-08  -0.379792E-07   0.246097E-07
   0.330200E+04  -0.845948E-08  -0.406029E-07   0.235645E-07
   0.330300E+04  -0.912256E-08  -0.391055E-07   0.201320E-07
   0.330400E+04  -0.886156E-08  -0.336732E-07   0.146783E-07
   0.330500E+04  -0.770779E-08  -0.248869E-07   0.777155E-08
   0.330600E+04  -0.578272E-08  -0.136603E-07   0.122328E-09
   0.330700E+04  -0.328515E-08  -0.114515E-08  -0.748880E-08
   0.330800E+04  -0.470680E-09   0.113867E-07  -0.142910E-07
   0.330900E+04   0.237453E-08   0.226725E-07  -0.196011E-07
   0.331000E+04   0.496286E-08   0.315853E-07  -0.228919E-07
   0.331100E+04   0.703443E-08   0.372466E-07  -0.238445E-07
   0.331200E+04   0.838321E-08   0.391127E-07  -0.223789E-07
   0.331300E+04   0.887759E-08   0.370263E-07  -0.186602E-07
   0.331400E+04   0.847331E-08   0.312294E-07  -0.130804E-07
   0.331500E+04   0.721743E-08   0.223356E-07  -0.621690E-08
   0.331600E+04   0.524297E-08   0.112648E-07   0.122744E-08
   0.331700E+04   0.275501E-08  -0.851526E-09   0.849607E-08
   0.331800E+04   0.937040E-11  -0.127863E-07   0.148558E-07
   0.331900E+04  -0.271356E-08  -0.233410E-07   0.196709E-07
   0.332000E+04  -0.513750E-08  -0.314665E-07   0.224663E-07
   0.332100E+04  -0.701821E-08  -0.363672E-07   0.229751E-07
   0.332200E+04  -0.816821E-08  -0.375788E-07   0.211635E-07
   0.332300E+04  -0.847542E-08  -0.350127E-07   0.172329E-07
   0.332400E+04  -0.791419E-08  -0.289616E-07   0.115975E-07
   0.332500E+04  -0.654736E-08  -0.200666E-07   0.484099E-08
   0.332600E+04  -0.451941E-08  -0.924951E-08  -0.234371E-08
   0.332700E+04  -0.204136E-08   0.238212E-08  -0.922555E-08
   0.332800E+04   0.631134E-09   0.136486E-07  -0.151095E-07
   0.332900E+04   0.322394E-08   0.234176E-07  -0.194069E-07
   0.333000E+04   0.547252E-08   0.307181E-07  -0.216940E-07
   0.333100E+04   0.714874E-08   0.348369E-07  -0.217540E-07
   0.333200E+04   0.808399E-08   0.353886E-07  -0.195976E-07
   0.333300E+04   0.818600E-08   0.323517E-07  -0.154600E-07
   0.333400E+04   0.744791E-08   0.260674E-07  -0.977597E-08
   0.333500E+04   0.594857E-08   0.172028E-07  -0.313405E-08
   0.333600E+04   0.384411E-08   0.668003E-08   0.378390E-08
   0.333700E+04   0.135174E-08  -0.441878E-08   0.102725E-07
   0.333800E+04  -0.127267E-08  -0.149623E-07   0.156746E-07
   0.333900E+04  -0.376079E-08  -0.238850E-07   0.194473E-07
   0.334000E+04  -0.585918E-08  -0.302943E-07   0.212166E-07
   0.334100E+04  -0.735505E-08  -0.335597E-07   0.208140E-07
   0.334200E+04  -0.809774E-08  -0.333749E-07   0.182923E-07
   0.334300E+04  -0.801380E-08  -0.297856E-07   0.139190E-07
   0.334400E+04  -0.711417E-08  -0.231831E-07   0.814757E-08
   0.334500E+04  -0.549272E-08  -0.142613E-07   0.157066E-08
   0.334600E+04  -0.331638E-08  -0.394458E-08  -0.514098E-08
   0.334700E+04  -0.807888E-09   0.670761E-08  -0.113069E-07
   0.334800E+04   0.177711E-08   0.166093E-07  -0.163057E-07
   0.334900E+04   0.417614E-08   0.247581E-07  -0.196381E-07
   0.335000E+04   0.614670E-08   0.303364E-07  -0.209763E-07
   0.335100E+04   0.749074E-08   0.327930E-07  -0.201960E-07
   0.335200E+04   0.807474E-08   0.318972E-07  -0.173885E-07
   0.335300E+04   0.784296E-08   0.277601E-07  -0.128491E-07
   0.335400E+04   0.682284E-08   0.208210E-07  -0.704672E-08
   0.335500E+04   0.512192E-08   0.118010E-07  -0.575156E-09
   0.335600E+04   0.291655E-08   0.162784E-08   0.590796E-08
   0.335700E+04   0.433705E-09  -0.865918E-08   0.117479E-07
   0.335800E+04  -0.207229E-08  -0.180155E-07   0.163593E-07
   0.335900E+04  -0.434575E-08  -0.254971E-07   0.192847E-07
   0.336000E+04  -0.615568E-08  -0.303554E-07   0.202402E-07
   0.336100E+04  -0.731917E-08  -0.321122E-07   0.191429E-07
   0.336200E+04  -0.771993E-08  -0.306064E-07   0.161184E-07
   0.336300E+04  -0.731983E-08  -0.260085E-07   0.114864E-07
   0.336400E+04  -0.616262E-08  -0.188012E-07   0.572692E-08
   0.336500E+04  -0.436921E-08  -0.972888E-08  -0.568682E-09
   0.336600E+04  -0.212513E-08   0.279523E-09  -0.675894E-08
   0.336700E+04   0.338479E-09   0.102055E-07  -0.122173E-07
   0.336800E+04   0.276856E-08   0.190446E-07  -0.163953E-07
   0.336900E+04   0.491588E-08   0.259084E-07  -0.188782E-07
   0.337000E+04   0.656041E-08   0.301134E-07  -0.194254E-07
   0.337100E+04   0.753360E-08   0.312492E-07  -0.179942E-07
   0.337200E+04   0.773541E-08   0.292184E-07  -0.147427E-07
   0.337300E+04   0.714433E-08   0.242451E-07  -0.100125E-07
   0.337400E+04   0.581937E-08   0.168495E-07  -0.429281E-08
   0.337500E+04   0.389400E-08   0.779441E-08   0.182992E-08
   0.337600E+04   0.156238E-08  -0.199384E-08   0.773217E-08
   0.337700E+04  -0.940377E-09  -0.115200E-07   0.128168E-07
   0.337800E+04  -0.336208E-08  -0.198210E-07   0.165732E-07
   0.337900E+04  -0.545904E-08  -0.260634E-07   0.186291E-07
   0.338000E+04  -0.702063E-08  -0.296267E-07   0.187867E-07
   0.338100E+04  -0.789053E-08  -0.301656E-07   0.170421E-07
   0.338200E+04  -0.798234E-08  -0.276425E-07   0.135845E-07
   0.338300E+04  -0.728807E-08  -0.223306E-07   0.877538E-08
   0.338400E+04  -0.587876E-08  -0.147835E-07   0.311129E-08
   0.338500E+04  -0.389701E-08  -0.577841E-08  -0.282780E-08
   0.338600E+04  -0.154239E-08   0.376431E-08  -0.843766E-08
   0.338700E+04   0.948892E-09   0.128749E-07  -0.131513E-07
   0.338800E+04   0.332793E-08   0.206326E-07  -0.164964E-07
   0.338900E+04   0.535823E-08   0.262589E-07  -0.181424E-07
   0.339000E+04   0.683951E-08   0.291952E-07  -0.179335E-07
   0.339100E+04   0.762766E-08   0.291586E-07  -0.159031E-07
   0.339200E+04   0.764901E-08   0.261686E-07  -0.122694E-07
   0.339300E+04   0.690737E-08   0.205438E-07  -0.741218E-08
   0.339400E+04   0.548323E-08   0.128680E-07  -0.183295E-08
   0.339500E+04   0.352520E-08   0.392943E-08   0.389649E-08
   0.339600E+04   0.123464E-08  -0.535980E-08   0.919268E-08
   0.339700E+04  -0.115502E-08  -0.140570E-07   0.135199E-07
   0.339800E+04  -0.340203E-08  -0.212845E-07   0.164441E-07
   0.339900E+04  -0.528086E-08  -0.263180E-07   0.176770E-07
   0.340000E+04  -0.660486E-08  -0.286593E-07   0.171037E-07
   0.340100E+04  -0.724497E-08  -0.280852E-07   0.147941E-07
   0.340200E+04  -0.714241E-08  -0.246693E-07   0.109942E-07
   0.340300E+04  -0.631416E-08  -0.187723E-07   0.610020E-08
   0.340400E+04  -0.485082E-08  -0.110044E-07   0.617533E-09
   0.340500E+04  -0.290689E-08  -0.216208E-08  -0.489155E-08
   0.340600E+04  -0.684651E-09   0.685363E-08  -0.986532E-08
   0.340700E+04   0.158667E-08   0.151287E-07  -0.137998E-07
   0.340800E+04   0.367446E-08   0.218289E-07  -0.162998E-07
   0.340900E+04   0.536641E-08   0.262838E-07  -0.171184E-07
   0.341000E+04   0.649208E-08   0.280539E-07  -0.161816E-07
   0.341100E+04   0.694005E-08   0.269737E-07  -0.135946E-07
   0.341200E+04   0.666899E-08   0.231676E-07  -0.963049E-08
   0.341300E+04   0.571150E-08   0.170350E-07  -0.470120E-08
   0.341400E+04   0.417043E-08   0.920937E-08   0.684899E-09
   0.341500E+04   0.220802E-08   0.492130E-09   0.597536E-08
   0.341600E+04   0.290021E-10  -0.822892E-08   0.106302E-07
   0.341700E+04  -0.214052E-08  -0.160701E-07   0.141768E-07
   0.341800E+04  -0.407632E-08  -0.222413E-07   0.162577E-07
   0.341900E+04  -0.557902E-08  -0.261255E-07   0.166667E-07
   0.342000E+04  -0.649443E-08  -0.273406E-07   0.153688E-07
   0.342100E+04  -0.672919E-08  -0.257766E-07   0.125035E-07
   0.342200E+04  -0.626020E-08  -0.216058E-07   0.836906E-08
   0.342300E+04  -0.513675E-08  -0.152636E-07   0.339225E-08
   0.342400E+04  -0.347532E-08  -0.740330E-08  -0.191628E-08
   0.342500E+04  -0.144749E-08   0.117124E-08  -0.701413E-08
   0.342600E+04   0.737706E-09   0.958765E-08  -0.113826E-07
   0.342700E+04   0.285526E-08   0.169938E-07  -0.145792E-07
   0.342800E+04   0.468723E-08   0.226441E-07  -0.162829E-07
   0.342900E+04   0.604500E-08   0.259743E-07  -0.163256E-07
   0.343000E+04   0.678848E-08   0.266578E-07  -0.147091E-07
   0.343100E+04   0.684039E-08   0.246380E-07  -0.116042E-07
   0.343200E+04   0.619407E-08   0.201318E-07  -0.733218E-08
   0.343300E+04   0.491403E-08   0.136074E-07  -0.233211E-08
   0.343400E+04   0.312932E-08   0.573488E-08   0.288477E-08
   0.343500E+04   0.102034E-08  -0.268241E-08   0.778717E-08
   0.343600E+04  -0.119960E-08  -0.107897E-07   0.118779E-07
   0.343700E+04  -0.330601E-08  -0.177679E-07   0.147444E-07
   0.343800E+04  -0.508604E-08  -0.229160E-07   0.161001E-07
   0.343900E+04  -0.636008E-08  -0.257220E-07   0.158135E-07
   0.344000E+04  -0.699992E-08  -0.259132E-07   0.139203E-07
   0.344100E+04  -0.694168E-08  -0.234834E-07   0.106196E-07
   0.344200E+04  -0.619219E-08  -0.186916E-07   0.625291E-08
   0.344300E+04  -0.482812E-08  -0.120347E-07   0.126854E-08
   0.344400E+04  -0.298806E-08  -0.419622E-08  -0.382414E-08
   0.344500E+04  -0.858350E-09   0.402430E-08  -0.850685E-08
   0.344600E+04   0.134592E-08   0.117925E-07  -0.123051E-07
   0.344700E+04   0.340278E-08   0.183239E-07  -0.148364E-07
   0.344800E+04   0.510591E-08   0.229635E-07  -0.158486E-07
   0.344900E+04   0.628543E-08   0.252512E-07  -0.152449E-07
   0.345000E+04   0.682508E-08   0.249673E-07  -0.130934E-07
   0.345100E+04   0.667377E-08   0.221541E-07  -0.961935E-08
   0.345200E+04   0.585055E-08   0.171099E-07  -0.518139E-08
   0.345300E+04   0.444246E-08   0.103578E-07  -0.234849E-09
   0.345400E+04   0.259543E-08   0.259124E-08   0.471514E-08
   0.345500E+04   0.499296E-09  -0.539673E-08   0.916513E-08
   0.345600E+04  -0.163168E-08  -0.127947E-07   0.126646E-07
   0.345700E+04  -0.358061E-08  -0.188549E-07   0.148615E-07
   0.345800E+04  -0.515005E-08  -0.229693E-07   0.155376E-07
   0.345900E+04  -0.618200E-08  -0.247300E-07   0.146304E-07
   0.346000E+04  -0.657386E-08  -0.239698E-07   0.122384E-07
   0.346100E+04  -0.628861E-08  -0.207785E-07   0.861096E-08
   0.346200E+04  -0.535843E-08  -0.154920E-07   0.412185E-08
   0.346300E+04  -0.388118E-08  -0.865726E-08  -0.769001E-09
   0.346400E+04  -0.201021E-08  -0.975954E-09  -0.556270E-08
   0.346500E+04   0.614038E-10   0.676754E-08  -0.977229E-08
   0.346600E+04   0.212065E-08   0.137861E-07  -0.129723E-07
   0.346700E+04   0.395631E-08   0.193699E-07  -0.148416E-07
   0.346800E+04   0.538052E-08   0.229578E-07  -0.151958E-07
   0.346900E+04   0.624779E-08   0.241940E-07  -0.140056E-07
   0.347000E+04   0.646978E-08   0.229628E-07  -0.113988E-07
   0.347100E+04   0.602409E-08   0.193998E-07  -0.764678E-08
   0.347200E+04   0.495649E-08   0.138766E-07  -0.313654E-08
   0.347300E+04   0.337604E-08   0.696259E-08   0.166939E-08
   0.347400E+04   0.144388E-08  -0.634414E-09   0.628025E-08
   0.347500E+04  -0.643270E-09  -0.814000E-08   0.102271E-07
   0.347600E+04  -0.267317E-08  -0.147923E-07   0.131106E-07
   0.347700E+04  -0.443971E-08  -0.199193E-07   0.146410E-07
   0.347800E+04  -0.576380E-08  -0.230064E-07   0.146679E-07
   0.347900E+04  -0.651157E-08  -0.237484E-07   0.131943E-07
   0.348000E+04  -0.660780E-08  -0.220794E-07   0.103762E-07
   0.348100E+04  -0.604349E-08  -0.181783E-07   0.650615E-08
   0.348200E+04  -0.487656E-08  -0.124499E-07   0.198259E-08
   0.348300E+04  -0.322588E-08  -0.548284E-08  -0.273072E-08
   0.348400E+04  -0.125898E-08   0.201097E-08  -0.715235E-08
   0.348500E+04   0.825031E-09   0.926915E-08  -0.108322E-07
   0.348600E+04   0.281581E-08   0.155564E-07  -0.133974E-07
   0.348700E+04   0.451311E-08   0.202389E-07  -0.145896E-07
   0.348800E+04   0.574715E-08   0.228485E-07  -0.142915E-07
   0.348900E+04   0.639571E-08   0.231293E-07  -0.125376E-07
   0.349000E+04   0.639644E-08   0.210630E-07  -0.951069E-08
   0.349100E+04   0.575304E-08   0.168697E-07  -0.552266E-08
   0.349200E+04   0.453461E-08   0.109843E-07  -0.982079E-09
   0.349300E+04   0.286852E-08   0.401209E-08   0.364753E-08
   0.349400E+04   0.927195E-09  -0.333390E-08   0.789511E-08
   0.349500E+04  -0.108950E-08  -0.103055E-07   0.113300E-07
   0.349600E+04  -0.297474E-08  -0.161956E-07   0.136057E-07
   0.349700E+04  -0.453580E-08  -0.204097E-07   0.144948E-07
   0.349800E+04  -0.561366E-08  -0.225261E-07   0.139117E-07
   0.349900E+04  -0.609913E-08  -0.223375E-07   0.119210E-07
   0.350000E+04  -0.594389E-08  -0.198721E-07   0.873006E-08
   0.350100E+04  -0.516527E-08  -0.153891E-07   0.466786E-08
   0.350200E+04  -0.384435E-08  -0.935165E-08   0.150795E-09
   0.350300E+04  -0.211761E-08  -0.237946E-08  -0.435992E-08
   0.350400E+04  -0.162882E-09   0.481514E-08  -0.840533E-08
   0.350500E+04   0.181880E-08   0.114997E-07  -0.115755E-07
   0.350600E+04   0.362375E-08   0.169962E-07  -0.135510E-07
   0.350700E+04   0.506636E-08   0.207495E-07  -0.141352E-07
   0.350800E+04   0.599801E-08   0.223836E-07  -0.132739E-07
   0.350900E+04   0.632217E-08   0.217389E-07  -0.110604E-07
   0.351000E+04   0.600417E-08   0.188878E-07  -0.772521E-08
   0.351100E+04   0.507468E-08   0.141263E-07  -0.361267E-08
   0.351200E+04   0.362657E-08   0.794367E-08   0.854928E-09
   0.351300E+04   0.180542E-08   0.971547E-09   0.522043E-08
   0.351400E+04  -0.205267E-09  -0.608033E-08   0.903849E-08
   0.351500E+04  -0.220274E-08  -0.124965E-07   0.119209E-07
   0.351600E+04  -0.398554E-08  -0.176286E-07   0.135761E-07
   0.351700E+04  -0.537392E-08  -0.209604E-07   0.138382E-07
   0.351800E+04  -0.622802E-08  -0.221605E-07   0.126840E-07
   0.351900E+04  -0.646198E-08  -0.211145E-07   0.102346E-07
   0.352000E+04  -0.605256E-08  -0.179364E-07   0.674278E-08
   0.352100E+04  -0.504140E-08  -0.129561E-07   0.256682E-08
   0.352200E+04  -0.353071E-08  -0.668487E-08  -0.186623E-08
   0.352300E+04  -0.167286E-08   0.236738E-09  -0.610423E-08
   0.352400E+04   0.345109E-09   0.710468E-08  -0.971609E-08
   0.352500E+04   0.232046E-08   0.132229E-07  -0.123355E-07
   0.352600E+04   0.405522E-08   0.179741E-07  -0.136982E-07
   0.352700E+04   0.537618E-08   0.208819E-07  -0.136685E-07
   0.352800E+04   0.615230E-08   0.216586E-07  -0.122524E-07
   0.352900E+04   0.630781E-08   0.202341E-07  -0.959741E-08
   0.353000E+04   0.582971E-08   0.167616E-07  -0.597620E-08
   0.353100E+04   0.476884E-08   0.116020E-07  -0.175916E-08
   0.353200E+04   0.323459E-08   0.528558E-08   0.262385E-08
   0.353300E+04   0.138363E-08  -0.154165E-08   0.672729E-08
   0.353400E+04  -0.596109E-09  -0.818436E-08   0.101353E-07
   0.353500E+04  -0.250450E-08  -0.139686E-07   0.125041E-07
   0.353600E+04  -0.414954E-08  -0.183100E-07   0.135963E-07
   0.353700E+04  -0.536668E-08  -0.207732E-07   0.133053E-07
   0.353800E+04  -0.603541E-08  -0.211148E-07   0.116651E-07
   0.353900E+04  -0.609125E-08  -0.193082E-07   0.884702E-08
   0.354000E+04  -0.553208E-08  -0.155448E-07   0.514139E-08
   0.354100E+04  -0.441807E-08  -0.102145E-07   0.927878E-09
   0.354200E+04  -0.286535E-08  -0.386453E-08  -0.336352E-08
   0.354300E+04  -0.103400E-08   0.285577E-08  -0.729633E-08
   0.354400E+04   0.888350E-09   0.926191E-08  -0.104721E-07
   0.354500E+04   0.270569E-08   0.147037E-07  -0.125707E-07
   0.354600E+04   0.423352E-08   0.186310E-07  -0.133828E-07
   0.354700E+04   0.531759E-08   0.206498E-07  -0.128309E-07
   0.354800E+04   0.584942E-08   0.205609E-07  -0.109762E-07
   0.354900E+04   0.577716E-08   0.183803E-07  -0.801292E-08
   0.355000E+04   0.511068E-08   0.143365E-07  -0.424712E-08
   0.355100E+04   0.392032E-08   0.884649E-08  -0.657416E-10
   0.355200E+04   0.232956E-08   0.247290E-08   0.410330E-08
   0.355300E+04   0.502278E-09  -0.413357E-08   0.783481E-08
   0.355400E+04  -0.137402E-08  -0.103006E-07   0.107497E-07
   0.355500E+04  -0.310734E-08  -0.154026E-07   0.125533E-07
   0.355600E+04  -0.452076E-08  -0.189242E-07   0.130656E-07
   0.355700E+04  -0.547032E-08  -0.205121E-07   0.122387E-07
   0.355800E+04  -0.585960E-08  -0.200104E-07   0.101619E-07
   0.355900E+04  -0.564936E-08  -0.174760E-07   0.705170E-08
   0.356000E+04  -0.486138E-08  -0.131721E-07   0.322973E-08
   0.356100E+04  -0.357609E-08  -0.754074E-08  -0.910534E-09
   0.356200E+04  -0.192423E-08  -0.115728E-08  -0.494404E-08
   0.356300E+04  -0.734408E-10   0.532820E-08  -0.845766E-08
   0.356400E+04   0.178881E-08   0.112573E-07  -0.110923E-07
   0.356500E+04   0.347434E-08   0.160302E-07  -0.125794E-07
   0.356600E+04   0.481328E-08   0.191662E-07  -0.127682E-07
   0.356700E+04   0.567128E-08   0.203523E-07  -0.116409E-07
   0.356800E+04   0.596300E-08   0.194745E-07  -0.931429E-08
   0.356900E+04   0.566057E-08   0.166286E-07  -0.602722E-08
   0.357000E+04   0.479623E-08   0.121096E-07  -0.211643E-08
   0.357100E+04   0.345886E-08   0.638155E-08   0.201820E-08
   0.357200E+04   0.178476E-08   0.297390E-10   0.595449E-08
   0.357300E+04  -0.563305E-10  -0.629930E-08   0.929106E-08
   0.357400E+04  -0.187855E-08  -0.119634E-07   0.116882E-07
   0.357500E+04  -0.349881E-08  -0.163902E-07   0.129023E-07
   0.357600E+04  -0.475535E-08  -0.191345E-07   0.128108E-07
   0.357700E+04  -0.552400E-08  -0.199237E-07   0.114241E-07
   0.357800E+04  -0.573061E-08  -0.186845E-07   0.888442E-08
   0.357900E+04  -0.535835E-08  -0.155496E-07   0.545128E-08
   0.358000E+04  -0.444910E-08  -0.108440E-07   0.147455E-08
   0.358100E+04  -0.309897E-08  -0.505098E-08  -0.264110E-08
   0.358200E+04  -0.144823E-08   0.123746E-08  -0.647765E-08
   0.358300E+04   0.333136E-09   0.738086E-08  -0.964622E-08
   0.358400E+04   0.206287E-08   0.127556E-07  -0.118267E-07
   0.358500E+04   0.356501E-08   0.168182E-07  -0.128000E-07
   0.358600E+04   0.468779E-08   0.191602E-07  -0.124707E-07
   0.358700E+04   0.531892E-08   0.195490E-07  -0.108758E-07
   0.358800E+04   0.539689E-08   0.179512E-07  -0.818152E-08
   0.358900E+04   0.491691E-08   0.145350E-07  -0.466542E-08
   0.359000E+04   0.393117E-08   0.965263E-08  -0.688464E-09
   0.359100E+04   0.254320E-08   0.380389E-08   0.334208E-08
   0.359200E+04   0.897080E-09  -0.241514E-08   0.701418E-08
   0.359300E+04  -0.837470E-09  -0.837292E-08   0.995295E-08
   0.359400E+04  -0.248256E-08  -0.134668E-07   0.118588E-07
   0.359500E+04  -0.387032E-08  -0.171839E-07   0.125380E-07
   0.359600E+04  -0.486004E-08  -0.191532E-07   0.119217E-07
   0.359700E+04  -0.535241E-08  -0.191824E-07   0.100736E-07
   0.359800E+04  -0.529951E-08  -0.172772E-07   0.718270E-08
   0.359900E+04  -0.470948E-08  -0.136394E-07   0.354397E-08
   0.360000E+04  -0.364543E-08  -0.864623E-08  -0.471524E-09
   0.360100E+04  -0.221877E-08  -0.281113E-08  -0.445461E-08
   0.360200E+04  -0.577557E-09   0.326903E-08  -0.799963E-08
   0.360300E+04   0.110880E-08   0.897483E-08  -0.107457E-07
   0.360400E+04   0.266705E-08   0.137275E-07  -0.124131E-07
   0.360500E+04   0.393785E-08   0.170476E-07  -0.128320E-07
   0.360600E+04   0.479209E-08   0.186034E-07  -0.119592E-07
   0.360700E+04   0.514408E-08   0.182443E-07  -0.988242E-08
   0.360800E+04   0.496017E-08   0.160155E-07  -0.681150E-08
   0.360900E+04   0.426207E-08   0.121524E-07  -0.305657E-08
   0.361000E+04   0.312445E-08   0.705655E-08   0.100330E-08
   0.361100E+04   0.166712E-08   0.125361E-08   0.495873E-08
   0.361200E+04   0.425719E-10  -0.466023E-08   0.841150E-08
   0.361300E+04  -0.157979E-08  -0.100794E-07   0.110150E-07
   0.361400E+04  -0.303111E-08  -0.144505E-07   0.125090E-07
   0.361500E+04  -0.416050E-08  -0.173290E-07   0.127462E-07
   0.361600E+04  -0.485050E-08  -0.184238E-07   0.117066E-07
   0.361700E+04  -0.502921E-08  -0.176265E-07   0.949942E-08
   0.361800E+04  -0.467756E-08  -0.150223E-07   0.635160E-08
   0.361900E+04  -0.383129E-08  -0.108806E-07   0.258468E-08
   0.362000E+04  -0.257722E-08  -0.562666E-08  -0.141812E-08
   0.362100E+04  -0.104430E-08   0.201345E-09  -0.525084E-08
   0.362200E+04   0.609659E-09   0.600810E-08  -0.852599E-08
   0.362300E+04   0.221420E-08   0.112017E-07  -0.109137E-07
   0.362400E+04   0.360373E-08   0.152540E-07  -0.121752E-07
   0.362500E+04   0.463456E-08   0.177541E-07  -0.121866E-07
   0.362600E+04   0.519960E-08   0.184504E-07  -0.109509E-07
   0.362700E+04   0.523940E-08   0.172752E-07  -0.859798E-08
   0.362800E+04   0.474826E-08   0.143517E-07  -0.537038E-08
   0.362900E+04   0.377484E-08   0.998060E-08  -0.159876E-08
   0.363000E+04   0.241718E-08   0.460938E-08   0.233200E-08
   0.363100E+04   0.812750E-09  -0.121381E-08   0.602207E-08
   0.363200E+04  -0.875650E-09  -0.689614E-08   0.909717E-08
   0.363300E+04  -0.247647E-08  -0.118605E-07   0.112466E-07
   0.363400E+04  -0.382697E-08  -0.156045E-07   0.122544E-07
   0.363500E+04  -0.478979E-08  -0.177509E-07   0.120212E-07
   0.363600E+04  -0.526701E-08  -0.180863E-07   0.105740E-07
   0.363700E+04  -0.521016E-08  -0.165820E-07   0.806249E-08
   0.363800E+04  -0.462512E-08  -0.133967E-07   0.474429E-08
   0.363900E+04  -0.357154E-08  -0.885988E-08   0.957845E-09
   0.364000E+04  -0.215675E-08  -0.343766E-08  -0.291193E-08
   0.364100E+04  -0.524816E-09   0.231489E-08  -0.647296E-08
   0.364200E+04   0.115816E-08   0.781058E-08  -0.936586E-08
   0.364300E+04   0.272098E-08   0.124900E-07  -0.113003E-07
   0.364400E+04   0.400478E-08   0.158784E-07  -0.120845E-07
   0.364500E+04   0.487922E-08   0.176341E-07  -0.116439E-07
   0.364600E+04   0.525577E-08   0.175826E-07  -0.100291E-07
   0.364700E+04   0.509663E-08   0.157345E-07  -0.740965E-08
   0.364800E+04   0.441865E-08   0.122836E-07  -0.405675E-08
   0.364900E+04   0.329148E-08   0.758687E-08  -0.315314E-09
   0.365000E+04   0.183049E-08   0.212791E-08   0.343142E-08
   0.365100E+04   0.184975E-09  -0.353297E-08   0.680101E-08
   0.365200E+04  -0.147712E-08  -0.881583E-08   0.945074E-08
   0.365300E+04  -0.298628E-08  -0.131804E-07   0.111124E-07
   0.365400E+04  -0.418872E-08  -0.161810E-07   0.116195E-07
   0.365500E+04  -0.496204E-08  -0.175121E-07   0.109238E-07
   0.365600E+04  -0.522769E-08  -0.170391E-07   0.909990E-08
   0.365700E+04  -0.495889E-08  -0.148118E-07   0.633754E-08
   0.365800E+04  -0.418337E-08  -0.110591E-07   0.292176E-08
   0.365900E+04  -0.298049E-08  -0.616581E-08  -0.796326E-09
   0.366000E+04  -0.147307E-08  -0.632512E-09  -0.443542E-08
   0.366100E+04   0.185084E-09   0.497495E-08  -0.762304E-08
   0.366200E+04   0.182495E-08   0.100835E-07  -0.100334E-07
   0.366300E+04   0.327949E-08   0.141710E-07  -0.114205E-07
   0.366400E+04   0.440064E-08   0.168199E-07  -0.116432E-07
   0.366500E+04   0.507443E-08   0.177588E-07  -0.106790E-07
   0.366600E+04   0.523253E-08   0.168909E-07  -0.862669E-08
   0.366700E+04   0.485921E-08   0.143029E-07  -0.569541E-08
   0.366800E+04   0.399285E-08   0.102566E-07  -0.218364E-08
   0.366900E+04   0.272201E-08   0.516190E-08   0.155153E-08
   0.367000E+04   0.117639E-08  -0.465025E-09   0.513083E-08
   0.367100E+04  -0.486464E-09  -0.605414E-08   0.819140E-08
   0.367200E+04  -0.209720E-08  -0.110395E-07   0.104237E-07
   0.367300E+04  -0.349194E-08  -0.149169E-07   0.116027E-07
   0.367400E+04  -0.452894E-08  -0.172947E-07   0.116109E-07
   0.367500E+04  -0.510306E-08  -0.179335E-07   0.104497E-07
   0.367600E+04  -0.515639E-08  -0.167704E-07   0.823913E-08
   0.367700E+04  -0.468412E-08  -0.139250E-07   0.520551E-08
   0.367800E+04  -0.373503E-08  -0.968690E-08   0.165799E-08
   0.367900E+04  -0.240642E-08  -0.448642E-08  -0.204294E-08
   0.368000E+04  -0.834156E-09   0.114960E-08  -0.552222E-08
   0.368100E+04   0.821146E-09   0.665123E-08  -0.842834E-08
   0.368200E+04   0.239055E-08   0.114633E-07  -0.104690E-07
   0.368300E+04   0.371402E-08   0.151015E-07  -0.114406E-07
   0.368400E+04   0.465665E-08   0.172018E-07  -0.112489E-07
   0.368500E+04   0.512245E-08   0.175565E-07  -0.991775E-08
   0.368600E+04   0.506407E-08   0.161351E-07  -0.758701E-08
   0.368700E+04   0.448755E-08   0.130875E-07  -0.449745E-08
   0.368800E+04   0.345169E-08   0.872767E-08  -0.966195E-09
   0.368900E+04   0.206201E-08   0.350174E-08   0.264579E-08
   0.369000E+04   0.459958E-09  -0.205753E-08   0.597058E-08
   0.369100E+04  -0.119153E-08  -0.738509E-08   0.867072E-08
   0.369200E+04  -0.272463E-08  -0.119410E-07   0.104735E-07
   0.369300E+04  -0.398373E-08  -0.152654E-07   0.111986E-07
   0.369400E+04  -0.484124E-08  -0.170243E-07   0.107758E-07
   0.369500E+04  -0.521059E-08  -0.170442E-07   0.925239E-08
   0.369600E+04  -0.505496E-08  -0.153285E-07   0.678752E-08
   0.369700E+04  -0.439102E-08  -0.120569E-07   0.363584E-08
   0.369800E+04  -0.328712E-08  -0.756680E-08   0.121245E-09
   0.369900E+04  -0.185631E-08  -0.231876E-08  -0.339634E-08
   0.370000E+04  -0.244723E-09   0.315097E-08  -0.655775E-08
   0.370100E+04   0.138329E-08   0.828489E-08  -0.904119E-08
   0.370200E+04   0.286200E-08   0.125611E-07  -0.105949E-07
   0.370300E+04   0.404114E-08   0.155461E-07  -0.110628E-07
   0.370400E+04   0.480127E-08   0.169391E-07  -0.103999E-07
   0.370500E+04   0.506587E-08   0.166018E-07  -0.867664E-08
   0.370600E+04   0.480914E-08   0.145723E-07  -0.607160E-08
   0.370700E+04   0.405858E-08   0.110609E-07  -0.285273E-08
   0.370800E+04   0.289214E-08   0.642843E-08   0.650091E-09
   0.370900E+04   0.143022E-08   0.114894E-08   0.407891E-08
   0.371000E+04  -0.176639E-09  -0.423855E-08   0.708430E-08
   0.371100E+04  -0.176316E-08  -0.918508E-08   0.936100E-08
   0.371200E+04  -0.316617E-08  -0.131876E-07   0.106790E-07
   0.371300E+04  -0.424132E-08  -0.158401E-07   0.109066E-07
   0.371400E+04  -0.487776E-08  -0.168747E-07   0.100242E-07
   0.371500E+04  -0.500951E-08  -0.161885E-07   0.812504E-08
   0.371600E+04  -0.462215E-08  -0.138541E-07   0.540643E-08
   0.371700E+04  -0.375437E-08  -0.101114E-07   0.214864E-08
   0.371800E+04  -0.249396E-08  -0.534357E-08  -0.131365E-08
   0.371900E+04  -0.968929E-09  -0.370141E-10  -0.462575E-08
   0.372000E+04   0.665526E-09   0.526764E-08  -0.744925E-08
   0.372100E+04   0.224285E-08   0.100309E-07  -0.949655E-08
   0.372200E+04   0.360207E-08   0.137692E-07  -0.105602E-07
   0.372300E+04   0.460419E-08   0.161039E-07  -0.105338E-07
   0.372400E+04   0.514639E-08   0.167998E-07  -0.942291E-08
   0.372500E+04   0.517246E-08   0.157886E-07  -0.734406E-08
   0.372600E+04   0.467857E-08   0.131755E-07  -0.451265E-08
   0.372700E+04   0.371368E-08   0.922860E-08  -0.122074E-08
   0.372800E+04   0.237462E-08   0.435078E-08   0.219294E-08
   0.372900E+04   0.796256E-09  -0.961020E-09   0.537779E-08
   0.373000E+04  -0.862186E-09  -0.616668E-08   0.800720E-08
   0.373100E+04  -0.243325E-08  -0.107378E-07   0.981197E-08
   0.373200E+04  -0.375827E-08  -0.142115E-07   0.106077E-07
   0.373300E+04  -0.470339E-08  -0.162370E-07   0.103138E-07
   0.373400E+04  -0.517322E-08  -0.166116E-07   0.896112E-08
   0.373500E+04  -0.512044E-08  -0.153005E-07   0.668923E-08
   0.373600E+04  -0.455062E-08  -0.124402E-07   0.373163E-08
   0.373700E+04  -0.352159E-08  -0.832448E-08   0.391897E-09
   0.373800E+04  -0.213764E-08  -0.337381E-08  -0.298745E-08
   0.373900E+04  -0.538875E-09   0.190716E-08  -0.606005E-08
   0.374000E+04   0.111297E-08   0.698133E-08  -0.851112E-08
   0.374100E+04   0.265091E-08   0.113337E-07  -0.100896E-07
   0.374200E+04   0.391962E-08   0.145238E-07  -0.106340E-07
   0.374300E+04   0.479113E-08   0.162301E-07  -0.100884E-07
   0.374400E+04   0.517774E-08   0.162826E-07  -0.850865E-08
   0.374500E+04   0.504088E-08   0.146798E-07  -0.605621E-08
   0.374600E+04   0.439489E-08   0.115887E-07  -0.298179E-08
   0.374700E+04   0.330551E-08   0.732705E-08   0.400363E-09
   0.374800E+04   0.188316E-08   0.233119E-08   0.374459E-08
   0.374900E+04   0.271664E-09  -0.288872E-08   0.670916E-08
   0.375000E+04  -0.136633E-08  -0.780072E-08   0.899113E-08
   0.375100E+04  -0.286589E-08  -0.119051E-07   0.103573E-07
   0.375200E+04  -0.407647E-08  -0.147853E-07   0.106679E-07
   0.375300E+04  -0.487711E-08  -0.161501E-07   0.989114E-08
   0.375400E+04  -0.518861E-08  -0.158626E-07   0.810588E-08
   0.375500E+04  -0.498148E-08  -0.139547E-07   0.549402E-08
   0.375600E+04  -0.427874E-08  -0.106228E-07   0.232170E-08
   0.375700E+04  -0.315349E-08  -0.620797E-08  -0.108787E-08
   0.375800E+04  -0.172131E-08  -0.116087E-08  -0.438734E-08
   0.375900E+04  -0.128466E-09   0.400413E-08  -0.724073E-08
   0.376000E+04   0.146306E-08   0.876142E-08  -0.935762E-08
   0.376100E+04   0.289205E-08   0.126276E-07  -0.105228E-07
   0.376200E+04   0.401441E-08   0.152104E-07  -0.106181E-07
   0.376300E+04   0.471779E-08   0.162485E-07  -0.963444E-08
   0.376400E+04   0.493287E-08   0.156380E-07  -0.767284E-08
   0.376500E+04   0.464033E-08   0.134423E-07  -0.493385E-08
   0.376600E+04   0.387262E-08   0.988583E-08  -0.169719E-08
   0.376700E+04   0.271053E-08   0.533074E-08   0.170678E-08
   0.376800E+04   0.127483E-08   0.239882E-09   0.493079E-08
   0.376900E+04  -0.286182E-09  -0.487029E-08   0.764603E-08
   0.377000E+04  -0.181183E-08  -0.948228E-08   0.957567E-08
   0.377100E+04  -0.314551E-08  -0.131301E-07   0.105230E-07
   0.377200E+04  -0.415067E-08  -0.154465E-07   0.103915E-07
   0.377300E+04  -0.472465E-08  -0.162000E-07   0.919461E-08
   0.377400E+04  -0.480916E-08  -0.153180E-07   0.705431E-08
   0.377500E+04  -0.439605E-08  -0.128942E-07   0.418869E-08
   0.377600E+04  -0.352815E-08  -0.917815E-08   0.889670E-09
   0.377700E+04  -0.229469E-08  -0.455009E-08  -0.250670E-08
   0.377800E+04  -0.822196E-09   0.518255E-09  -0.565449E-08
   0.377900E+04   0.738562E-09   0.551169E-08  -0.823314E-08
   0.378000E+04   0.222797E-08   0.992400E-08  -0.998000E-08
   0.378100E+04   0.349391E-08   0.133093E-07  -0.107171E-07
   0.378200E+04   0.440727E-08   0.153273E-07  -0.103692E-07
   0.378300E+04   0.487513E-08   0.157774E-07  -0.897147E-08
   0.378400E+04   0.485015E-08   0.146190E-07  -0.666569E-08
   0.378500E+04   0.433543E-08   0.119751E-07  -0.368600E-08
   0.378600E+04   0.338407E-08   0.811924E-08  -0.334892E-09
   0.378700E+04   0.209369E-08   0.344764E-08   0.304748E-08
   0.378800E+04   0.596477E-09  -0.156166E-08   0.611798E-08
   0.378900E+04  -0.954443E-09  -0.639750E-08   0.856532E-08
   0.379000E+04  -0.240060E-08  -0.105677E-07   0.101417E-07
   0.379100E+04  -0.359440E-08  -0.136492E-07   0.106880E-07
   0.379200E+04  -0.441416E-08  -0.153306E-07   0.101497E-07
   0.379300E+04  -0.477656E-08  -0.154442E-07   0.858278E-08
   0.379400E+04  -0.464508E-08  -0.139820E-07   0.614736E-08
   0.379500E+04  -0.403368E-08  -0.110966E-07   0.309184E-08
   0.379600E+04  -0.300541E-08  -0.708544E-08  -0.272632E-09
   0.379700E+04  -0.166585E-08  -0.235964E-08  -0.360378E-08
   0.379800E+04  -0.152374E-09   0.259766E-08  -0.656298E-08
   0.379900E+04   0.137995E-08   0.728081E-08  -0.884969E-08
   0.380000E+04   0.277415E-08   0.112132E-07  -0.102319E-07
   0.380100E+04   0.388740E-08   0.139958E-07  -0.105698E-07
   0.380200E+04   0.460559E-08   0.153475E-07  -0.982945E-08
   0.380300E+04   0.485494E-08   0.151336E-07  -0.808678E-08
   0.380400E+04   0.460949E-08   0.133791E-07  -0.551925E-08
   0.380500E+04   0.389378E-08   0.102662E-07  -0.238795E-08
   0.380600E+04   0.278026E-08   0.611496E-08   0.989063E-09
   0.380700E+04   0.138190E-08   0.135060E-08   0.426907E-08
   0.380800E+04  -0.159363E-09  -0.353996E-08   0.711953E-08
   0.380900E+04  -0.168709E-08  -0.805790E-08   0.925185E-08
   0.381000E+04  -0.304634E-08  -0.117434E-07   0.104506E-07
   0.381100E+04  -0.409942E-08  -0.142223E-07   0.105952E-07
   0.381200E+04  -0.473995E-08  -0.152444E-07   0.967229E-08
   0.381300E+04  -0.490364E-08  -0.147081E-07   0.777660E-08
   0.381400E+04  -0.457485E-08  -0.126713E-07   0.510144E-08
   0.381500E+04  -0.378811E-08  -0.934453E-08   0.191879E-08
   0.381600E+04  -0.262455E-08  -0.506966E-08  -0.144835E-08
   0.381700E+04  -0.120358E-08  -0.284586E-09  -0.465885E-08
   0.381800E+04   0.329333E-09   0.452149E-08  -0.738811E-08
   0.381900E+04   0.181756E-08   0.885804E-08  -0.936095E-08
   0.382000E+04   0.310933E-08   0.122832E-07  -0.103795E-07
   0.382100E+04   0.407318E-08   0.144488E-07  -0.103430E-07
   0.382200E+04   0.461145E-08   0.151358E-07  -0.925808E-08
   0.382300E+04   0.467022E-08   0.142761E-07  -0.723769E-08
   0.382400E+04   0.424478E-08   0.119598E-07  -0.448945E-08
   0.382500E+04   0.338012E-08   0.842539E-08  -0.129440E-08
   0.382600E+04   0.216628E-08   0.403531E-08   0.202173E-08
   0.382700E+04   0.729178E-09  -0.761062E-09   0.512168E-08
   0.382800E+04  -0.782359E-09  -0.547342E-08   0.769098E-08
   0.382900E+04  -0.221178E-08  -0.962057E-08   0.946986E-08
   0.383000E+04  -0.341085E-08  -0.127795E-07   0.102795E-07
   0.383100E+04  -0.425489E-08  -0.146284E-07   0.100402E-07
   0.383200E+04  -0.465551E-08  -0.149795E-07   0.877905E-08
   0.383300E+04  -0.456974E-08  -0.137979E-07   0.662699E-08
   0.383400E+04  -0.400450E-08  -0.112051E-07   0.380541E-08
   0.383500E+04  -0.301595E-08  -0.746638E-08   0.603322E-09
   0.383600E+04  -0.170386E-08  -0.296370E-08  -0.265219E-08
   0.383700E+04  -0.201473E-09   0.184335E-08  -0.562931E-08
   0.383800E+04   0.133803E-08   0.646450E-08  -0.802532E-08
   0.383900E+04   0.275709E-08   0.104287E-07  -0.959731E-08
   0.384000E+04   0.390991E-08   0.133322E-07  -0.101868E-07
   0.384100E+04   0.467722E-08   0.148795E-07  -0.973581E-08
   0.384200E+04   0.497859E-08   0.149135E-07  -0.829236E-08
   0.384300E+04   0.478062E-08   0.134312E-07  -0.600555E-08
   0.384400E+04   0.410049E-08   0.105840E-07  -0.311011E-08
   0.384500E+04   0.300427E-08   0.666235E-08   0.976421E-10
   0.384600E+04   0.160033E-08   0.206556E-08   0.329015E-08
   0.384700E+04   0.284027E-10  -0.273850E-08   0.614201E-08
   0.384800E+04  -0.155449E-08  -0.726124E-08   0.836313E-08
   0.384900E+04  -0.298995E-08  -0.110431E-07   0.972820E-08
   0.385000E+04  -0.413422E-08  -0.137002E-07   0.100996E-07
   0.385100E+04  -0.487274E-08  -0.149635E-07   0.944103E-08
   0.385200E+04  -0.513175E-08  -0.147059E-07   0.782146E-08
   0.385300E+04  -0.488577E-08  -0.129551E-07   0.540745E-08
   0.385400E+04  -0.416016E-08  -0.989059E-08   0.244627E-08
   0.385500E+04  -0.302859E-08  -0.582532E-08  -0.759526E-09
   0.385600E+04  -0.160552E-08  -0.117366E-08  -0.388302E-08
   0.385700E+04  -0.346884E-10   0.359083E-08  -0.660628E-08
   0.385800E+04   0.152552E-08   0.798364E-08  -0.865279E-08
   0.385900E+04   0.291806E-08   0.115586E-07  -0.981550E-08
   0.386000E+04   0.400312E-08   0.139532E-07  -0.997784E-08
   0.386100E+04   0.467227E-08   0.149255E-07  -0.912541E-08
   0.386200E+04   0.485937E-08   0.143783E-07  -0.734728E-08
   0.386300E+04   0.454725E-08   0.123691E-07  -0.482673E-08
   0.386400E+04   0.376937E-08   0.910418E-08  -0.182232E-08
   0.386500E+04   0.260633E-08   0.491705E-08   0.135853E-08
   0.386600E+04   0.117771E-08   0.234736E-09   0.439105E-08
   0.386700E+04  -0.370217E-09  -0.446595E-08   0.696626E-08
   0.386800E+04  -0.187927E-08  -0.870690E-08   0.882246E-08
   0.386900E+04  -0.319547E-08  -0.120574E-07   0.977185E-08
   0.387000E+04  -0.418469E-08  -0.141777E-07   0.971955E-08
   0.387100E+04  -0.474620E-08  -0.148539E-07   0.867313E-08
   0.387200E+04  -0.482290E-08  -0.140190E-07   0.674166E-08
   0.387300E+04  -0.440706E-08  -0.117599E-07   0.412435E-08
   0.387400E+04  -0.354101E-08  -0.830831E-08   0.109009E-08
   0.387500E+04  -0.231284E-08  -0.401684E-08  -0.205013E-08
   0.387600E+04  -0.847377E-09   0.676806E-09  -0.497509E-08
   0.387700E+04   0.706564E-09   0.529458E-08  -0.738616E-08
   0.387800E+04   0.219129E-08   0.936678E-08  -0.903777E-08
   0.387900E+04   0.345630E-08   0.124798E-07  -0.976243E-08
   0.388000E+04   0.437353E-08   0.143180E-07  -0.948773E-08
   0.388100E+04   0.485042E-08   0.146960E-07  -0.824359E-08
   0.388200E+04   0.483920E-08   0.135772E-07  -0.615907E-08
   0.388300E+04   0.434178E-08   0.110772E-07  -0.344898E-08
   0.388400E+04   0.340945E-08   0.745208E-08  -0.391861E-09
   0.388500E+04   0.213766E-08   0.307193E-08   0.269867E-08
   0.388600E+04   0.656221E-09  -0.161670E-08   0.550599E-08
   0.388700E+04  -0.883878E-09  -0.613646E-08   0.774293E-08
   0.388800E+04  -0.232589E-08  -0.100278E-07   0.918110E-08
   0.388900E+04  -0.352326E-08  -0.128957E-07   0.967425E-08
   0.389000E+04  -0.435449E-08  -0.144498E-07   0.917310E-08
   0.389100E+04  -0.473557E-08  -0.145337E-07   0.773038E-08
   0.389200E+04  -0.462841E-08  -0.131409E-07   0.549530E-08
   0.389300E+04  -0.404475E-08  -0.104149E-07   0.269822E-08
   0.389400E+04  -0.304492E-08  -0.663513E-08  -0.373012E-09
   0.389500E+04  -0.173168E-08  -0.218747E-08  -0.340254E-08
   0.389600E+04  -0.239738E-09   0.247446E-08  -0.607891E-08
   0.389700E+04   0.127800E-08   0.687585E-08  -0.812695E-08
   0.389800E+04   0.266596E-08   0.105689E-07  -0.933594E-08
   0.389900E+04   0.378181E-08   0.131785E-07  -0.958123E-08
   0.390000E+04   0.451090E-08   0.144400E-07  -0.883697E-08
   0.390100E+04   0.477799E-08   0.142261E-07  -0.717878E-08
   0.390200E+04   0.455491E-08   0.125600E-07  -0.477600E-08
   0.390300E+04   0.386347E-08   0.961220E-08  -0.187438E-08
   0.390400E+04   0.277327E-08   0.568328E-08   0.122907E-08
   0.390500E+04   0.139469E-08   0.117319E-08   0.421649E-08
   0.390600E+04  -0.132300E-09  -0.345964E-08   0.678171E-08
   0.390700E+04  -0.165231E-08  -0.774499E-08   0.866159E-08
   0.390800E+04  -0.301029E-08  -0.112487E-07   0.966302E-08
   0.390900E+04  -0.406721E-08  -0.136166E-07   0.968271E-08
   0.391000E+04  -0.471421E-08  -0.146107E-07   0.871783E-08
   0.391100E+04  -0.488361E-08  -0.141328E-07   0.686642E-08
   0.391200E+04  -0.455578E-08  -0.122343E-07   0.431741E-08
   0.391300E+04  -0.376120E-08  -0.911093E-08   0.133137E-08
   0.391400E+04  -0.257740E-08  -0.508208E-08  -0.178604E-08
   0.391500E+04  -0.112117E-08  -0.558314E-09  -0.471531E-08
   0.391600E+04   0.463187E-09   0.400076E-08  -0.715577E-08
   0.391700E+04   0.201837E-08   0.813345E-08  -0.885630E-08
   0.391800E+04   0.338987E-08   0.114230E-07  -0.964116E-08
   0.391900E+04   0.444149E-08   0.135402E-07  -0.942802E-08
   0.392000E+04   0.506896E-08   0.142764E-07  -0.823653E-08
   0.392100E+04   0.521036E-08   0.135651E-07  -0.618648E-08
   0.392200E+04   0.485215E-08   0.114878E-07  -0.348578E-08
   0.392300E+04   0.403047E-08   0.826616E-08  -0.409333E-09
   0.392400E+04   0.282728E-08   0.423822E-08   0.272884E-08
   0.392500E+04   0.136197E-08  -0.175836E-09   0.560756E-08
   0.392600E+04  -0.220756E-09  -0.451714E-08   0.793128E-08
   0.392700E+04  -0.176556E-08  -0.833517E-08   0.946016E-08
   0.392800E+04  -0.312209E-08  -0.112341E-07   0.100347E-07
   0.392900E+04  -0.416012E-08  -0.129131E-07   0.959206E-08
   0.393000E+04  -0.478248E-08  -0.131979E-07   0.817270E-08
   0.393100E+04  -0.493463E-08  -0.120578E-07   0.591643E-08
   0.393200E+04  -0.460990E-08  -0.960988E-08   0.304840E-08
   0.393300E+04  -0.384977E-08  -0.610631E-08  -0.143618E-09
   0.393400E+04  -0.273934E-08  -0.190921E-08  -0.333833E-08
   0.393500E+04  -0.139831E-08   0.254657E-08  -0.621351E-08
   0.393600E+04   0.314612E-10   0.679785E-08  -0.847863E-08
   0.393700E+04   0.140061E-08   0.104005E-07  -0.990443E-08
   0.393800E+04   0.256762E-08   0.129748E-07  -0.103462E-07
   0.393900E+04   0.341328E-08   0.142449E-07  -0.975850E-08
   0.394000E+04   0.385283E-08   0.140667E-07  -0.820002E-08
   0.394100E+04   0.384449E-08   0.124433E-07  -0.582758E-08
   0.394200E+04   0.339353E-08   0.952499E-08  -0.288044E-08
   0.394300E+04   0.255154E-08   0.559464E-08   0.343901E-09
   0.394400E+04   0.141093E-08   0.103905E-08   0.351976E-08
   0.394500E+04   0.951802E-10  -0.368979E-08   0.632619E-08
   0.394600E+04  -0.125400E-08  -0.812037E-08   0.847950E-08
   0.394700E+04  -0.249143E-08  -0.118093E-07   0.976192E-08
   0.394800E+04  -0.348349E-08  -0.143860E-07   0.100437E-07
   0.394900E+04  -0.412202E-08  -0.155906E-07   0.929609E-08
   0.395000E+04  -0.433553E-08  -0.152999E-07   0.759455E-08
   0.395100E+04  -0.409663E-08  -0.135400E-07   0.511086E-08
   0.395200E+04  -0.342498E-08  -0.104840E-07   0.209586E-08
   0.395300E+04  -0.238530E-08  -0.643433E-08  -0.114592E-08
   0.395400E+04  -0.108083E-08  -0.179240E-08  -0.428704E-08
   0.395500E+04   0.357243E-09   0.298171E-08  -0.701025E-08
   0.395600E+04   0.178317E-08   0.741564E-08  -0.904053E-08
   0.395700E+04   0.305163E-08   0.110722E-07  -0.101728E-07
   0.395800E+04   0.403262E-08   0.135935E-07  -0.102926E-07
   0.395900E+04   0.462484E-08   0.147361E-07  -0.938763E-08
   0.396000E+04   0.476615E-08   0.143963E-07  -0.754873E-08
   0.396100E+04   0.444006E-08   0.126189E-07  -0.496072E-08
   0.396200E+04   0.367752E-08   0.959354E-08  -0.188357E-08
   0.396300E+04   0.255389E-08   0.563401E-08   0.137396E-08
   0.396400E+04   0.118142E-08   0.114683E-08   0.448556E-08
   0.396500E+04  -0.302126E-09  -0.341036E-08   0.714035E-08
   0.396600E+04  -0.174740E-08  -0.757522E-08   0.907423E-08
   0.396700E+04  -0.300864E-08  -0.109275E-07   0.100965E-07
   0.396800E+04  -0.395847E-08  -0.131315E-07   0.101088E-07
   0.396900E+04  -0.450083E-08  -0.139695E-07   0.911506E-08
   0.397000E+04  -0.458079E-08  -0.133640E-07   0.722069E-08
   0.397100E+04  -0.419017E-08  -0.113842E-07   0.462164E-08
   0.397200E+04  -0.336835E-08  -0.823944E-08   0.158436E-08
   0.397300E+04  -0.219838E-08  -0.425658E-08  -0.158137E-08
   0.397400E+04  -0.798550E-09   0.153174E-09  -0.455396E-08
   0.397500E+04   0.689586E-09   0.453653E-08  -0.703265E-08
   0.397600E+04   0.211552E-08   0.844444E-08  -0.876793E-08
   0.397700E+04   0.333503E-08   0.114778E-07  -0.958672E-08
   0.397800E+04   0.422480E-08   0.133279E-07  -0.940972E-08
   0.397900E+04   0.469485E-08   0.138080E-07  -0.825920E-08
   0.398000E+04   0.469765E-08   0.128717E-07  -0.625647E-08
   0.398100E+04   0.423288E-08   0.106174E-07  -0.360929E-08
   0.398200E+04   0.334740E-08   0.727820E-08  -0.590505E-09
   0.398300E+04   0.213046E-08   0.319744E-08   0.248984E-08
   0.398400E+04   0.704600E-09  -0.120629E-08   0.531616E-08
   0.398500E+04  -0.786825E-09  -0.548216E-08   0.759944E-08
   0.398600E+04  -0.219418E-08  -0.919319E-08   0.910660E-08
   0.398700E+04  -0.337672E-08  -0.119608E-07   0.968409E-08
   0.398800E+04  -0.421685E-08  -0.135035E-07   0.927337E-08
   0.398900E+04  -0.463196E-08  -0.136654E-07   0.791668E-08
   0.399000E+04  -0.458269E-08  -0.124318E-07   0.575255E-08
   0.399100E+04  -0.407686E-08  -0.993093E-08   0.300147E-08
   0.399200E+04  -0.316846E-08  -0.642024E-08  -0.566211E-10
   0.399300E+04  -0.195205E-08  -0.226021E-08  -0.311102E-08
   0.399400E+04  -0.553023E-09   0.212269E-08  -0.585192E-08
   0.399500E+04   0.885324E-09   0.627964E-08  -0.800191E-08
   0.399600E+04   0.221641E-08   0.978530E-08  -0.934421E-08
   0.399700E+04   0.330538E-08   0.122813E-07  -0.974457E-08
   0.399800E+04   0.404283E-08   0.135127E-07  -0.916484E-08
   0.399900E+04   0.435595E-08   0.133543E-07  -0.766662E-08
   0.400000E+04   0.421585E-08   0.118228E-07  -0.540482E-08
   0.400100E+04   0.364048E-08   0.907569E-08  -0.261171E-08
   0.400200E+04   0.269259E-08   0.539470E-08   0.426903E-09
   0.400300E+04   0.147331E-08   0.115714E-08   0.340088E-08
   0.400400E+04   0.111595E-09  -0.320264E-08   0.600741E-08
   0.400500E+04  -0.124900E-08  -0.723758E-08   0.798187E-08
   0.400600E+04  -0.246516E-08  -0.105335E-07   0.912472E-08
   0.400700E+04  -0.340853E-08  -0.127516E-07   0.932175E-08
   0.400800E+04  -0.397900E-08  -0.136627E-07   0.855558E-08
   0.400900E+04  -0.411496E-08  -0.131708E-07   0.690729E-08
   0.401000E+04  -0.379978E-08  -0.113232E-07   0.454799E-08
   0.401100E+04  -0.306353E-08  -0.830518E-08   0.172123E-08
   0.401200E+04  -0.198003E-08  -0.442179E-08  -0.128195E-08
   0.401300E+04  -0.659352E-09  -0.665058E-10  -0.415277E-08
   0.401400E+04   0.763370E-09   0.431867E-08  -0.659627E-08
   0.401500E+04   0.214172E-08   0.828811E-08  -0.836137E-08
   0.401600E+04   0.333296E-08   0.114379E-07  -0.926645E-08
   0.401700E+04   0.421262E-08   0.134467E-07  -0.921785E-08
   0.401800E+04   0.468724E-08   0.141088E-07  -0.821932E-08
   0.401900E+04   0.470404E-08   0.133547E-07  -0.637158E-08
   0.402000E+04   0.425637E-08   0.112581E-07  -0.386199E-08
   0.402100E+04   0.338450E-08   0.802884E-08  -0.945383E-09
   0.402200E+04   0.217171E-08   0.399121E-08   0.208193E-08
   0.402300E+04   0.735849E-09  -0.448735E-09   0.491236E-08
   0.402400E+04  -0.782455E-09  -0.484441E-08   0.725840E-08
   0.402500E+04  -0.223404E-08  -0.875393E-08   0.888180E-08
   0.402600E+04  -0.347628E-08  -0.117849E-07   0.961783E-08
   0.402700E+04  -0.438750E-08  -0.136339E-07   0.939190E-08
   0.402800E+04  -0.487925E-08  -0.141176E-07   0.822707E-08
   0.402900E+04  -0.490530E-08  -0.131905E-07   0.624157E-08
   0.403000E+04  -0.446621E-08  -0.109499E-07   0.363664E-08
   0.403100E+04  -0.360931E-08  -0.762542E-08   0.675958E-09
   0.403200E+04  -0.242375E-08  -0.355595E-08  -0.234133E-08
   0.403300E+04  -0.103152E-08   0.845292E-09  -0.511103E-08
   0.403400E+04   0.425065E-09   0.513257E-08  -0.735491E-08
   0.403500E+04   0.179779E-08   0.887290E-08  -0.884889E-08
   0.403600E+04   0.294763E-08   0.116900E-07  -0.944579E-08
   0.403700E+04   0.375887E-08   0.133021E-07  -0.909008E-08
   0.403800E+04   0.415084E-08   0.135507E-07  -0.782338E-08
   0.403900E+04   0.408612E-08   0.124161E-07  -0.577990E-08
   0.404000E+04   0.357422E-08   0.100191E-07  -0.317258E-08
   0.404100E+04   0.267067E-08   0.660849E-08  -0.271129E-09
   0.404200E+04   0.147119E-08   0.253546E-08   0.262564E-08
   0.404300E+04   0.101994E-09  -0.178240E-08   0.522045E-08
   0.404400E+04  -0.129321E-08  -0.590372E-08   0.724793E-08
   0.404500E+04  -0.256786E-08  -0.940827E-08   0.850174E-08
   0.404600E+04  -0.358756E-08  -0.119397E-07   0.885557E-08
   0.404700E+04  -0.424383E-08  -0.132419E-07   0.827594E-08
   0.404800E+04  -0.446523E-08  -0.131843E-07   0.682548E-08
   0.404900E+04  -0.422471E-08  -0.117757E-07   0.465638E-08
   0.405000E+04  -0.354249E-08  -0.916270E-08   0.199468E-08
   0.405100E+04  -0.248403E-08  -0.561432E-08  -0.883007E-09
   0.405200E+04  -0.115351E-08  -0.149479E-08  -0.367794E-08
   0.405300E+04   0.316697E-09   0.277397E-08  -0.609991E-08
   0.405400E+04   0.177942E-08   0.675543E-08  -0.789703E-08
   0.405500E+04   0.308758E-08   0.100430E-07  -0.888159E-08
   0.405600E+04   0.410913E-08   0.123014E-07  -0.894935E-08
   0.405700E+04   0.474042E-08   0.133008E-07  -0.809027E-08
   0.405800E+04   0.491674E-08   0.129401E-07  -0.638956E-08
   0.405900E+04   0.461891E-08   0.112573E-07  -0.401906E-08
   0.406000E+04   0.387525E-08   0.842502E-08  -0.121964E-08
   0.406100E+04   0.275880E-08   0.473327E-08   0.172335E-08
   0.406200E+04   0.137994E-08   0.559434E-09   0.450932E-08
   0.406300E+04  -0.124682E-09  -0.367018E-08   0.685316E-08
   0.406400E+04  -0.160595E-08  -0.752383E-08   0.851443E-08
   0.406500E+04  -0.291724E-08  -0.106084E-07   0.932202E-08
   0.406600E+04  -0.392920E-08  -0.126093E-07   0.919171E-08
   0.406700E+04  -0.454269E-08  -0.133226E-07   0.813493E-08
   0.406800E+04  -0.469870E-08  -0.126758E-07   0.625766E-08
   0.406900E+04  -0.438416E-08  -0.107349E-07   0.374974E-08
   0.407000E+04  -0.363316E-08  -0.769754E-08   0.865618E-09
   0.407100E+04  -0.252332E-08  -0.387302E-08  -0.210154E-08
   0.407200E+04  -0.116781E-08   0.349454E-09  -0.484972E-08
   0.407300E+04   0.296170E-09   0.454045E-08  -0.709882E-08
   0.407400E+04   0.172137E-08   0.827404E-08  -0.861921E-08
   0.407500E+04   0.296541E-08   0.111712E-07  -0.925523E-08
   0.407600E+04   0.390514E-08   0.129382E-07  -0.894108E-08
   0.407700E+04   0.444900E-08   0.133967E-07  -0.770761E-08
   0.407800E+04   0.454619E-08   0.125015E-07  -0.567929E-08
   0.407900E+04   0.419155E-08   0.103451E-07  -0.306161E-08
   0.408000E+04   0.342591E-08   0.714826E-08  -0.120253E-09
   0.408100E+04   0.233161E-08   0.323720E-08   0.284589E-08
   0.408200E+04   0.102393E-08  -0.989599E-09   0.553509E-08
   0.408300E+04  -0.360872E-09  -0.510206E-08   0.767343E-08
   0.408400E+04  -0.167963E-08  -0.868236E-08   0.904269E-08
   0.408500E+04  -0.279695E-08  -0.113674E-07   0.950252E-08
   0.408600E+04  -0.359913E-08  -0.128857E-07   0.900475E-08
   0.408700E+04  -0.400571E-08  -0.130851E-07   0.759828E-08
   0.408800E+04  -0.397770E-08  -0.119478E-07   0.542416E-08
   0.408900E+04  -0.352140E-08  -0.959226E-08   0.270125E-08
   0.409000E+04  -0.268768E-08  -0.626090E-08  -0.295977E-09
   0.409100E+04  -0.156658E-08  -0.229527E-08  -0.326532E-08
   0.409200E+04  -0.277989E-09   0.189889E-08  -0.590755E-08
   0.409300E+04   0.104086E-08   0.589298E-08  -0.795674E-08
   0.409400E+04   0.224958E-08   0.927929E-08  -0.920729E-08
   0.409500E+04   0.321913E-08   0.117124E-07  -0.953473E-08
   0.409600E+04   0.384527E-08   0.129446E-07  -0.890831E-08
   0.409700E+04   0.405927E-08   0.128503E-07  -0.739408E-08
   0.409800E+04   0.383517E-08   0.114397E-07  -0.514805E-08
   0.409900E+04   0.319251E-08   0.885680E-08  -0.240025E-08
   0.410000E+04   0.219439E-08   0.536477E-08   0.568695E-09
   0.410100E+04   0.941155E-09   0.131924E-08   0.345616E-08
   0.410200E+04  -0.439934E-09  -0.286823E-08   0.596833E-08
   0.410300E+04  -0.180765E-08  -0.677203E-08   0.785009E-08
   0.410400E+04  -0.302134E-08  -0.999591E-08   0.891097E-08
   0.410500E+04  -0.395534E-08  -0.122133E-07   0.904442E-08
   0.410600E+04  -0.451197E-08  -0.132003E-07   0.823864E-08
   0.410700E+04  -0.463163E-08  -0.128586E-07   0.657767E-08
   0.410800E+04  -0.429908E-08  -0.112251E-07   0.423273E-08
   0.410900E+04  -0.354516E-08  -0.846821E-08   0.144476E-08
   0.411000E+04  -0.244376E-08  -0.487011E-08  -0.150027E-08
   0.411100E+04  -0.110449E-08  -0.798165E-09  -0.430047E-08
   0.411200E+04   0.338411E-09   0.333280E-08  -0.666888E-08
   0.411300E+04   0.173970E-08   0.710278E-08  -0.836270E-08
   0.411400E+04   0.295787E-08   0.101295E-07  -0.920805E-08
   0.411500E+04   0.386963E-08   0.121072E-07  -0.911766E-08
   0.411600E+04   0.438246E-08   0.128380E-07  -0.809980E-08
   0.411700E+04   0.444418E-08   0.122514E-07  -0.625736E-08
   0.411800E+04   0.404835E-08   0.104118E-07  -0.377737E-08
   0.411900E+04   0.323511E-08   0.751140E-08  -0.911941E-09
   0.412000E+04   0.208716E-08   0.385056E-08   0.204750E-08
   0.412100E+04   0.721584E-09  -0.193164E-09   0.479988E-08
   0.412200E+04  -0.722043E-09  -0.420365E-08   0.706523E-08
   0.412300E+04  -0.209570E-08  -0.776879E-08   0.861321E-08
   0.412400E+04  -0.325794E-08  -0.105226E-07   0.928663E-08
   0.412500E+04  -0.408827E-08  -0.121827E-07   0.901749E-08
   0.412600E+04  -0.449945E-08  -0.125788E-07   0.783396E-08
   0.412700E+04  -0.444639E-08  -0.116706E-07   0.585752E-08
   0.412800E+04  -0.393090E-08  -0.955116E-08   0.329067E-08
   0.412900E+04  -0.300160E-08  -0.643778E-08   0.396259E-09
   0.413000E+04  -0.174919E-08  -0.264949E-08  -0.252922E-08
   0.413100E+04  -0.297368E-09   0.142555E-08  -0.518583E-08
   0.413200E+04   0.120952E-08   0.536981E-08  -0.730080E-08
   0.413300E+04   0.262102E-08   0.877905E-08  -0.865629E-08
   0.413400E+04   0.379566E-08   0.113037E-07  -0.911168E-08
   0.413500E+04   0.461524E-08   0.126845E-07  -0.861792E-08
   0.413600E+04   0.499673E-08   0.127791E-07  -0.722270E-08
   0.413700E+04   0.490065E-08   0.115765E-07  -0.506568E-08
   0.413800E+04   0.433510E-08   0.919827E-08  -0.236439E-08
   0.413900E+04   0.335498E-08   0.588602E-08   0.607726E-09
   0.414000E+04   0.205646E-08   0.197675E-08   0.354903E-08
   0.414100E+04   0.567404E-09  -0.213153E-08   0.616026E-08
   0.414200E+04  -0.965520E-09  -0.602052E-08   0.817487E-08
   0.414300E+04  -0.239150E-08  -0.929430E-08   0.938609E-08
   0.414400E+04  -0.357072E-08  -0.116198E-07   0.966789E-08
   0.414500E+04  -0.438834E-08  -0.127607E-07   0.898782E-08
   0.414600E+04  -0.476594E-08  -0.126017E-07   0.741036E-08
   0.414700E+04  -0.466932E-08  -0.111604E-07   0.509041E-08
   0.414800E+04  -0.411178E-08  -0.858512E-08   0.225770E-08
   0.414900E+04  -0.315266E-08  -0.514005E-08  -0.806416E-09
   0.415000E+04  -0.189122E-08  -0.117827E-08  -0.379736E-08
   0.415100E+04  -0.456491E-09   0.289443E-08  -0.641804E-08
   0.415200E+04   0.100578E-08   0.666090E-08  -0.840883E-08
   0.415300E+04   0.234790E-08   0.973526E-08  -0.957365E-08
   0.415400E+04   0.343515E-08   0.118024E-07  -0.979965E-08
   0.415500E+04   0.415928E-08   0.126499E-07  -0.906843E-08
   0.415600E+04   0.444941E-08   0.121904E-07  -0.745765E-08
   0.415700E+04   0.427899E-08   0.104699E-07  -0.513300E-08
   0.415800E+04   0.366833E-08   0.766339E-08  -0.233116E-08
   0.415900E+04   0.268238E-08   0.405730E-08   0.664250E-09
   0.416000E+04   0.142394E-08   0.200258E-10   0.355156E-08
   0.416100E+04   0.231075E-10  -0.403545E-08   0.604157E-08
   0.416200E+04  -0.137603E-08  -0.769371E-08   0.788684E-08
   0.416300E+04  -0.263009E-08  -0.105793E-07   0.890657E-08
   0.416400E+04  -0.361098E-08  -0.123949E-07   0.900471E-08
   0.416500E+04  -0.421886E-08  -0.129520E-07   0.817942E-08
   0.416600E+04  -0.439224E-08  -0.121899E-07   0.652286E-08
   0.416700E+04  -0.411411E-08  -0.101823E-07   0.421148E-08
   0.416800E+04  -0.341355E-08  -0.712955E-08   0.148778E-08
   0.416900E+04  -0.236268E-08  -0.333883E-08  -0.136469E-08
   0.417000E+04  -0.106919E-08   0.807372E-09  -0.405041E-08
   0.417100E+04   0.334690E-09   0.488996E-08  -0.629207E-08
   0.417200E+04   0.170572E-08   0.849582E-08  -0.785890E-08
   0.417300E+04   0.290424E-08   0.112598E-07  -0.859017E-08
   0.417400E+04   0.380840E-08   0.129019E-07  -0.841148E-08
   0.417500E+04   0.432648E-08   0.132557E-07  -0.734218E-08
   0.417600E+04   0.440620E-08   0.122852E-07  -0.549328E-08
   0.417700E+04   0.403992E-08   0.100886E-07  -0.305593E-08
   0.417800E+04   0.326533E-08   0.688829E-08  -0.281758E-09
   0.417900E+04   0.216151E-08   0.300826E-08   0.254296E-08
   0.418000E+04   0.840778E-09  -0.115889E-08   0.512660E-08
   0.418100E+04  -0.562804E-09  -0.519175E-08   0.720207E-08
   0.418200E+04  -0.190715E-08  -0.868300E-08   0.855411E-08
   0.418300E+04  -0.305663E-08  -0.112807E-07   0.904126E-08
   0.418400E+04  -0.389582E-08  -0.127241E-07   0.861035E-08
   0.418500E+04  -0.434127E-08  -0.128699E-07   0.730187E-08
   0.418600E+04  -0.434984E-08  -0.117070E-07   0.524587E-08
   0.418700E+04  -0.392302E-08  -0.935720E-08   0.264865E-08
   0.418800E+04  -0.310663E-08  -0.606297E-08  -0.228294E-09
   0.418900E+04  -0.198600E-08  -0.216257E-08  -0.309492E-08
   0.419000E+04  -0.677152E-09   0.194444E-08  -0.566220E-08
   0.419100E+04   0.685196E-09   0.583786E-08  -0.767157E-08
   0.419200E+04   0.196143E-08   0.911966E-08  -0.892119E-08
   0.419300E+04   0.302138E-08   0.114545E-07  -0.928648E-08
   0.419400E+04   0.375763E-08   0.126037E-07  -0.873271E-08
   0.419500E+04   0.409647E-08   0.124497E-07  -0.731841E-08
   0.419600E+04   0.400544E-08   0.110078E-07  -0.518930E-08
   0.419700E+04   0.349653E-08   0.842443E-08  -0.256330E-08
   0.419800E+04   0.262491E-08   0.496241E-08   0.291749E-09
   0.419900E+04   0.148318E-08   0.973938E-09   0.308551E-08
   0.420000E+04   0.191836E-09  -0.313522E-08   0.553475E-08
   0.420100E+04  -0.111320E-08  -0.694710E-08   0.739226E-08
   0.420200E+04  -0.229455E-08  -0.100741E-07   0.847197E-08
   0.420300E+04  -0.322754E-08  -0.121983E-07   0.866790E-08
   0.420400E+04  -0.381308E-08  -0.131039E-07   0.796480E-08
   0.420500E+04  -0.398786E-08  -0.126992E-07   0.643954E-08
   0.420600E+04  -0.373093E-08  -0.110253E-07   0.425316E-08
   0.420700E+04  -0.306597E-08  -0.825265E-08   0.163418E-08
   0.420800E+04  -0.205892E-08  -0.466275E-08  -0.114488E-08
   0.420900E+04  -0.811329E-09  -0.619960E-09  -0.379547E-08
   0.421000E+04   0.549958E-09   0.346592E-08  -0.604264E-08
   0.421100E+04   0.188572E-08   0.718137E-08  -0.765322E-08
   0.421200E+04   0.305858E-08   0.101512E-07  -0.845972E-08
   0.421300E+04   0.394699E-08   0.120769E-07  -0.837748E-08
   0.421400E+04   0.445777E-08   0.127666E-07  -0.741337E-08
   0.421500E+04   0.453556E-08   0.121549E-07  -0.566504E-08
   0.421600E+04   0.416866E-08   0.103089E-07  -0.331094E-08
   0.421700E+04   0.339026E-08   0.742163E-08  -0.591999E-09
   0.421800E+04   0.227520E-08   0.379186E-08   0.221304E-08
   0.421900E+04   0.932450E-09  -0.206460E-09   0.481625E-08
   0.422000E+04  -0.505873E-09  -0.416247E-08   0.695002E-08
   0.422100E+04  -0.189783E-08  -0.767046E-08   0.839455E-08
   0.422200E+04  -0.310604E-08  -0.103713E-07   0.900046E-08
   0.422300E+04  -0.401153E-08  -0.119892E-07   0.870417E-08
   0.422400E+04  -0.452582E-08  -0.123599E-07   0.753454E-08
   0.422500E+04  -0.459980E-08  -0.114470E-07   0.561005E-08
   0.422600E+04  -0.422873E-08  -0.934620E-08   0.312676E-08
   0.422700E+04  -0.345266E-08  -0.627513E-08   0.338371E-09
   0.422800E+04  -0.235232E-08  -0.255095E-08  -0.246967E-08
   0.422900E+04  -0.104090E-08   0.144200E-08  -0.500938E-08
   0.423000E+04   0.347427E-09   0.529163E-08  -0.701968E-08
   0.423100E+04   0.167121E-08   0.860034E-08  -0.829320E-08
   0.423200E+04   0.279601E-08   0.110257E-07  -0.869762E-08
   0.423300E+04   0.360810E-08   0.123156E-07  -0.818932E-08
   0.423400E+04   0.402596E-08   0.123340E-07  -0.681809E-08
   0.423500E+04   0.400850E-08   0.110752E-07  -0.472221E-08
   0.423600E+04   0.355925E-08   0.866426E-08  -0.211455E-08
   0.423700E+04   0.272590E-08   0.534434E-08   0.738992E-09
   0.423800E+04   0.159543E-08   0.145207E-08   0.354652E-08
   0.423900E+04   0.285188E-09  -0.261693E-08   0.601984E-08
   0.424000E+04  -0.106903E-08  -0.644837E-08   0.790388E-08
   0.424100E+04  -0.232684E-08  -0.965170E-08   0.900278E-08
   0.424200E+04  -0.335759E-08  -0.119000E-07   0.919993E-08
   0.424300E+04  -0.405359E-08  -0.129633E-07   0.847014E-08
   0.424400E+04  -0.434116E-08  -0.127324E-07   0.688234E-08
   0.424500E+04  -0.418803E-08  -0.112299E-07   0.459282E-08
   0.424600E+04  -0.360672E-08  -0.860792E-08   0.182956E-08
   0.424700E+04  -0.265319E-08  -0.513273E-08  -0.113081E-08
   0.424800E+04  -0.142125E-08  -0.115744E-08  -0.399098E-08
   0.424900E+04  -0.330018E-10   0.291409E-08  -0.646312E-08
   0.425000E+04   0.137351E-08   0.666855E-08  -0.829809E-08
   0.425100E+04   0.265828E-08   0.972554E-08  -0.931082E-08
   0.425200E+04   0.369347E-08   0.117766E-07  -0.939918E-08
   0.425300E+04   0.437633E-08   0.126169E-07  -0.855445E-08
   0.425400E+04   0.463957E-08   0.121664E-07  -0.686239E-08
   0.425500E+04   0.445804E-08   0.104780E-07  -0.449464E-08
   0.425600E+04   0.385123E-08   0.773252E-08  -0.169146E-08
   0.425700E+04   0.288119E-08   0.422018E-08   0.126256E-08
   0.425800E+04   0.164612E-08   0.310912E-09   0.406728E-08
   0.425900E+04   0.270397E-09  -0.358358E-08   0.643742E-08
   0.426000E+04  -0.110813E-08  -0.705210E-08   0.813151E-08
   0.426100E+04  -0.235209E-08  -0.972644E-08   0.897644E-08
   0.426200E+04  -0.333851E-08  -0.113195E-07   0.888510E-08
   0.426300E+04  -0.397119E-08  -0.116551E-07   0.786530E-08
   0.426400E+04  -0.419033E-08  -0.106872E-07   0.601919E-08
   0.426500E+04  -0.397846E-08  -0.850485E-08   0.353302E-08
   0.426600E+04  -0.336197E-08  -0.532400E-08   0.658436E-09
   0.426700E+04  -0.240827E-08  -0.146640E-08  -0.231286E-08
   0.426800E+04  -0.121868E-08   0.267290E-08  -0.507854E-08
   0.426900E+04   0.820543E-10   0.666542E-08  -0.735614E-08
   0.427000E+04   0.135858E-08   0.100928E-07  -0.891163E-08
   0.427100E+04   0.247886E-08   0.125894E-07  -0.958308E-08
   0.427200E+04   0.332768E-08   0.138805E-07  -0.929707E-08
   0.427300E+04   0.381838E-08   0.138103E-07  -0.807615E-08
   0.427400E+04   0.390165E-08   0.123592E-07  -0.603673E-08
   0.427500E+04   0.357046E-08   0.964647E-08  -0.337742E-08
   0.427600E+04   0.286067E-08   0.591988E-08  -0.359118E-09
   0.427700E+04   0.184721E-08   0.153138E-08   0.272108E-08
   0.427800E+04   0.636287E-09  -0.309731E-08   0.555971E-08
   0.427900E+04  -0.645622E-09  -0.751636E-08   0.787729E-08
   0.428000E+04  -0.186482E-08  -0.112926E-07   0.944625E-08
   0.428100E+04  -0.289419E-08  -0.140527E-07   0.101136E-07
   0.428200E+04  -0.362625E-08  -0.155207E-07   0.981608E-08
   0.428300E+04  -0.398422E-08  -0.155458E-07   0.858620E-08
   0.428400E+04  -0.392994E-08  -0.141175E-07   0.654875E-08
   0.428500E+04  -0.346774E-08  -0.113677E-07   0.390791E-08
   0.428600E+04  -0.264402E-08  -0.755735E-08   0.926563E-09
   0.428700E+04  -0.154249E-08  -0.305120E-08  -0.210033E-08
   0.428800E+04  -0.275535E-09   0.171811E-08  -0.487539E-08
   0.428900E+04   0.102728E-08   0.629277E-08  -0.712867E-08
   0.429000E+04   0.223253E-08   0.102349E-07  -0.864454E-08
   0.429100E+04   0.321663E-08   0.131698E-07  -0.928299E-08
   0.429200E+04   0.387854E-08   0.148226E-07  -0.899322E-08
   0.429300E+04   0.415012E-08   0.150451E-07  -0.781810E-08
   0.429400E+04   0.400313E-08   0.138299E-07  -0.588916E-08
   0.429500E+04   0.345219E-08   0.113106E-07  -0.341259E-08
   0.429600E+04   0.255330E-08   0.774794E-08  -0.647812E-09
   0.429700E+04   0.139811E-08   0.350302E-08   0.211930E-08
   0.429800E+04   0.104550E-09  -0.998903E-09   0.460572E-08
   0.429900E+04  -0.119518E-08  -0.531113E-08   0.656006E-08
   0.430000E+04  -0.236818E-08  -0.901007E-08   0.778808E-08
   0.430100E+04  -0.329445E-08  -0.117373E-07   0.817215E-08
   0.430200E+04  -0.387916E-08  -0.132349E-07   0.768275E-08
   0.430300E+04  -0.406239E-08  -0.133703E-07   0.638103E-08
   0.430400E+04  -0.382528E-08  -0.121490E-07   0.441186E-08
   0.430500E+04  -0.319196E-08  -0.971240E-08   0.198849E-08
   0.430600E+04  -0.222715E-08  -0.632307E-08  -0.629845E-09
   0.430700E+04  -0.102952E-08  -0.233703E-08  -0.316497E-08
   0.430800E+04   0.278339E-09   0.183274E-08  -0.534863E-08
   0.430900E+04   0.156247E-08   0.575845E-08  -0.695030E-08
   0.431000E+04   0.269123E-08   0.904090E-08  -0.780100E-08
   0.431100E+04   0.354873E-08   0.113497E-07  -0.781074E-08
   0.431200E+04   0.404671E-08   0.124564E-07  -0.697776E-08
   0.431300E+04   0.413358E-08   0.122567E-07  -0.538871E-08
   0.431400E+04   0.379970E-08   0.107806E-07  -0.320959E-08
   0.431500E+04   0.307837E-08   0.818847E-08  -0.668630E-09
   0.431600E+04   0.204249E-08   0.475347E-08   0.196732E-08
   0.431700E+04   0.797074E-09   0.833572E-09   0.442040E-08
   0.431800E+04  -0.531418E-09  -0.316574E-08   0.643051E-08
   0.431900E+04  -0.180803E-08  -0.683305E-08   0.778225E-08
   0.432000E+04  -0.290308E-08  -0.979308E-08   0.832735E-08
   0.432100E+04  -0.370541E-08  -0.117449E-07   0.800019E-08
   0.432200E+04  -0.413379E-08  -0.124923E-07   0.682486E-08
   0.432300E+04  -0.414518E-08  -0.119634E-07   0.491306E-08
   0.432400E+04  -0.373916E-08  -0.102178E-07   0.245295E-08
   0.432500E+04  -0.295802E-08  -0.743935E-08  -0.309795E-09
   0.432600E+04  -0.188241E-08  -0.391732E-08  -0.309696E-08
   0.432700E+04  -0.623135E-09  -0.162227E-10  -0.562605E-08
   0.432800E+04   0.690176E-09   0.386182E-08  -0.763911E-08
   0.432900E+04   0.192231E-08   0.731839E-08  -0.892910E-08
   0.433000E+04   0.294628E-08   0.999966E-08  -0.936112E-08
   0.433100E+04   0.365637E-08   0.116325E-07  -0.888632E-08
   0.433200E+04   0.397892E-08   0.120524E-07  -0.754711E-08
   0.433300E+04   0.387987E-08   0.112199E-07  -0.547302E-08
   0.433400E+04   0.336834E-08   0.922443E-08  -0.286780E-08
   0.433500E+04   0.249571E-08   0.627498E-08   0.111382E-10
   0.433600E+04   0.135038E-08   0.267822E-08   0.287873E-08
   0.433700E+04   0.488320E-10  -0.119304E-08   0.545106E-08
   0.433800E+04  -0.127628E-08  -0.493828E-08   0.747410E-08
   0.433900E+04  -0.248962E-08  -0.817039E-08   0.874943E-08
   0.434000E+04  -0.346704E-08  -0.105554E-07   0.915430E-08
   0.434100E+04  -0.410817E-08  -0.118467E-07   0.865405E-08
   0.434200E+04  -0.434677E-08  -0.119104E-07   0.730554E-08
   0.434300E+04  -0.415744E-08  -0.107387E-07   0.525132E-08
   0.434400E+04  -0.355824E-08  -0.845083E-08   0.270507E-08
   0.434500E+04  -0.260893E-08  -0.528086E-08  -0.701284E-10
   0.434600E+04  -0.140480E-08  -0.155344E-08  -0.278865E-08
   0.434700E+04  -0.670149E-10   0.234937E-08  -0.517132E-08
   0.434800E+04   0.126973E-08   0.602724E-08  -0.697388E-08
   0.434900E+04   0.247100E-08   0.910263E-08  -0.801180E-08
   0.435000E+04   0.341628E-08   0.112593E-07  -0.817906E-08
   0.435100E+04   0.401132E-08   0.122750E-07  -0.745895E-08
   0.435200E+04   0.419769E-08   0.120436E-07  -0.592578E-08
   0.435300E+04   0.395881E-08   0.105866E-07  -0.373728E-08
   0.435400E+04   0.332155E-08   0.805061E-08  -0.111863E-08
   0.435500E+04   0.235350E-08   0.469235E-08   0.166046E-08
   0.435600E+04   0.115602E-08   0.852519E-09   0.431316E-08
   0.435700E+04  -0.146181E-09  -0.307901E-08   0.656468E-08
   0.435800E+04  -0.141783E-08  -0.670304E-08   0.818016E-08
   0.435900E+04  -0.252698E-08  -0.965175E-08   0.898860E-08
   0.436000E+04  -0.335859E-08  -0.116262E-07   0.890019E-08
   0.436100E+04  -0.382637E-08  -0.124270E-07   0.791552E-08
   0.436200E+04  -0.388168E-08  -0.119744E-07   0.612553E-08
   0.436300E+04  -0.351858E-08  -0.103163E-07   0.370234E-08
   0.436400E+04  -0.277456E-08  -0.762367E-08   0.881873E-09
   0.436500E+04  -0.172669E-08  -0.417277E-08  -0.205996E-08
   0.436600E+04  -0.483857E-09  -0.316973E-09  -0.483516E-08
   0.436700E+04   0.824412E-09   0.354934E-08  -0.717264E-08
   0.436800E+04   0.206121E-08   0.703102E-08  -0.884554E-08
   0.436900E+04   0.309633E-08   0.977251E-08  -0.969394E-08
   0.437000E+04   0.381966E-08   0.114941E-07  -0.964085E-08
   0.437100E+04   0.415264E-08   0.120204E-07  -0.869966E-08
   0.437200E+04   0.405644E-08   0.112983E-07  -0.697251E-08
   0.437300E+04   0.353618E-08   0.940215E-08  -0.463954E-08
   0.437400E+04   0.264058E-08   0.652641E-08  -0.194040E-08
   0.437500E+04   0.145724E-08   0.296544E-08   0.850311E-09
   0.437600E+04   0.103887E-09  -0.916394E-09   0.345108E-08
   0.437700E+04  -0.128350E-08  -0.472200E-08   0.560211E-08
   0.437800E+04  -0.256444E-08  -0.806205E-08   0.709164E-08
   0.437900E+04  -0.360825E-08  -0.105947E-07   0.777735E-08
   0.438000E+04  -0.430737E-08  -0.120607E-07   0.760052E-08
   0.438100E+04  -0.458840E-08  -0.123092E-07   0.659176E-08
   0.438200E+04  -0.441977E-08  -0.113138E-07   0.486743E-08
   0.438300E+04  -0.381508E-08  -0.917467E-08   0.261747E-08
   0.438400E+04  -0.283198E-08  -0.610862E-08   0.855980E-10
   0.438500E+04  -0.156652E-08  -0.242663E-08  -0.245584E-08
   0.438600E+04  -0.143582E-09   0.149779E-08  -0.473398E-08
   0.438700E+04   0.129553E-08   0.526677E-08  -0.650355E-08
   0.438800E+04   0.260735E-08   0.849869E-08  -0.757207E-08
   0.438900E+04   0.366066E-08   0.108672E-07  -0.781964E-08
   0.439000E+04   0.434970E-08   0.121342E-07  -0.721131E-08
   0.439100E+04   0.460496E-08   0.121746E-07  -0.580068E-08
   0.439200E+04   0.440015E-08   0.109885E-07  -0.372451E-08
   0.439300E+04   0.375503E-08   0.870141E-08  -0.118874E-08
   0.439400E+04   0.273341E-08   0.555100E-08   0.155249E-08
   0.439500E+04   0.143690E-08   0.186307E-08   0.422277E-08
   0.439600E+04  -0.529927E-11  -0.198207E-08   0.655161E-08
   0.439700E+04  -0.144931E-08  -0.558848E-08   0.830202E-08
   0.439800E+04  -0.275102E-08  -0.858517E-08   0.929469E-08
   0.439900E+04  -0.378047E-08  -0.106641E-07   0.942620E-08
   0.440000E+04  -0.443496E-08  -0.116116E-07   0.867959E-08
   0.440100E+04  -0.464924E-08  -0.113307E-07   0.712602E-08
   0.440200E+04  -0.440206E-08  -0.985042E-08   0.491756E-08
   0.440300E+04  -0.371825E-08  -0.732351E-08   0.227164E-08
   0.440400E+04  -0.266608E-08  -0.401054E-08  -0.551039E-09
   0.440500E+04  -0.135039E-08  -0.253368E-09  -0.327300E-08
   0.440600E+04   0.980473E-10   0.355981E-08  -0.562811E-08
   0.440700E+04   0.153575E-08   0.703417E-08  -0.738853E-08
   0.440800E+04   0.282094E-08   0.980870E-08  -0.838763E-08
   0.440900E+04   0.382786E-08   0.115932E-07  -0.853666E-08
   0.441000E+04   0.445929E-08   0.121982E-07  -0.783338E-08
   0.441100E+04   0.465631E-08   0.115543E-07  -0.636186E-08
   0.441200E+04   0.440403E-08   0.971990E-08  -0.428343E-08
   0.441300E+04   0.373293E-08   0.687514E-08  -0.181979E-08
   0.441400E+04   0.271554E-08   0.330400E-08   0.770100E-09
   0.441500E+04   0.145895E-08  -0.634510E-09   0.321676E-08
   0.441600E+04   0.937363E-10  -0.454272E-08   0.526804E-08
   0.441700E+04  -0.123938E-08  -0.802472E-08   0.671507E-08
   0.441800E+04  -0.240395E-08  -0.107266E-07   0.741367E-08
   0.441900E+04  -0.328166E-08  -0.123726E-07   0.729908E-08
   0.442000E+04  -0.378437E-08  -0.127929E-07   0.639238E-08
   0.442100E+04  -0.386306E-08  -0.119417E-07   0.479815E-08
   0.442200E+04  -0.351267E-08  -0.990103E-08   0.269335E-08
   0.442300E+04  -0.277260E-08  -0.687355E-08   0.308779E-09
   0.442400E+04  -0.172250E-08  -0.316147E-08  -0.209506E-08
   0.442500E+04  -0.474121E-09   0.863769E-09  -0.425524E-08
   0.442600E+04   0.840282E-09   0.479913E-08  -0.593389E-08
   0.442700E+04   0.208148E-08   0.825079E-08  -0.694328E-08
   0.442800E+04   0.311761E-08   0.108740E-07  -0.716562E-08
   0.442900E+04   0.383769E-08   0.124080E-07  -0.656575E-08
   0.443000E+04   0.416308E-08   0.127023E-07  -0.519534E-08
   0.443100E+04   0.405558E-08   0.117319E-07  -0.318805E-08
   0.443200E+04   0.352139E-08   0.959967E-08  -0.746251E-09
   0.443300E+04   0.261064E-08   0.652558E-08   0.187944E-08
   0.443400E+04   0.141232E-08   0.282446E-08   0.441566E-08
   0.443500E+04   0.453391E-10  -0.112630E-08   0.659439E-08
   0.443600E+04  -0.135353E-08  -0.492512E-08   0.818051E-08
   0.443700E+04  -0.264351E-08  -0.818715E-08   0.899623E-08
   0.443800E+04  -0.369410E-08  -0.105834E-07   0.893984E-08
   0.443900E+04  -0.439834E-08  -0.118741E-07   0.799666E-08
   0.444000E+04  -0.468366E-08  -0.119330E-07   0.624131E-08
   0.444100E+04  -0.451931E-08  -0.107604E-07   0.383088E-08
   0.444200E+04  -0.391950E-08  -0.848221E-08   0.989615E-09
   0.444300E+04  -0.294204E-08  -0.533774E-08  -0.201315E-08
   0.444400E+04  -0.168252E-08  -0.165466E-08  -0.488980E-08
   0.444500E+04  -0.264696E-09   0.218446E-08  -0.736322E-08
   0.444600E+04   0.117193E-08   0.578130E-08  -0.919448E-08
   0.444700E+04   0.248616E-08   0.876254E-08  -0.102069E-07
   0.444800E+04   0.354929E-08   0.108181E-07  -0.103039E-07
   0.444900E+04   0.425801E-08   0.117330E-07  -0.947867E-08
   0.445000E+04   0.454468E-08   0.114090E-07  -0.781484E-08
   0.445100E+04   0.438403E-08   0.987539E-08  -0.547833E-08
   0.445200E+04   0.379555E-08   0.728540E-08  -0.270058E-08
   0.445300E+04   0.284131E-08   0.390117E-08   0.244631E-09
   0.445400E+04   0.161952E-08   0.668745E-10   0.306867E-08
   0.445500E+04   0.254441E-09  -0.382628E-08   0.549695E-08
   0.445600E+04  -0.111632E-08  -0.737994E-08   0.729639E-08
   0.445700E+04  -0.235581E-08  -0.102292E-07   0.829868E-08
   0.445800E+04  -0.334159E-08  -0.120800E-07   0.841687E-08
   0.445900E+04  -0.397810E-08  -0.127388E-07   0.765380E-08
   0.446000E+04  -0.420619E-08  -0.121331E-07   0.610132E-08
   0.446100E+04  -0.400893E-08  -0.103182E-07   0.393061E-08
   0.446200E+04  -0.341309E-08  -0.747259E-08   0.137438E-08
   0.446300E+04  -0.248610E-08  -0.387919E-08  -0.129705E-08
   0.446400E+04  -0.132891E-08   0.102762E-09  -0.380348E-08
   0.446500E+04  -0.654342E-10   0.407428E-08  -0.588343E-08
   0.446600E+04   0.117038E-08   0.763706E-08  -0.732086E-08
   0.446700E+04   0.224838E-08   0.104339E-07  -0.796703E-08
   0.446800E+04   0.305569E-08   0.121848E-07  -0.775563E-08
   0.446900E+04   0.350836E-08   0.127157E-07  -0.670933E-08
   0.447000E+04   0.355993E-08   0.119757E-07  -0.493725E-08
   0.447100E+04   0.320625E-08   0.100427E-07  -0.262360E-08
   0.447200E+04   0.248579E-08   0.711494E-08  -0.867630E-11
   0.447300E+04   0.147566E-08   0.349132E-08   0.263593E-08
   0.447400E+04   0.283528E-09  -0.459167E-09   0.503527E-08
   0.447500E+04  -0.963513E-09  -0.433487E-08   0.693929E-08
   0.447600E+04  -0.213218E-08  -0.774222E-08   0.814858E-08
   0.447700E+04  -0.309683E-08  -0.103356E-07   0.853493E-08
   0.447800E+04  -0.375254E-08  -0.118526E-07   0.805454E-08
   0.447900E+04  -0.402609E-08  -0.121402E-07   0.675264E-08
   0.448000E+04  -0.388364E-08  -0.111705E-07   0.475904E-08
   0.448100E+04  -0.333444E-08  -0.904341E-08   0.227495E-08
   0.448200E+04  -0.243002E-08  -0.597625E-08  -0.447496E-09
   0.448300E+04  -0.125910E-08  -0.228168E-08  -0.313089E-08
   0.448400E+04   0.614241E-10   0.166421E-08  -0.550089E-08
   0.448500E+04   0.139831E-08   0.546014E-08  -0.731422E-08
   0.448600E+04   0.261564E-08   0.872046E-08  -0.838356E-08
   0.448700E+04   0.358874E-08   0.111143E-07  -0.859678E-08
   0.448800E+04   0.421705E-08   0.123991E-07  -0.792849E-08
   0.448900E+04   0.443448E-08   0.124452E-07  -0.644278E-08
   0.449000E+04   0.421638E-08   0.112489E-07  -0.428691E-08
   0.449100E+04   0.358225E-08   0.893254E-08  -0.167644E-08
   0.449200E+04   0.259395E-08   0.573203E-08   0.112653E-08
   0.449300E+04   0.134955E-08   0.197262E-08   0.383989E-08
   0.449400E+04  -0.264529E-10  -0.196432E-08   0.619010E-08
   0.449500E+04  -0.139572E-08  -0.568019E-08   0.793992E-08
   0.449600E+04  -0.262009E-08  -0.879978E-08   0.891247E-08
   0.449700E+04  -0.357559E-08  -0.110094E-07   0.900913E-08
   0.449800E+04  -0.416507E-08  -0.120890E-07   0.821958E-08
   0.449900E+04  -0.432816E-08  -0.119339E-07   0.662277E-08
   0.450000E+04  -0.404750E-08  -0.105659E-07   0.437895E-08
   0.450100E+04  -0.335059E-08  -0.813079E-08   0.171338E-08
   0.450200E+04  -0.230715E-08  -0.488287E-08  -0.110650E-08
   0.450300E+04  -0.102213E-08  -0.115930E-08  -0.379820E-08
   0.450400E+04   0.374830E-09   0.265461E-08  -0.609274E-08
   0.450500E+04   0.174248E-08   0.616483E-08  -0.776188E-08
   0.450600E+04   0.294226E-08   0.900890E-08  -0.864109E-08
   0.450700E+04   0.385230E-08   0.108930E-07  -0.864614E-08
   0.450800E+04   0.437984E-08   0.116220E-07  -0.778136E-08
   0.450900E+04   0.447062E-08   0.111194E-07  -0.613899E-08
   0.451000E+04   0.411443E-08   0.943527E-08  -0.388959E-08
   0.451100E+04   0.334624E-08   0.674091E-08  -0.126445E-08
   0.451200E+04   0.224268E-08   0.331177E-08   0.146809E-08
   0.451300E+04   0.914360E-09  -0.500887E-09   0.403006E-08
   0.451400E+04  -0.505303E-09  -0.430573E-08   0.616221E-08
   0.451500E+04  -0.187353E-08  -0.771129E-08   0.765034E-08
   0.451600E+04  -0.305263E-08  -0.103659E-07   0.834705E-08
   0.451700E+04  -0.392391E-08  -0.119938E-07   0.818654E-08
   0.451800E+04  -0.439968E-08  -0.124229E-07   0.719114E-08
   0.451900E+04  -0.443212E-08  -0.116029E-07   0.546871E-08
   0.452000E+04  -0.401814E-08  -0.961032E-08   0.320139E-08
   0.452100E+04  -0.319965E-08  -0.664083E-08   0.626708E-09
   0.452200E+04  -0.205937E-08  -0.298954E-08  -0.198689E-08
   0.452300E+04  -0.712415E-09   0.978948E-09  -0.436771E-08
   0.452400E+04   0.705356E-09   0.486749E-08  -0.626869E-08
   0.452500E+04   0.205106E-08   0.828669E-08  -0.749280E-08
   0.452600E+04   0.318926E-08   0.108944E-07  -0.791318E-08
   0.452700E+04   0.400567E-08   0.124306E-07  -0.748615E-08
   0.452800E+04   0.441866E-08   0.127433E-07  -0.625562E-08
   0.452900E+04   0.438755E-08   0.118043E-07  -0.434849E-08
   0.453000E+04   0.391660E-08   0.971183E-08  -0.196155E-08
   0.453100E+04   0.305460E-08   0.668058E-08   0.658804E-09
   0.453200E+04   0.188984E-08   0.301958E-08   0.324195E-08
   0.453300E+04   0.541117E-09  -0.899078E-09   0.552090E-08
   0.453400E+04  -0.854338E-09  -0.467815E-08   0.725985E-08
   0.453500E+04  -0.215480E-08  -0.793559E-08   0.827844E-08
   0.453600E+04  -0.322841E-08  -0.103433E-07   0.847041E-08
   0.453700E+04  -0.396659E-08  -0.116605E-07   0.781462E-08
   0.453800E+04  -0.429496E-08  -0.117578E-07   0.637734E-08
   0.453900E+04  -0.418089E-08  -0.106303E-07   0.430555E-08
   0.454000E+04  -0.363673E-08  -0.839801E-08   0.181193E-08
   0.454100E+04  -0.271854E-08  -0.529311E-08  -0.846910E-09
   0.454200E+04  -0.152028E-08  -0.163624E-08  -0.339677E-08
   0.454300E+04  -0.164267E-09   0.219635E-08  -0.557401E-08
   0.454400E+04   0.121129E-08   0.581131E-08  -0.715278E-08
   0.454500E+04   0.246636E-08   0.883830E-08  -0.796826E-08
   0.454600E+04   0.347333E-08   0.109678E-07  -0.793389E-08
   0.454700E+04   0.412989E-08   0.119826E-07  -0.705045E-08
   0.454800E+04   0.436947E-08   0.117799E-07  -0.540633E-08
   0.454900E+04   0.416789E-08   0.103815E-07  -0.316874E-08
   0.455000E+04   0.354577E-08   0.793156E-08  -0.566898E-09
   0.455100E+04   0.256637E-08   0.468165E-08   0.213121E-08
   0.455200E+04   0.132907E-08   0.964871E-09   0.464610E-08
   0.455300E+04  -0.407715E-10  -0.283830E-08   0.671529E-08
   0.455400E+04  -0.140466E-08  -0.633902E-08   0.812013E-08
   0.455500E+04  -0.262503E-08  -0.917995E-08   0.870830E-08
   0.455600E+04  -0.357931E-08  -0.110718E-07   0.840950E-08
   0.455700E+04  -0.417233E-08  -0.118230E-07   0.724295E-08
   0.455800E+04  -0.434599E-08  -0.113592E-07   0.531564E-08
   0.455900E+04  -0.408514E-08  -0.973112E-08   0.281180E-08
   0.456000E+04  -0.341901E-08  -0.710913E-08  -0.255951E-10
   0.456100E+04  -0.241820E-08  -0.376595E-08  -0.291932E-08
   0.456200E+04  -0.118736E-08  -0.487132E-10  -0.558591E-08
   0.456300E+04   0.145500E-09   0.365656E-08  -0.776428E-08
   0.456400E+04   0.144217E-08   0.696452E-08  -0.924226E-08
   0.456500E+04   0.256836E-08   0.952993E-08  -0.987801E-08
   0.456600E+04   0.340746E-08   0.110832E-07  -0.961445E-08
   0.456700E+04   0.387245E-08   0.114578E-07  -0.848501E-08
   0.456800E+04   0.391479E-08   0.106081E-07  -0.661026E-08
   0.456900E+04   0.352940E-08   0.861338E-08  -0.418559E-08
   0.457000E+04   0.275516E-08   0.567070E-08  -0.146138E-08
   0.457100E+04   0.167098E-08   0.207456E-08   0.128250E-08
   0.457200E+04   0.387694E-09  -0.181281E-08   0.376516E-08
   0.457300E+04  -0.963230E-09  -0.559837E-08   0.573329E-08
   0.457400E+04  -0.224312E-08  -0.889821E-08   0.698692E-08
   0.457500E+04  -0.332026E-08  -0.113767E-07   0.739984E-08
   0.457600E+04  -0.408338E-08  -0.127807E-07   0.693241E-08
   0.457700E+04  -0.445297E-08  -0.129655E-07   0.563561E-08
   0.457800E+04  -0.438949E-08  -0.119095E-07   0.364590E-08
   0.457900E+04  -0.389737E-08  -0.971672E-08   0.117125E-08
   0.458000E+04  -0.302464E-08  -0.660621E-08  -0.152999E-08
   0.458100E+04  -0.185805E-08  -0.288983E-08  -0.417547E-08
   0.458200E+04  -0.514218E-09   0.105929E-08  -0.648765E-08
   0.458300E+04   0.872171E-09   0.484475E-08  -0.822212E-08
   0.458400E+04   0.216212E-08   0.808709E-08  -0.919263E-08
   0.458500E+04   0.322645E-08   0.104624E-07  -0.929013E-08
   0.458600E+04   0.395896E-08   0.117352E-07  -0.849406E-08
   0.458700E+04   0.428726E-08   0.117823E-07  -0.687458E-08
   0.458800E+04   0.418010E-08   0.106056E-07  -0.458558E-08
   0.458900E+04   0.365063E-08   0.833137E-08  -0.184919E-08
   0.459000E+04   0.275499E-08   0.519767E-08   0.106674E-08
   0.459100E+04   0.158664E-08   0.152999E-08   0.387571E-08
   0.459200E+04   0.266815E-09  -0.229201E-08   0.630165E-08
   0.459300E+04  -0.106781E-08  -0.587318E-08   0.810694E-08
   0.459400E+04  -0.227904E-08  -0.884318E-08   0.911652E-08
   0.459500E+04  -0.324128E-08  -0.108943E-07   0.923566E-08
   0.459600E+04  -0.385430E-08  -0.118128E-07   0.845958E-08
   0.459700E+04  -0.405347E-08  -0.115007E-07   0.687391E-08
   0.459800E+04  -0.381638E-08  -0.998599E-08   0.464601E-08
   0.459900E+04  -0.316514E-08  -0.741956E-08   0.200793E-08
   0.460000E+04  -0.216414E-08  -0.406002E-08  -0.767159E-09
   0.460100E+04  -0.913531E-09  -0.247295E-09  -0.339277E-08
   0.460200E+04   0.460935E-09   0.363197E-08  -0.559820E-08
   0.460300E+04   0.182069E-08   0.718385E-08  -0.715604E-08
   0.460400E+04   0.302841E-08   0.100473E-07  -0.790530E-08
   0.460500E+04   0.396199E-08   0.119309E-07  -0.776773E-08
   0.460600E+04   0.452696E-08   0.126428E-07  -0.675577E-08
   0.460700E+04   0.466601E-08   0.121100E-07  -0.497124E-08
   0.460800E+04   0.436488E-08   0.103864E-07  -0.259491E-08
   0.460900E+04   0.365377E-08   0.764682E-08   0.131881E-09
   0.461000E+04   0.260422E-08   0.416948E-08   0.293189E-08
   0.461100E+04   0.132188E-08   0.307847E-09   0.552015E-08
   0.461200E+04  -0.643000E-10  -0.354548E-08   0.763306E-08
   0.461300E+04  -0.141513E-08  -0.699868E-08   0.905517E-08
   0.461400E+04  -0.259537E-08  -0.970060E-08   0.964115E-08
   0.461500E+04  -0.348744E-08  -0.113766E-07   0.933058E-08
   0.461600E+04  -0.400334E-08  -0.118563E-07   0.815405E-08
   0.461700E+04  -0.409360E-08  -0.110915E-07   0.623003E-08
   0.461800E+04  -0.375218E-08  -0.916056E-08   0.375277E-08
   0.461900E+04  -0.301709E-08  -0.626072E-08   0.972451E-09
   0.462000E+04  -0.196641E-08  -0.268814E-08  -0.183034E-08
   0.462100E+04  -0.710278E-09   0.119227E-08  -0.437324E-08
   0.462200E+04   0.620393E-09   0.498401E-08  -0.640092E-08
   0.462300E+04   0.188730E-08   0.829927E-08  -0.771117E-08
   0.462400E+04   0.295889E-08   0.107984E-07  -0.817551E-08
   0.462500E+04   0.372379E-08   0.122246E-07  -0.775233E-08
   0.462600E+04   0.410218E-08   0.124299E-07  -0.649117E-08
   0.462700E+04   0.405394E-08   0.113903E-07  -0.452762E-08
   0.462800E+04   0.358271E-08   0.920826E-08  -0.206956E-08
   0.462900E+04   0.273555E-08   0.610235E-08   0.624096E-09
   0.463000E+04   0.159809E-08   0.238489E-08   0.326984E-08
   0.463100E+04   0.285782E-09  -0.156970E-08   0.558853E-08
   0.463200E+04  -0.106788E-08  -0.536306E-08   0.733396E-08
   0.463300E+04  -0.232501E-08  -0.861338E-08   0.831806E-08
   0.463400E+04  -0.335743E-08  -0.109942E-07   0.843024E-08
   0.463500E+04  -0.405971E-08  -0.122679E-07   0.764886E-08
   0.463600E+04  -0.436001E-08  -0.123092E-07   0.604354E-08
   0.463700E+04  -0.422737E-08  -0.111187E-07   0.376837E-08
   0.463800E+04  -0.367491E-08  -0.882214E-08   0.104634E-08
   0.463900E+04  -0.275849E-08  -0.565790E-08  -0.185320E-08
   0.464000E+04  -0.157102E-08  -0.195248E-08  -0.464175E-08
   0.464100E+04  -0.232992E-09   0.191275E-08  -0.704098E-08
   0.464200E+04   0.111982E-08   0.554044E-08  -0.881089E-08
   0.464300E+04   0.235021E-08   0.855783E-08  -0.977423E-08
   0.464400E+04   0.333354E-08   0.106548E-07  -0.983445E-08
   0.464500E+04   0.397046E-08   0.116156E-07  -0.898553E-08
   0.464600E+04   0.419707E-08   0.113409E-07  -0.731258E-08
   0.464700E+04   0.399144E-08   0.985767E-08  -0.498319E-08
   0.464800E+04   0.337587E-08   0.731723E-08  -0.223043E-08
   0.464900E+04   0.241462E-08   0.397927E-08   0.670827E-09
   0.465000E+04   0.120736E-08   0.185744E-09   0.343185E-08
   0.465100E+04  -0.121000E-09  -0.367398E-08   0.577930E-08
   0.465200E+04  -0.143304E-08  -0.720274E-08   0.748304E-08
   0.465300E+04  -0.259289E-08  -0.100361E-07   0.837937E-08
   0.465400E+04  -0.348010E-08  -0.118795E-07   0.838768E-08
   0.465500E+04  -0.400201E-08  -0.125382E-07   0.751842E-08
   0.465600E+04  -0.410318E-08  -0.119378E-07   0.587199E-08
   0.465700E+04  -0.377119E-08  -0.101310E-07   0.362835E-08
   0.465800E+04  -0.303793E-08  -0.729346E-08   0.102849E-08
   0.465900E+04  -0.197642E-08  -0.370540E-08  -0.165019E-08
   0.466000E+04  -0.693493E-09   0.276449E-09  -0.412235E-08
   0.466100E+04   0.681101E-09   0.425498E-08  -0.612393E-08
   0.466200E+04   0.200781E-08   0.783301E-08  -0.743923E-08
   0.466300E+04   0.315147E-08   0.106535E-07  -0.792303E-08
   0.466400E+04   0.399506E-08   0.124357E-07  -0.751562E-08
   0.466500E+04   0.445163E-08   0.130038E-07  -0.624900E-08
   0.466600E+04   0.447312E-08   0.123044E-07  -0.424384E-08
   0.466700E+04   0.405536E-08   0.104124E-07  -0.169734E-08
   0.466800E+04   0.323847E-08   0.752278E-08   0.113672E-08
   0.466900E+04   0.210287E-08   0.393117E-08   0.397370E-08
   0.467000E+04   0.761158E-09   0.360558E-11   0.652700E-08
   0.467100E+04  -0.653267E-09  -0.386062E-08   0.853718E-08
   0.467200E+04  -0.199973E-08  -0.726953E-08   0.979839E-08
   0.467300E+04  -0.314449E-08  -0.987829E-08   0.101793E-07
   0.467400E+04  -0.397427E-08  -0.114242E-07   0.963670E-08
   0.467500E+04  -0.440773E-08  -0.117533E-07   0.821971E-08
   0.467600E+04  -0.440365E-08  -0.108362E-07   0.606523E-08
   0.467700E+04  -0.396503E-08  -0.877039E-08   0.338399E-08
   0.467800E+04  -0.313880E-08  -0.577095E-08   0.439359E-09
   0.467900E+04  -0.201091E-08  -0.214810E-08  -0.247924E-08
   0.468000E+04  -0.697606E-09   0.172426E-08  -0.508556E-08
   0.468100E+04   0.666437E-09   0.544674E-08  -0.712544E-08
   0.468200E+04   0.194182E-08   0.863510E-08  -0.840240E-08
   0.468300E+04   0.299861E-08   0.109595E-07  -0.879741E-08
   0.468400E+04   0.372949E-08   0.121780E-07  -0.828080E-08
   0.468500E+04   0.406069E-08   0.121615E-07  -0.691502E-08
   0.468600E+04   0.395938E-08   0.109067E-07  -0.484817E-08
   0.468700E+04   0.343698E-08   0.853645E-08  -0.229872E-08
   0.468800E+04   0.254789E-08   0.528778E-08   0.466794E-09
   0.468900E+04   0.138391E-08   0.148742E-08   0.316101E-08
   0.469000E+04   0.647562E-10  -0.248116E-08   0.550498E-08
   0.469100E+04  -0.127414E-08  -0.621670E-08   0.725655E-08
   0.469200E+04  -0.249552E-08  -0.934092E-08   0.823497E-08
   0.469300E+04  -0.347431E-08  -0.115369E-07   0.833916E-08
   0.469400E+04  -0.411042E-08  -0.125813E-07   0.755787E-08
   0.469500E+04  -0.433891E-08  -0.123670E-07   0.597070E-08
   0.469600E+04  -0.413664E-08  -0.109140E-07   0.373974E-08
   0.469700E+04  -0.352463E-08  -0.836763E-08   0.109295E-08
   0.469800E+04  -0.256586E-08  -0.498337E-08  -0.169930E-08
   0.469900E+04  -0.135885E-08  -0.110132E-08  -0.435189E-08
   0.470000E+04  -0.276112E-10   0.288840E-08  -0.659421E-08
   0.470100E+04   0.129108E-08   0.658520E-08  -0.819782E-08
   0.470200E+04   0.246161E-08   0.961860E-08  -0.899987E-08
   0.470300E+04   0.336340E-08   0.116857E-07  -0.891972E-08
   0.470400E+04   0.390323E-08   0.125818E-07  -0.796731E-08
   0.470500E+04   0.402475E-08   0.122210E-07  -0.624208E-08
   0.470600E+04   0.371427E-08   0.106448E-07  -0.392294E-08
   0.470700E+04   0.300217E-08   0.801770E-08  -0.124998E-08
   0.470800E+04   0.195982E-08   0.461033E-08   0.150003E-08
   0.470900E+04   0.692367E-09   0.771743E-09   0.404184E-08
   0.471000E+04  -0.672029E-09  -0.310608E-08   0.611089E-08
   0.471100E+04  -0.199516E-08  -0.662813E-08   0.749037E-08
   0.471200E+04  -0.314289E-08  -0.943655E-08   0.803335E-08
   0.471300E+04  -0.399872E-08  -0.112470E-07   0.767793E-08
   0.471400E+04  -0.447573E-08  -0.118774E-07   0.645364E-08
   0.471500E+04  -0.452531E-08  -0.112666E-07   0.447862E-08
   0.471600E+04  -0.414213E-08  -0.948007E-08   0.194772E-08
   0.471700E+04  -0.336464E-08  -0.670357E-08  -0.887178E-09
   0.471800E+04  -0.227112E-08  -0.322396E-08  -0.374259E-08
   0.471900E+04  -0.971667E-09   0.600026E-09  -0.633213E-08
   0.472000E+04   0.403032E-09   0.437425E-08  -0.839550E-08
   0.472100E+04   0.171504E-08   0.770925E-08  -0.972472E-08
   0.472200E+04   0.283320E-08   0.102598E-07  -0.101852E-07
   0.472300E+04   0.364653E-08   0.117601E-07  -0.972916E-08
   0.472400E+04   0.407544E-08   0.120505E-07  -0.840040E-08
   0.472500E+04   0.407986E-08   0.110937E-07  -0.632964E-08
   0.472600E+04   0.366319E-08   0.897869E-08  -0.372111E-08
   0.472700E+04   0.287194E-08   0.591146E-08  -0.831664E-09
   0.472800E+04   0.179086E-08   0.219418E-08   0.205534E-08
   0.472900E+04   0.534227E-09  -0.180548E-08   0.465889E-08
   0.473000E+04  -0.765917E-09  -0.569148E-08   0.672878E-08
   0.473100E+04  -0.197331E-08  -0.907951E-08   0.807088E-08
   0.473200E+04  -0.296147E-08  -0.116356E-07   0.856667E-08
   0.473300E+04  -0.362665E-08  -0.131098E-07   0.818489E-08
   0.473400E+04  -0.389849E-08  -0.133609E-07   0.698441E-08
   0.473500E+04  -0.374728E-08  -0.123705E-07   0.510768E-08
   0.473600E+04  -0.318697E-08  -0.102441E-07   0.276579E-08
   0.473700E+04  -0.227380E-08  -0.719995E-08   0.216431E-09
   0.473800E+04  -0.110055E-08  -0.354663E-08  -0.226281E-08
   0.473900E+04   0.212919E-09   0.348931E-09  -0.440322E-08
   0.474000E+04   0.153197E-08   0.409885E-08  -0.597277E-08
   0.474100E+04   0.272093E-08   0.733374E-08  -0.680004E-08
   0.474200E+04   0.365701E-08   0.974010E-08  -0.679202E-08
   0.474300E+04   0.424293E-08   0.110919E-07  -0.594372E-08
   0.474400E+04   0.441687E-08   0.112728E-07  -0.433876E-08
   0.474500E+04   0.415889E-08   0.102878E-07  -0.214084E-08
   0.474600E+04   0.349308E-08   0.826102E-08   0.423062E-09
   0.474700E+04   0.248513E-08   0.542305E-08   0.308603E-08
   0.474800E+04   0.123576E-08   0.208586E-08   0.556868E-08
   0.474900E+04  -0.129517E-09  -0.138965E-08   0.760794E-08
   0.475000E+04  -0.147310E-08  -0.463137E-08   0.898428E-08
   0.475100E+04  -0.265930E-08  -0.729456E-08   0.954441E-08
   0.475200E+04  -0.356814E-08  -0.909762E-08   0.921735E-08
   0.475300E+04  -0.410755E-08  -0.985117E-08   0.802198E-08
   0.475400E+04  -0.422274E-08  -0.947748E-08   0.606549E-08
   0.475500E+04  -0.390177E-08  -0.801840E-08   0.353274E-08
   0.475600E+04  -0.317677E-08  -0.563081E-08   0.667626E-09
   0.475700E+04  -0.212068E-08  -0.257017E-08  -0.225156E-08
   0.475800E+04  -0.839819E-09   0.836143E-09  -0.494042E-08
   0.475900E+04   0.536945E-09   0.422296E-08  -0.713730E-08
   0.476000E+04   0.187130E-08   0.722541E-08  -0.863001E-08
   0.476100E+04   0.302956E-08   0.951702E-08  -0.927739E-08
   0.476200E+04   0.389624E-08   0.108439E-07  -0.902373E-08
   0.476300E+04   0.438580E-08   0.110514E-07  -0.790450E-08
   0.476400E+04   0.445130E-08   0.101009E-07  -0.604272E-08
   0.476500E+04   0.408910E-08   0.807381E-08  -0.363639E-08
   0.476600E+04   0.333915E-08   0.516451E-08  -0.938292E-09
   0.476700E+04   0.228084E-08   0.166026E-08   0.176985E-08
   0.476800E+04   0.102480E-08  -0.208771E-08   0.420626E-08
   0.476900E+04  -0.298518E-09  -0.570004E-08   0.611791E-08
   0.477000E+04  -0.155219E-08  -0.880815E-08   0.730655E-08
   0.477100E+04  -0.260691E-08  -0.110921E-07   0.764910E-08
   0.477200E+04  -0.335431E-08  -0.123136E-07   0.711038E-08
   0.477300E+04  -0.371802E-08  -0.123409E-07   0.574689E-08
   0.477400E+04  -0.366157E-08  -0.111625E-07   0.370120E-08
   0.477500E+04  -0.319214E-08  -0.888919E-08   0.118755E-08
   0.477600E+04  -0.235983E-08  -0.574297E-08  -0.152999E-08
   0.477700E+04  -0.125255E-08  -0.203493E-08  -0.416439E-08
   0.477800E+04   0.129694E-10   0.186613E-08  -0.643503E-08
   0.477900E+04   0.130318E-08   0.557102E-08  -0.809651E-08
   0.478000E+04   0.248140E-08   0.870971E-08  -0.896386E-08
   0.478100E+04   0.342191E-08   0.109690E-07  -0.893170E-08
   0.478200E+04   0.402288E-08   0.121244E-07  -0.798537E-08
   0.478300E+04   0.421689E-08   0.120633E-07  -0.620277E-08
   0.478400E+04   0.397801E-08   0.107964E-07  -0.374689E-08
   0.478500E+04   0.332455E-08   0.845694E-08  -0.849582E-09
   0.478600E+04   0.231735E-08   0.528717E-08   0.221169E-08
   0.478700E+04   0.105368E-08   0.161396E-08   0.514171E-08
   0.478800E+04  -0.342527E-09  -0.218450E-08   0.765734E-08
   0.478900E+04  -0.173330E-08  -0.571710E-08   0.951604E-08
   0.479000E+04  -0.298061E-08  -0.861969E-08   0.105404E-07
   0.479100E+04  -0.396045E-08  -0.105922E-07   0.106362E-07
   0.479200E+04  -0.457549E-08  -0.114295E-07   0.980163E-08
   0.479300E+04  -0.476501E-08  -0.110422E-07   0.812771E-08
   0.479400E+04  -0.451118E-08  -0.946601E-08   0.578886E-08
   0.479500E+04  -0.384093E-08  -0.685849E-08   0.302522E-08
   0.479600E+04  -0.282327E-08  -0.348303E-08   0.118161E-09
   0.479700E+04  -0.156235E-08   0.317732E-09  -0.263830E-08
   0.479800E+04  -0.186863E-09   0.415666E-08  -0.496745E-08
   0.479900E+04   0.116297E-08   0.764144E-08  -0.663803E-08
   0.480000E+04   0.234969E-08   0.104145E-07  -0.748779E-08
   0.480100E+04   0.325257E-08   0.121893E-07  -0.744002E-08
   0.480200E+04   0.377994E-08   0.127798E-07  -0.651138E-08
   0.480300E+04   0.387853E-08   0.121192E-07  -0.481020E-08
   0.480400E+04   0.353890E-08   0.102670E-07  -0.252546E-08
   0.480500E+04   0.279648E-08   0.740313E-08   0.924467E-10
   0.480600E+04   0.172793E-08   0.380981E-08   0.275731E-08
   0.480700E+04   0.443403E-09  -0.157188E-09   0.517631E-08
   0.480800E+04  -0.924676E-09  -0.410442E-08   0.707997E-08
   0.480900E+04  -0.223511E-08  -0.764074E-08   0.824980E-08
   0.481000E+04  -0.335231E-08  -0.104169E-07   0.854079E-08
   0.481100E+04  -0.416015E-08  -0.121611E-07   0.789648E-08
   0.481200E+04  -0.457378E-08  -0.127063E-07   0.635508E-08
   0.481300E+04  -0.454841E-08  -0.120072E-07   0.404600E-08
   0.481400E+04  -0.408380E-08  -0.101448E-07   0.117712E-08
   0.481500E+04  -0.322444E-08  -0.731779E-08  -0.198590E-08
   0.481600E+04  -0.205500E-08  -0.382249E-08  -0.514612E-08
   0.481700E+04  -0.691759E-09  -0.221658E-10  -0.800509E-08
   0.481800E+04   0.729235E-09   0.368988E-08  -0.102927E-07
   0.481900E+04   0.206600E-08   0.693055E-08  -0.117941E-07
   0.482000E+04   0.318510E-08   0.936615E-08  -0.123714E-07
   0.482100E+04   0.397528E-08   0.107464E-07  -0.119769E-07
   0.482200E+04   0.435884E-08   0.109302E-07  -0.106579E-07
   0.482300E+04   0.429960E-08   0.989984E-08  -0.855145E-08
   0.482400E+04   0.380664E-08   0.776305E-08  -0.587021E-08
   0.482500E+04   0.293345E-08   0.474190E-08  -0.288066E-08
   0.482600E+04   0.177252E-08   0.115022E-08   0.124079E-09
   0.482700E+04   0.445931E-09  -0.263853E-08   0.285405E-08
   0.482800E+04  -0.907009E-09  -0.622941E-08   0.505184E-08
   0.482900E+04  -0.214402E-08  -0.924641E-08   0.651855E-08
   0.483000E+04  -0.313437E-08  -0.113710E-07   0.713371E-08
   0.483100E+04  -0.377225E-08  -0.123747E-07   0.686714E-08
   0.483200E+04  -0.398766E-08  -0.121430E-07   0.578152E-08
   0.483300E+04  -0.375368E-08  -0.106866E-07   0.402539E-08
   0.483400E+04  -0.308935E-08  -0.814152E-08   0.181742E-08
   0.483500E+04  -0.205789E-08  -0.475461E-08  -0.576620E-09
   0.483600E+04  -0.760422E-09  -0.859191E-09  -0.287160E-08
   0.483700E+04   0.674115E-09   0.315894E-08  -0.479287E-08
   0.483800E+04   0.210199E-08   0.690062E-08  -0.610501E-08
   0.483900E+04   0.337914E-08   0.999388E-08  -0.663655E-08
   0.484000E+04   0.437578E-08   0.121318E-07  -0.629815E-08
   0.484100E+04   0.498946E-08   0.131038E-07  -0.509239E-08
   0.484200E+04   0.515552E-08   0.128170E-07  -0.311412E-08
   0.484300E+04   0.485367E-08   0.113058E-07  -0.541300E-09
   0.484400E+04   0.411003E-08   0.872857E-08   0.238266E-08
   0.484500E+04   0.299461E-08   0.535126E-08   0.537343E-08
   0.484600E+04   0.161424E-08   0.152060E-08   0.813447E-08
   0.484700E+04   0.101858E-09  -0.237127E-08   0.103872E-07
   0.484800E+04  -0.139689E-08  -0.592677E-08   0.118994E-07
   0.484900E+04  -0.273829E-08  -0.878338E-08   0.125091E-07
   0.485000E+04  -0.379498E-08  -0.106506E-07   0.121411E-07
   0.485100E+04  -0.446875E-08  -0.113398E-07   0.108156E-07
   0.485200E+04  -0.470033E-08  -0.107832E-07   0.864598E-08
   0.485300E+04  -0.447522E-08  -0.904118E-08   0.582806E-08
   0.485400E+04  -0.382500E-08  -0.629618E-08   0.262086E-08
   0.485500E+04  -0.282392E-08  -0.283406E-08  -0.679267E-09
   0.485600E+04  -0.158122E-08   0.984804E-09  -0.376818E-08
   0.485700E+04  -0.229835E-09   0.476231E-08  -0.636427E-08
   0.485800E+04   0.108723E-08   0.810317E-08  -0.823653E-08
   0.485900E+04   0.223156E-08   0.106553E-07  -0.922751E-08
   0.486000E+04   0.308347E-08   0.121456E-07  -0.926886E-08
   0.486100E+04   0.355425E-08   0.124086E-07  -0.838782E-08
   0.486200E+04   0.359519E-08   0.114026E-07  -0.670408E-08
   0.486300E+04   0.320258E-08   0.921499E-08  -0.441724E-08
   0.486400E+04   0.241800E-08   0.605342E-08  -0.178628E-08
   0.486500E+04   0.132405E-08   0.222486E-08   0.897030E-09
   0.486600E+04   0.358893E-10  -0.189524E-08   0.333794E-08
   0.486700E+04  -0.131060E-08  -0.590085E-08   0.526884E-08
   0.486800E+04  -0.257274E-08  -0.939644E-08   0.647650E-08
   0.486900E+04  -0.361572E-08  -0.120370E-07   0.682383E-08
   0.487000E+04  -0.432646E-08  -0.135629E-07   0.626380E-08
   0.487100E+04  -0.462521E-08  -0.138263E-07   0.484423E-08
   0.487200E+04  -0.447385E-08  -0.128058E-07   0.270287E-08
   0.487300E+04  -0.387992E-08  -0.106088E-07   0.533674E-10
   0.487400E+04  -0.289594E-08  -0.746038E-08  -0.283649E-08
   0.487500E+04  -0.161423E-08  -0.368036E-08  -0.567201E-08
   0.487600E+04  -0.157615E-09   0.349170E-09  -0.816159E-08
   0.487700E+04   0.133298E-08   0.422277E-08  -0.100464E-07
   0.487800E+04   0.271275E-08   0.755279E-08  -0.111265E-07
   0.487900E+04   0.384771E-08   0.100088E-07  -0.112814E-07
   0.488000E+04   0.462822E-08   0.113510E-07  -0.104820E-07
   0.488100E+04   0.498013E-08   0.114547E-07  -0.879379E-08
   0.488200E+04   0.487224E-08   0.103226E-07  -0.636989E-08
   0.488300E+04   0.431946E-08   0.808438E-08  -0.343566E-08
   0.488400E+04   0.338123E-08   0.498346E-08  -0.265761E-09
   0.488500E+04   0.215547E-08   0.135178E-08   0.284360E-08
   0.488600E+04   0.768579E-09  -0.242414E-08   0.560466E-08
   0.488700E+04  -0.637489E-09  -0.594289E-08   0.776703E-08
   0.488800E+04  -0.191965E-08  -0.882931E-08   0.914282E-08
   0.488900E+04  -0.294829E-08  -0.107730E-07   0.962529E-08
   0.489000E+04  -0.362046E-08  -0.115602E-07   0.919908E-08
   0.489100E+04  -0.387039E-08  -0.110959E-07   0.794118E-08
   0.489200E+04  -0.367613E-08  -0.941393E-08   0.601238E-08
   0.489300E+04  -0.306179E-08  -0.667357E-08   0.364010E-08
   0.489400E+04  -0.209507E-08  -0.314380E-08   0.109453E-08
   0.489500E+04  -0.880300E-09   0.823950E-09  -0.133968E-08
   0.489600E+04   0.452250E-09   0.483135E-08  -0.339310E-08
   0.489700E+04   0.175969E-08   0.847361E-08  -0.483963E-08
   0.489800E+04   0.290119E-08   0.113806E-07  -0.552006E-08
   0.489900E+04   0.375240E-08   0.132545E-07  -0.535878E-08
   0.490000E+04   0.421830E-08   0.139001E-07  -0.437177E-08
   0.490100E+04   0.424297E-08   0.132448E-07  -0.266513E-08
   0.490200E+04   0.381550E-08   0.113464E-07  -0.424308E-09
   0.490300E+04   0.297127E-08   0.838682E-08   0.210494E-08
   0.490400E+04   0.178853E-08   0.465432E-08   0.464193E-08
   0.490500E+04   0.380613E-09   0.514267E-09   0.690008E-08
   0.490600E+04  -0.111540E-08  -0.362778E-08   0.861673E-08
   0.490700E+04  -0.255246E-08  -0.736698E-08   0.958064E-08
   0.490800E+04  -0.378838E-08  -0.103401E-07   0.965439E-08
   0.490900E+04  -0.470012E-08  -0.122622E-07   0.878927E-08
   0.491000E+04  -0.519626E-08  -0.129551E-07   0.703126E-08
   0.491100E+04  -0.522615E-08  -0.123653E-07   0.451737E-08
   0.491200E+04  -0.478506E-08  -0.105690E-07   0.146268E-08
   0.491300E+04  -0.391461E-08  -0.776410E-08  -0.186050E-08
   0.491400E+04  -0.269854E-08  -0.424970E-08  -0.514951E-08
   0.491500E+04  -0.125429E-08  -0.395235E-09  -0.810124E-08
   0.491600E+04   0.278888E-09   0.339722E-08  -0.104422E-07
   0.491700E+04   0.175398E-08   0.673421E-08  -0.119559E-07
   0.491800E+04   0.303098E-08   0.927104E-08  -0.125041E-07
   0.491900E+04   0.399089E-08   0.107471E-07  -0.120405E-07
   0.492000E+04   0.454766E-08   0.110123E-07  -0.106157E-07
   0.492100E+04   0.465661E-08   0.100425E-07  -0.837126E-08
   0.492200E+04   0.431869E-08   0.794201E-08  -0.552579E-08
   0.492300E+04   0.358008E-08   0.493247E-08  -0.235277E-08
   0.492400E+04   0.252715E-08   0.133053E-08   0.846892E-09
   0.492500E+04   0.127738E-08  -0.248481E-08   0.377504E-08
   0.492600E+04  -0.329355E-10  -0.611105E-08   0.616594E-08
   0.492700E+04  -0.126282E-08  -0.916344E-08   0.781253E-08
   0.492800E+04  -0.228122E-08  -0.113146E-07   0.858663E-08
   0.492900E+04  -0.298056E-08  -0.123281E-07   0.845096E-08
   0.493000E+04  -0.328783E-08  -0.120832E-07   0.746188E-08
   0.493100E+04  -0.317212E-08  -0.105873E-07   0.576247E-08
   0.493200E+04  -0.264777E-08  -0.797571E-08   0.356681E-08
   0.493300E+04  -0.177294E-08  -0.449842E-08   0.113702E-08
   0.493400E+04  -0.643519E-09  -0.494892E-09  -0.124456E-08
   0.493500E+04   0.616775E-09   0.364007E-08  -0.330519E-08
   0.493600E+04   0.186922E-08   0.749615E-08  -0.481037E-08
   0.493700E+04   0.297448E-08   0.106890E-07  -0.558860E-08
   0.493800E+04   0.380716E-08   0.128993E-07  -0.554939E-08
   0.493900E+04   0.426890E-08   0.139047E-07  -0.469289E-08
   0.494000E+04   0.429876E-08   0.136027E-07  -0.311008E-08
   0.494100E+04   0.387989E-08   0.120211E-07  -0.973449E-09
   0.494200E+04   0.304155E-08   0.931461E-08   0.148090E-08
   0.494300E+04   0.185659E-08   0.575003E-08   0.397779E-08
   0.494400E+04   0.434353E-09   0.167866E-08   0.623180E-08
   0.494500E+04  -0.109014E-08  -0.249893E-08   0.797725E-08
   0.494600E+04  -0.256966E-08  -0.637342E-08   0.899645E-08
   0.494700E+04  -0.385954E-08  -0.956793E-08   0.914307E-08
   0.494800E+04  -0.483226E-08  -0.117759E-07   0.835849E-08
   0.494900E+04  -0.539033E-08  -0.127919E-07   0.667910E-08
   0.495000E+04  -0.547620E-08  -0.125317E-07   0.423406E-08
   0.495100E+04  -0.507818E-08  -0.110404E-07   0.123342E-08
   0.495200E+04  -0.423169E-08  -0.848712E-08  -0.205196E-08
   0.495300E+04  -0.301588E-08  -0.514737E-08  -0.531693E-08
   0.495400E+04  -0.154577E-08  -0.137414E-08  -0.825221E-08
   0.495500E+04   0.392018E-10   0.243840E-08  -0.105752E-07
   0.495600E+04   0.158902E-08   0.589546E-08  -0.120582E-07
   0.495700E+04   0.295804E-08   0.864216E-08  -0.125516E-07
   0.495800E+04   0.401949E-08   0.103999E-07  -0.119988E-07
   0.495900E+04   0.467791E-08   0.109947E-07  -0.104426E-07
   0.496000E+04   0.487858E-08   0.103748E-07  -0.802111E-08
   0.496100E+04   0.461266E-08   0.861583E-08  -0.495436E-08
   0.496200E+04   0.391776E-08   0.591262E-08  -0.152299E-08
   0.496300E+04   0.287381E-08   0.255877E-08   0.195945E-08
   0.496400E+04   0.159461E-08  -0.108379E-08   0.517728E-08
   0.496500E+04   0.216034E-09  -0.462242E-08   0.784354E-08
   0.496600E+04  -0.111799E-08  -0.767453E-08   0.972808E-08
   0.496700E+04  -0.227022E-08  -0.990734E-08   0.106796E-07
   0.496800E+04  -0.312415E-08  -0.110726E-07   0.106401E-07
   0.496900E+04  -0.359582E-08  -0.110325E-07   0.964930E-08
   0.497000E+04  -0.364227E-08  -0.977460E-08   0.783997E-08
   0.497100E+04  -0.326576E-08  -0.741341E-08   0.542332E-08
   0.497200E+04  -0.251330E-08  -0.417929E-08   0.266683E-08
   0.497300E+04  -0.147157E-08  -0.395230E-09  -0.133443E-09
   0.497400E+04  -0.257801E-09   0.355593E-08  -0.268340E-08
   0.497500E+04   0.992575E-09   0.727052E-08  -0.472090E-08
   0.497600E+04   0.214007E-08   0.103654E-07  -0.604238E-08
   0.497700E+04   0.305574E-08   0.125171E-07  -0.652329E-08
   0.497800E+04   0.363470E-08   0.134956E-07  -0.613025E-08
   0.497900E+04   0.380720E-08   0.131880E-07  -0.492383E-08
   0.498000E+04   0.354599E-08   0.116105E-07  -0.305154E-08
   0.498100E+04   0.286945E-08   0.890777E-08  -0.731893E-09
   0.498200E+04   0.183988E-08   0.533845E-08   0.176885E-08
   0.498300E+04   0.557344E-09   0.124962E-08   0.416483E-08
   0.498400E+04  -0.850426E-09  -0.295812E-08   0.618080E-08
   0.498500E+04  -0.224104E-08  -0.687096E-08   0.758110E-08
   0.498600E+04  -0.347199E-08  -0.101037E-07   0.819464E-08
   0.498700E+04  -0.441529E-08  -0.123386E-07   0.793313E-08
   0.498800E+04  -0.497068E-08  -0.133577E-07   0.680076E-08
   0.498900E+04  -0.507607E-08  -0.130648E-07   0.489426E-08
   0.499000E+04  -0.471410E-08  -0.114956E-07   0.239343E-08
   0.499100E+04  -0.391425E-08  -0.881342E-08  -0.457094E-09
   0.499200E+04  -0.275009E-08  -0.529340E-08  -0.337277E-08
   0.499300E+04  -0.133213E-08  -0.129424E-08  -0.605836E-08
   0.499400E+04   0.203196E-09   0.277806E-08  -0.823842E-08
   0.499500E+04   0.170709E-08   0.651139E-08  -0.968582E-08
   0.499600E+04   0.303334E-08   0.952931E-08  -0.102456E-07
   0.499700E+04   0.405301E-08   0.115292E-07  -0.985132E-08
   0.499800E+04   0.466742E-08   0.123130E-07  -0.853267E-08
   0.499900E+04   0.481807E-08   0.118071E-07  -0.641309E-08
   0.500000E+04   0.449251E-08   0.100699E-07  -0.369785E-08
   0.500100E+04   0.372564E-08   0.728548E-08  -0.653792E-09
   0.500200E+04   0.259615E-08   0.374487E-08   0.241744E-08
   0.500300E+04   0.121856E-08  -0.183740E-09   0.520973E-08
   0.500400E+04  -0.268342E-09  -0.409267E-08   0.744344E-08
   0.500500E+04  -0.171550E-08  -0.757643E-08   0.889380E-08
   0.500600E+04  -0.297864E-08  -0.102732E-07   0.941387E-08
   0.500700E+04  -0.393278E-08  -0.119018E-07   0.894960E-08
   0.500800E+04  -0.448481E-08  -0.122907E-07   0.754565E-08
   0.500900E+04  -0.458276E-08  -0.113953E-07   0.534110E-08
   0.501000E+04  -0.422093E-08  -0.930293E-08   0.255565E-08
   0.501100E+04  -0.344027E-08  -0.622402E-08  -0.532349E-09
   0.501200E+04  -0.232407E-08  -0.247069E-08  -0.361392E-08
   0.501300E+04  -0.989249E-09   0.157497E-08  -0.638057E-08
   0.501400E+04   0.425633E-09   0.549978E-08  -0.855545E-08
   0.501500E+04   0.177466E-08   0.890164E-08  -0.992134E-08
   0.501600E+04   0.291951E-08   0.114306E-07  -0.103426E-07
   0.501700E+04   0.374364E-08   0.128246E-07  -0.977891E-08
   0.501800E+04   0.416418E-08   0.129366E-07  -0.828941E-08
   0.501900E+04   0.414043E-08   0.117493E-07  -0.602665E-08
   0.502000E+04   0.367795E-08   0.937764E-08  -0.322119E-08
   0.502100E+04   0.282799E-08   0.605718E-08  -0.158227E-09
   0.502200E+04   0.168217E-08   0.212026E-08   0.285136E-08
   0.502300E+04   0.363030E-09  -0.203751E-08   0.550251E-08
   0.502400E+04  -0.988554E-09  -0.599741E-08   0.752699E-08
   0.502500E+04  -0.222791E-08  -0.936010E-08   0.872061E-08
   0.502600E+04  -0.322148E-08  -0.117862E-07   0.896399E-08
   0.502700E+04  -0.386057E-08  -0.130309E-07   0.823469E-08
   0.502800E+04  -0.407268E-08  -0.129686E-07   0.660956E-08
   0.502900E+04  -0.382900E-08  -0.116064E-07   0.425697E-08
   0.503000E+04  -0.314760E-08  -0.908274E-08   0.141971E-08
   0.503100E+04  -0.209166E-08  -0.565399E-08  -0.160960E-08
   0.503200E+04  -0.763234E-09  -0.166824E-08  -0.451825E-08
   0.503300E+04   0.707058E-09   0.246989E-08  -0.700513E-08
   0.503400E+04   0.217328E-08   0.634034E-08  -0.881140E-08
   0.503500E+04   0.348898E-08   0.955019E-08  -0.974673E-08
   0.503600E+04   0.452213E-08   0.117736E-07  -0.970869E-08
   0.503700E+04   0.516853E-08   0.127847E-07  -0.869314E-08
   0.503800E+04   0.536254E-08   0.124810E-07  -0.679474E-08
   0.503900E+04   0.508377E-08   0.108931E-07  -0.419727E-08
   0.504000E+04   0.435927E-08   0.818195E-08  -0.115510E-08
   0.504100E+04   0.326080E-08   0.462260E-08   0.203274E-08
   0.504200E+04   0.189764E-08   0.575882E-09   0.505284E-08
   0.504300E+04   0.405504E-09  -0.354810E-08   0.760925E-08
   0.504400E+04  -0.106722E-08  -0.733169E-08   0.945351E-08
   0.504500E+04  -0.237457E-08  -0.103921E-07   0.104098E-07
   0.504600E+04  -0.338783E-08  -0.124203E-07   0.103929E-07
   0.504700E+04  -0.400869E-08  -0.132124E-07   0.941660E-08
   0.504800E+04  -0.417922E-08  -0.126902E-07   0.759212E-08
   0.504900E+04  -0.388782E-08  -0.109092E-07   0.511693E-08
   0.505000E+04  -0.317045E-08  -0.805240E-08   0.225433E-08
   0.505100E+04  -0.210699E-08  -0.441194E-08  -0.693459E-09
   0.505200E+04  -0.813119E-09  -0.358915E-09  -0.341625E-08
   0.505300E+04   0.571452E-09   0.369451E-08  -0.562762E-08
   0.505400E+04   0.189721E-08   0.733724E-08  -0.709430E-08
   0.505500E+04   0.302011E-08   0.102013E-07  -0.766014E-08
   0.505600E+04   0.381630E-08   0.119992E-07  -0.726224E-08
   0.505700E+04   0.419485E-08   0.125538E-07  -0.593756E-08
   0.505800E+04   0.410710E-08   0.118158E-07  -0.381943E-08
   0.505900E+04   0.355178E-08   0.986902E-08  -0.112415E-08
   0.506000E+04   0.257534E-08   0.692164E-08   0.187087E-08
   0.506100E+04   0.126733E-08   0.328495E-08   0.485516E-08
   0.506200E+04  -0.248430E-09  -0.658731E-09   0.751676E-08
   0.506300E+04  -0.182635E-08  -0.449532E-08   0.957393E-08
   0.506400E+04  -0.331363E-08  -0.782153E-08   0.108039E-07
   0.506500E+04  -0.456572E-08  -0.102864E-07   0.110654E-07
   0.506600E+04  -0.546080E-08  -0.116276E-07   0.103138E-07
   0.506700E+04  -0.591213E-08  -0.116986E-07   0.860525E-08
   0.506800E+04  -0.587670E-08  -0.104840E-07   0.609142E-08
   0.506900E+04  -0.535964E-08  -0.810192E-08   0.300460E-08
   0.507000E+04  -0.441358E-08  -0.479187E-08  -0.365833E-09
   0.507100E+04  -0.313332E-08  -0.891084E-09  -0.370238E-08
   0.507200E+04  -0.164621E-08   0.319981E-08  -0.669139E-08
   0.507300E+04  -0.992769E-10   0.705749E-08  -0.905461E-08
   0.507400E+04   0.135572E-08   0.102791E-07  -0.105771E-07
   0.507500E+04   0.257758E-08   0.125236E-07  -0.111288E-07
   0.507600E+04   0.344990E-08   0.135465E-07  -0.106775E-07
   0.507700E+04   0.389284E-08   0.132257E-07  -0.929159E-08
   0.507800E+04   0.387100E-08   0.115741E-07  -0.713306E-08
   0.507900E+04   0.339695E-08   0.873935E-08  -0.444070E-08
   0.508000E+04   0.252974E-08   0.498897E-08  -0.150558E-08
   0.508100E+04   0.136874E-08   0.684288E-09   0.135880E-08
   0.508200E+04   0.433526E-10  -0.375587E-08   0.384852E-08
   0.508300E+04  -0.130029E-08  -0.789714E-08   0.570037E-08
   0.508400E+04  -0.251438E-08  -0.113333E-07   0.671878E-08
   0.508500E+04  -0.346455E-08  -0.137271E-07   0.679582E-08
   0.508600E+04  -0.404373E-08  -0.148444E-07   0.592234E-08
   0.508700E+04  -0.418314E-08  -0.145777E-07   0.418898E-08
   0.508800E+04  -0.385932E-08  -0.129570E-07   0.177705E-08
   0.508900E+04  -0.309668E-08  -0.101470E-07  -0.105986E-08
   0.509000E+04  -0.196502E-08  -0.643011E-08  -0.402164E-08
   0.509100E+04  -0.572494E-09  -0.217840E-08  -0.679216E-08
   0.509200E+04   0.945361E-09   0.218418E-08  -0.907153E-08
   0.509300E+04   0.243939E-08   0.622445E-08  -0.106067E-07
   0.509400E+04   0.376199E-08   0.954368E-08  -0.112173E-07
   0.509500E+04   0.478208E-08   0.118177E-07  -0.108142E-07
   0.509600E+04   0.539847E-08   0.128295E-07  -0.940903E-08
   0.509700E+04   0.555012E-08   0.124908E-07  -0.711325E-08
   0.509800E+04   0.522232E-08   0.108506E-07  -0.412722E-08
   0.509900E+04   0.444821E-08   0.809022E-08  -0.720410E-09
   0.510000E+04   0.330538E-08   0.450407E-08   0.279542E-08
   0.510100E+04   0.190794E-08   0.469793E-09   0.609727E-08
   0.510200E+04   0.394952E-09  -0.359046E-08   0.888308E-08
   0.510300E+04  -0.108378E-08  -0.725307E-08   0.109017E-07
   0.510400E+04  -0.238289E-08  -0.101362E-07   0.119776E-07
   0.510500E+04  -0.337623E-08  -0.119385E-07   0.120283E-07
   0.510600E+04  -0.396966E-08  -0.124702E-07   0.110714E-07
   0.510700E+04  -0.411052E-08  -0.116718E-07   0.922284E-08
   0.510800E+04  -0.379293E-08  -0.962076E-08   0.668420E-08
   0.510900E+04  -0.305820E-08  -0.652297E-08   0.372166E-08
   0.511000E+04  -0.199053E-08  -0.269220E-08   0.638802E-09
   0.511100E+04  -0.708215E-09   0.148204E-08  -0.225457E-08
   0.511200E+04   0.648578E-09   0.557418E-08  -0.467389E-08
   0.511300E+04   0.193229E-08   0.916587E-08  -0.638857E-08
   0.511400E+04   0.300320E-08   0.118886E-07  -0.724517E-08
   0.511500E+04   0.374388E-08   0.134614E-07  -0.718238E-08
   0.511600E+04   0.407134E-08   0.137190E-07  -0.623662E-08
   0.511700E+04   0.394569E-08   0.126292E-07  -0.453748E-08
   0.511800E+04   0.337432E-08   0.102961E-07  -0.229359E-08
   0.511900E+04   0.241132E-08   0.694937E-08   0.229650E-09
   0.512000E+04   0.115205E-08   0.292107E-08   0.273812E-08
   0.512100E+04  -0.276506E-09  -0.138785E-08   0.493999E-08
   0.512200E+04  -0.172867E-08  -0.554837E-08   0.657643E-08
   0.512300E+04  -0.305493E-08  -0.914677E-08   0.744891E-08
   0.512400E+04  -0.411725E-08  -0.118266E-07   0.744025E-08
   0.512500E+04  -0.480320E-08  -0.133245E-07   0.652727E-08
   0.512600E+04  -0.503760E-08  -0.134972E-07   0.478367E-08
   0.512700E+04  -0.479034E-08  -0.123352E-07   0.237292E-08
   0.512800E+04  -0.407961E-08  -0.996410E-08  -0.468171E-09
   0.512900E+04  -0.297029E-08  -0.663105E-08  -0.345354E-08
   0.513000E+04  -0.156756E-08  -0.267974E-08  -0.627714E-08
   0.513100E+04  -0.638936E-11   0.148496E-08  -0.864441E-08
   0.513200E+04   0.156199E-08   0.543829E-08  -0.103027E-07
   0.513300E+04   0.298530E-08   0.877889E-08  -0.110674E-07
   0.513400E+04   0.412549E-08   0.111697E-07  -0.108417E-07
   0.513500E+04   0.487273E-08   0.123723E-07  -0.962662E-08
   0.513600E+04   0.515636E-08   0.122707E-07  -0.752216E-08
   0.513700E+04   0.495203E-08   0.108836E-07  -0.471740E-08
   0.513800E+04   0.428406E-08   0.836147E-08  -0.147212E-08
   0.513900E+04   0.322292E-08   0.497156E-08   0.190904E-08
   0.514000E+04   0.187798E-08   0.107001E-08   0.510701E-08
   0.514100E+04   0.386332E-09  -0.293466E-08   0.782030E-08
   0.514200E+04  -0.110112E-08  -0.662352E-08   0.979521E-08
   0.514300E+04  -0.243509E-08  -0.961027E-08   0.108513E-07
   0.514400E+04  -0.348300E-08  -0.115809E-07   0.108996E-07
   0.514500E+04  -0.414251E-08  -0.123259E-07   0.995111E-08
   0.514600E+04  -0.435179E-08  -0.117622E-07   0.811579E-08
   0.514700E+04  -0.409577E-08  -0.994119E-08   0.559110E-08
   0.514800E+04  -0.340753E-08  -0.704436E-08   0.264181E-08
   0.514900E+04  -0.236482E-08  -0.336445E-08  -0.427073E-09
   0.515000E+04  -0.108191E-08   0.724150E-09  -0.330140E-08
   0.515100E+04   0.302143E-09   0.480356E-08  -0.568990E-08
   0.515200E+04   0.163795E-08   0.845506E-08  -0.735387E-08
   0.515300E+04   0.278117E-08   0.113018E-07  -0.813146E-08
   0.515400E+04   0.360746E-08   0.130474E-07  -0.795414E-08
   0.515500E+04   0.402537E-08   0.135062E-07  -0.685353E-08
   0.515600E+04   0.398592E-08   0.126225E-07  -0.495814E-08
   0.515700E+04   0.348776E-08   0.104761E-07  -0.248003E-08
   0.515800E+04   0.257757E-08   0.727498E-08   0.307057E-09
   0.515900E+04   0.134546E-08   0.333372E-08   0.309585E-08
   0.516000E+04  -0.840582E-10  -0.957998E-09   0.557733E-08
   0.516100E+04  -0.156464E-08  -0.517497E-08   0.747264E-08
   0.516200E+04  -0.294296E-08  -0.889955E-08   0.856213E-08
   0.516300E+04  -0.407430E-08  -0.117640E-07   0.870832E-08
   0.516400E+04  -0.483735E-08  -0.134876E-07   0.787064E-08
   0.516500E+04  -0.514666E-08  -0.139054E-07   0.611031E-08
   0.516600E+04  -0.496150E-08  -0.129840E-07   0.358485E-08
   0.516700E+04  -0.429020E-08  -0.108257E-07   0.532823E-09
   0.516800E+04  -0.318955E-08  -0.765703E-08  -0.274975E-08
   0.516900E+04  -0.175934E-08  -0.380564E-08  -0.593891E-08
   0.517000E+04  -0.132466E-09   0.333193E-09  -0.871516E-08
   0.517100E+04   0.153824E-08   0.433725E-08  -0.107956E-07
   0.517200E+04   0.309520E-08   0.780052E-08  -0.119624E-07
   0.517300E+04   0.439183E-08   0.103748E-07  -0.120850E-07
   0.517400E+04   0.530706E-08   0.118052E-07  -0.111333E-07
   0.517500E+04   0.575740E-08   0.119561E-07  -0.918128E-08
   0.517600E+04   0.570507E-08   0.108253E-07  -0.639954E-08
   0.517700E+04   0.516165E-08   0.854326E-08  -0.303896E-08
   0.517800E+04   0.418662E-08   0.536049E-08   0.594197E-09
   0.517900E+04   0.288117E-08   0.162094E-08   0.416839E-08
   0.518000E+04   0.137778E-08  -0.227323E-08   0.735946E-08
   0.518100E+04  -0.173350E-09  -0.590330E-08   0.988241E-08
   0.518200E+04  -0.161954E-08  -0.887732E-08   0.115191E-07
   0.518300E+04  -0.282111E-08  -0.108708E-07   0.121392E-07
   0.518400E+04  -0.366546E-08  -0.116604E-07   0.117123E-07
   0.518500E+04  -0.407830E-08  -0.111476E-07   0.103094E-07
   0.518600E+04  -0.403095E-08  -0.936958E-08   0.809533E-08
   0.518700E+04  -0.354291E-08  -0.649561E-08   0.531042E-08
   0.518800E+04  -0.267950E-08  -0.281075E-08   0.224580E-08
   0.518900E+04  -0.154478E-08   0.131296E-08  -0.786839E-09
   0.519000E+04  -0.270512E-09   0.545420E-08  -0.348704E-08
   0.519100E+04   0.997705E-09   0.918523E-08  -0.559607E-08
   0.519200E+04   0.211573E-08   0.121157E-07  -0.692279E-08
   0.519300E+04   0.295597E-08   0.139325E-07  -0.736240E-08
   0.519400E+04   0.342080E-08   0.144327E-07  -0.690611E-08
   0.519500E+04   0.345280E-08   0.135442E-07  -0.564087E-08
   0.519600E+04   0.304091E-08   0.113347E-07  -0.373905E-08
   0.519700E+04   0.222177E-08   0.800481E-08  -0.143941E-08
   0.519800E+04   0.107609E-08   0.386925E-08   0.978823E-09
   0.519900E+04  -0.279535E-09  -0.674683E-09   0.322599E-08
   0.520000E+04  -0.170456E-08  -0.518655E-08   0.503306E-08
   0.520100E+04  -0.304895E-08  -0.922686E-08   0.618038E-08
   0.520200E+04  -0.416868E-08  -0.124012E-07   0.652135E-08
   0.520300E+04  -0.494072E-08  -0.143998E-07   0.599830E-08
   0.520400E+04  -0.527592E-08  -0.150288E-07   0.464907E-08
   0.520500E+04  -0.512848E-08  -0.142297E-07   0.260358E-08
   0.520600E+04  -0.450107E-08  -0.120856E-07   0.706770E-10
   0.520700E+04  -0.344497E-08  -0.881246E-08  -0.268339E-08
   0.520800E+04  -0.205531E-08  -0.473782E-08  -0.536264E-08
   0.520900E+04  -0.461739E-09  -0.267683E-09  -0.767233E-08
   0.521000E+04   0.118438E-08   0.415417E-08  -0.935009E-08
   0.521100E+04   0.272512E-08   0.809080E-08  -0.101938E-07
   0.521200E+04   0.401180E-08   0.111559E-07  -0.100839E-07
   0.521300E+04   0.492001E-08   0.130523E-07  -0.899642E-08
   0.521400E+04   0.536214E-08   0.136020E-07  -0.700755E-08
   0.521500E+04   0.529634E-08   0.127631E-07  -0.428685E-08
   0.521600E+04   0.473081E-08   0.106340E-07  -0.108139E-08
   0.521700E+04   0.372309E-08   0.744261E-08   0.230835E-08
   0.521800E+04   0.237436E-08   0.352291E-08   0.555821E-08
   0.521900E+04   0.819365E-09  -0.719216E-09   0.835274E-08
   0.522000E+04  -0.787085E-09  -0.484757E-08   0.104170E-07
   0.522100E+04  -0.228563E-08  -0.844000E-08   0.115446E-07
   0.522200E+04  -0.352831E-08  -0.111313E-07   0.116184E-07
   0.522300E+04  -0.439344E-08  -0.126501E-07   0.106238E-07
   0.522400E+04  -0.479771E-08  -0.128466E-07   0.864986E-08
   0.522500E+04  -0.470452E-08  -0.117068E-07   0.588162E-08
   0.522600E+04  -0.412749E-08  -0.935423E-08   0.258202E-08
   0.522700E+04  -0.312899E-08  -0.603653E-08  -0.933902E-09
   0.522800E+04  -0.181364E-08  -0.209990E-08  -0.433005E-08
   0.522900E+04  -0.317633E-09   0.204657E-08  -0.728254E-08
   0.523000E+04   0.120520E-08   0.597300E-08  -0.951170E-08
   0.523100E+04   0.259904E-08   0.927282E-08  -0.108098E-07
   0.523200E+04   0.372189E-08   0.116045E-07  -0.110613E-07
   0.523300E+04   0.446004E-08   0.127267E-07  -0.102544E-07
   0.523400E+04   0.473953E-08   0.125227E-07  -0.848142E-08
   0.523500E+04   0.453361E-08   0.110129E-07  -0.592952E-08
   0.523600E+04   0.386535E-08   0.835209E-08  -0.286133E-08
   0.523700E+04   0.280522E-08   0.481440E-08   0.411644E-09
   0.523800E+04   0.146376E-08   0.764633E-09   0.356054E-08
   0.523900E+04  -0.197591E-10  -0.337876E-08   0.627232E-08
   0.524000E+04  -0.149166E-08  -0.718664E-08   0.828122E-08
   0.524100E+04  -0.279960E-08  -0.102631E-07   0.939532E-08
   0.524200E+04  -0.380819E-08  -0.122862E-07   0.951556E-08
   0.524300E+04  -0.441291E-08  -0.130410E-07   0.864523E-08
   0.524400E+04  -0.455079E-08  -0.124416E-07   0.688906E-08
   0.524500E+04  -0.420696E-08  -0.105408E-07   0.444199E-08
   0.524600E+04  -0.341617E-08  -0.752405E-08   0.156879E-08
   0.524700E+04  -0.225931E-08  -0.369178E-08  -0.142343E-08
   0.524800E+04  -0.855225E-09   0.571680E-09  -0.421689E-08
   0.524900E+04   0.651435E-09   0.483680E-08  -0.651591E-08
   0.525000E+04   0.210493E-08   0.867257E-08  -0.807728E-08
   0.525100E+04   0.335434E-08   0.116904E-07  -0.873525E-08
   0.525200E+04   0.426902E-08   0.135835E-07  -0.841856E-08
   0.525300E+04   0.475196E-08   0.141585E-07  -0.715772E-08
   0.525400E+04   0.474978E-08   0.133550E-07  -0.508187E-08
   0.525500E+04   0.425829E-08   0.112519E-07  -0.240558E-08
   0.525600E+04   0.332304E-08   0.805937E-08   0.593253E-09
   0.525700E+04   0.203480E-08   0.409779E-08   0.360184E-08
   0.525800E+04   0.520469E-09  -0.234935E-09   0.630468E-08
   0.525900E+04  -0.106972E-08  -0.450367E-08   0.841594E-08
   0.526000E+04  -0.257737E-08  -0.828032E-08   0.970891E-08
   0.526100E+04  -0.385199E-08  -0.111873E-07   0.100394E-07
   0.526200E+04  -0.476615E-08  -0.129359E-07   0.936074E-08
   0.526300E+04  -0.522844E-08  -0.133556E-07   0.772879E-08
   0.526400E+04  -0.519273E-08  -0.124115E-07   0.529662E-08
   0.526500E+04  -0.466279E-08  -0.102075E-07   0.229906E-08
   0.526600E+04  -0.369195E-08  -0.697607E-08  -0.970950E-09
   0.526700E+04  -0.237763E-08  -0.305403E-08  -0.419200E-08
   0.526800E+04  -0.851499E-09   0.115150E-08  -0.704685E-08
   0.526900E+04   0.733925E-09   0.520479E-08  -0.925456E-08
   0.527000E+04   0.222073E-08   0.868604E-08  -0.105990E-07
   0.527100E+04   0.346163E-08   0.112342E-07  -0.109510E-07
   0.527200E+04   0.433489E-08   0.125840E-07  -0.102808E-07
   0.527300E+04   0.475660E-08   0.125929E-07  -0.866179E-08
   0.527400E+04   0.468919E-08   0.112561E-07  -0.626240E-08
   0.527500E+04   0.414514E-08   0.870662E-08  -0.332899E-08
   0.527600E+04   0.318562E-08   0.520250E-08  -0.160641E-09
   0.527700E+04   0.191416E-08   0.110015E-08   0.292142E-08
   0.527800E+04   0.466044E-09  -0.318176E-08   0.560669E-08
   0.527900E+04  -0.100558E-08  -0.720488E-08   0.762715E-08
   0.528000E+04  -0.234535E-08  -0.105560E-07   0.878460E-08
   0.528100E+04  -0.341168E-08  -0.128889E-07   0.897102E-08
   0.528200E+04  -0.409116E-08  -0.139602E-07   0.817948E-08
   0.528300E+04  -0.431030E-08  -0.136538E-07   0.650488E-08
   0.528400E+04  -0.404307E-08  -0.119933E-07   0.413417E-08
   0.528500E+04  -0.331365E-08  -0.913948E-08   0.132706E-08
   0.528600E+04  -0.219407E-08  -0.537434E-08  -0.161065E-08
   0.528700E+04  -0.797009E-09  -0.107254E-08  -0.435867E-08
   0.528800E+04   0.735646E-09   0.333655E-08  -0.661520E-08
   0.528900E+04   0.224710E-08   0.741229E-08  -0.812827E-08
   0.529000E+04   0.358156E-08   0.107475E-07  -0.872200E-08
   0.529100E+04   0.460004E-08   0.130097E-07  -0.831507E-08
   0.529200E+04   0.519447E-08   0.139749E-07  -0.692971E-08
   0.529300E+04   0.529868E-08   0.135499E-07  -0.469003E-08
   0.529400E+04   0.489513E-08   0.117823E-07  -0.180998E-08
   0.529500E+04   0.401679E-08   0.885482E-08   0.142795E-08
   0.529600E+04   0.274382E-08   0.506713E-08   0.470103E-08
   0.529700E+04   0.119555E-08   0.805056E-09   0.767889E-08
   0.529800E+04  -0.481499E-09  -0.349870E-08   0.100570E-07
   0.529900E+04  -0.212835E-08  -0.740863E-08   0.115875E-07
   0.530000E+04  -0.358950E-08  -0.105307E-07   0.121047E-07
   0.530100E+04  -0.472847E-08  -0.125526E-07   0.115423E-07
   0.530200E+04  -0.544141E-08  -0.132750E-07   0.994018E-08
   0.530300E+04  -0.566736E-08  -0.126322E-07   0.744100E-08
   0.530400E+04  -0.539409E-08  -0.106983E-07   0.427633E-08
   0.530500E+04  -0.465905E-08  -0.767956E-08   0.743629E-09
   0.530600E+04  -0.354523E-08  -0.389302E-08  -0.282336E-08
   0.530700E+04  -0.217243E-08   0.266049E-09  -0.608788E-08
   0.530800E+04  -0.684779E-09   0.436476E-08  -0.874371E-08
   0.530900E+04   0.764075E-09   0.797703E-08  -0.105458E-07
   0.531000E+04   0.202679E-08   0.107273E-07  -0.113343E-07
   0.531100E+04   0.297737E-08   0.123293E-07  -0.110510E-07
   0.531200E+04   0.352400E-08   0.126151E-07  -0.974387E-08
   0.531300E+04   0.361827E-08   0.115528E-07  -0.756265E-08
   0.531400E+04   0.325999E-08   0.924992E-08  -0.474291E-08
   0.531500E+04   0.249693E-08   0.594236E-08  -0.158212E-08
   0.531600E+04   0.141966E-08   0.197047E-08   0.159074E-08
   0.531700E+04   0.152028E-09  -0.225574E-08   0.444859E-08
   0.531800E+04  -0.116190E-08  -0.629855E-08   0.669942E-08
   0.531900E+04  -0.237285E-08  -0.973743E-08   0.811579E-08
   0.532000E+04  -0.334200E-08  -0.122123E-07   0.855771E-08
   0.532100E+04  -0.395545E-08  -0.134604E-07   0.798660E-08
   0.532200E+04  -0.413624E-08  -0.133440E-07   0.646884E-08
   0.532300E+04  -0.385244E-08  -0.118645E-07   0.416867E-08
   0.532400E+04  -0.312075E-08  -0.916288E-08   0.133111E-08
   0.532500E+04  -0.200490E-08  -0.550596E-08  -0.174334E-08
   0.532600E+04  -0.609413E-09  -0.125941E-08  -0.472958E-08
   0.532700E+04   0.931071E-09   0.314913E-08  -0.731132E-08
   0.532800E+04   0.246543E-08   0.727338E-08  -0.921351E-08
   0.532900E+04   0.384151E-08   0.106939E-07  -0.102305E-07
   0.533000E+04   0.492171E-08   0.130607E-07  -0.102472E-07
   0.533100E+04   0.559715E-08   0.141294E-07  -0.925078E-08
   0.533200E+04   0.579884E-08   0.137858E-07  -0.733204E-08
   0.533300E+04   0.550493E-08   0.120587E-07  -0.467623E-08
   0.533400E+04   0.474305E-08   0.911654E-08  -0.154408E-08
   0.533500E+04   0.358768E-08   0.525148E-08   0.175476E-08
   0.533600E+04   0.215262E-08   0.849699E-09   0.489335E-08
   0.533700E+04   0.579586E-09  -0.364728E-08   0.756077E-08
   0.533800E+04  -0.976205E-09  -0.778717E-08   0.949390E-08
   0.533900E+04  -0.236178E-08  -0.111526E-07   0.105042E-07
   0.534000E+04  -0.344197E-08  -0.134032E-07   0.104969E-07
   0.534100E+04  -0.411315E-08  -0.143104E-07   0.948066E-08
   0.534200E+04  -0.431384E-08  -0.137804E-07   0.756667E-08
   0.534300E+04  -0.403089E-08  -0.118638E-07   0.495708E-08
   0.534400E+04  -0.330092E-08  -0.875073E-08   0.192438E-08
   0.534500E+04  -0.220649E-08  -0.475154E-08  -0.121654E-08
   0.534600E+04  -0.867673E-09  -0.265796E-09  -0.414069E-08
   0.534700E+04   0.570204E-09   0.425814E-08  -0.654626E-08
   0.534800E+04   0.195150E-08   0.836834E-08  -0.818555E-08
   0.534900E+04   0.312622E-08   0.116548E-07  -0.889043E-08
   0.535000E+04   0.396543E-08   0.137909E-07  -0.858961E-08
   0.535100E+04   0.437457E-08   0.145660E-07  -0.731601E-08
   0.535200E+04   0.430327E-08   0.139067E-07  -0.520355E-08
   0.535300E+04   0.375068E-08   0.118841E-07  -0.247346E-08
   0.535400E+04   0.276572E-08   0.870623E-08   0.588226E-09
   0.535500E+04   0.144231E-08   0.469665E-08   0.365995E-08
   0.535600E+04  -0.900254E-10   0.261711E-09   0.641751E-08
   0.535700E+04  -0.167926E-08  -0.415091E-08   0.856737E-08
   0.535800E+04  -0.316621E-08  -0.809762E-08   0.987677E-08
   0.535900E+04  -0.440066E-08  -0.111838E-07   0.101978E-07
   0.536000E+04  -0.525667E-08  -0.131039E-07   0.948279E-08
   0.536100E+04  -0.564538E-08  -0.136719E-07   0.778961E-08
   0.536200E+04  -0.552412E-08  -0.128402E-07   0.527608E-08
   0.536300E+04  -0.490083E-08  -0.107038E-07   0.218429E-08
   0.536400E+04  -0.383332E-08  -0.749051E-08  -0.118366E-08
   0.536500E+04  -0.242359E-08  -0.353716E-08  -0.449619E-08
   0.536600E+04  -0.807520E-09   0.744905E-09  -0.742564E-08
   0.536700E+04   0.858747E-09   0.491207E-08  -0.968149E-08
   0.536800E+04   0.241454E-08   0.853388E-08  -0.110397E-07
   0.536900E+04   0.371083E-08   0.112370E-07  -0.113654E-07
   0.537000E+04   0.462520E-08   0.127435E-07  -0.106267E-07
   0.537100E+04   0.507407E-08   0.128990E-07  -0.889757E-08
   0.537200E+04   0.502107E-08   0.116886E-07  -0.635072E-08
   0.537300E+04   0.448042E-08   0.923823E-08  -0.323985E-08
   0.537400E+04   0.351538E-08   0.580158E-08   0.126047E-09
   0.537500E+04   0.223149E-08   0.173431E-08   0.341393E-08
   0.537600E+04   0.765686E-09  -0.254259E-08   0.630046E-08
   0.537700E+04  -0.727869E-09  -0.658582E-08   0.850470E-08
   0.537800E+04  -0.209365E-08  -0.997527E-08   0.981639E-08
   0.537900E+04  -0.319076E-08  -0.123571E-07   0.101171E-07
   0.538000E+04  -0.390739E-08  -0.134799E-07   0.939183E-08
   0.538100E+04  -0.417227E-08  -0.132209E-07   0.773027E-08
   0.538200E+04  -0.396194E-08  -0.115986E-07   0.531710E-08
   0.538300E+04  -0.330312E-08  -0.877089E-08   0.241284E-08
   0.538400E+04  -0.226988E-08  -0.501959E-08  -0.673220E-09
   0.538500E+04  -0.975935E-09  -0.721651E-09  -0.361493E-08
   0.538600E+04   0.437168E-09   0.368898E-08  -0.610297E-08
   0.538700E+04   0.181474E-08   0.776551E-08  -0.787671E-08
   0.538800E+04   0.300505E-08   0.110937E-07  -0.875118E-08
   0.538900E+04   0.387514E-08   0.133341E-07  -0.863612E-08
   0.539000E+04   0.432481E-08   0.142566E-07  -0.754542E-08
   0.539100E+04   0.429721E-08   0.137639E-07  -0.559574E-08
   0.539200E+04   0.378507E-08   0.119016E-07  -0.299465E-08
   0.539300E+04   0.283187E-08   0.885342E-08  -0.193176E-10
   0.539400E+04   0.152772E-08   0.492305E-08   0.301203E-08
   0.539500E+04   0.534091E-12   0.503042E-09   0.577289E-08
   0.539600E+04  -0.159674E-08  -0.396485E-08   0.796227E-08
   0.539700E+04  -0.310158E-08  -0.803444E-08   0.933599E-08
   0.539800E+04  -0.435831E-08  -0.113004E-07   0.973225E-08
   0.539900E+04  -0.523403E-08  -0.134391E-07   0.908887E-08
   0.540000E+04  -0.563222E-08  -0.142415E-07   0.745044E-08
   0.540100E+04  -0.550279E-08  -0.136342E-07   0.496457E-08
   0.540200E+04  -0.484748E-08  -0.116864E-07   0.186762E-08
   0.540300E+04  -0.372005E-08  -0.860269E-08  -0.153868E-08
   0.540400E+04  -0.222121E-08  -0.470201E-08  -0.491736E-08
   0.540500E+04  -0.488853E-09  -0.384869E-09  -0.793002E-08
   0.540600E+04   0.131550E-08   0.390771E-08  -0.102710E-07
   0.540700E+04   0.302262E-08   0.773921E-08  -0.116983E-07
   0.540800E+04   0.447230E-08   0.107222E-07  -0.120581E-07
   0.540900E+04   0.552922E-08   0.125580E-07  -0.113010E-07
   0.541000E+04   0.609622E-08   0.130668E-07  -0.948663E-08
   0.541100E+04   0.612386E-08   0.122060E-07  -0.677887E-08
   0.541200E+04   0.561509E-08   0.100744E-07  -0.342924E-08
   0.541300E+04   0.462471E-08   0.690175E-08   0.247759E-09
   0.541400E+04   0.325362E-08   0.302511E-08   0.390589E-08
   0.541500E+04   0.163844E-08  -0.114609E-08   0.720151E-08
   0.541600E+04  -0.623537E-10  -0.517216E-08   0.982761E-08
   0.541700E+04  -0.168451E-08  -0.862847E-08   0.115441E-07
   0.541800E+04  -0.307451E-08  -0.111493E-07   0.122016E-07
   0.541900E+04  -0.410492E-08  -0.124654E-07   0.117551E-07
   0.542000E+04  -0.468703E-08  -0.124325E-07   0.102686E-07
   0.542100E+04  -0.477945E-08  -0.110457E-07   0.790723E-08
   0.542200E+04  -0.439178E-08  -0.844080E-08   0.492036E-08
   0.542300E+04  -0.358317E-08  -0.488078E-08   0.161547E-08
   0.542400E+04  -0.245563E-08  -0.728907E-09  -0.167322E-08
   0.542500E+04  -0.114312E-08   0.358812E-08  -0.461886E-08
   0.542600E+04   0.202761E-09   0.762370E-08  -0.693510E-08
   0.542700E+04   0.142873E-08   0.109571E-07  -0.840491E-08
   0.542800E+04   0.239601E-08   0.132367E-07  -0.890220E-08
   0.542900E+04   0.299493E-08   0.142160E-07  -0.840394E-08
   0.543000E+04   0.315650E-08   0.137797E-07  -0.699172E-08
   0.543100E+04   0.285973E-08   0.119555E-07  -0.484241E-08
   0.543200E+04   0.213401E-08   0.891226E-08  -0.220920E-08
   0.543300E+04   0.105616E-08   0.494320E-08   0.605359E-09
   0.543400E+04  -0.257370E-09   0.436720E-09   0.328127E-08
   0.543500E+04  -0.166257E-08  -0.416269E-08   0.551477E-08
   0.543600E+04  -0.300277E-08  -0.839926E-08   0.705029E-08
   0.543700E+04  -0.412500E-08  -0.118520E-07   0.770742E-08
   0.543800E+04  -0.489604E-08  -0.141773E-07   0.740011E-08
   0.543900E+04  -0.521657E-08  -0.151436E-07   0.614597E-08
   0.544000E+04  -0.503185E-08  -0.146553E-07   0.406499E-08
   0.544100E+04  -0.433804E-08  -0.127621E-07   0.136746E-08
   0.544200E+04  -0.318319E-08  -0.965421E-08  -0.166743E-08
   0.544300E+04  -0.166302E-08  -0.564318E-08  -0.472026E-08
   0.544400E+04   0.881673E-10  -0.113043E-08  -0.746437E-08
   0.544500E+04   0.191066E-08   0.343339E-08  -0.959974E-08
   0.544600E+04   0.363506E-08   0.759394E-08  -0.108844E-07
   0.544700E+04   0.509919E-08   0.109391E-07  -0.111599E-07
   0.544800E+04   0.616427E-08   0.131406E-07  -0.103686E-07
   0.544900E+04   0.672890E-08   0.139870E-07  -0.856053E-08
   0.545000E+04   0.673930E-08   0.134052E-07  -0.588926E-08
   0.545100E+04   0.619484E-08   0.114669E-07  -0.259747E-08
   0.545200E+04   0.514820E-08   0.838172E-08   0.100698E-08
   0.545300E+04   0.370027E-08   0.447503E-08   0.458151E-08
   0.545400E+04   0.199017E-08   0.154812E-09   0.778307E-08
   0.545500E+04   0.181416E-09  -0.413021E-08   0.103026E-07
   0.545600E+04  -0.155427E-08  -0.793643E-08   0.118960E-07
   0.545700E+04  -0.305404E-08  -0.108706E-07   0.124093E-07
   0.545800E+04  -0.418006E-08  -0.126303E-07   0.117936E-07
   0.545900E+04  -0.483306E-08  -0.130342E-07   0.101112E-07
   0.546000E+04  -0.496203E-08  -0.120410E-07   0.752863E-08
   0.546100E+04  -0.456899E-08  -0.975352E-08   0.430093E-08
   0.546200E+04  -0.370840E-08  -0.640793E-08   0.745757E-09
   0.546300E+04  -0.248130E-08  -0.234964E-08  -0.278822E-08
   0.546400E+04  -0.102475E-08   0.200211E-08  -0.595614E-08
   0.546500E+04   0.502419E-09   0.619718E-08  -0.845150E-08
   0.546600E+04   0.193587E-08   0.980068E-08  -0.100367E-07
   0.546700E+04   0.312265E-08   0.124375E-07  -0.105666E-07
   0.546800E+04   0.393682E-08   0.138310E-07  -0.100028E-07
   0.546900E+04   0.429226E-08   0.138312E-07  -0.841730E-08
   0.547000E+04   0.415139E-08   0.124304E-07  -0.598435E-08
   0.547100E+04   0.352888E-08   0.976452E-08  -0.296279E-08
   0.547200E+04   0.248999E-08   0.609901E-08   0.330674E-09
   0.547300E+04   0.114374E-08   0.180220E-08   0.355381E-08
   0.547400E+04  -0.368404E-09  -0.269219E-08   0.637376E-08
   0.547500E+04  -0.188725E-08  -0.692918E-08   0.850088E-08
   0.547600E+04  -0.325229E-08  -0.104789E-07   0.971815E-08
   0.547700E+04  -0.431839E-08  -0.129806E-07   0.990311E-08
   0.547800E+04  -0.497079E-08  -0.141792E-07   0.904010E-08
   0.547900E+04  -0.513707E-08  -0.139516E-07   0.722160E-08
   0.548000E+04  -0.479477E-08  -0.123196E-07   0.463855E-08
   0.548100E+04  -0.397386E-08  -0.944743E-08   0.156059E-08
   0.548200E+04  -0.275388E-08  -0.562548E-08  -0.169172E-08
   0.548300E+04  -0.125592E-08  -0.124076E-08  -0.477985E-08
   0.548400E+04   0.369597E-09   0.326239E-08  -0.738208E-08
   0.548500E+04   0.195824E-08   0.742744E-08  -0.922655E-08
   0.548600E+04   0.334834E-08   0.108322E-07  -0.101192E-07
   0.548700E+04   0.439750E-08   0.131316E-07  -0.996377E-08
   0.548800E+04   0.499724E-08   0.140931E-07  -0.877179E-08
   0.548900E+04   0.508417E-08   0.136203E-07  -0.666154E-08
   0.549000E+04   0.464664E-08   0.117627E-07  -0.384612E-08
   0.549100E+04   0.372605E-08   0.871050E-08  -0.611826E-09
   0.549200E+04   0.241293E-08   0.477582E-08   0.271105E-08
   0.549300E+04   0.837823E-09   0.360332E-09   0.578185E-08
   0.549400E+04  -0.841776E-09  -0.408546E-08   0.828429E-08
   0.549500E+04  -0.245730E-08  -0.810821E-08   0.995883E-08
   0.549600E+04  -0.384611E-08  -0.112980E-07   0.106292E-07
   0.549700E+04  -0.486795E-08  -0.133301E-07   0.102206E-07
   0.549800E+04  -0.541914E-08  -0.139984E-07   0.876722E-08
   0.549900E+04  -0.544300E-08  -0.132364E-07   0.640939E-08
   0.550000E+04  -0.493565E-08  -0.111240E-07   0.337912E-08
   0.550100E+04  -0.394633E-08  -0.787946E-08  -0.231397E-10
   0.550200E+04  -0.257242E-08  -0.383744E-08  -0.345890E-08
   0.550300E+04  -0.949518E-09   0.585338E-09  -0.658591E-08
   0.550400E+04   0.762279E-09   0.493254E-08  -0.909273E-08
   0.550500E+04   0.239463E-08   0.875481E-08  -0.107302E-07
   0.550600E+04   0.378801E-08   0.116558E-07  -0.113368E-07
   0.550700E+04   0.480778E-08   0.133326E-07  -0.108543E-07
   0.550800E+04   0.535782E-08   0.136073E-07  -0.933407E-08
   0.550900E+04   0.539010E-08   0.124450E-07  -0.693136E-08
   0.551000E+04   0.490940E-08   0.995785E-08  -0.388917E-08
   0.551100E+04   0.397261E-08   0.639423E-08  -0.513451E-09
   0.551200E+04   0.268266E-08   0.211341E-08   0.285821E-08
   0.551300E+04   0.117782E-08  -0.245059E-08   0.589107E-08
   0.551400E+04  -0.382662E-09  -0.683305E-08   0.828732E-08
   0.551500E+04  -0.183505E-08  -0.105857E-07   0.981633E-08
   0.551600E+04  -0.302808E-08  -0.133226E-07   0.103380E-07
   0.551700E+04  -0.383854E-08  -0.147590E-07   0.981666E-08
   0.551800E+04  -0.418411E-08  -0.147411E-07   0.832442E-08
   0.551900E+04  -0.403186E-08  -0.132616E-07   0.603321E-08
   0.552000E+04  -0.340170E-08  -0.104608E-07   0.319673E-08
   0.552100E+04  -0.236443E-08  -0.661273E-08   0.123901E-09
   0.552200E+04  -0.103443E-08  -0.209790E-08  -0.285339E-08
   0.552300E+04   0.442091E-09   0.263535E-08  -0.541486E-08
   0.552400E+04   0.190222E-08   0.711585E-08  -0.728523E-08
   0.552500E+04   0.318325E-08   0.108972E-07  -0.826309E-08
   0.552600E+04   0.413965E-08   0.136028E-07  -0.824203E-08
   0.552700E+04   0.465834E-08   0.149639E-07  -0.722210E-08
   0.552800E+04   0.467073E-08   0.148467E-07  -0.531021E-08
   0.552900E+04   0.416028E-08   0.132658E-07  -0.270947E-08
   0.553000E+04   0.316475E-08   0.103827E-07   0.301438E-09
   0.553100E+04   0.177290E-08   0.648927E-08   0.339689E-08
   0.553200E+04   0.116027E-09   0.197803E-08   0.623789E-08
   0.553300E+04  -0.164500E-08  -0.269738E-08   0.850725E-08
   0.553400E+04  -0.333570E-08  -0.706827E-08   0.994276E-08
   0.553500E+04  -0.478547E-08  -0.106983E-07   0.103650E-07
   0.553600E+04  -0.584477E-08  -0.132274E-07   0.969657E-08
   0.553700E+04  -0.640037E-08  -0.144082E-07   0.797168E-08
   0.553800E+04  -0.638692E-08  -0.141304E-07   0.533355E-08
   0.553900E+04  -0.579386E-08  -0.124320E-07   0.202132E-08
   0.554000E+04  -0.466683E-08  -0.949462E-08  -0.165312E-08
   0.554100E+04  -0.310353E-08  -0.562464E-08  -0.533584E-08
   0.554200E+04  -0.124429E-08  -0.122170E-08  -0.866600E-08
   0.554300E+04   0.741557E-09   0.326234E-08  -0.113120E-07
   0.554400E+04   0.267220E-08   0.736964E-08  -0.130048E-07
   0.554500E+04   0.437118E-08   0.106831E-07  -0.135653E-07
   0.554600E+04   0.568460E-08   0.128690E-07  -0.129226E-07
   0.554700E+04   0.649614E-08   0.137108E-07  -0.111220E-07
   0.554800E+04   0.673821E-08   0.131307E-07  -0.832090E-08
   0.554900E+04   0.639835E-08   0.111979E-07  -0.477379E-08
   0.555000E+04   0.551994E-08   0.812071E-08  -0.807640E-09
   0.555100E+04   0.419754E-08   0.422483E-08   0.321013E-08
   0.555200E+04   0.256698E-08  -0.801431E-10   0.690761E-08
   0.555300E+04   0.791490E-09  -0.434312E-08   0.994479E-08
   0.555400E+04  -0.954853E-09  -0.811802E-08   0.120468E-07
   0.555500E+04  -0.250463E-08  -0.110098E-07   0.130304E-07
   0.555600E+04  -0.371380E-08  -0.127152E-07   0.128217E-07
   0.555700E+04  -0.447584E-08  -0.130539E-07   0.114624E-07
   0.555800E+04  -0.473206E-08  -0.119877E-07   0.910492E-08
   0.555900E+04  -0.447691E-08  -0.962402E-08   0.599645E-08
   0.556000E+04  -0.375775E-08  -0.620551E-08   0.245340E-08
   0.556100E+04  -0.266936E-08  -0.208512E-08  -0.117059E-08
   0.556200E+04  -0.134342E-08   0.231002E-08  -0.452034E-08
   0.556300E+04   0.655900E-10   0.652244E-08  -0.727456E-08
   0.556400E+04   0.139682E-08   0.101113E-07  -0.917774E-08
   0.556500E+04   0.250006E-08   0.126979E-07  -0.100650E-07
   0.556600E+04   0.325155E-08   0.140047E-07  -0.987745E-08
   0.556700E+04   0.356692E-08   0.138845E-07  -0.866713E-08
   0.556800E+04   0.341007E-08   0.123357E-07  -0.658997E-08
   0.556900E+04   0.279689E-08   0.950357E-08  -0.388860E-08
   0.557000E+04   0.179357E-08   0.566541E-08  -0.866330E-09
   0.557100E+04   0.509655E-09   0.120319E-08   0.214494E-08
   0.557200E+04  -0.913541E-09  -0.343514E-08   0.481952E-08
   0.557300E+04  -0.231779E-08  -0.778108E-08   0.687183E-08
   0.557400E+04  -0.354471E-08  -0.113932E-07   0.808597E-08
   0.557500E+04  -0.445256E-08  -0.139022E-07   0.833786E-08
   0.557600E+04  -0.493144E-08  -0.150485E-07   0.760780E-08
   0.557700E+04  -0.491523E-08  -0.147094E-07   0.598199E-08
   0.557800E+04  -0.438904E-08  -0.129115E-07   0.364309E-08
   0.557900E+04  -0.339144E-08  -0.982889E-08   0.850678E-09
   0.558000E+04  -0.201109E-08  -0.576548E-08  -0.208631E-08
   0.558100E+04  -0.378219E-09  -0.112492E-08  -0.484233E-08
   0.558200E+04   0.134832E-08   0.363020E-08  -0.710967E-08
   0.558300E+04   0.299700E-08   0.802493E-08  -0.863119E-08
   0.558400E+04   0.440106E-08   0.116200E-07  -0.922772E-08
   0.558500E+04   0.541561E-08   0.140562E-07  -0.881747E-08
   0.558600E+04   0.593259E-08   0.150907E-07  -0.742534E-08
   0.558700E+04   0.589219E-08   0.146219E-07  -0.518111E-08
   0.558800E+04   0.528941E-08   0.126992E-07  -0.230665E-08
   0.558900E+04   0.417513E-08   0.951855E-08   0.906445E-09
   0.559000E+04   0.265152E-08   0.540244E-08   0.412671E-08
   0.559100E+04   0.862236E-09   0.767098E-09   0.701690E-08
   0.559200E+04  -0.102157E-08  -0.391952E-08   0.926903E-08
   0.559300E+04  -0.281819E-08  -0.818516E-08   0.106365E-07
   0.559400E+04  -0.435336E-08  -0.116011E-07   0.109604E-07
   0.559500E+04  -0.547763E-08  -0.138254E-07   0.101865E-07
   0.559600E+04  -0.608137E-08  -0.146377E-07   0.837222E-08
   0.559700E+04  -0.610575E-08  -0.139611E-07   0.568171E-08
   0.559800E+04  -0.554873E-08  -0.118698E-07   0.237027E-08
   0.559900E+04  -0.446538E-08  -0.858158E-08  -0.124078E-08
   0.560000E+04  -0.296248E-08  -0.443502E-08  -0.479612E-08
   0.560100E+04  -0.118796E-08   0.144793E-09  -0.794207E-08
   0.560200E+04   0.683833E-09   0.468981E-08  -0.103624E-07
   0.560300E+04   0.246940E-08   0.873669E-08  -0.118103E-07
   0.560400E+04   0.399439E-08   0.118741E-07  -0.121341E-07
   0.560500E+04   0.511088E-08   0.137843E-07  -0.112927E-07
   0.560600E+04   0.571203E-08   0.142759E-07  -0.936051E-08
   0.560700E+04   0.574260E-08   0.133026E-07  -0.652068E-08
   0.560800E+04   0.520424E-08   0.109684E-07  -0.304712E-08
   0.560900E+04   0.415511E-08   0.751622E-08   0.722494E-09
   0.561000E+04   0.270384E-08   0.330320E-08   0.442022E-08
   0.561100E+04   0.998361E-09  -0.123594E-08   0.768454E-08
   0.561200E+04  -0.789081E-09  -0.563355E-08   0.101965E-07
   0.561300E+04  -0.247934E-08  -0.943690E-08   0.117113E-07
   0.561400E+04  -0.390444E-08  -0.122546E-07   0.120834E-07
   0.561500E+04  -0.492436E-08  -0.137966E-07   0.112802E-07
   0.561600E+04  -0.544102E-08  -0.139042E-07   0.938595E-08
   0.561700E+04  -0.540791E-08  -0.125660E-07   0.659263E-08
   0.561800E+04  -0.483442E-08  -0.991933E-08   0.318095E-08
   0.561900E+04  -0.378458E-08  -0.623637E-08  -0.508099E-09
   0.562000E+04  -0.237015E-08  -0.189614E-08  -0.410756E-08
   0.562100E+04  -0.738968E-09   0.265415E-08  -0.726135E-08
   0.562200E+04   0.940365E-09   0.694488E-08  -0.965995E-08
   0.562300E+04   0.249584E-08   0.105321E-07  -0.110714E-07
   0.562400E+04   0.376966E-08   0.130433E-07  -0.113641E-07
   0.562500E+04   0.463432E-08   0.142154E-07  -0.105202E-07
   0.562600E+04   0.500558E-08   0.139221E-07  -0.863595E-08
   0.562700E+04   0.485085E-08   0.121872E-07  -0.591243E-08
   0.562800E+04   0.419233E-08   0.918238E-08  -0.263399E-08
   0.562900E+04   0.310446E-08   0.520997E-08   0.860704E-09
   0.563000E+04   0.170604E-08   0.672508E-09   0.421343E-08
   0.563100E+04   0.147708E-09  -0.396824E-08   0.708297E-08
   0.563200E+04  -0.140373E-08  -0.823827E-08   0.917981E-08
   0.563300E+04  -0.278272E-08  -0.116996E-07   0.102955E-07
   0.563400E+04  -0.384213E-08  -0.139953E-07   0.103236E-07
   0.563500E+04  -0.446863E-08  -0.148856E-07   0.927041E-08
   0.563600E+04  -0.459446E-08  -0.142732E-07   0.725347E-08
   0.563700E+04  -0.420453E-08  -0.122132E-07   0.448956E-08
   0.563800E+04  -0.333813E-08  -0.890777E-08   0.127184E-08
   0.563900E+04  -0.208488E-08  -0.468632E-08  -0.206048E-08
   0.564000E+04  -0.575637E-09   0.279635E-10  -0.515724E-08
   0.564100E+04   0.103107E-08   0.476078E-08  -0.769352E-08
   0.564200E+04   0.256537E-08   0.903477E-08  -0.940321E-08
   0.564300E+04   0.386366E-08   0.124179E-07  -0.101065E-07
   0.564400E+04   0.478568E-08   0.145674E-07  -0.972856E-08
   0.564500E+04   0.522913E-08   0.152646E-07  -0.830725E-08
   0.564600E+04   0.514059E-08   0.144371E-07  -0.598943E-08
   0.564700E+04   0.452134E-08   0.121665E-07  -0.301593E-08
   0.564800E+04   0.342763E-08   0.868031E-08   0.303205E-09
   0.564900E+04   0.196534E-08   0.432854E-08   0.362059E-08
   0.565000E+04   0.279431E-09  -0.451122E-09   0.658730E-08
   0.565100E+04  -0.146056E-08  -0.517790E-08   0.888894E-08
   0.565200E+04  -0.307769E-08  -0.937652E-08   0.102783E-07
   0.565300E+04  -0.440563E-08  -0.126253E-07   0.106011E-07
   0.565400E+04  -0.530565E-08  -0.145989E-07   0.981232E-08
   0.565500E+04  -0.568093E-08  -0.151012E-07   0.798157E-08
   0.565600E+04  -0.548672E-08  -0.140849E-07   0.528639E-08
   0.565700E+04  -0.473517E-08  -0.116565E-07   0.199466E-08
   0.565800E+04  -0.349454E-08  -0.806503E-08  -0.156226E-08
   0.565900E+04  -0.188264E-08  -0.367683E-08  -0.502309E-08
   0.566000E+04  -0.552942E-10   0.106187E-08  -0.803338E-08
   0.566100E+04   0.180908E-08   0.567036E-08  -0.102816E-07
   0.566200E+04   0.352726E-08   0.968236E-08  -0.115312E-07
   0.566300E+04   0.492945E-08   0.126934E-07  -0.116449E-07
   0.566400E+04   0.587634E-08   0.144017E-07  -0.105992E-07
   0.566500E+04   0.627298E-08   0.146391E-07  -0.848743E-08
   0.566600E+04   0.607838E-08   0.133877E-07  -0.551064E-08
   0.566700E+04   0.530955E-08   0.107814E-07  -0.195794E-08
   0.566800E+04   0.403987E-08   0.709239E-08   0.182244E-08
   0.566900E+04   0.239170E-08   0.270265E-08   0.545792E-08
   0.567000E+04   0.524148E-09  -0.193478E-08   0.858903E-08
   0.567100E+04  -0.138284E-08  -0.634240E-08   0.109056E-07
   0.567200E+04  -0.314649E-08  -0.100671E-07   0.121778E-07
   0.567300E+04  -0.459934E-08  -0.127265E-07   0.122797E-07
   0.567400E+04  -0.560594E-08  -0.140480E-07   0.112017E-07
   0.567500E+04  -0.607614E-08  -0.138968E-07   0.905127E-08
   0.567600E+04  -0.597381E-08  -0.122898E-07   0.604283E-08
   0.567700E+04  -0.532013E-08  -0.939341E-08   0.247551E-08
   0.567800E+04  -0.419095E-08  -0.550710E-08  -0.129671E-08
   0.567900E+04  -0.270879E-08  -0.103240E-08  -0.490072E-08
   0.568000E+04  -0.102999E-08   0.356809E-08  -0.798181E-08
   0.568100E+04   0.671373E-09   0.781807E-08  -0.102393E-07
   0.568200E+04   0.222140E-08   0.112764E-07  -0.114567E-07
   0.568300E+04   0.346411E-08   0.135824E-07  -0.115232E-07
   0.568400E+04   0.427727E-08   0.144929E-07  -0.104445E-07
   0.568500E+04   0.458473E-08   0.139075E-07  -0.834169E-08
   0.568600E+04   0.436397E-08   0.118788E-07  -0.543870E-08
   0.568700E+04   0.364803E-08   0.860792E-08  -0.203900E-08
   0.568800E+04   0.252184E-08   0.442370E-08   0.150550E-08
   0.568900E+04   0.111309E-08  -0.250307E-09   0.483050E-08
   0.569000E+04  -0.421217E-09  -0.493897E-08   0.759649E-08
   0.569100E+04  -0.191125E-08  -0.916401E-08   0.952330E-08
   0.569200E+04  -0.319214E-08  -0.124928E-07   0.104186E-07
   0.569300E+04  -0.412123E-08  -0.145825E-07   0.101973E-07
   0.569400E+04  -0.459302E-08  -0.152154E-07   0.888982E-08
   0.569500E+04  -0.455029E-08  -0.143212E-07   0.663886E-08
   0.569600E+04  -0.399018E-08  -0.119849E-07   0.368430E-08
   0.569700E+04  -0.296471E-08  -0.843786E-08   0.338383E-09
   0.569800E+04  -0.157553E-08  -0.403517E-08  -0.304659E-08
   0.569900E+04   0.364307E-10   0.780479E-09  -0.611462E-08
   0.570000E+04   0.170541E-08   0.552351E-08  -0.854272E-08
   0.570100E+04   0.325793E-08   0.971472E-08  -0.100743E-07
   0.570200E+04   0.453075E-08   0.129299E-07  -0.105456E-07
   0.570300E+04   0.538787E-08   0.148431E-07  -0.990284E-08
   0.570400E+04   0.573473E-08   0.152595E-07  -0.820755E-08
   0.570500E+04   0.552833E-08   0.141357E-07  -0.563077E-08
   0.570600E+04   0.478195E-08   0.115840E-07  -0.243539E-08
   0.570700E+04   0.356428E-08   0.786123E-08   0.105072E-08
   0.570800E+04   0.199272E-08   0.334274E-08   0.446834E-08
   0.570900E+04   0.221688E-09  -0.151550E-08   0.746385E-08
   0.571000E+04  -0.157286E-08  -0.622316E-08   0.972566E-08
   0.571100E+04  -0.321128E-08  -0.103053E-07   0.110164E-07
   0.571200E+04  -0.452849E-08  -0.133505E-07   0.111977E-07
   0.571300E+04  -0.539090E-08  -0.150527E-07   0.102444E-07
   0.571400E+04  -0.571011E-08  -0.152418E-07   0.824828E-08
   0.571500E+04  -0.545221E-08  -0.139017E-07   0.540822E-08
   0.571600E+04  -0.464146E-08  -0.111711E-07   0.201083E-08
   0.571700E+04  -0.335815E-08  -0.732968E-08  -0.159878E-08
   0.571800E+04  -0.173073E-08  -0.276975E-08  -0.505210E-08
   0.571900E+04   0.769650E-10   0.204388E-08  -0.799483E-08
   0.572000E+04   0.188213E-08   0.662105E-08  -0.101232E-07
   0.572100E+04   0.350141E-08   0.104961E-07  -0.112150E-07
   0.572200E+04   0.476939E-08   0.132754E-07  -0.111532E-07
   0.572300E+04   0.555542E-08   0.146769E-07  -0.993760E-08
   0.572400E+04   0.577687E-08   0.145592E-07  -0.768579E-08
   0.572500E+04   0.540769E-08   0.129357E-07  -0.462159E-08
   0.572600E+04   0.448116E-08   0.997323E-08  -0.105267E-08
   0.572700E+04   0.308679E-08   0.597488E-08   0.266041E-08
   0.572800E+04   0.136139E-08   0.134918E-08   0.614061E-08
   0.572900E+04  -0.524496E-09  -0.343158E-08   0.903266E-08
   0.573000E+04  -0.238371E-08  -0.787941E-08   0.110392E-07
   0.573100E+04  -0.403121E-08  -0.115404E-07   0.119510E-07
   0.573200E+04  -0.530270E-08  -0.140408E-07   0.116689E-07
   0.573300E+04  -0.607109E-08  -0.151252E-07   0.102136E-07
   0.573400E+04  -0.625931E-08  -0.146825E-07   0.772453E-08
   0.573500E+04  -0.584803E-08  -0.127570E-07   0.444574E-08
   0.573600E+04  -0.487766E-08  -0.954408E-08   0.701733E-09
   0.573700E+04  -0.344421E-08  -0.536992E-08  -0.313519E-08
   0.573800E+04  -0.168966E-08  -0.658523E-09  -0.668234E-08
   0.573900E+04   0.212339E-09   0.411167E-08  -0.958522E-08
   0.574000E+04   0.207394E-08   0.845655E-08  -0.115534E-07
   0.574100E+04   0.371198E-08   0.119357E-07  -0.123896E-07
   0.574200E+04   0.496634E-08   0.141971E-07  -0.120102E-07
   0.574300E+04   0.571604E-08   0.150132E-07  -0.104533E-07
   0.574400E+04   0.589119E-08   0.143039E-07  -0.787501E-08
   0.574500E+04   0.547998E-08   0.121446E-07  -0.453418E-08
   0.574600E+04   0.452958E-08   0.875863E-08  -0.765879E-09
   0.574700E+04   0.314121E-08   0.449412E-08   0.305214E-08
   0.574800E+04   0.145969E-08  -0.211412E-09   0.653756E-08
   0.574900E+04  -0.341348E-09  -0.487581E-08   0.934203E-08
   0.575000E+04  -0.207720E-08  -0.902153E-08   0.111863E-07
   0.575100E+04  -0.357087E-08  -0.122244E-07   0.118881E-07
   0.575200E+04  -0.467099E-08  -0.141567E-07   0.113810E-07
   0.575300E+04  -0.526718E-08  -0.146211E-07   0.972011E-08
   0.575400E+04  -0.530114E-08  -0.135701E-07   0.707717E-08
   0.575500E+04  -0.477244E-08  -0.111113E-07   0.372253E-08
   0.575600E+04  -0.373840E-08  -0.749616E-08  -0.217564E-11
   0.575700E+04  -0.230811E-08  -0.309426E-08  -0.371868E-08
   0.575800E+04  -0.631210E-09   0.164452E-08  -0.705043E-08
   0.575900E+04   0.111754E-08   0.623605E-08  -0.966072E-08
   0.576000E+04   0.275609E-08   0.102115E-07  -0.112867E-07
   0.576100E+04   0.411378E-08   0.131651E-07  -0.117658E-07
   0.576200E+04   0.504872E-08   0.147960E-07  -0.110521E-07
   0.576300E+04   0.546231E-08   0.149387E-07  -0.922092E-08
   0.576400E+04   0.530924E-08   0.135802E-07  -0.646055E-08
   0.576500E+04   0.460213E-08   0.108614E-07  -0.305333E-08
   0.576600E+04   0.341022E-08   0.706211E-08   0.653340E-09
   0.576700E+04   0.185228E-08   0.257319E-08   0.428236E-08
   0.576800E+04   0.844852E-10  -0.214413E-08   0.746525E-08
   0.576900E+04  -0.171546E-08  -0.660523E-08   0.987953E-08
   0.577000E+04  -0.336647E-08  -0.103519E-07   0.112814E-07
   0.577100E+04  -0.470242E-08  -0.129994E-07   0.115304E-07
   0.577200E+04  -0.558909E-08  -0.142759E-07   0.106034E-07
   0.577300E+04  -0.593769E-08  -0.140506E-07   0.859651E-08
   0.577400E+04  -0.571384E-08  -0.123473E-07   0.571556E-08
   0.577500E+04  -0.494096E-08  -0.934198E-08   0.225448E-08
   0.577600E+04  -0.369771E-08  -0.534519E-08  -0.143455E-08
   0.577700E+04  -0.210995E-08  -0.770204E-09  -0.497715E-08
   0.577800E+04  -0.337719E-09   0.390925E-08  -0.801482E-08
   0.577900E+04   0.144110E-08   0.820750E-08  -0.102414E-07
   0.578000E+04   0.304897E-08   0.116768E-07  -0.114339E-07
   0.578100E+04   0.432675E-08   0.139534E-07  -0.114755E-07
   0.578200E+04   0.514989E-08   0.147953E-07  -0.103665E-07
   0.578300E+04   0.544098E-08   0.141070E-07  -0.822431E-08
   0.578400E+04   0.517746E-08   0.119504E-07  -0.527115E-08
   0.578500E+04   0.439370E-08   0.853839E-08  -0.181090E-08
   0.578600E+04   0.317721E-08   0.421377E-08   0.180213E-08
   0.578700E+04   0.165935E-08  -0.585326E-09   0.519956E-08
   0.578800E+04   0.168451E-11  -0.537004E-08   0.803666E-08
   0.578900E+04  -0.162090E-08  -0.965056E-08   0.100276E-07
   0.579000E+04  -0.303833E-08  -0.129862E-07   0.109746E-07
   0.579100E+04  -0.410294E-08  -0.150307E-07   0.107877E-07
   0.579200E+04  -0.470482E-08  -0.155675E-07   0.949410E-08
   0.579300E+04  -0.478313E-08  -0.145329E-07   0.723468E-08
   0.579400E+04  -0.433235E-08  -0.120228E-07   0.424927E-08
   0.579500E+04  -0.340287E-08  -0.828333E-08   0.851758E-09
   0.579600E+04  -0.209564E-08  -0.368678E-08  -0.260255E-08
   0.579700E+04  -0.551674E-09   0.130612E-08  -0.575364E-08
   0.579800E+04   0.106269E-08   0.619264E-08  -0.827406E-08
   0.579900E+04   0.257319E-08   0.104789E-07  -0.990278E-08
   0.580000E+04   0.381588E-08   0.137300E-07  -0.104721E-07
   0.580100E+04   0.465438E-08   0.156145E-07  -0.992504E-08
   0.580200E+04   0.499433E-08   0.159380E-07  -0.832121E-08
   0.580300E+04   0.479351E-08   0.146631E-07  -0.583066E-08
   0.580400E+04   0.406661E-08   0.119141E-07  -0.271628E-08
   0.580500E+04   0.288411E-08   0.796426E-08   0.693373E-09
   0.580600E+04   0.136537E-08   0.320850E-08   0.403815E-08
   0.580700E+04  -0.333438E-09  -0.187612E-08   0.696369E-08
   0.580800E+04  -0.203522E-08  -0.677866E-08   0.915824E-08
   0.580900E+04  -0.356018E-08  -0.110059E-07   0.103853E-07
   0.581000E+04  -0.474444E-08  -0.141321E-07   0.105083E-07
   0.581100E+04  -0.545719E-08  -0.158423E-07   0.950560E-08
   0.581200E+04  -0.561450E-08  -0.159640E-07   0.747284E-08
   0.581300E+04  -0.518852E-08  -0.144849E-07   0.461393E-08
   0.581400E+04  -0.421095E-08  -0.115539E-07   0.122042E-08
   0.581500E+04  -0.277042E-08  -0.746635E-08  -0.235810E-08
   0.581600E+04  -0.100412E-08  -0.263418E-08  -0.574987E-08
   0.581700E+04   0.915704E-09   0.245591E-08  -0.859913E-08
   0.581800E+04   0.279886E-08   0.729159E-08  -0.106030E-07
   0.581900E+04   0.445631E-08   0.113867E-07  -0.115428E-07
   0.582000E+04   0.571925E-08   0.143304E-07  -0.113078E-07
   0.582100E+04   0.645638E-08   0.158287E-07  -0.990639E-08
   0.582200E+04   0.658746E-08   0.157341E-07  -0.746702E-08
   0.582300E+04   0.609172E-08   0.140602E-07  -0.422539E-08
   0.582400E+04   0.501053E-08   0.109802E-07  -0.501338E-09
   0.582500E+04   0.344362E-08   0.680937E-08   0.333322E-08
   0.582600E+04   0.153956E-08   0.197245E-08   0.689181E-08
   0.582700E+04  -0.518751E-09  -0.303931E-08   0.981259E-08
   0.582800E+04  -0.253217E-08  -0.771823E-08   0.117953E-07
   0.582900E+04  -0.430498E-08  -0.115917E-07   0.126321E-07
   0.583000E+04  -0.566442E-08  -0.142701E-07   0.122293E-07
   0.583100E+04  -0.647792E-08  -0.154865E-07   0.106172E-07
   0.583200E+04  -0.666632E-08  -0.151231E-07   0.794810E-08
   0.583300E+04  -0.621194E-08  -0.132235E-07   0.448150E-08
   0.583400E+04  -0.516034E-08  -0.998742E-08   0.558270E-09
   0.583500E+04  -0.361594E-08  -0.575059E-08  -0.343315E-08
   0.583600E+04  -0.173161E-08  -0.949864E-09  -0.709572E-08
   0.583700E+04   0.306474E-09   0.392129E-08  -0.100637E-07
   0.583800E+04   0.229733E-08   0.836333E-08  -0.120395E-07
   0.583900E+04   0.404517E-08   0.119217E-07  -0.128238E-07
   0.584000E+04   0.537886E-08   0.142331E-07  -0.123361E-07
   0.584100E+04   0.616887E-08   0.150627E-07  -0.106228E-07
   0.584200E+04   0.634005E-08   0.143279E-07  -0.785289E-08
   0.584300E+04   0.587898E-08   0.121067E-07  -0.430135E-08
   0.584400E+04   0.483511E-08   0.862955E-08  -0.321622E-09
   0.584500E+04   0.331557E-08   0.425571E-08   0.368975E-08
   0.584600E+04   0.147427E-08  -0.563660E-09   0.733286E-08
   0.584700E+04  -0.503689E-09  -0.533172E-08   0.102446E-07
   0.584800E+04  -0.242066E-08  -0.955687E-08   0.121351E-07
   0.584900E+04  -0.408632E-08  -0.128032E-07   0.128169E-07
   0.585000E+04  -0.533672E-08  -0.147350E-07   0.122237E-07
   0.585100E+04  -0.605061E-08  -0.151514E-07   0.104169E-07
   0.585200E+04  -0.616139E-08  -0.140071E-07   0.757958E-08
   0.585300E+04  -0.566354E-08  -0.114168E-07   0.399792E-08
   0.585400E+04  -0.461284E-08  -0.764389E-08   0.322222E-10
   0.585500E+04  -0.312040E-08  -0.307332E-08  -0.391929E-08
   0.585600E+04  -0.134116E-08   0.182746E-08  -0.746058E-08
   0.585700E+04   0.542043E-09   0.655645E-08  -0.102377E-07
   0.585800E+04   0.233712E-08   0.106284E-07  -0.119743E-07
   0.585900E+04   0.386224E-08   0.136247E-07  -0.124994E-07
   0.586000E+04   0.496424E-08   0.152360E-07  -0.117644E-07
   0.586100E+04   0.553402E-08   0.152943E-07  -0.984739E-08
   0.586200E+04   0.551738E-08   0.137903E-07  -0.694570E-08
   0.586300E+04   0.492029E-08   0.108746E-07  -0.335512E-08
   0.586400E+04   0.380798E-08   0.684248E-08   0.559963E-09
   0.586500E+04   0.229798E-08   0.210389E-08   0.440350E-08
   0.586600E+04   0.547900E-09  -0.285811E-08   0.778791E-08
   0.586700E+04  -0.126084E-08  -0.753676E-08   0.103732E-07
   0.586800E+04  -0.294167E-08  -0.114533E-07   0.119013E-07
   0.586900E+04  -0.432192E-08  -0.142060E-07   0.122217E-07
   0.587000E+04  -0.526048E-08  -0.155114E-07   0.113065E-07
   0.587100E+04  -0.566208E-08  -0.152331E-07   0.925309E-08
   0.587200E+04  -0.548688E-08  -0.133967E-07   0.627344E-08
   0.587300E+04  -0.475431E-08  -0.101865E-07   0.267262E-08
   0.587400E+04  -0.354093E-08  -0.592803E-08  -0.118258E-08
   0.587500E+04  -0.197229E-08  -0.105412E-08  -0.490105E-08
   0.587600E+04  -0.209903E-09   0.393849E-08  -0.810707E-08
   0.587700E+04   0.156545E-08   0.853993E-08  -0.104785E-07
   0.587800E+04   0.317238E-08   0.122792E-07  -0.117793E-07
   0.587900E+04   0.444756E-08   0.147723E-07  -0.118832E-07
   0.588000E+04   0.526246E-08   0.157615E-07  -0.107861E-07
   0.588100E+04   0.553649E-08   0.151420E-07  -0.860635E-08
   0.588200E+04   0.524516E-08   0.129726E-07  -0.557183E-08
   0.588300E+04   0.442251E-08   0.947044E-08  -0.199663E-08
   0.588400E+04   0.315741E-08   0.498882E-08   0.175143E-08
   0.588500E+04   0.158425E-08  -0.184113E-10   0.528854E-08
   0.588600E+04  -0.130984E-09  -0.504294E-08   0.825421E-08
   0.588700E+04  -0.180801E-08  -0.957363E-08   0.103481E-07
   0.588800E+04  -0.327092E-08  -0.131486E-07   0.113605E-07
   0.588900E+04  -0.436642E-08  -0.154023E-07   0.111936E-07
   0.589000E+04  -0.497972E-08  -0.161029E-07   0.987145E-08
   0.589100E+04  -0.504648E-08  -0.151761E-07   0.753671E-08
   0.589200E+04  -0.455951E-08  -0.127129E-07   0.443603E-08
   0.589300E+04  -0.356958E-08  -0.896063E-08   0.894379E-09
   0.589400E+04  -0.218022E-08  -0.429802E-08  -0.271860E-08
   0.589500E+04  -0.537091E-09   0.803122E-09  -0.602667E-08
   0.589600E+04   0.118705E-08   0.582578E-08  -0.868582E-08
   0.589700E+04   0.281021E-08   0.102602E-07  -0.104197E-07
   0.589800E+04   0.416001E-08   0.136558E-07  -0.110479E-07
   0.589900E+04   0.509162E-08   0.156668E-07  -0.105049E-07
   0.590000E+04   0.550284E-08   0.160879E-07  -0.884638E-08
   0.590100E+04   0.534492E-08   0.148749E-07  -0.624374E-08
   0.590200E+04   0.462781E-08   0.121495E-07  -0.296640E-08
   0.590300E+04   0.341945E-08   0.818701E-08   0.645940E-09
   0.590400E+04   0.183902E-08   0.338867E-08   0.421826E-08
   0.590500E+04   0.449692E-10  -0.175919E-08   0.737889E-08
   0.590600E+04  -0.178113E-08  -0.673447E-08   0.979785E-08
   0.590700E+04  -0.345309E-08  -0.110323E-07   0.112210E-07
   0.590800E+04  -0.479927E-08  -0.142164E-07   0.114961E-07
   0.590900E+04  -0.568018E-08  -0.159635E-07   0.105894E-07
   0.591000E+04  -0.600302E-08  -0.160961E-07   0.858853E-08
   0.591100E+04  -0.573140E-08  -0.146007E-07   0.569447E-08
   0.591200E+04  -0.488932E-08  -0.116292E-07   0.220086E-08
   0.591300E+04  -0.355910E-08  -0.748358E-08  -0.153581E-08
   0.591400E+04  -0.187317E-08  -0.258523E-08  -0.513273E-08
   0.591500E+04  -0.849077E-12   0.256794E-08  -0.821990E-08
   0.591600E+04   0.186875E-08   0.745205E-08  -0.104782E-07
   0.591700E+04   0.354593E-08   0.115705E-07  -0.116724E-07
   0.591800E+04   0.485971E-08   0.145045E-07  -0.116753E-07
   0.591900E+04   0.567529E-08   0.159557E-07  -0.104811E-07
   0.592000E+04   0.590800E-08   0.157765E-07  -0.820691E-08
   0.592100E+04   0.553203E-08   0.139853E-07  -0.508038E-08
   0.592200E+04   0.458335E-08   0.107643E-07  -0.141739E-08
   0.592300E+04   0.315629E-08   0.644125E-08   0.241026E-08
   0.592400E+04   0.139423E-08   0.145602E-08   0.601254E-08
   0.592500E+04  -0.524831E-09  -0.368411E-08   0.902097E-08
   0.592600E+04  -0.240611E-08  -0.845614E-08   0.111263E-07
   0.592700E+04  -0.405777E-08  -0.123745E-07   0.121103E-07
   0.592800E+04  -0.531033E-08  -0.150407E-07   0.118680E-07
   0.592900E+04  -0.603387E-08  -0.161835E-07   0.104191E-07
   0.593000E+04  -0.615134E-08  -0.156870E-07   0.790604E-08
   0.593100E+04  -0.564646E-08  -0.136020E-07   0.457992E-08
   0.593200E+04  -0.456558E-08  -0.101411E-07   0.775202E-09
   0.593300E+04  -0.301313E-08  -0.565700E-08  -0.312407E-08
   0.593400E+04  -0.114124E-08  -0.606389E-09  -0.672320E-08
   0.593500E+04   0.865458E-09   0.449652E-08  -0.965694E-08
   0.593600E+04   0.280837E-08   0.913245E-08  -0.116266E-07
   0.593700E+04   0.449489E-08   0.128300E-07  -0.124307E-07
   0.593800E+04   0.575776E-08   0.152138E-07  -0.119853E-07
   0.593900E+04   0.647186E-08   0.160429E-07  -0.103330E-07
   0.594000E+04   0.656681E-08   0.152350E-07  -0.763870E-08
   0.594100E+04   0.603396E-08   0.128755E-07  -0.417309E-08
   0.594200E+04   0.492720E-08   0.920826E-08  -0.285309E-09
   0.594300E+04   0.335748E-08   0.461123E-08   0.363236E-08
   0.594400E+04   0.148152E-08  -0.442489E-09   0.718421E-08
   0.594500E+04  -0.514078E-09  -0.543272E-08   0.100112E-07
   0.594600E+04  -0.243165E-08  -0.984540E-08   0.118273E-07
   0.594700E+04  -0.408245E-08  -0.132251E-07   0.124489E-07
   0.594800E+04  -0.530564E-08  -0.152217E-07   0.118127E-07
   0.594900E+04  -0.598441E-08  -0.156262E-07   0.998293E-08
   0.595000E+04  -0.605763E-08  -0.143922E-07   0.714442E-08
   0.595100E+04  -0.552572E-08  -0.116412E-07   0.358388E-08
   0.595200E+04  -0.445042E-08  -0.765003E-08  -0.339147E-09
   0.595300E+04  -0.294814E-08  -0.282298E-08  -0.422879E-08
   0.595400E+04  -0.117785E-08   0.234921E-08  -0.769305E-08
   0.595500E+04   0.675281E-09   0.733934E-08  -0.103836E-07
   0.595600E+04   0.241902E-08   0.116374E-07  -0.120309E-07
   0.595700E+04   0.387373E-08   0.148028E-07  -0.124720E-07
   0.595800E+04   0.489083E-08   0.165091E-07  -0.116662E-07
   0.595900E+04   0.536788E-08   0.165776E-07  -0.969982E-08
   0.596000E+04   0.525907E-08   0.149958E-07  -0.677663E-08
   0.596100E+04   0.457972E-08   0.119189E-07  -0.319731E-08
   0.596200E+04   0.340461E-08   0.765426E-08   0.671473E-09
   0.596300E+04   0.186013E-08   0.263028E-08   0.443448E-08
   0.596400E+04   0.111141E-09  -0.264697E-08   0.770829E-08
   0.596500E+04  -0.165611E-08  -0.764515E-08   0.101604E-07
   0.596600E+04  -0.325332E-08  -0.118597E-07   0.115431E-07
   0.596700E+04  -0.450961E-08  -0.148653E-07   0.117187E-07
   0.596800E+04  -0.528931E-08  -0.163588E-07   0.106736E-07
   0.596900E+04  -0.550605E-08  -0.161909E-07   0.851933E-08
   0.597000E+04  -0.513186E-08  -0.143804E-07   0.548129E-08
   0.597100E+04  -0.420026E-08  -0.111134E-07   0.187539E-08
   0.597200E+04  -0.280295E-08  -0.672371E-08  -0.192431E-08
   0.597300E+04  -0.108059E-08  -0.165935E-08  -0.552395E-08
   0.597400E+04   0.791510E-09   0.356303E-08  -0.855028E-08
   0.597500E+04   0.262135E-08   0.841073E-08  -0.106890E-07
   0.597600E+04   0.421991E-08   0.123892E-07  -0.117170E-07
   0.597700E+04   0.542061E-08   0.150922E-07  -0.115253E-07
   0.597800E+04   0.609652E-08   0.162437E-07  -0.101303E-07
   0.597900E+04   0.617358E-08   0.157253E-07  -0.767243E-08
   0.598000E+04   0.563845E-08   0.135890E-07  -0.440146E-08
   0.598100E+04   0.454011E-08   0.100515E-07  -0.651383E-09
   0.598200E+04   0.298521E-08   0.547264E-08   0.319391E-08
   0.598300E+04   0.112737E-08   0.318386E-09   0.673987E-08
   0.598400E+04  -0.848256E-09  -0.488628E-08   0.962175E-08
   0.598500E+04  -0.274371E-08  -0.961089E-08   0.115420E-07
   0.598600E+04  -0.436834E-08  -0.133736E-07   0.123010E-07
   0.598700E+04  -0.555826E-08  -0.157901E-07   0.118175E-07
   0.598800E+04  -0.619304E-08  -0.166131E-07   0.101373E-07
   0.598900E+04  -0.620810E-08  -0.157573E-07   0.742881E-08
   0.599000E+04  -0.560143E-08  -0.133084E-07   0.396584E-08
   0.599100E+04  -0.443396E-08  -0.951456E-08   0.100101E-09
   0.599200E+04  -0.282346E-08  -0.476079E-08  -0.377487E-08
   0.599300E+04  -0.932756E-09   0.469704E-09  -0.726377E-08
   0.599400E+04   0.104678E-08   0.564492E-08  -0.100100E-07
   0.599500E+04   0.291463E-08   0.102381E-07  -0.117322E-07
   0.599600E+04   0.448147E-08   0.137815E-07  -0.122530E-07
   0.599700E+04   0.558849E-08   0.159139E-07  -0.115177E-07
   0.599800E+04   0.612356E-08   0.164176E-07  -0.959971E-08
   0.599900E+04   0.603271E-08   0.152405E-07  -0.669346E-08
   0.600000E+04   0.532575E-08   0.125019E-07  -0.309474E-08
   0.600100E+04   0.407530E-08   0.847981E-08   0.829343E-09
   0.600200E+04   0.240949E-08   0.358343E-08   0.467779E-08
   0.600300E+04   0.498990E-09  -0.168890E-08   0.805658E-08
   0.600400E+04  -0.146034E-08  -0.680022E-08   0.106190E-07
   0.600500E+04  -0.326744E-08  -0.112296E-07   0.121012E-07
   0.600600E+04  -0.473650E-08  -0.145252E-07   0.123492E-07
   0.600700E+04  -0.571607E-08  -0.163503E-07   0.113349E-07
   0.600800E+04  -0.610452E-08  -0.165176E-07   0.915946E-08
   0.600900E+04  -0.586058E-08  -0.150087E-07   0.604275E-08
   0.601000E+04  -0.500774E-08  -0.119754E-07   0.230158E-08
   0.601100E+04  -0.363199E-08  -0.772500E-08  -0.168266E-08
   0.601200E+04  -0.187326E-08  -0.268882E-08  -0.550280E-08
   0.601300E+04   0.887346E-10   0.262163E-08  -0.876736E-08
   0.601400E+04   0.205265E-08   0.766663E-08  -0.111406E-07
   0.601500E+04   0.381602E-08   0.119331E-07  -0.123771E-07
   0.601600E+04   0.519588E-08   0.149870E-07  -0.123467E-07
   0.601700E+04   0.604751E-08   0.165172E-07  -0.110484E-07
   0.601800E+04   0.627927E-08   0.163675E-07  -0.861061E-08
   0.601900E+04   0.586221E-08   0.145523E-07  -0.527853E-08
   0.602000E+04   0.483321E-08   0.112554E-07  -0.138931E-08
   0.602100E+04   0.329152E-08   0.681108E-08   0.266200E-08
   0.602200E+04   0.138897E-08   0.167041E-08   0.646260E-08
   0.602300E+04  -0.685262E-09  -0.364493E-08   0.962394E-08
   0.602400E+04  -0.272359E-08  -0.859559E-08   0.118214E-07
   0.602500E+04  -0.452101E-08  -0.126794E-07   0.128275E-07
   0.602600E+04  -0.589577E-08  -0.154827E-07   0.125352E-07
   0.602700E+04  -0.670782E-08  -0.167221E-07   0.109695E-07
   0.602800E+04  -0.687306E-08  -0.162735E-07   0.828462E-08
   0.602900E+04  -0.637197E-08  -0.141848E-07   0.474932E-08
   0.603000E+04  -0.525170E-08  -0.106708E-07   0.719354E-09
   0.603100E+04  -0.362150E-08  -0.609119E-08  -0.339824E-08
   0.603200E+04  -0.164183E-08  -0.914304E-09  -0.718642E-08
   0.603300E+04   0.491692E-09   0.433111E-08  -0.102605E-07
   0.603400E+04   0.256795E-08   0.910958E-08  -0.123071E-07
   0.603500E+04   0.438150E-08   0.129336E-07  -0.131165E-07
   0.603600E+04   0.575325E-08   0.154132E-07  -0.126037E-07
   0.603700E+04   0.654845E-08   0.162959E-07  -0.108176E-07
   0.603800E+04   0.669023E-08   0.154925E-07  -0.793612E-08
   0.603900E+04   0.616731E-08   0.130859E-07  -0.424835E-08
   0.604000E+04   0.503509E-08   0.932292E-08  -0.125615E-09
   0.604100E+04   0.341002E-08   0.458916E-08   0.401622E-08
   0.604200E+04   0.145777E-08  -0.630599E-09   0.775878E-08
   0.604300E+04  -0.623502E-09  -0.580165E-08   0.107236E-07
   0.604400E+04  -0.262316E-08  -0.103940E-07   0.126104E-07
   0.604500E+04  -0.433940E-08  -0.139366E-07   0.132280E-07
   0.604600E+04  -0.559955E-08  -0.160652E-07   0.125132E-07
   0.604700E+04  -0.627749E-08  -0.165600E-07   0.105377E-07
   0.604800E+04  -0.630630E-08  -0.153677E-07   0.750090E-08
   0.604900E+04  -0.568489E-08  -0.126074E-07   0.370972E-08
   0.605000E+04  -0.447801E-08  -0.855851E-08  -0.452538E-09
   0.605100E+04  -0.280954E-08  -0.363221E-08  -0.456492E-08
   0.605200E+04  -0.849849E-09   0.167037E-08  -0.821152E-08
   0.605300E+04   0.120159E-08   0.680926E-08  -0.110236E-07
   0.605400E+04   0.313646E-08   0.112607E-07  -0.127172E-07
   0.605500E+04   0.475876E-08   0.145706E-07  -0.131216E-07
   0.605600E+04   0.590465E-08   0.164009E-07  -0.121971E-07
   0.605700E+04   0.645903E-08   0.165644E-07  -0.100386E-07
   0.605800E+04   0.636715E-08   0.150437E-07  -0.686648E-08
   0.605900E+04   0.564003E-08   0.119930E-07  -0.300379E-08
   0.606000E+04   0.435322E-08   0.772288E-08   0.115635E-08
   0.606100E+04   0.263902E-08   0.266861E-08   0.519071E-08
   0.606200E+04   0.672909E-09  -0.265435E-08   0.868899E-08
   0.606300E+04  -0.134442E-08  -0.770273E-08   0.112955E-07
   0.606400E+04  -0.320748E-08  -0.119609E-07   0.127453E-07
   0.606500E+04  -0.472700E-08  -0.149933E-07   0.128911E-07
   0.606600E+04  -0.574910E-08  -0.164894E-07   0.117185E-07
   0.606700E+04  -0.617102E-08  -0.162950E-07   0.934711E-08
   0.606800E+04  -0.595145E-08  -0.144283E-07   0.601865E-08
   0.606900E+04  -0.511472E-08  -0.110783E-07   0.207230E-08
   0.607000E+04  -0.374821E-08  -0.658551E-08  -0.208977E-08
   0.607100E+04  -0.199340E-08  -0.140728E-08  -0.604332E-08
   0.607200E+04  -0.313736E-10   0.392848E-08  -0.938516E-08
   0.607300E+04   0.193571E-08   0.887727E-08  -0.117742E-07
   0.607400E+04   0.370526E-08   0.129335E-07  -0.129663E-07
   0.607500E+04   0.509493E-08   0.156819E-07  -0.128388E-07
   0.607600E+04   0.596123E-08   0.168402E-07  -0.114035E-07
   0.607700E+04   0.621417E-08   0.162880E-07  -0.880519E-08
   0.607800E+04   0.582643E-08   0.140788E-07  -0.530701E-08
   0.607900E+04   0.483614E-08   0.104353E-07  -0.126387E-08
   0.608000E+04   0.334300E-08   0.572614E-08   0.291373E-08
   0.608100E+04   0.149808E-08   0.429155E-09   0.680140E-08
   0.608200E+04  -0.511528E-09  -0.491778E-08   0.100040E-07
   0.608300E+04  -0.248185E-08  -0.977128E-08   0.121959E-07
   0.608400E+04  -0.421276E-08  -0.136379E-07   0.131541E-07
   0.608500E+04  -0.552839E-08  -0.161245E-07   0.127808E-07
   0.608600E+04  -0.629503E-08  -0.169782E-07   0.111135E-07
   0.608700E+04  -0.643474E-08  -0.161124E-07   0.832130E-08
   0.608800E+04  -0.593326E-08  -0.136158E-07   0.468748E-08
   0.608900E+04  -0.484145E-08  -0.974306E-08   0.580916E-09
   0.609000E+04  -0.327005E-08  -0.488944E-08  -0.358151E-08
   0.609100E+04  -0.137839E-08   0.449869E-09  -0.737730E-08
   0.609200E+04   0.641879E-09   0.572997E-08  -0.104213E-07
   0.609300E+04   0.258631E-08   0.104119E-07  -0.124049E-07
   0.609400E+04   0.425851E-08   0.140175E-07  -0.131273E-07
   0.609500E+04   0.549014E-08   0.161785E-07  -0.125161E-07
   0.609600E+04   0.615800E-08   0.166739E-07  -0.106345E-07
   0.609700E+04   0.619657E-08   0.154527E-07  -0.767496E-08
   0.609800E+04   0.560460E-08   0.126393E-07  -0.393951E-08
   0.609900E+04   0.444514E-08   0.852098E-08   0.191041E-09
   0.610000E+04   0.283902E-08   0.351851E-08   0.429580E-08
   0.610100E+04   0.952460E-09  -0.185650E-08   0.795672E-08
   0.610200E+04  -0.102003E-08  -0.705385E-08   0.108012E-07
   0.610300E+04  -0.287553E-08  -0.115408E-07   0.125398E-07
   0.610400E+04  -0.442351E-08  -0.148566E-07   0.129962E-07
   0.610500E+04  -0.550530E-08  -0.166594E-07   0.121245E-07
   0.610600E+04  -0.601035E-08  -0.167615E-07   0.100145E-07
   0.610700E+04  -0.588745E-08  -0.151484E-07   0.688207E-08
   0.610800E+04  -0.514999E-08  -0.119810E-07   0.304730E-08
   0.610900E+04  -0.387455E-08  -0.757872E-08  -0.109810E-08
   0.611000E+04  -0.219298E-08  -0.238761E-08  -0.513083E-08
   0.611100E+04  -0.278913E-09   0.306514E-08  -0.863914E-08
   0.611200E+04   0.167012E-08   0.822489E-08  -0.112648E-07
   0.611300E+04   0.345290E-08   0.125661E-07  -0.127398E-07
   0.611400E+04   0.488524E-08   0.156457E-07  -0.129133E-07
   0.611500E+04   0.581885E-08   0.171489E-07  -0.117677E-07
   0.611600E+04   0.615659E-08   0.169209E-07  -0.941961E-08
   0.611700E+04   0.586250E-08   0.149829E-07  -0.610881E-08
   0.611800E+04   0.496552E-08   0.115307E-07  -0.217326E-08
   0.611900E+04   0.355656E-08   0.691412E-08   0.198516E-08
   0.612000E+04   0.177926E-08   0.160233E-08   0.594165E-08
   0.612100E+04  -0.184726E-09  -0.386437E-08   0.929186E-08
   0.612200E+04  -0.213434E-08  -0.892929E-08   0.116931E-07
   0.612300E+04  -0.386970E-08  -0.130761E-07   0.128995E-07
   0.612400E+04  -0.521269E-08  -0.158814E-07   0.127868E-07
   0.612500E+04  -0.602519E-08  -0.170581E-07   0.113655E-07
   0.612600E+04  -0.622341E-08  -0.164846E-07   0.877961E-08
   0.612700E+04  -0.578651E-08  -0.142175E-07   0.529190E-08
   0.612800E+04  -0.475889E-08  -0.104860E-07   0.125742E-08
   0.612900E+04  -0.324575E-08  -0.566870E-08  -0.291286E-08
   0.613000E+04  -0.140242E-08  -0.255038E-09  -0.679395E-08
   0.613100E+04   0.581504E-09   0.520422E-08  -0.999017E-08
   0.613200E+04   0.250153E-08   0.101532E-07  -0.121756E-07
   0.613300E+04   0.415923E-08   0.140873E-07  -0.131274E-07
   0.613400E+04   0.538262E-08   0.166050E-07  -0.127484E-07
   0.613500E+04   0.604390E-08   0.174486E-07  -0.110777E-07
   0.613600E+04   0.607271E-08   0.165306E-07  -0.828575E-08
   0.613700E+04   0.546351E-08   0.139427E-07  -0.465815E-08
   0.613800E+04   0.427638E-08   0.994693E-08  -0.565757E-09
   0.613900E+04   0.263112E-08   0.494878E-08   0.357274E-08
   0.614000E+04   0.695173E-09  -0.543787E-09   0.733367E-08
   0.614100E+04  -0.133333E-08  -0.597206E-08   0.103316E-07
   0.614200E+04  -0.324569E-08  -0.107834E-07   0.122588E-07
   0.614300E+04  -0.484398E-08  -0.144875E-07   0.129166E-07
   0.614400E+04  -0.596126E-08  -0.167064E-07   0.122361E-07
   0.614500E+04  -0.647874E-08  -0.172131E-07   0.102850E-07
   0.614600E+04  -0.633817E-08  -0.159548E-07   0.726121E-08
   0.614700E+04  -0.554794E-08  -0.130582E-07   0.347246E-08
   0.614800E+04  -0.418255E-08  -0.881720E-08  -0.694646E-09
   0.614900E+04  -0.237533E-08  -0.366271E-08  -0.481412E-08
   0.615000E+04  -0.305082E-09   0.188091E-08  -0.846400E-08
   0.615100E+04   0.182182E-08   0.724918E-08  -0.112693E-07
   0.615200E+04   0.379229E-08   0.118949E-07  -0.129405E-07
   0.615300E+04   0.540803E-08   0.153439E-07  -0.133029E-07
   0.615400E+04   0.650565E-08   0.172433E-07  -0.123149E-07
   0.615500E+04   0.697330E-08   0.173973E-07  -0.100723E-07
   0.615600E+04   0.676202E-08   0.157877E-07  -0.679855E-08
   0.615700E+04   0.589089E-08   0.125751E-07  -0.282253E-08
   0.615800E+04   0.444517E-08   0.808332E-08   0.145503E-08
   0.615900E+04   0.256782E-08   0.276611E-08   0.560219E-08
   0.616000E+04   0.445136E-09  -0.283889E-08   0.919968E-08
   0.616100E+04  -0.171199E-08  -0.816479E-08   0.118836E-07
   0.616200E+04  -0.368935E-08  -0.126732E-07   0.133824E-07
   0.616300E+04  -0.529099E-08  -0.159089E-07   0.135448E-07
   0.616400E+04  -0.635899E-08  -0.175464E-07   0.123549E-07
   0.616500E+04  -0.678938E-08  -0.174228E-07   0.993424E-08
   0.616600E+04  -0.654258E-08  -0.155548E-07   0.652929E-08
   0.616700E+04  -0.564734E-08  -0.121364E-07   0.248658E-08
   0.616800E+04  -0.419776E-08  -0.751956E-08  -0.178258E-08
   0.616900E+04  -0.234363E-08  -0.217827E-08  -0.584391E-08
   0.617000E+04  -0.275238E-09   0.333999E-08  -0.928431E-08
   0.617100E+04   0.179602E-08   0.846993E-08  -0.117540E-07
   0.617200E+04   0.365913E-08   0.126862E-07  -0.130019E-07
   0.617300E+04   0.512485E-08   0.155569E-07  -0.129017E-07
   0.617400E+04   0.604495E-08   0.167879E-07  -0.114642E-07
   0.617500E+04   0.632720E-08   0.162528E-07  -0.883663E-08
   0.617600E+04   0.594471E-08   0.140059E-07  -0.528762E-08
   0.617700E+04   0.493857E-08   0.102765E-07  -0.117981E-08
   0.617800E+04   0.341362E-08   0.544620E-08   0.306702E-08
   0.617900E+04   0.152769E-08   0.944672E-11   0.701867E-08
   0.618000E+04  -0.524558E-09  -0.547662E-08   0.102708E-07
   0.618100E+04  -0.253145E-08  -0.104491E-07   0.124901E-07
   0.618200E+04  -0.428598E-08  -0.143968E-07   0.134484E-07
   0.618300E+04  -0.560685E-08  -0.169123E-07   0.130458E-07
   0.618400E+04  -0.635708E-08  -0.177341E-07   0.113210E-07
   0.618500E+04  -0.645791E-08  -0.167731E-07   0.844770E-08
   0.618600E+04  -0.589688E-08  -0.141218E-07   0.471642E-08
   0.618700E+04  -0.472914E-08  -0.100454E-07   0.505447E-09
   0.618800E+04  -0.307188E-08  -0.495482E-08  -0.375782E-08
   0.618900E+04  -0.109236E-08   0.635182E-09  -0.764038E-08
   0.619000E+04   0.100906E-08   0.615828E-08  -0.107478E-07
   0.619100E+04   0.301932E-08   0.110543E-07  -0.127641E-07
   0.619200E+04   0.473436E-08   0.148263E-07  -0.134846E-07
   0.619300E+04   0.597986E-08   0.170912E-07  -0.128363E-07
   0.619400E+04   0.662905E-08   0.176194E-07  -0.108853E-07
   0.619500E+04   0.661559E-08   0.163576E-07  -0.783060E-08
   0.619600E+04   0.594031E-08   0.134349E-07  -0.398373E-08
   0.619700E+04   0.467121E-08   0.914958E-08   0.263155E-09
   0.619800E+04   0.293647E-08   0.393896E-08   0.447697E-08
   0.619900E+04   0.911504E-09  -0.166522E-08   0.822784E-08
   0.620000E+04  -0.119895E-08  -0.709086E-08   0.111329E-07
   0.620100E+04  -0.318157E-08  -0.117838E-07   0.128953E-07
   0.620200E+04  -0.483619E-08  -0.152645E-07   0.133346E-07
   0.620300E+04  -0.599607E-08  -0.171767E-07   0.124049E-07
   0.620400E+04  -0.654486E-08  -0.173240E-07   0.101999E-07
   0.620500E+04  -0.642835E-08  -0.156904E-07   0.694331E-08
   0.620600E+04  -0.565991E-08  -0.124412E-07   0.296591E-08
   0.620700E+04  -0.431907E-08  -0.790723E-08  -0.132778E-08
   0.620800E+04  -0.254330E-08  -0.255066E-08  -0.550087E-08
   0.620900E+04  -0.513972E-09   0.308185E-08  -0.912853E-08
   0.621000E+04   0.156221E-08   0.841487E-08  -0.118413E-07
   0.621100E+04   0.347428E-08   0.129029E-07  -0.133626E-07
   0.621200E+04   0.502857E-08   0.160860E-07  -0.135372E-07
   0.621300E+04   0.606837E-08   0.176369E-07  -0.123467E-07
   0.621400E+04   0.648994E-08   0.173947E-07  -0.991166E-08
   0.621500E+04   0.625294E-08   0.153809E-07  -0.647933E-08
   0.621600E+04   0.538446E-08   0.117982E-07  -0.239838E-08
   0.621700E+04   0.397617E-08   0.700947E-08   0.191655E-08
   0.621800E+04   0.217478E-08   0.150131E-08   0.602708E-08
   0.621900E+04   0.166925E-09  -0.416569E-08   0.951578E-08
   0.622000E+04  -0.184001E-08  -0.941387E-08   0.120287E-07
   0.622100E+04  -0.363923E-08  -0.137074E-07   0.133113E-07
   0.622200E+04  -0.504574E-08  -0.166069E-07   0.132348E-07
   0.622300E+04  -0.591539E-08  -0.178146E-07   0.118086E-07
   0.622400E+04  -0.615963E-08  -0.172043E-07   0.917986E-08
   0.622500E+04  -0.575463E-08  -0.148353E-07   0.561838E-08
   0.622600E+04  -0.474374E-08  -0.109457E-07   0.148882E-08
   0.622700E+04  -0.323299E-08  -0.592909E-08  -0.278631E-08
   0.622800E+04  -0.138026E-08  -0.294069E-09  -0.676990E-08
   0.622900E+04   0.621005E-09   0.538703E-08  -0.100548E-07
   0.623000E+04   0.256166E-08   0.105365E-07  -0.123054E-07
   0.623100E+04   0.423842E-08   0.146303E-07  -0.132920E-07
   0.623200E+04   0.547483E-08   0.172510E-07  -0.129141E-07
   0.623300E+04   0.613950E-08   0.181308E-07  -0.112108E-07
   0.623400E+04   0.615976E-08   0.171792E-07  -0.835701E-08
   0.623500E+04   0.552927E-08   0.144915E-07  -0.464511E-08
   0.623600E+04   0.430889E-08   0.103405E-07  -0.455576E-09
   0.623700E+04   0.262062E-08   0.514781E-08   0.378212E-08
   0.623800E+04   0.635224E-09  -0.558209E-09   0.763335E-08
   0.623900E+04  -0.144512E-08  -0.619643E-08   0.107028E-07
   0.624000E+04  -0.340750E-08  -0.111921E-07   0.126748E-07
   0.624100E+04  -0.505007E-08  -0.150351E-07   0.133460E-07
   0.624200E+04  -0.620279E-08  -0.173325E-07   0.126457E-07
   0.624300E+04  -0.674495E-08  -0.178479E-07   0.106437E-07
   0.624400E+04  -0.661772E-08  -0.165266E-07   0.754309E-08
   0.624500E+04  -0.583042E-08  -0.135006E-07   0.365944E-08
   0.624600E+04  -0.445976E-08  -0.907545E-08  -0.611067E-09
   0.624700E+04  -0.264226E-08  -0.369981E-08  -0.483222E-08
   0.624800E+04  -0.560532E-09   0.208058E-08  -0.857232E-08
   0.624900E+04   0.157523E-08   0.767813E-08  -0.114483E-07
   0.625000E+04   0.354859E-08   0.125232E-07  -0.131649E-07
   0.625100E+04   0.515894E-08   0.161221E-07  -0.135450E-07
   0.625200E+04   0.624197E-08   0.181072E-07  -0.125480E-07
   0.625300E+04   0.668657E-08   0.182749E-07  -0.102737E-07
   0.625400E+04   0.644624E-08   0.166059E-07  -0.695269E-08
   0.625500E+04   0.554407E-08   0.132676E-07  -0.292296E-08
   0.625600E+04   0.407056E-08   0.859723E-08   0.140476E-08
   0.625700E+04   0.217457E-08   0.306760E-08   0.558870E-08
   0.625800E+04   0.483504E-10  -0.276102E-08   0.920115E-08
   0.625900E+04  -0.209192E-08  -0.829775E-08   0.118721E-07
   0.626000E+04  -0.402808E-08  -0.129812E-07   0.133274E-07
   0.626100E+04  -0.556214E-08  -0.163367E-07   0.134164E-07
   0.626200E+04  -0.653651E-08  -0.180245E-07   0.121279E-07
   0.626300E+04  -0.685009E-08  -0.178746E-07   0.959140E-08
   0.626400E+04  -0.646866E-08  -0.159039E-07   0.606408E-08
   0.626500E+04  -0.542854E-08  -0.123147E-07   0.190468E-08
   0.626600E+04  -0.383301E-08  -0.747405E-08  -0.246290E-08
   0.626700E+04  -0.184198E-08  -0.187670E-08  -0.659277E-08
   0.626800E+04   0.344154E-09   0.390554E-08  -0.100625E-07
   0.626900E+04   0.250479E-08   0.928186E-08  -0.125163E-07
   0.627000E+04   0.442149E-08   0.137026E-07  -0.137012E-07
   0.627100E+04   0.590016E-08   0.167155E-07  -0.134935E-07
   0.627200E+04   0.679078E-08   0.180114E-07  -0.119108E-07
   0.627300E+04   0.700275E-08   0.174561E-07  -0.911108E-08
   0.627400E+04   0.651409E-08   0.151043E-07  -0.537659E-08
   0.627500E+04   0.537384E-08   0.111937E-07  -0.108510E-08
   0.627600E+04   0.369711E-08   0.612115E-08   0.332831E-08
   0.627700E+04   0.165349E-08   0.402445E-09   0.741552E-08
   0.627800E+04  -0.550096E-09  -0.538043E-08   0.107610E-07
   0.627900E+04  -0.269041E-08  -0.106384E-07   0.130244E-07
   0.628000E+04  -0.455053E-08  -0.148351E-07   0.139746E-07
   0.628100E+04  -0.594189E-08  -0.175421E-07   0.135144E-07
   0.628200E+04  -0.672346E-08  -0.184819E-07   0.116897E-07
   0.628300E+04  -0.681613E-08  -0.175566E-07   0.868521E-08
   0.628400E+04  -0.621079E-08  -0.148583E-07   0.480588E-08
   0.628500E+04  -0.496931E-08  -0.106590E-07   0.445822E-09
   0.628600E+04  -0.321831E-08  -0.538376E-08  -0.395177E-08
   0.628700E+04  -0.113631E-08   0.432837E-09  -0.793973E-08
   0.628800E+04   0.106433E-08   0.620113E-08  -0.111125E-07
   0.628900E+04   0.315901E-08   0.113363E-07  -0.131474E-07
   0.629000E+04   0.493374E-08   0.153180E-07  -0.138378E-07
   0.629100E+04   0.620685E-08   0.177432E-07  -0.131140E-07
   0.629200E+04   0.684758E-08   0.183675E-07  -0.110506E-07
   0.629300E+04   0.678933E-08   0.171300E-07  -0.785895E-08
   0.629400E+04   0.603659E-08   0.141592E-07  -0.386559E-08
   0.629500E+04   0.466448E-08   0.976057E-08   0.520785E-09
   0.629600E+04   0.281120E-08   0.438481E-08   0.485112E-08
   0.629700E+04   0.664041E-09  -0.141772E-08   0.868174E-08
   0.629800E+04  -0.155959E-08  -0.705324E-08   0.116197E-07
   0.629900E+04  -0.363425E-08  -0.119451E-07   0.133627E-07
   0.630000E+04  -0.534939E-08  -0.155925E-07   0.137306E-07
   0.630100E+04  -0.653069E-08  -0.176221E-07   0.126833E-07
   0.630200E+04  -0.705785E-08  -0.178253E-07   0.103254E-07
   0.630300E+04  -0.687681E-08  -0.161807E-07   0.689549E-08
   0.630400E+04  -0.600529E-08  -0.128556E-07   0.274223E-08
   0.630500E+04  -0.453102E-08  -0.818924E-08  -0.171133E-08
   0.630600E+04  -0.260283E-08  -0.265853E-08  -0.601072E-08
   0.630700E+04  -0.415593E-09   0.317076E-08  -0.971638E-08
   0.630800E+04   0.180960E-08   0.870164E-08  -0.124485E-07
   0.630900E+04   0.384788E-08   0.133668E-07  -0.139260E-07
   0.631000E+04   0.549344E-08   0.166865E-07  -0.139949E-07
   0.631100E+04   0.658049E-08   0.183177E-07  -0.126449E-07
   0.631200E+04   0.700006E-08   0.180894E-07  -0.100101E-07
   0.631300E+04   0.671109E-08   0.160197E-07  -0.635564E-08
   0.631400E+04   0.574460E-08   0.123149E-07  -0.205101E-08
   0.631500E+04   0.420050E-08   0.734825E-08   0.246752E-08
   0.631600E+04   0.223743E-08   0.162220E-08   0.674127E-08
   0.631700E+04   0.565618E-10  -0.428269E-08   0.103358E-07
   0.631800E+04  -0.211889E-08  -0.976683E-08   0.128853E-07
   0.631900E+04  -0.406640E-08  -0.142727E-07   0.141297E-07
   0.632000E+04  -0.558687E-08  -0.173416E-07   0.139415E-07
   0.632100E+04  -0.652487E-08  -0.186608E-07   0.123389E-07
   0.632200E+04  -0.678459E-08  -0.180950E-07   0.948403E-08
   0.632300E+04  -0.633953E-08  -0.157011E-07   0.566655E-08
   0.632400E+04  -0.523534E-08  -0.117217E-07   0.127447E-08
   0.632500E+04  -0.358513E-08  -0.656125E-08  -0.324537E-08
   0.632600E+04  -0.155800E-08  -0.744691E-09  -0.743268E-08
   0.632700E+04   0.638194E-09   0.513586E-08  -0.108606E-07
   0.632800E+04   0.277798E-08   0.104813E-07  -0.131792E-07
   0.632900E+04   0.464128E-08   0.147467E-07  -0.141511E-07
   0.633000E+04   0.603590E-08   0.174966E-07  -0.136759E-07
   0.633100E+04   0.681710E-08   0.184496E-07  -0.118003E-07
   0.633200E+04   0.690248E-08   0.175072E-07  -0.871379E-08
   0.633300E+04   0.628040E-08   0.147639E-07  -0.472912E-08
   0.633400E+04   0.501131E-08   0.104976E-07  -0.250867E-09
   0.633500E+04   0.322168E-08   0.514149E-08   0.426582E-08
   0.633600E+04   0.109117E-08  -0.759756E-09   0.836150E-08
   0.633700E+04  -0.116551E-08  -0.660573E-08   0.116192E-07
   0.633800E+04  -0.332047E-08  -0.118012E-07   0.137070E-07
   0.633900E+04  -0.515573E-08  -0.158169E-07   0.144116E-07
   0.634000E+04  -0.648542E-08  -0.182434E-07   0.136607E-07
   0.634100E+04  -0.717470E-08  -0.188327E-07   0.115299E-07
   0.634200E+04  -0.715345E-08  -0.175242E-07   0.823529E-08
   0.634300E+04  -0.642348E-08  -0.144504E-07   0.411178E-08
   0.634400E+04  -0.505833E-08  -0.992372E-08  -0.421195E-09
   0.634500E+04  -0.319583E-08  -0.440491E-08  -0.490219E-08
   0.634600E+04  -0.102413E-08   0.154395E-08  -0.887479E-08
   0.634700E+04   0.123747E-08   0.731664E-08  -0.119340E-07
   0.634800E+04   0.336076E-08   0.123245E-07  -0.137678E-07
   0.634900E+04   0.513182E-08   0.160567E-07  -0.141885E-07
   0.635000E+04   0.637283E-08   0.181318E-07  -0.131525E-07
   0.635100E+04   0.696005E-08   0.183375E-07  -0.107644E-07
   0.635200E+04   0.683647E-08   0.166518E-07  -0.726698E-08
   0.635300E+04   0.601751E-08   0.132457E-07  -0.301590E-08
   0.635400E+04   0.458947E-08   0.846583E-08   0.155591E-08
   0.635500E+04   0.270064E-08   0.279946E-08   0.598249E-08
   0.635600E+04   0.546196E-09  -0.317528E-08   0.981225E-08
   0.635700E+04  -0.165178E-08  -0.884809E-08   0.126540E-07
   0.635800E+04  -0.366697E-08  -0.136386E-07   0.142168E-07
   0.635900E+04  -0.529193E-08  -0.170557E-07   0.143398E-07
   0.636000E+04  -0.635931E-08  -0.187473E-07   0.130083E-07
   0.636100E+04  -0.675895E-08  -0.185368E-07   0.103560E-07
   0.636200E+04  -0.644920E-08  -0.164406E-07   0.665089E-08
   0.636300E+04  -0.546121E-08  -0.126672E-07   0.226829E-08
   0.636400E+04  -0.389577E-08  -0.759558E-08  -0.234731E-08
   0.636500E+04  -0.191311E-08  -0.173702E-08  -0.672755E-08
   0.636600E+04   0.283449E-09   0.431694E-08  -0.104279E-07
   0.636700E+04   0.246824E-08   0.995470E-08  -0.130729E-07
   0.636800E+04   0.441626E-08   0.146068E-07  -0.143945E-07
   0.636900E+04   0.592623E-08   0.178041E-07  -0.142597E-07
   0.637000E+04   0.684113E-08   0.192254E-07  -0.126835E-07
   0.637100E+04   0.706438E-08   0.187300E-07  -0.982821E-08
   0.637200E+04   0.656979E-08   0.163727E-07  -0.598659E-08
   0.637300E+04   0.540437E-08   0.123977E-07  -0.155214E-08
   0.637400E+04   0.368371E-08   0.721381E-08   0.302095E-08
   0.637500E+04   0.158030E-08   0.135319E-08   0.726405E-08
   0.637600E+04  -0.693918E-09  -0.458337E-08   0.107420E-07
   0.637700E+04  -0.290902E-08  -0.998743E-08   0.130972E-07
   0.637800E+04  -0.484051E-08  -0.143051E-07   0.140868E-07
   0.637900E+04  -0.629212E-08  -0.170935E-07   0.136069E-07
   0.638000E+04  -0.711584E-08  -0.180661E-07   0.117038E-07
   0.638100E+04  -0.722706E-08  -0.171221E-07   0.856894E-08
   0.638200E+04  -0.661318E-08  -0.143569E-07   0.452024E-08
   0.638300E+04  -0.533508E-08  -0.100522E-07  -0.307278E-10
   0.638400E+04  -0.352100E-08  -0.464789E-08  -0.462036E-08
   0.638500E+04  -0.135361E-08   0.130312E-08  -0.878021E-08
   0.638600E+04   0.948483E-09   0.719101E-08  -0.120847E-07
   0.638700E+04   0.315282E-08   0.124113E-07  -0.141946E-07
   0.638800E+04   0.503668E-08   0.164266E-07  -0.148916E-07
   0.638900E+04   0.640967E-08   0.188213E-07  -0.141006E-07
   0.639000E+04   0.713297E-08   0.193446E-07  -0.118978E-07
   0.639100E+04   0.713348E-08   0.179358E-07  -0.850277E-08
   0.639200E+04   0.641116E-08   0.147310E-07  -0.425653E-08
   0.639300E+04   0.503906E-08   0.100495E-07   0.413192E-09
   0.639400E+04   0.315586E-08   0.436138E-08   0.503532E-08
   0.639500E+04   0.951794E-09  -0.176016E-08   0.914331E-08
   0.639600E+04  -0.135069E-08  -0.769700E-08   0.123226E-07
   0.639700E+04  -0.351952E-08  -0.128491E-07   0.142528E-07
   0.639800E+04  -0.533650E-08  -0.166954E-07   0.147402E-07
   0.639900E+04  -0.661950E-08  -0.188474E-07   0.137377E-07
   0.640000E+04  -0.724084E-08  -0.190883E-07   0.113496E-07
   0.640100E+04  -0.714019E-08  -0.173955E-07   0.782092E-08
   0.640200E+04  -0.633059E-08  -0.139430E-07   0.351241E-08
   0.640300E+04  -0.489696E-08  -0.908390E-08  -0.113588E-08
   0.640400E+04  -0.298736E-08  -0.331437E-08  -0.564959E-08
   0.640500E+04  -0.797773E-09   0.277661E-08  -0.956831E-08
   0.640600E+04   0.144799E-08   0.856728E-08  -0.124925E-07
   0.640700E+04   0.352114E-08   0.134664E-07  -0.141242E-07
   0.640800E+04   0.521132E-08   0.169734E-07  -0.142973E-07
   0.640900E+04   0.634804E-08   0.187297E-07  -0.129948E-07
   0.641000E+04   0.681809E-08   0.185551E-07  -0.103500E-07
   0.641100E+04   0.657699E-08   0.164662E-07  -0.663363E-08
   0.641200E+04   0.565354E-08   0.126751E-07  -0.222572E-08
   0.641300E+04   0.414671E-08   0.756768E-08   0.242289E-08
   0.641400E+04   0.221545E-08   0.166457E-08   0.683658E-08
   0.641500E+04   0.623476E-10  -0.443205E-08   0.105635E-07
   0.641600E+04  -0.208723E-08  -0.100996E-07   0.132216E-07
   0.641700E+04  -0.400827E-08  -0.147588E-07   0.145380E-07
   0.641800E+04  -0.549928E-08  -0.179324E-07   0.143763E-07
   0.641900E+04  -0.640302E-08  -0.192943E-07   0.127511E-07
   0.642000E+04  -0.662272E-08  -0.187029E-07   0.982675E-08
   0.642100E+04  -0.613211E-08  -0.162153E-07   0.590005E-08
   0.642200E+04  -0.497824E-08  -0.120823E-07   0.137063E-08
   0.642300E+04  -0.327679E-08  -0.672262E-08  -0.329994E-08
   0.642400E+04  -0.120035E-08  -0.680376E-09  -0.763518E-08
   0.642500E+04   0.103919E-08   0.543000E-08  -0.111923E-07
   0.642600E+04   0.321225E-08   0.109864E-07  -0.136074E-07
   0.642700E+04   0.509501E-08   0.154226E-07  -0.146327E-07
   0.642800E+04   0.649243E-08   0.182857E-07  -0.141619E-07
   0.642900E+04   0.725817E-08   0.192823E-07  -0.122411E-07
   0.643000E+04   0.730980E-08   0.183091E-07  -0.906438E-08
   0.643100E+04   0.663729E-08   0.154627E-07  -0.495399E-08
   0.643200E+04   0.530430E-08   0.110309E-07  -0.327755E-09
   0.643300E+04   0.344182E-08   0.546251E-08   0.434349E-08
   0.643400E+04   0.123501E-08  -0.677329E-09   0.858390E-08
   0.643500E+04  -0.109554E-08  -0.676518E-08   0.119611E-07
   0.643600E+04  -0.331620E-08  -0.121825E-07   0.141302E-07
   0.643700E+04  -0.520404E-08  -0.163789E-07   0.148693E-07
   0.643800E+04  -0.656952E-08  -0.189278E-07   0.141020E-07
   0.643900E+04  -0.727581E-08  -0.195704E-07   0.119054E-07
   0.644000E+04  -0.725280E-08  -0.182418E-07   0.850219E-08
   0.644100E+04  -0.650422E-08  -0.150778E-07   0.423854E-08
   0.644200E+04  -0.510739E-08  -0.104014E-07  -0.451533E-09
   0.644300E+04  -0.320540E-08  -0.468951E-08  -0.509012E-08
   0.644400E+04  -0.992533E-09   0.147517E-08  -0.920414E-08
   0.644500E+04   0.130542E-08   0.746375E-08  -0.123736E-07
   0.644600E+04   0.345416E-08   0.126651E-07  -0.142743E-07
   0.644700E+04   0.523477E-08   0.165483E-07  -0.147112E-07
   0.644800E+04   0.646598E-08   0.187167E-07  -0.136383E-07
   0.644900E+04   0.702268E-08   0.189485E-07  -0.111634E-07
   0.645000E+04   0.684868E-08   0.172197E-07  -0.753722E-08
   0.645100E+04   0.596250E-08   0.137061E-07  -0.312828E-08
   0.645200E+04   0.445546E-08   0.876640E-08   0.161495E-08
   0.645300E+04   0.248240E-08   0.290492E-08   0.620946E-08
   0.645400E+04   0.245942E-09  -0.327925E-08   0.101869E-07
   0.645500E+04  -0.202424E-08  -0.915339E-08   0.131416E-07
   0.645600E+04  -0.409482E-08  -0.141157E-07   0.147713E-07
   0.645700E+04  -0.575269E-08  -0.176567E-07   0.149087E-07
   0.645800E+04  -0.682675E-08  -0.194112E-07   0.135385E-07
   0.645900E+04  -0.720541E-08  -0.191959E-07   0.107987E-07
   0.646000E+04  -0.684810E-08  -0.170280E-07   0.696689E-08
   0.646100E+04  -0.578948E-08  -0.131239E-07   0.243215E-08
   0.646200E+04  -0.413600E-08  -0.787717E-08  -0.234467E-08
   0.646300E+04  -0.205509E-08  -0.181885E-08  -0.687785E-08
   0.646400E+04   0.241835E-09   0.443677E-08  -0.107063E-07
   0.646500E+04   0.252093E-08   0.102545E-07  -0.134404E-07
   0.646600E+04   0.454980E-08   0.150430E-07  -0.148020E-07
   0.646700E+04   0.612118E-08   0.183150E-07  -0.146528E-07
   0.646800E+04   0.707423E-08   0.197370E-07  -0.130085E-07
   0.646900E+04   0.731099E-08   0.191638E-07  -0.100371E-07
   0.647000E+04   0.680649E-08   0.166526E-07  -0.604216E-08
   0.647100E+04   0.561144E-08   0.124583E-07  -0.143185E-08
   0.647200E+04   0.384715E-08   0.700700E-08   0.332272E-08
   0.647300E+04   0.169332E-08   0.852979E-09   0.773541E-08
   0.647400E+04  -0.630277E-09  -0.537757E-08   0.113547E-07
   0.647500E+04  -0.288610E-08  -0.110504E-07   0.138098E-07
   0.647600E+04  -0.484309E-08  -0.155878E-07   0.148484E-07
   0.647700E+04  -0.630025E-08  -0.185275E-07   0.143629E-07
   0.647800E+04  -0.710725E-08  -0.195698E-07   0.124008E-07
   0.647900E+04  -0.717985E-08  -0.186081E-07   0.916098E-08
   0.648000E+04  -0.650863E-08  -0.157402E-07   0.497272E-08
   0.648100E+04  -0.516015E-08  -0.112582E-07   0.262679E-09
   0.648200E+04  -0.327029E-08  -0.561900E-08  -0.448866E-08
   0.648300E+04  -0.103059E-08   0.602235E-09  -0.879594E-08
   0.648400E+04   0.133118E-08   0.677055E-08  -0.122184E-07
   0.648500E+04   0.357408E-08   0.122559E-07  -0.144049E-07
   0.648600E+04   0.546855E-08   0.164973E-07  -0.151298E-07
   0.648700E+04   0.681981E-08   0.190604E-07  -0.143163E-07
   0.648800E+04   0.748771E-08   0.196812E-07  -0.120442E-07
   0.648900E+04   0.740112E-08   0.182938E-07  -0.854190E-08
   0.649000E+04   0.656534E-08   0.150369E-07  -0.416373E-08
   0.649100E+04   0.506167E-08   0.102398E-07   0.646493E-09
   0.649200E+04   0.303936E-08   0.438949E-08   0.540035E-08
   0.649300E+04   0.700516E-09  -0.191958E-08   0.961457E-08
   0.649400E+04  -0.172025E-08  -0.804538E-08   0.128603E-07
   0.649500E+04  -0.397961E-08  -0.133639E-07   0.148068E-07
   0.649600E+04  -0.585018E-08  -0.173327E-07   0.152552E-07
   0.649700E+04  -0.714357E-08  -0.195462E-07   0.141589E-07
   0.649800E+04  -0.772955E-08  -0.197772E-07   0.116286E-07
   0.649900E+04  -0.754931E-08  -0.179999E-07   0.792086E-08
   0.650000E+04  -0.662144E-08  -0.143930E-07   0.341216E-08
   0.650100E+04  -0.504014E-08  -0.932132E-08  -0.143924E-08
   0.650200E+04  -0.296566E-08  -0.329897E-08  -0.614003E-08
   0.650300E+04  -0.608132E-09   0.306310E-08  -0.102121E-07
   0.650400E+04   0.179380E-08   0.911923E-08  -0.132413E-07
   0.650500E+04   0.399711E-08   0.142548E-07  -0.149195E-07
   0.650600E+04   0.577912E-08   0.179488E-07  -0.150766E-07
   0.650700E+04   0.696005E-08   0.198274E-07  -0.136971E-07
   0.650800E+04   0.742127E-08   0.197014E-07  -0.109229E-07
   0.650900E+04   0.711737E-08   0.175863E-07  -0.703781E-08
   0.651000E+04   0.608074E-08   0.137004E-07  -0.243959E-08
   0.651100E+04   0.441827E-08   0.844296E-08   0.240096E-08
   0.651200E+04   0.230047E-08   0.235328E-08   0.698787E-08
   0.651300E+04  -0.558673E-10  -0.394404E-08   0.108505E-07
   0.651400E+04  -0.240971E-08  -0.980287E-08   0.135918E-07
   0.651500E+04  -0.452031E-08  -0.146214E-07   0.149286E-07
   0.651600E+04  -0.617170E-08  -0.179037E-07   0.147207E-07
   0.651700E+04  -0.719467E-08  -0.193103E-07   0.129856E-07
   0.651800E+04  -0.748392E-08  -0.186932E-07   0.989657E-08
   0.651900E+04  -0.700884E-08  -0.161112E-07   0.576539E-08
   0.652000E+04  -0.581660E-08  -0.118237E-07   0.101064E-08
   0.652100E+04  -0.402730E-08  -0.626523E-08  -0.388476E-08
   0.652200E+04  -0.182180E-08  -0.845969E-12  -0.842272E-08
   0.652300E+04   0.576694E-09   0.633110E-08  -0.121406E-07
   0.652400E+04   0.292540E-08   0.120840E-07  -0.146586E-07
   0.652500E+04   0.498661E-08   0.166686E-07  -0.157181E-07
   0.652600E+04   0.655190E-08   0.196136E-07  -0.152085E-07
   0.652700E+04   0.746334E-08   0.206132E-07  -0.131785E-07
   0.652800E+04   0.762952E-08   0.195587E-07  -0.983108E-08
   0.652900E+04   0.703489E-08   0.165498E-07  -0.550329E-08
   0.653000E+04   0.574121E-08   0.118844E-07  -0.631728E-09
   0.653100E+04   0.388130E-08   0.602890E-08   0.429167E-08
   0.653200E+04   0.164544E-08  -0.429679E-09   0.876975E-08
   0.653300E+04  -0.738050E-09  -0.684290E-08   0.123507E-07
   0.653400E+04  -0.302612E-08  -0.125671E-07   0.146743E-07
   0.653500E+04  -0.498579E-08  -0.170287E-07   0.155081E-07
   0.653600E+04  -0.641786E-08  -0.197827E-07   0.147720E-07
   0.653700E+04  -0.717729E-08  -0.205580E-07   0.125456E-07
   0.653800E+04  -0.718793E-08  -0.192851E-07   0.906068E-08
   0.653900E+04  -0.645029E-08  -0.161030E-07   0.467747E-08
   0.654000E+04  -0.504145E-08  -0.113450E-07  -0.152130E-09
   0.654100E+04  -0.310713E-08  -0.550510E-08  -0.493057E-08
   0.654200E+04  -0.846804E-09   0.812763E-09  -0.916543E-08
   0.654300E+04   0.150672E-08   0.695616E-08  -0.124197E-07
   0.654400E+04   0.371112E-08   0.122908E-07  -0.143566E-07
   0.654500E+04   0.553937E-08   0.162655E-07  -0.147739E-07
   0.654600E+04   0.680298E-08   0.184681E-07  -0.136247E-07
   0.654700E+04   0.737128E-08   0.186683E-07  -0.110229E-07
   0.654800E+04   0.718487E-08   0.168409E-07  -0.723097E-08
   0.654900E+04   0.626172E-08   0.131690E-07  -0.263415E-08
   0.655000E+04   0.469537E-08   0.802498E-08   0.229913E-08
   0.655100E+04   0.264546E-08   0.193334E-08   0.706482E-08
   0.655200E+04   0.321387E-09  -0.448309E-08   0.111746E-07
   0.655300E+04  -0.203904E-08  -0.105665E-07   0.142058E-07
   0.655400E+04  -0.419394E-08  -0.156911E-07   0.158443E-07
   0.655500E+04  -0.592214E-08  -0.193272E-07   0.159174E-07
   0.655600E+04  -0.704581E-08  -0.210955E-07   0.144108E-07
   0.655700E+04  -0.744877E-08  -0.208057E-07   0.114711E-07
   0.655800E+04  -0.708844E-08  -0.184769E-07   0.739072E-08
   0.655900E+04  -0.600038E-08  -0.143354E-07   0.257848E-08
   0.656000E+04  -0.429471E-08  -0.879227E-08  -0.248176E-08
   0.656100E+04  -0.214505E-08  -0.240204E-08  -0.728023E-08
   0.656200E+04   0.229170E-09   0.419372E-08  -0.113330E-07
   0.656300E+04   0.258503E-08   0.103314E-07  -0.142313E-07
   0.656400E+04   0.468092E-08   0.153930E-07  -0.156828E-07
   0.656500E+04   0.630123E-08   0.188688E-07  -0.155421E-07
   0.656600E+04   0.727846E-08   0.204091E-07  -0.138246E-07
   0.656700E+04   0.751038E-08   0.198608E-07  -0.107061E-07
   0.656800E+04   0.697067E-08   0.172820E-07  -0.650437E-08
   0.656900E+04   0.571175E-08   0.129375E-07  -0.164705E-08
   0.657000E+04   0.385962E-08   0.727092E-08   0.337161E-08
   0.657100E+04   0.160113E-08   0.860790E-09   0.804111E-08
   0.657200E+04  -0.834860E-09  -0.563880E-08   0.118865E-07
   0.657300E+04  -0.320076E-08  -0.115643E-07   0.145168E-07
   0.657400E+04  -0.525541E-08  -0.163103E-07   0.156645E-07
   0.657500E+04  -0.678865E-08  -0.193909E-07   0.152130E-07
   0.657600E+04  -0.764279E-08  -0.204892E-07   0.132086E-07
   0.657700E+04  -0.772873E-08  -0.194897E-07   0.985536E-08
   0.657800E+04  -0.703514E-08  -0.164899E-07   0.549453E-08
   0.657900E+04  -0.562979E-08  -0.117906E-07   0.569867E-09
   0.658000E+04  -0.365276E-08  -0.586535E-08  -0.441769E-08
   0.658100E+04  -0.130236E-08   0.687741E-09  -0.896102E-08
   0.658200E+04   0.118498E-08   0.720673E-08  -0.125985E-07
   0.658300E+04   0.355863E-08   0.130331E-07  -0.149612E-07
   0.658400E+04   0.557919E-08   0.175790E-07  -0.158103E-07
   0.658500E+04   0.704279E-08   0.203865E-07  -0.150614E-07
   0.658600E+04   0.780183E-08   0.211746E-07  -0.127934E-07
   0.658700E+04   0.777995E-08   0.198678E-07  -0.924040E-08
   0.658800E+04   0.697980E-08   0.166033E-07  -0.476752E-08
   0.658900E+04   0.548283E-08   0.117175E-07   0.165980E-09
   0.659000E+04   0.344098E-08   0.571129E-08   0.505381E-08
   0.659100E+04   0.106124E-08  -0.800860E-09   0.939428E-08
   0.659200E+04  -0.141537E-08  -0.715356E-08   0.127416E-07
   0.659300E+04  -0.373832E-08  -0.126984E-07   0.147513E-07
   0.659400E+04  -0.567305E-08  -0.168701E-07   0.152158E-07
   0.659500E+04  -0.702485E-08  -0.192442E-07   0.140857E-07
   0.659600E+04  -0.765858E-08  -0.195801E-07   0.114745E-07
   0.659700E+04  -0.751248E-08  -0.178462E-07   0.764778E-08
   0.659800E+04  -0.660436E-08  -0.142225E-07   0.299596E-08
   0.659900E+04  -0.502977E-08  -0.908302E-08  -0.200549E-08
   0.660000E+04  -0.295217E-08  -0.295683E-08  -0.684444E-08
   0.660100E+04  -0.586247E-09   0.352526E-08  -0.110243E-07
   0.660200E+04   0.182406E-08   0.969539E-08  -0.141150E-07
   0.660300E+04   0.403052E-08   0.149168E-07  -0.157966E-07
   0.660400E+04   0.580594E-08   0.186488E-07  -0.158924E-07
   0.660500E+04   0.696746E-08   0.205024E-07  -0.143869E-07
   0.660600E+04   0.739529E-08   0.202797E-07  -0.114282E-07
   0.660700E+04   0.704495E-08   0.179947E-07  -0.731210E-08
   0.660800E+04   0.595191E-08   0.138720E-07  -0.245321E-08
   0.660900E+04   0.422801E-08   0.832410E-08   0.265786E-08
   0.661000E+04   0.205007E-08   0.190934E-08   0.750414E-08
   0.661100E+04  -0.358099E-09  -0.472457E-08   0.115950E-07
   0.661200E+04  -0.274861E-08  -0.109067E-07   0.145161E-07
   0.661300E+04  -0.487482E-08  -0.160113E-07   0.159719E-07
   0.661400E+04  -0.651655E-08  -0.195215E-07   0.158157E-07
   0.661500E+04  -0.750271E-08  -0.210823E-07   0.140646E-07
   0.661600E+04  -0.772888E-08  -0.205367E-07   0.108982E-07
   0.661700E+04  -0.716810E-08  -0.179421E-07   0.664054E-08
   0.661800E+04  -0.587382E-08  -0.135645E-07   0.172670E-08
   0.661900E+04  -0.397455E-08  -0.785159E-08  -0.334100E-08
   0.662000E+04  -0.166096E-08  -0.138738E-08  -0.804432E-08
   0.662100E+04   0.833477E-09   0.516727E-08  -0.119019E-07
   0.662200E+04   0.325625E-08   0.111419E-07  -0.145182E-07
   0.662300E+04   0.536146E-08   0.159249E-07  -0.156242E-07
   0.662400E+04   0.693496E-08   0.190254E-07  -0.151047E-07
   0.662500E+04   0.781617E-08   0.201242E-07  -0.130102E-07
   0.662600E+04   0.791462E-08   0.191055E-07  -0.955219E-08
   0.662700E+04   0.721918E-08   0.160694E-07  -0.508123E-08
   0.662800E+04   0.579941E-08   0.113219E-07  -0.518005E-10
   0.662900E+04   0.379853E-08   0.534327E-08   0.502418E-08
   0.663000E+04   0.141898E-08  -0.126008E-08   0.962945E-08
   0.663100E+04  -0.109809E-08  -0.781781E-08   0.132941E-07
   0.663200E+04  -0.349738E-08  -0.136638E-07   0.156438E-07
   0.663300E+04  -0.553535E-08  -0.182038E-07   0.164375E-07
   0.663400E+04  -0.700510E-08  -0.209767E-07   0.155929E-07
   0.663500E+04  -0.775737E-08  -0.217008E-07   0.131943E-07
   0.663600E+04  -0.771590E-08  -0.203030E-07   0.948483E-08
   0.663700E+04  -0.688520E-08  -0.169267E-07   0.484134E-08
   0.663800E+04  -0.535019E-08  -0.119166E-07  -0.263614E-09
   0.663900E+04  -0.326763E-08  -0.578410E-08  -0.530992E-08
   0.664000E+04  -0.850193E-09   0.844869E-09  -0.978285E-08
   0.664100E+04   0.165515E-08   0.729371E-08  -0.132256E-07
   0.664200E+04   0.399227E-08   0.129042E-07  -0.152857E-07
   0.664300E+04   0.592198E-08   0.171035E-07  -0.157516E-07
   0.664400E+04   0.724643E-08   0.194631E-07  -0.145738E-07
   0.664500E+04   0.782934E-08   0.197423E-07  -0.118705E-07
   0.664600E+04   0.760998E-08   0.179131E-07  -0.791548E-08
   0.664700E+04   0.660943E-08   0.141635E-07  -0.311084E-08
   0.664800E+04   0.492852E-08   0.887803E-08   0.205418E-08
   0.664900E+04   0.273772E-08   0.259932E-08   0.705274E-08
   0.665000E+04   0.259774E-09  -0.402747E-08   0.113740E-07
   0.665100E+04  -0.225288E-08  -0.103203E-07   0.145751E-07
   0.665200E+04  -0.454381E-08  -0.156296E-07   0.163264E-07
   0.665300E+04  -0.637872E-08  -0.194048E-07   0.164450E-07
   0.665400E+04  -0.756935E-08  -0.212507E-07   0.149137E-07
   0.665500E+04  -0.799273E-08  -0.209674E-07   0.118826E-07
   0.665600E+04  -0.760376E-08  -0.185717E-07   0.765420E-08
   0.665700E+04  -0.643995E-08  -0.142952E-07   0.265275E-08
   0.665800E+04  -0.461772E-08  -0.856106E-08  -0.261893E-08
   0.665900E+04  -0.232061E-08  -0.194124E-08  -0.763046E-08
   0.666000E+04   0.219261E-09   0.490157E-08  -0.118778E-07
   0.666100E+04   0.274478E-08   0.112814E-07  -0.149347E-07
   0.666200E+04   0.499996E-08   0.165586E-07  -0.164958E-07
   0.666300E+04   0.675597E-08   0.202054E-07  -0.164080E-07
   0.666400E+04   0.783445E-08   0.218589E-07  -0.146857E-07
   0.666500E+04   0.812568E-08   0.213591E-07  -0.115100E-07
   0.666600E+04   0.759980E-08   0.187644E-07  -0.720936E-08
   0.666700E+04   0.630995E-08   0.143465E-07  -0.222701E-08
   0.666800E+04   0.438683E-08   0.856205E-08   0.292477E-08
   0.666900E+04   0.202557E-08   0.200700E-08   0.771664E-08
   0.667000E+04  -0.534178E-09  -0.464464E-08   0.116562E-07
   0.667100E+04  -0.303254E-08  -0.107092E-07   0.143384E-07
   0.667200E+04  -0.521589E-08  -0.155632E-07   0.154866E-07
   0.667300E+04  -0.686264E-08  -0.187068E-07   0.149810E-07
   0.667400E+04  -0.780583E-08  -0.198148E-07   0.128711E-07
   0.667500E+04  -0.795015E-08  -0.187701E-07   0.937043E-08
   0.667600E+04  -0.728168E-08  -0.156756E-07   0.483521E-08
   0.667700E+04  -0.586932E-08  -0.108440E-07  -0.272282E-09
   0.667800E+04  -0.385787E-08  -0.476579E-08  -0.543059E-08
   0.667900E+04  -0.145324E-08   0.194050E-08  -0.101124E-07
   0.668000E+04   0.109845E-08   0.859137E-08  -0.138382E-07
   0.668100E+04   0.353595E-08   0.145081E-07  -0.162255E-07
   0.668200E+04   0.560947E-08   0.190859E-07  -0.170280E-07
   0.668300E+04   0.710622E-08   0.218560E-07  -0.161606E-07
   0.668400E+04   0.787204E-08   0.225333E-07  -0.137086E-07
   0.668500E+04   0.782725E-08   0.210460E-07  -0.991917E-08
   0.668600E+04   0.697475E-08   0.175430E-07  -0.517606E-08
   0.668700E+04   0.539984E-08   0.123791E-07   0.389956E-10
   0.668800E+04   0.326160E-08   0.607902E-08   0.519547E-08
   0.668900E+04   0.776696E-09  -0.715942E-09   0.976802E-08
   0.669000E+04  -0.180260E-08  -0.731291E-08   0.132900E-07
   0.669100E+04  -0.421411E-08  -0.130381E-07   0.154013E-07
   0.669200E+04  -0.621248E-08  -0.173056E-07   0.158847E-07
   0.669300E+04  -0.759414E-08  -0.196768E-07   0.146886E-07
   0.669400E+04  -0.821812E-08  -0.199057E-07   0.119324E-07
   0.669500E+04  -0.802042E-08  -0.179638E-07   0.789430E-08
   0.669600E+04  -0.702064E-08  -0.140432E-07   0.298320E-08
   0.669700E+04  -0.531998E-08  -0.853762E-08  -0.230269E-08
   0.669800E+04  -0.309102E-08  -0.200208E-08  -0.742662E-08
   0.669900E+04  -0.560171E-09   0.490323E-08  -0.118679E-07
   0.670000E+04   0.201536E-08   0.114801E-07  -0.151751E-07
   0.670100E+04   0.437378E-08   0.170636E-07  -0.170116E-07
   0.670200E+04   0.627537E-08   0.210892E-07  -0.171907E-07
   0.670300E+04   0.752696E-08   0.231509E-07  -0.156941E-07
   0.670400E+04   0.800163E-08   0.230423E-07  -0.126741E-07
   0.670500E+04   0.765171E-08   0.207777E-07  -0.843825E-08
   0.670600E+04   0.651367E-08   0.165907E-07  -0.341815E-08
   0.670700E+04   0.470447E-08   0.109105E-07   0.187466E-08
   0.670800E+04   0.240968E-08   0.431789E-08   0.690065E-08
   0.670900E+04  -0.135410E-09  -0.251359E-08   0.111474E-07
   0.671000E+04  -0.266977E-08  -0.888674E-08   0.141817E-07
   0.671100E+04  -0.493326E-08  -0.141517E-07   0.156941E-07
   0.671200E+04  -0.669315E-08  -0.177726E-07   0.155304E-07
   0.671300E+04  -0.776797E-08  -0.193823E-07   0.137076E-07
   0.671400E+04  -0.804605E-08  -0.188199E-07   0.104122E-07
   0.671500E+04  -0.749701E-08  -0.161481E-07   0.598172E-08
   0.671600E+04  -0.617499E-08  -0.116463E-07   0.870337E-09
   0.671700E+04  -0.421323E-08  -0.578297E-08  -0.439736E-08
   0.671800E+04  -0.181057E-08   0.832063E-09  -0.927960E-08
   0.671900E+04   0.788715E-09   0.750966E-08  -0.132726E-07
   0.672000E+04   0.331979E-08   0.135515E-07  -0.159619E-07
   0.672100E+04   0.552422E-08   0.183213E-07  -0.170647E-07
   0.672200E+04   0.717632E-08   0.213099E-07  -0.164585E-07
   0.672300E+04   0.810622E-08   0.221871E-07  -0.141943E-07
   0.672400E+04   0.821727E-08   0.208361E-07  -0.104908E-07
   0.672500E+04   0.749599E-08   0.173654E-07  -0.571289E-08
   0.672600E+04   0.601354E-08   0.120981E-07  -0.334407E-09
   0.672700E+04   0.391864E-08   0.554007E-08   0.511004E-08
   0.672800E+04   0.142249E-08  -0.167204E-08   0.100793E-07
   0.672900E+04  -0.122258E-08  -0.883462E-08   0.140808E-07
   0.673000E+04  -0.374882E-08  -0.152487E-07   0.167204E-07
   0.673100E+04  -0.590021E-08  -0.202909E-07   0.177428E-07
   0.673200E+04  -0.745855E-08  -0.234763E-07   0.170573E-07
   0.673300E+04  -0.826569E-08  -0.245082E-07   0.147468E-07
   0.673400E+04  -0.823969E-08  -0.233078E-07   0.110598E-07
   0.673500E+04  -0.738318E-08  -0.200222E-07   0.638429E-08
   0.673600E+04  -0.578319E-08  -0.150094E-07   0.120879E-08
   0.673700E+04  -0.360234E-08  -0.880134E-08  -0.392805E-08
   0.673800E+04  -0.106231E-08  -0.205015E-08  -0.849224E-08
   0.673900E+04   0.157862E-08   0.453885E-08  -0.120091E-07
   0.674000E+04   0.405190E-08   0.102791E-07  -0.141120E-07
   0.674100E+04   0.610603E-08   0.145727E-07  -0.145796E-07
   0.674200E+04   0.753218E-08   0.169720E-07  -0.133589E-07
   0.674300E+04   0.818549E-08   0.172249E-07  -0.105705E-07
   0.674400E+04   0.799986E-08   0.153011E-07  -0.649698E-08
   0.674500E+04   0.699472E-08   0.113953E-07  -0.155362E-08
   0.674600E+04   0.527312E-08   0.590747E-08   0.375350E-08
   0.674700E+04   0.301128E-08  -0.597930E-09   0.887920E-08
   0.674800E+04   0.440640E-09  -0.744917E-08   0.132949E-07
   0.674900E+04  -0.217564E-08  -0.139359E-07   0.165424E-07
   0.675000E+04  -0.456954E-08  -0.193817E-07   0.182812E-07
   0.675100E+04  -0.649549E-08  -0.232132E-07   0.183230E-07
   0.675200E+04  -0.775543E-08  -0.250185E-07   0.166514E-07
   0.675300E+04  -0.821906E-08  -0.245901E-07   0.134238E-07
   0.675400E+04  -0.783721E-08  -0.219459E-07   0.895559E-08
   0.675500E+04  -0.664696E-08  -0.173278E-07   0.368828E-08
   0.675600E+04  -0.476789E-08  -0.111778E-07  -0.185527E-08
   0.675700E+04  -0.239010E-08  -0.409300E-08  -0.712400E-08
   0.675800E+04   0.245150E-09   0.323464E-08  -0.115947E-07
   0.675900E+04   0.286994E-08   0.100888E-07  -0.148254E-07
   0.676000E+04   0.521693E-08   0.158013E-07  -0.165003E-07
   0.676100E+04   0.704659E-08   0.198204E-07  -0.164618E-07
   0.676200E+04   0.817162E-08   0.217663E-07  -0.147272E-07
   0.676300E+04   0.847608E-08   0.214706E-07  -0.114865E-07
   0.676400E+04   0.792726E-08   0.189928E-07  -0.708330E-08
   0.676500E+04   0.657907E-08   0.146144E-07  -0.197974E-08
   0.676600E+04   0.456669E-08   0.881041E-08   0.329044E-08
   0.676700E+04   0.209285E-08   0.220057E-08   0.817648E-08
   0.676800E+04  -0.592734E-09  -0.451361E-08   0.121668E-07
   0.676900E+04  -0.321870E-08  -0.106206E-07   0.148412E-07
   0.677000E+04  -0.551963E-08  -0.154716E-07   0.159142E-07
   0.677100E+04  -0.726305E-08  -0.185469E-07   0.152640E-07
   0.677200E+04  -0.827308E-08  -0.195090E-07   0.129451E-07
   0.677300E+04  -0.844832E-08  -0.182375E-07   0.918371E-08
   0.677400E+04  -0.777221E-08  -0.148419E-07   0.435401E-08
   0.677500E+04  -0.631472E-08  -0.965038E-08  -0.105914E-08
   0.677600E+04  -0.422520E-08  -0.317712E-08  -0.650968E-08
   0.677700E+04  -0.171723E-08   0.392999E-08  -0.114459E-07
   0.677800E+04   0.953173E-09   0.109551E-07  -0.153665E-07
   0.677900E+04   0.351362E-08   0.171872E-07  -0.178720E-07
   0.678000E+04   0.570313E-08   0.219924E-07  -0.187053E-07
   0.678100E+04   0.729870E-08   0.248786E-07  -0.177780E-07
   0.678200E+04   0.813809E-08   0.255460E-07  -0.151798E-07
   0.678300E+04   0.813636E-08   0.239172E-07  -0.111695E-07
   0.678400E+04   0.729458E-08   0.201460E-07  -0.614871E-08
   0.678500E+04   0.569971E-08   0.146014E-07  -0.621211E-09
   0.678600E+04   0.351576E-08   0.783083E-08   0.485820E-08
   0.678700E+04   0.967087E-09   0.504136E-09   0.974020E-08
   0.678800E+04  -0.168449E-08  -0.665401E-08   0.135368E-07
   0.678900E+04  -0.416645E-08  -0.129379E-07   0.158711E-07
   0.679000E+04  -0.622335E-08  -0.177323E-07   0.165156E-07
   0.679100E+04  -0.764299E-08  -0.205754E-07   0.154155E-07
   0.679200E+04  -0.827815E-08  -0.212050E-07   0.126944E-07
   0.679300E+04  -0.806163E-08  -0.195857E-07   0.864166E-08
   0.679400E+04  -0.701331E-08  -0.159121E-07   0.368295E-08
   0.679500E+04  -0.523814E-08  -0.105889E-07  -0.166309E-08
   0.679600E+04  -0.291562E-08  -0.418937E-08  -0.683777E-08
   0.679700E+04  -0.281517E-09   0.260326E-08  -0.112993E-07
   0.679800E+04   0.239610E-08   0.906563E-08  -0.145784E-07
   0.679900E+04   0.484415E-08   0.145083E-07  -0.163260E-07
   0.680000E+04   0.681242E-08   0.183464E-07  -0.163492E-07
   0.680100E+04   0.809913E-08   0.201597E-07  -0.146314E-07
   0.680200E+04   0.857154E-08   0.197359E-07  -0.113340E-07
   0.680300E+04   0.817962E-08   0.170924E-07  -0.678044E-08
   0.680400E+04   0.696127E-08   0.124755E-07  -0.142342E-08
   0.680500E+04   0.503855E-08   0.633543E-08   0.420087E-08
   0.680600E+04   0.260541E-08  -0.719108E-09   0.952731E-08
   0.680700E+04  -0.919988E-10  -0.798267E-08   0.140192E-07
   0.680800E+04  -0.278035E-08  -0.147247E-07   0.172230E-07
   0.680900E+04  -0.518689E-08  -0.202637E-07   0.188144E-07
   0.681000E+04  -0.706725E-08  -0.240370E-07   0.186314E-07
   0.681100E+04  -0.823037E-08  -0.256577E-07   0.166912E-07
   0.681200E+04  -0.855795E-08  -0.249546E-07   0.131881E-07
   0.681300E+04  -0.801662E-08  -0.219895E-07   0.847417E-08
   0.681400E+04  -0.666142E-08  -0.170514E-07   0.302353E-08
   0.681500E+04  -0.463021E-08  -0.106274E-07  -0.261599E-08
   0.681600E+04  -0.212979E-08  -0.335290E-08  -0.787848E-08
   0.681700E+04   0.585183E-09   0.405232E-08  -0.122375E-07
   0.681800E+04   0.323805E-08   0.108575E-07  -0.152597E-07
   0.681900E+04   0.555834E-08   0.163951E-07  -0.166488E-07
   0.682000E+04   0.730931E-08   0.201283E-07  -0.162761E-07
   0.682100E+04   0.831213E-08   0.217060E-07  -0.141930E-07
   0.682200E+04   0.846413E-08   0.209978E-07  -0.106263E-07
   0.682300E+04   0.774933E-08   0.181077E-07  -0.595458E-08
   0.682400E+04   0.624017E-08   0.133628E-07  -0.669941E-09
   0.682500E+04   0.409017E-08   0.727983E-08   0.467264E-08
   0.682600E+04   0.151840E-08   0.512354E-09   0.951186E-08
   0.682700E+04  -0.121281E-08  -0.621634E-08   0.133375E-07
   0.682800E+04  -0.382458E-08  -0.121873E-07   0.157428E-07
   0.682900E+04  -0.604985E-08  -0.167597E-07   0.164661E-07
   0.683000E+04  -0.766063E-08  -0.194365E-07   0.154180E-07
   0.683100E+04  -0.849129E-08  -0.199160E-07   0.126906E-07
   0.683200E+04  -0.845551E-08  -0.181226E-07   0.854858E-08
   0.683300E+04  -0.755511E-08  -0.142154E-07   0.340259E-08
   0.683400E+04  -0.588004E-08  -0.857276E-08  -0.223246E-08
   0.683500E+04  -0.359924E-08  -0.175351E-08  -0.778961E-08
   0.683600E+04  -0.943591E-09   0.555905E-08  -0.127075E-07
   0.683700E+04   0.181761E-08   0.126267E-07  -0.164875E-07
   0.683800E+04   0.440399E-08   0.187316E-07  -0.187445E-07
   0.683900E+04   0.655263E-08   0.232487E-07  -0.192465E-07
   0.684000E+04   0.804489E-08   0.257106E-07  -0.179377E-07
   0.684100E+04   0.872867E-08   0.258542E-07  -0.149452E-07
   0.684200E+04   0.853397E-08   0.236486E-07  -0.105657E-07
   0.684300E+04   0.748010E-08   0.192984E-07  -0.523561E-08
   0.684400E+04   0.567374E-08   0.132230E-07   0.513151E-09
   0.684500E+04   0.329818E-08   0.601471E-08   0.610727E-08
   0.684600E+04   0.594711E-09  -0.162159E-08   0.109903E-07
   0.684700E+04  -0.216195E-08  -0.893949E-08   0.146790E-07
   0.684800E+04  -0.469156E-08  -0.152268E-07   0.168128E-07
   0.684900E+04  -0.673694E-08  -0.198779E-07   0.171904E-07
   0.685000E+04  -0.809014E-08  -0.224546E-07   0.157897E-07
   0.685100E+04  -0.861369E-08  -0.227309E-07   0.127707E-07
   0.685200E+04  -0.825463E-08  -0.207156E-07   0.845860E-08
   0.685300E+04  -0.704995E-08  -0.166506E-07   0.331053E-08
   0.685400E+04  -0.512290E-08  -0.109865E-07  -0.213100E-08
   0.685500E+04  -0.267043E-08  -0.433575E-08  -0.729376E-08
   0.685600E+04   0.567837E-10   0.258985E-08  -0.116343E-07
   0.685700E+04   0.277992E-08   0.905238E-08  -0.146939E-07
   0.685800E+04   0.522039E-08   0.143634E-07  -0.161451E-07
   0.685900E+04   0.712828E-08   0.179549E-07  -0.158262E-07
   0.686000E+04   0.830785E-08   0.194372E-07  -0.137575E-07
   0.686100E+04   0.863756E-08   0.186398E-07  -0.101398E-07
   0.686200E+04   0.808253E-08   0.156291E-07  -0.533445E-08
   0.686300E+04   0.669819E-08   0.107020E-07   0.173681E-09
   0.686400E+04   0.462471E-08   0.435595E-08   0.582498E-08
   0.686500E+04   0.207282E-08  -0.276119E-08   0.110423E-07
   0.686600E+04  -0.697673E-09  -0.991725E-08   0.152895E-07
   0.686700E+04  -0.340424E-08  -0.163703E-07   0.181267E-07
   0.686800E+04  -0.577049E-08  -0.214444E-07   0.192546E-07
   0.686900E+04  -0.755433E-08  -0.245989E-07   0.185458E-07
   0.687000E+04  -0.857269E-08  -0.254839E-07   0.160577E-07
   0.687100E+04  -0.872029E-08  -0.239764E-07   0.120274E-07
   0.687200E+04  -0.798046E-08  -0.201938E-07   0.684748E-08
   0.687300E+04  -0.642693E-08  -0.144824E-07   0.102681E-08
   0.687400E+04  -0.421649E-08  -0.738302E-08  -0.486122E-08
   0.687500E+04  -0.157305E-08   0.423233E-09  -0.102367E-07
   0.687600E+04   0.123501E-08   0.818367E-08  -0.145720E-07
   0.687700E+04   0.392218E-08   0.151500E-07  -0.174451E-07
   0.687800E+04   0.621486E-08   0.206536E-07  -0.185828E-07
   0.687900E+04   0.787920E-08   0.241737E-07  -0.178878E-07
   0.688000E+04   0.874505E-08   0.253890E-07  -0.154488E-07
   0.688100E+04   0.872325E-08   0.242105E-07  -0.115312E-07
   0.688200E+04   0.781487E-08   0.207902E-07  -0.654982E-08
   0.688300E+04   0.611121E-08   0.155049E-07  -0.102661E-08
   0.688400E+04   0.378454E-08   0.891765E-08   0.446294E-08
   0.688500E+04   0.107070E-08   0.172006E-08   0.934859E-08
   0.688600E+04  -0.175482E-08  -0.533837E-08   0.131237E-07
   0.688700E+04  -0.440496E-08  -0.115270E-07   0.153970E-07
   0.688800E+04  -0.661020E-08  -0.162086E-07   0.159329E-07
   0.688900E+04  -0.814606E-08  -0.189048E-07   0.146757E-07
   0.689000E+04  -0.885596E-08  -0.193444E-07   0.117553E-07
   0.689100E+04  -0.866722E-08  -0.174918E-07   0.747425E-08
   0.689200E+04  -0.759852E-08  -0.135504E-07   0.227697E-08
   0.689300E+04  -0.575804E-08  -0.794146E-08  -0.329562E-08
   0.689400E+04  -0.333257E-08  -0.126175E-08  -0.866133E-08
   0.689500E+04  -0.568484E-09   0.577812E-08  -0.132562E-07
   0.689600E+04   0.225324E-08   0.124263E-07  -0.165925E-07
   0.689700E+04   0.484563E-08   0.179667E-07  -0.183085E-07
   0.689800E+04   0.694494E-08   0.217930E-07  -0.182062E-07
   0.689900E+04   0.833749E-08   0.234708E-07  -0.162720E-07
   0.690000E+04   0.888147E-08   0.227830E-07  -0.126784E-07
   0.690100E+04   0.852143E-08   0.197528E-07  -0.776754E-08
   0.690200E+04   0.729396E-08   0.146423E-07  -0.201631E-08
   0.690300E+04   0.532405E-08   0.792661E-08   0.401122E-08
   0.690400E+04   0.281241E-08   0.246701E-09   0.972104E-08
   0.690500E+04   0.150368E-10  -0.765529E-08   0.145493E-07
   0.690600E+04  -0.278276E-08  -0.150108E-07   0.180196E-07
   0.690700E+04  -0.529546E-08  -0.211025E-07   0.197911E-07
   0.690800E+04  -0.726637E-08  -0.253367E-07   0.196933E-07
   0.690900E+04  -0.849384E-08  -0.273037E-07   0.177435E-07
   0.691000E+04  -0.885180E-08  -0.268188E-07   0.141448E-07
   0.691100E+04  -0.830269E-08  -0.239415E-07   0.926561E-08
   0.691200E+04  -0.690135E-08  -0.189687E-07   0.360245E-08
   0.691300E+04  -0.478948E-08  -0.124052E-07  -0.227091E-08
   0.691400E+04  -0.218131E-08  -0.491163E-08  -0.776154E-08
   0.691500E+04   0.658175E-09   0.276199E-08  -0.123178E-07
   0.691600E+04   0.344019E-08   0.985291E-08  -0.154852E-07
   0.691700E+04   0.588152E-08   0.156628E-07  -0.169529E-07
   0.691800E+04   0.773337E-08   0.196289E-07  -0.165853E-07
   0.691900E+04   0.880671E-08   0.213803E-07  -0.144354E-07
   0.692000E+04   0.899155E-08   0.207762E-07  -0.107398E-07
   0.692100E+04   0.826822E-08   0.179188E-07  -0.589398E-08
   0.692200E+04   0.670938E-08   0.131431E-07  -0.412022E-09
   0.692300E+04   0.447272E-08   0.698160E-08   0.512601E-08
   0.692400E+04   0.178489E-08   0.109427E-09   0.101336E-07
   0.692500E+04  -0.108145E-08  -0.672515E-08   0.140779E-07
   0.692600E+04  -0.383545E-08  -0.127780E-07   0.165345E-07
   0.692700E+04  -0.619759E-08  -0.173857E-07   0.172311E-07
   0.692800E+04  -0.792819E-08  -0.200344E-07   0.160759E-07
   0.692900E+04  -0.885181E-08  -0.204129E-07   0.131674E-07
   0.693000E+04  -0.887508E-08  -0.184453E-07   0.878502E-08
   0.693100E+04  -0.799629E-08  -0.143000E-07   0.336092E-08
   0.693200E+04  -0.630550E-08  -0.837290E-08  -0.256349E-08
   0.693300E+04  -0.397542E-08  -0.124791E-08  -0.839244E-08
   0.693400E+04  -0.124383E-08   0.636192E-08  -0.135363E-07
   0.693500E+04   0.161070E-08   0.136868E-07  -0.174715E-07
   0.693600E+04   0.429715E-08   0.199785E-07  -0.197940E-07
   0.693700E+04   0.654177E-08   0.245865E-07  -0.202606E-07
   0.693800E+04   0.811595E-08   0.270247E-07  -0.188138E-07
   0.693900E+04   0.885957E-08   0.270212E-07  -0.155881E-07
   0.694000E+04   0.869735E-08   0.245468E-07  -0.108967E-07
   0.694100E+04   0.764651E-08   0.198184E-07  -0.520016E-08
   0.694200E+04   0.581509E-08   0.132778E-07   0.940389E-09
   0.694300E+04   0.339089E-08   0.554801E-08   0.691971E-08
   0.694400E+04   0.622341E-09  -0.262998E-08   0.121497E-07
   0.694500E+04  -0.220684E-08  -0.104712E-07   0.161191E-07
   0.694600E+04  -0.480662E-08  -0.172260E-07   0.184449E-07
   0.694700E+04  -0.691031E-08  -0.222554E-07   0.189111E-07
   0.694800E+04  -0.830178E-08  -0.250953E-07   0.174908E-07
   0.694900E+04  -0.883763E-08  -0.255032E-07   0.143483E-07
   0.695000E+04  -0.846186E-08  -0.234816E-07   0.982190E-08
   0.695100E+04  -0.721172E-08  -0.192777E-07   0.438994E-08
   0.695200E+04  -0.521397E-08  -0.133570E-07  -0.137881E-08
   0.695300E+04  -0.267203E-08  -0.635560E-08  -0.688302E-08
   0.695400E+04   0.154702E-09   0.985493E-09  -0.115504E-07
   0.695500E+04   0.297730E-08   0.789609E-08  -0.148962E-07
   0.695600E+04   0.550674E-08   0.136559E-07  -0.165728E-07
   0.695700E+04   0.748347E-08   0.176684E-07  -0.164054E-07
   0.695800E+04   0.870390E-08   0.195218E-07  -0.144102E-07
   0.695900E+04   0.904126E-08   0.190311E-07  -0.107925E-07
   0.696000E+04   0.845867E-08   0.162577E-07  -0.592636E-08
   0.696100E+04   0.701300E-08   0.115022E-07  -0.316178E-09
   0.696200E+04   0.484921E-08   0.527417E-08   0.545453E-08
   0.696300E+04   0.218566E-08  -0.176005E-08   0.107828E-07
   0.696400E+04  -0.708020E-09  -0.884611E-08   0.151078E-07
   0.696500E+04  -0.353839E-08  -0.152190E-07   0.179685E-07
   0.696600E+04  -0.601806E-08  -0.201817E-07   0.190509E-07
   0.696700E+04  -0.789500E-08  -0.231777E-07   0.182204E-07
   0.696800E+04  -0.897823E-08  -0.238483E-07   0.155366E-07
   0.696900E+04  -0.915738E-08  -0.220704E-07   0.112472E-07
   0.697000E+04  -0.841402E-08  -0.179708E-07   0.576391E-08
   0.697100E+04  -0.682358E-08  -0.119141E-07  -0.379254E-09
   0.697200E+04  -0.454780E-08  -0.446698E-08  -0.657948E-08
   0.697300E+04  -0.181830E-08   0.365853E-08  -0.122262E-07
   0.697400E+04   0.108699E-08   0.116762E-07  -0.167626E-07
   0.697500E+04   0.387207E-08   0.188051E-07  -0.197424E-07
   0.697600E+04   0.625307E-08   0.243482E-07  -0.208742E-07
   0.697700E+04   0.798720E-08   0.277628E-07  -0.200519E-07
   0.697800E+04   0.889749E-08   0.287154E-07  -0.173645E-07
   0.697900E+04   0.889094E-08   0.271155E-07  -0.130874E-07
   0.698000E+04   0.796808E-08   0.231248E-07  -0.765436E-08
   0.698100E+04   0.622292E-08   0.171407E-07  -0.161306E-08
   0.698200E+04   0.383353E-08   0.975596E-08   0.443024E-08
   0.698300E+04   0.104387E-08   0.169892E-08   0.987248E-08
   0.698400E+04  -0.186098E-08  -0.624034E-08   0.141750E-07
   0.698500E+04  -0.458391E-08  -0.132899E-07   0.169180E-07
   0.698600E+04  -0.684606E-08  -0.187740E-07   0.178432E-07
   0.698700E+04  -0.841533E-08  -0.221808E-07   0.168798E-07
   0.698800E+04  -0.913008E-08  -0.232144E-07   0.141511E-07
   0.698900E+04  -0.891569E-08  -0.218229E-07   0.996149E-08
   0.699000E+04  -0.779235E-08  -0.182040E-07   0.476520E-08
   0.699100E+04  -0.587303E-08  -0.127825E-07  -0.880787E-09
   0.699200E+04  -0.335212E-08  -0.616679E-08  -0.637396E-08
   0.699300E+04  -0.485699E-09   0.914762E-09  -0.111283E-07
   0.699400E+04   0.243454E-08   0.768918E-08  -0.146345E-07
   0.699500E+04   0.511095E-08   0.134188E-07  -0.165128E-07
   0.699600E+04   0.727030E-08   0.174778E-07  -0.165519E-07
   0.699700E+04   0.869169E-08   0.194169E-07  -0.147312E-07
   0.699800E+04   0.922906E-08   0.190102E-07  -0.112233E-07
   0.699900E+04   0.882629E-08   0.162792E-07  -0.637705E-08
   0.700000E+04   0.752294E-08   0.114912E-07  -0.681917E-09
   0.700100E+04   0.545038E-08   0.513267E-08   0.528146E-08
   0.700200E+04   0.281852E-08  -0.214024E-08   0.109005E-07
   0.700300E+04  -0.105498E-09  -0.956853E-08   0.155934E-07
   0.700400E+04  -0.302444E-08  -0.163680E-07   0.188682E-07
   0.700500E+04  -0.564125E-08  -0.218098E-07   0.203739E-07
   0.700600E+04  -0.768926E-08  -0.252954E-07   0.199361E-07
   0.700700E+04  -0.895947E-08  -0.264191E-07   0.175758E-07
   0.700800E+04  -0.932182E-08  -0.250101E-07   0.135076E-07
   0.700900E+04  -0.873858E-08  -0.211519E-07   0.811871E-08
   0.701000E+04  -0.726825E-08  -0.151749E-07   0.192993E-08
   0.701100E+04  -0.505970E-08  -0.762486E-08  -0.445656E-08
   0.701200E+04  -0.233712E-08   0.791579E-09  -0.104180E-07
   0.701300E+04   0.622810E-09   0.927704E-08  -0.153740E-07
   0.701400E+04   0.351900E-08   0.170233E-07  -0.188449E-07
   0.701500E+04   0.605665E-08   0.232923E-07  -0.205006E-07
   0.701600E+04   0.797727E-08   0.274903E-07  -0.201934E-07
   0.701700E+04   0.908508E-08   0.292272E-07  -0.179728E-07
   0.701800E+04   0.926699E-08   0.283557E-07  -0.140803E-07
   0.701900E+04   0.850422E-08   0.249859E-07  -0.892449E-08
   0.702000E+04   0.687430E-08   0.194734E-07  -0.303916E-08
   0.702100E+04   0.454322E-08   0.123829E-07   0.297124E-08
   0.702200E+04   0.174863E-08   0.443112E-08   0.849325E-08
   0.702300E+04  -0.122436E-08  -0.358649E-08   0.129671E-07
   0.702400E+04  -0.407218E-08  -0.108764E-07   0.159436E-07
   0.702500E+04  -0.650376E-08  -0.167271E-07   0.171302E-07
   0.702600E+04  -0.827021E-08  -0.205815E-07   0.164203E-07
   0.702700E+04  -0.919024E-08  -0.220923E-07   0.139044E-07
   0.702800E+04  -0.916877E-08  -0.211572E-07   0.986016E-08
   0.702900E+04  -0.820666E-08  -0.179277E-07   0.472411E-08
   0.703000E+04  -0.640076E-08  -0.127928E-07  -0.953475E-09
   0.703100E+04  -0.393419E-08  -0.633829E-08  -0.656522E-08
   0.703200E+04  -0.105769E-08   0.714652E-09  -0.115092E-07
   0.703300E+04   0.193578E-08   0.758412E-08  -0.152508E-07
   0.703400E+04   0.474090E-08   0.135087E-07  -0.173786E-07
   0.703500E+04   0.707107E-08   0.178267E-07  -0.176465E-07
   0.703600E+04   0.868769E-08   0.200449E-07  -0.159999E-07
   0.703700E+04   0.942446E-08   0.198904E-07  -0.125823E-07
   0.703800E+04   0.920448E-08   0.173395E-07  -0.772110E-08
   0.703900E+04   0.804819E-08   0.126216E-07  -0.189506E-08
   0.704000E+04   0.607136E-08   0.619687E-08   0.431392E-08
   0.704100E+04   0.347348E-08  -0.129047E-08   0.102798E-07
   0.704200E+04   0.517501E-09  -0.907685E-08   0.153959E-07
   0.704300E+04  -0.249686E-08  -0.163573E-07   0.191369E-07
   0.704400E+04  -0.526360E-08  -0.223675E-07   0.211122E-07
   0.704500E+04  -0.750158E-08  -0.264625E-07   0.211062E-07
   0.704600E+04  -0.898316E-08  -0.281828E-07   0.191008E-07
   0.704700E+04  -0.955745E-08  -0.273029E-07   0.152777E-07
   0.704800E+04  -0.916573E-08  -0.238552E-07   0.100006E-07
   0.704900E+04  -0.784753E-08  -0.181283E-07   0.377892E-08
   0.705000E+04  -0.573666E-08  -0.106394E-07  -0.278342E-08
   0.705100E+04  -0.304769E-08  -0.208331E-08  -0.904862E-08
   0.705200E+04  -0.541392E-10   0.673643E-08  -0.144093E-07
   0.705300E+04   0.293930E-08   0.149879E-07  -0.183497E-07
   0.705400E+04   0.562780E-08   0.218938E-07  -0.204974E-07
   0.705500E+04   0.773743E-08   0.268090E-07  -0.206607E-07
   0.705600E+04   0.905310E-08   0.292851E-07  -0.188477E-07
   0.705700E+04   0.944049E-08   0.291148E-07  -0.152650E-07
   0.705800E+04   0.885983E-08   0.263521E-07  -0.102957E-07
   0.705900E+04   0.736998E-08   0.213058E-07  -0.446080E-08
   0.706000E+04   0.512255E-08   0.145077E-07   0.163481E-08
   0.706100E+04   0.234650E-08   0.665820E-08   0.736401E-08
   0.706200E+04  -0.675170E-09  -0.144576E-08   0.121416E-07
   0.706300E+04  -0.363417E-08  -0.899132E-08   0.154839E-07
   0.706400E+04  -0.622839E-08  -0.152325E-07   0.170584E-07
   0.706500E+04  -0.819263E-08  -0.195658E-07   0.167172E-07
   0.706600E+04  -0.932578E-08  -0.215909E-07   0.145123E-07
   0.706700E+04  -0.951128E-08  -0.211506E-07   0.106896E-07
   0.706800E+04  -0.872916E-08  -0.183460E-07   0.566410E-08
   0.706900E+04  -0.705816E-08  -0.135248E-07  -0.236356E-10
   0.707000E+04  -0.466777E-08  -0.724452E-08  -0.576263E-08
   0.707100E+04  -0.180108E-08  -0.214298E-09  -0.109347E-07
   0.707200E+04   0.124995E-08   0.677926E-08  -0.149784E-07
   0.707300E+04   0.417417E-08   0.129538E-07  -0.174470E-07
   0.707400E+04   0.667300E-08   0.176130E-07  -0.180548E-07
   0.707500E+04   0.849082E-08   0.202190E-07  -0.167079E-07
   0.707600E+04   0.944114E-08   0.204491E-07  -0.135138E-07
   0.707700E+04   0.942562E-08   0.182308E-07  -0.877229E-08
   0.707800E+04   0.844429E-08   0.137498E-07  -0.294496E-08
   0.707900E+04   0.659561E-08   0.743302E-08   0.339072E-08
   0.708000E+04   0.406655E-08  -0.939737E-10   0.959989E-08
   0.708100E+04   0.111370E-08  -0.807030E-08   0.150546E-07
   0.708200E+04  -0.196283E-08  -0.156768E-07   0.191979E-07
   0.708300E+04  -0.484989E-08  -0.221194E-07   0.216000E-07
   0.708400E+04  -0.725321E-08  -0.267110E-07   0.220034E-07
   0.708500E+04  -0.892735E-08  -0.289416E-07   0.203484E-07
   0.708600E+04  -0.970077E-08  -0.285319E-07   0.167807E-07
   0.708700E+04  -0.949335E-08  -0.254631E-07   0.116366E-07
   0.708800E+04  -0.832469E-08  -0.199804E-07   0.541019E-08
   0.708900E+04  -0.631217E-08  -0.125702E-07  -0.129673E-08
   0.709000E+04  -0.365914E-08  -0.391221E-08  -0.783469E-08
   0.709100E+04  -0.634262E-09   0.518732E-08  -0.135719E-07
   0.709200E+04   0.245573E-08   0.138760E-07  -0.179578E-07
   0.709300E+04   0.529726E-08   0.213399E-07  -0.205782E-07
   0.709400E+04   0.760177E-08   0.268848E-07  -0.211969E-07
   0.709500E+04   0.913517E-08   0.300049E-07  -0.197788E-07
   0.709600E+04   0.974166E-08   0.304334E-07  -0.164930E-07
   0.709700E+04   0.935963E-08   0.281676E-07  -0.116949E-07
   0.709800E+04   0.802804E-08   0.234691E-07  -0.588996E-08
   0.709900E+04   0.588248E-08   0.168357E-07   0.318944E-09
   0.710000E+04   0.314145E-08   0.895053E-08   0.629258E-08
   0.710100E+04   0.841195E-10   0.612353E-09   0.114210E-07
   0.710200E+04  -0.297805E-08  -0.734585E-08   0.151856E-07
   0.710300E+04  -0.573300E-08  -0.141413E-07   0.172121E-07
   0.710400E+04  -0.789989E-08  -0.191206E-07   0.173086E-07
   0.710500E+04  -0.925771E-08  -0.218253E-07   0.154845E-07
   0.710600E+04  -0.966784E-08  -0.220374E-07   0.119497E-07
   0.710700E+04  -0.908821E-08  -0.198004E-07   0.709229E-08
   0.710800E+04  -0.757769E-08  -0.154133E-07   0.143838E-08
   0.710900E+04  -0.529008E-08  -0.939798E-08  -0.440213E-08
   0.711000E+04  -0.245855E-08  -0.244460E-08  -0.979870E-08
   0.711100E+04   0.628117E-09   0.466101E-08  -0.141654E-07
   0.711200E+04   0.365492E-08   0.111194E-07  -0.170217E-07
   0.711300E+04   0.631275E-08   0.162012E-07  -0.180424E-07
   0.711400E+04   0.832991E-08   0.193231E-07  -0.170921E-07
   0.711500E+04   0.949986E-08   0.201098E-07  -0.142397E-07
   0.711600E+04   0.970234E-08   0.184333E-07  -0.975281E-08
   0.711700E+04   0.891570E-08   0.144282E-07  -0.407072E-08
   0.711800E+04   0.721922E-08   0.847836E-08   0.223927E-08
   0.711900E+04   0.478506E-08   0.117951E-08   0.853942E-08
   0.712000E+04   0.186084E-08  -0.672164E-08   0.141862E-07
   0.712100E+04  -0.125555E-08  -0.144032E-07   0.185961E-07
   0.712200E+04  -0.424631E-08  -0.210521E-07   0.213050E-07
   0.712300E+04  -0.680613E-08  -0.259481E-07   0.220162E-07
   0.712400E+04  -0.867330E-08  -0.285380E-07   0.206313E-07
   0.712500E+04  -0.965650E-08  -0.284939E-07   0.172609E-07
   0.712600E+04  -0.965436E-08  -0.257482E-07   0.122146E-07
   0.712700E+04  -0.866591E-08  -0.205029E-07   0.597013E-08
   0.712800E+04  -0.679084E-08  -0.132112E-07  -0.873709E-09
   0.712900E+04  -0.421939E-08  -0.453354E-08  -0.765726E-08
   0.713000E+04  -0.121309E-08   0.472701E-08  -0.137260E-07
   0.713100E+04   0.192177E-08   0.137045E-07  -0.184961E-07
   0.713200E+04   0.486538E-08   0.215559E-07  -0.215132E-07
   0.713300E+04   0.731691E-08   0.275453E-07  -0.224974E-07
   0.713400E+04   0.902528E-08   0.311169E-07  -0.213715E-07
   0.713500E+04   0.981472E-08   0.319505E-07  -0.182681E-07
   0.713600E+04   0.960284E-08   0.299926E-07  -0.135157E-07
   0.713700E+04   0.840911E-08   0.254613E-07  -0.760485E-08
   0.713800E+04   0.635300E-08   0.188238E-07  -0.113798E-08
   0.713900E+04   0.364198E-08   0.107485E-07   0.523181E-08
   0.714000E+04   0.550439E-09   0.203701E-08   0.108673E-07
   0.714100E+04  -0.260813E-08  -0.645660E-08   0.152118E-07
   0.714200E+04  -0.551299E-08  -0.139122E-07   0.178455E-07
   0.714300E+04  -0.786884E-08  -0.196261E-07   0.185277E-07
   0.714400E+04  -0.943585E-08  -0.230809E-07   0.172208E-07
   0.714500E+04  -0.100541E-07  -0.239972E-07   0.140932E-07
   0.714600E+04  -0.966008E-08  -0.223595E-07   0.950145E-08
   0.714700E+04  -0.829297E-08  -0.184165E-07   0.395285E-08
   0.714800E+04  -0.609095E-08  -0.126530E-07  -0.194721E-08
   0.714900E+04  -0.327715E-08  -0.573850E-08  -0.755808E-08
   0.715000E+04  -0.136995E-09   0.154323E-08  -0.122702E-07
   0.715100E+04   0.301082E-08   0.837642E-08  -0.155686E-07
   0.715200E+04   0.584669E-08   0.139986E-07  -0.170860E-07
   0.715300E+04   0.808267E-08   0.177802E-07  -0.166418E-07
   0.715400E+04   0.949179E-08   0.192907E-07  -0.142610E-07
   0.715500E+04   0.993118E-08   0.183441E-07  -0.101726E-07
   0.715600E+04   0.935666E-08   0.150187E-07  -0.478684E-08
   0.715700E+04   0.782728E-08   0.965052E-08   0.134642E-08
   0.715800E+04   0.549935E-08   0.279883E-08   0.759349E-08
   0.715900E+04   0.261059E-08  -0.481056E-08   0.133016E-07
   0.716000E+04  -0.544122E-09  -0.123601E-07   0.178660E-07
   0.716100E+04  -0.364268E-08  -0.190247E-07   0.207919E-07
   0.716200E+04  -0.636862E-08  -0.240577E-07   0.217462E-07
   0.716300E+04  -0.844334E-08  -0.268688E-07   0.205922E-07
   0.716400E+04  -0.965454E-08  -0.270864E-07   0.174050E-07
   0.716500E+04  -0.987782E-08  -0.245984E-07   0.124649E-07
   0.716600E+04  -0.908949E-08  -0.195666E-07   0.623064E-08
   0.716700E+04  -0.736896E-08  -0.124124E-07  -0.706384E-09
   0.716800E+04  -0.489072E-08  -0.377783E-08  -0.768081E-08
   0.716900E+04  -0.190658E-08   0.553798E-08  -0.140199E-07
   0.717000E+04   0.127994E-08   0.146572E-07  -0.191111E-07
   0.717100E+04   0.434458E-08   0.227106E-07  -0.224633E-07
   0.717200E+04   0.697538E-08   0.289242E-07  -0.237564E-07
   0.717300E+04   0.890448E-08   0.326970E-07  -0.228733E-07
   0.717400E+04   0.993551E-08   0.336608E-07  -0.199116E-07
   0.717500E+04   0.996364E-08   0.317176E-07  -0.151732E-07
   0.717600E+04   0.898631E-08   0.270496E-07  -0.913418E-08
   0.717700E+04   0.710356E-08   0.201013E-07  -0.239617E-08
   0.717800E+04   0.450789E-08   0.115349E-07   0.437435E-08
   0.717900E+04   0.146462E-08   0.216445E-08   0.105134E-07
   0.718000E+04  -0.171510E-08  -0.712516E-08   0.154264E-07
   0.718100E+04  -0.470607E-08  -0.154666E-07   0.186478E-07
   0.718200E+04  -0.720223E-08  -0.220959E-07   0.198879E-07
   0.718300E+04  -0.894796E-08  -0.264279E-07   0.190608E-07
   0.718400E+04  -0.976418E-08  -0.281133E-07   0.162925E-07
   0.718500E+04  -0.956681E-08  -0.270716E-07   0.119069E-07
   0.718600E+04  -0.837536E-08  -0.234965E-07   0.639128E-08
   0.718700E+04  -0.631112E-08  -0.178337E-07   0.345942E-09
   0.718800E+04  -0.358486E-08  -0.107334E-07  -0.557843E-08
   0.718900E+04  -0.475400E-09  -0.298143E-08  -0.107480E-07
   0.719000E+04   0.269877E-08   0.458266E-08  -0.146113E-07
   0.719100E+04   0.561198E-08   0.111526E-07  -0.167564E-07
   0.719200E+04   0.796467E-08   0.160389E-07  -0.169535E-07
   0.719300E+04   0.951398E-08   0.187401E-07  -0.151789E-07
   0.719400E+04   0.100987E-07   0.189940E-07  -0.116177E-07
   0.719500E+04   0.965572E-08   0.168044E-07  -0.664500E-08
   0.719600E+04   0.822693E-08   0.124401E-07  -0.787229E-09
   0.719700E+04   0.595482E-08   0.640650E-08   0.533164E-08
   0.719800E+04   0.306827E-08  -0.607539E-09   0.110547E-07
   0.719900E+04  -0.140670E-09  -0.780204E-08   0.157598E-07
   0.720000E+04  -0.334648E-08  -0.143498E-07   0.189247E-07
   0.720100E+04  -0.622328E-08  -0.194835E-07   0.201808E-07
