   0.610352E-01  -0.279288E-12  -0.765582E-13  -0.415147E-12  -0.115612E-12   0.259343E-12   0.695395E-13
   0.915527E-01  -0.279572E-12  -0.114884E-12  -0.414689E-12  -0.173365E-12   0.260301E-12   0.104415E-12
   0.122070E+00  -0.279971E-12  -0.153266E-12  -0.414042E-12  -0.231056E-12   0.261653E-12   0.139417E-12
   0.152588E+00  -0.280483E-12  -0.191724E-12  -0.413202E-12  -0.288661E-12   0.263410E-12   0.174587E-12
   0.183105E+00  -0.281111E-12  -0.230280E-12  -0.412162E-12  -0.346162E-12   0.265585E-12   0.209967E-12
   0.213623E+00  -0.281856E-12  -0.268955E-12  -0.410915E-12  -0.403536E-12   0.268196E-12   0.245597E-12
   0.244141E+00  -0.282723E-12  -0.307770E-12  -0.409452E-12  -0.460763E-12   0.271261E-12   0.281517E-12
   0.274658E+00  -0.283717E-12  -0.346747E-12  -0.407760E-12  -0.517821E-12   0.274801E-12   0.317766E-12
   0.305176E+00  -0.284843E-12  -0.385907E-12  -0.405828E-12  -0.574691E-12   0.278839E-12   0.354384E-12
   0.335693E+00  -0.286108E-12  -0.425268E-12  -0.403643E-12  -0.631351E-12   0.283398E-12   0.391414E-12
   0.366211E+00  -0.287516E-12  -0.464852E-12  -0.401189E-12  -0.687780E-12   0.288508E-12   0.428901E-12
   0.396729E+00  -0.289075E-12  -0.504680E-12  -0.398448E-12  -0.743958E-12   0.294204E-12   0.466894E-12
   0.427246E+00  -0.290793E-12  -0.544773E-12  -0.395402E-12  -0.799862E-12   0.300534E-12   0.505438E-12
   0.457764E+00  -0.292681E-12  -0.585151E-12  -0.392026E-12  -0.855473E-12   0.307552E-12   0.544574E-12
   0.488281E+00  -0.294745E-12  -0.625830E-12  -0.388296E-12  -0.910773E-12   0.315313E-12   0.584331E-12
   0.518799E+00  -0.296992E-12  -0.666827E-12  -0.384187E-12  -0.965747E-12   0.323869E-12   0.624733E-12
   0.549316E+00  -0.299423E-12  -0.708165E-12  -0.379674E-12  -0.102038E-11   0.333264E-12   0.665808E-12
   0.579834E+00  -0.302042E-12  -0.749869E-12  -0.374737E-12  -0.107467E-11   0.343542E-12   0.707595E-12
   0.610352E+00  -0.304859E-12  -0.791966E-12  -0.369361E-12  -0.112858E-11   0.354759E-12   0.750144E-12
   0.640869E+00  -0.307884E-12  -0.834484E-12  -0.363526E-12  -0.118209E-11   0.366989E-12   0.793504E-12
   0.671387E+00  -0.311129E-12  -0.877443E-12  -0.357205E-12  -0.123517E-11   0.380324E-12   0.837714E-12
   0.701904E+00  -0.314597E-12  -0.920870E-12  -0.350353E-12  -0.128778E-11   0.394857E-12   0.882797E-12
   0.732422E+00  -0.318293E-12  -0.964797E-12  -0.342914E-12  -0.133988E-11   0.410672E-12   0.928771E-12
   0.762939E+00  -0.322229E-12  -0.100927E-11  -0.334826E-12  -0.139147E-11   0.427856E-12   0.975664E-12
   0.793457E+00  -0.326425E-12  -0.105431E-11  -0.326030E-12  -0.144253E-11   0.446509E-12   0.102351E-11
   0.823975E+00  -0.330910E-12  -0.109998E-11  -0.316479E-12  -0.149307E-11   0.466761E-12   0.107233E-11
   0.854492E+00  -0.335710E-12  -0.114628E-11  -0.306130E-12  -0.154308E-11   0.488747E-12   0.112212E-11
   0.885010E+00  -0.340841E-12  -0.119324E-11  -0.294944E-12  -0.159255E-11   0.512574E-12   0.117284E-11
   0.915527E+00  -0.346306E-12  -0.124089E-11  -0.282875E-12  -0.164146E-11   0.538324E-12   0.122448E-11
   0.946045E+00  -0.352111E-12  -0.128927E-11  -0.269867E-12  -0.168977E-11   0.566091E-12   0.127708E-11
   0.976562E+00  -0.358272E-12  -0.133845E-11  -0.255844E-12  -0.173745E-11   0.596026E-12   0.133067E-11
   0.100708E+01  -0.364826E-12  -0.138848E-11  -0.240714E-12  -0.178446E-11   0.628335E-12   0.138527E-11
   0.103760E+01  -0.371823E-12  -0.143941E-11  -0.224367E-12  -0.183080E-11   0.663213E-12   0.144081E-11
   0.106812E+01  -0.379310E-12  -0.149129E-11  -0.206681E-12  -0.187646E-11   0.700815E-12   0.149720E-11
   0.109863E+01  -0.387322E-12  -0.154414E-11  -0.187523E-12  -0.192147E-11   0.741291E-12   0.155439E-11
   0.112915E+01  -0.395882E-12  -0.159799E-11  -0.166772E-12  -0.196588E-11   0.784830E-12   0.161233E-11
   0.115967E+01  -0.405014E-12  -0.165292E-11  -0.144346E-12  -0.200980E-11   0.831636E-12   0.167088E-11
   0.119019E+01  -0.414758E-12  -0.170900E-11  -0.120213E-12  -0.205326E-11   0.881842E-12   0.172989E-11
   0.122070E+01  -0.425181E-12  -0.176632E-11  -0.943371E-13  -0.209625E-11   0.935523E-12   0.178924E-11
   0.125122E+01  -0.436372E-12  -0.182494E-11  -0.665989E-13  -0.213870E-11   0.992807E-12   0.184893E-11
   0.128174E+01  -0.448423E-12  -0.188491E-11  -0.367666E-13  -0.218059E-11   0.105397E-11   0.190890E-11
   0.131226E+01  -0.461422E-12  -0.194628E-11  -0.456972E-14  -0.222205E-11   0.111933E-11   0.196895E-11
   0.134277E+01  -0.475451E-12  -0.200908E-11   0.301707E-13  -0.226332E-11   0.118906E-11   0.202873E-11
   0.137329E+01  -0.490597E-12  -0.207337E-11   0.674822E-13  -0.230466E-11   0.126319E-11   0.208795E-11
   0.140381E+01  -0.506958E-12  -0.213921E-11   0.107314E-12  -0.234619E-11   0.134173E-11   0.214648E-11
   0.143433E+01  -0.524646E-12  -0.220664E-11   0.149666E-12  -0.238795E-11   0.142483E-11   0.220419E-11
   0.146484E+01  -0.543787E-12  -0.227571E-11   0.194631E-12  -0.242998E-11   0.151265E-11   0.226088E-11
   0.149536E+01  -0.564516E-12  -0.234643E-11   0.242343E-12  -0.247237E-11   0.160529E-11   0.231628E-11
   0.152588E+01  -0.586961E-12  -0.241883E-11   0.292908E-12  -0.251528E-11   0.170283E-11   0.237021E-11
   0.155640E+01  -0.611239E-12  -0.249290E-11   0.346392E-12  -0.255888E-11   0.180545E-11   0.242245E-11
   0.158691E+01  -0.637467E-12  -0.256866E-11   0.402856E-12  -0.260333E-11   0.191330E-11   0.247267E-11
   0.161743E+01  -0.665770E-12  -0.264612E-11   0.462342E-12  -0.264882E-11   0.202641E-11   0.252048E-11
   0.164795E+01  -0.696290E-12  -0.272530E-11   0.524823E-12  -0.269556E-11   0.214472E-11   0.256561E-11
   0.167847E+01  -0.729156E-12  -0.280617E-11   0.590174E-12  -0.274371E-11   0.226823E-11   0.260785E-11
   0.170898E+01  -0.764475E-12  -0.288873E-11   0.658267E-12  -0.279324E-11   0.239695E-11   0.264695E-11
   0.173950E+01  -0.802354E-12  -0.297302E-11   0.729164E-12  -0.284398E-11   0.253088E-11   0.268273E-11
   0.177002E+01  -0.842944E-12  -0.305907E-11   0.803208E-12  -0.289592E-11   0.267014E-11   0.271507E-11
   0.180054E+01  -0.886438E-12  -0.314690E-11   0.880788E-12  -0.294936E-11   0.281504E-11   0.274368E-11
   0.183105E+01  -0.933018E-12  -0.323649E-11   0.961938E-12  -0.300491E-11   0.296577E-11   0.276792E-11
   0.186157E+01  -0.982834E-12  -0.332781E-11   0.104626E-11  -0.306293E-11   0.312205E-11   0.278716E-11
   0.189209E+01  -0.103604E-11  -0.342088E-11   0.113336E-11  -0.312323E-11   0.328346E-11   0.280124E-11
   0.192261E+01  -0.109283E-11  -0.351571E-11   0.122340E-11  -0.318542E-11   0.345004E-11   0.281030E-11
   0.195312E+01  -0.115343E-11  -0.361229E-11   0.131701E-11  -0.324948E-11   0.362224E-11   0.281413E-11
   0.198364E+01  -0.121804E-11  -0.371057E-11   0.141465E-11  -0.331601E-11   0.380035E-11   0.281198E-11
   0.201416E+01  -0.128686E-11  -0.381058E-11   0.151627E-11  -0.338576E-11   0.398420E-11   0.280308E-11
   0.204468E+01  -0.136020E-11  -0.391230E-11   0.162140E-11  -0.345917E-11   0.417348E-11   0.278688E-11
   0.207520E+01  -0.143837E-11  -0.401562E-11   0.172961E-11  -0.353621E-11   0.436782E-11   0.276296E-11
   0.210571E+01  -0.152159E-11  -0.412041E-11   0.184086E-11  -0.361659E-11   0.456689E-11   0.273106E-11
   0.213623E+01  -0.161006E-11  -0.422657E-11   0.195556E-11  -0.370020E-11   0.477055E-11   0.269109E-11
   0.216675E+01  -0.170405E-11  -0.433409E-11   0.207429E-11  -0.378746E-11   0.497909E-11   0.264271E-11
   0.219727E+01  -0.180391E-11  -0.444289E-11   0.219715E-11  -0.387930E-11   0.519256E-11   0.258491E-11
   0.222778E+01  -0.191001E-11  -0.455276E-11   0.232353E-11  -0.397650E-11   0.541021E-11   0.251667E-11
   0.225830E+01  -0.202265E-11  -0.466350E-11   0.245263E-11  -0.407899E-11   0.563092E-11   0.243777E-11
   0.228882E+01  -0.214210E-11  -0.477488E-11   0.258433E-11  -0.418623E-11   0.585420E-11   0.234860E-11
   0.231934E+01  -0.226863E-11  -0.488664E-11   0.271926E-11  -0.429812E-11   0.608021E-11   0.224916E-11
   0.234985E+01  -0.240245E-11  -0.499859E-11   0.285793E-11  -0.441537E-11   0.630902E-11   0.213887E-11
   0.238037E+01  -0.254386E-11  -0.511062E-11   0.300015E-11  -0.453898E-11   0.654028E-11   0.201701E-11
   0.241089E+01  -0.269332E-11  -0.522252E-11   0.314514E-11  -0.466953E-11   0.677332E-11   0.188301E-11
   0.244141E+01  -0.285129E-11  -0.533385E-11   0.329218E-11  -0.480687E-11   0.700728E-11   0.173658E-11
   0.247192E+01  -0.301795E-11  -0.544410E-11   0.344116E-11  -0.495053E-11   0.724143E-11   0.157796E-11
   0.250244E+01  -0.319345E-11  -0.555299E-11   0.359268E-11  -0.510047E-11   0.747577E-11   0.140749E-11
   0.253296E+01  -0.337807E-11  -0.566032E-11   0.374724E-11  -0.525754E-11   0.771070E-11   0.122471E-11
   0.256348E+01  -0.357228E-11  -0.576576E-11   0.390442E-11  -0.542293E-11   0.794586E-11   0.102844E-11
   0.259399E+01  -0.377653E-11  -0.586878E-11   0.406309E-11  -0.559711E-11   0.817996E-11   0.818045E-12
   0.262451E+01  -0.399117E-11  -0.596871E-11   0.422255E-11  -0.577962E-11   0.841194E-11   0.593911E-12
   0.265503E+01  -0.421631E-11  -0.606486E-11   0.438305E-11  -0.597013E-11   0.864167E-11   0.356435E-12
   0.268555E+01  -0.445193E-11  -0.615674E-11   0.454504E-11  -0.616917E-11   0.886923E-11   0.105291E-12
   0.271606E+01  -0.469823E-11  -0.624408E-11   0.470829E-11  -0.637780E-11   0.909425E-11  -0.160235E-12
   0.274658E+01  -0.495575E-11  -0.632645E-11   0.487186E-11  -0.659677E-11   0.931590E-11  -0.440783E-12
   0.277710E+01  -0.522499E-11  -0.640287E-11   0.503464E-11  -0.682608E-11   0.953296E-11  -0.736616E-12
   0.280762E+01  -0.550593E-11  -0.647228E-11   0.519607E-11  -0.706517E-11   0.974434E-11  -0.104728E-11
   0.283813E+01  -0.579829E-11  -0.653391E-11   0.535646E-11  -0.731377E-11   0.994983E-11  -0.137202E-11
   0.286865E+01  -0.610192E-11  -0.658734E-11   0.551617E-11  -0.757258E-11   0.101499E-10  -0.171105E-11
   0.289917E+01  -0.641701E-11  -0.663215E-11   0.567461E-11  -0.784283E-11   0.103442E-10  -0.206562E-11
   0.292969E+01  -0.674399E-11  -0.666763E-11   0.583026E-11  -0.812497E-11   0.105311E-10  -0.243640E-11
   0.296021E+01  -0.708314E-11  -0.669257E-11   0.598197E-11  -0.841838E-11   0.107089E-10  -0.282265E-11
   0.299072E+01  -0.743412E-11  -0.670563E-11   0.612967E-11  -0.872229E-11   0.108777E-10  -0.322334E-11
   0.302124E+01  -0.779627E-11  -0.670600E-11   0.627381E-11  -0.903690E-11   0.110378E-10  -0.363855E-11
   0.305176E+01  -0.816926E-11  -0.669322E-11   0.641421E-11  -0.936328E-11   0.111891E-10  -0.406943E-11
   0.308228E+01  -0.855309E-11  -0.666667E-11   0.654954E-11  -0.970230E-11   0.113304E-10  -0.451707E-11
   0.311279E+01  -0.894775E-11  -0.662539E-11   0.667815E-11  -0.100537E-10   0.114595E-10  -0.498152E-11
   0.314331E+01  -0.935297E-11  -0.656825E-11   0.679922E-11  -0.104165E-10   0.115751E-10  -0.546179E-11
   0.317383E+01  -0.976825E-11  -0.649417E-11   0.691294E-11  -0.107902E-10   0.116772E-10  -0.595701E-11
   0.320435E+01  -0.101929E-10  -0.640225E-11   0.701935E-11  -0.111751E-10   0.117657E-10  -0.646760E-11
   0.323486E+01  -0.106263E-10  -0.629178E-11   0.711756E-11  -0.115722E-10   0.118398E-10  -0.699483E-11
   0.326538E+01  -0.110680E-10  -0.616198E-11   0.720611E-11  -0.119813E-10   0.118969E-10  -0.753906E-11
   0.329590E+01  -0.115174E-10  -0.601201E-11   0.728395E-11  -0.124019E-10   0.119347E-10  -0.809902E-11
   0.332642E+01  -0.119739E-10  -0.584117E-11   0.735052E-11  -0.128334E-10   0.119524E-10  -0.867302E-11
   0.335693E+01  -0.124373E-10  -0.564842E-11   0.740502E-11  -0.132757E-10   0.119496E-10  -0.926017E-11
   0.338745E+01  -0.129066E-10  -0.543244E-11   0.744637E-11  -0.137282E-10   0.119257E-10  -0.985999E-11
   0.341797E+01  -0.133807E-10  -0.519208E-11   0.747415E-11  -0.141897E-10   0.118800E-10  -0.104717E-10
   0.344849E+01  -0.138579E-10  -0.492685E-11   0.748858E-11  -0.146598E-10   0.118120E-10  -0.110949E-10
   0.347900E+01  -0.143372E-10  -0.463666E-11   0.748920E-11  -0.151391E-10   0.117206E-10  -0.117292E-10
   0.350952E+01  -0.148182E-10  -0.432123E-11   0.747432E-11  -0.156277E-10   0.116045E-10  -0.123739E-10
   0.354004E+01  -0.153006E-10  -0.397938E-11   0.744226E-11  -0.161239E-10   0.114625E-10  -0.130273E-10
   0.357056E+01  -0.157830E-10  -0.360952E-11   0.739292E-11  -0.166257E-10   0.112946E-10  -0.136877E-10
   0.360107E+01  -0.162631E-10  -0.321098E-11   0.732753E-11  -0.171320E-10   0.111015E-10  -0.143543E-10
   0.363159E+01  -0.167392E-10  -0.278419E-11   0.724677E-11  -0.176437E-10   0.108833E-10  -0.150275E-10
   0.366211E+01  -0.172107E-10  -0.232946E-11   0.714924E-11  -0.181619E-10   0.106384E-10  -0.157079E-10
   0.369263E+01  -0.176772E-10  -0.184615E-11   0.703244E-11  -0.186857E-10   0.103645E-10  -0.163943E-10
   0.372314E+01  -0.181376E-10  -0.133280E-11   0.689537E-11  -0.192125E-10   0.100606E-10  -0.170841E-10
   0.375366E+01  -0.185895E-10  -0.788559E-12   0.673924E-11  -0.197402E-10   0.972741E-11  -0.177752E-10
   0.378418E+01  -0.190305E-10  -0.213971E-12   0.656523E-11  -0.202691E-10   0.936595E-11  -0.184671E-10
   0.381470E+01  -0.194599E-10   0.390207E-12   0.637235E-11  -0.208002E-10   0.897575E-11  -0.191606E-10
   0.384521E+01  -0.198768E-10   0.102435E-11   0.615862E-11  -0.213322E-10   0.855471E-11  -0.198550E-10
   0.387573E+01  -0.202799E-10   0.168940E-11   0.592377E-11  -0.218625E-10   0.810154E-11  -0.205476E-10
   0.390625E+01  -0.206667E-10   0.238550E-11   0.566953E-11  -0.223896E-10   0.761734E-11  -0.212360E-10
   0.393677E+01  -0.210350E-10   0.311164E-11   0.539703E-11  -0.229145E-10   0.710373E-11  -0.219200E-10
   0.396729E+01  -0.213842E-10   0.386685E-11   0.510479E-11  -0.234383E-10   0.655997E-11  -0.226010E-10
   0.399780E+01  -0.217139E-10   0.465150E-11   0.479004E-11  -0.239597E-10   0.598337E-11  -0.232778E-10
   0.402832E+01  -0.220220E-10   0.546670E-11   0.445195E-11  -0.244749E-10   0.537252E-11  -0.239472E-10
   0.405884E+01  -0.223056E-10   0.631212E-11   0.409293E-11  -0.249809E-10   0.472907E-11  -0.246056E-10
   0.408936E+01  -0.225623E-10   0.718594E-11   0.371597E-11  -0.254782E-10   0.405578E-11  -0.252525E-10
   0.411987E+01  -0.227918E-10   0.808666E-11   0.332114E-11  -0.259689E-10   0.335351E-11  -0.258894E-10
   0.415039E+01  -0.229935E-10   0.901432E-11   0.290567E-11  -0.264534E-10   0.262056E-11  -0.265169E-10
   0.418091E+01  -0.231655E-10   0.996955E-11   0.246788E-11  -0.269283E-10   0.185504E-11  -0.271331E-10
   0.421143E+01  -0.233049E-10   0.109516E-10   0.200958E-11  -0.273905E-10   0.105734E-11  -0.277351E-10
   0.424194E+01  -0.234097E-10   0.119582E-10   0.153378E-11  -0.278398E-10   0.229844E-12  -0.283221E-10
   0.427246E+01  -0.234796E-10   0.129875E-10   0.104070E-11  -0.282784E-10  -0.626733E-12  -0.288959E-10
   0.430298E+01  -0.235144E-10   0.140397E-10   0.527842E-12  -0.287063E-10  -0.151539E-11  -0.294577E-10
   0.433350E+01  -0.235117E-10   0.151152E-10  -0.647326E-14  -0.291205E-10  -0.243940E-11  -0.300045E-10
   0.436401E+01  -0.234684E-10   0.162126E-10  -0.560369E-12  -0.295171E-10  -0.339809E-11  -0.305318E-10
   0.439453E+01  -0.233826E-10   0.173288E-10  -0.113009E-11  -0.298958E-10  -0.438874E-11  -0.310389E-10
   0.442505E+01  -0.232544E-10   0.184616E-10  -0.171435E-11  -0.302594E-10  -0.541153E-11  -0.315273E-10
   0.445557E+01  -0.230838E-10   0.196105E-10  -0.231605E-11  -0.306093E-10  -0.646991E-11  -0.319965E-10
   0.448608E+01  -0.228691E-10   0.207757E-10  -0.293858E-11  -0.309427E-10  -0.756649E-11  -0.324421E-10
   0.451660E+01  -0.226075E-10   0.219553E-10  -0.358116E-11  -0.312542E-10  -0.870030E-11  -0.328587E-10
   0.454712E+01  -0.222977E-10   0.231466E-10  -0.423919E-11  -0.315411E-10  -0.986764E-11  -0.332431E-10
   0.457764E+01  -0.219395E-10   0.243475E-10  -0.490916E-11  -0.318056E-10  -0.110651E-10  -0.335956E-10
   0.460815E+01  -0.215323E-10   0.255572E-10  -0.559211E-11  -0.320503E-10  -0.122931E-10  -0.339181E-10
   0.463867E+01  -0.210744E-10   0.267745E-10  -0.629120E-11  -0.322739E-10  -0.135545E-10  -0.342091E-10
   0.466919E+01  -0.205640E-10   0.279969E-10  -0.700674E-11  -0.324718E-10  -0.148502E-10  -0.344629E-10
   0.469971E+01  -0.200005E-10   0.292215E-10  -0.773503E-11  -0.326406E-10  -0.161757E-10  -0.346751E-10
   0.473022E+01  -0.193843E-10   0.304465E-10  -0.847173E-11  -0.327807E-10  -0.175265E-10  -0.348466E-10
   0.476074E+01  -0.187144E-10   0.316709E-10  -0.921565E-11  -0.328948E-10  -0.189028E-10  -0.349796E-10
   0.479126E+01  -0.179894E-10   0.328926E-10  -0.996870E-11  -0.329835E-10  -0.203068E-10  -0.350719E-10
   0.482178E+01  -0.172086E-10   0.341087E-10  -0.107320E-10  -0.330436E-10  -0.217376E-10  -0.351195E-10
   0.485229E+01  -0.163723E-10   0.353170E-10  -0.115028E-10  -0.330717E-10  -0.231919E-10  -0.351198E-10
   0.488281E+01  -0.154801E-10   0.365162E-10  -0.122767E-10  -0.330675E-10  -0.246666E-10  -0.350724E-10
   0.491333E+01  -0.145303E-10   0.377044E-10  -0.130517E-10  -0.330336E-10  -0.261601E-10  -0.349780E-10
   0.494385E+01  -0.135219E-10   0.388778E-10  -0.138290E-10  -0.329714E-10  -0.276731E-10  -0.348372E-10
   0.497437E+01  -0.124561E-10   0.400324E-10  -0.146100E-10  -0.328786E-10  -0.292073E-10  -0.346468E-10
   0.500488E+01  -0.113353E-10   0.411669E-10  -0.153928E-10  -0.327515E-10  -0.307606E-10  -0.344008E-10
   0.503540E+01  -0.101591E-10   0.422820E-10  -0.161725E-10  -0.325888E-10  -0.323256E-10  -0.340966E-10
   0.506592E+01  -0.892456E-11   0.433758E-10  -0.169454E-10  -0.323930E-10  -0.338972E-10  -0.337386E-10
   0.509644E+01  -0.763011E-11   0.444431E-10  -0.177114E-10  -0.321670E-10  -0.354775E-10  -0.333302E-10
   0.512695E+01  -0.627830E-11   0.454787E-10  -0.184722E-10  -0.319108E-10  -0.370697E-10  -0.328684E-10
   0.515747E+01  -0.487276E-11   0.464817E-10  -0.192277E-10  -0.316214E-10  -0.386714E-10  -0.323473E-10
   0.518799E+01  -0.341361E-11   0.474532E-10  -0.199741E-10  -0.312962E-10  -0.402763E-10  -0.317643E-10
   0.521851E+01  -0.189762E-11   0.483914E-10  -0.207065E-10  -0.309364E-10  -0.418782E-10  -0.311213E-10
   0.524902E+01  -0.323726E-12   0.492901E-10  -0.214229E-10  -0.305457E-10  -0.434741E-10  -0.304226E-10
   0.527954E+01   0.130400E-11   0.501439E-10  -0.221246E-10  -0.301258E-10  -0.450657E-10  -0.296722E-10
   0.531006E+01   0.298069E-11   0.509528E-10  -0.228119E-10  -0.296753E-10  -0.466563E-10  -0.288683E-10
   0.534058E+01   0.470639E-11   0.517190E-10  -0.234823E-10  -0.291924E-10  -0.482437E-10  -0.280053E-10
   0.537109E+01   0.648498E-11   0.524408E-10  -0.241316E-10  -0.286781E-10  -0.498198E-10  -0.270841E-10
   0.540161E+01   0.831761E-11   0.531112E-10  -0.247578E-10  -0.281359E-10  -0.513828E-10  -0.261125E-10
   0.543213E+01   0.101994E-10   0.537239E-10  -0.253622E-10  -0.275683E-10  -0.529400E-10  -0.250942E-10
   0.546265E+01   0.121239E-10   0.542788E-10  -0.259462E-10  -0.269745E-10  -0.544969E-10  -0.240228E-10
   0.549316E+01   0.140902E-10   0.547790E-10  -0.265080E-10  -0.263517E-10  -0.560506E-10  -0.228900E-10
   0.552368E+01   0.161021E-10   0.552238E-10  -0.270431E-10  -0.257000E-10  -0.575940E-10  -0.216937E-10
   0.555420E+01   0.181611E-10   0.556064E-10  -0.275482E-10  -0.250231E-10  -0.591222E-10  -0.204358E-10
   0.558472E+01   0.202628E-10   0.559197E-10  -0.280235E-10  -0.243249E-10  -0.606340E-10  -0.191200E-10
   0.561523E+01   0.223999E-10   0.561619E-10  -0.284713E-10  -0.236068E-10  -0.621325E-10  -0.177475E-10
   0.564575E+01   0.245682E-10   0.563359E-10  -0.288927E-10  -0.228671E-10  -0.636211E-10  -0.163129E-10
   0.567627E+01   0.267690E-10   0.564435E-10  -0.292857E-10  -0.221038E-10  -0.650947E-10  -0.148073E-10
   0.570679E+01   0.290047E-10   0.564817E-10  -0.296469E-10  -0.213172E-10  -0.665422E-10  -0.132300E-10
   0.573730E+01   0.312746E-10   0.564444E-10  -0.299740E-10  -0.205091E-10  -0.679591E-10  -0.115881E-10
   0.576782E+01   0.335734E-10   0.563265E-10  -0.302654E-10  -0.196809E-10  -0.693485E-10  -0.988385E-11
   0.579834E+01   0.358950E-10   0.561269E-10  -0.305196E-10  -0.188345E-10  -0.707100E-10  -0.811199E-11
   0.582886E+01   0.382355E-10   0.558471E-10  -0.307354E-10  -0.179717E-10  -0.720363E-10  -0.627028E-11
   0.585937E+01   0.405952E-10   0.554874E-10  -0.309113E-10  -0.170939E-10  -0.733221E-10  -0.436250E-11
   0.588989E+01   0.429728E-10   0.550469E-10  -0.310487E-10  -0.162048E-10  -0.745661E-10  -0.239232E-11
   0.592041E+01   0.453669E-10   0.545199E-10  -0.311475E-10  -0.153039E-10  -0.757689E-10  -0.360199E-12
   0.595093E+01   0.477713E-10   0.539034E-10  -0.312065E-10  -0.143904E-10  -0.769300E-10   0.173511E-11
   0.598145E+01   0.501801E-10   0.531989E-10  -0.312226E-10  -0.134652E-10  -0.780473E-10   0.389744E-11
   0.601196E+01   0.525920E-10   0.524092E-10  -0.311937E-10  -0.125313E-10  -0.791128E-10   0.612956E-11
   0.604248E+01   0.550088E-10   0.515327E-10  -0.311193E-10  -0.115915E-10  -0.801177E-10   0.842644E-11
   0.607300E+01   0.574282E-10   0.505632E-10  -0.309998E-10  -0.106475E-10  -0.810614E-10   0.107799E-10
   0.610352E+01   0.598418E-10   0.494970E-10  -0.308342E-10  -0.969958E-11  -0.819483E-10   0.131898E-10
   0.613403E+01   0.622414E-10   0.483378E-10  -0.306198E-10  -0.874943E-11  -0.827757E-10   0.156619E-10
   0.616455E+01   0.646266E-10   0.470918E-10  -0.303547E-10  -0.780143E-11  -0.835341E-10   0.181965E-10
   0.619507E+01   0.670021E-10   0.457579E-10  -0.300406E-10  -0.685953E-11  -0.842169E-10   0.207870E-10
   0.622559E+01   0.693666E-10   0.443270E-10  -0.296793E-10  -0.592460E-11  -0.848231E-10   0.234270E-10
   0.625610E+01   0.717088E-10   0.427934E-10  -0.292703E-10  -0.499619E-11  -0.853541E-10   0.261129E-10
   0.628662E+01   0.740167E-10   0.411623E-10  -0.288110E-10  -0.407560E-11  -0.858112E-10   0.288459E-10
   0.631714E+01   0.762881E-10   0.394441E-10  -0.282994E-10  -0.316650E-11  -0.861897E-10   0.316300E-10
   0.634766E+01   0.785296E-10   0.376419E-10  -0.277359E-10  -0.227283E-11  -0.864771E-10   0.344628E-10
   0.637817E+01   0.807442E-10   0.357478E-10  -0.271213E-10  -0.139680E-11  -0.866662E-10   0.373296E-10
   0.640869E+01   0.829232E-10   0.337536E-10  -0.264546E-10  -0.540424E-12  -0.867648E-10   0.402166E-10
   0.643921E+01   0.850538E-10   0.316612E-10  -0.257350E-10   0.291922E-12  -0.867844E-10   0.431248E-10
   0.646973E+01   0.871307E-10   0.294795E-10  -0.249646E-10   0.109497E-11  -0.867247E-10   0.460621E-10
   0.650024E+01   0.891563E-10   0.272136E-10  -0.241478E-10   0.186636E-11  -0.865781E-10   0.490273E-10
   0.653076E+01   0.911326E-10   0.248604E-10  -0.232872E-10   0.260729E-11  -0.863437E-10   0.520134E-10
   0.656128E+01   0.930540E-10   0.224150E-10  -0.223811E-10   0.331878E-11  -0.860251E-10   0.550182E-10
   0.659180E+01   0.949104E-10   0.198785E-10  -0.214263E-10   0.399761E-11  -0.856238E-10   0.580431E-10
   0.662231E+01   0.966960E-10   0.172587E-10  -0.204229E-10   0.463693E-11  -0.851384E-10   0.610900E-10
   0.665283E+01   0.984127E-10   0.145617E-10  -0.193762E-10   0.523172E-11  -0.845656E-10   0.641610E-10
   0.668335E+01   0.100063E-09   0.117857E-10  -0.182917E-10   0.578239E-11  -0.838974E-10   0.672549E-10
   0.671387E+01   0.101643E-09   0.892557E-11  -0.171704E-10   0.629180E-11  -0.831293E-10   0.703625E-10
   0.674438E+01   0.103143E-09   0.598071E-11  -0.160089E-10   0.675948E-11  -0.822671E-10   0.734770E-10
   0.677490E+01   0.104553E-09   0.295868E-11  -0.148057E-10   0.717989E-11  -0.813158E-10   0.766038E-10
   0.680542E+01   0.105874E-09  -0.130407E-12  -0.135645E-10   0.754681E-11  -0.802669E-10   0.797499E-10
   0.683594E+01   0.107110E-09  -0.328408E-11  -0.122917E-10   0.785900E-11  -0.791072E-10   0.829086E-10
   0.686646E+01   0.108263E-09  -0.650883E-11  -0.109901E-10   0.811974E-11  -0.778351E-10   0.860651E-10
   0.689697E+01   0.109321E-09  -0.980850E-11  -0.965653E-11   0.832972E-11  -0.764596E-10   0.892126E-10
   0.692749E+01   0.110273E-09  -0.131756E-10  -0.828883E-11   0.848297E-11  -0.749862E-10   0.923556E-10
   0.695801E+01   0.111117E-09  -0.165969E-10  -0.689206E-11   0.857245E-11  -0.734100E-10   0.954998E-10
   0.698853E+01   0.111859E-09  -0.200656E-10  -0.547478E-11   0.859805E-11  -0.717208E-10   0.986428E-10
   0.701904E+01   0.112503E-09  -0.235866E-10  -0.403981E-11   0.856553E-11  -0.699126E-10   0.101775E-09
   0.704956E+01   0.113044E-09  -0.271663E-10  -0.258219E-11   0.847711E-11  -0.679878E-10   0.104884E-09
   0.708008E+01   0.113467E-09  -0.308000E-10  -0.109738E-11   0.832602E-11  -0.659532E-10   0.107969E-09
   0.711060E+01   0.113769E-09  -0.344745E-10   0.410254E-12   0.810223E-11  -0.638101E-10   0.111033E-09
   0.714111E+01   0.113954E-09  -0.381821E-10   0.192959E-11   0.780277E-11  -0.615509E-10   0.114076E-09
   0.717163E+01   0.114027E-09  -0.419250E-10   0.345334E-11   0.743373E-11  -0.591684E-10   0.117090E-09
   0.720215E+01   0.113981E-09  -0.457061E-10   0.498401E-11   0.700101E-11  -0.566646E-10   0.120063E-09
   0.723267E+01   0.113806E-09  -0.495199E-10   0.652719E-11   0.650129E-11  -0.540464E-10   0.122991E-09
   0.726318E+01   0.113500E-09  -0.533538E-10   0.808067E-11   0.592541E-11  -0.513165E-10   0.125878E-09
   0.729370E+01   0.113068E-09  -0.571990E-10   0.963416E-11   0.526989E-11  -0.484687E-10   0.128726E-09
   0.732422E+01   0.112517E-09  -0.610577E-10   0.111804E-10   0.454112E-11  -0.454927E-10   0.131529E-09
   0.735474E+01   0.111843E-09  -0.649344E-10   0.127230E-10   0.374578E-11  -0.423836E-10   0.134273E-09
   0.738525E+01   0.111033E-09  -0.688252E-10   0.142703E-10   0.287922E-11  -0.391453E-10   0.136944E-09
   0.741577E+01   0.110085E-09  -0.727187E-10   0.158204E-10   0.192781E-11  -0.357844E-10   0.139537E-09
   0.744629E+01   0.109002E-09  -0.766042E-10   0.173587E-10   0.883892E-12  -0.323039E-10   0.142047E-09
   0.747681E+01   0.107789E-09  -0.804792E-10   0.188709E-10  -0.245623E-12  -0.287055E-10   0.144467E-09
   0.750732E+01   0.106446E-09  -0.843461E-10   0.203557E-10  -0.144813E-11  -0.249933E-10   0.146791E-09
   0.753784E+01   0.104966E-09  -0.882018E-10   0.218226E-10  -0.272026E-11  -0.211715E-10   0.149014E-09
   0.756836E+01   0.103345E-09  -0.920349E-10   0.232770E-10  -0.407210E-11  -0.172438E-10   0.151128E-09
   0.759888E+01   0.101588E-09  -0.958351E-10   0.247109E-10  -0.551615E-11  -0.132169E-10   0.153127E-09
   0.762939E+01   0.997037E-10  -0.996016E-10   0.261084E-10  -0.705363E-11  -0.910118E-11   0.155006E-09
   0.765991E+01   0.976899E-10  -0.103338E-09   0.274605E-10  -0.867521E-11  -0.490567E-11   0.156768E-09
   0.769043E+01   0.955396E-10  -0.107041E-09   0.287688E-10  -0.103743E-10  -0.635262E-12   0.158414E-09
   0.772095E+01   0.932477E-10  -0.110700E-09   0.300349E-10  -0.121535E-10   0.370775E-11   0.159947E-09
   0.775146E+01   0.908193E-10  -0.114301E-09   0.312528E-10  -0.140169E-10   0.812241E-11   0.161368E-09
   0.778198E+01   0.882641E-10  -0.117842E-09   0.324131E-10  -0.159624E-10   0.126091E-10   0.162677E-09
   0.781250E+01   0.855845E-10  -0.121326E-09   0.335111E-10  -0.179828E-10   0.171686E-10   0.163871E-09
   0.784302E+01   0.827749E-10  -0.124751E-09   0.345485E-10  -0.200735E-10   0.218001E-10   0.164945E-09
   0.787354E+01   0.798319E-10  -0.128108E-09   0.355260E-10  -0.222368E-10   0.265011E-10   0.165897E-09
   0.790405E+01   0.767604E-10  -0.131384E-09   0.364377E-10  -0.244763E-10   0.312682E-10   0.166721E-09
   0.793457E+01   0.735696E-10  -0.134576E-09   0.372748E-10  -0.267892E-10   0.360976E-10   0.167416E-09
   0.796509E+01   0.702646E-10  -0.137687E-09   0.380326E-10  -0.291689E-10   0.409854E-10   0.167979E-09
   0.799561E+01   0.668412E-10  -0.140719E-09   0.387106E-10  -0.316105E-10   0.459291E-10   0.168411E-09
   0.802612E+01   0.632937E-10  -0.143663E-09   0.393083E-10  -0.341125E-10   0.509282E-10   0.168709E-09
   0.805664E+01   0.596235E-10  -0.146507E-09   0.398227E-10  -0.366743E-10   0.559814E-10   0.168869E-09
   0.808716E+01   0.558399E-10  -0.149241E-09   0.402498E-10  -0.392932E-10   0.610845E-10   0.168886E-09
   0.811768E+01   0.519529E-10  -0.151864E-09   0.405871E-10  -0.419656E-10   0.662325E-10   0.168759E-09
   0.814819E+01   0.479678E-10  -0.154377E-09   0.408329E-10  -0.446901E-10   0.714230E-10   0.168486E-09
   0.817871E+01   0.438836E-10  -0.156784E-09   0.409821E-10  -0.474653E-10   0.766544E-10   0.168064E-09
   0.820923E+01   0.396970E-10  -0.159079E-09   0.410292E-10  -0.502848E-10   0.819199E-10   0.167488E-09
   0.823975E+01   0.354075E-10  -0.161253E-09   0.409748E-10  -0.531412E-10   0.872130E-10   0.166760E-09
   0.827026E+01   0.310214E-10  -0.163297E-09   0.408219E-10  -0.560329E-10   0.925357E-10   0.165883E-09
   0.830078E+01   0.265491E-10  -0.165205E-09   0.405681E-10  -0.589620E-10   0.978916E-10   0.164851E-09
   0.833130E+01   0.219989E-10  -0.166979E-09   0.402058E-10  -0.619265E-10   0.103274E-09   0.163654E-09
   0.836182E+01   0.173718E-10  -0.168622E-09   0.397299E-10  -0.649172E-10   0.108675E-09   0.162291E-09
   0.839233E+01   0.126640E-10  -0.170132E-09   0.391436E-10  -0.679245E-10   0.114093E-09   0.160768E-09
   0.842285E+01   0.787603E-11  -0.171497E-09   0.384546E-10  -0.709475E-10   0.119533E-09   0.159076E-09
   0.845337E+01   0.301876E-11  -0.172707E-09   0.376619E-10  -0.739943E-10   0.124993E-09   0.157203E-09
   0.848389E+01  -0.189262E-11  -0.173760E-09   0.367527E-10  -0.770656E-10   0.130464E-09   0.155143E-09
   0.851440E+01  -0.685046E-11  -0.174667E-09   0.357173E-10  -0.801479E-10   0.135937E-09   0.152888E-09
   0.854492E+01  -0.118594E-10  -0.175432E-09   0.345620E-10  -0.832259E-10   0.141402E-09   0.150433E-09
   0.857544E+01  -0.169276E-10  -0.176050E-09   0.332997E-10  -0.862992E-10   0.146851E-09   0.147775E-09
   0.860596E+01  -0.220533E-10  -0.176505E-09   0.319324E-10  -0.893794E-10   0.152278E-09   0.144908E-09
   0.863647E+01  -0.272207E-10  -0.176783E-09   0.304452E-10  -0.924720E-10   0.157668E-09   0.141818E-09
   0.866699E+01  -0.324114E-10  -0.176889E-09   0.288239E-10  -0.955641E-10   0.162994E-09   0.138502E-09
   0.869751E+01  -0.376177E-10  -0.176832E-09   0.270722E-10  -0.986375E-10   0.168230E-09   0.134976E-09
   0.872803E+01  -0.428426E-10  -0.176617E-09   0.252033E-10  -0.101690E-09   0.173373E-09   0.131260E-09
   0.875854E+01  -0.480884E-10  -0.176240E-09   0.232164E-10  -0.104733E-09   0.178424E-09   0.127355E-09
   0.878906E+01  -0.533499E-10  -0.175694E-09   0.210941E-10  -0.107767E-09   0.183371E-09   0.123266E-09
   0.881958E+01  -0.586182E-10  -0.174975E-09   0.188246E-10  -0.110771E-09   0.188206E-09   0.119007E-09
   0.885010E+01  -0.638866E-10  -0.174085E-09   0.164182E-10  -0.113724E-09   0.192935E-09   0.114588E-09
   0.888062E+01  -0.691509E-10  -0.173022E-09   0.138951E-10  -0.116624E-09   0.197560E-09   0.110006E-09
   0.891113E+01  -0.744052E-10  -0.171784E-09   0.112590E-10  -0.119489E-09   0.202074E-09   0.105259E-09
   0.894165E+01  -0.796403E-10  -0.170369E-09   0.848934E-11  -0.122324E-09   0.206471E-09   0.100354E-09
   0.897217E+01  -0.848478E-10  -0.168780E-09   0.556900E-11  -0.125107E-09   0.210748E-09   0.952895E-10
   0.900269E+01  -0.900234E-10  -0.167020E-09   0.250794E-11  -0.127811E-09   0.214894E-09   0.900703E-10
   0.903320E+01  -0.951634E-10  -0.165089E-09  -0.669831E-12  -0.130432E-09   0.218902E-09   0.847103E-10
   0.906372E+01  -0.100262E-09  -0.162987E-09  -0.395655E-11  -0.132984E-09   0.222784E-09   0.792179E-10
   0.909424E+01  -0.105312E-09  -0.160713E-09  -0.736682E-11  -0.135475E-09   0.226543E-09   0.735841E-10
   0.912476E+01  -0.110308E-09  -0.158273E-09  -0.109139E-10  -0.137887E-09   0.230168E-09   0.678019E-10
   0.915527E+01  -0.115247E-09  -0.155668E-09  -0.145887E-10  -0.140199E-09   0.233646E-09   0.618773E-10
   0.918579E+01  -0.120130E-09  -0.152896E-09  -0.183711E-10  -0.142408E-09   0.236972E-09   0.558176E-10
   0.921631E+01  -0.124947E-09  -0.149949E-09  -0.222576E-10  -0.144526E-09   0.240139E-09   0.496310E-10
   0.924683E+01  -0.129683E-09  -0.146828E-09  -0.262629E-10  -0.146554E-09   0.243148E-09   0.433318E-10
   0.927734E+01  -0.134326E-09  -0.143542E-09  -0.303928E-10  -0.148471E-09   0.246012E-09   0.369232E-10
   0.930786E+01  -0.138873E-09  -0.140104E-09  -0.346290E-10  -0.150257E-09   0.248733E-09   0.303896E-10
   0.933838E+01  -0.143327E-09  -0.136518E-09  -0.389495E-10  -0.151920E-09   0.251292E-09   0.237242E-10
   0.936890E+01  -0.147690E-09  -0.132781E-09  -0.433553E-10  -0.153477E-09   0.253671E-09   0.169463E-10
   0.939941E+01  -0.151957E-09  -0.128889E-09  -0.478668E-10  -0.154929E-09   0.255882E-09   0.100719E-10
   0.942993E+01  -0.156116E-09  -0.124840E-09  -0.524920E-10  -0.156248E-09   0.257936E-09   0.309483E-11
   0.946045E+01  -0.160156E-09  -0.120639E-09  -0.572094E-10  -0.157411E-09   0.259824E-09  -0.399286E-11
   0.949097E+01  -0.164072E-09  -0.116295E-09  -0.619903E-10  -0.158425E-09   0.261540E-09  -0.111876E-10
   0.952148E+01  -0.167860E-09  -0.111811E-09  -0.668309E-10  -0.159312E-09   0.263082E-09  -0.184872E-10
   0.955200E+01  -0.171516E-09  -0.107191E-09  -0.717500E-10  -0.160076E-09   0.264450E-09  -0.258955E-10
   0.958252E+01  -0.175033E-09  -0.102438E-09  -0.767565E-10  -0.160696E-09   0.265637E-09  -0.334161E-10
   0.961304E+01  -0.178404E-09  -0.975612E-10  -0.818331E-10  -0.161152E-09   0.266634E-09  -0.410553E-10
   0.964355E+01  -0.181632E-09  -0.925679E-10  -0.869545E-10  -0.161448E-09   0.267424E-09  -0.488201E-10
   0.967407E+01  -0.184718E-09  -0.874568E-10  -0.921167E-10  -0.161606E-09   0.267981E-09  -0.567029E-10
   0.970459E+01  -0.187655E-09  -0.822239E-10  -0.973366E-10  -0.161630E-09   0.268289E-09  -0.646838E-10
   0.973511E+01  -0.190430E-09  -0.768727E-10  -0.102625E-09  -0.161501E-09   0.268344E-09  -0.727494E-10
   0.976562E+01  -0.193034E-09  -0.714142E-10  -0.107968E-09  -0.161201E-09   0.268135E-09  -0.808890E-10
   0.979614E+01  -0.195465E-09  -0.658598E-10  -0.113344E-09  -0.160730E-09   0.267653E-09  -0.890807E-10
   0.982666E+01  -0.197725E-09  -0.602161E-10  -0.118747E-09  -0.160101E-09   0.266904E-09  -0.973038E-10
   0.985718E+01  -0.199814E-09  -0.544836E-10  -0.124187E-09  -0.159317E-09   0.265895E-09  -0.105553E-09
   0.988770E+01  -0.201725E-09  -0.486637E-10  -0.129669E-09  -0.158363E-09   0.264621E-09  -0.113821E-09
   0.991821E+01  -0.203451E-09  -0.427645E-10  -0.135178E-09  -0.157226E-09   0.263081E-09  -0.122092E-09
   0.994873E+01  -0.204988E-09  -0.367958E-10  -0.140695E-09  -0.155907E-09   0.261286E-09  -0.130357E-09
   0.997925E+01  -0.206337E-09  -0.307635E-10  -0.146214E-09  -0.154423E-09   0.259237E-09  -0.138618E-09
   0.100098E+02  -0.207495E-09  -0.246728E-10  -0.151748E-09  -0.152774E-09   0.256922E-09  -0.146869E-09
   0.100403E+02  -0.208462E-09  -0.185299E-10  -0.157301E-09  -0.150945E-09   0.254340E-09  -0.155093E-09
   0.100708E+02  -0.209234E-09  -0.123394E-10  -0.162858E-09  -0.148918E-09   0.251498E-09  -0.163277E-09
   0.101013E+02  -0.209810E-09  -0.610580E-11  -0.168394E-09  -0.146697E-09   0.248400E-09  -0.171416E-09
   0.101318E+02  -0.210184E-09   0.165443E-12  -0.173901E-09  -0.144298E-09   0.245047E-09  -0.179500E-09
   0.101624E+02  -0.210352E-09   0.646517E-11  -0.179391E-09  -0.141728E-09   0.241447E-09  -0.187525E-09
   0.101929E+02  -0.210314E-09   0.127813E-10  -0.184868E-09  -0.138970E-09   0.237601E-09  -0.195492E-09
   0.102234E+02  -0.210075E-09   0.191078E-10  -0.190315E-09  -0.136010E-09   0.233501E-09  -0.203395E-09
   0.102539E+02  -0.209637E-09   0.254475E-10  -0.195706E-09  -0.132855E-09   0.229145E-09  -0.211219E-09
   0.102844E+02  -0.208986E-09   0.317967E-10  -0.201038E-09  -0.129526E-09   0.224539E-09  -0.218956E-09
   0.103149E+02  -0.208115E-09   0.381382E-10  -0.206327E-09  -0.126028E-09   0.219682E-09  -0.226597E-09
   0.103455E+02  -0.207030E-09   0.444532E-10  -0.211581E-09  -0.122339E-09   0.214578E-09  -0.234128E-09
   0.103760E+02  -0.205744E-09   0.507346E-10  -0.216772E-09  -0.118436E-09   0.209241E-09  -0.241539E-09
   0.104065E+02  -0.204265E-09   0.569864E-10  -0.221863E-09  -0.114332E-09   0.203682E-09  -0.248834E-09
   0.104370E+02  -0.202588E-09   0.632133E-10  -0.226849E-09  -0.110066E-09   0.197897E-09  -0.256018E-09
   0.104675E+02  -0.200702E-09   0.694099E-10  -0.231760E-09  -0.105650E-09   0.191879E-09  -0.263083E-09
   0.104980E+02  -0.198604E-09   0.755631E-10  -0.236614E-09  -0.101057E-09   0.185628E-09  -0.270017E-09
   0.105286E+02  -0.196294E-09   0.816616E-10  -0.241386E-09  -0.962526E-10   0.179146E-09  -0.276805E-09
   0.105591E+02  -0.193774E-09   0.876951E-10  -0.246029E-09  -0.912429E-10   0.172446E-09  -0.283431E-09
   0.105896E+02  -0.191045E-09   0.936505E-10  -0.250526E-09  -0.860705E-10   0.165552E-09  -0.289892E-09
   0.106201E+02  -0.188121E-09   0.995186E-10  -0.254906E-09  -0.807590E-10   0.158478E-09  -0.296207E-09
   0.106506E+02  -0.185009E-09   0.105301E-09  -0.259188E-09  -0.752859E-10   0.151214E-09  -0.302388E-09
   0.106812E+02  -0.181706E-09   0.111001E-09  -0.263351E-09  -0.696212E-10   0.143747E-09  -0.308432E-09
   0.107117E+02  -0.178205E-09   0.116611E-09  -0.267348E-09  -0.637776E-10   0.136082E-09  -0.314332E-09
   0.107422E+02  -0.174504E-09   0.122112E-09  -0.271173E-09  -0.578018E-10   0.128214E-09  -0.320098E-09
   0.107727E+02  -0.170618E-09   0.127491E-09  -0.274861E-09  -0.517160E-10   0.120119E-09  -0.325727E-09
   0.108032E+02  -0.166561E-09   0.132752E-09  -0.278442E-09  -0.454878E-10   0.111781E-09  -0.331195E-09
   0.108337E+02  -0.162328E-09   0.137903E-09  -0.281886E-09  -0.390762E-10   0.103206E-09  -0.336474E-09
   0.108643E+02  -0.157908E-09   0.142934E-09  -0.285136E-09  -0.324935E-10   0.944064E-10  -0.341549E-09
   0.108948E+02  -0.153301E-09   0.147824E-09  -0.288179E-09  -0.257956E-10   0.853886E-10  -0.346419E-09
   0.109253E+02  -0.148520E-09   0.152560E-09  -0.291053E-09  -0.190144E-10   0.761506E-10  -0.351075E-09
   0.109558E+02  -0.143579E-09   0.157141E-09  -0.293796E-09  -0.121235E-10   0.666891E-10  -0.355503E-09
   0.109863E+02  -0.138481E-09   0.161566E-09  -0.296387E-09  -0.508051E-11   0.570091E-10  -0.359680E-09
   0.110168E+02  -0.133226E-09   0.165829E-09  -0.298775E-09   0.211133E-11   0.471278E-10  -0.363589E-09
   0.110474E+02  -0.127824E-09   0.169919E-09  -0.300940E-09   0.940095E-11   0.370627E-10  -0.367227E-09
   0.110779E+02  -0.122285E-09   0.173837E-09  -0.302920E-09   0.167549E-10   0.268152E-10  -0.370596E-09
   0.111084E+02  -0.116611E-09   0.177585E-09  -0.304753E-09   0.242014E-10   0.163813E-10  -0.373677E-09
   0.111389E+02  -0.110796E-09   0.181160E-09  -0.306417E-09   0.317871E-10   0.577905E-11  -0.376444E-09
   0.111694E+02  -0.104841E-09   0.184545E-09  -0.307851E-09   0.395086E-10  -0.495470E-11  -0.378890E-09
   0.112000E+02  -0.987570E-10   0.187726E-09  -0.309029E-09   0.473079E-10  -0.158002E-10  -0.381038E-09
   0.112305E+02  -0.925614E-10   0.190698E-09  -0.309988E-09   0.551379E-10  -0.267713E-10  -0.382905E-09
   0.112610E+02  -0.862647E-10   0.193464E-09  -0.310779E-09   0.630138E-10  -0.378877E-10  -0.384473E-09
   0.112915E+02  -0.798714E-10   0.196026E-09  -0.311401E-09   0.709889E-10  -0.491415E-10  -0.385708E-09
   0.113220E+02  -0.733829E-10   0.198380E-09  -0.311798E-09   0.790817E-10  -0.605017E-10  -0.386590E-09
   0.113525E+02  -0.668041E-10   0.200521E-09  -0.311927E-09   0.872470E-10  -0.719395E-10  -0.387124E-09
   0.113831E+02  -0.601328E-10   0.202446E-09  -0.311809E-09   0.954406E-10  -0.834437E-10  -0.387323E-09
   0.114136E+02  -0.533868E-10   0.204148E-09  -0.311484E-09   0.103650E-09  -0.950137E-10  -0.387189E-09
   0.114441E+02  -0.465697E-10   0.205626E-09  -0.310963E-09   0.111912E-09  -0.106648E-09  -0.386711E-09
   0.114746E+02  -0.396850E-10   0.206870E-09  -0.310212E-09   0.120245E-09  -0.118331E-09  -0.385876E-09
   0.115051E+02  -0.327477E-10   0.207867E-09  -0.309196E-09   0.128623E-09  -0.130039E-09  -0.384685E-09
   0.115356E+02  -0.257991E-10   0.208616E-09  -0.307915E-09   0.136990E-09  -0.141761E-09  -0.383148E-09
   0.115662E+02  -0.188385E-10   0.209140E-09  -0.306408E-09   0.145346E-09  -0.153506E-09  -0.381261E-09
   0.115967E+02  -0.118368E-10   0.209457E-09  -0.304688E-09   0.153732E-09  -0.165261E-09  -0.378998E-09
   0.116272E+02  -0.480734E-11   0.209551E-09  -0.302725E-09   0.162131E-09  -0.176980E-09  -0.376351E-09
   0.116577E+02   0.226264E-11   0.209389E-09  -0.300493E-09   0.170540E-09  -0.188632E-09  -0.373348E-09
   0.116882E+02   0.933534E-11   0.208952E-09  -0.297991E-09   0.178924E-09  -0.200223E-09  -0.370018E-09
   0.117187E+02   0.163748E-10   0.208255E-09  -0.295239E-09   0.187266E-09  -0.211761E-09  -0.366355E-09
   0.117493E+02   0.233757E-10   0.207326E-09  -0.292253E-09   0.195574E-09  -0.223228E-09  -0.362348E-09
   0.117798E+02   0.303499E-10   0.206172E-09  -0.289020E-09   0.203859E-09  -0.234594E-09  -0.358011E-09
   0.118103E+02   0.372970E-10   0.204781E-09  -0.285519E-09   0.212106E-09  -0.245850E-09  -0.353376E-09
   0.118408E+02   0.442018E-10   0.203149E-09  -0.281749E-09   0.220285E-09  -0.257007E-09  -0.348472E-09
   0.118713E+02   0.510541E-10   0.201284E-09  -0.277731E-09   0.228378E-09  -0.268095E-09  -0.343313E-09
   0.119019E+02   0.578554E-10   0.199189E-09  -0.273479E-09   0.236392E-09  -0.279146E-09  -0.337885E-09
   0.119324E+02   0.646041E-10   0.196856E-09  -0.268986E-09   0.244334E-09  -0.290167E-09  -0.332147E-09
   0.119629E+02   0.712838E-10   0.194272E-09  -0.264240E-09   0.252193E-09  -0.301131E-09  -0.326079E-09
   0.119934E+02   0.778719E-10   0.191444E-09  -0.259240E-09   0.259942E-09  -0.312023E-09  -0.319692E-09
   0.120239E+02   0.843590E-10   0.188384E-09  -0.254005E-09   0.267566E-09  -0.322856E-09  -0.312984E-09
   0.120544E+02   0.907431E-10   0.185097E-09  -0.248555E-09   0.275071E-09  -0.333630E-09  -0.305923E-09
   0.120850E+02   0.970131E-10   0.181580E-09  -0.242884E-09   0.282469E-09  -0.344319E-09  -0.298486E-09
   0.121155E+02   0.103153E-09   0.177843E-09  -0.236978E-09   0.289753E-09  -0.354889E-09  -0.290669E-09
   0.121460E+02   0.109157E-09   0.173903E-09  -0.230832E-09   0.296898E-09  -0.365321E-09  -0.282479E-09
   0.121765E+02   0.115035E-09   0.169768E-09  -0.224463E-09   0.303885E-09  -0.375596E-09  -0.273924E-09
   0.122070E+02   0.120793E-09   0.165432E-09  -0.217895E-09   0.310712E-09  -0.385711E-09  -0.265014E-09
   0.122375E+02   0.126421E-09   0.160876E-09  -0.211134E-09   0.317396E-09  -0.395670E-09  -0.255740E-09
   0.122681E+02   0.131893E-09   0.156098E-09  -0.204167E-09   0.323943E-09  -0.405452E-09  -0.246074E-09
   0.122986E+02   0.137183E-09   0.151115E-09  -0.196979E-09   0.330336E-09  -0.415010E-09  -0.236019E-09
   0.123291E+02   0.142292E-09   0.145949E-09  -0.189574E-09   0.336551E-09  -0.424322E-09  -0.225601E-09
   0.123596E+02   0.147224E-09   0.140605E-09  -0.181976E-09   0.342575E-09  -0.433388E-09  -0.214832E-09
   0.123901E+02   0.151974E-09   0.135079E-09  -0.174197E-09   0.348415E-09  -0.442196E-09  -0.203709E-09
   0.124207E+02   0.156524E-09   0.129376E-09  -0.166234E-09   0.354080E-09  -0.450721E-09  -0.192240E-09
   0.124512E+02   0.160865E-09   0.123513E-09  -0.158079E-09   0.359559E-09  -0.458957E-09  -0.180440E-09
   0.124817E+02   0.165002E-09   0.117507E-09  -0.149731E-09   0.364834E-09  -0.466896E-09  -0.168311E-09
   0.125122E+02   0.168944E-09   0.111355E-09  -0.141210E-09   0.369891E-09  -0.474522E-09  -0.155858E-09
   0.125427E+02   0.172681E-09   0.105042E-09  -0.132532E-09   0.374735E-09  -0.481830E-09  -0.143089E-09
   0.125732E+02   0.176185E-09   0.985780E-10  -0.123697E-09   0.379375E-09  -0.488810E-09  -0.129987E-09
   0.126038E+02   0.179446E-09   0.919897E-10  -0.114696E-09   0.383807E-09  -0.495414E-09  -0.116542E-09
   0.126343E+02   0.182480E-09   0.852906E-10  -0.105526E-09   0.388016E-09  -0.501587E-09  -0.102792E-09
   0.126648E+02   0.185287E-09   0.784699E-10  -0.961976E-10   0.391989E-09  -0.507326E-09  -0.887972E-10
   0.126953E+02   0.187845E-09   0.715235E-10  -0.867200E-10   0.395718E-09  -0.512657E-09  -0.745720E-10
   0.127258E+02   0.190127E-09   0.644770E-10  -0.771032E-10   0.399198E-09  -0.517570E-09  -0.601056E-10
   0.127563E+02   0.192139E-09   0.573691E-10  -0.673568E-10   0.402426E-09  -0.522034E-09  -0.454097E-10
   0.127869E+02   0.193912E-09   0.502126E-10  -0.574862E-10   0.405406E-09  -0.526024E-09  -0.305119E-10
   0.128174E+02   0.195461E-09   0.429842E-10  -0.474877E-10   0.408135E-09  -0.529518E-09  -0.154471E-10
   0.128479E+02   0.196761E-09   0.356640E-10  -0.373558E-10   0.410599E-09  -0.532505E-09  -0.278405E-12
   0.128784E+02   0.197776E-09   0.282699E-10  -0.270998E-10   0.412773E-09  -0.535024E-09   0.149317E-10
   0.129089E+02   0.198502E-09   0.208368E-10  -0.167481E-10   0.414643E-09  -0.537137E-09   0.301759E-10
   0.129395E+02   0.198952E-09   0.133833E-10  -0.632763E-11   0.416219E-09  -0.538864E-09   0.454763E-10
   0.129700E+02   0.199130E-09   0.591076E-11   0.416040E-11   0.417519E-09  -0.540205E-09   0.608291E-10
   0.130005E+02   0.199027E-09  -0.157336E-11   0.147322E-10   0.418539E-09  -0.541188E-09   0.762265E-10
   0.130310E+02   0.198639E-09  -0.904544E-11   0.253865E-10   0.419248E-09  -0.541836E-09   0.916965E-10
   0.130615E+02   0.197985E-09  -0.164841E-10   0.360872E-10   0.419623E-09  -0.542138E-09   0.107272E-09
   0.130920E+02   0.197088E-09  -0.238973E-10   0.467908E-10   0.419677E-09  -0.542071E-09   0.122959E-09
   0.131226E+02   0.195941E-09  -0.313098E-10   0.574886E-10   0.419450E-09  -0.541624E-09   0.138761E-09
   0.131531E+02   0.194507E-09  -0.387185E-10   0.682100E-10   0.418957E-09  -0.540774E-09   0.154688E-09
   0.131836E+02   0.192765E-09  -0.460822E-10   0.789755E-10   0.418165E-09  -0.539494E-09   0.170728E-09
   0.132141E+02   0.190737E-09  -0.533630E-10   0.897563E-10   0.417034E-09  -0.537771E-09   0.186864E-09
   0.132446E+02   0.188453E-09  -0.605587E-10   0.100497E-09   0.415567E-09  -0.535593E-09   0.203092E-09
   0.132751E+02   0.185915E-09  -0.676864E-10   0.111172E-09   0.413807E-09  -0.532936E-09   0.219397E-09
   0.133057E+02   0.183101E-09  -0.747428E-10   0.121806E-09   0.411785E-09  -0.529790E-09   0.235747E-09
   0.133362E+02   0.179997E-09  -0.816917E-10   0.132427E-09   0.409486E-09  -0.526171E-09   0.252124E-09
   0.133667E+02   0.176632E-09  -0.884995E-10   0.143024E-09   0.406875E-09  -0.522075E-09   0.268545E-09
   0.133972E+02   0.173043E-09  -0.951724E-10   0.153558E-09   0.403940E-09  -0.517467E-09   0.285006E-09
   0.134277E+02   0.169232E-09  -0.101739E-09   0.163998E-09   0.400707E-09  -0.512320E-09   0.301472E-09
   0.134583E+02   0.165169E-09  -0.108203E-09   0.174351E-09   0.397206E-09  -0.506637E-09   0.317910E-09
   0.134888E+02   0.160835E-09  -0.114533E-09   0.184636E-09   0.393433E-09  -0.500420E-09   0.334303E-09
   0.135193E+02   0.156244E-09  -0.120694E-09   0.194848E-09   0.389367E-09  -0.493666E-09   0.350638E-09
   0.135498E+02   0.151425E-09  -0.126677E-09   0.204962E-09   0.385000E-09  -0.486368E-09   0.366896E-09
   0.135803E+02   0.146385E-09  -0.132494E-09   0.214956E-09   0.380342E-09  -0.478519E-09   0.383061E-09
   0.136108E+02   0.141112E-09  -0.138142E-09   0.224821E-09   0.375411E-09  -0.470116E-09   0.399107E-09
   0.136414E+02   0.135601E-09  -0.143592E-09   0.234560E-09   0.370215E-09  -0.461164E-09   0.415015E-09
   0.136719E+02   0.129876E-09  -0.148818E-09   0.244170E-09   0.364756E-09  -0.451661E-09   0.430780E-09
   0.137024E+02   0.123966E-09  -0.153820E-09   0.253648E-09   0.359032E-09  -0.441587E-09   0.446388E-09
   0.137329E+02   0.117882E-09  -0.158613E-09   0.262985E-09   0.353043E-09  -0.430926E-09   0.461807E-09
   0.137634E+02   0.111615E-09  -0.163203E-09   0.272174E-09   0.346790E-09  -0.419677E-09   0.477002E-09
   0.137939E+02   0.105159E-09  -0.167576E-09   0.281198E-09   0.340272E-09  -0.407833E-09   0.491948E-09
   0.138245E+02   0.985175E-10  -0.171713E-09   0.290047E-09   0.333506E-09  -0.395381E-09   0.506602E-09
   0.138550E+02   0.917083E-10  -0.175601E-09   0.298723E-09   0.326503E-09  -0.382327E-09   0.520905E-09
   0.138855E+02   0.847437E-10  -0.179243E-09   0.307234E-09   0.319260E-09  -0.368701E-09   0.534805E-09
   0.139160E+02   0.776238E-10  -0.182635E-09   0.315574E-09   0.311760E-09  -0.354541E-09   0.548267E-09
   0.139465E+02   0.703467E-10  -0.185764E-09   0.323715E-09   0.303995E-09  -0.339886E-09   0.561265E-09
   0.139771E+02   0.629257E-10  -0.188606E-09   0.331626E-09   0.295984E-09  -0.324773E-09   0.573781E-09
   0.140076E+02   0.553892E-10  -0.191147E-09   0.339301E-09   0.287759E-09  -0.309241E-09   0.585800E-09
   0.140381E+02   0.477665E-10  -0.193394E-09   0.346759E-09   0.279335E-09  -0.293335E-09   0.597315E-09
   0.140686E+02   0.400702E-10  -0.195366E-09   0.354016E-09   0.270696E-09  -0.277101E-09   0.608339E-09
   0.140991E+02   0.322953E-10  -0.197073E-09   0.361048E-09   0.261814E-09  -0.260561E-09   0.618904E-09
   0.141296E+02   0.244326E-10  -0.198512E-09   0.367813E-09   0.252696E-09  -0.243712E-09   0.629028E-09
   0.141602E+02   0.164815E-10  -0.199666E-09   0.374280E-09   0.243379E-09  -0.226553E-09   0.638709E-09
   0.141907E+02   0.845071E-11  -0.200519E-09   0.380460E-09   0.233907E-09  -0.209095E-09   0.647948E-09
   0.142212E+02   0.355685E-12  -0.201057E-09   0.386384E-09   0.224289E-09  -0.191337E-09   0.656757E-09
   0.142517E+02  -0.778069E-11  -0.201269E-09   0.392064E-09   0.214498E-09  -0.173266E-09   0.665130E-09
   0.142822E+02  -0.159321E-10  -0.201155E-09   0.397465E-09   0.204512E-09  -0.154879E-09   0.673048E-09
   0.143127E+02  -0.240773E-10  -0.200727E-09   0.402540E-09   0.194358E-09  -0.136186E-09   0.680497E-09
   0.143433E+02  -0.322067E-10  -0.199999E-09   0.407283E-09   0.184092E-09  -0.117193E-09   0.687467E-09
   0.143738E+02  -0.403232E-10  -0.198982E-09   0.411732E-09   0.173745E-09  -0.979069E-10   0.693946E-09
   0.144043E+02  -0.484331E-10  -0.197671E-09   0.415922E-09   0.163294E-09  -0.783359E-10   0.699923E-09
   0.144348E+02  -0.565312E-10  -0.196050E-09   0.419831E-09   0.152704E-09  -0.584834E-10   0.705389E-09
   0.144653E+02  -0.645965E-10  -0.194106E-09   0.423407E-09   0.141983E-09  -0.383523E-10   0.710325E-09
   0.144958E+02  -0.726058E-10  -0.191843E-09   0.426626E-09   0.131190E-09  -0.179601E-10   0.714705E-09
   0.145264E+02  -0.805463E-10  -0.189269E-09   0.429528E-09   0.120372E-09   0.266650E-11   0.718523E-09
   0.145569E+02  -0.884085E-10  -0.186387E-09   0.432158E-09   0.109512E-09   0.235159E-10   0.721785E-09
   0.145874E+02  -0.961765E-10  -0.183198E-09   0.434503E-09   0.985675E-10   0.445969E-10   0.724485E-09
   0.146179E+02  -0.103838E-09  -0.179715E-09   0.436511E-09   0.875455E-10   0.659126E-10   0.726591E-09
   0.146484E+02  -0.111396E-09  -0.175949E-09   0.438163E-09   0.765033E-10   0.874332E-10   0.728065E-09
   0.146790E+02  -0.118853E-09  -0.171892E-09   0.439497E-09   0.654805E-10   0.109107E-09   0.728900E-09
   0.147095E+02  -0.126195E-09  -0.167524E-09   0.440550E-09   0.544590E-10   0.130907E-09   0.729129E-09
   0.147400E+02  -0.133387E-09  -0.162844E-09   0.441303E-09   0.434091E-10   0.152859E-09   0.728777E-09
   0.147705E+02  -0.140402E-09  -0.157875E-09   0.441714E-09   0.323564E-10   0.175001E-09   0.727814E-09
   0.148010E+02  -0.147239E-09  -0.152647E-09   0.441794E-09   0.213610E-10   0.197328E-09   0.726173E-09
   0.148315E+02  -0.153912E-09  -0.147163E-09   0.441605E-09   0.104306E-10   0.219791E-09   0.723813E-09
   0.148621E+02  -0.160421E-09  -0.141411E-09   0.441163E-09  -0.490792E-12   0.242338E-09   0.720735E-09
   0.148926E+02  -0.166743E-09  -0.135381E-09   0.440403E-09  -0.114281E-10   0.264959E-09   0.716960E-09
   0.149231E+02  -0.172853E-09  -0.129084E-09   0.439273E-09  -0.223129E-10   0.287678E-09   0.712471E-09
   0.149536E+02  -0.178740E-09  -0.122542E-09   0.437818E-09  -0.330567E-10   0.310498E-09   0.707204E-09
   0.149841E+02  -0.184408E-09  -0.115767E-09   0.436139E-09  -0.436670E-10   0.333365E-09   0.701086E-09
   0.150146E+02  -0.189857E-09  -0.108752E-09   0.434261E-09  -0.542418E-10   0.356197E-09   0.694091E-09
   0.150452E+02  -0.195066E-09  -0.101490E-09   0.432089E-09  -0.648307E-10   0.378928E-09   0.686214E-09
   0.150757E+02  -0.200007E-09  -0.939972E-10   0.429538E-09  -0.753504E-10   0.401494E-09   0.677450E-09
   0.151062E+02  -0.204671E-09  -0.863033E-10   0.426660E-09  -0.856877E-10   0.423815E-09   0.667807E-09
   0.151367E+02  -0.209067E-09  -0.784263E-10   0.423570E-09  -0.958503E-10   0.445818E-09   0.657331E-09
   0.151672E+02  -0.213205E-09  -0.703641E-10   0.420290E-09  -0.105946E-09   0.467469E-09   0.646078E-09
   0.151978E+02  -0.217076E-09  -0.621074E-10   0.416715E-09  -0.116018E-09   0.488748E-09   0.634082E-09
   0.152283E+02  -0.220657E-09  -0.536535E-10   0.412765E-09  -0.125973E-09   0.509629E-09   0.621379E-09
   0.152588E+02  -0.223921E-09  -0.450231E-10   0.408501E-09  -0.135695E-09   0.530104E-09   0.608007E-09
   0.152893E+02  -0.226859E-09  -0.362466E-10   0.404041E-09  -0.145198E-09   0.550165E-09   0.593986E-09
   0.153198E+02  -0.229484E-09  -0.273495E-10   0.399403E-09  -0.154586E-09   0.569793E-09   0.579337E-09
   0.153503E+02  -0.231809E-09  -0.183331E-10   0.394488E-09  -0.163896E-09   0.588976E-09   0.564099E-09
   0.153809E+02  -0.233836E-09  -0.918409E-11   0.389228E-09  -0.173032E-09   0.607732E-09   0.548301E-09
   0.154114E+02  -0.235538E-09   0.102729E-12   0.383688E-09  -0.181894E-09   0.626069E-09   0.531938E-09
   0.154419E+02  -0.236884E-09   0.950918E-11   0.377975E-09  -0.190500E-09   0.643973E-09   0.515011E-09
   0.154724E+02  -0.237865E-09   0.189963E-10   0.372099E-09  -0.198936E-09   0.661437E-09   0.497531E-09
   0.155029E+02  -0.238492E-09   0.285355E-10   0.365985E-09  -0.207221E-09   0.678456E-09   0.479495E-09
   0.155334E+02  -0.238781E-09   0.381157E-10   0.359599E-09  -0.215279E-09   0.695002E-09   0.460894E-09
   0.155640E+02  -0.238742E-09   0.477325E-10   0.353004E-09  -0.223050E-09   0.711041E-09   0.441750E-09
   0.155945E+02  -0.238379E-09   0.573919E-10   0.346268E-09  -0.230569E-09   0.726559E-09   0.422091E-09
   0.156250E+02  -0.237682E-09   0.671052E-10   0.339371E-09  -0.237893E-09   0.741547E-09   0.401932E-09
   0.156555E+02  -0.236618E-09   0.768635E-10   0.332253E-09  -0.245004E-09   0.755991E-09   0.381301E-09
   0.156860E+02  -0.235168E-09   0.866322E-10   0.324920E-09  -0.251819E-09   0.769906E-09   0.360226E-09
   0.157166E+02  -0.233340E-09   0.963707E-10   0.317455E-09  -0.258310E-09   0.783308E-09   0.338697E-09
   0.157471E+02  -0.231161E-09   0.106062E-09   0.309915E-09  -0.264535E-09   0.796177E-09   0.316696E-09
   0.157776E+02  -0.228647E-09   0.115715E-09   0.302266E-09  -0.270550E-09   0.808484E-09   0.294242E-09
   0.158081E+02  -0.225784E-09   0.125339E-09   0.294450E-09  -0.276328E-09   0.820235E-09   0.271351E-09
   0.158386E+02  -0.222546E-09   0.134913E-09   0.286481E-09  -0.281798E-09   0.831419E-09   0.248008E-09
   0.158691E+02  -0.218939E-09   0.144397E-09   0.278434E-09  -0.286943E-09   0.841998E-09   0.224225E-09
   0.158997E+02  -0.214991E-09   0.153774E-09   0.270348E-09  -0.291813E-09   0.851969E-09   0.200049E-09
   0.159302E+02  -0.210717E-09   0.163055E-09   0.262199E-09  -0.296444E-09   0.861375E-09   0.175484E-09
   0.159607E+02  -0.206105E-09   0.172251E-09   0.253954E-09  -0.300815E-09   0.870229E-09   0.150483E-09
   0.159912E+02  -0.201131E-09   0.181340E-09   0.245636E-09  -0.304879E-09   0.878501E-09   0.125002E-09
   0.160217E+02  -0.195797E-09   0.190288E-09   0.237303E-09  -0.308639E-09   0.886152E-09   0.990035E-10
   0.160522E+02  -0.190128E-09   0.199070E-09   0.228977E-09  -0.312140E-09   0.893106E-09   0.724479E-10
   0.160828E+02  -0.184145E-09   0.207696E-09   0.220633E-09  -0.315409E-09   0.899251E-09   0.453449E-10
   0.161133E+02  -0.177840E-09   0.216174E-09   0.212253E-09  -0.318428E-09   0.904505E-09   0.177601E-10
   0.161438E+02  -0.171190E-09   0.224489E-09   0.203853E-09  -0.321180E-09   0.908829E-09  -0.102525E-10
   0.161743E+02  -0.164194E-09   0.232608E-09   0.195451E-09  -0.323666E-09   0.912162E-09  -0.386467E-10
   0.162048E+02  -0.156865E-09   0.240499E-09   0.187056E-09  -0.325897E-09   0.914449E-09  -0.673303E-10
   0.162354E+02  -0.149231E-09   0.248143E-09   0.178669E-09  -0.327868E-09   0.915698E-09  -0.962060E-10
   0.162659E+02  -0.141323E-09   0.255535E-09   0.170308E-09  -0.329581E-09   0.915927E-09  -0.125230E-09
   0.162964E+02  -0.133159E-09   0.262693E-09   0.161986E-09  -0.331053E-09   0.915115E-09  -0.154358E-09
   0.163269E+02  -0.124731E-09   0.269635E-09   0.153685E-09  -0.332301E-09   0.913257E-09  -0.183504E-09
   0.163574E+02  -0.116017E-09   0.276357E-09   0.145380E-09  -0.333300E-09   0.910398E-09  -0.212602E-09
   0.163879E+02  -0.107002E-09   0.282832E-09   0.137099E-09  -0.334002E-09   0.906572E-09  -0.241628E-09
   0.164185E+02  -0.976876E-10   0.289025E-09   0.128909E-09  -0.334410E-09   0.901795E-09  -0.270552E-09
   0.164490E+02  -0.880928E-10   0.294906E-09   0.120843E-09  -0.334588E-09   0.896095E-09  -0.299346E-09
   0.164795E+02  -0.782473E-10   0.300454E-09   0.112853E-09  -0.334585E-09   0.889486E-09  -0.328009E-09
   0.165100E+02  -0.681814E-10   0.305667E-09   0.104884E-09  -0.334367E-09   0.881944E-09  -0.356516E-09
   0.165405E+02  -0.579176E-10   0.310553E-09   0.969582E-10  -0.333858E-09   0.873485E-09  -0.384798E-09
   0.165710E+02  -0.474599E-10   0.315124E-09   0.891632E-10  -0.333051E-09   0.864171E-09  -0.412832E-09
   0.166016E+02  -0.368018E-10   0.319375E-09   0.815461E-10  -0.332021E-09   0.854021E-09  -0.440658E-09
   0.166321E+02  -0.259511E-10   0.323290E-09   0.740571E-10  -0.330833E-09   0.842980E-09  -0.468270E-09
   0.166626E+02  -0.149281E-10   0.326865E-09   0.666325E-10  -0.329449E-09   0.831024E-09  -0.495596E-09
   0.166931E+02  -0.373261E-11   0.330113E-09   0.593005E-10  -0.327797E-09   0.818188E-09  -0.522564E-09
   0.167236E+02   0.765900E-11   0.333022E-09   0.521502E-10  -0.325880E-09   0.804526E-09  -0.549146E-09
   0.167542E+02   0.192480E-10   0.335540E-09   0.452153E-10  -0.323780E-09   0.790078E-09  -0.575339E-09
   0.167847E+02   0.309842E-10   0.337626E-09   0.384387E-10  -0.321551E-09   0.774867E-09  -0.601155E-09
   0.168152E+02   0.428177E-10   0.339303E-09   0.317514E-10  -0.319143E-09   0.758874E-09  -0.626603E-09
   0.168457E+02   0.547022E-10   0.340595E-09   0.252031E-10  -0.316507E-09   0.742084E-09  -0.651635E-09
   0.168762E+02   0.666785E-10   0.341528E-09   0.188729E-10  -0.313634E-09   0.724530E-09  -0.676198E-09
   0.169067E+02   0.787557E-10   0.342071E-09   0.127999E-10  -0.310607E-09   0.706268E-09  -0.700289E-09
   0.169373E+02   0.908969E-10   0.342202E-09   0.693293E-11  -0.307486E-09   0.687309E-09  -0.723926E-09
   0.169678E+02   0.103072E-09   0.341948E-09   0.121633E-11  -0.304244E-09   0.667646E-09  -0.747091E-09
   0.169983E+02   0.115302E-09   0.341332E-09  -0.432729E-11  -0.300827E-09   0.647310E-09  -0.769753E-09
   0.170288E+02   0.127615E-09   0.340321E-09  -0.963196E-11  -0.297243E-09   0.626355E-09  -0.791922E-09
   0.170593E+02   0.139984E-09   0.338859E-09  -0.146748E-10  -0.293559E-09   0.604807E-09  -0.813648E-09
   0.170898E+02   0.152343E-09   0.336937E-09  -0.194975E-10  -0.289821E-09   0.582640E-09  -0.834993E-09
   0.171204E+02   0.164653E-09   0.334592E-09  -0.241448E-10  -0.286006E-09   0.559778E-09  -0.855986E-09
   0.171509E+02   0.176919E-09   0.331848E-09  -0.285986E-10  -0.282071E-09   0.536132E-09  -0.876592E-09
   0.171814E+02   0.189143E-09   0.328701E-09  -0.327941E-10  -0.278022E-09   0.511660E-09  -0.896731E-09
   0.172119E+02   0.201304E-09   0.325151E-09  -0.367045E-10  -0.273935E-09   0.486358E-09  -0.916344E-09
   0.172424E+02   0.213392E-09   0.321217E-09  -0.403822E-10  -0.269874E-09   0.460208E-09  -0.935388E-09
   0.172729E+02   0.225428E-09   0.316905E-09  -0.439027E-10  -0.265826E-09   0.433182E-09  -0.953789E-09
   0.173035E+02   0.237419E-09   0.312176E-09  -0.472812E-10  -0.261721E-09   0.405290E-09  -0.971443E-09
   0.173340E+02   0.249319E-09   0.306996E-09  -0.504553E-10  -0.257519E-09   0.376586E-09  -0.988271E-09
   0.173645E+02   0.261068E-09   0.301384E-09  -0.533530E-10  -0.253266E-09   0.347126E-09  -0.100423E-08
   0.173950E+02   0.272653E-09   0.295389E-09  -0.559808E-10  -0.249056E-09   0.316953E-09  -0.101928E-08
   0.174255E+02   0.284101E-09   0.289026E-09  -0.584246E-10  -0.244926E-09   0.286103E-09  -0.103339E-08
   0.174561E+02   0.295415E-09   0.282266E-09  -0.607505E-10  -0.240818E-09   0.254617E-09  -0.104652E-08
   0.174866E+02   0.306553E-09   0.275097E-09  -0.629250E-10  -0.236650E-09   0.222555E-09  -0.105862E-08
   0.175171E+02   0.317486E-09   0.267547E-09  -0.648520E-10  -0.232422E-09   0.189989E-09  -0.106968E-08
   0.175476E+02   0.328224E-09   0.259645E-09  -0.664835E-10  -0.228231E-09   0.156969E-09  -0.107972E-08
   0.175781E+02   0.338782E-09   0.251377E-09  -0.678818E-10  -0.224170E-09   0.123507E-09  -0.108875E-08
   0.176086E+02   0.349139E-09   0.242716E-09  -0.691554E-10  -0.220226E-09   0.896118E-10  -0.109673E-08
   0.176392E+02   0.359250E-09   0.233663E-09  -0.703331E-10  -0.216303E-09   0.553253E-10  -0.110362E-08
   0.176697E+02   0.369090E-09   0.224250E-09  -0.713335E-10  -0.212341E-09   0.207068E-10  -0.110941E-08
   0.177002E+02   0.378658E-09   0.214500E-09  -0.720709E-10  -0.208398E-09  -0.142041E-10  -0.111412E-08
   0.177307E+02   0.387952E-09   0.204413E-09  -0.725577E-10  -0.204573E-09  -0.493888E-10  -0.111772E-08
   0.177612E+02   0.396951E-09   0.194000E-09  -0.728789E-10  -0.200898E-09  -0.848177E-10  -0.112019E-08
   0.177917E+02   0.405646E-09   0.183286E-09  -0.730854E-10  -0.197319E-09  -0.120433E-09  -0.112151E-08
   0.178223E+02   0.414055E-09   0.172290E-09  -0.731424E-10  -0.193786E-09  -0.156171E-09  -0.112168E-08
   0.178528E+02   0.422192E-09   0.160994E-09  -0.729934E-10  -0.190325E-09  -0.191992E-09  -0.112072E-08
   0.178833E+02   0.430040E-09   0.149369E-09  -0.726493E-10  -0.187003E-09  -0.227883E-09  -0.111863E-08
   0.179138E+02   0.437550E-09   0.137405E-09  -0.721723E-10  -0.183832E-09  -0.263831E-09  -0.111541E-08
   0.179443E+02   0.444676E-09   0.125138E-09  -0.715855E-10  -0.180764E-09  -0.299790E-09  -0.111101E-08
   0.179749E+02   0.451412E-09   0.112610E-09  -0.708458E-10  -0.177771E-09  -0.335676E-09  -0.110541E-08
   0.180054E+02   0.457766E-09   0.998393E-10  -0.699119E-10  -0.174894E-09  -0.371417E-09  -0.109866E-08
   0.180359E+02   0.463727E-09   0.868335E-10  -0.688018E-10  -0.172193E-09  -0.406985E-09  -0.109079E-08
   0.180664E+02   0.469281E-09   0.736293E-10  -0.675736E-10  -0.169685E-09  -0.442366E-09  -0.108180E-08
   0.180969E+02   0.474463E-09   0.602621E-10  -0.662617E-10  -0.167333E-09  -0.477502E-09  -0.107168E-08
   0.181274E+02   0.479316E-09   0.467059E-10  -0.648447E-10  -0.165101E-09  -0.512314E-09  -0.106047E-08
   0.181580E+02   0.483821E-09   0.328979E-10  -0.632819E-10  -0.163007E-09  -0.546762E-09  -0.104825E-08
   0.181885E+02   0.487890E-09   0.188298E-10  -0.615719E-10  -0.161102E-09  -0.580835E-09  -0.103506E-08
   0.182190E+02   0.491468E-09   0.457768E-11  -0.597587E-10  -0.159415E-09  -0.614541E-09  -0.102098E-08
   0.182495E+02   0.494585E-09  -0.977925E-11  -0.578798E-10  -0.157927E-09  -0.647919E-09  -0.100604E-08
   0.182800E+02   0.497306E-09  -0.242434E-10  -0.559292E-10  -0.156613E-09  -0.681025E-09  -0.990263E-09
   0.183105E+02   0.499624E-09  -0.388648E-10  -0.538830E-10  -0.155490E-09  -0.713895E-09  -0.973622E-09
   0.183411E+02   0.501478E-09  -0.536408E-10  -0.517547E-10  -0.154600E-09  -0.746560E-09  -0.956085E-09
   0.183716E+02   0.502842E-09  -0.685066E-10  -0.496012E-10  -0.153958E-09  -0.779045E-09  -0.937593E-09
   0.184021E+02   0.503758E-09  -0.834227E-10  -0.474600E-10  -0.153520E-09  -0.811327E-09  -0.918063E-09
   0.184326E+02   0.504248E-09  -0.984088E-10  -0.453029E-10  -0.153247E-09  -0.843346E-09  -0.897447E-09
   0.184631E+02   0.504284E-09  -0.113482E-09  -0.430881E-10  -0.153169E-09  -0.875059E-09  -0.875717E-09
   0.184937E+02   0.503828E-09  -0.128606E-09  -0.408428E-10  -0.153351E-09  -0.906413E-09  -0.852822E-09
   0.185242E+02   0.502891E-09  -0.143723E-09  -0.386508E-10  -0.153794E-09  -0.937307E-09  -0.828734E-09
   0.185547E+02   0.501524E-09  -0.158818E-09  -0.365533E-10  -0.154424E-09  -0.967657E-09  -0.803491E-09
   0.185852E+02   0.499745E-09  -0.173931E-09  -0.344993E-10  -0.155178E-09  -0.997440E-09  -0.777118E-09
   0.186157E+02   0.497507E-09  -0.189088E-09  -0.324177E-10  -0.156090E-09  -0.102661E-08  -0.749588E-09
   0.186462E+02   0.494760E-09  -0.204245E-09  -0.303169E-10  -0.157241E-09  -0.105509E-08  -0.720905E-09
   0.186768E+02   0.491511E-09  -0.219337E-09  -0.282811E-10  -0.158663E-09  -0.108280E-08  -0.691119E-09
   0.187073E+02   0.487801E-09  -0.234344E-09  -0.263746E-10  -0.160300E-09  -0.110973E-08  -0.660245E-09
   0.187378E+02   0.483645E-09  -0.249279E-09  -0.245822E-10  -0.162085E-09  -0.113582E-08  -0.628288E-09
   0.187683E+02   0.479024E-09  -0.264142E-09  -0.228531E-10  -0.164012E-09  -0.116099E-08  -0.595298E-09
   0.187988E+02   0.473922E-09  -0.278905E-09  -0.211760E-10  -0.166124E-09  -0.118524E-08  -0.561307E-09
   0.188293E+02   0.468347E-09  -0.293531E-09  -0.195882E-10  -0.168442E-09  -0.120853E-08  -0.526307E-09
   0.188599E+02   0.462325E-09  -0.308001E-09  -0.181240E-10  -0.170945E-09  -0.123075E-08  -0.490339E-09
   0.188904E+02   0.455875E-09  -0.322314E-09  -0.167843E-10  -0.173604E-09  -0.125190E-08  -0.453480E-09
   0.189209E+02   0.449001E-09  -0.336475E-09  -0.155537E-10  -0.176411E-09  -0.127199E-08  -0.415742E-09
   0.189514E+02   0.441696E-09  -0.350484E-09  -0.144260E-10  -0.179376E-09  -0.129094E-08  -0.377105E-09
   0.189819E+02   0.433944E-09  -0.364331E-09  -0.134098E-10  -0.182512E-09  -0.130868E-08  -0.337610E-09
   0.190125E+02   0.425732E-09  -0.377983E-09  -0.125250E-10  -0.185829E-09  -0.132517E-08  -0.297316E-09
   0.190430E+02   0.417076E-09  -0.391402E-09  -0.118043E-10  -0.189322E-09  -0.134035E-08  -0.256259E-09
   0.190735E+02   0.408005E-09  -0.404577E-09  -0.112773E-10  -0.192958E-09  -0.135417E-08  -0.214510E-09
   0.191040E+02   0.398527E-09  -0.417510E-09  -0.109339E-10  -0.196683E-09  -0.136659E-08  -0.172152E-09
   0.191345E+02   0.388638E-09  -0.430194E-09  -0.107165E-10  -0.200481E-09  -0.137763E-08  -0.129201E-09
   0.191650E+02   0.378339E-09  -0.442607E-09  -0.105837E-10  -0.204403E-09  -0.138717E-08  -0.856933E-10
   0.191956E+02   0.367637E-09  -0.454729E-09  -0.105717E-10  -0.208516E-09  -0.139514E-08  -0.417736E-10
   0.192261E+02   0.356544E-09  -0.466537E-09  -0.107604E-10  -0.212819E-09  -0.140157E-08   0.240982E-11
   0.192566E+02   0.345084E-09  -0.478010E-09  -0.111864E-10  -0.217249E-09  -0.140650E-08   0.467980E-10
   0.192871E+02   0.333291E-09  -0.489143E-09  -0.118197E-10  -0.221756E-09  -0.140991E-08   0.913174E-10
   0.193176E+02   0.321186E-09  -0.499955E-09  -0.126185E-10  -0.226346E-09  -0.141181E-08   0.135821E-09
   0.193481E+02   0.308764E-09  -0.510472E-09  -0.135779E-10  -0.231057E-09  -0.141233E-08   0.180182E-09
   0.193787E+02   0.295983E-09  -0.520697E-09  -0.147255E-10  -0.235911E-09  -0.141161E-08   0.224358E-09
   0.194092E+02   0.282806E-09  -0.530576E-09  -0.160984E-10  -0.240910E-09  -0.140979E-08   0.268381E-09
   0.194397E+02   0.269252E-09  -0.540030E-09  -0.177344E-10  -0.246036E-09  -0.140697E-08   0.312357E-09
   0.194702E+02   0.255400E-09  -0.549015E-09  -0.196591E-10  -0.251246E-09  -0.140313E-08   0.356402E-09
   0.195007E+02   0.241324E-09  -0.557563E-09  -0.218541E-10  -0.256488E-09  -0.139819E-08   0.400562E-09
   0.195312E+02   0.227030E-09  -0.565734E-09  -0.242666E-10  -0.261762E-09  -0.139212E-08   0.444842E-09
   0.195618E+02   0.212474E-09  -0.573537E-09  -0.268895E-10  -0.267128E-09  -0.138489E-08   0.489269E-09
   0.195923E+02   0.197641E-09  -0.580929E-09  -0.298038E-10  -0.272618E-09  -0.137641E-08   0.533843E-09
   0.196228E+02   0.182567E-09  -0.587872E-09  -0.330907E-10  -0.278156E-09  -0.136662E-08   0.578509E-09
   0.196533E+02   0.167288E-09  -0.594381E-09  -0.367197E-10  -0.283628E-09  -0.135551E-08   0.623237E-09
   0.196838E+02   0.151800E-09  -0.600471E-09  -0.405781E-10  -0.289015E-09  -0.134304E-08   0.668026E-09
   0.197144E+02   0.136090E-09  -0.606121E-09  -0.446214E-10  -0.294415E-09  -0.132913E-08   0.712833E-09
   0.197449E+02   0.120177E-09  -0.611299E-09  -0.489445E-10  -0.299901E-09  -0.131374E-08   0.757584E-09
   0.197754E+02   0.104093E-09  -0.615999E-09  -0.536600E-10  -0.305394E-09  -0.129683E-08   0.802210E-09
   0.198059E+02   0.878518E-10  -0.620219E-09  -0.587384E-10  -0.310755E-09  -0.127840E-08   0.846629E-09
   0.198364E+02   0.714716E-10  -0.623948E-09  -0.640487E-10  -0.315964E-09  -0.125847E-08   0.890769E-09
   0.198669E+02   0.549808E-10  -0.627179E-09  -0.695489E-10  -0.321130E-09  -0.123706E-08   0.934627E-09
   0.198975E+02   0.384082E-10  -0.629921E-09  -0.753404E-10  -0.326310E-09  -0.121411E-08   0.978190E-09
   0.199280E+02   0.217656E-10  -0.632195E-09  -0.815099E-10  -0.331413E-09  -0.118956E-08   0.102137E-08
   0.199585E+02   0.504736E-11  -0.634007E-09  -0.880038E-10  -0.336326E-09  -0.116342E-08   0.106405E-08
   0.199890E+02  -0.117525E-10  -0.635345E-09  -0.947104E-10  -0.341061E-09  -0.113572E-08   0.110620E-08
   0.200195E+02  -0.286179E-10  -0.636183E-09  -0.101621E-09  -0.345717E-09  -0.110643E-08   0.114777E-08
   0.200500E+02  -0.455137E-10  -0.636517E-09  -0.108836E-09  -0.350317E-09  -0.107553E-08   0.118869E-08
   0.200806E+02  -0.624195E-10  -0.636366E-09  -0.116416E-09  -0.354761E-09  -0.104304E-08   0.122887E-08
   0.201111E+02  -0.793476E-10  -0.635739E-09  -0.124290E-09  -0.358950E-09  -0.100893E-08   0.126824E-08
   0.201416E+02  -0.963068E-10  -0.634602E-09  -0.132354E-09  -0.362906E-09  -0.973233E-09   0.130669E-08
   0.201721E+02  -0.113254E-09  -0.632910E-09  -0.140598E-09  -0.366708E-09  -0.935996E-09   0.134416E-08
   0.202026E+02  -0.130113E-09  -0.630668E-09  -0.149079E-09  -0.370383E-09  -0.897192E-09   0.138064E-08
   0.202332E+02  -0.146839E-09  -0.627934E-09  -0.157833E-09  -0.373888E-09  -0.856751E-09   0.141600E-08
   0.202637E+02  -0.163451E-09  -0.624763E-09  -0.166845E-09  -0.377186E-09  -0.814690E-09   0.145002E-08
   0.202942E+02  -0.179985E-09  -0.621156E-09  -0.176095E-09  -0.380272E-09  -0.771126E-09   0.148253E-08
   0.203247E+02  -0.196449E-09  -0.617085E-09  -0.185588E-09  -0.383145E-09  -0.726209E-09   0.151340E-08
   0.203552E+02  -0.212824E-09  -0.612527E-09  -0.195325E-09  -0.385776E-09  -0.680131E-09   0.154254E-08
   0.203857E+02  -0.229083E-09  -0.607473E-09  -0.205275E-09  -0.388143E-09  -0.633113E-09   0.156994E-08
   0.204163E+02  -0.245201E-09  -0.601920E-09  -0.215405E-09  -0.390266E-09  -0.585292E-09   0.159569E-08
   0.204468E+02  -0.261146E-09  -0.595867E-09  -0.225728E-09  -0.392174E-09  -0.536710E-09   0.161986E-08
   0.204773E+02  -0.276881E-09  -0.589333E-09  -0.236274E-09  -0.393860E-09  -0.487440E-09   0.164244E-08
   0.205078E+02  -0.292392E-09  -0.582349E-09  -0.247049E-09  -0.395296E-09  -0.437607E-09   0.166347E-08
   0.205383E+02  -0.307684E-09  -0.574932E-09  -0.258048E-09  -0.396476E-09  -0.387262E-09   0.168309E-08
   0.205688E+02  -0.322758E-09  -0.567076E-09  -0.269296E-09  -0.397392E-09  -0.336334E-09   0.170139E-08
   0.205994E+02  -0.337584E-09  -0.558768E-09  -0.280820E-09  -0.397986E-09  -0.284740E-09   0.171835E-08
   0.206299E+02  -0.352119E-09  -0.550041E-09  -0.292577E-09  -0.398174E-09  -0.232473E-09   0.173389E-08
   0.206604E+02  -0.366371E-09  -0.540952E-09  -0.304458E-09  -0.397937E-09  -0.179587E-09   0.174795E-08
   0.206909E+02  -0.380396E-09  -0.531505E-09  -0.316394E-09  -0.397366E-09  -0.126145E-09   0.176054E-08
   0.207214E+02  -0.394209E-09  -0.521633E-09  -0.328446E-09  -0.396558E-09  -0.721581E-10   0.177170E-08
   0.207520E+02  -0.407734E-09  -0.511285E-09  -0.340740E-09  -0.395478E-09  -0.175697E-10   0.178143E-08
   0.207825E+02  -0.420878E-09  -0.500503E-09  -0.353292E-09  -0.393983E-09   0.376626E-10   0.178964E-08
   0.208130E+02  -0.433621E-09  -0.489378E-09  -0.365977E-09  -0.391988E-09   0.934790E-10   0.179620E-08
   0.208435E+02  -0.446011E-09  -0.477958E-09  -0.378682E-09  -0.389568E-09   0.149758E-09   0.180107E-08
   0.208740E+02  -0.458085E-09  -0.466228E-09  -0.391445E-09  -0.386830E-09   0.206442E-09   0.180430E-08
   0.209045E+02  -0.469833E-09  -0.454158E-09  -0.404378E-09  -0.383742E-09   0.263540E-09   0.180587E-08
   0.209351E+02  -0.481220E-09  -0.441747E-09  -0.417470E-09  -0.380160E-09   0.321035E-09   0.180574E-08
   0.209656E+02  -0.492223E-09  -0.429015E-09  -0.430561E-09  -0.376041E-09   0.378860E-09   0.180384E-08
   0.209961E+02  -0.502831E-09  -0.415982E-09  -0.443555E-09  -0.371524E-09   0.436961E-09   0.180017E-08
   0.210266E+02  -0.513033E-09  -0.402665E-09  -0.456565E-09  -0.366738E-09   0.495303E-09   0.179470E-08
   0.210571E+02  -0.522823E-09  -0.389086E-09  -0.469758E-09  -0.361589E-09   0.553829E-09   0.178740E-08
   0.210876E+02  -0.532201E-09  -0.375258E-09  -0.483093E-09  -0.355858E-09   0.612477E-09   0.177824E-08
   0.211182E+02  -0.541157E-09  -0.361193E-09  -0.496332E-09  -0.349496E-09   0.671200E-09   0.176722E-08
   0.211487E+02  -0.549689E-09  -0.346915E-09  -0.509341E-09  -0.342694E-09   0.729951E-09   0.175432E-08
   0.211792E+02  -0.557807E-09  -0.332438E-09  -0.522249E-09  -0.335624E-09   0.788697E-09   0.173953E-08
   0.212097E+02  -0.565522E-09  -0.317754E-09  -0.535245E-09  -0.328205E-09   0.847418E-09   0.172281E-08
   0.212402E+02  -0.572810E-09  -0.302843E-09  -0.548294E-09  -0.320226E-09   0.906042E-09   0.170408E-08
   0.212708E+02  -0.579618E-09  -0.287723E-09  -0.561186E-09  -0.311650E-09   0.964476E-09   0.168336E-08
   0.213013E+02  -0.585919E-09  -0.272456E-09  -0.573827E-09  -0.302646E-09   0.102271E-08   0.166064E-08
   0.213318E+02  -0.591746E-09  -0.257104E-09  -0.586341E-09  -0.293321E-09   0.108075E-08   0.163584E-08
   0.213623E+02  -0.597152E-09  -0.241671E-09  -0.598835E-09  -0.283562E-09   0.113852E-08   0.160880E-08
   0.213928E+02  -0.602144E-09  -0.226121E-09  -0.611201E-09  -0.273232E-09   0.119581E-08   0.157941E-08
   0.214233E+02  -0.606689E-09  -0.210452E-09  -0.623262E-09  -0.262398E-09   0.125242E-08   0.154767E-08
   0.214539E+02  -0.610779E-09  -0.194695E-09  -0.635025E-09  -0.251249E-09   0.130817E-08   0.151360E-08
   0.214844E+02  -0.614427E-09  -0.178855E-09  -0.646664E-09  -0.239822E-09   0.136288E-08   0.147726E-08
   0.215149E+02  -0.617614E-09  -0.162917E-09  -0.658256E-09  -0.227956E-09   0.141641E-08   0.143873E-08
   0.215454E+02  -0.620289E-09  -0.146908E-09  -0.669663E-09  -0.215527E-09   0.146860E-08   0.139808E-08
   0.215759E+02  -0.622444E-09  -0.130904E-09  -0.680729E-09  -0.202616E-09   0.151930E-08   0.135547E-08
   0.216064E+02  -0.624135E-09  -0.114952E-09  -0.691482E-09  -0.189368E-09   0.156846E-08   0.131113E-08
   0.216370E+02  -0.625411E-09  -0.990341E-10  -0.702037E-09  -0.175772E-09   0.161615E-08   0.126516E-08
   0.216675E+02  -0.626266E-09  -0.831121E-10  -0.712385E-09  -0.161711E-09   0.166237E-08   0.121757E-08
   0.216980E+02  -0.626658E-09  -0.671943E-10  -0.722391E-09  -0.147176E-09   0.170704E-08   0.116840E-08
   0.217285E+02  -0.626578E-09  -0.513252E-10  -0.732012E-09  -0.132296E-09   0.175011E-08   0.111777E-08
   0.217590E+02  -0.626046E-09  -0.355279E-10  -0.741367E-09  -0.117135E-09   0.179159E-08   0.106578E-08
   0.217896E+02  -0.625067E-09  -0.198055E-10  -0.750541E-09  -0.101570E-09   0.183151E-08   0.101248E-08
   0.218201E+02  -0.623633E-09  -0.418601E-11  -0.759421E-09  -0.854604E-10   0.186992E-08   0.957893E-09
   0.218506E+02  -0.621776E-09   0.112970E-10  -0.767811E-09  -0.688579E-10   0.190678E-08   0.901959E-09
   0.218811E+02  -0.619538E-09   0.266608E-10  -0.775675E-09  -0.519588E-10   0.194198E-08   0.844677E-09
   0.219116E+02  -0.616905E-09   0.419518E-10  -0.783168E-09  -0.348530E-10   0.197540E-08   0.786179E-09
   0.219421E+02  -0.613806E-09   0.571613E-10  -0.790401E-09  -0.174215E-10   0.200709E-08   0.726589E-09
   0.219727E+02  -0.610208E-09   0.722021E-10  -0.797280E-09   0.479887E-12   0.203709E-08   0.665915E-09
   0.220032E+02  -0.606169E-09   0.869882E-10  -0.803628E-09   0.188113E-10   0.206538E-08   0.604133E-09
   0.220337E+02  -0.601784E-09   0.101518E-09  -0.809412E-09   0.374023E-10   0.209188E-08   0.541257E-09
   0.220642E+02  -0.597089E-09   0.115857E-09  -0.814761E-09   0.561761E-10   0.211651E-08   0.477334E-09
   0.220947E+02  -0.592048E-09   0.130046E-09  -0.819770E-09   0.752341E-10   0.213920E-08   0.412474E-09
   0.221252E+02  -0.586615E-09   0.144061E-09  -0.824358E-09   0.947045E-10   0.215998E-08   0.346800E-09
   0.221558E+02  -0.580786E-09   0.157853E-09  -0.828358E-09   0.114568E-09   0.217890E-08   0.280332E-09
   0.221863E+02  -0.574593E-09   0.171386E-09  -0.831698E-09   0.134671E-09   0.219595E-08   0.213027E-09
   0.222168E+02  -0.568070E-09   0.184657E-09  -0.834461E-09   0.154885E-09   0.221102E-08   0.144922E-09
   0.222473E+02  -0.561228E-09   0.197681E-09  -0.836778E-09   0.175230E-09   0.222406E-08   0.761149E-10
   0.222778E+02  -0.554057E-09   0.210453E-09  -0.838668E-09   0.195826E-09   0.223508E-08   0.669563E-11
   0.223083E+02  -0.546560E-09   0.222946E-09  -0.840016E-09   0.216745E-09   0.224409E-08  -0.632493E-10
   0.223389E+02  -0.538764E-09   0.235141E-09  -0.840689E-09   0.237918E-09   0.225117E-08  -0.133689E-09
   0.223694E+02  -0.530691E-09   0.247040E-09  -0.840662E-09   0.259194E-09   0.225634E-08  -0.204685E-09
   0.223999E+02  -0.522349E-09   0.258647E-09  -0.840046E-09   0.280481E-09   0.225953E-08  -0.276267E-09
   0.224304E+02  -0.513739E-09   0.269956E-09  -0.838954E-09   0.301841E-09   0.226068E-08  -0.348379E-09
   0.224609E+02  -0.504870E-09   0.280954E-09  -0.837346E-09   0.323404E-09   0.225982E-08  -0.421015E-09
   0.224915E+02  -0.495754E-09   0.291622E-09  -0.835059E-09   0.345182E-09   0.225689E-08  -0.494246E-09
   0.225220E+02  -0.486419E-09   0.301947E-09  -0.831990E-09   0.367014E-09   0.225179E-08  -0.568117E-09
   0.225525E+02  -0.476905E-09   0.311930E-09  -0.828221E-09   0.388726E-09   0.224435E-08  -0.642637E-09
   0.225830E+02  -0.467239E-09   0.321610E-09  -0.823925E-09   0.410307E-09   0.223435E-08  -0.717778E-09
   0.226135E+02  -0.457400E-09   0.331032E-09  -0.819167E-09   0.431894E-09   0.222154E-08  -0.793372E-09
   0.226440E+02  -0.447318E-09   0.340190E-09  -0.813839E-09   0.453580E-09   0.220580E-08  -0.869134E-09
   0.226746E+02  -0.436964E-09   0.348988E-09  -0.807808E-09   0.475294E-09   0.218712E-08  -0.944838E-09
   0.227051E+02  -0.426421E-09   0.357338E-09  -0.801080E-09   0.496890E-09   0.216549E-08  -0.102030E-08
   0.227356E+02  -0.415818E-09   0.365268E-09  -0.793766E-09   0.518311E-09   0.214090E-08  -0.109528E-08
   0.227661E+02  -0.405181E-09   0.372900E-09  -0.785937E-09   0.539622E-09   0.211344E-08  -0.116958E-08
   0.227966E+02  -0.394420E-09   0.380281E-09  -0.777553E-09   0.560888E-09   0.208321E-08  -0.124310E-08
   0.228271E+02  -0.383472E-09   0.387332E-09  -0.768533E-09   0.582095E-09   0.205026E-08  -0.131568E-08
   0.228577E+02  -0.372410E-09   0.393977E-09  -0.758846E-09   0.603157E-09   0.201467E-08  -0.138718E-08
   0.228882E+02  -0.361327E-09   0.400260E-09  -0.748538E-09   0.624002E-09   0.197659E-08  -0.145754E-08
   0.229187E+02  -0.350191E-09   0.406267E-09  -0.737670E-09   0.644631E-09   0.193606E-08  -0.152671E-08
   0.229492E+02  -0.338925E-09   0.411972E-09  -0.726257E-09   0.665074E-09   0.189314E-08  -0.159463E-08
   0.229797E+02  -0.327538E-09   0.417276E-09  -0.714277E-09   0.685346E-09   0.184786E-08  -0.166119E-08
   0.230103E+02  -0.316154E-09   0.422151E-09  -0.701704E-09   0.705424E-09   0.180031E-08  -0.172631E-08
   0.230408E+02  -0.304833E-09   0.426692E-09  -0.688523E-09   0.725287E-09   0.175057E-08  -0.178992E-08
   0.230713E+02  -0.293525E-09   0.430972E-09  -0.674723E-09   0.744895E-09   0.169875E-08  -0.185198E-08
   0.231018E+02  -0.282168E-09   0.434966E-09  -0.660310E-09   0.764196E-09   0.164487E-08  -0.191253E-08
   0.231323E+02  -0.270773E-09   0.438622E-09  -0.645328E-09   0.783147E-09   0.158889E-08  -0.197146E-08
   0.231628E+02  -0.259381E-09   0.441935E-09  -0.629837E-09   0.801749E-09   0.153088E-08  -0.202861E-08
   0.231934E+02  -0.247987E-09   0.444919E-09  -0.613856E-09   0.820066E-09   0.147102E-08  -0.208392E-08
   0.232239E+02  -0.236619E-09   0.447544E-09  -0.597322E-09   0.838111E-09   0.140940E-08  -0.213739E-08
   0.232544E+02  -0.225325E-09   0.449793E-09  -0.580162E-09   0.855828E-09   0.134605E-08  -0.218905E-08
   0.232849E+02  -0.214177E-09   0.451720E-09  -0.562397E-09   0.873101E-09   0.128096E-08  -0.223883E-08
   0.233154E+02  -0.203158E-09   0.453426E-09  -0.544136E-09   0.889885E-09   0.121419E-08  -0.228661E-08
   0.233459E+02  -0.192172E-09   0.454931E-09  -0.525455E-09   0.906247E-09   0.114588E-08  -0.233227E-08
   0.233765E+02  -0.181171E-09   0.456148E-09  -0.506309E-09   0.922268E-09   0.107627E-08  -0.237580E-08
   0.234070E+02  -0.170228E-09   0.457002E-09  -0.486592E-09   0.937921E-09   0.100545E-08  -0.241737E-08
   0.234375E+02  -0.159439E-09   0.457530E-09  -0.466278E-09   0.953075E-09   0.933395E-09  -0.245704E-08
   0.234680E+02  -0.148806E-09   0.457822E-09  -0.445465E-09   0.967632E-09   0.860108E-09  -0.249475E-08
   0.234985E+02  -0.138265E-09   0.457889E-09  -0.424268E-09   0.981621E-09   0.785705E-09  -0.253050E-08
   0.235291E+02  -0.127814E-09   0.457682E-09  -0.402702E-09   0.995131E-09   0.710256E-09  -0.256441E-08
   0.235596E+02  -0.117512E-09   0.457190E-09  -0.380681E-09   0.100818E-08   0.633721E-09  -0.259658E-08
   0.235901E+02  -0.107390E-09   0.456474E-09  -0.358154E-09   0.102068E-08   0.555993E-09  -0.262712E-08
   0.236206E+02  -0.974048E-10   0.455576E-09  -0.335177E-09   0.103251E-08   0.476884E-09  -0.265604E-08
   0.236511E+02  -0.875140E-10   0.454462E-09  -0.311878E-09   0.104365E-08   0.396155E-09  -0.268324E-08
   0.236816E+02  -0.777526E-10   0.453080E-09  -0.288332E-09   0.105418E-08   0.313661E-09  -0.270844E-08
   0.237122E+02  -0.681970E-10   0.451449E-09  -0.264512E-09   0.106416E-08   0.229409E-09  -0.273135E-08
   0.237427E+02  -0.588632E-10   0.449653E-09  -0.240360E-09   0.107358E-08   0.143480E-09  -0.275175E-08
   0.237732E+02  -0.496878E-10   0.447735E-09  -0.215875E-09   0.108236E-08   0.559684E-10  -0.276941E-08
   0.238037E+02  -0.406196E-10   0.445657E-09  -0.191111E-09   0.109046E-08  -0.329669E-10  -0.278412E-08
   0.238342E+02  -0.316857E-10   0.443363E-09  -0.166142E-09   0.109787E-08  -0.123114E-09  -0.279574E-08
   0.238647E+02  -0.229475E-10   0.440863E-09  -0.141025E-09   0.110463E-08  -0.214278E-09  -0.280419E-08
   0.238953E+02  -0.144247E-10   0.438210E-09  -0.115771E-09   0.111078E-08  -0.306286E-09  -0.280940E-08
   0.239258E+02  -0.608744E-11   0.435440E-09  -0.903495E-10   0.111637E-08  -0.398932E-09  -0.281129E-08
   0.239563E+02   0.209177E-11   0.432543E-09  -0.647199E-10   0.112137E-08  -0.492015E-09  -0.280988E-08
   0.239868E+02   0.101053E-10   0.429496E-09  -0.388908E-10   0.112571E-08  -0.585381E-09  -0.280519E-08
   0.240173E+02   0.179241E-10   0.426300E-09  -0.129242E-10   0.112936E-08  -0.678900E-09  -0.279722E-08
   0.240479E+02   0.255249E-10   0.422981E-09   0.131257E-10   0.113235E-08  -0.772449E-09  -0.278601E-08
   0.240784E+02   0.329049E-10   0.419580E-09   0.392558E-10   0.113470E-08  -0.865932E-09  -0.277155E-08
   0.241089E+02   0.400906E-10   0.416131E-09   0.654744E-10   0.113642E-08  -0.959231E-09  -0.275380E-08
   0.241394E+02   0.471277E-10   0.412637E-09   0.917501E-10   0.113747E-08  -0.105216E-08  -0.273274E-08
   0.241699E+02   0.540394E-10   0.409060E-09   0.118041E-09   0.113788E-08  -0.114454E-08  -0.270845E-08
   0.242004E+02   0.608023E-10   0.405364E-09   0.144351E-09   0.113768E-08  -0.123628E-08  -0.268101E-08
   0.242310E+02   0.673687E-10   0.401546E-09   0.170708E-09   0.113686E-08  -0.132732E-08  -0.265045E-08
   0.242615E+02   0.737012E-10   0.397643E-09   0.197097E-09   0.113537E-08  -0.141756E-08  -0.261677E-08
   0.242920E+02   0.797939E-10   0.393714E-09   0.223461E-09   0.113320E-08  -0.150689E-08  -0.257996E-08
   0.243225E+02   0.856877E-10   0.389806E-09   0.249756E-09   0.113037E-08  -0.159514E-08  -0.254004E-08
   0.243530E+02   0.914420E-10   0.385918E-09   0.275978E-09   0.112693E-08  -0.168217E-08  -0.249706E-08
   0.243835E+02   0.970826E-10   0.382006E-09   0.302128E-09   0.112286E-08  -0.176785E-08  -0.245111E-08
   0.244141E+02   0.102583E-09   0.378030E-09   0.328201E-09   0.111819E-08  -0.185206E-08  -0.240227E-08
   0.244446E+02   0.107894E-09   0.373999E-09   0.354207E-09   0.111292E-08  -0.193469E-08  -0.235061E-08
   0.244751E+02   0.112989E-09   0.369963E-09   0.380162E-09   0.110700E-08  -0.201561E-08  -0.229622E-08
   0.245056E+02   0.117899E-09   0.365982E-09   0.406026E-09   0.110039E-08  -0.209471E-08  -0.223922E-08
   0.245361E+02   0.122693E-09   0.362062E-09   0.431697E-09   0.109308E-08  -0.217186E-08  -0.217977E-08
   0.245667E+02   0.127405E-09   0.358148E-09   0.457127E-09   0.108516E-08  -0.224703E-08  -0.211810E-08
   0.245972E+02   0.131995E-09   0.354190E-09   0.482373E-09   0.107670E-08  -0.232028E-08  -0.205437E-08
   0.246277E+02   0.136403E-09   0.350209E-09   0.507502E-09   0.106765E-08  -0.239165E-08  -0.198869E-08
   0.246582E+02   0.140617E-09   0.346271E-09   0.532464E-09   0.105792E-08  -0.246122E-08  -0.192120E-08
   0.246887E+02   0.144683E-09   0.342412E-09   0.557153E-09   0.104752E-08  -0.252917E-08  -0.185198E-08
   0.247192E+02   0.148634E-09   0.338627E-09   0.581547E-09   0.103654E-08  -0.259568E-08  -0.178097E-08
   0.247498E+02   0.152481E-09   0.334911E-09   0.605708E-09   0.102499E-08  -0.266088E-08  -0.170798E-08
   0.247803E+02   0.156250E-09   0.331272E-09   0.629634E-09   0.101281E-08  -0.272472E-08  -0.163280E-08
   0.248108E+02   0.159972E-09   0.327678E-09   0.653209E-09   0.999941E-09  -0.278710E-08  -0.155524E-08
   0.248413E+02   0.163628E-09   0.324077E-09   0.676334E-09   0.986497E-09  -0.284777E-08  -0.147518E-08
   0.248718E+02   0.167151E-09   0.320476E-09   0.699044E-09   0.972593E-09  -0.290655E-08  -0.139266E-08
   0.249023E+02   0.170530E-09   0.316952E-09   0.721426E-09   0.958238E-09  -0.296333E-08  -0.130768E-08
   0.249329E+02   0.173836E-09   0.313537E-09   0.743488E-09   0.943371E-09  -0.301794E-08  -0.122019E-08
   0.249634E+02   0.177112E-09   0.310175E-09   0.765174E-09   0.927989E-09  -0.307016E-08  -0.113021E-08
   0.249939E+02   0.180310E-09   0.306820E-09   0.786480E-09   0.912135E-09  -0.311979E-08  -0.103785E-08
   0.250244E+02   0.183369E-09   0.303521E-09   0.807430E-09   0.895786E-09  -0.316666E-08  -0.943215E-09
   0.250549E+02   0.186326E-09   0.300368E-09   0.827960E-09   0.878896E-09  -0.321067E-08  -0.846489E-09
   0.250854E+02   0.189281E-09   0.297362E-09   0.847959E-09   0.861532E-09  -0.325179E-08  -0.747778E-09
   0.251160E+02   0.192278E-09   0.294424E-09   0.867449E-09   0.843852E-09  -0.328998E-08  -0.647057E-09
   0.251465E+02   0.195273E-09   0.291497E-09   0.886591E-09   0.825884E-09  -0.332499E-08  -0.544363E-09
   0.251770E+02   0.198220E-09   0.288600E-09   0.905445E-09   0.807468E-09  -0.335662E-08  -0.439917E-09
   0.252075E+02   0.201132E-09   0.285764E-09   0.923847E-09   0.788504E-09  -0.338487E-08  -0.333942E-09
   0.252380E+02   0.204027E-09   0.282975E-09   0.941639E-09   0.769137E-09  -0.340972E-08  -0.226550E-09
   0.252686E+02   0.206886E-09   0.280220E-09   0.958913E-09   0.749558E-09  -0.343115E-08  -0.117817E-09
   0.252991E+02   0.209686E-09   0.277523E-09   0.975863E-09   0.729718E-09  -0.344911E-08  -0.778812E-11
   0.253296E+02   0.212438E-09   0.274927E-09   0.992456E-09   0.709421E-09  -0.346343E-08   0.103483E-09
   0.253601E+02   0.215196E-09   0.272455E-09   0.100847E-08   0.688669E-09  -0.347394E-08   0.215799E-09
   0.253906E+02   0.218009E-09   0.270076E-09   0.102385E-08   0.667699E-09  -0.348063E-08   0.328908E-09
   0.254211E+02   0.220882E-09   0.267738E-09   0.103881E-08   0.646631E-09  -0.348354E-08   0.442713E-09
   0.254517E+02   0.223780E-09   0.265423E-09   0.105350E-08   0.625283E-09  -0.348259E-08   0.557168E-09
   0.254822E+02   0.226695E-09   0.263156E-09   0.106780E-08   0.603452E-09  -0.347763E-08   0.672120E-09
   0.255127E+02   0.229657E-09   0.260935E-09   0.108144E-08   0.581232E-09  -0.346860E-08   0.787367E-09
   0.255432E+02   0.232669E-09   0.258714E-09   0.109444E-08   0.558881E-09  -0.345541E-08   0.902699E-09
   0.255737E+02   0.235667E-09   0.256482E-09   0.110703E-08   0.536454E-09  -0.343804E-08   0.101786E-08
   0.256042E+02   0.238616E-09   0.254313E-09   0.111929E-08   0.513764E-09  -0.341653E-08   0.113265E-08
   0.256348E+02   0.241585E-09   0.252282E-09   0.113106E-08   0.490716E-09  -0.339083E-08   0.124688E-08
   0.256653E+02   0.244683E-09   0.250355E-09   0.114222E-08   0.467460E-09  -0.336091E-08   0.136022E-08
   0.256958E+02   0.247927E-09   0.248424E-09   0.115290E-08   0.444135E-09  -0.332693E-08   0.147227E-08
   0.257263E+02   0.251241E-09   0.246438E-09   0.116326E-08   0.420634E-09  -0.328921E-08   0.158276E-08
   0.257568E+02   0.254566E-09   0.244439E-09   0.117322E-08   0.396763E-09  -0.324808E-08   0.169160E-08
   0.257874E+02   0.257922E-09   0.242480E-09   0.118256E-08   0.372535E-09  -0.320383E-08   0.179879E-08
   0.258179E+02   0.261357E-09   0.240561E-09   0.119119E-08   0.348153E-09  -0.315672E-08   0.190442E-08
   0.258484E+02   0.264889E-09   0.238650E-09   0.119925E-08   0.323748E-09  -0.310686E-08   0.200867E-08
   0.258789E+02   0.268509E-09   0.236723E-09   0.120686E-08   0.299276E-09  -0.305428E-08   0.211166E-08
   0.259094E+02   0.272205E-09   0.234777E-09   0.121398E-08   0.274663E-09  -0.299897E-08   0.221352E-08
   0.259399E+02   0.275978E-09   0.232816E-09   0.122059E-08   0.249919E-09  -0.294083E-08   0.231433E-08
   0.259705E+02   0.279832E-09   0.230832E-09   0.122668E-08   0.225075E-09  -0.287970E-08   0.241409E-08
   0.260010E+02   0.283764E-09   0.228819E-09   0.123225E-08   0.200122E-09  -0.281550E-08   0.251270E-08
   0.260315E+02   0.287771E-09   0.226783E-09   0.123726E-08   0.175075E-09  -0.274815E-08   0.261011E-08
   0.260620E+02   0.291873E-09   0.224733E-09   0.124172E-08   0.150007E-09  -0.267758E-08   0.270622E-08
   0.260925E+02   0.296096E-09   0.222638E-09   0.124570E-08   0.124948E-09  -0.260373E-08   0.280089E-08
   0.261230E+02   0.300421E-09   0.220458E-09   0.124923E-08   0.998238E-10  -0.252655E-08   0.289402E-08
   0.261536E+02   0.304807E-09   0.218201E-09   0.125223E-08   0.745794E-10  -0.244598E-08   0.298543E-08
   0.261841E+02   0.309263E-09   0.215906E-09   0.125459E-08   0.493154E-10  -0.236205E-08   0.307495E-08
   0.262146E+02   0.313840E-09   0.213564E-09   0.125638E-08   0.242023E-10  -0.227480E-08   0.316243E-08
   0.262451E+02   0.318544E-09   0.211112E-09   0.125779E-08  -0.752300E-12  -0.218424E-08   0.324779E-08
   0.262756E+02   0.323324E-09   0.208521E-09   0.125891E-08  -0.257317E-10  -0.209035E-08   0.333086E-08
   0.263062E+02   0.328146E-09   0.205819E-09   0.125957E-08  -0.508583E-10  -0.199316E-08   0.341148E-08
   0.263367E+02   0.333017E-09   0.203028E-09   0.125962E-08  -0.760235E-10  -0.189272E-08   0.348947E-08
   0.263672E+02   0.337946E-09   0.200146E-09   0.125911E-08  -0.101053E-09  -0.178913E-08   0.356468E-08
   0.263977E+02   0.342925E-09   0.197181E-09   0.125820E-08  -0.125947E-09  -0.168247E-08   0.363703E-08
   0.264282E+02   0.347981E-09   0.194158E-09   0.125690E-08  -0.150838E-09  -0.157275E-08   0.370643E-08
   0.264587E+02   0.353167E-09   0.191055E-09   0.125510E-08  -0.175739E-09  -0.145995E-08   0.377273E-08
   0.264893E+02   0.358499E-09   0.187801E-09   0.125275E-08  -0.200504E-09  -0.134414E-08   0.383569E-08
   0.265198E+02   0.363927E-09   0.184340E-09   0.125001E-08  -0.225064E-09  -0.122542E-08   0.389518E-08
   0.265503E+02   0.369394E-09   0.180677E-09   0.124700E-08  -0.249554E-09  -0.110385E-08   0.395107E-08
   0.265808E+02   0.374877E-09   0.176831E-09   0.124360E-08  -0.274111E-09  -0.979435E-09   0.400319E-08
   0.266113E+02   0.380359E-09   0.172815E-09   0.123965E-08  -0.298658E-09  -0.852233E-09   0.405128E-08
   0.266418E+02   0.385823E-09   0.168657E-09   0.123520E-08  -0.323024E-09  -0.722346E-09   0.409506E-08
   0.266724E+02   0.391288E-09   0.164400E-09   0.123042E-08  -0.347217E-09  -0.589958E-09   0.413421E-08
   0.267029E+02   0.396811E-09   0.160046E-09   0.122532E-08  -0.371397E-09  -0.455337E-09   0.416848E-08
   0.267334E+02   0.402424E-09   0.155541E-09   0.121976E-08  -0.395600E-09  -0.318784E-09   0.419761E-08
   0.267639E+02   0.408096E-09   0.150836E-09   0.121366E-08  -0.419675E-09  -0.180676E-09   0.422136E-08
   0.267944E+02   0.413791E-09   0.145933E-09   0.120719E-08  -0.443545E-09  -0.415514E-10   0.423954E-08
   0.268250E+02   0.419509E-09   0.140844E-09   0.120043E-08  -0.467368E-09   0.979725E-10   0.425224E-08
   0.268555E+02   0.425255E-09   0.135543E-09   0.119322E-08  -0.491276E-09   0.237414E-09   0.425977E-08
   0.268860E+02   0.430988E-09   0.130008E-09   0.118536E-08  -0.515103E-09   0.376537E-09   0.426251E-08
   0.269165E+02   0.436667E-09   0.124273E-09   0.117696E-08  -0.538585E-09   0.515270E-09   0.426077E-08
   0.269470E+02   0.442317E-09   0.118378E-09   0.116833E-08  -0.561779E-09   0.653603E-09   0.425476E-08
   0.269775E+02   0.447978E-09   0.112301E-09   0.115948E-08  -0.585004E-09   0.791534E-09   0.424460E-08
   0.270081E+02   0.453629E-09   0.105994E-09   0.115007E-08  -0.608348E-09   0.929044E-09   0.423040E-08
   0.270386E+02   0.459222E-09   0.994702E-10   0.113990E-08  -0.631470E-09   0.106615E-08   0.421227E-08
   0.270691E+02   0.464773E-09   0.927669E-10   0.112924E-08  -0.654056E-09   0.120293E-08   0.419027E-08
   0.270996E+02   0.470318E-09   0.858484E-10   0.111850E-08  -0.676270E-09   0.133946E-08   0.416432E-08
   0.271301E+02   0.475807E-09   0.786634E-10   0.110764E-08  -0.698532E-09   0.147568E-08   0.413429E-08
   0.271606E+02   0.481168E-09   0.712610E-10   0.109626E-08  -0.720925E-09   0.161146E-08   0.410014E-08
   0.271912E+02   0.486450E-09   0.637263E-10   0.108417E-08  -0.743101E-09   0.174675E-08   0.406186E-08
   0.272217E+02   0.491765E-09   0.560080E-10   0.107162E-08  -0.764787E-09   0.188147E-08   0.401939E-08
   0.272522E+02   0.497082E-09   0.479548E-10   0.105892E-08  -0.786133E-09   0.201549E-08   0.397267E-08
   0.272827E+02   0.502230E-09   0.395407E-10   0.104601E-08  -0.807442E-09   0.214871E-08   0.392170E-08
   0.273132E+02   0.507125E-09   0.309128E-10   0.103262E-08  -0.828719E-09   0.228102E-08   0.386644E-08
   0.273438E+02   0.511867E-09   0.221779E-10   0.101868E-08  -0.849708E-09   0.241233E-08   0.380685E-08
   0.273743E+02   0.516559E-09   0.132740E-10   0.100441E-08  -0.870298E-09   0.254249E-08   0.374284E-08
   0.274048E+02   0.521166E-09   0.410623E-11   0.989958E-09  -0.890666E-09   0.267129E-08   0.367439E-08
   0.274353E+02   0.525608E-09  -0.531471E-11   0.975187E-09  -0.910974E-09   0.279853E-08   0.360157E-08
   0.274658E+02   0.529884E-09  -0.149356E-10   0.959917E-09  -0.931124E-09   0.292414E-08   0.352448E-08
   0.274963E+02   0.534034E-09  -0.247697E-10   0.944205E-09  -0.950923E-09   0.304809E-08   0.344307E-08
   0.275269E+02   0.538032E-09  -0.348677E-10   0.928236E-09  -0.970383E-09   0.317023E-08   0.335725E-08
   0.275574E+02   0.541812E-09  -0.452261E-10   0.912035E-09  -0.989668E-09   0.329034E-08   0.326703E-08
   0.275879E+02   0.545345E-09  -0.557894E-10   0.895454E-09  -0.100882E-08   0.340828E-08   0.317246E-08
   0.276184E+02   0.548654E-09  -0.665243E-10   0.878437E-09  -0.102770E-08   0.352395E-08   0.307359E-08
   0.276489E+02   0.551753E-09  -0.774348E-10   0.861122E-09  -0.104624E-08   0.363732E-08   0.297037E-08
   0.276794E+02   0.554634E-09  -0.885128E-10   0.843602E-09  -0.106457E-08   0.374824E-08   0.286267E-08
   0.277100E+02   0.557323E-09  -0.997399E-10   0.825749E-09  -0.108281E-08   0.385647E-08   0.275035E-08
   0.277405E+02   0.559863E-09  -0.111155E-09   0.807392E-09  -0.110087E-08   0.396169E-08   0.263338E-08
   0.277710E+02   0.562226E-09  -0.122855E-09   0.788584E-09  -0.111853E-08   0.406362E-08   0.251178E-08
   0.278015E+02   0.564276E-09  -0.134866E-09   0.769549E-09  -0.113579E-08   0.416196E-08   0.238548E-08
   0.278320E+02   0.565904E-09  -0.147070E-09   0.750367E-09  -0.115286E-08   0.425624E-08   0.225450E-08
   0.278625E+02   0.567161E-09  -0.159308E-09   0.730851E-09  -0.116989E-08   0.434594E-08   0.211904E-08
   0.278931E+02   0.568202E-09  -0.171559E-09   0.710797E-09  -0.118676E-08   0.443063E-08   0.197945E-08
   0.279236E+02   0.569103E-09  -0.183950E-09   0.690234E-09  -0.120324E-08   0.451000E-08   0.183624E-08
   0.279541E+02   0.569780E-09  -0.196594E-09   0.669353E-09  -0.121930E-08   0.458396E-08   0.168991E-08
   0.279846E+02   0.570107E-09  -0.209470E-09   0.648228E-09  -0.123508E-08   0.465257E-08   0.154081E-08
   0.280151E+02   0.570043E-09  -0.222481E-09   0.626727E-09  -0.125068E-08   0.471579E-08   0.138916E-08
   0.280457E+02   0.569628E-09  -0.235568E-09   0.604719E-09  -0.126597E-08   0.477359E-08   0.123530E-08
   0.280762E+02   0.568897E-09  -0.248737E-09   0.582277E-09  -0.128079E-08   0.482604E-08   0.107949E-08
   0.281067E+02   0.567845E-09  -0.261999E-09   0.559587E-09  -0.129514E-08   0.487320E-08   0.921914E-09
   0.281372E+02   0.566462E-09  -0.275339E-09   0.536695E-09  -0.130918E-08   0.491510E-08   0.762755E-09
   0.281677E+02   0.564763E-09  -0.288750E-09   0.513465E-09  -0.132300E-08   0.495182E-08   0.602143E-09
   0.281982E+02   0.562754E-09  -0.302254E-09   0.489781E-09  -0.133648E-08   0.498335E-08   0.440128E-09
   0.282288E+02   0.560397E-09  -0.315865E-09   0.465710E-09  -0.134950E-08   0.500958E-08   0.276853E-09
   0.282593E+02   0.557655E-09  -0.329557E-09   0.441369E-09  -0.136207E-08   0.503051E-08   0.112536E-09
   0.282898E+02   0.554534E-09  -0.343293E-09   0.416748E-09  -0.137428E-08   0.504616E-08  -0.527011E-10
   0.283203E+02   0.551036E-09  -0.357080E-09   0.391769E-09  -0.138612E-08   0.505650E-08  -0.218762E-09
   0.283508E+02   0.547118E-09  -0.370908E-09   0.366463E-09  -0.139748E-08   0.506147E-08  -0.385472E-09
   0.283813E+02   0.542756E-09  -0.384699E-09   0.340940E-09  -0.140840E-08   0.506106E-08  -0.552675E-09
   0.284119E+02   0.538028E-09  -0.398379E-09   0.315178E-09  -0.141899E-08   0.505526E-08  -0.720245E-09
   0.284424E+02   0.533043E-09  -0.412001E-09   0.289023E-09  -0.142924E-08   0.504400E-08  -0.888022E-09
   0.284729E+02   0.527781E-09  -0.425701E-09   0.262443E-09  -0.143898E-08   0.502726E-08  -0.105582E-08
   0.285034E+02   0.522088E-09  -0.439513E-09   0.235624E-09  -0.144809E-08   0.500501E-08  -0.122341E-08
   0.285339E+02   0.515862E-09  -0.453308E-09   0.208710E-09  -0.145675E-08   0.497735E-08  -0.139059E-08
   0.285645E+02   0.509162E-09  -0.466942E-09   0.181582E-09  -0.146511E-08   0.494435E-08  -0.155731E-08
   0.285950E+02   0.502110E-09  -0.480407E-09   0.154047E-09  -0.147310E-08   0.490594E-08  -0.172348E-08
   0.286255E+02   0.494744E-09  -0.493778E-09   0.126149E-09  -0.148049E-08   0.486201E-08  -0.188887E-08
   0.286560E+02   0.487025E-09  -0.507093E-09   0.980940E-10  -0.148728E-08   0.481262E-08  -0.205322E-08
   0.286865E+02   0.478918E-09  -0.520347E-09   0.699297E-10  -0.149365E-08   0.475791E-08  -0.221635E-08
   0.287170E+02   0.470391E-09  -0.533535E-09   0.414793E-10  -0.149967E-08   0.469796E-08  -0.237813E-08
   0.287476E+02   0.461385E-09  -0.546612E-09   0.126366E-10  -0.150517E-08   0.463287E-08  -0.253850E-08
   0.287781E+02   0.451898E-09  -0.559460E-09  -0.164537E-10  -0.150998E-08   0.456267E-08  -0.269744E-08
   0.288086E+02   0.442053E-09  -0.572007E-09  -0.455916E-10  -0.151418E-08   0.448730E-08  -0.285485E-08
   0.288391E+02   0.431977E-09  -0.584345E-09  -0.747820E-10  -0.151798E-08   0.440682E-08  -0.301057E-08
   0.288696E+02   0.421610E-09  -0.596626E-09  -0.104196E-09  -0.152141E-08   0.432128E-08  -0.316464E-08
   0.289001E+02   0.410780E-09  -0.608834E-09  -0.133933E-09  -0.152437E-08   0.423056E-08  -0.331712E-08
   0.289307E+02   0.399442E-09  -0.620796E-09  -0.163934E-09  -0.152673E-08   0.413441E-08  -0.346792E-08
   0.289612E+02   0.387731E-09  -0.632420E-09  -0.194098E-09  -0.152849E-08   0.403255E-08  -0.361684E-08
   0.289917E+02   0.375741E-09  -0.643790E-09  -0.224407E-09  -0.152971E-08   0.392473E-08  -0.376353E-08
   0.290222E+02   0.363407E-09  -0.654984E-09  -0.254890E-09  -0.153039E-08   0.381083E-08  -0.390750E-08
   0.290527E+02   0.350646E-09  -0.665938E-09  -0.285555E-09  -0.153052E-08   0.369092E-08  -0.404825E-08
   0.290833E+02   0.337500E-09  -0.676553E-09  -0.316391E-09  -0.153009E-08   0.356512E-08  -0.418541E-08
   0.291138E+02   0.324058E-09  -0.686835E-09  -0.347411E-09  -0.152909E-08   0.343355E-08  -0.431858E-08
   0.291443E+02   0.310330E-09  -0.696843E-09  -0.378641E-09  -0.152749E-08   0.329640E-08  -0.444736E-08
   0.291748E+02   0.296269E-09  -0.706585E-09  -0.410060E-09  -0.152523E-08   0.315397E-08  -0.457136E-08
   0.292053E+02   0.281862E-09  -0.716017E-09  -0.441602E-09  -0.152227E-08   0.300666E-08  -0.469035E-08
   0.292358E+02   0.267132E-09  -0.725124E-09  -0.473208E-09  -0.151863E-08   0.285478E-08  -0.480422E-08
   0.292664E+02   0.252067E-09  -0.733908E-09  -0.504853E-09  -0.151436E-08   0.269852E-08  -0.491291E-08
   0.292969E+02   0.236642E-09  -0.742318E-09  -0.536559E-09  -0.150949E-08   0.253802E-08  -0.501622E-08
   0.293274E+02   0.220903E-09  -0.750278E-09  -0.568375E-09  -0.150401E-08   0.237353E-08  -0.511393E-08
   0.293579E+02   0.204952E-09  -0.757786E-09  -0.600336E-09  -0.149785E-08   0.220536E-08  -0.520590E-08
   0.293884E+02   0.188833E-09  -0.764928E-09  -0.632393E-09  -0.149093E-08   0.203378E-08  -0.529205E-08
   0.294189E+02   0.172481E-09  -0.771765E-09  -0.664414E-09  -0.148322E-08   0.185904E-08  -0.537234E-08
   0.294495E+02   0.155825E-09  -0.778245E-09  -0.696327E-09  -0.147482E-08   0.168131E-08  -0.544676E-08
   0.294800E+02   0.138890E-09  -0.784290E-09  -0.728203E-09  -0.146584E-08   0.150067E-08  -0.551518E-08
   0.295105E+02   0.121737E-09  -0.789903E-09  -0.760144E-09  -0.145620E-08   0.131735E-08  -0.557737E-08
   0.295410E+02   0.104345E-09  -0.795117E-09  -0.792097E-09  -0.144578E-08   0.113169E-08  -0.563320E-08
   0.295715E+02   0.866664E-10  -0.799873E-09  -0.823926E-09  -0.143460E-08   0.944021E-09  -0.568271E-08
   0.296021E+02   0.687616E-10  -0.804062E-09  -0.855627E-09  -0.142279E-08   0.754506E-09  -0.572595E-08
   0.296326E+02   0.507766E-10  -0.807695E-09  -0.887340E-09  -0.141035E-08   0.563249E-09  -0.576284E-08
   0.296631E+02   0.327557E-10  -0.810905E-09  -0.919074E-09  -0.139708E-08   0.370432E-09  -0.579323E-08
   0.296936E+02   0.145931E-10  -0.813761E-09  -0.950620E-09  -0.138292E-08   0.176370E-09  -0.581698E-08
   0.297241E+02  -0.380089E-11  -0.816178E-09  -0.981832E-09  -0.136804E-08  -0.185568E-10  -0.583404E-08
   0.297546E+02  -0.223774E-10  -0.818042E-09  -0.101284E-08  -0.135262E-08  -0.214032E-09  -0.584454E-08
   0.297852E+02  -0.410304E-10  -0.819343E-09  -0.104383E-08  -0.133655E-08  -0.409871E-09  -0.584859E-08
   0.298157E+02  -0.597153E-10  -0.820138E-09  -0.107473E-08  -0.131964E-08  -0.605930E-09  -0.584617E-08
   0.298462E+02  -0.784440E-10  -0.820460E-09  -0.110533E-08  -0.130189E-08  -0.801939E-09  -0.583723E-08
   0.298767E+02  -0.972271E-10  -0.820312E-09  -0.113559E-08  -0.128347E-08  -0.997513E-09  -0.582184E-08
   0.299072E+02  -0.116075E-09  -0.819689E-09  -0.116565E-08  -0.126443E-08  -0.119232E-08  -0.580026E-08
   0.299377E+02  -0.135008E-09  -0.818565E-09  -0.119552E-08  -0.124464E-08  -0.138623E-08  -0.577286E-08
   0.299683E+02  -0.154009E-09  -0.816875E-09  -0.122508E-08  -0.122408E-08  -0.157933E-08  -0.573993E-08
   0.299988E+02  -0.172999E-09  -0.814578E-09  -0.125428E-08  -0.120284E-08  -0.177179E-08  -0.570160E-08
   0.300293E+02  -0.191885E-09  -0.811711E-09  -0.128321E-08  -0.118096E-08  -0.196374E-08  -0.565784E-08
   0.300598E+02  -0.210650E-09  -0.808360E-09  -0.131190E-08  -0.115836E-08  -0.215531E-08  -0.560859E-08
   0.300903E+02  -0.229346E-09  -0.804562E-09  -0.134023E-08  -0.113500E-08  -0.234664E-08  -0.555371E-08
   0.301208E+02  -0.248011E-09  -0.800278E-09  -0.136817E-08  -0.111098E-08  -0.253784E-08  -0.549291E-08
   0.301514E+02  -0.266608E-09  -0.795461E-09  -0.139582E-08  -0.108633E-08  -0.272889E-08  -0.542573E-08
   0.301819E+02  -0.285082E-09  -0.790129E-09  -0.142322E-08  -0.106090E-08  -0.291952E-08  -0.535168E-08
   0.302124E+02  -0.303447E-09  -0.784323E-09  -0.145019E-08  -0.103463E-08  -0.310924E-08  -0.527040E-08
   0.302429E+02  -0.321740E-09  -0.778005E-09  -0.147662E-08  -0.100765E-08  -0.329746E-08  -0.518176E-08
   0.302734E+02  -0.339907E-09  -0.771102E-09  -0.150262E-08  -0.980082E-09  -0.348375E-08  -0.508580E-08
   0.303040E+02  -0.357834E-09  -0.763633E-09  -0.152834E-08  -0.951803E-09  -0.366773E-08  -0.498251E-08
   0.303345E+02  -0.375489E-09  -0.755700E-09  -0.155361E-08  -0.922619E-09  -0.384895E-08  -0.487189E-08
   0.303650E+02  -0.392935E-09  -0.747352E-09  -0.157820E-08  -0.892630E-09  -0.402699E-08  -0.475405E-08
   0.303955E+02  -0.410203E-09  -0.738550E-09  -0.160212E-08  -0.862105E-09  -0.420144E-08  -0.462912E-08
   0.304260E+02  -0.427257E-09  -0.729268E-09  -0.162564E-08  -0.831048E-09  -0.437195E-08  -0.449730E-08
   0.304565E+02  -0.444088E-09  -0.719535E-09  -0.164879E-08  -0.799173E-09  -0.453822E-08  -0.435877E-08
   0.304871E+02  -0.460717E-09  -0.709326E-09  -0.167126E-08  -0.766373E-09  -0.469998E-08  -0.421370E-08
   0.305176E+02  -0.477097E-09  -0.698580E-09  -0.169284E-08  -0.732912E-09  -0.485692E-08  -0.406222E-08
   0.305481E+02  -0.493119E-09  -0.687319E-09  -0.171372E-08  -0.699027E-09  -0.500869E-08  -0.390456E-08
   0.305786E+02  -0.508752E-09  -0.675647E-09  -0.173412E-08  -0.664599E-09  -0.515504E-08  -0.374099E-08
   0.306091E+02  -0.524063E-09  -0.663615E-09  -0.175393E-08  -0.629409E-09  -0.529574E-08  -0.357174E-08
   0.306396E+02  -0.539084E-09  -0.651184E-09  -0.177293E-08  -0.593520E-09  -0.543058E-08  -0.339705E-08
   0.306702E+02  -0.553783E-09  -0.638323E-09  -0.179115E-08  -0.557117E-09  -0.555938E-08  -0.321713E-08
   0.307007E+02  -0.568123E-09  -0.625042E-09  -0.180873E-08  -0.520163E-09  -0.568190E-08  -0.303215E-08
   0.307312E+02  -0.582074E-09  -0.611357E-09  -0.182557E-08  -0.482508E-09  -0.579786E-08  -0.284237E-08
   0.307617E+02  -0.595613E-09  -0.597306E-09  -0.184146E-08  -0.444239E-09  -0.590702E-08  -0.264804E-08
   0.307922E+02  -0.608758E-09  -0.582936E-09  -0.185644E-08  -0.405605E-09  -0.600910E-08  -0.244946E-08
   0.308228E+02  -0.621555E-09  -0.568229E-09  -0.187075E-08  -0.366601E-09  -0.610384E-08  -0.224706E-08
   0.308533E+02  -0.633983E-09  -0.553121E-09  -0.188440E-08  -0.326975E-09  -0.619115E-08  -0.204126E-08
   0.308838E+02  -0.645942E-09  -0.537612E-09  -0.189709E-08  -0.286672E-09  -0.627093E-08  -0.183240E-08
   0.309143E+02  -0.657391E-09  -0.521792E-09  -0.190870E-08  -0.245967E-09  -0.634302E-08  -0.162087E-08
   0.309448E+02  -0.668373E-09  -0.505716E-09  -0.191941E-08  -0.205052E-09  -0.640731E-08  -0.140718E-08
   0.309753E+02  -0.678910E-09  -0.489362E-09  -0.192942E-08  -0.163775E-09  -0.646382E-08  -0.119191E-08
   0.310059E+02  -0.688965E-09  -0.472731E-09  -0.193859E-08  -0.121968E-09  -0.651278E-08  -0.975642E-09
   0.310364E+02  -0.698533E-09  -0.455871E-09  -0.194673E-08  -0.797513E-10  -0.655468E-08  -0.758848E-09
   0.310669E+02  -0.707647E-09  -0.438782E-09  -0.195393E-08  -0.373063E-10  -0.659010E-08  -0.541611E-09
   0.310974E+02  -0.716290E-09  -0.421430E-09  -0.196034E-08   0.545169E-11  -0.661940E-08  -0.323758E-09
   0.311279E+02  -0.724390E-09  -0.403832E-09  -0.196586E-08   0.486825E-10  -0.664276E-08  -0.105053E-09
   0.311584E+02  -0.731930E-09  -0.386072E-09  -0.197029E-08   0.922836E-10  -0.666017E-08   0.114735E-09
   0.311890E+02  -0.738967E-09  -0.368185E-09  -0.197369E-08   0.136032E-09  -0.667148E-08   0.335751E-09
   0.312195E+02  -0.745518E-09  -0.350140E-09  -0.197627E-08   0.179967E-09  -0.667655E-08   0.558073E-09
   0.312500E+02  -0.751548E-09  -0.331927E-09  -0.197799E-08   0.224322E-09  -0.667519E-08   0.781848E-09
   0.312805E+02  -0.757022E-09  -0.313591E-09  -0.197858E-08   0.269094E-09  -0.666695E-08   0.100715E-08
   0.313110E+02  -0.761965E-09  -0.295174E-09  -0.197796E-08   0.314016E-09  -0.665133E-08   0.123373E-08
   0.313416E+02  -0.766398E-09  -0.276662E-09  -0.197636E-08   0.358986E-09  -0.662799E-08   0.146119E-08
   0.313721E+02  -0.770280E-09  -0.258038E-09  -0.197385E-08   0.404206E-09  -0.659681E-08   0.168906E-08
   0.314026E+02  -0.773557E-09  -0.239352E-09  -0.197018E-08   0.449758E-09  -0.655778E-08   0.191703E-08
   0.314331E+02  -0.776236E-09  -0.220704E-09  -0.196519E-08   0.495389E-09  -0.651083E-08   0.214489E-08
   0.314636E+02  -0.778406E-09  -0.202137E-09  -0.195909E-08   0.540884E-09  -0.645575E-08   0.237242E-08
   0.314941E+02  -0.780127E-09  -0.183597E-09  -0.195209E-08   0.586395E-09  -0.639231E-08   0.259914E-08
   0.315247E+02  -0.781357E-09  -0.165030E-09  -0.194401E-08   0.632136E-09  -0.632055E-08   0.282456E-08
   0.315552E+02  -0.782036E-09  -0.146465E-09  -0.193460E-08   0.677956E-09  -0.624060E-08   0.304832E-08
   0.315857E+02  -0.782168E-09  -0.127965E-09  -0.192393E-08   0.723547E-09  -0.615251E-08   0.327018E-08
   0.316162E+02  -0.781783E-09  -0.109542E-09  -0.191228E-08   0.768916E-09  -0.605628E-08   0.348988E-08
   0.316467E+02  -0.780861E-09  -0.911919E-10  -0.189967E-08   0.814341E-09  -0.595181E-08   0.370709E-08
   0.316772E+02  -0.779383E-09  -0.729732E-10  -0.188578E-08   0.859863E-09  -0.583914E-08   0.392135E-08
   0.317078E+02  -0.777404E-09  -0.549377E-10  -0.187044E-08   0.905147E-09  -0.571844E-08   0.413226E-08
   0.317383E+02  -0.774978E-09  -0.370506E-10  -0.185393E-08   0.949936E-09  -0.558989E-08   0.433960E-08
   0.317688E+02  -0.772058E-09  -0.192701E-10  -0.183651E-08   0.994370E-09  -0.545353E-08   0.454311E-08
   0.317993E+02  -0.768583E-09  -0.166547E-11  -0.181812E-08   0.103871E-08  -0.530941E-08   0.474247E-08
   0.318298E+02  -0.764613E-09   0.156608E-10  -0.179848E-08   0.108296E-08  -0.515761E-08   0.493736E-08
   0.318604E+02  -0.760264E-09   0.327371E-10  -0.177751E-08   0.112684E-08  -0.499822E-08   0.512744E-08
   0.318909E+02  -0.755520E-09   0.496778E-10  -0.175537E-08   0.117021E-08  -0.483135E-08   0.531233E-08
   0.319214E+02  -0.750250E-09   0.664768E-10  -0.173220E-08   0.121312E-08  -0.465714E-08   0.549170E-08
   0.319519E+02  -0.744412E-09   0.829809E-10  -0.170796E-08   0.125568E-08  -0.447571E-08   0.566512E-08
   0.319824E+02  -0.738129E-09   0.990866E-10  -0.168256E-08   0.129784E-08  -0.428728E-08   0.583217E-08
   0.320129E+02  -0.731521E-09   0.114845E-09  -0.165595E-08   0.133950E-08  -0.409209E-08   0.599243E-08
   0.320435E+02  -0.724587E-09   0.130344E-09  -0.162818E-08   0.138056E-08  -0.389042E-08   0.614538E-08
   0.320740E+02  -0.717274E-09   0.145592E-09  -0.159933E-08   0.142093E-08  -0.368277E-08   0.629051E-08
   0.321045E+02  -0.709567E-09   0.160562E-09  -0.156951E-08   0.146060E-08  -0.346984E-08   0.642745E-08
   0.321350E+02  -0.701452E-09   0.175241E-09  -0.153882E-08   0.149965E-08  -0.325234E-08   0.655608E-08
   0.321655E+02  -0.692897E-09   0.189571E-09  -0.150720E-08   0.153823E-08  -0.303095E-08   0.667648E-08
   0.321960E+02  -0.683949E-09   0.203443E-09  -0.147447E-08   0.157629E-08  -0.280620E-08   0.678888E-08
   0.322266E+02  -0.674758E-09   0.216839E-09  -0.144058E-08   0.161363E-08  -0.257841E-08   0.689358E-08
   0.322571E+02  -0.665407E-09   0.229896E-09  -0.140569E-08   0.165012E-08  -0.234778E-08   0.699080E-08
   0.322876E+02  -0.655783E-09   0.242729E-09  -0.136996E-08   0.168584E-08  -0.211442E-08   0.708076E-08
   0.323181E+02  -0.645745E-09   0.255255E-09  -0.133335E-08   0.172091E-08  -0.187834E-08   0.716356E-08
   0.323486E+02  -0.635315E-09   0.267307E-09  -0.129571E-08   0.175531E-08  -0.163951E-08   0.723924E-08
   0.323792E+02  -0.624628E-09   0.278828E-09  -0.125704E-08   0.178888E-08  -0.139791E-08   0.730771E-08
   0.324097E+02  -0.613778E-09   0.289865E-09  -0.121744E-08   0.182157E-08  -0.115356E-08   0.736879E-08
   0.324402E+02  -0.602791E-09   0.300473E-09  -0.117694E-08   0.185341E-08  -0.906601E-09   0.742226E-08
   0.324707E+02  -0.591670E-09   0.310696E-09  -0.113552E-08   0.188436E-08  -0.657267E-09   0.746796E-08
   0.325012E+02  -0.580378E-09   0.320566E-09  -0.109323E-08   0.191438E-08  -0.405755E-09   0.750583E-08
   0.325317E+02  -0.568860E-09   0.330050E-09  -0.105011E-08   0.194350E-08  -0.152174E-09   0.753580E-08
   0.325623E+02  -0.557137E-09   0.339059E-09  -0.100610E-08   0.197175E-08   0.103382E-09   0.755769E-08
   0.325928E+02  -0.545302E-09   0.347577E-09  -0.961084E-09   0.199902E-08   0.360733E-09   0.757121E-08
   0.326233E+02  -0.533392E-09   0.355671E-09  -0.915143E-09   0.202509E-08   0.619543E-09   0.757612E-08
   0.326538E+02  -0.521359E-09   0.363358E-09  -0.868525E-09   0.204991E-08   0.879392E-09   0.757231E-08
   0.326843E+02  -0.509196E-09   0.370575E-09  -0.821337E-09   0.207369E-08   0.113996E-08   0.755984E-08
   0.327148E+02  -0.496964E-09   0.377294E-09  -0.773408E-09   0.209654E-08   0.140109E-08   0.753869E-08
   0.327454E+02  -0.484699E-09   0.383518E-09  -0.724587E-09   0.211827E-08   0.166263E-08   0.750870E-08
   0.327759E+02  -0.472450E-09   0.389227E-09  -0.675004E-09   0.213867E-08   0.192425E-08   0.746966E-08
   0.328064E+02  -0.460328E-09   0.394455E-09  -0.624899E-09   0.215776E-08   0.218552E-08   0.742150E-08
   0.328369E+02  -0.448365E-09   0.399365E-09  -0.574298E-09   0.217571E-08   0.244608E-08   0.736426E-08
   0.328674E+02  -0.436393E-09   0.404058E-09  -0.523051E-09   0.219254E-08   0.270571E-08   0.729803E-08
   0.328979E+02  -0.424253E-09   0.408385E-09  -0.471133E-09   0.220806E-08   0.296424E-08   0.722274E-08
   0.329285E+02  -0.412040E-09   0.412132E-09  -0.418703E-09   0.222219E-08   0.322142E-08   0.713827E-08
   0.329590E+02  -0.399980E-09   0.415310E-09  -0.365882E-09   0.223501E-08   0.347689E-08   0.704449E-08
   0.329895E+02  -0.388130E-09   0.418086E-09  -0.312615E-09   0.224659E-08   0.373029E-08   0.694141E-08
   0.330200E+02  -0.376391E-09   0.420508E-09  -0.258829E-09   0.225684E-08   0.398135E-08   0.682906E-08
   0.330505E+02  -0.364764E-09   0.422494E-09  -0.204597E-09   0.226563E-08   0.422985E-08   0.670736E-08
   0.330811E+02  -0.353356E-09   0.424054E-09  -0.150090E-09   0.227292E-08   0.447554E-08   0.657615E-08
   0.331116E+02  -0.342186E-09   0.425300E-09  -0.954011E-10   0.227881E-08   0.471804E-08   0.643517E-08
   0.331421E+02  -0.331169E-09   0.426263E-09  -0.404978E-10   0.228338E-08   0.495678E-08   0.628418E-08
   0.331726E+02  -0.320294E-09   0.426874E-09   0.146820E-10   0.228657E-08   0.519109E-08   0.612302E-08
   0.332031E+02  -0.309628E-09   0.427137E-09   0.700959E-10   0.228826E-08   0.542012E-08   0.595167E-08
   0.332336E+02  -0.299158E-09   0.427120E-09   0.125586E-09   0.228841E-08   0.564294E-08   0.577036E-08
   0.332642E+02  -0.288803E-09   0.426781E-09   0.181021E-09   0.228709E-08   0.585874E-08   0.557963E-08
   0.332947E+02  -0.278618E-09   0.425983E-09   0.236416E-09   0.228444E-08   0.606693E-08   0.538009E-08
   0.333252E+02  -0.268808E-09   0.424721E-09   0.291845E-09   0.228042E-08   0.626704E-08   0.517241E-08
   0.333557E+02  -0.259484E-09   0.423201E-09   0.347262E-09   0.227492E-08   0.645873E-08   0.495734E-08
   0.333862E+02  -0.250515E-09   0.421596E-09   0.402514E-09   0.226795E-08   0.664193E-08   0.473560E-08
   0.334167E+02  -0.241738E-09   0.419848E-09   0.457539E-09   0.225963E-08   0.681668E-08   0.450773E-08
   0.334473E+02  -0.233194E-09   0.417829E-09   0.512411E-09   0.225002E-08   0.698305E-08   0.427415E-08
   0.334778E+02  -0.224998E-09   0.415583E-09   0.567178E-09   0.223906E-08   0.714110E-08   0.403519E-08
   0.335083E+02  -0.217107E-09   0.413227E-09   0.621770E-09   0.222667E-08   0.729083E-08   0.379109E-08
   0.335388E+02  -0.209395E-09   0.410716E-09   0.676096E-09   0.221286E-08   0.743222E-08   0.354213E-08
   0.335693E+02  -0.201896E-09   0.407886E-09   0.730128E-09   0.219769E-08   0.756529E-08   0.328853E-08
   0.335999E+02  -0.194814E-09   0.404706E-09   0.783852E-09   0.218113E-08   0.768998E-08   0.303042E-08
   0.336304E+02  -0.188313E-09   0.401335E-09   0.837231E-09   0.216317E-08   0.780615E-08   0.276799E-08
   0.336609E+02  -0.182283E-09   0.397980E-09   0.890231E-09   0.214389E-08   0.791369E-08   0.250146E-08
   0.336914E+02  -0.176624E-09   0.394695E-09   0.942881E-09   0.212324E-08   0.801245E-08   0.223109E-08
   0.337219E+02  -0.171240E-09   0.391453E-09   0.995125E-09   0.210113E-08   0.810238E-08   0.195716E-08
   0.337524E+02  -0.166077E-09   0.388193E-09   0.104681E-08   0.207754E-08   0.818345E-08   0.167985E-08
   0.337830E+02  -0.161141E-09   0.384817E-09   0.109782E-08   0.205261E-08   0.825550E-08   0.139927E-08
   0.338135E+02  -0.156546E-09   0.381253E-09   0.114823E-08   0.202643E-08   0.831829E-08   0.111571E-08
   0.338440E+02  -0.152455E-09   0.377574E-09   0.119810E-08   0.199898E-08   0.837171E-08   0.829550E-09
   0.338745E+02  -0.148906E-09   0.373984E-09   0.124739E-08   0.197014E-08   0.841575E-08   0.541098E-09
   0.339050E+02  -0.145744E-09   0.370635E-09   0.129595E-08   0.193989E-08   0.845042E-08   0.250596E-09
   0.339355E+02  -0.142771E-09   0.367467E-09   0.134369E-08   0.190835E-08   0.847567E-08  -0.417930E-10
   0.339661E+02  -0.139968E-09   0.364283E-09   0.139063E-08   0.187558E-08   0.849136E-08  -0.335889E-09
   0.339966E+02  -0.137521E-09   0.361004E-09   0.143681E-08   0.184158E-08   0.849734E-08  -0.631353E-09
   0.340271E+02  -0.135581E-09   0.357779E-09   0.148218E-08   0.180629E-08   0.849363E-08  -0.927824E-09
   0.340576E+02  -0.134086E-09   0.354803E-09   0.152663E-08   0.176969E-08   0.848035E-08  -0.122511E-08
   0.340881E+02  -0.132871E-09   0.352106E-09   0.157006E-08   0.173186E-08   0.845752E-08  -0.152317E-08
   0.341187E+02  -0.131873E-09   0.349597E-09   0.161247E-08   0.169289E-08   0.842504E-08  -0.182198E-08
   0.341492E+02  -0.131142E-09   0.347226E-09   0.165387E-08   0.165279E-08   0.838268E-08  -0.212149E-08
   0.341797E+02  -0.130705E-09   0.345020E-09   0.169419E-08   0.161156E-08   0.833019E-08  -0.242162E-08
   0.342102E+02  -0.130582E-09   0.343008E-09   0.173337E-08   0.156926E-08   0.826721E-08  -0.272234E-08
   0.342407E+02  -0.130793E-09   0.341241E-09   0.177145E-08   0.152596E-08   0.819307E-08  -0.302354E-08
   0.342712E+02  -0.131284E-09   0.339800E-09   0.180843E-08   0.148160E-08   0.810696E-08  -0.332464E-08
   0.343018E+02  -0.131972E-09   0.338700E-09   0.184420E-08   0.143614E-08   0.800833E-08  -0.362471E-08
   0.343323E+02  -0.132776E-09   0.337866E-09   0.187856E-08   0.138969E-08   0.789694E-08  -0.392272E-08
   0.343628E+02  -0.133780E-09   0.337220E-09   0.191155E-08   0.134245E-08   0.777279E-08  -0.421766E-08
   0.343933E+02  -0.135054E-09   0.336819E-09   0.194328E-08   0.129450E-08   0.763605E-08  -0.450858E-08
   0.344238E+02  -0.136600E-09   0.336776E-09   0.197376E-08   0.124571E-08   0.748702E-08  -0.479457E-08
   0.344543E+02  -0.138334E-09   0.337143E-09   0.200283E-08   0.119612E-08   0.732618E-08  -0.507479E-08
   0.344849E+02  -0.140159E-09   0.337879E-09   0.203047E-08   0.114596E-08   0.715419E-08  -0.534862E-08
   0.345154E+02  -0.142106E-09   0.338934E-09   0.205686E-08   0.109530E-08   0.697165E-08  -0.561572E-08
   0.345459E+02  -0.144222E-09   0.340344E-09   0.208207E-08   0.104398E-08   0.677898E-08  -0.587581E-08
   0.345764E+02  -0.146479E-09   0.342199E-09   0.210592E-08   0.991918E-09   0.657655E-08  -0.612857E-08
   0.346069E+02  -0.148760E-09   0.344522E-09   0.212831E-08   0.939305E-09   0.636475E-08  -0.637367E-08
   0.346375E+02  -0.150990E-09   0.347214E-09   0.214934E-08   0.886257E-09   0.614400E-08  -0.661080E-08
   0.346680E+02  -0.153245E-09   0.350185E-09   0.216911E-08   0.832661E-09   0.591478E-08  -0.683975E-08
   0.346985E+02  -0.155642E-09   0.353500E-09   0.218744E-08   0.778430E-09   0.567744E-08  -0.706041E-08
   0.347290E+02  -0.158153E-09   0.357315E-09   0.220416E-08   0.723746E-09   0.543223E-08  -0.727263E-08
   0.347595E+02  -0.160645E-09   0.361693E-09   0.221934E-08   0.668829E-09   0.517939E-08  -0.747618E-08
   0.347900E+02  -0.162989E-09   0.366532E-09   0.223321E-08   0.613701E-09   0.491919E-08  -0.767077E-08
   0.348206E+02  -0.165205E-09   0.371780E-09   0.224576E-08   0.558192E-09   0.465202E-08  -0.785611E-08
   0.348511E+02  -0.167301E-09   0.377423E-09   0.225683E-08   0.502290E-09   0.437829E-08  -0.803204E-08
   0.348816E+02  -0.169289E-09   0.383441E-09   0.226634E-08   0.446148E-09   0.409832E-08  -0.819844E-08
   0.349121E+02  -0.171215E-09   0.389853E-09   0.227438E-08   0.389847E-09   0.381236E-08  -0.835513E-08
   0.349426E+02  -0.173079E-09   0.396758E-09   0.228098E-08   0.333330E-09   0.352074E-08  -0.850187E-08
   0.349731E+02  -0.174761E-09   0.404225E-09   0.228602E-08   0.276597E-09   0.322386E-08  -0.863846E-08
   0.350037E+02  -0.176133E-09   0.412188E-09   0.228941E-08   0.219802E-09   0.292212E-08  -0.876473E-08
   0.350342E+02  -0.177193E-09   0.420534E-09   0.229125E-08   0.163102E-09   0.261595E-08  -0.888062E-08
   0.350647E+02  -0.178005E-09   0.429251E-09   0.229166E-08   0.106467E-09   0.230569E-08  -0.898606E-08
   0.350952E+02  -0.178561E-09   0.438386E-09   0.229060E-08   0.498012E-10   0.199168E-08  -0.908094E-08
   0.351257E+02  -0.178816E-09   0.447936E-09   0.228791E-08  -0.682825E-11   0.167436E-08  -0.916517E-08
   0.351562E+02  -0.178764E-09   0.457884E-09   0.228361E-08  -0.632169E-10   0.135424E-08  -0.923882E-08
   0.351868E+02  -0.178398E-09   0.468263E-09   0.227786E-08  -0.119298E-09   0.103166E-08  -0.930214E-08
   0.352173E+02  -0.177657E-09   0.479098E-09   0.227071E-08  -0.175191E-09   0.706718E-09  -0.935539E-08
   0.352478E+02  -0.176472E-09   0.490366E-09   0.226202E-08  -0.230943E-09   0.379386E-09  -0.939867E-08
   0.352783E+02  -0.174791E-09   0.502029E-09   0.225166E-08  -0.286391E-09   0.495957E-10  -0.943196E-08
   0.353088E+02  -0.172571E-09   0.514024E-09   0.223972E-08  -0.341363E-09  -0.282806E-09  -0.945519E-08
   0.353394E+02  -0.169833E-09   0.526259E-09   0.222629E-08  -0.395846E-09  -0.618051E-09  -0.946799E-08
   0.353699E+02  -0.166671E-09   0.538726E-09   0.221131E-08  -0.449827E-09  -0.956218E-09  -0.946972E-08
   0.354004E+02  -0.163107E-09   0.551535E-09   0.219477E-08  -0.503141E-09  -0.129702E-08  -0.945958E-08
   0.354309E+02  -0.159018E-09   0.564755E-09   0.217686E-08  -0.555649E-09  -0.163986E-08  -0.943695E-08
   0.354614E+02  -0.154278E-09   0.578312E-09   0.215774E-08  -0.607458E-09  -0.198410E-08  -0.940140E-08
   0.354919E+02  -0.148877E-09   0.592104E-09   0.213733E-08  -0.658723E-09  -0.232908E-08  -0.935256E-08
   0.355225E+02  -0.142832E-09   0.606103E-09   0.211543E-08  -0.709324E-09  -0.267404E-08  -0.929007E-08
   0.355530E+02  -0.136111E-09   0.620279E-09   0.209211E-08  -0.758976E-09  -0.301807E-08  -0.921373E-08
   0.355835E+02  -0.128716E-09   0.634555E-09   0.206766E-08  -0.807624E-09  -0.336022E-08  -0.912358E-08
   0.356140E+02  -0.120719E-09   0.648914E-09   0.204218E-08  -0.855470E-09  -0.369973E-08  -0.901994E-08
   0.356445E+02  -0.112121E-09   0.663429E-09   0.201550E-08  -0.902589E-09  -0.403611E-08  -0.890307E-08
   0.356750E+02  -0.102822E-09   0.678101E-09   0.198755E-08  -0.948791E-09  -0.436890E-08  -0.877297E-08
   0.357056E+02  -0.927872E-10   0.692839E-09   0.195850E-08  -0.993929E-09  -0.469739E-08  -0.862967E-08
   0.357361E+02  -0.820616E-10   0.707614E-09   0.192850E-08  -0.103809E-08  -0.502081E-08  -0.847347E-08
   0.357666E+02  -0.706189E-10   0.722466E-09   0.189749E-08  -0.108139E-08  -0.533861E-08  -0.830483E-08
   0.357971E+02  -0.583589E-10   0.737351E-09   0.186540E-08  -0.112370E-08  -0.565051E-08  -0.812408E-08
   0.358276E+02  -0.452679E-10   0.752140E-09   0.183234E-08  -0.116493E-08  -0.595615E-08  -0.793134E-08
   0.358582E+02  -0.314362E-10   0.766766E-09   0.179844E-08  -0.120515E-08  -0.625498E-08  -0.772669E-08
   0.358887E+02  -0.169184E-10   0.781282E-09   0.176360E-08  -0.124447E-08  -0.654633E-08  -0.751044E-08
   0.359192E+02  -0.165657E-11   0.795736E-09   0.172769E-08  -0.128273E-08  -0.682972E-08  -0.728307E-08
   0.359497E+02   0.144413E-10   0.810076E-09   0.169085E-08  -0.131972E-08  -0.710480E-08  -0.704500E-08
   0.359802E+02   0.313856E-10   0.824189E-09   0.165333E-08  -0.135547E-08  -0.737130E-08  -0.679653E-08
   0.360107E+02   0.491061E-10   0.838015E-09   0.161518E-08  -0.139020E-08  -0.762887E-08  -0.653788E-08
   0.360413E+02   0.675565E-10   0.851586E-09   0.157618E-08  -0.142394E-08  -0.787699E-08  -0.626929E-08
   0.360718E+02   0.867866E-10   0.864944E-09   0.153631E-08  -0.145644E-08  -0.811516E-08  -0.599118E-08
   0.361023E+02   0.106892E-09   0.878039E-09   0.149580E-08  -0.148762E-08  -0.834296E-08  -0.570402E-08
   0.361328E+02   0.127903E-09   0.890740E-09   0.145479E-08  -0.151765E-08  -0.856003E-08  -0.540827E-08
   0.361633E+02   0.149752E-09   0.902944E-09   0.141311E-08  -0.154664E-08  -0.876601E-08  -0.510441E-08
   0.361938E+02   0.172360E-09   0.914628E-09   0.137064E-08  -0.157442E-08  -0.896052E-08  -0.479294E-08
   0.362244E+02   0.195687E-09   0.925789E-09   0.132754E-08  -0.160075E-08  -0.914324E-08  -0.447445E-08
   0.362549E+02   0.219688E-09   0.936438E-09   0.128408E-08  -0.162573E-08  -0.931386E-08  -0.414960E-08
   0.362854E+02   0.244356E-09   0.946643E-09   0.124024E-08  -0.164952E-08  -0.947219E-08  -0.381914E-08
   0.363159E+02   0.269810E-09   0.956446E-09   0.119591E-08  -0.167215E-08  -0.961822E-08  -0.348387E-08
   0.363464E+02   0.296184E-09   0.965720E-09   0.115109E-08  -0.169349E-08  -0.975217E-08  -0.314459E-08
   0.363770E+02   0.323446E-09   0.974256E-09   0.110587E-08  -0.171354E-08  -0.987452E-08  -0.280187E-08
   0.364075E+02   0.351431E-09   0.981979E-09   0.106019E-08  -0.173232E-08  -0.998577E-08  -0.245594E-08
   0.364380E+02   0.380056E-09   0.988967E-09   0.101401E-08  -0.174968E-08  -0.100863E-07  -0.210679E-08
   0.364685E+02   0.409394E-09   0.995255E-09   0.967509E-09  -0.176543E-08  -0.101763E-07  -0.175426E-08
   0.364990E+02   0.439504E-09   0.100072E-08   0.920957E-09  -0.177963E-08  -0.102558E-07  -0.139805E-08
   0.365295E+02   0.470285E-09   0.100523E-08   0.874378E-09  -0.179250E-08  -0.103245E-07  -0.103801E-08
   0.365601E+02   0.501589E-09   0.100881E-08   0.827647E-09  -0.180400E-08  -0.103819E-07  -0.674057E-09
   0.365906E+02   0.533396E-09   0.101154E-08   0.780841E-09  -0.181398E-08  -0.104276E-07  -0.306187E-09
   0.366211E+02   0.565777E-09   0.101345E-08   0.734201E-09  -0.182247E-08  -0.104609E-07   0.653560E-10
   0.366516E+02   0.598756E-09   0.101446E-08   0.687773E-09  -0.182966E-08  -0.104811E-07   0.440106E-09
   0.366821E+02   0.632328E-09   0.101454E-08   0.641398E-09  -0.183560E-08  -0.104879E-07   0.817425E-09
   0.367126E+02   0.666539E-09   0.101364E-08   0.595095E-09  -0.184006E-08  -0.104811E-07   0.119665E-08
   0.367432E+02   0.701390E-09   0.101159E-08   0.549144E-09  -0.184302E-08  -0.104604E-07   0.157729E-08
   0.367737E+02   0.736725E-09   0.100826E-08   0.503700E-09  -0.184471E-08  -0.104256E-07   0.195889E-08
   0.368042E+02   0.772350E-09   0.100368E-08   0.458629E-09  -0.184528E-08  -0.103763E-07   0.234082E-08
   0.368347E+02   0.808258E-09   0.998000E-09   0.413852E-09  -0.184463E-08  -0.103124E-07   0.272232E-08
   0.368652E+02   0.844541E-09   0.991162E-09   0.369532E-09  -0.184269E-08  -0.102339E-07   0.310259E-08
   0.368958E+02   0.881126E-09   0.983022E-09   0.325774E-09  -0.183964E-08  -0.101408E-07   0.348094E-08
   0.369263E+02   0.917816E-09   0.973603E-09   0.282444E-09  -0.183559E-08  -0.100333E-07   0.385693E-08
   0.369568E+02   0.954589E-09   0.963087E-09   0.239490E-09  -0.183037E-08  -0.991138E-08   0.423008E-08
   0.369873E+02   0.991626E-09   0.951504E-09   0.197132E-09  -0.182391E-08  -0.977483E-08   0.459972E-08
   0.370178E+02   0.102901E-08   0.938656E-09   0.155528E-09  -0.181646E-08  -0.962374E-08   0.496502E-08
   0.370483E+02   0.106660E-08   0.924369E-09   0.114514E-09  -0.180820E-08  -0.945844E-08   0.532528E-08
   0.370789E+02   0.110424E-08   0.908644E-09   0.738846E-10  -0.179903E-08  -0.927927E-08   0.568005E-08
   0.371094E+02   0.114186E-08   0.891511E-09   0.337553E-10  -0.178871E-08  -0.908626E-08   0.602902E-08
   0.371399E+02   0.117940E-08   0.872949E-09  -0.559265E-11  -0.177730E-08  -0.887928E-08   0.637159E-08
   0.371704E+02   0.121677E-08   0.852979E-09  -0.441162E-10  -0.176506E-08  -0.865837E-08   0.670687E-08
   0.372009E+02   0.125393E-08   0.831680E-09  -0.819837E-10  -0.175207E-08  -0.842391E-08   0.703399E-08
   0.372314E+02   0.129095E-08   0.809045E-09  -0.119220E-09  -0.173820E-08  -0.817638E-08   0.735231E-08
   0.372620E+02   0.132778E-08   0.784962E-09  -0.155661E-09  -0.172346E-08  -0.791613E-08   0.766135E-08
   0.372925E+02   0.136429E-08   0.759388E-09  -0.191257E-09  -0.170805E-08  -0.764332E-08   0.796049E-08
   0.373230E+02   0.140035E-08   0.732437E-09  -0.226189E-09  -0.169210E-08  -0.735821E-08   0.824873E-08
   0.373535E+02   0.143605E-08   0.704199E-09  -0.260608E-09  -0.167545E-08  -0.706158E-08   0.852496E-08
   0.373840E+02   0.147146E-08   0.674563E-09  -0.294415E-09  -0.165794E-08  -0.675467E-08   0.878840E-08
   0.374146E+02   0.150648E-08   0.643351E-09  -0.327414E-09  -0.163960E-08  -0.643881E-08   0.903881E-08
   0.374451E+02   0.154087E-08   0.610564E-09  -0.359568E-09  -0.162058E-08  -0.611511E-08   0.927639E-08
   0.374756E+02   0.157452E-08   0.576364E-09  -0.390944E-09  -0.160091E-08  -0.578430E-08   0.950144E-08
   0.375061E+02   0.160749E-08   0.540826E-09  -0.421519E-09  -0.158056E-08  -0.544695E-08   0.971417E-08
   0.375366E+02   0.164003E-08   0.505296E-09  -0.451519E-09  -0.155835E-08  -0.510366E-08   0.991484E-08
   0.375671E+02   0.167153E-08   0.466892E-09  -0.480365E-09  -0.153683E-08  -0.475478E-08   0.101040E-07
   0.375977E+02   0.170214E-08   0.427143E-09  -0.508447E-09  -0.151473E-08  -0.440029E-08   0.102820E-07
   0.376282E+02   0.173190E-08   0.386100E-09  -0.535699E-09  -0.149194E-08  -0.403993E-08   0.104489E-07
   0.376587E+02   0.176080E-08   0.343672E-09  -0.561927E-09  -0.146846E-08  -0.367354E-08   0.106045E-07
   0.376892E+02   0.178868E-08   0.299842E-09  -0.587013E-09  -0.144449E-08  -0.330126E-08   0.107482E-07
   0.377197E+02   0.181545E-08   0.254747E-09  -0.611009E-09  -0.142018E-08  -0.292343E-08   0.108798E-07
   0.377502E+02   0.184122E-08   0.208412E-09  -0.634014E-09  -0.139559E-08  -0.254021E-08   0.109992E-07
   0.377808E+02   0.186593E-08   0.160682E-09  -0.656041E-09  -0.137068E-08  -0.215172E-08   0.111060E-07
   0.378113E+02   0.188931E-08   0.111541E-09  -0.677042E-09  -0.134547E-08  -0.175817E-08   0.111997E-07
   0.378418E+02   0.191121E-08   0.612390E-10  -0.696974E-09  -0.132003E-08  -0.136000E-08   0.112798E-07
   0.378723E+02   0.193179E-08   0.995481E-11  -0.715828E-09  -0.129447E-08  -0.957770E-09   0.113461E-07
   0.379028E+02   0.195114E-08  -0.424294E-10  -0.733657E-09  -0.126886E-08  -0.552047E-09   0.113982E-07
   0.379333E+02   0.196912E-08  -0.960408E-10  -0.750533E-09  -0.124324E-08  -0.143290E-09   0.114360E-07
   0.379639E+02   0.198554E-08  -0.150757E-09  -0.766480E-09  -0.121759E-08   0.268094E-09   0.114594E-07
   0.379944E+02   0.200041E-08  -0.206427E-09  -0.781457E-09  -0.119192E-08   0.681639E-09   0.114680E-07
   0.380249E+02   0.201378E-08  -0.263085E-09  -0.795438E-09  -0.116631E-08   0.109676E-08   0.114616E-07
   0.380554E+02   0.202551E-08  -0.320733E-09  -0.808473E-09  -0.114087E-08   0.151278E-08   0.114399E-07
   0.380859E+02   0.203554E-08  -0.379218E-09  -0.820658E-09  -0.111561E-08   0.192908E-08   0.114031E-07
   0.381165E+02   0.204398E-08  -0.438493E-09  -0.832027E-09  -0.109050E-08   0.234514E-08   0.113510E-07
   0.381470E+02   0.205082E-08  -0.498708E-09  -0.842524E-09  -0.106551E-08   0.276055E-08   0.112837E-07
   0.381775E+02   0.205577E-08  -0.559900E-09  -0.852106E-09  -0.104077E-08   0.317483E-08   0.112010E-07
   0.382080E+02   0.205865E-08  -0.621822E-09  -0.860848E-09  -0.101638E-08   0.358736E-08   0.111026E-07
   0.382385E+02   0.205953E-08  -0.684217E-09  -0.868887E-09  -0.992365E-09   0.399744E-08   0.109886E-07
   0.382690E+02   0.205854E-08  -0.747046E-09  -0.876278E-09  -0.968632E-09   0.440442E-08   0.108591E-07
   0.382996E+02   0.205570E-08  -0.810362E-09  -0.882949E-09  -0.945146E-09   0.480787E-08   0.107140E-07
   0.383301E+02   0.205093E-08  -0.874121E-09  -0.888848E-09  -0.921995E-09   0.520739E-08   0.105533E-07
   0.383606E+02   0.204423E-08  -0.938269E-09  -0.894029E-09  -0.899292E-09   0.560228E-08   0.103766E-07
   0.383911E+02   0.203561E-08  -0.100284E-08  -0.898595E-09  -0.877068E-09   0.599154E-08   0.101836E-07
   0.384216E+02   0.202493E-08  -0.106783E-08  -0.902619E-09  -0.855317E-09   0.637398E-08   0.997451E-08
   0.384521E+02   0.201206E-08  -0.113312E-08  -0.906174E-09  -0.834025E-09   0.674851E-08   0.974966E-08
   0.384827E+02   0.199698E-08  -0.119856E-08  -0.909323E-09  -0.813109E-09   0.711424E-08   0.950960E-08
   0.385132E+02   0.197971E-08  -0.126404E-08  -0.911995E-09  -0.792465E-09   0.747031E-08   0.925483E-08
   0.385437E+02   0.196025E-08  -0.132952E-08  -0.914039E-09  -0.772153E-09   0.781580E-08   0.898604E-08
   0.385742E+02   0.193856E-08  -0.139491E-08  -0.915470E-09  -0.752396E-09   0.814996E-08   0.870421E-08
   0.386047E+02   0.191464E-08  -0.146009E-08  -0.916534E-09  -0.733272E-09   0.847247E-08   0.841045E-08
   0.386353E+02   0.188856E-08  -0.152495E-08  -0.917385E-09  -0.714579E-09   0.878337E-08   0.810561E-08
   0.386658E+02   0.186039E-08  -0.158955E-08  -0.917881E-09  -0.696143E-09   0.908275E-08   0.779018E-08
   0.386963E+02   0.183001E-08  -0.165390E-08  -0.917838E-09  -0.678066E-09   0.937049E-08   0.746444E-08
   0.387268E+02   0.179730E-08  -0.171786E-08  -0.917310E-09  -0.660536E-09   0.964635E-08   0.712880E-08
   0.387573E+02   0.176229E-08  -0.178123E-08  -0.916448E-09  -0.643549E-09   0.991014E-08   0.678367E-08
   0.387878E+02   0.172509E-08  -0.184395E-08  -0.915232E-09  -0.627020E-09   0.101617E-07   0.642942E-08
   0.388184E+02   0.168570E-08  -0.190604E-08  -0.913581E-09  -0.611034E-09   0.104008E-07   0.606643E-08
   0.388489E+02   0.164404E-08  -0.196740E-08  -0.911602E-09  -0.595743E-09   0.106272E-07   0.569506E-08
   0.388794E+02   0.160015E-08  -0.202790E-08  -0.909486E-09  -0.581095E-09   0.108409E-07   0.531561E-08
   0.389099E+02   0.155407E-08  -0.208751E-08  -0.907224E-09  -0.566934E-09   0.110415E-07   0.492833E-08
   0.389404E+02   0.150572E-08  -0.214618E-08  -0.904687E-09  -0.553293E-09   0.112286E-07   0.453355E-08
   0.389709E+02   0.145505E-08  -0.220371E-08  -0.901919E-09  -0.540331E-09   0.114020E-07   0.413171E-08
   0.390015E+02   0.140224E-08  -0.225987E-08  -0.899101E-09  -0.528055E-09   0.115613E-07   0.372335E-08
   0.390320E+02   0.134748E-08  -0.231474E-08  -0.896271E-09  -0.516331E-09   0.117063E-07   0.330892E-08
   0.390625E+02   0.129071E-08  -0.236841E-08  -0.893331E-09  -0.505160E-09   0.118369E-07   0.288883E-08
   0.390930E+02   0.123180E-08  -0.242077E-08  -0.890319E-09  -0.494691E-09   0.119529E-07   0.246352E-08
   0.391235E+02   0.117078E-08  -0.247161E-08  -0.887443E-09  -0.484933E-09   0.120539E-07   0.203337E-08
   0.391541E+02   0.110780E-08  -0.252085E-08  -0.884781E-09  -0.475702E-09   0.121397E-07   0.159890E-08
   0.391846E+02   0.104289E-08  -0.256853E-08  -0.882204E-09  -0.466920E-09   0.122101E-07   0.116077E-08
   0.392151E+02   0.975961E-09  -0.261455E-08  -0.879664E-09  -0.458715E-09   0.122649E-07   0.719562E-09
   0.392456E+02   0.907068E-09  -0.265874E-08  -0.877305E-09  -0.451157E-09   0.123043E-07   0.275772E-09
   0.392761E+02   0.836337E-09  -0.270099E-08  -0.875223E-09  -0.444155E-09   0.123280E-07  -0.170232E-09
   0.393066E+02   0.763818E-09  -0.274127E-08  -0.873389E-09  -0.437661E-09   0.123359E-07  -0.618015E-09
   0.393372E+02   0.689557E-09  -0.277948E-08  -0.871840E-09  -0.431739E-09   0.123278E-07  -0.106691E-08
   0.393677E+02   0.613701E-09  -0.281551E-08  -0.870725E-09  -0.426362E-09   0.123038E-07  -0.151622E-08
   0.393982E+02   0.536378E-09  -0.284943E-08  -0.870099E-09  -0.421366E-09   0.122640E-07  -0.196558E-08
   0.394287E+02   0.457558E-09  -0.288127E-08  -0.869861E-09  -0.416667E-09   0.122084E-07  -0.241479E-08
   0.394592E+02   0.377158E-09  -0.291096E-08  -0.869971E-09  -0.412343E-09   0.121369E-07  -0.286358E-08
   0.394897E+02   0.295206E-09  -0.293830E-08  -0.870541E-09  -0.408415E-09   0.120489E-07  -0.331144E-08
   0.395203E+02   0.211828E-09  -0.296315E-08  -0.871616E-09  -0.404763E-09   0.119446E-07  -0.375777E-08
   0.395508E+02   0.127166E-09  -0.298547E-08  -0.873103E-09  -0.401359E-09   0.118236E-07  -0.420217E-08
   0.395813E+02   0.413282E-10  -0.300521E-08  -0.875027E-09  -0.398338E-09   0.116857E-07  -0.464429E-08
   0.396118E+02  -0.456062E-10  -0.302235E-08  -0.877628E-09  -0.395713E-09   0.115302E-07  -0.508340E-08
   0.396423E+02  -0.133570E-09  -0.303687E-08  -0.881076E-09  -0.393222E-09   0.113566E-07  -0.551829E-08
   0.396729E+02  -0.222490E-09  -0.304871E-08  -0.885240E-09  -0.390568E-09   0.111650E-07  -0.594757E-08
   0.397034E+02  -0.312289E-09  -0.305782E-08  -0.889845E-09  -0.387720E-09   0.109557E-07  -0.637000E-08
   0.397339E+02  -0.402889E-09  -0.306415E-08  -0.894793E-09  -0.384860E-09   0.107293E-07  -0.678470E-08
   0.397644E+02  -0.494181E-09  -0.306765E-08  -0.900215E-09  -0.382085E-09   0.104863E-07  -0.719087E-08
   0.397949E+02  -0.586051E-09  -0.306831E-08  -0.906219E-09  -0.379281E-09   0.102270E-07  -0.758770E-08
   0.398254E+02  -0.678450E-09  -0.306616E-08  -0.912732E-09  -0.376323E-09   0.995217E-08  -0.797438E-08
   0.398560E+02  -0.771372E-09  -0.306114E-08  -0.919642E-09  -0.373248E-09   0.966236E-08  -0.835020E-08
   0.398865E+02  -0.864724E-09  -0.305311E-08  -0.926982E-09  -0.370156E-09   0.935836E-08  -0.871471E-08
   0.399170E+02  -0.958324E-09  -0.304204E-08  -0.934878E-09  -0.367031E-09   0.904078E-08  -0.906758E-08
   0.399475E+02  -0.105206E-08  -0.302795E-08  -0.943378E-09  -0.363739E-09   0.871005E-08  -0.940847E-08
   0.399780E+02  -0.114591E-08  -0.301084E-08  -0.952405E-09  -0.360181E-09   0.836661E-08  -0.973698E-08
   0.400085E+02  -0.123977E-08  -0.299059E-08  -0.961888E-09  -0.356358E-09   0.801091E-08  -0.100527E-07
   0.400391E+02  -0.133343E-08  -0.296717E-08  -0.971809E-09  -0.352278E-09   0.764345E-08  -0.103550E-07
   0.400696E+02  -0.142675E-08  -0.294067E-08  -0.982130E-09  -0.347941E-09   0.726484E-08  -0.106437E-07
   0.401001E+02  -0.151970E-08  -0.291110E-08  -0.992840E-09  -0.343420E-09   0.687565E-08  -0.109183E-07
   0.401306E+02  -0.161216E-08  -0.287844E-08  -0.100406E-08  -0.338761E-09   0.647640E-08  -0.111786E-07
   0.401611E+02  -0.170400E-08  -0.284273E-08  -0.101591E-08  -0.333840E-09   0.606754E-08  -0.114244E-07
   0.401917E+02  -0.179521E-08  -0.280403E-08  -0.102832E-08  -0.328483E-09   0.564953E-08  -0.116552E-07
   0.402222E+02  -0.188579E-08  -0.276225E-08  -0.104116E-08  -0.322693E-09   0.522297E-08  -0.118706E-07
   0.402527E+02  -0.197556E-08  -0.271727E-08  -0.105443E-08  -0.316589E-09   0.478852E-08  -0.120703E-07
   0.402832E+02  -0.206428E-08  -0.266913E-08  -0.106830E-08  -0.310136E-09   0.434676E-08  -0.122543E-07
   0.403137E+02  -0.215187E-08  -0.261796E-08  -0.108277E-08  -0.303136E-09   0.389822E-08  -0.124222E-07
   0.403442E+02  -0.223828E-08  -0.256373E-08  -0.109768E-08  -0.295505E-09   0.344344E-08  -0.125738E-07
   0.403748E+02  -0.232336E-08  -0.250643E-08  -0.111296E-08  -0.287336E-09   0.298307E-08  -0.127089E-07
   0.404053E+02  -0.240696E-08  -0.244613E-08  -0.112868E-08  -0.278656E-09   0.251781E-08  -0.128272E-07
   0.404358E+02  -0.248903E-08  -0.238291E-08  -0.114486E-08  -0.269379E-09   0.204835E-08  -0.129287E-07
   0.404663E+02  -0.256945E-08  -0.231676E-08  -0.116141E-08  -0.259512E-09   0.157539E-08  -0.130133E-07
   0.404968E+02  -0.264809E-08  -0.224772E-08  -0.117843E-08  -0.249127E-09   0.109959E-08  -0.130812E-07
   0.405273E+02  -0.272488E-08  -0.217592E-08  -0.119608E-08  -0.238103E-09   0.621560E-09  -0.131325E-07
   0.405579E+02  -0.279981E-08  -0.210135E-08  -0.121433E-08  -0.226164E-09   0.141694E-09  -0.131675E-07
   0.405884E+02  -0.287274E-08  -0.202394E-08  -0.123294E-08  -0.213220E-09  -0.339735E-09  -0.131864E-07
   0.406189E+02  -0.294343E-08  -0.194375E-08  -0.125181E-08  -0.199401E-09  -0.822578E-09  -0.131893E-07
   0.406494E+02  -0.301178E-08  -0.186095E-08  -0.127104E-08  -0.184737E-09  -0.130684E-08  -0.131763E-07
   0.406799E+02  -0.307774E-08  -0.177562E-08  -0.129070E-08  -0.169044E-09  -0.179261E-08  -0.131470E-07
   0.407104E+02  -0.314120E-08  -0.168782E-08  -0.131062E-08  -0.152188E-09  -0.227987E-08  -0.131009E-07
   0.407410E+02  -0.320206E-08  -0.159767E-08  -0.133067E-08  -0.134200E-09  -0.276830E-08  -0.130372E-07
   0.407715E+02  -0.326035E-08  -0.150529E-08  -0.135087E-08  -0.115074E-09  -0.325726E-08  -0.129551E-07
   0.408020E+02  -0.331609E-08  -0.141060E-08  -0.137114E-08  -0.947008E-10  -0.374587E-08  -0.128540E-07
   0.408325E+02  -0.336904E-08  -0.131353E-08  -0.139135E-08  -0.730384E-10  -0.423303E-08  -0.127333E-07
   0.408630E+02  -0.341893E-08  -0.121421E-08  -0.141137E-08  -0.501490E-10  -0.471747E-08  -0.125927E-07
   0.408936E+02  -0.346565E-08  -0.111291E-08  -0.143120E-08  -0.260441E-10  -0.519793E-08  -0.124322E-07
   0.409241E+02  -0.350921E-08  -0.100975E-08  -0.145076E-08  -0.663638E-12  -0.567322E-08  -0.122520E-07
   0.409546E+02  -0.354952E-08  -0.904858E-09  -0.146990E-08   0.259922E-10  -0.614231E-08  -0.120524E-07
   0.409851E+02  -0.358658E-08  -0.798412E-09  -0.148850E-08   0.538250E-10  -0.660432E-08  -0.118339E-07
   0.410156E+02  -0.362048E-08  -0.690469E-09  -0.150655E-08   0.827369E-10  -0.705837E-08  -0.115965E-07
   0.410461E+02  -0.365116E-08  -0.580945E-09  -0.152405E-08   0.112679E-09  -0.750348E-08  -0.113408E-07
   0.410767E+02  -0.367837E-08  -0.469893E-09  -0.154100E-08   0.143616E-09  -0.793868E-08  -0.110673E-07
   0.411072E+02  -0.370199E-08  -0.357590E-09  -0.155743E-08   0.175540E-09  -0.836325E-08  -0.107765E-07
   0.411377E+02  -0.372214E-08  -0.244208E-09  -0.157336E-08   0.208518E-09  -0.877663E-08  -0.104692E-07
   0.411682E+02  -0.373883E-08  -0.129669E-09  -0.158869E-08   0.242634E-09  -0.917827E-08  -0.101456E-07
   0.411987E+02  -0.375183E-08  -0.139706E-10  -0.160325E-08   0.277873E-09  -0.956744E-08  -0.980630E-08
   0.412292E+02  -0.376094E-08   0.102627E-09  -0.161697E-08   0.314100E-09  -0.994338E-08  -0.945182E-08
   0.412598E+02  -0.376617E-08   0.219860E-09  -0.162989E-08   0.351199E-09  -0.103056E-07  -0.908288E-08
   0.412903E+02  -0.376755E-08   0.337591E-09  -0.164207E-08   0.389183E-09  -0.106536E-07  -0.870005E-08
   0.413208E+02  -0.376507E-08   0.455658E-09  -0.165352E-08   0.428128E-09  -0.109869E-07  -0.830386E-08
   0.413513E+02  -0.375882E-08   0.573900E-09  -0.166413E-08   0.468042E-09  -0.113049E-07  -0.789484E-08
   0.413818E+02  -0.374889E-08   0.692323E-09  -0.167389E-08   0.508873E-09  -0.116070E-07  -0.747364E-08
   0.414124E+02  -0.373518E-08   0.810991E-09  -0.168281E-08   0.550644E-09  -0.118927E-07  -0.704107E-08
   0.414429E+02  -0.371746E-08   0.929767E-09  -0.169082E-08   0.593447E-09  -0.121615E-07  -0.659795E-08
   0.414734E+02  -0.369568E-08   0.104834E-08  -0.169775E-08   0.637271E-09  -0.124133E-07  -0.614494E-08
   0.415039E+02  -0.366995E-08   0.116654E-08  -0.170348E-08   0.681941E-09  -0.126476E-07  -0.568275E-08
   0.415344E+02  -0.364030E-08   0.128433E-08  -0.170810E-08   0.727291E-09  -0.128638E-07  -0.521227E-08
   0.415649E+02  -0.360658E-08   0.140160E-08  -0.171179E-08   0.773333E-09  -0.130617E-07  -0.473467E-08
   0.415955E+02  -0.356875E-08   0.151804E-08  -0.171462E-08   0.820248E-09  -0.132415E-07  -0.425113E-08
   0.416260E+02  -0.352698E-08   0.163341E-08  -0.171646E-08   0.868235E-09  -0.134035E-07  -0.376248E-08
   0.416565E+02  -0.348144E-08   0.174765E-08  -0.171706E-08   0.917344E-09  -0.135482E-07  -0.326932E-08
   0.416870E+02  -0.343219E-08   0.186077E-08  -0.171622E-08   0.967440E-09  -0.136760E-07  -0.277198E-08
   0.417175E+02  -0.337916E-08   0.197276E-08  -0.171391E-08   0.101834E-08  -0.137872E-07  -0.227068E-08
   0.417480E+02  -0.332227E-08   0.208351E-08  -0.171022E-08   0.106999E-08  -0.138820E-07  -0.176547E-08
   0.417786E+02  -0.326142E-08   0.219286E-08  -0.170516E-08   0.112250E-08  -0.139604E-07  -0.125619E-08
   0.418091E+02  -0.319654E-08   0.230052E-08  -0.169859E-08   0.117595E-08  -0.140219E-07  -0.742612E-09
   0.418396E+02  -0.312774E-08   0.240613E-08  -0.169032E-08   0.123029E-08  -0.140659E-07  -0.224803E-09
   0.418701E+02  -0.305535E-08   0.250950E-08  -0.168024E-08   0.128540E-08  -0.140915E-07   0.296712E-09
   0.419006E+02  -0.297958E-08   0.261073E-08  -0.166832E-08   0.134124E-08  -0.140980E-07   0.821111E-09
   0.419312E+02  -0.290034E-08   0.270987E-08  -0.165442E-08   0.139777E-08  -0.140852E-07   0.134760E-08
   0.419617E+02  -0.281754E-08   0.280675E-08  -0.163838E-08   0.145487E-08  -0.140529E-07   0.187556E-08
   0.419922E+02  -0.273126E-08   0.290111E-08  -0.162011E-08   0.151231E-08  -0.140005E-07   0.240427E-08
   0.420227E+02  -0.264164E-08   0.299287E-08  -0.159967E-08   0.156988E-08  -0.139275E-07   0.293278E-08
   0.420532E+02  -0.254870E-08   0.308194E-08  -0.157718E-08   0.162751E-08  -0.138339E-07   0.345999E-08
   0.420837E+02  -0.245248E-08   0.316810E-08  -0.155267E-08   0.168522E-08  -0.137196E-07   0.398480E-08
   0.421143E+02  -0.235318E-08   0.325119E-08  -0.152608E-08   0.174302E-08  -0.135847E-07   0.450634E-08
   0.421448E+02  -0.225095E-08   0.333120E-08  -0.149730E-08   0.180086E-08  -0.134294E-07   0.502380E-08
   0.421753E+02  -0.214577E-08   0.340806E-08  -0.146624E-08   0.185861E-08  -0.132536E-07   0.553625E-08
   0.422058E+02  -0.203770E-08   0.348156E-08  -0.143288E-08   0.191609E-08  -0.130576E-07   0.604269E-08
   0.422363E+02  -0.192697E-08   0.355156E-08  -0.139726E-08   0.197319E-08  -0.128416E-07   0.654224E-08
   0.422668E+02  -0.181370E-08   0.361809E-08  -0.135939E-08   0.202982E-08  -0.126060E-07   0.703420E-08
   0.422974E+02  -0.169785E-08   0.368106E-08  -0.131926E-08   0.208584E-08  -0.123510E-07   0.751784E-08
   0.423279E+02  -0.157951E-08   0.374019E-08  -0.127699E-08   0.214110E-08  -0.120767E-07   0.799225E-08
   0.423584E+02  -0.145898E-08   0.379533E-08  -0.123273E-08   0.219563E-08  -0.117835E-07   0.845653E-08
   0.423889E+02  -0.133649E-08   0.384653E-08  -0.118649E-08   0.224956E-08  -0.114720E-07   0.890991E-08
   0.424194E+02  -0.121209E-08   0.389381E-08  -0.113807E-08   0.230292E-08  -0.111425E-07   0.935173E-08
   0.424500E+02  -0.108584E-08   0.393707E-08  -0.108728E-08   0.235552E-08  -0.107954E-07   0.978124E-08
   0.424805E+02  -0.957875E-09   0.397624E-08  -0.103409E-08   0.240706E-08  -0.104311E-07   0.101977E-07
   0.425110E+02  -0.828279E-09   0.401126E-08  -0.978667E-09   0.245731E-08  -0.100500E-07   0.106002E-07
   0.425415E+02  -0.697125E-09   0.404199E-08  -0.921202E-09   0.250617E-08  -0.965273E-08   0.109881E-07
   0.425720E+02  -0.564611E-09   0.406826E-08  -0.861905E-09   0.255368E-08  -0.923981E-08   0.113606E-07
   0.426025E+02  -0.430996E-09   0.409005E-08  -0.800817E-09   0.260000E-08  -0.881176E-08   0.117170E-07
   0.426331E+02  -0.296411E-09   0.410739E-08  -0.737758E-09   0.264522E-08  -0.836924E-08   0.120563E-07
   0.426636E+02  -0.160911E-09   0.412021E-08  -0.672556E-09   0.268914E-08  -0.791317E-08   0.123775E-07
   0.426941E+02  -0.246875E-10   0.412832E-08  -0.605232E-09   0.273154E-08  -0.744468E-08   0.126801E-07
   0.427246E+02   0.111933E-09   0.413170E-08  -0.535908E-09   0.277226E-08  -0.696503E-08   0.129634E-07
   0.427551E+02   0.248715E-09   0.413048E-08  -0.464698E-09   0.281121E-08  -0.647549E-08   0.132272E-07
   0.427856E+02   0.385612E-09   0.412477E-08  -0.391748E-09   0.284837E-08  -0.597722E-08   0.134717E-07
   0.428162E+02   0.522600E-09   0.411451E-08  -0.317160E-09   0.288383E-08  -0.547112E-08   0.136969E-07
   0.428467E+02   0.659539E-09   0.409961E-08  -0.240823E-09   0.291772E-08  -0.495787E-08   0.139032E-07
   0.428772E+02   0.796249E-09   0.408003E-08  -0.162501E-09   0.294990E-08  -0.443808E-08   0.140906E-07
   0.429077E+02   0.932595E-09   0.405574E-08  -0.821762E-10   0.298006E-08  -0.391228E-08   0.142594E-07
   0.429382E+02   0.106838E-08   0.402663E-08  -0.727801E-13   0.300800E-08  -0.338072E-08   0.144096E-07
   0.429687E+02   0.120327E-08   0.399272E-08   0.836700E-10   0.303378E-08  -0.284354E-08   0.145411E-07
   0.429993E+02   0.133705E-08   0.395417E-08   0.169101E-09   0.305741E-08  -0.230110E-08   0.146534E-07
   0.430298E+02   0.146967E-08   0.391109E-08   0.256267E-09   0.307876E-08  -0.175399E-08   0.147462E-07
   0.430603E+02   0.160103E-08   0.386344E-08   0.345158E-09   0.309768E-08  -0.120287E-08   0.148193E-07
   0.430908E+02   0.173092E-08   0.381122E-08   0.435733E-09   0.311398E-08  -0.648247E-09   0.148725E-07
   0.431213E+02   0.185918E-08   0.375452E-08   0.527831E-09   0.312743E-08  -0.906192E-10   0.149054E-07
   0.431519E+02   0.198570E-08   0.369335E-08   0.621173E-09   0.313797E-08   0.469359E-09   0.149177E-07
   0.431824E+02   0.211027E-08   0.362766E-08   0.715618E-09   0.314573E-08   0.103082E-08   0.149089E-07
   0.432129E+02   0.223257E-08   0.355761E-08   0.811269E-09   0.315076E-08   0.159282E-08   0.148790E-07
   0.432434E+02   0.235253E-08   0.348345E-08   0.908194E-09   0.315281E-08   0.215449E-08   0.148280E-07
   0.432739E+02   0.247020E-08   0.340522E-08   0.100621E-08   0.315166E-08   0.271521E-08   0.147558E-07
   0.433044E+02   0.258548E-08   0.332279E-08   0.110509E-08   0.314725E-08   0.327430E-08   0.146623E-07
   0.433350E+02   0.269804E-08   0.323615E-08   0.120471E-08   0.313952E-08   0.383090E-08   0.145474E-07
   0.433655E+02   0.280763E-08   0.314548E-08   0.130487E-08   0.312841E-08   0.438400E-08   0.144110E-07
   0.433960E+02   0.291411E-08   0.305095E-08   0.140535E-08   0.311398E-08   0.493268E-08   0.142532E-07
   0.434265E+02   0.301735E-08   0.295272E-08   0.150613E-08   0.309640E-08   0.547612E-08   0.140743E-07
   0.434570E+02   0.311728E-08   0.285094E-08   0.160734E-08   0.307556E-08   0.601358E-08   0.138744E-07
   0.434875E+02   0.321388E-08   0.274567E-08   0.170887E-08   0.305117E-08   0.654435E-08   0.136537E-07
   0.435181E+02   0.330699E-08   0.263693E-08   0.181036E-08   0.302317E-08   0.706769E-08   0.134122E-07
   0.435486E+02   0.339640E-08   0.252480E-08   0.191164E-08   0.299171E-08   0.758264E-08   0.131500E-07
   0.435791E+02   0.348193E-08   0.240946E-08   0.201275E-08   0.295678E-08   0.808822E-08   0.128674E-07
   0.436096E+02   0.356351E-08   0.229111E-08   0.211353E-08   0.291818E-08   0.858367E-08   0.125649E-07
   0.436401E+02   0.364105E-08   0.216985E-08   0.221362E-08   0.287592E-08   0.906850E-08   0.122428E-07
   0.436707E+02   0.371444E-08   0.204579E-08   0.231285E-08   0.283025E-08   0.954202E-08   0.119012E-07
   0.437012E+02   0.378353E-08   0.191908E-08   0.241127E-08   0.278124E-08   0.100033E-07   0.115399E-07
   0.437317E+02   0.384821E-08   0.178989E-08   0.250883E-08   0.272879E-08   0.104511E-07   0.111591E-07
   0.437622E+02   0.390840E-08   0.165845E-08   0.260534E-08   0.267295E-08   0.108844E-07   0.107593E-07
   0.437927E+02   0.396411E-08   0.152488E-08   0.270076E-08   0.261379E-08   0.113017E-07   0.103410E-07
   0.438232E+02   0.401525E-08   0.138925E-08   0.279505E-08   0.255117E-08   0.117019E-07   0.990503E-08
   0.438538E+02   0.406165E-08   0.125170E-08   0.288788E-08   0.248500E-08   0.120839E-07   0.945241E-08
   0.438843E+02   0.410325E-08   0.111249E-08   0.297891E-08   0.241555E-08   0.124468E-07   0.898429E-08
   0.439148E+02   0.414004E-08   0.971763E-09   0.306824E-08   0.234320E-08   0.127897E-07   0.850199E-08
   0.439453E+02   0.417195E-08   0.829589E-09   0.315614E-08   0.226789E-08   0.131122E-07   0.800699E-08
   0.439758E+02   0.419881E-08   0.686163E-09   0.324255E-08   0.218934E-08   0.134142E-07   0.750063E-08
   0.440063E+02   0.422057E-08   0.541738E-09   0.332715E-08   0.210750E-08   0.136959E-07   0.698392E-08
   0.440369E+02   0.423723E-08   0.396489E-09   0.340980E-08   0.202251E-08   0.139573E-07   0.645758E-08
   0.440674E+02   0.424868E-08   0.250595E-09   0.349048E-08   0.193440E-08   0.141983E-07   0.592229E-08
   0.440979E+02   0.425491E-08   0.104343E-09   0.356901E-08   0.184313E-08   0.144187E-07   0.537883E-08
   0.441284E+02   0.425601E-08  -0.420366E-10   0.364524E-08   0.174883E-08   0.146184E-07   0.482799E-08
   0.441589E+02   0.425206E-08  -0.188496E-09   0.371919E-08   0.165162E-08   0.147976E-07   0.427041E-08
   0.441895E+02   0.424293E-08  -0.334947E-09   0.379089E-08   0.155133E-08   0.149560E-07   0.370662E-08
   0.442200E+02   0.422853E-08  -0.481118E-09   0.386006E-08   0.144781E-08   0.150935E-07   0.313715E-08
   0.442505E+02   0.420891E-08  -0.626762E-09   0.392630E-08   0.134116E-08   0.152098E-07   0.256267E-08
   0.442810E+02   0.418411E-08  -0.771731E-09   0.398948E-08   0.123168E-08   0.153046E-07   0.198396E-08
   0.443115E+02   0.415409E-08  -0.915803E-09   0.404963E-08   0.111951E-08   0.153779E-07   0.140176E-08
   0.443420E+02   0.411893E-08  -0.105872E-08   0.410670E-08   0.100462E-08   0.154295E-07   0.816753E-09
   0.443726E+02   0.407878E-08  -0.120035E-08   0.416053E-08   0.887009E-09   0.154594E-07   0.229720E-09
   0.444031E+02   0.403362E-08  -0.134063E-08   0.421096E-08   0.766747E-09   0.154674E-07  -0.358583E-09
   0.444336E+02   0.398341E-08  -0.147936E-08   0.425779E-08   0.643876E-09   0.154535E-07  -0.947468E-09
   0.444641E+02   0.392816E-08  -0.161632E-08   0.430075E-08   0.518570E-09   0.154176E-07  -0.153627E-08
   0.444946E+02   0.386791E-08  -0.175129E-08   0.433973E-08   0.391144E-09   0.153595E-07  -0.212418E-08
   0.445251E+02   0.380271E-08  -0.188401E-08   0.437483E-08   0.261779E-09   0.152791E-07  -0.271019E-08
   0.445557E+02   0.373269E-08  -0.201418E-08   0.440606E-08   0.130389E-09   0.151768E-07  -0.329336E-08
   0.445862E+02   0.365809E-08  -0.214165E-08   0.443311E-08  -0.305668E-11   0.150527E-07  -0.387308E-08
   0.446167E+02   0.357906E-08  -0.226635E-08   0.445565E-08  -0.138242E-09   0.149070E-07  -0.444881E-08
   0.446472E+02   0.349567E-08  -0.238817E-08   0.447373E-08  -0.274747E-09   0.147396E-07  -0.501983E-08
   0.446777E+02   0.340801E-08  -0.250698E-08   0.448756E-08  -0.412488E-09   0.145504E-07  -0.558518E-08
   0.447083E+02   0.331618E-08  -0.262269E-08   0.449708E-08  -0.551665E-09   0.143400E-07  -0.614405E-08
   0.447388E+02   0.322019E-08  -0.273519E-08   0.450186E-08  -0.692268E-09   0.141087E-07  -0.669611E-08
   0.447693E+02   0.312006E-08  -0.284427E-08   0.450148E-08  -0.833862E-09   0.138563E-07  -0.724114E-08
   0.447998E+02   0.301590E-08  -0.294971E-08   0.449592E-08  -0.975826E-09   0.135824E-07  -0.777855E-08
   0.448303E+02   0.290777E-08  -0.305128E-08   0.448550E-08  -0.111772E-08   0.132863E-07  -0.830710E-08
   0.448608E+02   0.279586E-08  -0.314867E-08   0.447061E-08  -0.125948E-08   0.129682E-07  -0.882523E-08
   0.448914E+02   0.268057E-08  -0.324164E-08   0.445139E-08  -0.140134E-08   0.126285E-07  -0.933171E-08
   0.449219E+02   0.256226E-08  -0.333027E-08   0.442758E-08  -0.154343E-08   0.122677E-07  -0.982555E-08
   0.449524E+02   0.244101E-08  -0.341470E-08   0.439878E-08  -0.168553E-08   0.118859E-07  -0.103056E-07
   0.449829E+02   0.231675E-08  -0.349483E-08   0.436489E-08  -0.182710E-08   0.114835E-07  -0.107704E-07
   0.450134E+02   0.218962E-08  -0.357045E-08   0.432621E-08  -0.196772E-08   0.110616E-07  -0.112182E-07
   0.450439E+02   0.205978E-08  -0.364146E-08   0.428308E-08  -0.210733E-08   0.106217E-07  -0.116482E-07
   0.450745E+02   0.192737E-08  -0.370774E-08   0.423556E-08  -0.224609E-08   0.101651E-07  -0.120599E-07
   0.451050E+02   0.179254E-08  -0.376913E-08   0.418351E-08  -0.238394E-08   0.969251E-08  -0.124532E-07
   0.451355E+02   0.165554E-08  -0.382553E-08   0.412686E-08  -0.252067E-08   0.920458E-08  -0.128273E-07
   0.451660E+02   0.151653E-08  -0.387692E-08   0.406571E-08  -0.265607E-08   0.870218E-08  -0.131816E-07
   0.451965E+02   0.137560E-08  -0.392319E-08   0.400020E-08  -0.279010E-08   0.818647E-08  -0.135153E-07
   0.452271E+02   0.123296E-08  -0.396412E-08   0.393022E-08  -0.292280E-08   0.765861E-08  -0.138284E-07
   0.452576E+02   0.108895E-08  -0.399963E-08   0.385561E-08  -0.305397E-08   0.711942E-08  -0.141208E-07
   0.452881E+02   0.943835E-09  -0.402975E-08   0.377634E-08  -0.318326E-08   0.656943E-08  -0.143924E-07
   0.453186E+02   0.797786E-09  -0.405450E-08   0.369263E-08  -0.331044E-08   0.600918E-08  -0.146425E-07
   0.453491E+02   0.651008E-09  -0.407388E-08   0.360466E-08  -0.343546E-08   0.543961E-08  -0.148707E-07
   0.453796E+02   0.503654E-09  -0.408795E-08   0.351243E-08  -0.355836E-08   0.486192E-08  -0.150765E-07
   0.454102E+02   0.355761E-09  -0.409669E-08   0.341579E-08  -0.367908E-08   0.427704E-08  -0.152601E-07
   0.454407E+02   0.207444E-09  -0.409988E-08   0.331458E-08  -0.379735E-08   0.368551E-08  -0.154215E-07
   0.454712E+02   0.590647E-10  -0.409736E-08   0.320881E-08  -0.391272E-08   0.308787E-08  -0.155603E-07
   0.455017E+02  -0.889979E-10  -0.408922E-08   0.309881E-08  -0.402483E-08   0.248504E-08  -0.156761E-07
   0.455322E+02  -0.236595E-09  -0.407563E-08   0.298500E-08  -0.413365E-08   0.187815E-08  -0.157684E-07
   0.455627E+02  -0.383608E-09  -0.405653E-08   0.286749E-08  -0.423944E-08   0.126823E-08  -0.158376E-07
   0.455933E+02  -0.529801E-09  -0.403187E-08   0.274597E-08  -0.434226E-08   0.656005E-09  -0.158836E-07
   0.456238E+02  -0.674898E-09  -0.400173E-08   0.262022E-08  -0.444169E-08   0.421235E-10  -0.159064E-07
   0.456543E+02  -0.818656E-09  -0.396617E-08   0.249041E-08  -0.453721E-08  -0.572579E-09  -0.159057E-07
   0.456848E+02  -0.960936E-09  -0.392532E-08   0.235696E-08  -0.462864E-08  -0.118696E-08  -0.158813E-07
   0.457153E+02  -0.110162E-08  -0.387927E-08   0.222010E-08  -0.471604E-08  -0.179984E-08  -0.158335E-07
   0.457458E+02  -0.124057E-08  -0.382797E-08   0.207979E-08  -0.479942E-08  -0.241038E-08  -0.157628E-07
   0.457764E+02  -0.137763E-08  -0.377138E-08   0.193597E-08  -0.487859E-08  -0.301806E-08  -0.156694E-07
   0.458069E+02  -0.151247E-08  -0.370941E-08   0.178871E-08  -0.495320E-08  -0.362222E-08  -0.155533E-07
   0.458374E+02  -0.164471E-08  -0.364225E-08   0.163830E-08  -0.502293E-08  -0.422200E-08  -0.154147E-07
   0.458679E+02  -0.177406E-08  -0.357014E-08   0.148513E-08  -0.508770E-08  -0.481664E-08  -0.152539E-07
   0.458984E+02  -0.190049E-08  -0.349327E-08   0.132937E-08  -0.514767E-08  -0.540565E-08  -0.150713E-07
   0.459290E+02  -0.202390E-08  -0.341174E-08   0.117088E-08  -0.520280E-08  -0.598865E-08  -0.148670E-07
   0.459595E+02  -0.214405E-08  -0.332561E-08   0.100963E-08  -0.525261E-08  -0.656523E-08  -0.146408E-07
   0.459900E+02  -0.226081E-08  -0.323507E-08   0.846112E-09  -0.529667E-08  -0.713481E-08  -0.143926E-07
   0.460205E+02  -0.237410E-08  -0.314023E-08   0.680945E-09  -0.533506E-08  -0.769649E-08  -0.141220E-07
   0.460510E+02  -0.248382E-08  -0.304111E-08   0.514299E-09  -0.536811E-08  -0.824899E-08  -0.138286E-07
   0.460815E+02  -0.258972E-08  -0.293774E-08   0.345981E-09  -0.539587E-08  -0.879096E-08  -0.135130E-07
   0.461121E+02  -0.269153E-08  -0.283024E-08   0.175966E-09  -0.541790E-08  -0.932136E-08  -0.131755E-07
   0.461426E+02  -0.278898E-08  -0.271880E-08   0.468372E-11  -0.543380E-08  -0.983928E-08  -0.128164E-07
   0.461731E+02  -0.288185E-08  -0.260372E-08  -0.167216E-09  -0.544353E-08  -0.103437E-07  -0.124363E-07
   0.462036E+02  -0.297007E-08  -0.248533E-08  -0.339258E-09  -0.544740E-08  -0.108335E-07  -0.120354E-07
   0.462341E+02  -0.305371E-08  -0.236383E-08  -0.511347E-09  -0.544582E-08  -0.113076E-07  -0.116143E-07
   0.462646E+02  -0.313271E-08  -0.223923E-08  -0.683677E-09  -0.543894E-08  -0.117647E-07  -0.111742E-07
   0.462952E+02  -0.320687E-08  -0.211161E-08  -0.856382E-09  -0.542654E-08  -0.122043E-07  -0.107159E-07
   0.463257E+02  -0.327598E-08  -0.198124E-08  -0.102922E-08  -0.540826E-08  -0.126260E-07  -0.102402E-07
   0.463562E+02  -0.334000E-08  -0.184834E-08  -0.120176E-08  -0.538403E-08  -0.130290E-07  -0.974763E-08
   0.463867E+02  -0.339889E-08  -0.171307E-08  -0.137364E-08  -0.535408E-08  -0.134124E-07  -0.923878E-08
   0.464172E+02  -0.345249E-08  -0.157552E-08  -0.154487E-08  -0.531854E-08  -0.137753E-07  -0.871478E-08
   0.464478E+02  -0.350061E-08  -0.143592E-08  -0.171543E-08  -0.527730E-08  -0.141173E-07  -0.817680E-08
   0.464783E+02  -0.354316E-08  -0.129458E-08  -0.188503E-08  -0.523012E-08  -0.144383E-07  -0.762564E-08
   0.465088E+02  -0.358009E-08  -0.115175E-08  -0.205319E-08  -0.517704E-08  -0.147377E-07  -0.706188E-08
   0.465393E+02  -0.361139E-08  -0.100772E-08  -0.221954E-08  -0.511836E-08  -0.150149E-07  -0.648627E-08
   0.465698E+02  -0.363715E-08  -0.862675E-09  -0.238402E-08  -0.505447E-08  -0.152693E-07  -0.589978E-08
   0.466003E+02  -0.365736E-08  -0.716682E-09  -0.254685E-08  -0.498556E-08  -0.155005E-07  -0.530347E-08
   0.466309E+02  -0.367188E-08  -0.569831E-09  -0.270826E-08  -0.491143E-08  -0.157082E-07  -0.469833E-08
   0.466614E+02  -0.368050E-08  -0.422405E-09  -0.286814E-08  -0.483160E-08  -0.158921E-07  -0.408530E-08
   0.466919E+02  -0.368321E-08  -0.274759E-09  -0.302590E-08  -0.474573E-08  -0.160520E-07  -0.346525E-08
   0.467224E+02  -0.368005E-08  -0.127154E-09  -0.318079E-08  -0.465398E-08  -0.161875E-07  -0.283907E-08
   0.467529E+02  -0.367104E-08   0.202023E-10  -0.333238E-08  -0.455695E-08  -0.162983E-07  -0.220775E-08
   0.467834E+02  -0.365618E-08   0.167049E-09  -0.348079E-08  -0.445518E-08  -0.163843E-07  -0.157240E-08
   0.468140E+02  -0.363554E-08   0.313141E-09  -0.362636E-08  -0.434878E-08  -0.164452E-07  -0.934058E-09
   0.468445E+02  -0.360918E-08   0.458312E-09  -0.376920E-08  -0.423745E-08  -0.164811E-07  -0.293811E-09
   0.468750E+02  -0.357708E-08   0.602343E-09  -0.390899E-08  -0.412089E-08  -0.164919E-07   0.347272E-09
   0.469055E+02  -0.353935E-08   0.744978E-09  -0.404525E-08  -0.399912E-08  -0.164776E-07   0.988121E-09
   0.469360E+02  -0.349608E-08   0.886088E-09  -0.417759E-08  -0.387244E-08  -0.164383E-07   0.162759E-08
   0.469666E+02  -0.344722E-08   0.102557E-08  -0.430601E-08  -0.374121E-08  -0.163744E-07   0.226445E-08
   0.469971E+02  -0.339269E-08   0.116314E-08  -0.443063E-08  -0.360537E-08  -0.162864E-07   0.289763E-08
   0.470276E+02  -0.333254E-08   0.129842E-08  -0.455121E-08  -0.346465E-08  -0.161753E-07   0.352660E-08
   0.470581E+02  -0.326696E-08   0.143112E-08  -0.466709E-08  -0.331905E-08  -0.160412E-07   0.415115E-08
   0.470886E+02  -0.319613E-08   0.156106E-08  -0.477777E-08  -0.316917E-08  -0.158841E-07   0.477083E-08
   0.471191E+02  -0.312018E-08   0.168808E-08  -0.488342E-08  -0.301563E-08  -0.157041E-07   0.538490E-08
   0.471497E+02  -0.303921E-08   0.181203E-08  -0.498446E-08  -0.285846E-08  -0.155013E-07   0.599268E-08
   0.471802E+02  -0.295327E-08   0.193274E-08  -0.508084E-08  -0.269715E-08  -0.152759E-07   0.659368E-08
   0.472107E+02  -0.286243E-08   0.204992E-08  -0.517183E-08  -0.253149E-08  -0.150276E-07   0.718735E-08
   0.472412E+02  -0.276692E-08   0.216330E-08  -0.525666E-08  -0.236194E-08  -0.147563E-07   0.777276E-08
   0.472717E+02  -0.266703E-08   0.227280E-08  -0.533504E-08  -0.218932E-08  -0.144620E-07   0.834882E-08
   0.473022E+02  -0.256281E-08   0.237840E-08  -0.540725E-08  -0.201428E-08  -0.141448E-07   0.891444E-08
   0.473328E+02  -0.245425E-08   0.247988E-08  -0.547369E-08  -0.183695E-08  -0.138051E-07   0.946857E-08
   0.473633E+02  -0.234148E-08   0.257698E-08  -0.553439E-08  -0.165711E-08  -0.134433E-07   0.100102E-07
   0.473938E+02  -0.222471E-08   0.266944E-08  -0.558892E-08  -0.147474E-08  -0.130597E-07   0.105385E-07
   0.474243E+02  -0.210417E-08   0.275704E-08  -0.563694E-08  -0.129031E-08  -0.126548E-07   0.110524E-07
   0.474548E+02  -0.198016E-08   0.283964E-08  -0.567855E-08  -0.110436E-08  -0.122291E-07   0.115509E-07
   0.474854E+02  -0.185299E-08   0.291721E-08  -0.571402E-08  -0.916955E-09  -0.117833E-07   0.120330E-07
   0.475159E+02  -0.172273E-08   0.298983E-08  -0.574320E-08  -0.727967E-09  -0.113180E-07   0.124980E-07
   0.475464E+02  -0.158938E-08   0.305733E-08  -0.576562E-08  -0.537635E-09  -0.108338E-07   0.129449E-07
   0.475769E+02  -0.145305E-08   0.311939E-08  -0.578111E-08  -0.346617E-09  -0.103315E-07   0.133729E-07
   0.476074E+02  -0.131407E-08   0.317577E-08  -0.578995E-08  -0.155455E-09  -0.981185E-08   0.137814E-07
   0.476379E+02  -0.117276E-08   0.322635E-08  -0.579252E-08   0.356780E-10  -0.927565E-08   0.141695E-07
   0.476685E+02  -0.102944E-08   0.327104E-08  -0.578902E-08   0.226855E-09  -0.872363E-08   0.145365E-07
   0.476990E+02  -0.884464E-09   0.330989E-08  -0.577941E-08   0.418238E-09  -0.815660E-08   0.148818E-07
   0.477295E+02  -0.737939E-09   0.334303E-08  -0.576331E-08   0.609811E-09  -0.757551E-08   0.152046E-07
   0.477600E+02  -0.589868E-09   0.337033E-08  -0.574033E-08   0.801108E-09  -0.698141E-08   0.155042E-07
   0.477905E+02  -0.440462E-09   0.339153E-08  -0.571058E-08   0.991470E-09  -0.637524E-08   0.157804E-07
   0.478210E+02  -0.290132E-09   0.340651E-08  -0.567445E-08   0.118059E-08  -0.575776E-08   0.160327E-07
   0.478516E+02  -0.139170E-09   0.341535E-08  -0.563215E-08   0.136851E-08  -0.512979E-08   0.162604E-07
   0.478821E+02   0.122636E-10   0.341806E-08  -0.558354E-08   0.155516E-08  -0.449231E-08   0.164628E-07
   0.479126E+02   0.163953E-09   0.341458E-08  -0.552866E-08   0.174016E-08  -0.384656E-08   0.166394E-07
   0.479431E+02   0.315671E-09   0.340490E-08  -0.546778E-08   0.192333E-08  -0.319384E-08   0.167897E-07
   0.479736E+02   0.467256E-09   0.338894E-08  -0.540104E-08   0.210477E-08  -0.253539E-08   0.169136E-07
   0.480042E+02   0.618417E-09   0.336654E-08  -0.532827E-08   0.228453E-08  -0.187245E-08   0.170107E-07
   0.480347E+02   0.768672E-09   0.333766E-08  -0.524920E-08   0.246241E-08  -0.120640E-08   0.170810E-07
   0.480652E+02   0.917642E-09   0.330252E-08  -0.516363E-08   0.263801E-08  -0.538663E-09   0.171245E-07
   0.480957E+02   0.106519E-08   0.326133E-08  -0.507157E-08   0.281071E-08   0.129485E-09   0.171416E-07
   0.481262E+02   0.121117E-08   0.321410E-08  -0.497348E-08   0.297998E-08   0.797117E-09   0.171329E-07
   0.481567E+02   0.135536E-08   0.316090E-08  -0.487002E-08   0.314581E-08   0.146348E-08   0.170988E-07
   0.481873E+02   0.149764E-08   0.310179E-08  -0.476133E-08   0.330876E-08   0.212786E-08   0.170393E-07
   0.482178E+02   0.163785E-08   0.303666E-08  -0.464679E-08   0.346903E-08   0.278958E-08   0.169548E-07
   0.482483E+02   0.177562E-08   0.296539E-08  -0.452577E-08   0.362594E-08   0.344802E-08   0.168454E-07
   0.482788E+02   0.191044E-08   0.288814E-08  -0.439844E-08   0.377849E-08   0.410242E-08   0.167109E-07
   0.483093E+02   0.204203E-08   0.280521E-08  -0.426552E-08   0.392620E-08   0.475190E-08   0.165514E-07
   0.483398E+02   0.217030E-08   0.271680E-08  -0.412751E-08   0.406913E-08   0.539555E-08   0.163671E-07
   0.483704E+02   0.229503E-08   0.262298E-08  -0.398454E-08   0.420740E-08   0.603253E-08   0.161580E-07
   0.484009E+02   0.241599E-08   0.252393E-08  -0.383650E-08   0.434090E-08   0.666194E-08   0.159243E-07
   0.484314E+02   0.253305E-08   0.241983E-08  -0.368340E-08   0.446923E-08   0.728285E-08   0.156662E-07
   0.484619E+02   0.264609E-08   0.231073E-08  -0.352554E-08   0.459192E-08   0.789439E-08   0.153838E-07
   0.484924E+02   0.275485E-08   0.219667E-08  -0.336347E-08   0.470877E-08   0.849566E-08   0.150774E-07
   0.485229E+02   0.285903E-08   0.207781E-08  -0.319758E-08   0.482005E-08   0.908557E-08   0.147471E-07
   0.485535E+02   0.295840E-08   0.195435E-08  -0.302767E-08   0.492591E-08   0.966292E-08   0.143932E-07
   0.485840E+02   0.305270E-08   0.182647E-08  -0.285343E-08   0.502588E-08   0.102267E-07   0.140165E-07
   0.486145E+02   0.314165E-08   0.169444E-08  -0.267525E-08   0.511916E-08   0.107761E-07   0.136175E-07
   0.486450E+02   0.322511E-08   0.155870E-08  -0.249405E-08   0.520552E-08   0.113105E-07   0.131966E-07
   0.486755E+02   0.330320E-08   0.141948E-08  -0.231042E-08   0.528540E-08   0.118289E-07   0.127542E-07
   0.487061E+02   0.337588E-08   0.127675E-08  -0.212425E-08   0.535921E-08   0.123301E-07   0.122908E-07
   0.487366E+02   0.344282E-08   0.113055E-08  -0.193528E-08   0.542676E-08   0.128131E-07   0.118074E-07
   0.487671E+02   0.350370E-08   0.981217E-09  -0.174359E-08   0.548756E-08   0.132774E-07   0.113047E-07
   0.487976E+02   0.355845E-08   0.829092E-09  -0.154965E-08   0.554123E-08   0.137223E-07   0.107835E-07
   0.488281E+02   0.360698E-08   0.674402E-09  -0.135405E-08   0.558768E-08   0.141472E-07   0.102440E-07
   0.488586E+02   0.364916E-08   0.517390E-09  -0.115728E-08   0.562708E-08   0.145509E-07   0.968711E-08
   0.488892E+02   0.368493E-08   0.358336E-09  -0.959518E-09   0.565975E-08   0.149325E-07   0.911378E-08
   0.489197E+02   0.371426E-08   0.197399E-09  -0.760687E-09   0.568575E-08   0.152916E-07   0.852514E-08
   0.489502E+02   0.373691E-08   0.347244E-10  -0.560845E-09   0.570480E-08   0.156279E-07   0.792185E-08
   0.489807E+02   0.375262E-08  -0.129257E-09  -0.360409E-09   0.571671E-08   0.159406E-07   0.730439E-08
   0.490112E+02   0.376146E-08  -0.294021E-09  -0.159793E-09   0.572157E-08   0.162288E-07   0.667348E-08
   0.490417E+02   0.376367E-08  -0.459371E-09   0.408575E-10   0.571954E-08   0.164914E-07   0.603039E-08
   0.490723E+02   0.375918E-08  -0.625287E-09   0.241435E-09   0.571055E-08   0.167279E-07   0.537650E-08
   0.491028E+02   0.374782E-08  -0.791526E-09   0.441635E-09   0.569448E-08   0.169382E-07   0.471299E-08
   0.491333E+02   0.372953E-08  -0.957743E-09   0.641097E-09   0.567139E-08   0.171217E-07   0.404075E-08
   0.491638E+02   0.370431E-08  -0.112371E-08   0.839532E-09   0.564142E-08   0.172780E-07   0.336074E-08
   0.491943E+02   0.367204E-08  -0.128913E-08   0.103672E-08   0.560478E-08   0.174062E-07   0.267449E-08
   0.492249E+02   0.363275E-08  -0.145358E-08   0.123265E-08   0.556172E-08   0.175063E-07   0.198376E-08
   0.492554E+02   0.358665E-08  -0.161678E-08   0.142758E-08   0.551223E-08   0.175787E-07   0.128991E-08
   0.492859E+02   0.353375E-08  -0.177872E-08   0.162155E-08   0.545576E-08   0.176239E-07   0.593715E-09
   0.493164E+02   0.347378E-08  -0.193912E-08   0.181390E-08   0.539176E-08   0.176415E-07  -0.104112E-09
   0.493469E+02   0.340671E-08  -0.209738E-08   0.200367E-08   0.532040E-08   0.176313E-07  -0.802455E-09
   0.493774E+02   0.333286E-08  -0.225309E-08   0.219044E-08   0.524237E-08   0.175934E-07  -0.149993E-08
   0.494080E+02   0.325245E-08  -0.240611E-08   0.237438E-08   0.515812E-08   0.175280E-07  -0.219536E-08
   0.494385E+02   0.316552E-08  -0.255627E-08   0.255566E-08   0.506758E-08   0.174356E-07  -0.288790E-08
   0.494690E+02   0.307215E-08  -0.270331E-08   0.273417E-08   0.497052E-08   0.173163E-07  -0.357684E-08
   0.494995E+02   0.297242E-08  -0.284705E-08   0.290956E-08   0.486676E-08   0.171699E-07  -0.426138E-08
   0.495300E+02   0.286623E-08  -0.298721E-08   0.308132E-08   0.475628E-08   0.169964E-07  -0.494034E-08
   0.495605E+02   0.275370E-08  -0.312322E-08   0.324900E-08   0.463931E-08   0.167959E-07  -0.561234E-08
   0.495911E+02   0.263529E-08  -0.325472E-08   0.341233E-08   0.451616E-08   0.165689E-07  -0.627618E-08
   0.496216E+02   0.251137E-08  -0.338179E-08   0.357119E-08   0.438699E-08   0.163162E-07  -0.693111E-08
   0.496521E+02   0.238180E-08  -0.350446E-08   0.372525E-08   0.425182E-08   0.160378E-07  -0.757646E-08
   0.496826E+02   0.224645E-08  -0.362229E-08   0.387404E-08   0.411097E-08   0.157338E-07  -0.821129E-08
   0.497131E+02   0.210555E-08  -0.373478E-08   0.401744E-08   0.396503E-08   0.154044E-07  -0.883434E-08
   0.497437E+02   0.195946E-08  -0.384161E-08   0.415572E-08   0.381428E-08   0.150502E-07  -0.944436E-08
   0.497742E+02   0.180850E-08  -0.394258E-08   0.428909E-08   0.365847E-08   0.146718E-07  -0.100403E-07
   0.498047E+02   0.165299E-08  -0.403752E-08   0.441709E-08   0.349716E-08   0.142700E-07  -0.106214E-07
   0.498352E+02   0.149320E-08  -0.412643E-08   0.453887E-08   0.333042E-08   0.138453E-07  -0.111871E-07
   0.498657E+02   0.132917E-08  -0.420921E-08   0.465372E-08   0.315894E-08   0.133979E-07  -0.117363E-07
   0.498962E+02   0.116093E-08  -0.428552E-08   0.476154E-08   0.298364E-08   0.129283E-07  -0.122681E-07
   0.499268E+02   0.988864E-09  -0.435492E-08   0.486277E-08   0.280507E-08   0.124374E-07  -0.127811E-07
   0.499573E+02   0.813460E-09  -0.441729E-08   0.495782E-08   0.262317E-08   0.119262E-07  -0.132747E-07
   0.499878E+02   0.635016E-09  -0.447264E-08   0.504656E-08   0.243750E-08   0.113954E-07  -0.137483E-07
   0.500183E+02   0.453739E-09  -0.452087E-08   0.512826E-08   0.224803E-08   0.108457E-07  -0.142013E-07
