   0.000000E+00   0.716682E-12   0.307531E-11   0.513186E-12
   0.100000E+01  -0.397233E-10  -0.116364E-09  -0.252342E-10
   0.200000E+01  -0.450080E-10  -0.127492E-09  -0.231778E-10
   0.300000E+01  -0.219845E-10  -0.509814E-10   0.880748E-12
   0.400000E+01  -0.101007E-10  -0.862966E-11   0.150233E-10
   0.500000E+01  -0.319273E-10  -0.706914E-10   0.124028E-11
   0.600000E+01  -0.666277E-10  -0.173411E-09  -0.232380E-10
   0.700000E+01  -0.782881E-10  -0.205972E-09  -0.291615E-10
   0.800000E+01  -0.611739E-10  -0.150283E-09  -0.120936E-10
   0.900000E+01  -0.445673E-10  -0.963902E-10   0.382944E-11
   0.100000E+02  -0.535792E-10  -0.121812E-09  -0.195047E-11
   0.110000E+02  -0.779787E-10  -0.195215E-09  -0.209218E-10
   0.120000E+02  -0.878647E-10  -0.224516E-09  -0.284159E-10
   0.130000E+02  -0.731804E-10  -0.178691E-09  -0.160794E-10
   0.140000E+02  -0.551246E-10  -0.123030E-09  -0.130947E-11
   0.150000E+02  -0.567354E-10  -0.128437E-09  -0.312236E-11
   0.160000E+02  -0.731535E-10  -0.179778E-09  -0.176217E-10
   0.170000E+02  -0.799343E-10  -0.201649E-09  -0.246687E-10
   0.180000E+02  -0.661800E-10  -0.160604E-09  -0.151004E-10
   0.190000E+02  -0.478790E-10  -0.106109E-09  -0.189311E-11
   0.200000E+02  -0.453204E-10  -0.100626E-09  -0.177816E-11
   0.210000E+02  -0.563084E-10  -0.137052E-09  -0.131374E-10
   0.220000E+02  -0.605197E-10  -0.152510E-09  -0.193141E-10
   0.230000E+02  -0.474351E-10  -0.114728E-09  -0.114592E-10
   0.240000E+02  -0.297054E-10  -0.630277E-10   0.276777E-12
   0.250000E+02  -0.251478E-10  -0.523444E-10   0.127044E-11
   0.260000E+02  -0.329222E-10  -0.796900E-10  -0.797792E-11
   0.270000E+02  -0.357607E-10  -0.914771E-10  -0.133877E-10
   0.280000E+02  -0.238998E-10  -0.577206E-10  -0.677499E-11
   0.290000E+02  -0.776933E-11  -0.109699E-10   0.356495E-11
   0.300000E+02  -0.312235E-11   0.113679E-12   0.477660E-11
   0.310000E+02  -0.981067E-11  -0.236131E-10  -0.317518E-11
   0.320000E+02  -0.128482E-10  -0.355275E-10  -0.812872E-11
   0.330000E+02  -0.326301E-11  -0.805284E-11  -0.262667E-11
   0.340000E+02   0.100988E-10   0.310859E-10   0.630758E-11
   0.350000E+02   0.132009E-10   0.384287E-10   0.727274E-11
   0.360000E+02   0.582622E-11   0.136692E-10  -0.741972E-14
   0.370000E+02   0.118919E-11  -0.200729E-11  -0.483832E-11
   0.380000E+02   0.756915E-11   0.168487E-10  -0.444176E-12
   0.390000E+02   0.174659E-10   0.465941E-10   0.709681E-11
   0.400000E+02   0.185208E-10   0.488327E-10   0.764001E-11
   0.410000E+02   0.105086E-10   0.231722E-10   0.867770E-12
   0.420000E+02   0.519437E-11   0.635536E-11  -0.368112E-11
   0.430000E+02   0.996532E-11   0.211387E-10   0.880045E-13
   0.440000E+02   0.180426E-10   0.461173E-10   0.672202E-11
   0.450000E+02   0.182688E-10   0.465571E-10   0.707413E-11
   0.460000E+02   0.104462E-10   0.221125E-10   0.856021E-12
   0.470000E+02   0.521369E-11   0.607144E-11  -0.330484E-11
   0.480000E+02   0.920658E-11   0.189305E-10   0.892228E-13
   0.490000E+02   0.161898E-10   0.409986E-10   0.605307E-11
   0.500000E+02   0.159978E-10   0.405867E-10   0.627404E-11
   0.510000E+02   0.849965E-11   0.175232E-10   0.534766E-12
   0.520000E+02   0.342144E-11   0.228038E-11  -0.327679E-11
   0.530000E+02   0.675749E-11   0.134119E-10  -0.188488E-12
   0.540000E+02   0.127315E-10   0.326668E-10   0.518157E-11
   0.550000E+02   0.120795E-10   0.311192E-10   0.524258E-11
   0.560000E+02   0.483062E-11   0.905054E-11  -0.113896E-12
   0.570000E+02   0.497063E-14  -0.526420E-11  -0.360014E-11
   0.580000E+02   0.304511E-11   0.504589E-11  -0.707862E-12
   0.590000E+02   0.851206E-11   0.228005E-10   0.422660E-11
   0.600000E+02   0.785959E-11   0.212947E-10   0.422016E-11
   0.610000E+02   0.121658E-11   0.110121E-11  -0.732660E-12
   0.620000E+02  -0.304000E-11  -0.114974E-10  -0.385972E-11
   0.630000E+02   0.181580E-13  -0.119743E-11  -0.107195E-11
   0.640000E+02   0.522137E-11   0.156816E-10   0.351917E-11
   0.650000E+02   0.465043E-11   0.143822E-10   0.345977E-11
   0.660000E+02  -0.146368E-11  -0.421650E-11  -0.114956E-11
   0.670000E+02  -0.530243E-11  -0.155628E-10  -0.397866E-11
   0.680000E+02  -0.239677E-11  -0.576044E-11  -0.131445E-11
   0.690000E+02   0.232088E-11   0.961990E-11   0.291790E-11
   0.700000E+02   0.150650E-11   0.759600E-11   0.273413E-11
   0.710000E+02  -0.448891E-11  -0.106016E-10  -0.165641E-11
   0.720000E+02  -0.832459E-11  -0.219151E-10  -0.430527E-11
   0.730000E+02  -0.592685E-11  -0.136740E-10  -0.183484E-11
   0.740000E+02  -0.197332E-11  -0.663224E-12   0.199683E-11
   0.750000E+02  -0.320119E-11  -0.400810E-11   0.164423E-11
   0.760000E+02  -0.904180E-11  -0.218377E-10  -0.255395E-11
   0.770000E+02  -0.125240E-10  -0.322583E-10  -0.497153E-11
   0.780000E+02  -0.996652E-11  -0.238062E-10  -0.254248E-11
   0.790000E+02  -0.593218E-11  -0.108897E-10   0.109285E-11
   0.800000E+02  -0.673734E-11  -0.133216E-10   0.753192E-12
   0.810000E+02  -0.116988E-10  -0.288840E-10  -0.312016E-11
   0.820000E+02  -0.142063E-10  -0.368061E-10  -0.519352E-11
   0.830000E+02  -0.109316E-10  -0.267019E-10  -0.268266E-11
   0.840000E+02  -0.632869E-11  -0.126143E-10   0.875958E-12
   0.850000E+02  -0.633617E-11  -0.131651E-10   0.629866E-12
   0.860000E+02  -0.101763E-10  -0.258389E-10  -0.288473E-11
   0.870000E+02  -0.115770E-10  -0.309110E-10  -0.459871E-11
   0.880000E+02  -0.753614E-11  -0.189931E-10  -0.198663E-11
   0.890000E+02  -0.240632E-11  -0.379051E-11   0.150674E-11
   0.900000E+02  -0.177094E-11  -0.280752E-11   0.133013E-11
   0.910000E+02  -0.475246E-11  -0.132177E-10  -0.188815E-11
   0.920000E+02  -0.537774E-11  -0.162260E-10  -0.331635E-11
   0.930000E+02  -0.938127E-12  -0.334680E-11  -0.665659E-12
   0.940000E+02   0.431301E-11   0.120371E-10   0.270172E-11
   0.950000E+02   0.512912E-11   0.134750E-10   0.251220E-11
   0.960000E+02   0.249075E-11   0.410956E-11  -0.517285E-12
   0.970000E+02   0.209925E-11   0.188714E-11  -0.177097E-11
   0.980000E+02   0.638681E-11   0.144397E-10   0.819982E-12
   0.990000E+02   0.111840E-10   0.286567E-10   0.396571E-11
   0.100000E+03   0.115563E-10   0.290605E-10   0.364808E-11
   0.101000E+03   0.858935E-11   0.191110E-10   0.668977E-12
   0.102000E+03   0.774242E-11   0.159895E-10  -0.552649E-12
   0.103000E+03   0.111916E-10   0.265288E-10   0.184763E-11
   0.104000E+03   0.148412E-10   0.378500E-10   0.464409E-11
   0.105000E+03   0.140532E-10   0.353922E-10   0.405596E-11
   0.106000E+03   0.100423E-10   0.229922E-10   0.971166E-12
   0.107000E+03   0.809382E-11   0.172599E-10  -0.362119E-12
   0.108000E+03   0.102026E-10   0.244381E-10   0.174269E-11
   0.109000E+03   0.123877E-10   0.319900E-10   0.412885E-11
   0.110000E+03   0.103200E-10   0.262988E-10   0.324329E-11
   0.111000E+03   0.535543E-11   0.116180E-10   0.596776E-13
   0.112000E+03   0.263058E-11   0.406610E-11  -0.132905E-11
   0.113000E+03   0.396664E-11   0.932843E-11   0.597338E-12
   0.114000E+03   0.545802E-11   0.150993E-10   0.273907E-11
   0.115000E+03   0.300166E-11   0.847002E-11   0.174160E-11
   0.116000E+03  -0.199088E-11  -0.613234E-11  -0.135838E-11
   0.117000E+03  -0.458866E-11  -0.132323E-10  -0.262759E-11
   0.118000E+03  -0.316893E-11  -0.776189E-11  -0.708975E-12
   0.119000E+03  -0.157319E-11  -0.181862E-11   0.135029E-11
   0.120000E+03  -0.368629E-11  -0.761899E-11   0.383931E-12
   0.121000E+03  -0.804402E-11  -0.205615E-10  -0.251144E-11
   0.122000E+03  -0.991888E-11  -0.257971E-10  -0.355412E-11
   0.123000E+03  -0.788804E-11  -0.188719E-10  -0.154287E-11
   0.124000E+03  -0.573894E-11  -0.117024E-10   0.523543E-12
   0.125000E+03  -0.714801E-11  -0.158425E-10  -0.343299E-12
   0.126000E+03  -0.105953E-10  -0.265071E-10  -0.298908E-11
   0.127000E+03  -0.115421E-10  -0.294279E-10  -0.377418E-11
   0.128000E+03  -0.875499E-11  -0.207310E-10  -0.164410E-11
   0.129000E+03  -0.596998E-11  -0.121609E-10   0.448506E-12
   0.130000E+03  -0.666184E-11  -0.146320E-10  -0.315926E-12
   0.131000E+03  -0.925042E-11  -0.231651E-10  -0.272736E-11
   0.132000E+03  -0.937098E-11  -0.240291E-10  -0.327974E-11
   0.133000E+03  -0.597050E-11  -0.139042E-10  -0.105734E-11
   0.134000E+03  -0.274128E-11  -0.438559E-11   0.103012E-11
   0.135000E+03  -0.296895E-11  -0.578827E-11   0.322405E-12
   0.136000E+03  -0.501228E-11  -0.129393E-10  -0.191745E-11
   0.137000E+03  -0.466548E-11  -0.126032E-10  -0.230916E-11
   0.138000E+03  -0.104654E-11  -0.198931E-11  -0.685080E-13
   0.139000E+03   0.218629E-11   0.742317E-11   0.193410E-11
   0.140000E+03   0.192099E-11   0.586848E-11   0.118797E-11
   0.141000E+03  -0.133781E-12  -0.127337E-11  -0.992340E-12
   0.142000E+03   0.105651E-12  -0.116033E-11  -0.134020E-11
   0.143000E+03   0.339464E-11   0.859164E-11   0.811707E-12
   0.144000E+03   0.613069E-11   0.166738E-10   0.263579E-11
   0.145000E+03   0.537044E-11   0.138466E-10   0.176389E-11
   0.146000E+03   0.288469E-11   0.567698E-11  -0.441944E-12
   0.147000E+03   0.265590E-11   0.467339E-11  -0.820480E-12
   0.148000E+03   0.535709E-11   0.129420E-10   0.119352E-11
   0.149000E+03   0.747932E-11   0.194531E-10   0.282336E-11
   0.150000E+03   0.625043E-11   0.154995E-10   0.183920E-11
   0.151000E+03   0.346693E-11   0.673024E-11  -0.360079E-12
   0.152000E+03   0.295498E-11   0.516403E-11  -0.728036E-12
   0.153000E+03   0.525725E-11   0.124932E-10   0.119174E-11
   0.154000E+03   0.693234E-11   0.178928E-10   0.266705E-11
   0.155000E+03   0.537547E-11   0.131770E-10   0.160128E-11
   0.156000E+03   0.241721E-11   0.410433E-11  -0.569887E-12
   0.157000E+03   0.173614E-11   0.223443E-11  -0.909524E-12
   0.158000E+03   0.374803E-11   0.886150E-11   0.935036E-12
   0.159000E+03   0.508200E-11   0.133756E-10   0.227659E-11
   0.160000E+03   0.331196E-11   0.814368E-11   0.115032E-11
   0.161000E+03   0.323299E-12  -0.907696E-12  -0.968695E-12
   0.162000E+03  -0.335854E-12  -0.262663E-11  -0.124648E-11
   0.163000E+03   0.162064E-11   0.387854E-11   0.569122E-12
   0.164000E+03   0.286752E-11   0.814379E-11   0.183018E-11
   0.165000E+03   0.112737E-11   0.300286E-11   0.693223E-12
   0.166000E+03  -0.167508E-11  -0.549442E-11  -0.133286E-11
   0.167000E+03  -0.212020E-11  -0.659646E-11  -0.151417E-11
   0.168000E+03  -0.468832E-13   0.202074E-12   0.305548E-12
   0.169000E+03   0.125923E-11   0.456842E-11   0.151634E-11
   0.170000E+03  -0.343456E-12  -0.232418E-12   0.389933E-12
   0.171000E+03  -0.289623E-11  -0.804168E-11  -0.153401E-11
   0.172000E+03  -0.310096E-11  -0.848759E-11  -0.161803E-11
   0.173000E+03  -0.914194E-12  -0.143039E-11   0.203021E-12
   0.174000E+03   0.412640E-12   0.291119E-11   0.135574E-11
   0.175000E+03  -0.113969E-11  -0.180744E-11   0.220713E-12
   0.176000E+03  -0.357988E-11  -0.932363E-11  -0.163387E-11
   0.177000E+03  -0.370778E-11  -0.957792E-11  -0.165974E-11
   0.178000E+03  -0.156080E-11  -0.269150E-11   0.128400E-12
   0.179000E+03  -0.332825E-12   0.129395E-11   0.119873E-11
   0.180000E+03  -0.192635E-11  -0.359736E-11   0.361095E-13
   0.181000E+03  -0.433993E-11  -0.110677E-10  -0.177004E-11
   0.182000E+03  -0.448228E-11  -0.114026E-10  -0.176157E-11
   0.183000E+03  -0.245228E-11  -0.492795E-11  -0.257163E-13
   0.184000E+03  -0.134396E-11  -0.138571E-11   0.957125E-12
   0.185000E+03  -0.290442E-11  -0.627094E-11  -0.217615E-12
   0.186000E+03  -0.511275E-11  -0.132224E-10  -0.193871E-11
   0.187000E+03  -0.501382E-11  -0.129465E-10  -0.184263E-11
   0.188000E+03  -0.281756E-11  -0.611425E-11  -0.978129E-13
   0.189000E+03  -0.156461E-11  -0.230104E-11   0.856276E-12
   0.190000E+03  -0.287025E-11  -0.658890E-11  -0.282276E-12
   0.191000E+03  -0.469300E-11  -0.125474E-10  -0.188161E-11
   0.192000E+03  -0.420278E-11  -0.112666E-10  -0.166840E-11
   0.193000E+03  -0.171722E-11  -0.374685E-11   0.111489E-12
   0.194000E+03  -0.233124E-12   0.578928E-12   0.105774E-11
   0.195000E+03  -0.124670E-11  -0.299463E-11  -0.341486E-13
   0.196000E+03  -0.269884E-11  -0.797775E-11  -0.151405E-11
   0.197000E+03  -0.187605E-11  -0.581999E-11  -0.119563E-11
   0.198000E+03   0.806647E-12   0.217867E-11   0.602600E-12
   0.199000E+03   0.239944E-11   0.673675E-11   0.152033E-11
   0.200000E+03   0.152318E-11   0.351794E-11   0.447646E-12
   0.201000E+03   0.255816E-12  -0.927472E-12  -0.948506E-12
   0.202000E+03   0.120173E-11   0.161128E-11  -0.565949E-12
   0.203000E+03   0.385580E-11   0.955494E-11   0.120800E-11
   0.204000E+03   0.531550E-11   0.137729E-10   0.205320E-11
   0.205000E+03   0.431415E-11   0.102822E-10   0.950991E-12
   0.206000E+03   0.294748E-11   0.568804E-11  -0.416818E-12
   0.207000E+03   0.371674E-11   0.787559E-11  -0.299430E-13
   0.208000E+03   0.603304E-11   0.150015E-10   0.165887E-11
   0.209000E+03   0.704086E-11   0.180817E-10   0.236952E-11
   0.210000E+03   0.558401E-11   0.134776E-10   0.117186E-11
   0.211000E+03   0.378729E-11   0.787894E-11  -0.236462E-12
   0.212000E+03   0.408174E-11   0.893922E-11   0.914572E-13
   0.213000E+03   0.583778E-11   0.146736E-10   0.164931E-11
   0.214000E+03   0.627436E-11   0.163212E-10   0.220333E-11
   0.215000E+03   0.433885E-11   0.105640E-10   0.908125E-12
   0.216000E+03   0.214883E-11   0.406862E-11  -0.532850E-12
   0.217000E+03   0.202530E-11   0.414044E-11  -0.254329E-12
   0.218000E+03   0.328223E-11   0.860784E-11   0.118217E-11
   0.219000E+03   0.323146E-11   0.898708E-11   0.159382E-11
   0.220000E+03   0.963440E-12   0.239695E-11   0.227429E-12
   0.221000E+03  -0.137781E-11  -0.441817E-11  -0.120100E-11
   0.222000E+03  -0.157690E-11  -0.448337E-11  -0.905469E-12
   0.223000E+03  -0.405989E-12  -0.238308E-12   0.492711E-12
   0.224000E+03  -0.507926E-12  -0.247198E-13   0.851077E-12
   0.225000E+03  -0.268907E-11  -0.640147E-11  -0.502226E-12
   0.226000E+03  -0.479463E-11  -0.125897E-10  -0.184343E-11
   0.227000E+03  -0.470985E-11  -0.119260E-10  -0.146336E-11
   0.228000E+03  -0.328494E-11  -0.708809E-11  -0.388723E-13
   0.229000E+03  -0.312020E-11  -0.627811E-11   0.328008E-12
   0.230000E+03  -0.493130E-11  -0.117653E-10  -0.957510E-12
   0.231000E+03  -0.656353E-11  -0.167659E-10  -0.216751E-11
   0.232000E+03  -0.600412E-11  -0.149301E-10  -0.166898E-11
   0.233000E+03  -0.417639E-11  -0.915841E-11  -0.191271E-12
   0.234000E+03  -0.363485E-11  -0.750267E-11   0.205107E-12
   0.235000E+03  -0.500547E-11  -0.119453E-10  -0.999401E-12
   0.236000E+03  -0.613410E-11  -0.156994E-10  -0.207411E-11
   0.237000E+03  -0.510596E-11  -0.127177E-10  -0.146045E-11
   0.238000E+03  -0.291132E-11  -0.610504E-11   0.628986E-13
   0.239000E+03  -0.205602E-11  -0.375539E-11   0.477816E-12
   0.240000E+03  -0.307799E-11  -0.737041E-11  -0.662061E-12
   0.241000E+03  -0.382597E-11  -0.101683E-10  -0.162513E-11
   0.242000E+03  -0.248273E-11  -0.640358E-11  -0.926416E-12
   0.243000E+03  -0.104176E-12   0.617100E-12   0.607943E-12
   0.244000E+03   0.851062E-12   0.315175E-11   0.100200E-11
   0.245000E+03  -0.697903E-13  -0.231211E-12  -0.119773E-12
   0.246000E+03  -0.715862E-12  -0.274977E-11  -0.102560E-11
   0.247000E+03   0.645368E-12   0.107548E-11  -0.300488E-12
   0.248000E+03   0.291198E-11   0.779159E-11   0.118802E-11
   0.249000E+03   0.368849E-11   0.985221E-11   0.150987E-11
   0.250000E+03   0.261078E-11   0.610177E-11   0.359387E-12
   0.251000E+03   0.181981E-11   0.329005E-11  -0.535225E-12
   0.252000E+03   0.294847E-11   0.658288E-11   0.167984E-12
   0.253000E+03   0.483996E-11   0.123519E-10   0.155932E-11
   0.254000E+03   0.516908E-11   0.132643E-10   0.175626E-11
   0.255000E+03   0.368665E-11   0.851499E-11   0.527532E-12
   0.256000E+03   0.256131E-11   0.493009E-11  -0.394642E-12
   0.257000E+03   0.335717E-11   0.745178E-11   0.266560E-12
   0.258000E+03   0.486789E-11   0.122925E-10   0.156211E-11
   0.259000E+03   0.481384E-11   0.122607E-10   0.165150E-11
   0.260000E+03   0.302108E-11   0.678498E-11   0.367104E-12
   0.261000E+03   0.165582E-11   0.267965E-11  -0.562960E-12
   0.262000E+03   0.220810E-11   0.464918E-11   0.725905E-13
   0.263000E+03   0.343761E-11   0.879462E-11   0.129073E-11
   0.264000E+03   0.312953E-11   0.812455E-11   0.129784E-11
   0.265000E+03   0.119366E-11   0.232866E-11  -0.916054E-14
   0.266000E+03  -0.211081E-12  -0.180226E-11  -0.908251E-12
   0.267000E+03   0.318787E-12   0.165134E-12  -0.255658E-12
   0.268000E+03   0.149481E-11   0.418219E-11   0.929994E-12
   0.269000E+03   0.115401E-11   0.342194E-11   0.899389E-12
   0.270000E+03  -0.720104E-12  -0.219288E-11  -0.389611E-12
   0.271000E+03  -0.198115E-11  -0.590900E-11  -0.122319E-11
   0.272000E+03  -0.131241E-11  -0.356277E-11  -0.524287E-12
   0.273000E+03  -0.484628E-13   0.655744E-12   0.654958E-12
   0.274000E+03  -0.299552E-12   0.881721E-13   0.610052E-12
   0.275000E+03  -0.200945E-11  -0.511223E-11  -0.641672E-12
   0.276000E+03  -0.304542E-11  -0.823304E-11  -0.139587E-11
   0.277000E+03  -0.217808E-11  -0.538180E-11  -0.641647E-12
   0.278000E+03  -0.789690E-12  -0.894014E-12   0.536425E-12
   0.279000E+03  -0.940909E-12  -0.126831E-11   0.478151E-12
   0.280000E+03  -0.250405E-11  -0.612503E-11  -0.741256E-12
   0.281000E+03  -0.335487E-11  -0.877822E-11  -0.142673E-11
   0.282000E+03  -0.233987E-11  -0.557337E-11  -0.630233E-12
   0.283000E+03  -0.877643E-12  -0.958103E-12   0.535252E-12
   0.284000E+03  -0.974892E-12  -0.125883E-11   0.454996E-12
   0.285000E+03  -0.243628E-11  -0.588194E-11  -0.740145E-12
   0.286000E+03  -0.315385E-11  -0.819290E-11  -0.136732E-11
   0.287000E+03  -0.205762E-11  -0.479998E-11  -0.542658E-12
   0.288000E+03  -0.608297E-12  -0.282459E-12   0.592189E-12
   0.289000E+03  -0.760110E-12  -0.801314E-12   0.467570E-12
   0.290000E+03  -0.224117E-11  -0.552483E-11  -0.729317E-12
   0.291000E+03  -0.293592E-11  -0.780096E-11  -0.132322E-11
   0.292000E+03  -0.182480E-11  -0.440394E-11  -0.486049E-12
   0.293000E+03  -0.385580E-12   0.292462E-13   0.619115E-12
   0.294000E+03  -0.519373E-12  -0.494614E-12   0.468025E-12
   0.295000E+03  -0.190285E-11  -0.497880E-11  -0.702828E-12
   0.296000E+03  -0.244789E-11  -0.685541E-11  -0.123482E-11
   0.297000E+03  -0.121071E-11  -0.313720E-11  -0.360754E-12
   0.298000E+03   0.306344E-12   0.146113E-11   0.734506E-12
   0.299000E+03   0.259056E-12   0.112709E-11   0.573308E-12
   0.300000E+03  -0.974058E-12  -0.296473E-11  -0.558714E-12
   0.301000E+03  -0.133400E-11  -0.433337E-11  -0.102062E-11
   0.302000E+03   0.424123E-13  -0.241906E-12  -0.106430E-12
   0.303000E+03   0.162493E-11   0.450875E-11   0.977824E-12
   0.304000E+03   0.162606E-11   0.428606E-11   0.801121E-12
   0.305000E+03   0.481335E-12   0.446447E-12  -0.302614E-12
   0.306000E+03   0.222826E-12  -0.610744E-12  -0.710540E-12
   0.307000E+03   0.163499E-11   0.360646E-11   0.223212E-12
   0.308000E+03   0.316131E-11   0.821598E-11   0.127304E-11
   0.309000E+03   0.307331E-11   0.777085E-11   0.105512E-11
   0.310000E+03   0.186714E-11   0.381726E-11  -0.488648E-13
   0.311000E+03   0.155203E-11   0.268182E-11  -0.434277E-12
   0.312000E+03   0.283582E-11   0.661551E-11   0.485606E-12
   0.313000E+03   0.413481E-11   0.106511E-10   0.146651E-11
   0.314000E+03   0.377940E-11   0.952576E-11   0.117176E-11
   0.315000E+03   0.233472E-11   0.499815E-11   0.314561E-13
   0.316000E+03   0.180744E-11   0.337914E-11  -0.364182E-12
   0.317000E+03   0.285346E-11   0.674911E-11   0.518682E-12
   0.318000E+03   0.387593E-11   0.100963E-10   0.142151E-11
   0.319000E+03   0.325786E-11   0.832420E-11   0.105343E-11
   0.320000E+03   0.161160E-11   0.334107E-11  -0.113163E-12
   0.321000E+03   0.918861E-12   0.137690E-11  -0.508452E-12
   0.322000E+03   0.177143E-11   0.430529E-11   0.346303E-12
   0.323000E+03   0.255597E-11   0.705878E-11   0.117857E-11
   0.324000E+03   0.170610E-11   0.470014E-11   0.742729E-12
   0.325000E+03  -0.120652E-12  -0.719503E-12  -0.448190E-12
   0.326000E+03  -0.961837E-12  -0.303382E-11  -0.844106E-12
   0.327000E+03  -0.269663E-12  -0.515964E-12  -0.159207E-13
   0.328000E+03   0.354814E-12   0.179617E-11   0.757790E-12
   0.329000E+03  -0.583349E-12  -0.814222E-12   0.281613E-12
   0.330000E+03  -0.238269E-11  -0.615610E-11  -0.892151E-12
   0.331000E+03  -0.312278E-11  -0.819177E-11  -0.123907E-11
   0.332000E+03  -0.233017E-11  -0.542738E-11  -0.385903E-12
   0.333000E+03  -0.161630E-11  -0.293485E-11   0.378750E-12
   0.334000E+03  -0.241359E-11  -0.523447E-11  -0.922114E-13
   0.335000E+03  -0.397606E-11  -0.999128E-11  -0.120798E-11
   0.336000E+03  -0.442321E-11  -0.112872E-10  -0.146971E-11
   0.337000E+03  -0.335765E-11  -0.786249E-11  -0.559453E-12
   0.338000E+03  -0.240650E-11  -0.483526E-11   0.224317E-12
   0.339000E+03  -0.294509E-11  -0.654359E-11  -0.218340E-12
   0.340000E+03  -0.418496E-11  -0.105148E-10  -0.125969E-11
   0.341000E+03  -0.428367E-11  -0.109452E-10  -0.142674E-11
   0.342000E+03  -0.291643E-11  -0.679860E-11  -0.455260E-12
   0.343000E+03  -0.172410E-11  -0.323268E-11   0.347956E-12
   0.344000E+03  -0.202484E-11  -0.440281E-11  -0.698466E-13
   0.345000E+03  -0.298706E-11  -0.769777E-11  -0.104501E-11
   0.346000E+03  -0.280357E-11  -0.742173E-11  -0.113051E-11
   0.347000E+03  -0.121949E-11  -0.275523E-11  -0.114655E-12
   0.348000E+03   0.109660E-12   0.110114E-11   0.688280E-12
   0.349000E+03  -0.810301E-13   0.162925E-12   0.271728E-12
   0.350000E+03  -0.917463E-12  -0.282282E-11  -0.666026E-12
   0.351000E+03  -0.619277E-12  -0.224474E-11  -0.702654E-12
   0.352000E+03   0.101353E-11   0.254248E-11   0.325096E-12
   0.353000E+03   0.232190E-11   0.632676E-11   0.109897E-11
   0.354000E+03   0.209255E-11   0.528879E-11   0.658086E-12
   0.355000E+03   0.122996E-11   0.227495E-11  -0.268619E-12
   0.356000E+03   0.147632E-11   0.277774E-11  -0.286852E-12
   0.357000E+03   0.297510E-11   0.726159E-11   0.718359E-12
   0.358000E+03   0.406964E-11   0.105178E-10   0.142698E-11
   0.359000E+03   0.360291E-11   0.890250E-11   0.924535E-12
   0.360000E+03   0.250846E-11   0.535435E-11  -0.309970E-13
   0.361000E+03   0.248907E-11   0.524091E-11  -0.744236E-13
   0.362000E+03   0.364076E-11   0.887062E-11   0.863637E-12
   0.363000E+03   0.433198E-11   0.111026E-10   0.146751E-11
   0.364000E+03   0.348958E-11   0.854703E-11   0.875326E-12
   0.365000E+03   0.209510E-11   0.428854E-11  -0.122648E-12
   0.366000E+03   0.181411E-11   0.357550E-11  -0.190401E-12
   0.367000E+03   0.268335E-11   0.652631E-11   0.693832E-12
   0.368000E+03   0.308029E-11   0.802176E-11   0.121600E-11
   0.369000E+03   0.200420E-11   0.489267E-11   0.564050E-12
   0.370000E+03   0.479701E-12   0.356241E-12  -0.441572E-12
   0.371000E+03   0.132414E-12  -0.463733E-12  -0.494968E-12
   0.372000E+03   0.933347E-12   0.234656E-11   0.377579E-12
   0.373000E+03   0.125669E-11   0.365823E-11   0.862103E-12
   0.374000E+03   0.159667E-12   0.484031E-12   0.193162E-12
   0.375000E+03  -0.130018E-11  -0.385449E-11  -0.781904E-12
   0.376000E+03  -0.153996E-11  -0.436501E-11  -0.788349E-12
   0.377000E+03  -0.652335E-12  -0.133043E-11   0.100848E-12
   0.378000E+03  -0.264731E-12   0.117784E-12   0.573306E-12
   0.379000E+03  -0.126298E-11  -0.282704E-11  -0.900758E-13
   0.380000E+03  -0.255806E-11  -0.674288E-11  -0.101638E-11
   0.381000E+03  -0.260868E-11  -0.676600E-11  -0.962254E-12
   0.382000E+03  -0.156843E-11  -0.336827E-11  -0.460361E-13
   0.383000E+03  -0.106560E-11  -0.168128E-11   0.422589E-12
   0.384000E+03  -0.193121E-11  -0.433700E-11  -0.229780E-12
   0.385000E+03  -0.304540E-11  -0.781459E-11  -0.110578E-11
   0.386000E+03  -0.290259E-11  -0.736155E-11  -0.992534E-12
   0.387000E+03  -0.170628E-11  -0.360616E-11  -0.503855E-13
   0.388000E+03  -0.107793E-11  -0.165742E-11   0.416370E-12
   0.389000E+03  -0.179718E-11  -0.398266E-11  -0.220952E-12
   0.390000E+03  -0.272671E-11  -0.700126E-11  -0.104467E-11
   0.391000E+03  -0.241013E-11  -0.611138E-11  -0.875931E-12
   0.392000E+03  -0.110516E-11  -0.211054E-11   0.826142E-13
   0.393000E+03  -0.420988E-12  -0.701463E-13   0.534129E-12
   0.394000E+03  -0.107820E-11  -0.227236E-11  -0.103929E-12
   0.395000E+03  -0.191947E-11  -0.507197E-11  -0.894174E-12
   0.396000E+03  -0.154054E-11  -0.402816E-11  -0.693005E-12
   0.397000E+03  -0.254511E-12  -0.112388E-12   0.254976E-12
   0.398000E+03   0.350030E-12   0.166478E-11   0.663098E-12
   0.399000E+03  -0.368915E-12  -0.738037E-12  -0.813218E-15
   0.400000E+03  -0.121023E-11  -0.354276E-11  -0.775184E-12
   0.401000E+03  -0.805393E-12  -0.242240E-11  -0.548273E-12
   0.402000E+03   0.476445E-12   0.147639E-11   0.394024E-12
   0.403000E+03   0.104948E-11   0.315249E-11   0.771920E-12
   0.404000E+03   0.325082E-12   0.731906E-12   0.974882E-13
   0.405000E+03  -0.470807E-12  -0.193002E-11  -0.648930E-12
   0.406000E+03  -0.107473E-13  -0.635131E-12  -0.389001E-12
   0.407000E+03   0.128495E-11   0.331055E-11   0.552116E-12
   0.408000E+03   0.183837E-11   0.493254E-11   0.903709E-12
   0.409000E+03   0.111283E-11   0.252177E-11   0.221650E-12
   0.410000E+03   0.352661E-12  -0.715093E-14  -0.497353E-12
   0.411000E+03   0.839141E-12   0.140046E-11  -0.209868E-12
   0.412000E+03   0.210096E-11   0.527982E-11   0.720495E-12
   0.413000E+03   0.257178E-11   0.669367E-11   0.103373E-11
   0.414000E+03   0.177026E-11   0.410664E-11   0.329927E-12
   0.415000E+03   0.960488E-12   0.149506E-11  -0.378599E-12
   0.416000E+03   0.137851E-11   0.277110E-11  -0.835496E-13
   0.417000E+03   0.250432E-11   0.631664E-11   0.814210E-12
   0.418000E+03   0.278789E-11   0.724429E-11   0.106716E-11
   0.419000E+03   0.181122E-11   0.421456E-11   0.321077E-12
   0.420000E+03   0.870587E-12   0.130012E-11  -0.394309E-12
   0.421000E+03   0.117187E-11   0.231384E-11  -0.102665E-12
   0.422000E+03   0.215806E-11   0.551856E-11   0.761393E-12
   0.423000E+03   0.229601E-11   0.607925E-11   0.963781E-12
   0.424000E+03   0.121768E-11   0.281412E-11   0.192612E-12
   0.425000E+03   0.229978E-12  -0.169832E-12  -0.510849E-12
   0.426000E+03   0.489598E-12   0.786236E-12  -0.206858E-12
   0.427000E+03   0.139357E-11   0.380094E-11   0.634989E-12
   0.428000E+03   0.142650E-11   0.409512E-11   0.795052E-12
   0.429000E+03   0.275509E-12   0.659987E-12   0.466861E-14
   0.430000E+03  -0.738325E-12  -0.235335E-11  -0.683511E-12
   0.431000E+03  -0.508014E-12  -0.144229E-11  -0.366743E-12
   0.432000E+03   0.314689E-12   0.135858E-11   0.450454E-12
   0.433000E+03   0.231842E-12   0.132414E-11   0.563436E-12
   0.434000E+03  -0.100668E-11  -0.236021E-11  -0.251891E-12
   0.435000E+03  -0.204792E-11  -0.544829E-11  -0.928330E-12
   0.436000E+03  -0.181212E-11  -0.452807E-11  -0.595095E-12
   0.437000E+03  -0.984466E-12  -0.174159E-11   0.212821E-12
   0.438000E+03  -0.104778E-11  -0.176558E-11   0.306008E-12
   0.439000E+03  -0.220943E-11  -0.527796E-11  -0.500031E-12
   0.440000E+03  -0.311062E-11  -0.801265E-11  -0.113047E-11
   0.441000E+03  -0.271650E-11  -0.669873E-11  -0.750703E-12
   0.442000E+03  -0.174956E-11  -0.359511E-11   0.738370E-13
   0.443000E+03  -0.167329E-11  -0.331556E-11   0.170812E-12
   0.444000E+03  -0.264961E-11  -0.639119E-11  -0.604239E-12
   0.445000E+03  -0.331674E-11  -0.854262E-11  -0.117027E-11
   0.446000E+03  -0.269025E-11  -0.665443E-11  -0.730189E-12
   0.447000E+03  -0.153326E-11  -0.311077E-11   0.120282E-12
   0.448000E+03  -0.128968E-11  -0.246115E-11   0.226616E-12
   0.449000E+03  -0.207411E-11  -0.508483E-11  -0.515605E-12
   0.450000E+03  -0.252048E-11  -0.668605E-11  -0.101977E-11
   0.451000E+03  -0.169453E-11  -0.430457E-11  -0.526383E-12
   0.452000E+03  -0.400067E-12  -0.450152E-12   0.339277E-12
   0.453000E+03  -0.609213E-13   0.393135E-12   0.441226E-12
   0.454000E+03  -0.741722E-12  -0.199535E-11  -0.284792E-12
   0.455000E+03  -0.106591E-11  -0.328661E-11  -0.746121E-12
   0.456000E+03  -0.140314E-12  -0.650066E-12  -0.218959E-12
   0.457000E+03   0.119836E-11   0.330140E-11   0.644464E-12
   0.458000E+03   0.154811E-11   0.415419E-11   0.727704E-12
   0.459000E+03   0.888802E-12   0.182979E-11   0.492419E-14
   0.460000E+03   0.598542E-12   0.663377E-12  -0.428193E-12
   0.461000E+03   0.152218E-11   0.333390E-11   0.114612E-12
   0.462000E+03   0.278689E-11   0.711550E-11   0.954172E-12
   0.463000E+03   0.301246E-11   0.766446E-11   0.994116E-12
   0.464000E+03   0.222519E-11   0.504922E-11   0.246968E-12
   0.465000E+03   0.180871E-11   0.362108E-11  -0.188627E-12
   0.466000E+03   0.256465E-11   0.591978E-11   0.336969E-12
   0.467000E+03   0.358724E-11   0.911300E-11   0.111897E-11
   0.468000E+03   0.351761E-11   0.892272E-11   0.108128E-11
   0.469000E+03   0.242872E-11   0.556222E-11   0.274158E-12
   0.470000E+03   0.171964E-11   0.342556E-11  -0.199498E-12
   0.471000E+03   0.217320E-11   0.498324E-11   0.278862E-12
   0.472000E+03   0.288235E-11   0.738797E-11   0.986943E-12
   0.473000E+03   0.253143E-11   0.649078E-11   0.874551E-12
   0.474000E+03   0.123864E-11   0.264569E-11   0.288431E-13
   0.475000E+03   0.394902E-12   0.221460E-12  -0.449287E-12
   0.476000E+03   0.732854E-12   0.152949E-11   0.204205E-13
   0.477000E+03   0.132073E-11   0.364145E-11   0.693694E-12
   0.478000E+03   0.876512E-12   0.251188E-11   0.544707E-12
   0.479000E+03  -0.436880E-12  -0.136384E-11  -0.302893E-12
   0.480000E+03  -0.123644E-11  -0.363873E-11  -0.750745E-12
   0.481000E+03  -0.842741E-12  -0.216607E-11  -0.257324E-12
   0.482000E+03  -0.217578E-12   0.326211E-13   0.410963E-12
   0.483000E+03  -0.613580E-12  -0.995046E-12   0.252323E-12
   0.484000E+03  -0.182450E-11  -0.461580E-11  -0.573889E-12
   0.485000E+03  -0.247422E-11  -0.650178E-11  -0.972433E-12
   0.486000E+03  -0.193531E-11  -0.466714E-11  -0.440197E-12
   0.487000E+03  -0.119961E-11  -0.222590E-11   0.235137E-12
   0.488000E+03  -0.149096E-11  -0.303828E-11   0.762117E-13
   0.489000E+03  -0.255796E-11  -0.632771E-11  -0.722000E-12
   0.490000E+03  -0.302495E-11  -0.776698E-11  -0.106669E-11
   0.491000E+03  -0.230725E-11  -0.550442E-11  -0.490981E-12
   0.492000E+03  -0.142078E-11  -0.272850E-11   0.198403E-12
   0.493000E+03  -0.156279E-11  -0.321284E-11   0.485494E-13
   0.494000E+03  -0.244603E-11  -0.606418E-11  -0.712599E-12
   0.495000E+03  -0.270519E-11  -0.698490E-11  -0.997737E-12
   0.496000E+03  -0.180333E-11  -0.427190E-11  -0.377334E-12
   0.497000E+03  -0.780441E-12  -0.118818E-11   0.323666E-12
   0.498000E+03  -0.806643E-12  -0.141903E-11   0.177356E-12
   0.499000E+03  -0.156000E-11  -0.395792E-11  -0.556169E-12
   0.500000E+03  -0.168617E-11  -0.453889E-11  -0.796033E-12
   0.501000E+03  -0.692936E-12  -0.159959E-11  -0.149337E-12
   0.502000E+03   0.360572E-12   0.153550E-11   0.542591E-12
   0.503000E+03   0.333559E-12   0.127355E-11   0.377579E-12
   0.504000E+03  -0.419647E-12  -0.127479E-11  -0.353418E-12
   0.505000E+03  -0.556804E-12  -0.188051E-11  -0.577127E-12
   0.506000E+03   0.377842E-12   0.900819E-12   0.646548E-13
   0.507000E+03   0.132544E-11   0.373910E-11   0.719477E-12
   0.508000E+03   0.119648E-11   0.319722E-11   0.516348E-12
   0.509000E+03   0.389589E-12   0.523711E-12  -0.220783E-12
   0.510000E+03   0.230195E-12  -0.103759E-12  -0.428120E-12
   0.511000E+03   0.112043E-11   0.259147E-11   0.213968E-12
   0.512000E+03   0.198273E-11   0.521872E-11   0.838315E-12
   0.513000E+03   0.176680E-11   0.446169E-11   0.602681E-12
   0.514000E+03   0.912371E-12   0.169760E-11  -0.137303E-12
   0.515000E+03   0.729998E-12   0.105933E-11  -0.327498E-12
   0.516000E+03   0.157024E-11   0.366341E-11   0.313922E-12
   0.517000E+03   0.233623E-11   0.605871E-11   0.905886E-12
   0.518000E+03   0.201418E-11   0.504251E-11   0.634666E-12
   0.519000E+03   0.108247E-11   0.211287E-11  -0.113636E-12
   0.520000E+03   0.836535E-12   0.135542E-11  -0.295436E-12
   0.521000E+03   0.157735E-11   0.373133E-11   0.333830E-12
   0.522000E+03   0.219253E-11   0.573972E-11   0.880832E-12
   0.523000E+03   0.171107E-11   0.430950E-11   0.562116E-12
   0.524000E+03   0.660452E-12   0.108912E-11  -0.203996E-12
   0.525000E+03   0.335066E-12   0.157057E-12  -0.381958E-12
   0.526000E+03   0.998806E-12   0.235502E-11   0.238576E-12
   0.527000E+03   0.152667E-11   0.414140E-11   0.753532E-12
   0.528000E+03   0.979841E-12   0.254719E-11   0.407665E-12
   0.529000E+03  -0.841706E-13  -0.683134E-12  -0.353419E-12
   0.530000E+03  -0.388935E-12  -0.152661E-11  -0.506734E-12
   0.531000E+03   0.285097E-12   0.718770E-12   0.122444E-12
   0.532000E+03   0.801171E-12   0.247424E-11   0.620363E-12
   0.533000E+03   0.254220E-12   0.878465E-12   0.260715E-12
   0.534000E+03  -0.770869E-12  -0.223462E-11  -0.484755E-12
   0.535000E+03  -0.102012E-11  -0.290972E-11  -0.607234E-12
   0.536000E+03  -0.319205E-12  -0.586504E-12   0.324424E-13
   0.537000E+03   0.187588E-12   0.113109E-11   0.512586E-12
   0.538000E+03  -0.366175E-12  -0.497647E-12   0.137101E-12
   0.539000E+03  -0.136764E-11  -0.354953E-11  -0.596773E-12
   0.540000E+03  -0.158830E-11  -0.414722E-11  -0.695859E-12
   0.541000E+03  -0.899170E-12  -0.187319E-11  -0.564027E-13
   0.542000E+03  -0.443277E-12  -0.331149E-12   0.394775E-12
   0.543000E+03  -0.103132E-11  -0.209169E-11  -0.401815E-14
   0.544000E+03  -0.200475E-11  -0.509110E-11  -0.726582E-12
   0.545000E+03  -0.215165E-11  -0.550425E-11  -0.793928E-12
   0.546000E+03  -0.139329E-11  -0.307010E-11  -0.138544E-12
   0.547000E+03  -0.887452E-12  -0.143776E-11   0.304733E-12
   0.548000E+03  -0.140775E-11  -0.306142E-11  -0.954780E-13
   0.549000E+03  -0.226260E-11  -0.577350E-11  -0.787588E-12
   0.550000E+03  -0.225985E-11  -0.580963E-11  -0.808072E-12
   0.551000E+03  -0.136806E-11  -0.305469E-11  -0.124532E-12
   0.552000E+03  -0.756967E-12  -0.119282E-11   0.321779E-12
   0.553000E+03  -0.116465E-11  -0.256446E-11  -0.702244E-13
   0.554000E+03  -0.187113E-11  -0.491105E-11  -0.725249E-12
   0.555000E+03  -0.170793E-11  -0.454058E-11  -0.696735E-12
   0.556000E+03  -0.691761E-12  -0.148687E-11   0.126557E-13
   0.557000E+03  -0.325309E-14   0.534152E-12   0.456275E-12
   0.558000E+03  -0.342972E-12  -0.698467E-12   0.639455E-13
   0.559000E+03  -0.958667E-12  -0.282438E-11  -0.565121E-12
   0.560000E+03  -0.698008E-12  -0.220272E-11  -0.500205E-12
   0.561000E+03   0.383700E-12   0.101105E-11   0.223465E-12
   0.562000E+03   0.110112E-11   0.308680E-11   0.655995E-12
   0.563000E+03   0.789158E-12   0.191674E-11   0.257755E-12
   0.564000E+03   0.223228E-12  -0.639636E-13  -0.350942E-12
   0.565000E+03   0.529969E-12   0.706221E-12  -0.258005E-12
   0.566000E+03   0.161157E-11   0.393867E-11   0.468180E-12
   0.567000E+03   0.227988E-11   0.589453E-11   0.875654E-12
   0.568000E+03   0.190832E-11   0.458772E-11   0.456141E-12
   0.569000E+03   0.129566E-11   0.252813E-11  -0.149623E-12
   0.570000E+03   0.154063E-11   0.319078E-11  -0.492750E-13
   0.571000E+03   0.250172E-11   0.614965E-11   0.655656E-12
   0.572000E+03   0.299018E-11   0.766247E-11   0.101230E-11
   0.573000E+03   0.242291E-11   0.587747E-11   0.544834E-12
   0.574000E+03   0.162787E-11   0.339369E-11  -0.851073E-13
   0.575000E+03   0.168164E-11   0.361368E-11  -0.428039E-14
   0.576000E+03   0.240535E-11   0.599042E-11   0.654299E-12
   0.577000E+03   0.261788E-11   0.680075E-11   0.939369E-12
   0.578000E+03   0.179045E-11   0.435765E-11   0.410065E-12
   0.579000E+03   0.792272E-12   0.138392E-11  -0.248985E-12
   0.580000E+03   0.687298E-12   0.123767E-11  -0.181894E-12
   0.581000E+03   0.126088E-11   0.325648E-11   0.447676E-12
   0.582000E+03   0.132967E-11   0.370894E-11   0.688601E-12
   0.583000E+03   0.400165E-12   0.101849E-11   0.130688E-12
   0.584000E+03  -0.637233E-12  -0.202589E-11  -0.523728E-12
   0.585000E+03  -0.743807E-12  -0.214592E-11  -0.439413E-12
   0.586000E+03  -0.172561E-12  -0.124622E-12   0.189311E-12
   0.587000E+03  -0.106208E-12   0.309448E-12   0.413061E-12
   0.588000E+03  -0.100149E-11  -0.230310E-11  -0.147109E-12
   0.589000E+03  -0.194966E-11  -0.511383E-11  -0.772374E-12
   0.590000E+03  -0.194227E-11  -0.493802E-11  -0.649693E-12
   0.591000E+03  -0.127434E-11  -0.268912E-11  -0.442639E-14
   0.592000E+03  -0.112868E-11  -0.209424E-11   0.216371E-12
   0.593000E+03  -0.192338E-11  -0.448955E-11  -0.334502E-12
   0.594000E+03  -0.272701E-11  -0.695428E-11  -0.921392E-12
   0.595000E+03  -0.255481E-11  -0.637784E-11  -0.752334E-12
   0.596000E+03  -0.173707E-11  -0.378395E-11  -0.816864E-13
   0.597000E+03  -0.145381E-11  -0.288926E-11   0.147226E-12
   0.598000E+03  -0.208805E-11  -0.491701E-11  -0.381887E-12
   0.599000E+03  -0.269411E-11  -0.689862E-11  -0.919185E-12
   0.600000E+03  -0.231879E-11  -0.582042E-11  -0.696006E-12
   0.601000E+03  -0.133082E-11  -0.282528E-11   0.402056E-14
   0.602000E+03  -0.906258E-12  -0.161530E-11   0.242301E-12
   0.603000E+03  -0.139109E-11  -0.329465E-11  -0.266076E-12
   0.604000E+03  -0.182522E-11  -0.484663E-11  -0.757750E-12
   0.605000E+03  -0.128883E-11  -0.335981E-11  -0.488177E-12
   0.606000E+03  -0.191057E-12  -0.101784E-12   0.229753E-12
   0.607000E+03   0.295299E-12   0.123766E-11   0.462663E-12
   0.608000E+03  -0.137624E-12  -0.324237E-12  -0.428443E-13
   0.609000E+03  -0.512655E-12  -0.171644E-11  -0.510090E-12
   0.610000E+03   0.599489E-13  -0.122209E-12  -0.218415E-12
   0.611000E+03   0.113277E-11   0.307045E-11   0.490836E-12
   0.612000E+03   0.153674E-11   0.418355E-11   0.690104E-12
   0.613000E+03   0.100366E-11   0.235835E-11   0.157635E-12
   0.614000E+03   0.535418E-12   0.740760E-12  -0.315622E-12
   0.615000E+03   0.100742E-11   0.209746E-11  -0.296728E-13
   0.616000E+03   0.195228E-11   0.497270E-11   0.650371E-12
   0.617000E+03   0.221483E-11   0.572964E-11   0.805759E-12
   0.618000E+03   0.156142E-11   0.361840E-11   0.245075E-12
   0.619000E+03   0.100143E-11   0.180908E-11  -0.231210E-12
   0.620000E+03   0.137773E-11   0.296526E-11   0.516578E-13
   0.621000E+03   0.219377E-11   0.553694E-11   0.703178E-12
   0.622000E+03   0.230913E-11   0.593151E-11   0.814278E-12
   0.623000E+03   0.152920E-11   0.352126E-11   0.224841E-12
   0.624000E+03   0.872291E-12   0.150505E-11  -0.255463E-12
   0.625000E+03   0.114627E-11   0.243655E-11   0.220308E-13
   0.626000E+03   0.182310E-11   0.466533E-11   0.641441E-12
   0.627000E+03   0.177962E-11   0.465037E-11   0.704575E-12
   0.628000E+03   0.868781E-12   0.191043E-11   0.844184E-13
   0.629000E+03   0.129579E-12  -0.293302E-12  -0.398175E-12
   0.630000E+03   0.344776E-12   0.511646E-12  -0.118628E-12
   0.631000E+03   0.957832E-12   0.258405E-11   0.483080E-12
   0.632000E+03   0.856831E-12   0.241821E-11   0.518942E-12
   0.633000E+03  -0.702007E-13  -0.355899E-12  -0.107912E-12
   0.634000E+03  -0.776408E-12  -0.245171E-11  -0.569083E-12
   0.635000E+03  -0.512170E-12  -0.150076E-11  -0.266166E-12
   0.636000E+03   0.135117E-12   0.659177E-12   0.336825E-12
   0.637000E+03   0.648564E-13   0.559611E-12   0.362809E-12
   0.638000E+03  -0.800523E-12  -0.205884E-11  -0.255154E-12
   0.639000E+03  -0.140808E-11  -0.388832E-11  -0.682127E-12
   0.640000E+03  -0.104259E-11  -0.266743E-11  -0.346369E-12
   0.641000E+03  -0.322727E-12  -0.331136E-12   0.264559E-12
   0.642000E+03  -0.338506E-12  -0.312528E-12   0.284928E-12
   0.643000E+03  -0.113460E-11  -0.276466E-11  -0.322804E-12
   0.644000E+03  -0.165235E-11  -0.435989E-11  -0.717969E-12
   0.645000E+03  -0.120844E-11  -0.293723E-11  -0.355188E-12
   0.646000E+03  -0.448858E-12  -0.518408E-12   0.255809E-12
   0.647000E+03  -0.451553E-12  -0.498043E-12   0.261437E-12
   0.648000E+03  -0.123030E-11  -0.293024E-11  -0.347247E-12
   0.649000E+03  -0.172147E-11  -0.447107E-11  -0.724808E-12
   0.650000E+03  -0.126635E-11  -0.303944E-11  -0.350797E-12
   0.651000E+03  -0.521841E-12  -0.696251E-12   0.247245E-12
   0.652000E+03  -0.536184E-12  -0.746393E-12   0.232524E-12
   0.653000E+03  -0.128444E-11  -0.312246E-11  -0.373728E-12
   0.654000E+03  -0.170498E-11  -0.448464E-11  -0.723616E-12
   0.655000E+03  -0.118031E-11  -0.287987E-11  -0.325661E-12
   0.656000E+03  -0.394298E-12  -0.454243E-12   0.271668E-12
   0.657000E+03  -0.373660E-12  -0.446045E-12   0.247046E-12
   0.658000E+03  -0.105518E-11  -0.266714E-11  -0.348421E-12
   0.659000E+03  -0.137696E-11  -0.377468E-11  -0.664475E-12
   0.660000E+03  -0.762639E-12  -0.194221E-11  -0.238653E-12
   0.661000E+03   0.739780E-13   0.591710E-12   0.359646E-12
   0.662000E+03   0.124385E-12   0.646726E-12   0.324382E-12
   0.663000E+03  -0.509639E-12  -0.146753E-11  -0.263660E-12
   0.664000E+03  -0.760413E-12  -0.238974E-11  -0.551300E-12
   0.665000E+03  -0.842535E-13  -0.396088E-12  -0.103320E-12
   0.666000E+03   0.781212E-12   0.220037E-11   0.491955E-12
   0.667000E+03   0.845591E-12   0.227716E-11   0.444269E-12
   0.668000E+03   0.243569E-12   0.248804E-12  -0.137520E-12
   0.669000E+03   0.421444E-13  -0.524389E-12  -0.399525E-12
   0.670000E+03   0.749341E-12   0.156959E-11   0.653671E-13
   0.671000E+03   0.160440E-11   0.414501E-11   0.650638E-12
   0.672000E+03   0.163624E-11   0.414093E-11   0.582582E-12
   0.673000E+03   0.101191E-11   0.207525E-11  -0.227994E-14
   0.674000E+03   0.796501E-12   0.130334E-11  -0.250323E-12
   0.675000E+03   0.146264E-11   0.332558E-11   0.217369E-12
   0.676000E+03   0.222822E-11   0.568809E-11   0.777040E-12
   0.677000E+03   0.214274E-11   0.539454E-11   0.672245E-12
   0.678000E+03   0.140605E-11   0.306653E-11   0.668808E-13
   0.679000E+03   0.108374E-11   0.206059E-11  -0.185858E-12
   0.680000E+03   0.162038E-11   0.378574E-11   0.266279E-12
   0.681000E+03   0.222269E-11   0.574849E-11   0.785167E-12
   0.682000E+03   0.196714E-11   0.503403E-11   0.633414E-12
   0.683000E+03   0.108355E-11   0.235801E-11   0.119045E-14
   0.684000E+03   0.628747E-12   0.104992E-11  -0.261634E-12
   0.685000E+03   0.101266E-11   0.240796E-11   0.168906E-12
   0.686000E+03   0.143500E-11   0.391114E-11   0.641890E-12
   0.687000E+03   0.101307E-11   0.276694E-11   0.442673E-12
   0.688000E+03   0.212717E-13  -0.172357E-12  -0.209232E-12
   0.689000E+03  -0.487255E-12  -0.158896E-11  -0.466691E-12
   0.690000E+03  -0.145034E-12  -0.317109E-12  -0.357944E-13
   0.691000E+03   0.224732E-12   0.104985E-11   0.416763E-12
   0.692000E+03  -0.235080E-12  -0.201746E-12   0.196018E-12
   0.693000E+03  -0.121393E-11  -0.310707E-11  -0.451458E-12
   0.694000E+03  -0.166361E-11  -0.436304E-11  -0.682127E-12
   0.695000E+03  -0.125731E-11  -0.292976E-11  -0.231630E-12
   0.696000E+03  -0.840849E-12  -0.146987E-11   0.218425E-12
   0.697000E+03  -0.124784E-11  -0.262216E-11  -0.715989E-14
   0.698000E+03  -0.213299E-11  -0.531216E-11  -0.635354E-12
   0.699000E+03  -0.245045E-11  -0.624381E-11  -0.826224E-12
   0.700000E+03  -0.190839E-11  -0.448623E-11  -0.343623E-12
   0.701000E+03  -0.137118E-11  -0.275881E-11   0.117545E-12
   0.702000E+03  -0.165071E-11  -0.362991E-11  -0.981297E-13
   0.703000E+03  -0.237386E-11  -0.593503E-11  -0.693107E-12
   0.704000E+03  -0.250381E-11  -0.640435E-11  -0.833201E-12
   0.705000E+03  -0.178541E-11  -0.422105E-11  -0.310866E-12
   0.706000E+03  -0.109911E-11  -0.215379E-11   0.166912E-12
   0.707000E+03  -0.123294E-11  -0.269383E-11  -0.345963E-13
   0.708000E+03  -0.178725E-11  -0.459007E-11  -0.594014E-12
   0.709000E+03  -0.173749E-11  -0.460806E-11  -0.684230E-12
   0.710000E+03  -0.866802E-12  -0.204930E-11  -0.126603E-12
   0.711000E+03  -0.704260E-13   0.272072E-12   0.360722E-12
   0.712000E+03  -0.110990E-12  -0.537977E-13   0.164383E-12
   0.713000E+03  -0.563150E-12  -0.169223E-11  -0.371059E-12
   0.714000E+03  -0.417160E-12  -0.145211E-11  -0.426793E-12
   0.715000E+03   0.504746E-12   0.124394E-11   0.146744E-12
   0.716000E+03   0.129546E-11   0.354410E-11   0.621490E-12
   0.717000E+03   0.122255E-11   0.313239E-11   0.406768E-12
   0.718000E+03   0.740041E-12   0.143355E-11  -0.129587E-12
   0.719000E+03   0.842590E-12   0.159213E-11  -0.177911E-12
   0.720000E+03   0.166792E-11   0.405975E-11   0.381976E-12
   0.721000E+03   0.230010E-11   0.595445E-11   0.813322E-12
   0.722000E+03   0.204664E-11   0.508139E-11   0.550611E-12
   0.723000E+03   0.140484E-11   0.299665E-11  -0.121796E-13
   0.724000E+03   0.136789E-11   0.283698E-11  -0.720011E-13
   0.725000E+03   0.203947E-11   0.494527E-11   0.463402E-12
   0.726000E+03   0.248986E-11   0.639483E-11   0.848033E-12
   0.727000E+03   0.205317E-11   0.507258E-11   0.538678E-12
   0.728000E+03   0.125558E-11   0.262317E-11  -0.484192E-13
   0.729000E+03   0.108078E-11   0.215149E-11  -0.119306E-12
   0.730000E+03   0.159955E-11   0.389503E-11   0.390727E-12
   0.731000E+03   0.187563E-11   0.490464E-11   0.728844E-12
   0.732000E+03   0.127817E-11   0.317472E-11   0.376457E-12
   0.733000E+03   0.368588E-12   0.457880E-12  -0.226834E-12
   0.734000E+03   0.124779E-12  -0.161691E-12  -0.295829E-12
   0.735000E+03   0.585004E-12   0.145014E-11   0.206923E-12
   0.736000E+03   0.802237E-12   0.231045E-11   0.521475E-12
   0.737000E+03   0.171192E-12   0.494899E-12   0.152023E-12
   0.738000E+03  -0.723070E-12  -0.216881E-11  -0.441568E-12
   0.739000E+03  -0.916917E-12  -0.264092E-11  -0.485275E-12
   0.740000E+03  -0.406602E-12  -0.895548E-12   0.308521E-13
   0.741000E+03  -0.147441E-12   0.590561E-13   0.341048E-12
   0.742000E+03  -0.717168E-12  -0.161327E-11  -0.269217E-13
   0.743000E+03  -0.150865E-11  -0.401326E-11  -0.593690E-12
   0.744000E+03  -0.157616E-11  -0.415543E-11  -0.597715E-12
   0.745000E+03  -0.952814E-12  -0.212808E-11  -0.568569E-13
   0.746000E+03  -0.601839E-12  -0.962979E-12   0.258068E-12
   0.747000E+03  -0.107214E-11  -0.240396E-11  -0.101065E-12
   0.748000E+03  -0.173463E-11  -0.448063E-11  -0.635905E-12
   0.749000E+03  -0.166340E-11  -0.426712E-11  -0.598328E-12
   0.750000E+03  -0.930255E-12  -0.197116E-11  -0.342435E-13
   0.751000E+03  -0.506696E-12  -0.648735E-12   0.281043E-12
   0.752000E+03  -0.911420E-12  -0.194780E-11  -0.760040E-13
   0.753000E+03  -0.149144E-11  -0.382218E-11  -0.588187E-12
   0.754000E+03  -0.133917E-11  -0.340313E-11  -0.521097E-12
   0.755000E+03  -0.564837E-12  -0.101819E-11   0.514735E-13
   0.756000E+03  -0.147940E-12   0.251924E-12   0.350296E-12
   0.757000E+03  -0.574217E-12  -0.113783E-11  -0.228486E-13
   0.758000E+03  -0.115855E-11  -0.304269E-11  -0.530596E-12
   0.759000E+03  -0.998161E-12  -0.261220E-11  -0.449629E-12
   0.760000E+03  -0.227884E-12  -0.253868E-12   0.121782E-12
   0.761000E+03   0.170776E-12   0.944633E-12   0.402516E-12
   0.762000E+03  -0.261166E-12  -0.476975E-12   0.183742E-13
   0.763000E+03  -0.821680E-12  -0.232003E-11  -0.477208E-12
   0.764000E+03  -0.628150E-12  -0.179755E-11  -0.376085E-12
   0.765000E+03   0.151995E-12   0.580032E-12   0.197392E-12
   0.766000E+03   0.535909E-12   0.172077E-11   0.461037E-12
   0.767000E+03   0.965392E-13   0.265327E-12   0.661049E-13
   0.768000E+03  -0.441925E-12  -0.151758E-11  -0.417129E-12
   0.769000E+03  -0.213518E-12  -0.893574E-12  -0.295271E-12
   0.770000E+03   0.583322E-12   0.152912E-11   0.281900E-12
   0.771000E+03   0.963481E-12   0.265193E-11   0.531552E-12
   0.772000E+03   0.527817E-12   0.120473E-11   0.129572E-12
   0.773000E+03   0.168707E-13  -0.490881E-12  -0.338825E-12
   0.774000E+03   0.275589E-12   0.234020E-12  -0.196465E-12
   0.775000E+03   0.107406E-11   0.267217E-11   0.381620E-12
   0.776000E+03   0.142761E-11   0.372658E-11   0.613197E-12
   0.777000E+03   0.967918E-12   0.222471E-11   0.199553E-12
   0.778000E+03   0.452732E-12   0.542999E-12  -0.259538E-12
   0.779000E+03   0.705004E-12   0.128146E-11  -0.103822E-12
   0.780000E+03   0.146224E-11   0.363031E-11   0.466415E-12
   0.781000E+03   0.174040E-11   0.449452E-11   0.670168E-12
   0.782000E+03   0.120410E-11   0.280502E-11   0.234669E-12
   0.783000E+03   0.632606E-12   0.100499E-11  -0.225346E-12
   0.784000E+03   0.832743E-12   0.164189E-11  -0.656436E-13
   0.785000E+03   0.151456E-11   0.381791E-11   0.489687E-12
   0.786000E+03   0.169597E-11   0.444385E-11   0.661758E-12
   0.787000E+03   0.107100E-11   0.254388E-11   0.202992E-12
   0.788000E+03   0.434519E-12   0.610442E-12  -0.258855E-12
   0.789000E+03   0.572719E-12   0.112475E-11  -0.970546E-13
   0.790000E+03   0.116643E-11   0.309517E-11   0.440347E-12
   0.791000E+03   0.123476E-11   0.343526E-11   0.576912E-12
   0.792000E+03   0.500014E-12   0.125840E-11   0.899653E-13
   0.793000E+03  -0.226472E-12  -0.891781E-12  -0.380118E-12
   0.794000E+03  -0.172089E-12  -0.579797E-12  -0.222852E-12
   0.795000E+03   0.328367E-12   0.114882E-11   0.293284E-12
   0.796000E+03   0.308902E-12   0.125085E-11   0.398112E-12
   0.797000E+03  -0.475016E-12  -0.105694E-11  -0.104984E-12
   0.798000E+03  -0.120352E-11  -0.320284E-11  -0.565425E-12
   0.799000E+03  -0.113353E-11  -0.284351E-11  -0.393034E-12
   0.800000E+03  -0.629998E-12  -0.111996E-11   0.120287E-12
   0.801000E+03  -0.650150E-12  -0.104910E-11   0.209834E-12
   0.802000E+03  -0.140278E-11  -0.330205E-11  -0.294246E-12
   0.803000E+03  -0.205275E-11  -0.525821E-11  -0.730060E-12
   0.804000E+03  -0.188107E-11  -0.464907E-11  -0.526704E-12
   0.805000E+03  -0.128213E-11  -0.270739E-11   0.115492E-14
   0.806000E+03  -0.120886E-11  -0.243539E-11   0.939179E-13
   0.807000E+03  -0.184175E-11  -0.441299E-11  -0.393191E-12
   0.808000E+03  -0.233701E-11  -0.599001E-11  -0.789070E-12
   0.809000E+03  -0.200271E-11  -0.498108E-11  -0.543079E-12
   0.810000E+03  -0.126162E-11  -0.270721E-11   0.799712E-14
   0.811000E+03  -0.105994E-11  -0.214796E-11   0.110849E-12
   0.812000E+03  -0.154853E-11  -0.378773E-11  -0.353911E-12
   0.813000E+03  -0.187530E-11  -0.494756E-11  -0.706606E-12
   0.814000E+03  -0.137599E-11  -0.352718E-11  -0.417322E-12
   0.815000E+03  -0.501969E-12  -0.936269E-12   0.155381E-12
   0.816000E+03  -0.193066E-12  -0.132625E-12   0.264951E-12
   0.817000E+03  -0.571738E-12  -0.150864E-11  -0.182940E-12
   0.818000E+03  -0.778633E-12  -0.235984E-11  -0.500873E-12
   0.819000E+03  -0.176495E-12  -0.669533E-12  -0.179830E-12
   0.820000E+03   0.756757E-12   0.206956E-11   0.400694E-12
   0.821000E+03   0.108880E-11   0.292425E-11   0.501666E-12
   0.822000E+03   0.724366E-12   0.158999E-11   0.534081E-13
   0.823000E+03   0.528285E-12   0.790527E-12  -0.249984E-12
   0.824000E+03   0.111168E-11   0.246044E-11   0.794426E-13
   0.825000E+03   0.197423E-11   0.503468E-11   0.642522E-12
   0.826000E+03   0.219517E-11   0.561479E-11   0.709058E-12
   0.827000E+03   0.170685E-11   0.398331E-11   0.233875E-12
   0.828000E+03   0.137777E-11   0.287603E-11  -0.834154E-13
   0.829000E+03   0.179478E-11   0.414936E-11   0.224134E-12
   0.830000E+03   0.244540E-11   0.619457E-11   0.740384E-12
   0.831000E+03   0.243649E-11   0.619378E-11   0.748156E-12
   0.832000E+03   0.174163E-11   0.405488E-11   0.229729E-12
   0.833000E+03   0.123638E-11   0.253454E-11  -0.109638E-12
   0.834000E+03   0.147632E-11   0.338975E-11   0.174052E-12
   0.835000E+03   0.192605E-11   0.493681E-11   0.645604E-12
   0.836000E+03   0.171409E-11   0.442092E-11   0.599956E-12
   0.837000E+03   0.857412E-12   0.188175E-11   0.472236E-13
   0.838000E+03   0.245757E-12   0.118048E-12  -0.300566E-12
   0.839000E+03   0.408374E-12   0.803312E-12  -0.213115E-13
   0.840000E+03   0.784164E-12   0.217297E-11   0.430715E-12
   0.841000E+03   0.512308E-12   0.150577E-11   0.360696E-12
   0.842000E+03  -0.360905E-12  -0.106622E-11  -0.196689E-12
   0.843000E+03  -0.941966E-12  -0.273177E-11  -0.525577E-12
   0.844000E+03  -0.731388E-12  -0.191011E-11  -0.226710E-12
   0.845000E+03  -0.314328E-12  -0.440610E-12   0.227496E-12
   0.846000E+03  -0.538886E-12  -0.100340E-11   0.153553E-12
   0.847000E+03  -0.132978E-11  -0.337362E-11  -0.389420E-12
   0.848000E+03  -0.179141E-11  -0.473157E-11  -0.682617E-12
   0.849000E+03  -0.145444E-11  -0.358991E-11  -0.349865E-12
   0.850000E+03  -0.926870E-12  -0.185884E-11   0.119045E-12
   0.851000E+03  -0.104345E-11  -0.217506E-11   0.526082E-13
   0.852000E+03  -0.170160E-11  -0.422532E-11  -0.466147E-12
   0.853000E+03  -0.200632E-11  -0.518899E-11  -0.716640E-12
   0.854000E+03  -0.151942E-11  -0.367462E-11  -0.346148E-12
   0.855000E+03  -0.870289E-12  -0.165862E-11   0.138997E-12
   0.856000E+03  -0.878957E-12  -0.173012E-11   0.800570E-13
   0.857000E+03  -0.141688E-11  -0.349160E-11  -0.416547E-12
   0.858000E+03  -0.159299E-11  -0.413143E-11  -0.629820E-12
   0.859000E+03  -0.100190E-11  -0.235916E-11  -0.231057E-12
   0.860000E+03  -0.292046E-12  -0.211036E-12   0.257855E-12
   0.861000E+03  -0.264223E-12  -0.216415E-12   0.192356E-12
   0.862000E+03  -0.761319E-12  -0.188752E-11  -0.297475E-12
   0.863000E+03  -0.897244E-12  -0.242658E-11  -0.491186E-12
   0.864000E+03  -0.301032E-12  -0.650125E-12  -0.847053E-13
   0.865000E+03   0.362965E-12   0.135410E-11   0.385668E-12
   0.866000E+03   0.323493E-12   0.114575E-11   0.292316E-12
   0.867000E+03  -0.219668E-12  -0.657045E-12  -0.208037E-12
   0.868000E+03  -0.374595E-12  -0.123987E-11  -0.393605E-12
   0.869000E+03   0.196861E-12   0.477869E-12   0.152609E-13
   0.870000E+03   0.806426E-12   0.233367E-11   0.466478E-12
   0.871000E+03   0.700416E-12   0.194146E-11   0.347004E-12
   0.872000E+03   0.113197E-12   0.259679E-13  -0.161933E-12
   0.873000E+03  -0.573524E-13  -0.581633E-12  -0.337764E-12
   0.874000E+03   0.499982E-12   0.111390E-11   0.760410E-13
   0.875000E+03   0.107756E-11   0.288975E-11   0.513268E-12
   0.876000E+03   0.936884E-12   0.240865E-11   0.375420E-12
   0.877000E+03   0.338275E-12   0.477746E-12  -0.133951E-12
   0.878000E+03   0.176674E-12  -0.806294E-13  -0.294086E-12
   0.879000E+03   0.732713E-12   0.163281E-11   0.127495E-12
   0.880000E+03   0.128127E-11   0.334060E-11   0.551401E-12
   0.881000E+03   0.110237E-11   0.276427E-11   0.394866E-12
   0.882000E+03   0.483523E-12   0.797008E-12  -0.116213E-12
   0.883000E+03   0.316045E-12   0.250112E-12  -0.263610E-12
   0.884000E+03   0.850060E-12   0.192678E-11   0.161027E-12
   0.885000E+03   0.134525E-11   0.350122E-11   0.566149E-12
   0.886000E+03   0.110371E-11   0.276370E-11   0.385877E-12
   0.887000E+03   0.443434E-12   0.702635E-12  -0.131095E-12
   0.888000E+03   0.255219E-12   0.126853E-12  -0.268934E-12
   0.889000E+03   0.762027E-12   0.175314E-11   0.157309E-12
   0.890000E+03   0.121092E-11   0.321518E-11   0.545056E-12
   0.891000E+03   0.925240E-12   0.236994E-11   0.345519E-12
   0.892000E+03   0.247918E-12   0.285085E-12  -0.171379E-12
   0.893000E+03   0.609496E-13  -0.256855E-12  -0.294638E-12
   0.894000E+03   0.553534E-12   0.135569E-11   0.135762E-12
   0.895000E+03   0.958146E-12   0.271056E-11   0.506310E-12
   0.896000E+03   0.621312E-12   0.173707E-11   0.286100E-12
   0.897000E+03  -0.865859E-13  -0.411054E-12  -0.233486E-12
   0.898000E+03  -0.291869E-12  -0.977115E-12  -0.346773E-12
   0.899000E+03   0.159526E-12   0.540482E-12   0.809337E-13
   0.900000E+03   0.485036E-12   0.168187E-11   0.425558E-12
   0.901000E+03   0.581249E-13   0.459036E-12   0.175226E-12
   0.902000E+03  -0.714143E-12  -0.186226E-11  -0.355467E-12
   0.903000E+03  -0.954126E-12  -0.251605E-11  -0.463888E-12
   0.904000E+03  -0.533065E-12  -0.108227E-11  -0.383819E-13
   0.905000E+03  -0.246450E-12  -0.619017E-13   0.287462E-12
   0.906000E+03  -0.700323E-12  -0.137853E-11   0.196540E-13
   0.907000E+03  -0.146110E-11  -0.368370E-11  -0.506686E-12
   0.908000E+03  -0.165433E-11  -0.422289E-11  -0.594138E-12
   0.909000E+03  -0.117783E-11  -0.266061E-11  -0.154313E-12
   0.910000E+03  -0.838725E-12  -0.153380E-11   0.170637E-12
   0.911000E+03  -0.122408E-11  -0.270436E-11  -0.953116E-13
   0.912000E+03  -0.188002E-11  -0.475770E-11  -0.598177E-12
   0.913000E+03  -0.194271E-11  -0.497132E-11  -0.647902E-12
   0.914000E+03  -0.134066E-11  -0.310540E-11  -0.180204E-12
   0.915000E+03  -0.892256E-12  -0.173115E-11   0.154865E-12
   0.916000E+03  -0.116387E-11  -0.264309E-11  -0.100015E-12
   0.917000E+03  -0.168109E-11  -0.435945E-11  -0.572277E-12
   0.918000E+03  -0.159188E-11  -0.419273E-11  -0.579962E-12
   0.919000E+03  -0.855736E-12  -0.199939E-11  -0.828841E-13
   0.920000E+03  -0.300955E-12  -0.380675E-12   0.261876E-12
   0.921000E+03  -0.471485E-12  -0.105881E-11   0.163595E-13
   0.922000E+03  -0.872051E-12  -0.248422E-11  -0.428606E-12
   0.923000E+03  -0.663313E-12  -0.200748E-11  -0.399894E-12
   0.924000E+03   0.163573E-12   0.416609E-12   0.118496E-12
   0.925000E+03   0.770905E-12   0.215829E-11   0.463109E-12
   0.926000E+03   0.638172E-12   0.157029E-11   0.215809E-12
   0.927000E+03   0.281986E-12   0.270743E-12  -0.214638E-12
   0.928000E+03   0.528712E-12   0.869404E-12  -0.164546E-12
   0.929000E+03   0.135500E-11   0.331107E-11   0.357825E-12
   0.930000E+03   0.191335E-11   0.493597E-11   0.683064E-12
   0.931000E+03   0.170678E-11   0.417145E-11   0.413062E-12
   0.932000E+03   0.127430E-11   0.270607E-11  -0.257251E-13
   0.933000E+03   0.143163E-11   0.311505E-11   0.208847E-13
   0.934000E+03   0.212599E-11   0.524895E-11   0.520971E-12
   0.935000E+03   0.250185E-11   0.642111E-11   0.799946E-12
   0.936000E+03   0.208656E-11   0.513408E-11   0.479979E-12
   0.937000E+03   0.144484E-11   0.315448E-11   0.542463E-14
   0.938000E+03   0.139148E-11   0.304972E-11   0.226337E-13
   0.939000E+03   0.186047E-11   0.462224E-11   0.479833E-12
   0.940000E+03   0.200480E-11   0.520642E-11   0.701625E-12
   0.941000E+03   0.138519E-11   0.340577E-11   0.332715E-12
   0.942000E+03   0.589299E-12   0.105696E-11  -0.165711E-12
   0.943000E+03   0.419644E-12   0.686717E-12  -0.158214E-12
   0.944000E+03   0.783453E-12   0.201100E-11   0.280661E-12
   0.945000E+03   0.831422E-12   0.235512E-11   0.472837E-12
   0.946000E+03   0.149868E-12   0.402890E-12   0.840995E-13
   0.947000E+03  -0.656446E-12  -0.195429E-11  -0.409173E-12
   0.948000E+03  -0.802005E-12  -0.224217E-11  -0.383829E-12
   0.949000E+03  -0.409445E-12  -0.838342E-12   0.624094E-13
   0.950000E+03  -0.332076E-12  -0.429631E-12   0.249082E-12
   0.951000E+03  -0.959192E-12  -0.225410E-11  -0.136959E-12
   0.952000E+03  -0.167030E-11  -0.436877E-11  -0.604823E-12
   0.953000E+03  -0.169776E-11  -0.435383E-11  -0.544229E-12
   0.954000E+03  -0.119373E-11  -0.267860E-11  -0.757567E-13
   0.955000E+03  -0.101426E-11  -0.203759E-11   0.118635E-12
   0.956000E+03  -0.152336E-11  -0.358759E-11  -0.252728E-12
   0.957000E+03  -0.208489E-11  -0.533409E-11  -0.684893E-12
   0.958000E+03  -0.194963E-11  -0.491318E-11  -0.580983E-12
   0.959000E+03  -0.129959E-11  -0.288672E-11  -0.843079E-13
   0.960000E+03  -0.994133E-12  -0.195790E-11   0.122125E-12
   0.961000E+03  -0.137313E-11  -0.320529E-11  -0.232000E-12
   0.962000E+03  -0.178612E-11  -0.458673E-11  -0.628424E-12
   0.963000E+03  -0.150260E-11  -0.379532E-11  -0.484164E-12
   0.964000E+03  -0.733620E-12  -0.148297E-11   0.351411E-13
   0.965000E+03  -0.341202E-12  -0.359830E-12   0.246102E-12
   0.966000E+03  -0.642045E-12  -0.142921E-11  -0.100361E-12
   0.967000E+03  -0.972870E-12  -0.260625E-11  -0.473536E-12
   0.968000E+03  -0.621531E-12  -0.164076E-11  -0.304704E-12
   0.969000E+03   0.174949E-12   0.733069E-12   0.219006E-12
   0.970000E+03   0.555161E-12   0.180638E-11   0.415001E-12
   0.971000E+03   0.226259E-12   0.651382E-12   0.555516E-13
   0.972000E+03  -0.136858E-12  -0.609688E-12  -0.317074E-12
   0.973000E+03   0.161309E-12   0.220121E-12  -0.148520E-12
   0.974000E+03   0.866591E-12   0.234919E-11   0.354812E-12
   0.975000E+03   0.113292E-11   0.311230E-11   0.515035E-12
   0.976000E+03   0.705228E-12   0.169711E-11   0.129043E-12
   0.977000E+03   0.276078E-12   0.280173E-12  -0.248459E-12
   0.978000E+03   0.520284E-12   0.992982E-12  -0.788296E-13
   0.979000E+03   0.115580E-11   0.295524E-11   0.410006E-12
   0.980000E+03   0.134014E-11   0.351141E-11   0.542667E-12
   0.981000E+03   0.847364E-12   0.193994E-11   0.138766E-12
   0.982000E+03   0.383515E-12   0.459978E-12  -0.235962E-12
   0.983000E+03   0.601905E-12   0.113609E-11  -0.590538E-13
   0.984000E+03   0.119306E-11   0.300190E-11   0.420519E-12
   0.985000E+03   0.131781E-11   0.341204E-11   0.530432E-12
   0.986000E+03   0.777704E-12   0.173143E-11   0.112717E-12
   0.987000E+03   0.290211E-12   0.215688E-12  -0.256829E-12
   0.988000E+03   0.486453E-12   0.860048E-12  -0.724513E-13
   0.989000E+03   0.103110E-11   0.261654E-11   0.396463E-12
   0.990000E+03   0.109165E-11   0.285992E-11   0.481946E-12
   0.991000E+03   0.501518E-12   0.105421E-11   0.494910E-13
   0.992000E+03  -0.551879E-14  -0.494628E-12  -0.314429E-12
   0.993000E+03   0.184247E-12   0.152830E-12  -0.120020E-12
   0.994000E+03   0.712302E-12   0.187483E-11   0.343831E-12
   0.995000E+03   0.750996E-12   0.206135E-11   0.413625E-12
   0.996000E+03   0.158927E-12   0.256818E-12  -0.231662E-13
   0.997000E+03  -0.321984E-12  -0.120566E-11  -0.371732E-12
   0.998000E+03  -0.100591E-12  -0.456948E-12  -0.159697E-12
   0.999000E+03   0.440855E-12   0.130632E-11   0.304765E-12
   0.100000E+04   0.480782E-12   0.149349E-11   0.363449E-12
   0.100100E+04  -0.978224E-13  -0.272511E-12  -0.743471E-13
   0.100200E+04  -0.548171E-12  -0.164068E-11  -0.406709E-12
   0.100300E+04  -0.304129E-12  -0.819109E-12  -0.179534E-12
   0.100400E+04   0.229705E-12   0.924649E-12   0.280354E-12
   0.100500E+04   0.241934E-12   0.103052E-11   0.321418E-12
   0.100600E+04  -0.357448E-12  -0.793887E-12  -0.124744E-12
   0.100700E+04  -0.817974E-12  -0.218473E-11  -0.450025E-12
   0.100800E+04  -0.600679E-12  -0.143482E-11  -0.219477E-12
   0.100900E+04  -0.129783E-12   0.124800E-12   0.222343E-12
   0.101000E+04  -0.195583E-12  -0.378340E-14   0.233576E-12
   0.101100E+04  -0.844865E-12  -0.198133E-11  -0.228168E-12
   0.101200E+04  -0.130970E-11  -0.339144E-11  -0.545913E-12
   0.101300E+04  -0.107432E-11  -0.260010E-11  -0.303215E-12
   0.101400E+04  -0.590599E-12  -0.102480E-11   0.136140E-12
   0.101500E+04  -0.643433E-12  -0.114623E-11   0.136849E-12
   0.101600E+04  -0.125173E-11  -0.303769E-11  -0.321049E-12
   0.101700E+04  -0.163853E-11  -0.425431E-11  -0.614137E-12
   0.101800E+04  -0.131169E-11  -0.323557E-11  -0.344743E-12
   0.101900E+04  -0.747395E-12  -0.147410E-11   0.105373E-12
   0.102000E+04  -0.723711E-12  -0.142744E-11   0.108409E-12
   0.102100E+04  -0.123441E-11  -0.308795E-11  -0.333758E-12
   0.102200E+04  -0.149802E-11  -0.399480E-11  -0.592769E-12
   0.102300E+04  -0.104850E-11  -0.266800E-11  -0.290524E-12
   0.102400E+04  -0.385639E-12  -0.673082E-12   0.173785E-12
   0.102500E+04  -0.278819E-12  -0.438707E-12   0.180766E-12
   0.102600E+04  -0.695886E-12  -0.187392E-11  -0.245755E-12
   0.102700E+04  -0.850948E-12  -0.250223E-11  -0.473013E-12
   0.102800E+04  -0.303168E-12  -0.921886E-12  -0.142520E-12
   0.102900E+04   0.426347E-12   0.123516E-11   0.329992E-12
   0.103000E+04   0.578807E-12   0.157427E-11   0.334399E-12
   0.103100E+04   0.211742E-12   0.267748E-12  -0.837897E-13
   0.103200E+04   0.113117E-12  -0.199570E-12  -0.288491E-12
   0.103300E+04   0.697090E-12   0.149133E-11   0.586080E-13
   0.103400E+04   0.142231E-11   0.364503E-11   0.525851E-12
   0.103500E+04   0.154274E-11   0.390696E-11   0.513301E-12
   0.103600E+04   0.114188E-11   0.253193E-11   0.881328E-13
   0.103700E+04   0.100814E-11   0.200758E-11  -0.111208E-12
   0.103800E+04   0.152727E-11   0.356443E-11   0.232765E-12
   0.103900E+04   0.213845E-11   0.544499E-11   0.672975E-12
   0.104000E+04   0.211174E-11   0.534333E-11   0.620783E-12
   0.104100E+04   0.156043E-11   0.360585E-11   0.165614E-12
   0.104200E+04   0.127572E-11   0.272760E-11  -0.518667E-13
   0.104300E+04   0.161688E-11   0.385416E-11   0.265104E-12
   0.104400E+04   0.200831E-11   0.517832E-11   0.655409E-12
   0.104500E+04   0.174647E-11   0.447172E-11   0.544432E-12
   0.104600E+04   0.989423E-12   0.221532E-11   0.471300E-13
   0.104700E+04   0.545828E-12   0.953829E-12  -0.190737E-12
   0.104800E+04   0.755517E-12   0.176865E-11   0.108374E-12
   0.104900E+04   0.102267E-11   0.278785E-11   0.468523E-12
   0.105000E+04   0.653426E-12   0.181310E-11   0.325722E-12
   0.105100E+04  -0.169657E-12  -0.598264E-12  -0.184348E-12
   0.105200E+04  -0.635045E-12  -0.189359E-11  -0.414676E-12
   0.105300E+04  -0.426754E-12  -0.106724E-11  -0.108002E-12
   0.105400E+04  -0.158105E-12  -0.459723E-13   0.246125E-12
   0.105500E+04  -0.510444E-12  -0.987404E-12   0.956025E-13
   0.105600E+04  -0.127819E-11  -0.326011E-11  -0.403526E-12
   0.105700E+04  -0.165160E-11  -0.431558E-11  -0.604458E-12
   0.105800E+04  -0.134218E-11  -0.323370E-11  -0.271124E-12
   0.105900E+04  -0.981313E-12  -0.199697E-11   0.936716E-13
   0.106000E+04  -0.123675E-11  -0.271854E-11  -0.496052E-13
   0.106100E+04  -0.187957E-11  -0.469145E-11  -0.524622E-12
   0.106200E+04  -0.210246E-11  -0.537278E-11  -0.685405E-12
   0.106300E+04  -0.164441E-11  -0.392740E-11  -0.317139E-12
   0.106400E+04  -0.115340E-11  -0.238892E-11   0.649190E-13
   0.106500E+04  -0.128216E-11  -0.282177E-11  -0.654841E-13
   0.106600E+04  -0.177897E-11  -0.444494E-11  -0.512058E-12
   0.106700E+04  -0.184107E-11  -0.472753E-11  -0.630665E-12
   0.106800E+04  -0.123668E-11  -0.292433E-11  -0.228233E-12
   0.106900E+04  -0.630198E-12  -0.111918E-11   0.168037E-12
   0.107000E+04  -0.657936E-12  -0.132351E-11   0.458772E-13
   0.107100E+04  -0.104460E-11  -0.268042E-11  -0.378535E-12
   0.107200E+04  -0.992903E-12  -0.267400E-11  -0.463634E-12
   0.107300E+04  -0.301893E-12  -0.653854E-12  -0.385557E-13
   0.107400E+04   0.346857E-12   0.124363E-11   0.357816E-12
   0.107500E+04   0.334183E-12   0.106157E-11   0.227669E-12
   0.107600E+04  -0.394570E-13  -0.263837E-12  -0.192901E-12
   0.107700E+04   0.191548E-13  -0.229301E-12  -0.265199E-12
   0.107800E+04   0.680839E-12   0.172095E-11   0.159375E-12
   0.107900E+04   0.124758E-11   0.339866E-11   0.530762E-12
   0.108000E+04   0.112065E-11   0.290980E-11   0.366595E-12
   0.108100E+04   0.634312E-12   0.129371E-11  -0.754550E-13
   0.108200E+04   0.591960E-12   0.108124E-11  -0.156845E-12
   0.108300E+04   0.114944E-11   0.277693E-11   0.252190E-12
   0.108400E+04   0.160049E-11   0.416432E-11   0.592763E-12
   0.108500E+04   0.136255E-11   0.339979E-11   0.397285E-12
   0.108600E+04   0.789001E-12   0.158303E-11  -0.586838E-13
   0.108700E+04   0.677096E-12   0.122475E-11  -0.141047E-12
   0.108800E+04   0.115838E-11   0.275125E-11   0.258936E-12
   0.108900E+04   0.151804E-11   0.391753E-11   0.573990E-12
   0.109000E+04   0.119344E-11   0.294237E-11   0.352572E-12
   0.109100E+04   0.558903E-12   0.991932E-12  -0.111651E-12
   0.109200E+04   0.403565E-12   0.551884E-12  -0.189888E-12
   0.109300E+04   0.831862E-12   0.196273E-11   0.204961E-12
   0.109400E+04   0.112025E-11   0.295077E-11   0.497686E-12
   0.109500E+04   0.729218E-12   0.180649E-11   0.253830E-12
   0.109600E+04   0.587924E-13  -0.223826E-12  -0.214035E-12
   0.109700E+04  -0.105846E-12  -0.667572E-12  -0.281944E-12
   0.109800E+04   0.314720E-12   0.736339E-12   0.116079E-12
   0.109900E+04   0.587444E-12   0.168403E-11   0.397244E-12
   0.110000E+04   0.192227E-12   0.527501E-12   0.143648E-12
   0.110100E+04  -0.450749E-12  -0.142253E-11  -0.314783E-12
   0.110200E+04  -0.565344E-12  -0.172111E-11  -0.360531E-12
   0.110300E+04  -0.100007E-12  -0.194313E-12   0.506547E-13
   0.110400E+04   0.201975E-12   0.822479E-12   0.328773E-12
   0.110500E+04  -0.160316E-12  -0.256983E-12   0.727618E-13
   0.110600E+04  -0.747346E-12  -0.205938E-11  -0.370551E-12
   0.110700E+04  -0.793055E-12  -0.217007E-11  -0.390767E-12
   0.110800E+04  -0.274240E-12  -0.503440E-12   0.345855E-13
   0.110900E+04   0.554684E-13   0.573558E-12   0.308769E-12
   0.111000E+04  -0.286161E-12  -0.465115E-12   0.476915E-13
   0.111100E+04  -0.841099E-12  -0.218657E-11  -0.385487E-12
   0.111200E+04  -0.853432E-12  -0.220758E-11  -0.388026E-12
   0.111300E+04  -0.326796E-12  -0.527395E-12   0.410939E-13
   0.111400E+04  -0.226372E-13   0.461830E-12   0.299382E-12
   0.111500E+04  -0.401693E-12  -0.698597E-12   0.205235E-13
   0.111600E+04  -0.983329E-12  -0.250538E-11  -0.415468E-12
   0.111700E+04  -0.101421E-11  -0.258558E-11  -0.412262E-12
   0.111800E+04  -0.513693E-12  -0.991384E-12   0.123243E-13
   0.111900E+04  -0.240628E-12  -0.109720E-12   0.252968E-12
   0.112000E+04  -0.630650E-12  -0.132128E-11  -0.377929E-13
   0.112100E+04  -0.118656E-11  -0.306990E-11  -0.464833E-12
   0.112200E+04  -0.116998E-11  -0.302891E-11  -0.441547E-12
   0.112300E+04  -0.627970E-12  -0.133792E-11  -0.726126E-14
   0.112400E+04  -0.323496E-12  -0.397408E-12   0.228846E-12
   0.112500E+04  -0.668538E-12  -0.151328E-11  -0.618745E-13
   0.112600E+04  -0.114858E-11  -0.307324E-11  -0.469279E-12
   0.112700E+04  -0.103998E-11  -0.279508E-11  -0.416761E-12
   0.112800E+04  -0.418577E-12  -0.907691E-12   0.347973E-13
   0.112900E+04  -0.532921E-13   0.170503E-12   0.272501E-12
   0.113000E+04  -0.334312E-12  -0.796577E-12  -0.136916E-13
   0.113100E+04  -0.730932E-12  -0.214389E-11  -0.399253E-12
   0.113200E+04  -0.533945E-12  -0.163309E-11  -0.317945E-12
   0.113300E+04   0.153747E-12   0.422565E-12   0.148302E-12
   0.113400E+04   0.559332E-12   0.159285E-11   0.383847E-12
   0.113500E+04   0.315529E-12   0.714670E-12   0.976921E-13
   0.113600E+04  -0.307353E-13  -0.494520E-12  -0.271658E-12
   0.113700E+04   0.215244E-12   0.159006E-12  -0.168798E-12
   0.113800E+04   0.924003E-12   0.227873E-11   0.303506E-12
   0.113900E+04   0.131921E-11   0.342363E-11   0.527436E-12
   0.114000E+04   0.105586E-11   0.250163E-11   0.231040E-12
   0.114100E+04   0.695890E-12   0.127871E-11  -0.133889E-12
   0.114200E+04   0.919418E-12   0.190313E-11  -0.232486E-13
   0.114300E+04   0.157207E-11   0.389931E-11   0.439842E-12
   0.114400E+04   0.187593E-11   0.482039E-11   0.636268E-12
   0.114500E+04   0.150854E-11   0.364534E-11   0.313275E-12
   0.114600E+04   0.104616E-11   0.218554E-11  -0.647068E-13
   0.114700E+04   0.115568E-11   0.254670E-11   0.349712E-13
   0.114800E+04   0.166370E-11   0.419010E-11   0.470259E-12
   0.114900E+04   0.179927E-11   0.468677E-11   0.623119E-12
   0.115000E+04   0.126918E-11   0.310487E-11   0.261569E-12
   0.115100E+04   0.665756E-12   0.130505E-11  -0.137415E-12
   0.115200E+04   0.641185E-12   0.134538E-11  -0.534295E-13
   0.115300E+04   0.100266E-11   0.262297E-11   0.352645E-12
   0.115400E+04   0.989651E-12   0.273713E-11   0.465158E-12
   0.115500E+04   0.343378E-12   0.860639E-12   0.742639E-13
   0.115600E+04  -0.325508E-12  -0.108959E-11  -0.330367E-12
   0.115700E+04  -0.383387E-12  -0.111381E-11  -0.241788E-12
   0.115800E+04  -0.517811E-13   0.948736E-13   0.158384E-12
   0.115900E+04  -0.917807E-13   0.133410E-12   0.254920E-12
   0.116000E+04  -0.736043E-12  -0.174377E-11  -0.141624E-12
   0.116100E+04  -0.135901E-11  -0.357249E-11  -0.530014E-12
   0.116200E+04  -0.134496E-11  -0.340811E-11  -0.416861E-12
   0.116300E+04  -0.942343E-12  -0.202721E-11  -0.376203E-14
   0.116400E+04  -0.912923E-12  -0.183375E-11   0.950676E-13
   0.116500E+04  -0.146601E-11  -0.349845E-11  -0.289872E-12
   0.116600E+04  -0.196463E-11  -0.501941E-11  -0.646964E-12
   0.116700E+04  -0.181260E-11  -0.451163E-11  -0.497079E-12
   0.116800E+04  -0.128444E-11  -0.283222E-11  -0.613531E-13
   0.116900E+04  -0.114104E-11  -0.238113E-11   0.478839E-13
   0.117000E+04  -0.156810E-11  -0.375308E-11  -0.318759E-12
   0.117100E+04  -0.191811E-11  -0.491082E-11  -0.639905E-12
   0.117200E+04  -0.161454E-11  -0.402936E-11  -0.451045E-12
   0.117300E+04  -0.956536E-12  -0.204220E-11   0.770786E-14
   0.117400E+04  -0.702616E-12  -0.134082E-11   0.126730E-12
   0.117500E+04  -0.101545E-11  -0.244557E-11  -0.223334E-12
   0.117600E+04  -0.123941E-11  -0.329100E-11  -0.512354E-12
   0.117700E+04  -0.819451E-12  -0.211749E-11  -0.291185E-12
   0.117800E+04  -0.785832E-13   0.673784E-13   0.181508E-12
   0.117900E+04   0.229320E-12   0.887025E-12   0.299787E-12
   0.118000E+04  -0.346421E-13  -0.102981E-12  -0.455025E-13
   0.118100E+04  -0.208994E-12  -0.816420E-12  -0.316511E-12
   0.118200E+04   0.236801E-12   0.431482E-12  -0.805258E-13
   0.118300E+04   0.955947E-12   0.255856E-11   0.385452E-12
   0.118400E+04   0.120398E-11   0.321615E-11   0.480669E-12
   0.118500E+04   0.873117E-12   0.205555E-11   0.117772E-12
   0.118600E+04   0.636706E-12   0.119941E-11  -0.156870E-12
   0.118700E+04   0.100344E-11   0.226360E-11   0.731990E-13
   0.118800E+04   0.160328E-11   0.409194E-11   0.512950E-12
   0.118900E+04   0.170292E-11   0.436800E-11   0.567614E-12
   0.119000E+04   0.123071E-11   0.285297E-11   0.172784E-12
   0.119100E+04   0.879320E-12   0.172676E-11  -0.115429E-12
   0.119200E+04   0.114132E-11   0.255268E-11   0.104197E-12
   0.119300E+04   0.162323E-11   0.409983E-11   0.518825E-12
   0.119400E+04   0.159538E-11   0.406247E-11   0.538401E-12
   0.119500E+04   0.101106E-11   0.227900E-11   0.118839E-12
   0.119600E+04   0.573329E-12   0.960691E-12  -0.176534E-12
   0.119700E+04   0.756545E-12   0.161222E-11   0.375217E-13
   0.119800E+04   0.114783E-11   0.294058E-11   0.431667E-12
   0.119900E+04   0.102710E-11   0.266913E-11   0.422469E-12
   0.120000E+04   0.376197E-12   0.724930E-12  -0.129332E-13
   0.120100E+04  -0.910388E-13  -0.647761E-12  -0.304330E-12
   0.120200E+04   0.800828E-13  -0.668169E-14  -0.830189E-13
   0.120300E+04   0.455108E-12   0.128725E-11   0.304994E-12
   0.120400E+04   0.320136E-12   0.977297E-12   0.282611E-12
   0.120500E+04  -0.319352E-12  -0.934268E-12  -0.152920E-12
   0.120600E+04  -0.743473E-12  -0.218337E-11  -0.426010E-12
   0.120700E+04  -0.519288E-12  -0.139563E-11  -0.185174E-12
   0.120800E+04  -0.101761E-12   0.388524E-14   0.207533E-12
   0.120900E+04  -0.196837E-12  -0.215805E-12   0.182243E-12
   0.121000E+04  -0.775818E-12  -0.197792E-11  -0.243794E-12
   0.121100E+04  -0.111565E-11  -0.300652E-11  -0.490707E-12
   0.121200E+04  -0.807881E-12  -0.200257E-11  -0.225049E-12
   0.121300E+04  -0.328157E-12  -0.455292E-12   0.175397E-12
   0.121400E+04  -0.372597E-12  -0.564217E-12   0.148875E-12
   0.121500E+04  -0.888120E-12  -0.217488E-11  -0.267178E-12
   0.121600E+04  -0.114997E-11  -0.300408E-11  -0.489440E-12
   0.121700E+04  -0.777134E-12  -0.183699E-11  -0.203426E-12
   0.121800E+04  -0.267337E-12  -0.230928E-12   0.197378E-12
   0.121900E+04  -0.304280E-12  -0.346565E-12   0.160331E-12
   0.122000E+04  -0.804501E-12  -0.193503E-11  -0.255693E-12
   0.122100E+04  -0.103526E-11  -0.268891E-11  -0.463037E-12
   0.122200E+04  -0.639992E-12  -0.147013E-11  -0.165780E-12
   0.122300E+04  -0.139847E-12   0.910832E-13   0.226836E-12
   0.122400E+04  -0.209244E-12  -0.136753E-12   0.170922E-12
   0.122500E+04  -0.734278E-12  -0.181072E-11  -0.253335E-12
   0.122600E+04  -0.967753E-12  -0.258096E-11  -0.452950E-12
   0.122700E+04  -0.566814E-12  -0.135515E-11  -0.148275E-12
   0.122800E+04  -0.679877E-13   0.187166E-12   0.237942E-12
   0.122900E+04  -0.137514E-12  -0.589451E-13   0.170745E-12
   0.123000E+04  -0.641489E-12  -0.168650E-11  -0.250876E-12
   0.123100E+04  -0.831451E-12  -0.234139E-11  -0.432129E-12
   0.123200E+04  -0.386409E-12  -0.100060E-11  -0.111689E-12
   0.123300E+04   0.141143E-12   0.605949E-12   0.274465E-12
   0.123400E+04   0.964033E-13   0.410300E-12   0.201543E-12
   0.123500E+04  -0.364889E-12  -0.111016E-11  -0.212281E-12
   0.123600E+04  -0.494349E-12  -0.160019E-11  -0.371120E-12
   0.123700E+04   0.477158E-14  -0.112541E-12  -0.326436E-13
   0.123800E+04   0.563006E-12   0.156973E-11   0.354094E-12
   0.123900E+04   0.537355E-12   0.141664E-11   0.274922E-12
   0.124000E+04   0.105632E-12  -0.235816E-13  -0.132905E-12
   0.124100E+04   0.157993E-13  -0.395853E-12  -0.272975E-12
   0.124200E+04   0.540519E-12   0.117171E-11   0.779419E-13
   0.124300E+04   0.109483E-11   0.284730E-11   0.458443E-12
   0.124400E+04   0.104949E-11   0.264451E-11   0.365797E-12
   0.124500E+04   0.605290E-12   0.118449E-11  -0.436537E-13
   0.124600E+04   0.509161E-12   0.819720E-12  -0.173631E-12
   0.124700E+04   0.100871E-11   0.234335E-11   0.179597E-12
   0.124800E+04   0.150340E-11   0.387433E-11   0.542629E-12
   0.124900E+04   0.137892E-11   0.347282E-11   0.424772E-12
   0.125000E+04   0.860982E-12   0.183792E-11   0.168942E-14
   0.125100E+04   0.698108E-12   0.132621E-11  -0.130406E-12
   0.125200E+04   0.111613E-11   0.266100E-11   0.213318E-12
   0.125300E+04   0.150263E-11   0.392234E-11   0.548682E-12
   0.125400E+04   0.126142E-11   0.322622E-11   0.398118E-12
   0.125500E+04   0.645307E-12   0.135568E-11  -0.430988E-13
   0.125600E+04   0.405074E-12   0.672776E-12  -0.179169E-12
   0.125700E+04   0.743308E-12   0.182610E-11   0.155356E-12
   0.125800E+04   0.103136E-11   0.284379E-11   0.464879E-12
   0.125900E+04   0.684949E-12   0.187910E-11   0.283814E-12
   0.126000E+04  -0.205460E-13  -0.214404E-12  -0.174223E-12
   0.126100E+04  -0.330155E-12  -0.106374E-11  -0.313867E-12
   0.126200E+04  -0.550281E-13  -0.671269E-13   0.130969E-13
   0.126300E+04   0.172056E-12   0.787562E-12   0.302939E-12
   0.126400E+04  -0.214807E-12  -0.289452E-12   0.103957E-12
   0.126500E+04  -0.921495E-12  -0.238472E-11  -0.352950E-12
   0.126600E+04  -0.120042E-11  -0.314755E-11  -0.475967E-12
   0.126700E+04  -0.888284E-12  -0.205683E-11  -0.136884E-12
   0.126800E+04  -0.628248E-12  -0.113389E-11   0.151457E-12
   0.126900E+04  -0.968277E-12  -0.211177E-11  -0.484609E-13
   0.127000E+04  -0.159384E-11  -0.401108E-11  -0.488193E-12
   0.127100E+04  -0.176421E-11  -0.450068E-11  -0.579700E-12
   0.127200E+04  -0.134293E-11  -0.314259E-11  -0.215020E-12
   0.127300E+04  -0.985601E-12  -0.199658E-11   0.839148E-13
   0.127400E+04  -0.122430E-11  -0.274435E-11  -0.106351E-12
   0.127500E+04  -0.172570E-11  -0.434514E-11  -0.520429E-12
   0.127600E+04  -0.175661E-11  -0.448932E-11  -0.574662E-12
   0.127700E+04  -0.120663E-11  -0.281969E-11  -0.181181E-12
   0.127800E+04  -0.742116E-12  -0.142896E-11   0.129857E-12
   0.127900E+04  -0.877823E-12  -0.194310E-11  -0.502993E-13
   0.128000E+04  -0.126144E-11  -0.325954E-11  -0.439533E-12
   0.128100E+04  -0.116789E-11  -0.309218E-11  -0.459169E-12
   0.128200E+04  -0.513264E-12  -0.116580E-11  -0.415530E-13
   0.128300E+04   0.254051E-13   0.393965E-12   0.275370E-12
   0.128400E+04  -0.496840E-13   0.157614E-13   0.977398E-13
   0.128500E+04  -0.368310E-12  -0.113960E-11  -0.276140E-12
   0.128600E+04  -0.214443E-12  -0.812771E-12  -0.273275E-12
   0.128700E+04   0.469956E-12   0.119061E-11   0.153866E-12
   0.128800E+04   0.999406E-12   0.271828E-11   0.460481E-12
   0.128900E+04   0.896190E-12   0.226208E-11   0.268559E-12
   0.129000E+04   0.551690E-12   0.104977E-11  -0.106992E-12
   0.129100E+04   0.676171E-12   0.132244E-11  -0.986198E-13
   0.129200E+04   0.130447E-11   0.320038E-11   0.321636E-12
   0.129300E+04   0.174309E-11   0.450475E-11   0.602564E-12
   0.129400E+04   0.153128E-11   0.378040E-11   0.381435E-12
   0.129500E+04   0.107690E-11   0.230699E-11  -0.117293E-13
   0.129600E+04   0.108315E-11   0.230232E-11  -0.156439E-13
   0.129700E+04   0.156784E-11   0.382976E-11   0.379473E-12
   0.129800E+04   0.184185E-11   0.471959E-11   0.619296E-12
   0.129900E+04   0.147344E-11   0.360437E-11   0.359393E-12
   0.130000E+04   0.891715E-12   0.182910E-11  -0.543151E-13
   0.130100E+04   0.788589E-12   0.157570E-11  -0.682413E-13
   0.130200E+04   0.115610E-11   0.282503E-11   0.307210E-12
   0.130300E+04   0.130258E-11   0.339654E-11   0.513440E-12
   0.130400E+04   0.823795E-12   0.200616E-11   0.224202E-12
   0.130500E+04   0.172728E-12   0.724174E-13  -0.198345E-12
   0.130600E+04   0.329664E-13  -0.249277E-12  -0.207972E-12
   0.130700E+04   0.370310E-12   0.939590E-12   0.164804E-12
   0.130800E+04   0.485570E-12   0.143482E-11   0.356546E-12
   0.130900E+04  -0.578489E-14   0.145340E-13   0.577125E-13
   0.131000E+04  -0.633948E-12  -0.184912E-11  -0.355198E-12
   0.131100E+04  -0.727197E-12  -0.203704E-11  -0.344504E-12
   0.131200E+04  -0.345673E-12  -0.731560E-12   0.393547E-13
   0.131300E+04  -0.194315E-12  -0.154388E-12   0.229042E-12
   0.131400E+04  -0.637327E-12  -0.146246E-11  -0.678524E-13
   0.131500E+04  -0.118906E-11  -0.313220E-11  -0.460995E-12
   0.131600E+04  -0.119054E-11  -0.308312E-11  -0.421835E-12
   0.131700E+04  -0.727270E-12  -0.157655E-11  -0.204991E-13
   0.131800E+04  -0.508794E-12  -0.848130E-12   0.172510E-12
   0.131900E+04  -0.879345E-12  -0.199081E-11  -0.117977E-12
   0.132000E+04  -0.133988E-11  -0.343674E-11  -0.488698E-12
   0.132100E+04  -0.124666E-11  -0.315128E-11  -0.421202E-12
   0.132200E+04  -0.710432E-12  -0.147426E-11  -0.516157E-14
   0.132300E+04  -0.442189E-12  -0.645930E-12   0.186951E-12
   0.132400E+04  -0.762187E-12  -0.168363E-11  -0.101689E-12
   0.132500E+04  -0.115547E-11  -0.296826E-11  -0.454683E-12
   0.132600E+04  -0.992984E-12  -0.250976E-11  -0.363963E-12
   0.132700E+04  -0.411157E-12  -0.727956E-12   0.612425E-13
   0.132800E+04  -0.123297E-12   0.129309E-12   0.246710E-12
   0.132900E+04  -0.427464E-12  -0.885710E-12  -0.463672E-13
   0.133000E+04  -0.795496E-12  -0.211179E-11  -0.389540E-12
   0.133100E+04  -0.614859E-12  -0.161000E-11  -0.286023E-12
   0.133200E+04  -0.457977E-13   0.124604E-12   0.135905E-12
   0.133300E+04   0.203011E-12   0.856704E-12   0.302327E-12
   0.133400E+04  -0.134055E-12  -0.262130E-12  -0.502055E-14
   0.133500E+04  -0.506453E-12  -0.150207E-11  -0.343882E-12
   0.133600E+04  -0.314414E-12  -0.964658E-12  -0.228268E-12
   0.133700E+04   0.254483E-12   0.769602E-12   0.193820E-12
   0.133800E+04   0.487198E-12   0.145193E-11   0.347139E-12
   0.133900E+04   0.140625E-12   0.304457E-12   0.318003E-13
   0.134000E+04  -0.218396E-12  -0.892114E-12  -0.297924E-12
   0.134100E+04  -0.317453E-14  -0.280480E-12  -0.167248E-12
   0.134200E+04   0.574665E-12   0.148359E-11   0.257076E-12
   0.134300E+04   0.800175E-12   0.214602E-11   0.399587E-12
   0.134400E+04   0.451586E-12   0.996835E-12   0.786758E-13
   0.134500E+04   0.108245E-12  -0.143108E-12  -0.240602E-12
   0.134600E+04   0.340775E-12   0.533542E-12  -0.957150E-13
   0.134700E+04   0.913454E-12   0.229555E-11   0.327988E-12
   0.134800E+04   0.111134E-11   0.288906E-11   0.455717E-12
   0.134900E+04   0.735424E-12   0.167616E-11   0.124577E-12
   0.135000E+04   0.377686E-12   0.517864E-12  -0.189980E-12
   0.135100E+04   0.592814E-12   0.117155E-11  -0.380128E-13
   0.135200E+04   0.112254E-11   0.283457E-11   0.377037E-12
   0.135300E+04   0.125438E-11   0.325999E-11   0.482031E-12
   0.135400E+04   0.813847E-12   0.188635E-11   0.133224E-12
   0.135500E+04   0.406202E-12   0.616150E-12  -0.183825E-12
   0.135600E+04   0.571517E-12   0.116010E-11  -0.318292E-13
   0.135700E+04   0.103254E-11   0.265441E-11   0.368692E-12
   0.135800E+04   0.108420E-11   0.287359E-11   0.447857E-12
   0.135900E+04   0.579810E-12   0.134238E-11   0.819209E-13
   0.136000E+04   0.137027E-12   0.209155E-14  -0.234060E-12
   0.136100E+04   0.276332E-12   0.502563E-12  -0.769025E-13
   0.136200E+04   0.695100E-12   0.190073E-11   0.314562E-12
   0.136300E+04   0.690604E-12   0.197821E-11   0.373001E-12
   0.136400E+04   0.141257E-12   0.337867E-12  -0.591024E-14
   0.136500E+04  -0.323944E-12  -0.104371E-11  -0.318314E-12
   0.136600E+04  -0.204444E-12  -0.579194E-12  -0.155563E-12
   0.136700E+04   0.171979E-12   0.709487E-12   0.225448E-12
   0.136800E+04   0.106892E-12   0.616803E-12   0.260832E-12
   0.136900E+04  -0.490945E-12  -0.116087E-11  -0.133046E-12
   0.137000E+04  -0.972502E-12  -0.258654E-11  -0.441922E-12
   0.137100E+04  -0.847890E-12  -0.210849E-11  -0.269826E-12
   0.137200E+04  -0.465224E-12  -0.813218E-12   0.109661E-12
   0.137300E+04  -0.521971E-12  -0.902530E-12   0.135802E-12
   0.137400E+04  -0.108928E-11  -0.261593E-11  -0.256674E-12
   0.137500E+04  -0.150934E-11  -0.388850E-11  -0.546107E-12
   0.137600E+04  -0.130906E-11  -0.322152E-11  -0.350879E-12
   0.137700E+04  -0.856527E-12  -0.176432E-11   0.391341E-13
   0.137800E+04  -0.845390E-12  -0.170546E-11   0.675374E-13
   0.137900E+04  -0.132611E-11  -0.321736E-11  -0.312320E-12
   0.138000E+04  -0.163482E-11  -0.421418E-11  -0.572363E-12
   0.138100E+04  -0.131855E-11  -0.325936E-11  -0.346318E-12
   0.138200E+04  -0.766608E-12  -0.156816E-11   0.596482E-13
   0.138300E+04  -0.668083E-12  -0.131360E-11   0.940924E-13
   0.138400E+04  -0.105220E-11  -0.259933E-11  -0.270881E-12
   0.138500E+04  -0.124957E-11  -0.332001E-11  -0.501322E-12
   0.138600E+04  -0.827651E-12  -0.210209E-11  -0.246625E-12
   0.138700E+04  -0.195741E-12  -0.223058E-12   0.171322E-12
   0.138800E+04  -0.363174E-13   0.165445E-12   0.206908E-12
   0.138900E+04  -0.356693E-12  -0.969985E-12  -0.148909E-12
   0.139000E+04  -0.483566E-12  -0.150998E-11  -0.357163E-12
   0.139100E+04  -0.703070E-14  -0.150734E-12  -0.837022E-13
   0.139200E+04   0.643816E-12   0.176840E-11   0.334173E-12
   0.139300E+04   0.796835E-12   0.212793E-11   0.357957E-12
   0.139400E+04   0.472367E-12   0.980929E-12  -0.127108E-14
   0.139500E+04   0.352205E-12   0.473438E-12  -0.198955E-12
   0.139600E+04   0.824552E-12   0.184160E-11   0.825418E-13
   0.139700E+04   0.143740E-11   0.367494E-11   0.490056E-12
   0.139800E+04   0.152380E-11   0.387102E-11   0.491392E-12
   0.139900E+04   0.112781E-11   0.255730E-11   0.116738E-12
   0.140000E+04   0.939185E-12   0.190387E-11  -0.844060E-13
   0.140100E+04   0.132699E-11   0.308525E-11   0.189345E-12
   0.140200E+04   0.181926E-11   0.462719E-11   0.569850E-12
   0.140300E+04   0.175555E-11   0.444706E-11   0.531837E-12
   0.140400E+04   0.120462E-11   0.274874E-11   0.124704E-12
   0.140500E+04   0.869038E-12   0.173943E-11  -0.964919E-13
   0.140600E+04   0.110962E-11   0.256301E-11   0.155650E-12
   0.140700E+04   0.144814E-11   0.372097E-11   0.501484E-12
   0.140800E+04   0.123990E-11   0.317723E-11   0.425187E-12
   0.140900E+04   0.577624E-12   0.120980E-11  -0.489091E-14
   0.141000E+04   0.166978E-12   0.348541E-13  -0.230832E-12
   0.141100E+04   0.348179E-12   0.730120E-12   0.177565E-13
   0.141200E+04   0.627743E-12   0.174747E-11   0.348018E-12
   0.141300E+04   0.372349E-12   0.108599E-11   0.253065E-12
   0.141400E+04  -0.303368E-12  -0.906660E-12  -0.180245E-12
   0.141500E+04  -0.692726E-12  -0.200999E-11  -0.391933E-12
   0.141600E+04  -0.478507E-12  -0.121799E-11  -0.129236E-12
   0.141700E+04  -0.171427E-12  -0.132738E-12   0.201765E-12
   0.141800E+04  -0.394853E-12  -0.723129E-12   0.103245E-12
   0.141900E+04  -0.101361E-11  -0.257528E-11  -0.319803E-12
   0.142000E+04  -0.132117E-11  -0.346736E-11  -0.506020E-12
   0.142100E+04  -0.102330E-11  -0.246459E-11  -0.220397E-12
   0.142200E+04  -0.646421E-12  -0.121814E-11   0.118494E-12
   0.142300E+04  -0.802202E-12  -0.165940E-11   0.226926E-13
   0.142400E+04  -0.133462E-11  -0.330746E-11  -0.384726E-12
   0.142500E+04  -0.153874E-11  -0.394363E-11  -0.541817E-12
   0.142600E+04  -0.114490E-11  -0.270905E-11  -0.231851E-12
   0.142700E+04  -0.695057E-12  -0.130310E-11   0.114525E-12
   0.142800E+04  -0.786559E-12  -0.161179E-11   0.202084E-13
   0.142900E+04  -0.123860E-11  -0.307564E-11  -0.372853E-12
   0.143000E+04  -0.134448E-11  -0.346960E-11  -0.501812E-12
   0.143100E+04  -0.858313E-12  -0.200845E-11  -0.168168E-12
   0.143200E+04  -0.340251E-12  -0.447390E-12   0.185107E-12
   0.143300E+04  -0.378661E-12  -0.642414E-12   0.908909E-13
   0.143400E+04  -0.773125E-12  -0.197072E-11  -0.291357E-12
   0.143500E+04  -0.817007E-12  -0.220671E-11  -0.398787E-12
   0.143600E+04  -0.285784E-12  -0.632617E-12  -0.507628E-13
   0.143700E+04   0.245973E-12   0.950857E-12   0.298607E-12
   0.143800E+04   0.200367E-12   0.721342E-12   0.192812E-12
   0.143900E+04  -0.203850E-12  -0.639620E-12  -0.191706E-12
   0.144000E+04  -0.260183E-12  -0.907040E-12  -0.292628E-12
   0.144100E+04   0.240128E-12   0.585003E-12   0.539628E-13
   0.144200E+04   0.719297E-12   0.202246E-11   0.385763E-12
   0.144300E+04   0.620897E-12   0.164836E-11   0.259746E-12
   0.144400E+04   0.186110E-12   0.214565E-12  -0.129905E-12
   0.144500E+04   0.116474E-12  -0.689241E-13  -0.222993E-12
   0.144600E+04   0.595217E-12   0.138331E-11   0.125293E-12
   0.144700E+04   0.103261E-11   0.271849E-11   0.442803E-12
   0.144800E+04   0.889422E-12   0.223269E-11   0.299329E-12
   0.144900E+04   0.428899E-12   0.747358E-12  -0.934450E-13
   0.145000E+04   0.348797E-12   0.461460E-12  -0.177555E-12
   0.145100E+04   0.807556E-12   0.188293E-11   0.172868E-12
   0.145200E+04   0.120305E-11   0.311977E-11   0.476178E-12
   0.145300E+04   0.101169E-11   0.251706E-11   0.314978E-12
   0.145400E+04   0.516914E-12   0.960174E-12  -0.822022E-13
   0.145500E+04   0.411682E-12   0.633523E-12  -0.160341E-12
   0.145600E+04   0.830375E-12   0.196930E-11   0.187564E-12
   0.145700E+04   0.116079E-11   0.304293E-11   0.471292E-12
   0.145800E+04   0.897919E-12   0.225691E-11   0.287224E-12
   0.145900E+04   0.348325E-12   0.568529E-12  -0.118830E-12
   0.146000E+04   0.203278E-12   0.156071E-12  -0.194552E-12
   0.146100E+04   0.576609E-12   0.138576E-11   0.148921E-12
   0.146200E+04   0.849076E-12   0.230937E-11   0.413900E-12
   0.146300E+04   0.535298E-12   0.139021E-11   0.211113E-12
   0.146400E+04  -0.365450E-13  -0.346458E-12  -0.196890E-12
   0.146500E+04  -0.180017E-12  -0.737246E-12  -0.261617E-12
   0.146600E+04   0.194624E-12   0.508344E-12   0.868460E-13
   0.146700E+04   0.457252E-12   0.140788E-11   0.342907E-12
   0.146800E+04   0.137356E-12   0.472281E-12   0.130863E-12
   0.146900E+04  -0.420442E-12  -0.121985E-11  -0.271392E-12
   0.147000E+04  -0.537862E-12  -0.152940E-11  -0.320365E-12
   0.147100E+04  -0.148864E-12  -0.240265E-12   0.349949E-13
   0.147200E+04   0.108662E-12   0.640056E-12   0.282329E-12
   0.147300E+04  -0.218418E-12  -0.322984E-12   0.603234E-13
   0.147400E+04  -0.769429E-12  -0.199932E-11  -0.338186E-12
   0.147500E+04  -0.875927E-12  -0.227983E-11  -0.375576E-12
   0.147600E+04  -0.494299E-12  -0.101960E-11  -0.194149E-13
   0.147700E+04  -0.263277E-12  -0.231159E-12   0.213186E-12
   0.147800E+04  -0.607944E-12  -0.126346E-11  -0.219543E-13
   0.147900E+04  -0.114248E-11  -0.290861E-11  -0.415207E-12
   0.148000E+04  -0.120567E-11  -0.307995E-11  -0.434631E-12
   0.148100E+04  -0.781315E-12  -0.171816E-11  -0.675576E-13
   0.148200E+04  -0.518754E-12  -0.868882E-12   0.162321E-12
   0.148300E+04  -0.824676E-12  -0.182321E-11  -0.740250E-13
   0.148400E+04  -0.129372E-11  -0.331145E-11  -0.451717E-12
   0.148500E+04  -0.127228E-11  -0.327009E-11  -0.444954E-12
   0.148600E+04  -0.768994E-12  -0.171684E-11  -0.601209E-13
   0.148700E+04  -0.441849E-12  -0.723564E-12   0.173480E-12
   0.148800E+04  -0.680383E-12  -0.152609E-11  -0.579964E-13
   0.148900E+04  -0.106331E-11  -0.280294E-11  -0.415506E-12
   0.149000E+04  -0.947673E-12  -0.252250E-11  -0.380484E-12
   0.149100E+04  -0.367146E-12  -0.780243E-12   0.216096E-13
   0.149200E+04   0.134291E-13   0.331051E-12   0.256707E-12
   0.149300E+04  -0.176948E-12  -0.365240E-12   0.266802E-13
   0.149400E+04  -0.501395E-12  -0.149714E-11  -0.315650E-12
   0.149500E+04  -0.328246E-12  -0.106719E-11  -0.259534E-12
   0.149600E+04   0.285167E-12   0.755017E-12   0.150835E-12
   0.149700E+04   0.671043E-12   0.186680E-11   0.377929E-12
   0.149800E+04   0.481447E-12   0.116356E-11   0.140563E-12
   0.149900E+04   0.171701E-12   0.755666E-13  -0.194343E-12
   0.150000E+04   0.362582E-12   0.566892E-12  -0.124184E-12
   0.150100E+04   0.971711E-12   0.238975E-11   0.287856E-12
   0.150200E+04   0.132595E-11   0.342469E-11   0.500667E-12
   0.150300E+04   0.109730E-11   0.262992E-11   0.249472E-12
   0.150400E+04   0.756239E-12   0.148401E-11  -0.858236E-13
   0.150500E+04   0.910509E-12   0.191090E-11  -0.116732E-13
   0.150600E+04   0.145295E-11   0.358495E-11   0.389849E-12
   0.150700E+04   0.170740E-11   0.437623E-11   0.574982E-12
   0.150800E+04   0.136837E-11   0.331236E-11   0.296058E-12
   0.150900E+04   0.922837E-12   0.192285E-11  -0.541343E-13
   0.151000E+04   0.966442E-12   0.209265E-11   0.860181E-14
   0.151100E+04   0.137005E-11   0.342526E-11   0.383948E-12
   0.151200E+04   0.146127E-11   0.379924E-11   0.527434E-12
   0.151300E+04   0.967577E-12   0.234155E-11   0.211060E-12
   0.151400E+04   0.403509E-12   0.664331E-12  -0.157302E-12
   0.151500E+04   0.359425E-12   0.633369E-12  -0.101580E-12
   0.151600E+04   0.683069E-12   0.177833E-11   0.259538E-12
   0.151700E+04   0.696166E-12   0.195897E-11   0.379120E-12
   0.151800E+04   0.144971E-12   0.360928E-12   0.457391E-13
   0.151900E+04  -0.440733E-12  -0.135625E-11  -0.320802E-12
   0.152000E+04  -0.481367E-12  -0.136126E-11  -0.254137E-12
   0.152100E+04  -0.151211E-12  -0.193813E-12   0.109154E-12
   0.152200E+04  -0.131373E-12  -0.241759E-14   0.220959E-12
   0.152300E+04  -0.656610E-12  -0.154040E-11  -0.113246E-12
   0.152400E+04  -0.118525E-11  -0.310937E-11  -0.462753E-12
   0.152500E+04  -0.115233E-11  -0.292299E-11  -0.372084E-12
   0.152600E+04  -0.755457E-12  -0.159368E-11   0.415433E-14
   0.152700E+04  -0.677546E-12  -0.127498E-11   0.117355E-12
   0.152800E+04  -0.113361E-11  -0.265681E-11  -0.209786E-12
   0.152900E+04  -0.157104E-11  -0.400463E-11  -0.536219E-12
   0.153000E+04  -0.144064E-11  -0.358021E-11  -0.417953E-12
   0.153100E+04  -0.962071E-12  -0.206481E-11  -0.271600E-13
   0.153200E+04  -0.815882E-12  -0.160455E-11   0.884798E-13
   0.153300E+04  -0.119251E-11  -0.281199E-11  -0.229891E-12
   0.153400E+04  -0.152590E-11  -0.390939E-11  -0.530686E-12
   0.153500E+04  -0.128357E-11  -0.320939E-11  -0.381946E-12
   0.153600E+04  -0.710461E-12  -0.147105E-11   0.260334E-13
   0.153700E+04  -0.488262E-12  -0.842942E-12   0.146141E-12
   0.153800E+04  -0.785564E-12  -0.186799E-11  -0.162552E-12
   0.153900E+04  -0.102456E-11  -0.273034E-11  -0.438691E-12
   0.154000E+04  -0.690375E-12  -0.179637E-11  -0.262902E-12
   0.154100E+04  -0.537163E-13   0.957639E-13   0.156466E-12
   0.154200E+04   0.202307E-12   0.794530E-12   0.273255E-12
   0.154300E+04  -0.688895E-13  -0.173164E-12  -0.354325E-13
   0.154400E+04  -0.276966E-12  -0.952001E-12  -0.298745E-12
   0.154500E+04   0.765581E-13   0.402033E-13  -0.110022E-12
   0.154600E+04   0.696384E-12   0.188832E-11   0.304687E-12
   0.154700E+04   0.899172E-12   0.244036E-11   0.400796E-12
   0.154800E+04   0.563204E-12   0.130053E-11   0.741022E-13
   0.154900E+04   0.298104E-12   0.382356E-12  -0.193925E-12
   0.155000E+04   0.596436E-12   0.124622E-11  -0.727413E-14
   0.155100E+04   0.114820E-11   0.292831E-11   0.392768E-12
   0.155200E+04   0.127308E-11   0.328542E-11   0.464346E-12
   0.155300E+04   0.868216E-12   0.198138E-11   0.120593E-12
   0.155400E+04   0.550926E-12   0.953968E-12  -0.149509E-12
   0.155500E+04   0.798131E-12   0.171329E-11   0.368399E-13
   0.155600E+04   0.128209E-11   0.323821E-11   0.422630E-12
   0.155700E+04   0.132793E-11   0.340181E-11   0.469760E-12
   0.155800E+04   0.854475E-12   0.193642E-11   0.109453E-12
   0.155900E+04   0.486627E-12   0.804210E-12  -0.162171E-12
   0.156000E+04   0.683348E-12   0.145865E-11   0.236874E-13
   0.156100E+04   0.109765E-11   0.281708E-11   0.394184E-12
   0.156200E+04   0.106105E-11   0.277145E-11   0.415589E-12
   0.156300E+04   0.516691E-12   0.112984E-11   0.378246E-13
   0.156400E+04   0.100042E-12  -0.112996E-12  -0.235603E-12
   0.156500E+04   0.255066E-12   0.448199E-12  -0.494896E-13
   0.156600E+04   0.618666E-12   0.167864E-11   0.308473E-12
   0.156700E+04   0.531491E-12   0.149771E-11   0.310018E-12
   0.156800E+04  -0.380453E-13  -0.207713E-12  -0.759755E-13
   0.156900E+04  -0.445879E-12  -0.141582E-11  -0.339454E-12
   0.157000E+04  -0.267603E-12  -0.782459E-12  -0.140094E-12
   0.157100E+04   0.111858E-12   0.489597E-12   0.218542E-12
   0.157200E+04   0.370306E-13   0.332829E-12   0.212920E-12
   0.157300E+04  -0.501981E-12  -0.129669E-11  -0.169895E-12
   0.157400E+04  -0.853931E-12  -0.235373E-11  -0.413992E-12
   0.157500E+04  -0.613800E-12  -0.155431E-11  -0.194102E-12
   0.157600E+04  -0.188111E-12  -0.167924E-12   0.170708E-12
   0.157700E+04  -0.229451E-12  -0.251241E-12   0.161851E-12
   0.157800E+04  -0.727875E-12  -0.178409E-11  -0.215838E-12
   0.157900E+04  -0.102580E-11  -0.270059E-11  -0.441225E-12
   0.158000E+04  -0.736208E-12  -0.177356E-11  -0.204059E-12
   0.158100E+04  -0.284771E-12  -0.332824E-12   0.161862E-12
   0.158200E+04  -0.319916E-12  -0.421180E-12   0.143534E-12
   0.158300E+04  -0.811959E-12  -0.195538E-11  -0.236555E-12
   0.158400E+04  -0.109537E-11  -0.284488E-11  -0.452140E-12
   0.158500E+04  -0.794525E-12  -0.190066E-11  -0.206715E-12
   0.158600E+04  -0.343534E-12  -0.481914E-12   0.153939E-12
   0.158700E+04  -0.377684E-12  -0.591505E-12   0.124879E-12
   0.158800E+04  -0.846261E-12  -0.207937E-11  -0.253496E-12
   0.158900E+04  -0.108298E-11  -0.285131E-11  -0.451889E-12
   0.159000E+04  -0.734221E-12  -0.178729E-11  -0.190219E-12
   0.159100E+04  -0.250419E-12  -0.298578E-12   0.172232E-12
   0.159200E+04  -0.256347E-12  -0.355253E-12   0.138388E-12
   0.159300E+04  -0.679554E-12  -0.173773E-11  -0.233278E-12
   0.159400E+04  -0.851993E-12  -0.234447E-11  -0.410552E-12
   0.159500E+04  -0.442227E-12  -0.112399E-11  -0.129934E-12
   0.159600E+04   0.819398E-13   0.458006E-12   0.235898E-12
   0.159700E+04   0.104657E-12   0.459919E-12   0.197774E-12
   0.159800E+04  -0.281761E-12  -0.834901E-12  -0.168291E-12
   0.159900E+04  -0.408962E-12  -0.132230E-11  -0.327967E-12
   0.160000E+04   0.327744E-13  -0.183816E-13  -0.344392E-13
   0.160100E+04   0.561608E-12   0.156648E-11   0.327310E-12
   0.160200E+04   0.576120E-12   0.153517E-11   0.277656E-12
   0.160300E+04   0.193857E-12   0.250099E-12  -0.887036E-13
   0.160400E+04   0.864023E-13  -0.174031E-12  -0.235113E-12
   0.160500E+04   0.541127E-12   0.117687E-11   0.682088E-13
   0.160600E+04   0.105840E-11   0.273684E-11   0.423419E-12
   0.160700E+04   0.104609E-11   0.263843E-11   0.359625E-12
   0.160800E+04   0.642916E-12   0.131130E-11  -0.108409E-13
   0.160900E+04   0.522706E-12   0.877555E-12  -0.149664E-12
   0.161000E+04   0.952521E-12   0.218708E-11   0.156191E-12
   0.161100E+04   0.141747E-11   0.362555E-11   0.496927E-12
   0.161200E+04   0.133494E-11   0.335580E-11   0.410784E-12
   0.161300E+04   0.862688E-12   0.186827E-11   0.271066E-13
   0.161400E+04   0.675620E-12   0.128847E-11  -0.114880E-12
   0.161500E+04   0.102360E-11   0.241032E-11   0.181628E-12
   0.161600E+04   0.138342E-11   0.359039E-11   0.496746E-12
   0.161700E+04   0.118829E-11   0.303912E-11   0.379577E-12
   0.161800E+04   0.616638E-12   0.131145E-11  -0.233636E-13
   0.161900E+04   0.341914E-12   0.528127E-12  -0.173009E-12
   0.162000E+04   0.594915E-12   0.142139E-11   0.110624E-12
   0.162100E+04   0.847004E-12   0.232717E-11   0.398587E-12
   0.162200E+04   0.554042E-12   0.152368E-11   0.252798E-12
   0.162300E+04  -0.791057E-13  -0.352690E-12  -0.161829E-12
   0.162400E+04  -0.380457E-12  -0.118568E-11  -0.306792E-12
   0.162500E+04  -0.144816E-12  -0.323220E-12  -0.205225E-13
   0.162600E+04   0.840109E-13   0.522499E-12   0.257121E-12
   0.162700E+04  -0.223892E-12  -0.326265E-12   0.993024E-13
   0.162800E+04  -0.841544E-12  -0.216347E-11  -0.311762E-12
   0.162900E+04  -0.109851E-11  -0.287680E-11  -0.438505E-12
   0.163000E+04  -0.813091E-12  -0.188714E-11  -0.137296E-12
   0.163100E+04  -0.542923E-12  -0.949642E-12   0.141870E-12
   0.163200E+04  -0.805091E-12  -0.170107E-11  -0.165222E-13
   0.163300E+04  -0.135422E-11  -0.337618E-11  -0.413949E-12
   0.163400E+04  -0.152486E-11  -0.387656E-11  -0.514996E-12
   0.163500E+04  -0.115917E-11  -0.269703E-11  -0.194135E-12
   0.163600E+04  -0.825233E-12  -0.162553E-11   0.896755E-13
   0.163700E+04  -0.102210E-11  -0.224233E-11  -0.662058E-13
   0.163800E+04  -0.148171E-11  -0.371035E-11  -0.446122E-12
   0.163900E+04  -0.154186E-11  -0.394016E-11  -0.516831E-12
   0.164000E+04  -0.106958E-11  -0.250332E-11  -0.171215E-12
   0.164100E+04  -0.646508E-12  -0.122940E-11   0.122478E-12
   0.164200E+04  -0.757978E-12  -0.165451E-11  -0.262075E-13
   0.164300E+04  -0.111732E-11  -0.288151E-11  -0.385607E-12
   0.164400E+04  -0.106760E-11  -0.283567E-11  -0.425531E-12
   0.164500E+04  -0.499868E-12  -0.116274E-11  -0.571164E-13
   0.164600E+04  -0.715045E-14   0.272863E-12   0.243011E-12
   0.164700E+04  -0.602412E-13  -0.181426E-13   0.970903E-13
   0.164800E+04  -0.355695E-12  -0.108398E-11  -0.247843E-12
   0.164900E+04  -0.244790E-12  -0.873621E-12  -0.265775E-12
   0.165000E+04   0.356289E-12   0.889405E-12   0.113555E-12
   0.165100E+04   0.845206E-12   0.231123E-11   0.405963E-12
   0.165200E+04   0.769278E-12   0.195888E-11   0.247416E-12
   0.165300E+04   0.451136E-12   0.844401E-12  -0.994458E-13
   0.165400E+04   0.531782E-12   0.995012E-12  -0.113210E-12
   0.165500E+04   0.107049E-11   0.260978E-11   0.257779E-12
   0.165600E+04   0.145911E-11   0.377475E-11   0.522912E-12
   0.165700E+04   0.127048E-11   0.313414E-11   0.333820E-12
   0.165800E+04   0.855626E-12   0.178638E-11  -0.293851E-13
   0.165900E+04   0.854899E-12   0.175487E-11  -0.486992E-13
   0.166000E+04   0.130445E-11   0.316511E-11   0.309214E-12
   0.166100E+04   0.158516E-11   0.406792E-11   0.546499E-12
   0.166200E+04   0.128611E-11   0.315755E-11   0.328540E-12
   0.166300E+04   0.778142E-12   0.159362E-11  -0.493391E-13
   0.166400E+04   0.697317E-12   0.138488E-11  -0.738044E-13
   0.166500E+04   0.105870E-11   0.258945E-11   0.270651E-12
   0.166600E+04   0.123695E-11   0.323740E-11   0.480483E-12
   0.166700E+04   0.840839E-12   0.208375E-11   0.235932E-12
   0.166800E+04   0.261618E-12   0.351211E-12  -0.152557E-12
   0.166900E+04   0.130238E-12   0.315411E-13  -0.176912E-12
   0.167000E+04   0.440817E-12   0.111598E-11   0.160595E-12
   0.167100E+04   0.563259E-12   0.161858E-11   0.351510E-12
   0.167200E+04   0.127161E-12   0.359018E-12   0.914756E-13
   0.167300E+04  -0.456676E-12  -0.137880E-11  -0.294352E-12
   0.167400E+04  -0.565102E-12  -0.162740E-11  -0.304130E-12
   0.167500E+04  -0.228279E-12  -0.471428E-12   0.413893E-13
   0.167600E+04  -0.843348E-13   0.783908E-13   0.228552E-12
   0.167700E+04  -0.486259E-12  -0.110281E-11  -0.321077E-13
   0.167800E+04  -0.100720E-11  -0.267959E-11  -0.401763E-12
   0.167900E+04  -0.103437E-11  -0.271562E-11  -0.385735E-12
   0.168000E+04  -0.622756E-12  -0.137226E-11  -0.232842E-13
   0.168100E+04  -0.417394E-12  -0.680881E-12   0.167474E-12
   0.168200E+04  -0.752862E-12  -0.170739E-11  -0.875417E-13
   0.168300E+04  -0.118687E-11  -0.306637E-11  -0.436236E-12
   0.168400E+04  -0.111902E-11  -0.285856E-11  -0.391949E-12
   0.168500E+04  -0.630990E-12  -0.132738E-11  -0.128238E-13
   0.168600E+04  -0.375042E-12  -0.525601E-12   0.178909E-12
   0.168700E+04  -0.665989E-12  -0.145648E-11  -0.749521E-13
   0.168800E+04  -0.104412E-11  -0.267964E-11  -0.408940E-12
   0.168900E+04  -0.919952E-12  -0.232981E-11  -0.344542E-12
   0.169000E+04  -0.401314E-12  -0.731915E-12   0.413162E-13
   0.169100E+04  -0.147177E-12   0.406091E-13   0.222760E-12
   0.169200E+04  -0.450012E-12  -0.945861E-12  -0.417924E-13
   0.169300E+04  -0.826254E-12  -0.217787E-11  -0.372350E-12
   0.169400E+04  -0.687855E-12  -0.179703E-11  -0.296749E-12
   0.169500E+04  -0.160510E-12  -0.185914E-12   0.912904E-13
   0.169600E+04   0.918165E-13   0.566458E-12   0.263067E-12
   0.169700E+04  -0.207795E-12  -0.423557E-12  -0.778001E-14
   0.169800E+04  -0.563301E-12  -0.160253E-11  -0.329693E-12
   0.169900E+04  -0.397010E-12  -0.114495E-11  -0.239294E-12
   0.170000E+04   0.145323E-12   0.502777E-12   0.152496E-12
   0.170100E+04   0.397531E-12   0.124465E-11   0.315257E-12
   0.170200E+04   0.100741E-12   0.254881E-12   0.386412E-13
   0.170300E+04  -0.237542E-12  -0.875629E-12  -0.274739E-12
   0.170400E+04  -0.528951E-13  -0.362428E-12  -0.171300E-12
   0.170500E+04   0.488056E-12   0.128198E-11   0.220762E-12
   0.170600E+04   0.720057E-12   0.196361E-11   0.370440E-12
   0.170700E+04   0.407353E-12   0.928995E-12   0.847007E-13
   0.170800E+04   0.724626E-13  -0.183504E-12  -0.222321E-12
   0.170900E+04   0.266814E-12   0.370142E-12  -0.107127E-12
   0.171000E+04   0.800677E-12   0.200501E-11   0.284423E-12
   0.171100E+04   0.100679E-11   0.262090E-11   0.420492E-12
   0.171200E+04   0.670191E-12   0.152976E-11   0.124950E-12
   0.171300E+04   0.327048E-12   0.413073E-12  -0.177229E-12
   0.171400E+04   0.515348E-12   0.972731E-12  -0.531093E-13
   0.171500E+04   0.102236E-11   0.255168E-11   0.333941E-12
   0.171600E+04   0.117906E-11   0.304445E-11   0.451749E-12
   0.171700E+04   0.791649E-12   0.182966E-11   0.141305E-12
   0.171800E+04   0.411108E-12   0.634970E-12  -0.161671E-12
   0.171900E+04   0.564472E-12   0.112696E-11  -0.345893E-13
   0.172000E+04   0.101932E-11   0.258576E-11   0.342558E-12
   0.172100E+04   0.110743E-11   0.290800E-11   0.438259E-12
   0.172200E+04   0.656649E-12   0.154034E-11   0.110848E-12
   0.172300E+04   0.231447E-12   0.252382E-12  -0.193904E-12
   0.172400E+04   0.345730E-12   0.668451E-12  -0.646251E-13
   0.172500E+04   0.744888E-12   0.199806E-11   0.301600E-12
   0.172600E+04   0.758668E-12   0.213127E-11   0.373649E-12
   0.172700E+04   0.234585E-12   0.576599E-12   0.267864E-13
   0.172800E+04  -0.247931E-12  -0.850369E-12  -0.283192E-12
   0.172900E+04  -0.181100E-12  -0.547243E-12  -0.154818E-12
   0.173000E+04   0.168730E-12   0.655518E-12   0.200353E-12
   0.173100E+04   0.137102E-12   0.664653E-12   0.253853E-12
   0.173200E+04  -0.409158E-12  -0.950114E-12  -0.102084E-12
   0.173300E+04  -0.884126E-12  -0.235163E-11  -0.403960E-12
   0.173400E+04  -0.797036E-12  -0.199094E-11  -0.263030E-12
   0.173500E+04  -0.432957E-12  -0.758452E-12   0.932602E-13
   0.173600E+04  -0.451913E-12  -0.734169E-12   0.139240E-12
   0.173700E+04  -0.966518E-12  -0.228282E-11  -0.215475E-12
   0.173800E+04  -0.138405E-11  -0.354398E-11  -0.499910E-12
   0.173900E+04  -0.123180E-11  -0.302426E-11  -0.338503E-12
   0.174000E+04  -0.813938E-12  -0.167415E-11   0.255974E-13
   0.174100E+04  -0.784235E-12  -0.155458E-11   0.703865E-13
   0.174200E+04  -0.123182E-11  -0.295610E-11  -0.276396E-12
   0.174300E+04  -0.155538E-11  -0.398992E-11  -0.536270E-12
   0.174400E+04  -0.130095E-11  -0.322003E-11  -0.347282E-12
   0.174500E+04  -0.794294E-12  -0.166387E-11   0.313777E-13
   0.174600E+04  -0.685812E-12  -0.137104E-11   0.811560E-13
   0.174700E+04  -0.104312E-11  -0.256347E-11  -0.252487E-12
   0.174800E+04  -0.125704E-11  -0.332620E-11  -0.484123E-12
   0.174900E+04  -0.892197E-12  -0.228026E-11  -0.265645E-12
   0.175000E+04  -0.295929E-12  -0.509642E-12   0.127957E-12
   0.175100E+04  -0.116191E-12  -0.547706E-13   0.181815E-12
   0.175200E+04  -0.400634E-12  -0.107308E-11  -0.141192E-12
   0.175300E+04  -0.533078E-12  -0.162612E-11  -0.349287E-12
   0.175400E+04  -0.960617E-13  -0.390258E-12  -0.108333E-12
   0.175500E+04   0.542997E-12   0.148811E-11   0.291443E-12
   0.175600E+04   0.739190E-12   0.197932E-11   0.339384E-12
   0.175700E+04   0.463899E-12   0.987347E-12   0.155469E-13
   0.175800E+04   0.339457E-12   0.471000E-12  -0.182580E-12
   0.175900E+04   0.766686E-12   0.170120E-11   0.651254E-13
   0.176000E+04   0.136116E-11   0.347693E-11   0.454064E-12
   0.176100E+04   0.148325E-11   0.378454E-11   0.478593E-12
   0.176200E+04   0.112300E-11   0.258715E-11   0.135765E-12
   0.176300E+04   0.908044E-12   0.186017E-11  -0.719193E-13
   0.176400E+04   0.122566E-11   0.282986E-11   0.162056E-12
   0.176500E+04   0.168348E-11   0.426626E-11   0.521017E-12
   0.176600E+04   0.165864E-11   0.420461E-11   0.507358E-12
   0.176700E+04   0.116713E-11   0.268770E-11   0.136752E-12
   0.176800E+04   0.840840E-12   0.170399E-11  -0.839726E-13
   0.176900E+04   0.104613E-11   0.241318E-11   0.136115E-12
   0.177000E+04   0.137474E-11   0.353304E-11   0.466663E-12
   0.177100E+04   0.121687E-11   0.313678E-11   0.417607E-12
   0.177200E+04   0.615606E-12   0.135015E-11   0.234719E-13
   0.177300E+04   0.210595E-12   0.185033E-12  -0.204158E-12
   0.177400E+04   0.350025E-12   0.743446E-12   0.105654E-13
   0.177500E+04   0.610296E-12   0.169378E-11   0.324117E-12
   0.177600E+04   0.392861E-12   0.114331E-11   0.254044E-12
   0.177700E+04  -0.235351E-12  -0.707965E-12  -0.147016E-12
   0.177800E+04  -0.630788E-12  -0.183551E-11  -0.363983E-12
   0.177900E+04  -0.467085E-12  -0.120512E-11  -0.137103E-12
   0.178000E+04  -0.186476E-12  -0.206405E-12   0.176521E-12
   0.178100E+04  -0.379085E-12  -0.705174E-12   0.101852E-12
   0.178200E+04  -0.956273E-12  -0.243247E-11  -0.290837E-12
   0.178300E+04  -0.127134E-11  -0.335277E-11  -0.483510E-12
   0.178400E+04  -0.101912E-11  -0.249746E-11  -0.232521E-12
   0.178500E+04  -0.659730E-12  -0.131129E-11   0.919755E-13
   0.178600E+04  -0.775531E-12  -0.163441E-11   0.226184E-13
   0.178700E+04  -0.125849E-11  -0.313507E-11  -0.353244E-12
   0.178800E+04  -0.146097E-11  -0.377288E-11  -0.515517E-12
   0.178900E+04  -0.109916E-11  -0.264505E-11  -0.236852E-12
   0.179000E+04  -0.649325E-12  -0.124613E-11   0.100267E-12
   0.179100E+04  -0.684771E-12  -0.138655E-11   0.368451E-13
   0.179200E+04  -0.107899E-11  -0.267441E-11  -0.322991E-12
   0.179300E+04  -0.118567E-11  -0.307134E-11  -0.458049E-12
   0.179400E+04  -0.743482E-12  -0.174389E-11  -0.157725E-12
   0.179500E+04  -0.243371E-12  -0.232777E-12   0.183770E-12
   0.179600E+04  -0.247161E-12  -0.312303E-12   0.116665E-12
   0.179700E+04  -0.608843E-12  -0.152854E-11  -0.238085E-12
   0.179800E+04  -0.684089E-12  -0.184822E-11  -0.358847E-12
   0.179900E+04  -0.233607E-12  -0.506993E-12  -0.519020E-13
   0.180000E+04   0.241374E-12   0.920595E-12   0.278120E-12
   0.180100E+04   0.199088E-12   0.720898E-12   0.192977E-12
   0.180200E+04  -0.185637E-12  -0.563385E-12  -0.167518E-12
   0.180300E+04  -0.264840E-12  -0.888153E-12  -0.280432E-12
   0.180400E+04   0.177976E-12   0.439318E-12   0.307364E-13
   0.180500E+04   0.624707E-12   0.179132E-11   0.349711E-12
   0.180600E+04   0.544398E-12   0.148778E-11   0.247948E-12
   0.180700E+04   0.133067E-12   0.137645E-12  -0.117805E-12
   0.180800E+04   0.396026E-13  -0.212188E-12  -0.224367E-12
   0.180900E+04   0.460503E-12   0.106783E-11   0.880960E-13
   0.181000E+04   0.866622E-12   0.231453E-11   0.393415E-12
   0.181100E+04   0.742754E-12   0.189647E-11   0.274280E-12
   0.181200E+04   0.307457E-12   0.493120E-12  -0.954274E-13
   0.181300E+04   0.208319E-12   0.147597E-12  -0.193212E-12
   0.181400E+04   0.617977E-12   0.141498E-11   0.123078E-12
   0.181500E+04   0.992651E-12   0.258635E-11   0.416905E-12
   0.181600E+04   0.830488E-12   0.207218E-11   0.281975E-12
   0.181700E+04   0.371660E-12   0.619785E-12  -0.910582E-13
   0.181800E+04   0.263150E-12   0.270319E-12  -0.180651E-12
   0.181900E+04   0.655657E-12   0.150983E-11   0.138002E-12
   0.182000E+04   0.992594E-12   0.258900E-11   0.418772E-12
   0.182100E+04   0.785836E-12   0.196140E-11   0.266784E-12
   0.182200E+04   0.296385E-12   0.439764E-12  -0.110890E-12
   0.182300E+04   0.170762E-12   0.635107E-13  -0.194052E-12
   0.182400E+04   0.540591E-12   0.125788E-11   0.125329E-12
   0.182500E+04   0.841145E-12   0.224688E-11   0.392983E-12
   0.182600E+04   0.601078E-12   0.153626E-11   0.226485E-12
   0.182700E+04   0.100721E-12   0.560715E-16  -0.151181E-12
   0.182800E+04  -0.195351E-13  -0.340407E-12  -0.222870E-12
   0.182900E+04   0.346356E-12   0.860656E-12   0.101113E-12
   0.183000E+04   0.621546E-12   0.178926E-11   0.357818E-12
   0.183100E+04   0.350809E-12   0.100141E-11   0.177407E-12
   0.183200E+04  -0.165153E-12  -0.565010E-12  -0.201208E-12
   0.183300E+04  -0.291295E-12  -0.905164E-12  -0.264213E-12
   0.183400E+04   0.530017E-13   0.247174E-12   0.596801E-13
   0.183500E+04   0.279653E-12   0.104239E-11   0.299400E-12
   0.183600E+04  -0.468347E-13   0.971634E-13   0.988045E-13
   0.183700E+04  -0.598238E-12  -0.156624E-11  -0.285816E-12
   0.183800E+04  -0.735884E-12  -0.193364E-11  -0.342319E-12
   0.183900E+04  -0.397970E-12  -0.799238E-12  -0.163346E-13
   0.184000E+04  -0.183884E-12  -0.483711E-13   0.213307E-12
   0.184100E+04  -0.517162E-12  -0.102622E-11   0.263389E-14
   0.184200E+04  -0.105347E-11  -0.265930E-11  -0.377556E-12
   0.184300E+04  -0.115870E-11  -0.294788E-11  -0.419088E-12
   0.184400E+04  -0.790326E-12  -0.174753E-11  -0.846197E-13
   0.184500E+04  -0.553146E-12  -0.961265E-12   0.141090E-12
   0.184600E+04  -0.852161E-12  -0.187593E-11  -0.718904E-13
   0.184700E+04  -0.132478E-11  -0.335977E-11  -0.437907E-12
   0.184800E+04  -0.134460E-11  -0.343601E-11  -0.453830E-12
   0.184900E+04  -0.893920E-12  -0.203723E-11  -0.100605E-12
   0.185000E+04  -0.587672E-12  -0.109747E-11   0.130395E-12
   0.185100E+04  -0.815000E-12  -0.185273E-11  -0.770662E-13
   0.185200E+04  -0.119597E-11  -0.311546E-11  -0.422910E-12
   0.185300E+04  -0.111147E-11  -0.293047E-11  -0.409334E-12
   0.185400E+04  -0.567285E-12  -0.130299E-11  -0.352254E-13
   0.185500E+04  -0.186998E-12  -0.193271E-12   0.202202E-12
   0.185600E+04  -0.343552E-12  -0.785222E-12   0.748927E-15
   0.185700E+04  -0.640956E-12  -0.183937E-11  -0.325639E-12
   0.185800E+04  -0.469319E-12  -0.142804E-11  -0.285342E-12
   0.185900E+04   0.141191E-12   0.368169E-12   0.104600E-12
   0.186000E+04   0.559172E-12   0.156538E-11   0.341733E-12
   0.186100E+04   0.429780E-12   0.103728E-11   0.138562E-12
   0.186200E+04   0.166645E-12   0.794478E-13  -0.177019E-12
   0.186300E+04   0.370863E-12   0.592724E-12  -0.119903E-12
   0.186400E+04   0.987139E-12   0.241848E-11   0.274528E-12
   0.186500E+04   0.137488E-11   0.354490E-11   0.498633E-12
   0.186600E+04   0.119623E-11   0.289961E-11   0.279542E-12
   0.186700E+04   0.882683E-12   0.183408E-11  -0.411860E-13
   0.186800E+04   0.102840E-11   0.222637E-11   0.149893E-13
   0.186900E+04   0.155549E-11   0.384584E-11   0.394859E-12
   0.187000E+04   0.181595E-11   0.465664E-11   0.586301E-12
   0.187100E+04   0.149016E-11   0.364283E-11   0.331469E-12
   0.187200E+04   0.103071E-11   0.222008E-11  -0.140223E-13
   0.187300E+04   0.103276E-11   0.226588E-11   0.232023E-13
   0.187400E+04   0.140743E-11   0.351055E-11   0.374797E-12
   0.187500E+04   0.150917E-11   0.392250E-11   0.526817E-12
   0.187600E+04   0.103888E-11   0.254833E-11   0.237121E-12
   0.187700E+04   0.463939E-12   0.849298E-12  -0.126405E-12
   0.187800E+04   0.370687E-12   0.673545E-12  -0.982152E-13
   0.187900E+04   0.652578E-12   0.169344E-11   0.236759E-12
   0.188000E+04   0.665617E-12   0.187990E-11   0.363019E-12
   0.188100E+04   0.133158E-12   0.349135E-12   0.548744E-13
   0.188200E+04  -0.462443E-12  -0.139037E-11  -0.307672E-12
   0.188300E+04  -0.547525E-12  -0.152961E-11  -0.268039E-12
   0.188400E+04  -0.252663E-12  -0.471345E-12   0.709637E-13
   0.188500E+04  -0.226355E-12  -0.258499E-12   0.191385E-12
   0.188600E+04  -0.726710E-12  -0.171590E-11  -0.116697E-12
   0.188700E+04  -0.125800E-11  -0.329186E-11  -0.461785E-12
   0.188800E+04  -0.125899E-11  -0.321521E-11  -0.396514E-12
   0.188900E+04  -0.882982E-12  -0.195921E-11  -0.411056E-13
   0.189000E+04  -0.781671E-12  -0.157590E-11   0.848203E-13
   0.189100E+04  -0.119427E-11  -0.282943E-11  -0.212597E-12
   0.189200E+04  -0.161248E-11  -0.412706E-11  -0.530853E-12
   0.189300E+04  -0.148875E-11  -0.373917E-11  -0.432434E-12
   0.189400E+04  -0.100013E-11  -0.221217E-11  -0.550862E-13
   0.189500E+04  -0.801986E-12  -0.160809E-11   0.802405E-13
   0.189600E+04  -0.111470E-11  -0.263018E-11  -0.204090E-12
   0.189700E+04  -0.141699E-11  -0.364341E-11  -0.494790E-12
   0.189800E+04  -0.117424E-11  -0.295766E-11  -0.364370E-12
   0.189900E+04  -0.586855E-12  -0.119150E-11   0.320984E-13
   0.190000E+04  -0.314907E-12  -0.419864E-12   0.172510E-12
   0.190100E+04  -0.562213E-12  -0.129178E-11  -0.104954E-12
   0.190200E+04  -0.796132E-12  -0.213510E-11  -0.376965E-12
   0.190300E+04  -0.494035E-12  -0.129726E-11  -0.226231E-12
   0.190400E+04   0.123406E-12   0.539021E-12   0.175619E-12
   0.190500E+04   0.393842E-12   0.129202E-11   0.306216E-12
   0.190600E+04   0.130035E-12   0.366011E-12   0.195968E-13
   0.190700E+04  -0.124437E-12  -0.531959E-12  -0.251382E-12
   0.190800E+04   0.144588E-12   0.222451E-12  -0.992042E-13
   0.190900E+04   0.705321E-12   0.190829E-11   0.290160E-12
   0.191000E+04   0.904048E-12   0.246814E-11   0.396974E-12
   0.191100E+04   0.575921E-12   0.137590E-11   0.925346E-13
   0.191200E+04   0.272697E-12   0.364874E-12  -0.181810E-12
   0.191300E+04   0.491881E-12   0.100690E-11  -0.305728E-13
   0.191400E+04   0.983775E-12   0.252279E-11   0.344489E-12
   0.191500E+04   0.110230E-11   0.287653E-11   0.426436E-12
   0.191600E+04   0.708518E-12   0.162193E-11   0.104742E-12
   0.191700E+04   0.365673E-12   0.528523E-12  -0.170309E-12
   0.191800E+04   0.554018E-12   0.111460E-11  -0.156380E-13
   0.191900E+04   0.100146E-11   0.253072E-11   0.350422E-12
   0.192000E+04   0.106384E-11   0.274641E-11   0.412872E-12
   0.192100E+04   0.624061E-12   0.138372E-11   0.785042E-13
   0.192200E+04   0.255548E-12   0.244333E-12  -0.194145E-12
   0.192300E+04   0.422273E-12   0.795559E-12  -0.344952E-13
   0.192400E+04   0.831510E-12   0.212300E-11   0.323152E-12
   0.192500E+04   0.842538E-12   0.220661E-11   0.366529E-12
   0.192600E+04   0.361463E-12   0.740964E-12   0.201499E-13
   0.192700E+04  -0.257831E-13  -0.433626E-12  -0.249042E-12
   0.192800E+04   0.132062E-12   0.109209E-12  -0.824491E-13
   0.192900E+04   0.525072E-12   0.140001E-11   0.270637E-12
   0.193000E+04   0.516774E-12   0.143188E-11   0.301298E-12
   0.193100E+04   0.335878E-13  -0.359797E-13  -0.488081E-13
   0.193200E+04  -0.331050E-12  -0.113863E-11  -0.305822E-12
   0.193300E+04  -0.142781E-12  -0.502468E-12  -0.124338E-12
   0.193400E+04   0.269110E-12   0.842199E-12   0.231109E-12
   0.193500E+04   0.271005E-12   0.898071E-12   0.255061E-12
   0.193600E+04  -0.192709E-12  -0.517403E-12  -0.941550E-13
   0.193700E+04  -0.523959E-12  -0.152278E-11  -0.336782E-12
   0.193800E+04  -0.306453E-12  -0.800490E-12  -0.141134E-12
   0.193900E+04   0.112822E-12   0.562977E-12   0.213597E-12
   0.194000E+04   0.105779E-12   0.587312E-12   0.226401E-12
   0.194100E+04  -0.364224E-12  -0.849646E-12  -0.127537E-12
   0.194200E+04  -0.695311E-12  -0.185330E-11  -0.363217E-12
   0.194300E+04  -0.488763E-12  -0.116145E-11  -0.162872E-12
   0.194400E+04  -0.104220E-12   0.974212E-13   0.181011E-12
   0.194500E+04  -0.155107E-12  -0.138103E-13   0.174351E-12
   0.194600E+04  -0.650299E-12  -0.153168E-11  -0.188781E-12
   0.194700E+04  -0.980222E-12  -0.253744E-11  -0.417644E-12
   0.194800E+04  -0.765823E-12  -0.183052E-11  -0.209134E-12
   0.194900E+04  -0.384736E-12  -0.596784E-12   0.129971E-12
   0.195000E+04  -0.440591E-12  -0.744119E-12   0.111786E-12
   0.195100E+04  -0.916931E-12  -0.223039E-11  -0.251297E-12
   0.195200E+04  -0.119710E-11  -0.311418E-11  -0.463303E-12
   0.195300E+04  -0.922314E-12  -0.225751E-11  -0.236091E-12
   0.195400E+04  -0.490346E-12  -0.908592E-12   0.109130E-12
   0.195500E+04  -0.498810E-12  -0.955851E-12   0.902716E-13
   0.195600E+04  -0.910151E-12  -0.229006E-11  -0.262892E-12
   0.195700E+04  -0.110352E-11  -0.295534E-11  -0.450200E-12
   0.195800E+04  -0.741097E-12  -0.187808E-11  -0.198837E-12
   0.195900E+04  -0.239880E-12  -0.365793E-12   0.156059E-12
   0.196000E+04  -0.190657E-12  -0.284497E-12   0.138815E-12
   0.196100E+04  -0.534818E-12  -0.145768E-11  -0.203435E-12
   0.196200E+04  -0.647512E-12  -0.191558E-11  -0.366784E-12
   0.196300E+04  -0.211001E-12  -0.646745E-12  -0.937697E-13
   0.196400E+04   0.340229E-12   0.986983E-12   0.267206E-12
   0.196500E+04   0.423407E-12   0.114536E-11   0.247519E-12
   0.196600E+04   0.117737E-12   0.706465E-13  -0.885009E-13
   0.196700E+04   0.507767E-13  -0.257670E-12  -0.233933E-12
   0.196800E+04   0.519808E-12   0.110841E-11   0.530299E-13
   0.196900E+04   0.107397E-11   0.275576E-11   0.411251E-12
   0.197000E+04   0.113960E-11   0.287300E-11   0.379768E-12
   0.197100E+04   0.815848E-12   0.176598E-11   0.398709E-13
   0.197200E+04   0.730864E-12   0.141732E-11  -0.994304E-13
   0.197300E+04   0.116007E-11   0.270686E-11   0.187459E-12
   0.197400E+04   0.163715E-11   0.417226E-11   0.527115E-12
   0.197500E+04   0.160007E-11   0.403742E-11   0.467107E-12
   0.197600E+04   0.117005E-11   0.267664E-11   0.106004E-12
   0.197700E+04   0.976785E-12   0.207684E-11  -0.454121E-13
   0.197800E+04   0.127524E-11   0.305242E-11   0.222282E-12
   0.197900E+04   0.158820E-11   0.410394E-11   0.524640E-12
   0.198000E+04   0.137399E-11   0.351502E-11   0.420065E-12
   0.198100E+04   0.786808E-12   0.175940E-11   0.267880E-13
   0.198200E+04   0.467162E-12   0.854699E-12  -0.140924E-12
   0.198300E+04   0.653537E-12   0.156139E-11   0.110942E-12
   0.198400E+04   0.854893E-12   0.233487E-11   0.386586E-12
   0.198500E+04   0.541459E-12   0.149458E-11   0.253672E-12
   0.198600E+04  -0.109832E-12  -0.415785E-12  -0.152360E-12
   0.198700E+04  -0.455862E-12  -0.137112E-11  -0.316019E-12
   0.198800E+04  -0.278882E-12  -0.676269E-12  -0.597525E-13
   0.198900E+04  -0.852820E-13   0.762279E-13   0.209383E-12
   0.199000E+04  -0.394378E-12  -0.760813E-12   0.684636E-13
   0.199100E+04  -0.100933E-11  -0.258038E-11  -0.330501E-12
   0.199200E+04  -0.128767E-11  -0.335847E-11  -0.471887E-12
   0.199300E+04  -0.103440E-11  -0.247031E-11  -0.195137E-12
   0.199400E+04  -0.771531E-12  -0.155643E-11   0.817546E-13
   0.199500E+04  -0.100770E-11  -0.222922E-11  -0.542795E-13
   0.199600E+04  -0.152652E-11  -0.381885E-11  -0.434826E-12
   0.199700E+04  -0.168670E-11  -0.430360E-11  -0.544626E-12
   0.199800E+04  -0.131548E-11  -0.312732E-11  -0.240095E-12
   0.199900E+04  -0.948885E-12  -0.197340E-11   0.505768E-13
   0.200000E+04  -0.108353E-11  -0.241526E-11  -0.751687E-13
   0.200100E+04  -0.148384E-11  -0.372126E-11  -0.432733E-12
   0.200200E+04  -0.151148E-11  -0.387732E-11  -0.508054E-12
   0.200300E+04  -0.101755E-11  -0.240049E-11  -0.174997E-12
   0.200400E+04  -0.552355E-12  -0.101754E-11   0.128355E-12
   0.200500E+04  -0.599773E-12  -0.126062E-11   0.104493E-13
   0.200600E+04  -0.904619E-12  -0.233517E-11  -0.327990E-12
   0.200700E+04  -0.832109E-12  -0.223661E-11  -0.374652E-12
   0.200800E+04  -0.258360E-12  -0.558916E-12  -0.212372E-13
   0.200900E+04   0.251080E-12   0.924863E-12   0.284386E-12
   0.201000E+04   0.224814E-12   0.722889E-12   0.161900E-12
   0.201100E+04  -0.616381E-13  -0.306033E-12  -0.171905E-12
   0.201200E+04   0.244750E-13  -0.163750E-12  -0.206625E-12
   0.201300E+04   0.583697E-12   0.148237E-11   0.148396E-12
   0.201400E+04   0.103660E-11   0.281563E-11   0.436070E-12
   0.201500E+04   0.925972E-12   0.238834E-11   0.287910E-12
   0.201600E+04   0.551859E-12   0.113463E-11  -0.625167E-13
   0.201700E+04   0.553468E-12   0.106993E-11  -0.105223E-12
   0.201800E+04   0.101951E-11   0.248618E-11   0.235357E-12
   0.201900E+04   0.136616E-11   0.355026E-11   0.495447E-12
   0.202000E+04   0.115244E-11   0.286416E-11   0.319114E-12
   0.202100E+04   0.696141E-12   0.141735E-11  -0.450906E-13
   0.202200E+04   0.631726E-12   0.120968E-11  -0.906160E-13
   0.202300E+04   0.102689E-11   0.246589E-11   0.240838E-12
   0.202400E+04   0.128978E-11   0.332636E-11   0.478371E-12
   0.202500E+04   0.996107E-12   0.244498E-11   0.279064E-12
   0.202600E+04   0.482475E-12   0.870275E-12  -0.934471E-13
   0.202700E+04   0.378020E-12   0.585333E-12  -0.136537E-12
   0.202800E+04   0.727642E-12   0.174300E-11   0.190415E-12
   0.202900E+04   0.930078E-12   0.245371E-11   0.409483E-12
   0.203000E+04   0.577954E-12   0.142405E-11   0.191085E-12
   0.203100E+04   0.286183E-13  -0.232847E-12  -0.185821E-12
   0.203200E+04  -0.906944E-13  -0.540780E-12  -0.222147E-12
   0.203300E+04   0.246118E-12   0.592978E-12   0.105965E-12
   0.203400E+04   0.431175E-12   0.125751E-11   0.314624E-12
   0.203500E+04   0.737119E-13   0.211811E-12   0.878175E-13
   0.203600E+04  -0.451930E-12  -0.137691E-11  -0.281239E-12
   0.203700E+04  -0.526012E-12  -0.155538E-11  -0.298657E-12
   0.203800E+04  -0.146236E-12  -0.305095E-12   0.415168E-13
   0.203900E+04   0.699186E-13   0.433756E-12   0.249177E-12
   0.204000E+04  -0.252782E-12  -0.529760E-12   0.219414E-13
   0.204100E+04  -0.722999E-12  -0.197378E-11  -0.332904E-12
   0.204200E+04  -0.728174E-12  -0.196669E-11  -0.326952E-12
   0.204300E+04  -0.289897E-12  -0.564097E-12   0.278542E-13
   0.204400E+04  -0.363606E-13   0.261673E-12   0.235355E-12
   0.204500E+04  -0.329187E-12  -0.635607E-12   0.659975E-14
   0.204600E+04  -0.761299E-12  -0.198332E-11  -0.337610E-12
   0.204700E+04  -0.726382E-12  -0.186950E-11  -0.314574E-12
   0.204800E+04  -0.267207E-12  -0.416961E-12   0.464381E-13
   0.204900E+04  -0.205927E-13   0.374921E-12   0.243999E-12
   0.205000E+04  -0.334630E-12  -0.596574E-12   0.271172E-14
   0.205100E+04  -0.786592E-12  -0.200924E-11  -0.343458E-12
   0.205200E+04  -0.771897E-12  -0.195837E-11  -0.316896E-12
   0.205300E+04  -0.343237E-12  -0.601683E-12   0.384075E-13
   0.205400E+04  -0.132127E-12   0.746902E-13   0.219369E-12
   0.205500E+04  -0.464579E-12  -0.963765E-12  -0.336721E-13
   0.205600E+04  -0.904572E-12  -0.235227E-11  -0.374412E-12
   0.205700E+04  -0.860719E-12  -0.222671E-11  -0.333364E-12
   0.205800E+04  -0.408881E-12  -0.817995E-12   0.277423E-13
   0.205900E+04  -0.183553E-12  -0.122574E-12   0.202684E-12
   0.206000E+04  -0.490449E-12  -0.111126E-11  -0.526210E-13
   0.206100E+04  -0.878543E-12  -0.237094E-11  -0.379347E-12
   0.206200E+04  -0.768290E-12  -0.207319E-11  -0.316098E-12
   0.206300E+04  -0.259445E-12  -0.523030E-12   0.576406E-13
   0.206400E+04   0.818855E-14   0.267004E-12   0.232443E-12
   0.206500E+04  -0.253379E-12  -0.617273E-12  -0.205739E-13
   0.206600E+04  -0.579746E-12  -0.171930E-11  -0.330733E-12
   0.206700E+04  -0.403177E-12  -0.124652E-11  -0.245108E-12
   0.206800E+04   0.154317E-12   0.426723E-12   0.139513E-12
   0.206900E+04   0.450025E-12   0.127903E-11   0.311478E-12
   0.207000E+04   0.215749E-12   0.458926E-12   0.577621E-13
   0.207100E+04  -0.695969E-13  -0.530629E-12  -0.239167E-12
   0.207200E+04   0.150147E-12   0.671786E-13  -0.135195E-12
   0.207300E+04   0.730130E-12   0.180662E-11   0.255503E-12
   0.207400E+04   0.102328E-11   0.265324E-11   0.419115E-12
   0.207500E+04   0.779329E-12   0.181291E-11   0.158208E-12
   0.207600E+04   0.490723E-12   0.832044E-12  -0.133499E-12
   0.207700E+04   0.703099E-12   0.143439E-11  -0.208305E-13
   0.207800E+04   0.125110E-11   0.310922E-11   0.365253E-12
   0.207900E+04   0.148451E-11   0.381216E-11   0.509434E-12
   0.208000E+04   0.116951E-11   0.280191E-11   0.229659E-12
   0.208100E+04   0.809793E-12   0.166093E-11  -0.700067E-13
   0.208200E+04   0.940913E-12   0.208039E-11   0.363712E-13
   0.208300E+04   0.138198E-11   0.349790E-11   0.402218E-12
   0.208400E+04   0.148637E-11   0.387754E-11   0.512575E-12
   0.208500E+04   0.104081E-11   0.254118E-11   0.201724E-12
   0.208600E+04   0.560077E-12   0.110591E-11  -0.116358E-12
   0.208700E+04   0.569214E-12   0.122827E-11  -0.254757E-13
   0.208800E+04   0.875921E-12   0.230611E-11   0.313256E-12
   0.208900E+04   0.846580E-12   0.233940E-11   0.387838E-12
   0.209000E+04   0.297726E-12   0.740394E-12   0.511883E-13
   0.209100E+04  -0.242446E-12  -0.832368E-12  -0.272590E-12
   0.209200E+04  -0.266763E-12  -0.777874E-12  -0.179029E-12
   0.209300E+04   0.782576E-14   0.224231E-12   0.153333E-12
   0.209400E+04  -0.517165E-13   0.174708E-12   0.213052E-12
   0.209500E+04  -0.605741E-12  -0.144246E-11  -0.129697E-12
   0.209600E+04  -0.111323E-11  -0.292808E-11  -0.441080E-12
   0.209700E+04  -0.108240E-11  -0.272835E-11  -0.328002E-12
   0.209800E+04  -0.753163E-12  -0.159380E-11   0.142530E-13
   0.209900E+04  -0.759035E-12  -0.152445E-11   0.750778E-13
   0.210000E+04  -0.124062E-11  -0.297327E-11  -0.258690E-12
   0.210100E+04  -0.164746E-11  -0.421001E-11  -0.544595E-12
   0.210200E+04  -0.150462E-11  -0.373205E-11  -0.401540E-12
   0.210300E+04  -0.107403E-11  -0.235791E-11  -0.411628E-13
   0.210400E+04  -0.987890E-12  -0.208243E-11   0.276425E-13
   0.210500E+04  -0.136572E-11  -0.329126E-11  -0.291198E-12
   0.210600E+04  -0.164711E-11  -0.422146E-11  -0.546826E-12
   0.210700E+04  -0.137363E-11  -0.342081E-11  -0.370378E-12
   0.210800E+04  -0.829082E-12  -0.177534E-11   0.103626E-13
   0.210900E+04  -0.645060E-12  -0.127669E-11   0.884577E-13
   0.211000E+04  -0.921978E-12  -0.224877E-11  -0.215452E-12
   0.211100E+04  -0.109150E-11  -0.290177E-11  -0.442933E-12
   0.211200E+04  -0.711969E-12  -0.183474E-11  -0.237705E-12
   0.211300E+04  -0.873522E-13   0.381842E-14   0.156892E-12
   0.211400E+04   0.153038E-12   0.630450E-12   0.236667E-12
   0.211500E+04  -0.726992E-13  -0.218828E-12  -0.611091E-13
   0.211600E+04  -0.190920E-12  -0.735377E-12  -0.271429E-12
   0.211700E+04   0.221242E-12   0.424044E-12  -0.513912E-13
   0.211800E+04   0.840401E-12   0.224986E-11   0.340409E-12
   0.211900E+04   0.104231E-11   0.277378E-11   0.403484E-12
   0.212000E+04   0.765837E-12   0.179689E-11   0.921826E-13
   0.212100E+04   0.590677E-12   0.114715E-11  -0.122245E-12
   0.212200E+04   0.922381E-12   0.211292E-11   0.896773E-13
   0.212300E+04   0.142387E-11   0.363913E-11   0.455547E-12
   0.212400E+04   0.148672E-11   0.380315E-11   0.481409E-12
   0.212500E+04   0.108286E-11   0.250607E-11   0.141510E-12
   0.212600E+04   0.805995E-12   0.161775E-11  -0.852237E-13
   0.212700E+04   0.104416E-11   0.237074E-11   0.116929E-12
   0.212800E+04   0.143860E-11   0.364129E-11   0.460126E-12
   0.212900E+04   0.138536E-11   0.351941E-11   0.454688E-12
   0.213000E+04   0.879926E-12   0.197854E-11   0.925691E-13
   0.213100E+04   0.525919E-12   0.918263E-12  -0.140985E-12
   0.213200E+04   0.694850E-12   0.151859E-11   0.560132E-13
   0.213300E+04   0.100960E-11   0.259766E-11   0.381358E-12
   0.213400E+04   0.873062E-12   0.226639E-11   0.350696E-12
   0.213500E+04   0.304869E-12   0.573012E-12  -0.261110E-13
   0.213600E+04  -0.815813E-13  -0.553243E-12  -0.257887E-12
   0.213700E+04   0.693921E-13   0.170788E-13  -0.564610E-13
   0.213800E+04   0.363345E-12   0.104735E-11   0.262107E-12
   0.213900E+04   0.209589E-12   0.668815E-12   0.219124E-12
   0.214000E+04  -0.351076E-12  -0.100336E-11  -0.158276E-12
   0.214100E+04  -0.699672E-12  -0.202193E-11  -0.374298E-12
   0.214200E+04  -0.499436E-12  -0.131645E-11  -0.155485E-12
   0.214300E+04  -0.163179E-12  -0.180796E-12   0.168302E-12
   0.214400E+04  -0.275528E-12  -0.463793E-12   0.124376E-12
   0.214500E+04  -0.775965E-12  -0.198698E-11  -0.243171E-12
   0.214600E+04  -0.104241E-11  -0.279180E-11  -0.434852E-12
   0.214700E+04  -0.758746E-12  -0.187138E-11  -0.192497E-12
   0.214800E+04  -0.355926E-12  -0.575524E-12   0.140597E-12
   0.214900E+04  -0.411148E-12  -0.728673E-12   0.984800E-13
   0.215000E+04  -0.843600E-12  -0.208718E-11  -0.257685E-12
   0.215100E+04  -0.102920E-11  -0.268446E-11  -0.425370E-12
   0.215200E+04  -0.674346E-12  -0.158279E-11  -0.162344E-12
   0.215300E+04  -0.229303E-12  -0.191512E-12   0.174644E-12
   0.215400E+04  -0.263775E-12  -0.310894E-12   0.126727E-12
   0.215500E+04  -0.675753E-12  -0.163031E-11  -0.227765E-12
   0.215600E+04  -0.837626E-12  -0.217190E-11  -0.383410E-12
   0.215700E+04  -0.475698E-12  -0.106068E-11  -0.113592E-12
   0.215800E+04  -0.550689E-13   0.246537E-12   0.212730E-12
   0.215900E+04  -0.131489E-12  -0.822246E-14   0.145573E-12
   0.216000E+04  -0.573973E-12  -0.142535E-11  -0.217875E-12
   0.216100E+04  -0.743913E-12  -0.199452E-11  -0.367994E-12
   0.216200E+04  -0.382775E-12  -0.889909E-12  -0.928757E-13
   0.216300E+04   0.289952E-13   0.382818E-12   0.226492E-12
   0.216400E+04  -0.569145E-13   0.892443E-13   0.147868E-12
   0.216500E+04  -0.490664E-12  -0.131139E-11  -0.215127E-12
   0.216600E+04  -0.631607E-12  -0.180230E-11  -0.351157E-12
   0.216700E+04  -0.240339E-12  -0.617940E-12  -0.640749E-13
   0.216800E+04   0.188314E-12   0.690886E-12   0.253704E-12
   0.216900E+04   0.115900E-12   0.421487E-12   0.168685E-12
   0.217000E+04  -0.288444E-12  -0.905090E-12  -0.188991E-12
   0.217100E+04  -0.384000E-12  -0.127081E-11  -0.307088E-12
   0.217200E+04   0.472885E-13   0.233051E-13  -0.587224E-14
   0.217300E+04   0.495667E-12   0.137988E-11   0.311005E-12
   0.217400E+04   0.433536E-12   0.113083E-11   0.219363E-12
   0.217500E+04   0.505045E-13  -0.137753E-12  -0.133983E-12
   0.217600E+04  -0.119798E-13  -0.404956E-12  -0.236166E-12
   0.217700E+04   0.443284E-12   0.962976E-12   0.760983E-13
   0.217800E+04   0.892288E-12   0.232412E-11   0.388403E-12
   0.217900E+04   0.818701E-12   0.204625E-11   0.286314E-12
   0.218000E+04   0.432204E-12   0.779119E-12  -0.669044E-13
   0.218100E+04   0.374003E-12   0.543220E-12  -0.158425E-12
   0.218200E+04   0.819754E-12   0.190469E-11   0.158269E-12
   0.218300E+04   0.123122E-11   0.317705E-11   0.458341E-12
   0.218400E+04   0.110389E-11   0.276549E-11   0.337552E-12
   0.218500E+04   0.668381E-12   0.138573E-11  -0.243275E-13
   0.218600E+04   0.567248E-12   0.106198E-11  -0.114583E-12
   0.218700E+04   0.957075E-12   0.229940E-11   0.196952E-12
   0.218800E+04   0.128799E-11   0.337401E-11   0.475900E-12
   0.218900E+04   0.106867E-11   0.273201E-11   0.328820E-12
   0.219000E+04   0.550585E-12   0.115416E-11  -0.482312E-13
   0.219100E+04   0.377127E-12   0.666198E-12  -0.143226E-12
   0.219200E+04   0.686185E-12   0.171273E-11   0.157579E-12
   0.219300E+04   0.917454E-12   0.253521E-11   0.410845E-12
   0.219400E+04   0.593999E-12   0.162390E-11   0.234473E-12
   0.219500E+04  -0.105608E-13  -0.171971E-12  -0.159074E-12
   0.219600E+04  -0.249146E-12  -0.816972E-12  -0.258203E-12
   0.219700E+04   0.244864E-14   0.877649E-13   0.355103E-13
   0.219800E+04   0.178366E-12   0.763920E-12   0.271293E-12
   0.219900E+04  -0.183290E-12  -0.251757E-12   0.788872E-13
   0.220000E+04  -0.792454E-12  -0.205771E-11  -0.314299E-12
   0.220100E+04  -0.100798E-11  -0.263649E-11  -0.399719E-12
   0.220200E+04  -0.727717E-12  -0.165872E-11  -0.962463E-13
   0.220300E+04  -0.526707E-12  -0.932061E-12   0.137506E-12
   0.220400E+04  -0.851290E-12  -0.187064E-11  -0.563763E-13
   0.220500E+04  -0.139352E-11  -0.351536E-11  -0.435297E-12
   0.220600E+04  -0.151821E-11  -0.386582E-11  -0.494076E-12
   0.220700E+04  -0.114676E-11  -0.266548E-11  -0.169210E-12
   0.220800E+04  -0.865035E-12  -0.175531E-11   0.728933E-13
   0.220900E+04  -0.110486E-11  -0.250287E-11  -0.113267E-12
   0.221000E+04  -0.154090E-11  -0.389290E-11  -0.470205E-12
   0.221100E+04  -0.154403E-11  -0.394242E-11  -0.496534E-12
   0.221200E+04  -0.105883E-11  -0.246655E-11  -0.146326E-12
   0.221300E+04  -0.681329E-12  -0.133718E-11   0.106771E-12
   0.221400E+04  -0.828294E-12  -0.187332E-11  -0.698982E-13
   0.221500E+04  -0.115687E-11  -0.300320E-11  -0.404135E-12
   0.221600E+04  -0.104422E-11  -0.276227E-11  -0.398820E-12
   0.221700E+04  -0.458671E-12  -0.103898E-11  -0.257696E-13
   0.221800E+04  -0.732478E-14   0.261380E-12   0.234301E-12
   0.221900E+04  -0.931172E-13  -0.134977E-12   0.615796E-13
   0.222000E+04  -0.356405E-12  -0.110191E-11  -0.257410E-12
   0.222100E+04  -0.180002E-12  -0.691733E-12  -0.230075E-12
   0.222200E+04   0.445696E-12   0.113812E-11   0.154349E-12
   0.222300E+04   0.903276E-12   0.245068E-11   0.408593E-12
   0.222400E+04   0.802167E-12   0.201263E-11   0.225552E-12
   0.222500E+04   0.516614E-12   0.997341E-12  -0.947154E-13
   0.222600E+04   0.658806E-12   0.133650E-11  -0.644676E-13
   0.222700E+04   0.122162E-11   0.301799E-11   0.310773E-12
   0.222800E+04   0.158495E-11   0.409403E-11   0.539229E-12
   0.222900E+04   0.137567E-11   0.338523E-11   0.327812E-12
   0.223000E+04   0.983020E-12   0.211209E-11  -0.101376E-13
   0.223100E+04   0.101279E-11   0.218526E-11   0.748934E-14
   0.223200E+04   0.144305E-11   0.354296E-11   0.359293E-12
   0.223300E+04   0.165783E-11   0.424616E-11   0.550938E-12
   0.223400E+04   0.130929E-11   0.319160E-11   0.305356E-12
   0.223500E+04   0.804299E-12   0.165419E-11  -0.504973E-13
   0.223600E+04   0.737451E-12   0.150929E-11  -0.416637E-13
   0.223700E+04   0.106308E-11   0.261955E-11   0.292526E-12
   0.223800E+04   0.116230E-11   0.303454E-11   0.453954E-12
   0.223900E+04   0.711176E-12   0.172365E-11   0.181508E-12
   0.224000E+04   0.137961E-12   0.273361E-13  -0.183606E-12
   0.224100E+04   0.309528E-13  -0.199475E-12  -0.172764E-12
   0.224200E+04   0.322838E-12   0.837566E-12   0.157386E-12
   0.224300E+04   0.389334E-12   0.117081E-11   0.304875E-12
   0.224400E+04  -0.756021E-13  -0.174096E-12   0.234493E-13
   0.224500E+04  -0.629007E-12  -0.180992E-11  -0.333205E-12
   0.224600E+04  -0.693464E-12  -0.191517E-11  -0.304203E-12
   0.224700E+04  -0.359570E-12  -0.768045E-12   0.362034E-13
   0.224800E+04  -0.256833E-12  -0.351951E-12   0.182705E-12
   0.224900E+04  -0.673054E-12  -0.158294E-11  -0.957392E-13
   0.225000E+04  -0.115062E-11  -0.302654E-11  -0.433201E-12
   0.225100E+04  -0.112303E-11  -0.289448E-11  -0.376876E-12
   0.225200E+04  -0.704038E-12  -0.153681E-11  -0.185100E-13
   0.225300E+04  -0.528896E-12  -0.953797E-12   0.133560E-12
   0.225400E+04  -0.868878E-12  -0.200773E-11  -0.136676E-12
   0.225500E+04  -0.125369E-11  -0.322234E-11  -0.451770E-12
   0.225600E+04  -0.112809E-11  -0.284352E-11  -0.367428E-12
   0.225700E+04  -0.627429E-12  -0.128858E-11   0.755145E-14
   0.225800E+04  -0.391196E-12  -0.570310E-12   0.162550E-12
   0.225900E+04  -0.675110E-12  -0.150020E-11  -0.103480E-12
   0.226000E+04  -0.999011E-12  -0.256865E-11  -0.402544E-12
   0.226100E+04  -0.820015E-12  -0.205930E-11  -0.299496E-12
   0.226200E+04  -0.291364E-12  -0.446625E-12   0.807069E-13
   0.226300E+04  -0.498096E-13   0.263661E-12   0.227124E-12
   0.226400E+04  -0.330064E-12  -0.674320E-12  -0.449939E-13
   0.226500E+04  -0.641902E-12  -0.171823E-11  -0.337461E-12
   0.226600E+04  -0.458337E-12  -0.120070E-11  -0.225522E-12
   0.226700E+04   0.475756E-13   0.340579E-12   0.149321E-12
   0.226800E+04   0.245755E-12   0.918085E-12   0.277100E-12
   0.226900E+04  -0.688368E-13  -0.123519E-12  -0.849749E-14
   0.227000E+04  -0.387907E-12  -0.118618E-11  -0.297574E-12
   0.227100E+04  -0.198390E-12  -0.645860E-12  -0.175643E-12
   0.227200E+04   0.301473E-12   0.881171E-12   0.198130E-12
   0.227300E+04   0.478751E-12   0.139825E-11   0.312966E-12
   0.227400E+04   0.149588E-12   0.316045E-12   0.191566E-13
   0.227500E+04  -0.163379E-12  -0.722577E-12  -0.262881E-12
   0.227600E+04   0.403500E-13  -0.132762E-12  -0.128925E-12
   0.227700E+04   0.541010E-12   0.140198E-11   0.245233E-12
   0.227800E+04   0.705250E-12   0.188391E-11   0.349052E-12
   0.227900E+04   0.369834E-12   0.788630E-12   0.494639E-13
   0.228000E+04   0.691222E-13  -0.203732E-12  -0.223532E-12
   0.228100E+04   0.288628E-12   0.445114E-12  -0.768860E-13
   0.228200E+04   0.786147E-12   0.198163E-11   0.296900E-12
   0.228300E+04   0.928106E-12   0.240773E-11   0.387982E-12
   0.228400E+04   0.572312E-12   0.126544E-11   0.801562E-13
   0.228500E+04   0.265501E-12   0.273882E-12  -0.187193E-12
   0.228600E+04   0.479584E-12   0.928493E-12  -0.322037E-13
   0.228700E+04   0.951708E-12   0.241058E-11   0.336450E-12
   0.228800E+04   0.104886E-11   0.272377E-11   0.410190E-12
   0.228900E+04   0.648938E-12   0.147357E-11   0.895304E-13
   0.229000E+04   0.309898E-12   0.414481E-12  -0.177394E-12
   0.229100E+04   0.491321E-12   0.100247E-11  -0.199424E-13
   0.229200E+04   0.914094E-12   0.236620E-11   0.338202E-12
   0.229300E+04   0.950531E-12   0.252473E-11   0.391218E-12
   0.229400E+04   0.499920E-12   0.115067E-11   0.567104E-13
   0.229500E+04   0.128154E-12   0.243498E-13  -0.209553E-12
   0.229600E+04   0.277679E-12   0.548379E-12  -0.495484E-13
   0.229700E+04   0.650912E-12   0.179257E-11   0.297709E-12
   0.229800E+04   0.627073E-12   0.179601E-11   0.329922E-12
   0.229900E+04   0.129468E-12   0.305678E-12  -0.175712E-13
   0.230000E+04  -0.268022E-12  -0.872773E-12  -0.281769E-12
   0.230100E+04  -0.143455E-12  -0.400341E-12  -0.118370E-12
   0.230200E+04   0.183298E-12   0.722712E-12   0.217571E-12
   0.230300E+04   0.983202E-13   0.555457E-12   0.227674E-12
   0.230400E+04  -0.445369E-12  -0.106423E-11  -0.133618E-12
   0.230500E+04  -0.856540E-12  -0.227826E-11  -0.394262E-12
   0.230600E+04  -0.725773E-12  -0.178790E-11  -0.222087E-12
   0.230700E+04  -0.393506E-12  -0.657989E-12   0.112450E-12
   0.230800E+04  -0.472771E-12  -0.826232E-12   0.113941E-12
   0.230900E+04  -0.991263E-12  -0.239381E-11  -0.246420E-12
   0.231000E+04  -0.134942E-11  -0.347628E-11  -0.490011E-12
   0.231100E+04  -0.115362E-11  -0.282441E-11  -0.297788E-12
   0.231200E+04  -0.762654E-12  -0.156030E-11   0.451918E-13
   0.231300E+04  -0.784986E-12  -0.160650E-11   0.478339E-13
   0.231400E+04  -0.122794E-11  -0.299904E-11  -0.301550E-12
   0.231500E+04  -0.148590E-11  -0.383314E-11  -0.518611E-12
   0.231600E+04  -0.118448E-11  -0.291877E-11  -0.298462E-12
   0.231700E+04  -0.703059E-12  -0.144157E-11   0.589582E-13
   0.231800E+04  -0.646154E-12  -0.131049E-11   0.671385E-13
   0.231900E+04  -0.100061E-11  -0.249581E-11  -0.268438E-12
   0.232000E+04  -0.115441E-11  -0.307137E-11  -0.457991E-12
   0.232100E+04  -0.751527E-12  -0.190371E-11  -0.210819E-12
   0.232200E+04  -0.190505E-12  -0.237675E-12   0.158839E-12
   0.232300E+04  -0.709938E-13   0.342905E-13   0.169664E-12
   0.232400E+04  -0.359929E-12  -0.994191E-12  -0.155832E-12
   0.232500E+04  -0.440666E-12  -0.138105E-11  -0.323261E-12
   0.232600E+04   0.230722E-13  -0.538603E-13  -0.566964E-13
   0.232700E+04   0.613611E-12   0.168319E-11   0.315553E-12
   0.232800E+04   0.737300E-12   0.195720E-11   0.317989E-12
   0.232900E+04   0.448310E-12   0.928783E-12  -0.961889E-14
   0.233000E+04   0.369054E-12   0.558593E-12  -0.168450E-12
   0.233100E+04   0.817882E-12   0.186271E-11   0.102802E-12
   0.233200E+04   0.136088E-11   0.348555E-11   0.462647E-12
   0.233300E+04   0.141340E-11   0.358193E-11   0.442432E-12
   0.233400E+04   0.105224E-11   0.238316E-11   0.994460E-13
   0.233500E+04   0.904910E-12   0.186542E-11  -0.636917E-13
   0.233600E+04   0.126966E-11   0.298096E-11   0.198896E-12
   0.233700E+04   0.169420E-11   0.431543E-11   0.532216E-12
   0.233800E+04   0.160244E-11   0.404927E-11   0.474652E-12
   0.233900E+04   0.109677E-11   0.249203E-11   0.101577E-12
   0.234000E+04   0.816921E-12   0.165528E-11  -0.793987E-13
   0.234100E+04   0.105100E-11   0.245600E-11   0.164260E-12
   0.234200E+04   0.133731E-11   0.344725E-11   0.466424E-12
   0.234300E+04   0.111204E-11   0.284577E-11   0.373733E-12
   0.234400E+04   0.499874E-12   0.102976E-11  -0.211849E-13
   0.234500E+04   0.145294E-12   0.242830E-13  -0.207883E-12
   0.234600E+04   0.319321E-12   0.690945E-12   0.310404E-13
   0.234700E+04   0.547174E-12   0.154032E-11   0.317815E-12
   0.234800E+04   0.275836E-12   0.822631E-12   0.207476E-12
   0.234900E+04  -0.349519E-12  -0.101921E-11  -0.190470E-12
   0.235000E+04  -0.683305E-12  -0.195599E-11  -0.363880E-12
   0.235100E+04  -0.475987E-12  -0.119313E-11  -0.111585E-12
   0.235200E+04  -0.218989E-12  -0.271835E-12   0.176557E-12
   0.235300E+04  -0.456642E-12  -0.913621E-12   0.639104E-13
   0.235400E+04  -0.102441E-11  -0.261345E-11  -0.323431E-12
   0.235500E+04  -0.127594E-11  -0.333846E-11  -0.472063E-12
   0.235600E+04  -0.982593E-12  -0.235893E-11  -0.197040E-12
   0.235700E+04  -0.651177E-12  -0.126343E-11   0.100351E-12
   0.235800E+04  -0.816246E-12  -0.174148E-11  -0.755384E-14
   0.235900E+04  -0.129383E-11  -0.322548E-11  -0.378131E-12
   0.236000E+04  -0.143765E-11  -0.368153E-11  -0.497332E-12
   0.236100E+04  -0.104118E-11  -0.244831E-11  -0.196862E-12
   0.236200E+04  -0.627721E-12  -0.116497E-11   0.110618E-12
   0.236300E+04  -0.723059E-12  -0.149178E-11   0.653370E-14
   0.236400E+04  -0.112412E-11  -0.279945E-11  -0.350142E-12
   0.236500E+04  -0.118324E-11  -0.304897E-11  -0.444787E-12
   0.236600E+04  -0.712386E-12  -0.163717E-11  -0.125078E-12
   0.236700E+04  -0.247296E-12  -0.242115E-12   0.186202E-12
   0.236800E+04  -0.303120E-12  -0.489435E-12   0.803279E-13
   0.236900E+04  -0.659038E-12  -0.169244E-11  -0.267845E-12
   0.237000E+04  -0.669035E-12  -0.181647E-11  -0.344283E-12
   0.237100E+04  -0.165906E-12  -0.324025E-12  -0.133539E-13
   0.237200E+04   0.301436E-12   0.106496E-11   0.292129E-12
   0.237300E+04   0.228440E-12   0.758475E-12   0.173523E-12
   0.237400E+04  -0.145899E-12  -0.498998E-12  -0.178536E-12
   0.237500E+04  -0.174505E-12  -0.669884E-12  -0.250429E-12
   0.237600E+04   0.295917E-12   0.737379E-12   0.782574E-13
   0.237700E+04   0.712962E-12   0.198907E-11   0.367260E-12
   0.237800E+04   0.590180E-12   0.154849E-11   0.230070E-12
   0.237900E+04   0.185303E-12   0.219178E-12  -0.126945E-12
   0.238000E+04   0.139936E-12   0.221433E-13  -0.192541E-12
   0.238100E+04   0.584494E-12   0.137669E-11   0.136270E-12
   0.238200E+04   0.957172E-12   0.251820E-11   0.410753E-12
   0.238300E+04   0.788816E-12   0.196316E-11   0.256665E-12
   0.238400E+04   0.358138E-12   0.580958E-12  -0.103511E-12
   0.238500E+04   0.303107E-12   0.381788E-12  -0.160839E-12
   0.238600E+04   0.730755E-12   0.171192E-11   0.170098E-12
   0.238700E+04   0.106735E-11   0.276924E-11   0.431922E-12
   0.238800E+04   0.858088E-12   0.211530E-11   0.262302E-12
   0.238900E+04   0.400844E-12   0.679931E-12  -0.100766E-12
   0.239000E+04   0.329969E-12   0.462074E-12  -0.151097E-12
   0.239100E+04   0.730496E-12   0.173869E-11   0.179391E-12
   0.239200E+04   0.101843E-11   0.267515E-11   0.425427E-12
   0.239300E+04   0.754598E-12   0.188202E-11   0.237197E-12
   0.239400E+04   0.257539E-12   0.353801E-12  -0.131641E-12
   0.239500E+04   0.160681E-12   0.855802E-13  -0.177456E-12
   0.239600E+04   0.530668E-12   0.129498E-11   0.151231E-12
   0.239700E+04   0.775606E-12   0.212146E-11   0.382145E-12
   0.239800E+04   0.471021E-12   0.122203E-11   0.178061E-12
   0.239900E+04  -0.474949E-13  -0.354319E-12  -0.192710E-12
   0.240000E+04  -0.150487E-12  -0.624870E-12  -0.230163E-12
   0.240100E+04   0.210418E-12   0.569400E-12   0.100596E-12
   0.240200E+04   0.437674E-12   0.134904E-11   0.321225E-12
   0.240300E+04   0.122162E-12   0.419779E-12   0.107527E-12
   0.240400E+04  -0.386834E-12  -0.112437E-11  -0.258492E-12
   0.240500E+04  -0.469554E-12  -0.132945E-11  -0.282160E-12
   0.240600E+04  -0.100112E-12  -0.107145E-12   0.538445E-13
   0.240700E+04   0.117595E-12   0.642035E-12   0.265306E-12
   0.240800E+04  -0.208925E-12  -0.324266E-12   0.415731E-13
   0.240900E+04  -0.715861E-12  -0.186529E-11  -0.321744E-12
   0.241000E+04  -0.792630E-12  -0.205488E-11  -0.335616E-12
   0.241100E+04  -0.432914E-12  -0.867048E-12   0.350378E-15
   0.241200E+04  -0.239874E-12  -0.202631E-12   0.198114E-12
   0.241300E+04  -0.580192E-12  -0.122530E-11  -0.370487E-13
   0.241400E+04  -0.106915E-11  -0.272918E-11  -0.394683E-12
   0.241500E+04  -0.110551E-11  -0.281656E-11  -0.391843E-12
   0.241600E+04  -0.708813E-12  -0.154201E-11  -0.465180E-13
   0.241700E+04  -0.490013E-12  -0.831089E-12   0.147850E-12
   0.241800E+04  -0.796359E-12  -0.178702E-11  -0.887580E-13
   0.241900E+04  -0.122442E-11  -0.314500E-11  -0.431779E-12
   0.242000E+04  -0.118124E-11  -0.303227E-11  -0.404448E-12
   0.242100E+04  -0.710618E-12  -0.157835E-11  -0.426756E-13
   0.242200E+04  -0.431443E-12  -0.732785E-12   0.155148E-12
   0.242300E+04  -0.673906E-12  -0.154433E-11  -0.765422E-13
   0.242400E+04  -0.101899E-11  -0.269803E-11  -0.400032E-12
   0.242500E+04  -0.883911E-12  -0.235173E-11  -0.345567E-12
   0.242600E+04  -0.336701E-12  -0.709811E-12   0.330567E-13
   0.242700E+04  -0.320040E-14   0.257370E-12   0.233145E-12
   0.242800E+04  -0.195887E-12  -0.442217E-12   0.397837E-14
   0.242900E+04  -0.479854E-12  -0.144259E-11  -0.303769E-12
   0.243000E+04  -0.281677E-12  -0.930208E-12  -0.227563E-12
   0.243100E+04   0.307828E-12   0.819378E-12   0.161241E-12
   0.243200E+04   0.656622E-12   0.181675E-11   0.356181E-12
   0.243300E+04   0.468925E-12   0.112324E-11   0.121315E-12
   0.243400E+04   0.193970E-12   0.150914E-12  -0.180394E-12
   0.243500E+04   0.396720E-12   0.686947E-12  -0.938215E-13
   0.243600E+04   0.968472E-12   0.239854E-11   0.293286E-12
   0.243700E+04   0.127739E-11   0.329561E-11   0.472566E-12
   0.243800E+04   0.104747E-11   0.250158E-11   0.223735E-12
   0.243900E+04   0.739351E-12   0.146578E-11  -0.789405E-13
   0.244000E+04   0.902898E-12   0.192935E-11   0.103248E-13
   0.244100E+04   0.140625E-11   0.348655E-11   0.386204E-12
   0.244200E+04   0.161708E-11   0.414395E-11   0.538618E-12
   0.244300E+04   0.128182E-11   0.309376E-11   0.263652E-12
   0.244400E+04   0.875178E-12   0.182888E-11  -0.529157E-13
   0.244500E+04   0.933025E-12   0.204656E-11   0.251726E-13
   0.244600E+04   0.130208E-11   0.327244E-11   0.375434E-12
   0.244700E+04   0.135525E-11   0.352608E-11   0.487774E-12
   0.244800E+04   0.872012E-12   0.209869E-11   0.177228E-12
   0.244900E+04   0.353053E-12   0.560936E-12  -0.156488E-12
   0.245000E+04   0.327726E-12   0.587520E-12  -0.852820E-13
   0.245100E+04   0.619951E-12   0.163184E-11   0.251008E-12
   0.245200E+04   0.597951E-12   0.169825E-11   0.340426E-12
   0.245300E+04   0.606002E-13   0.138058E-12   0.139974E-13
   0.245400E+04  -0.476352E-12  -0.143166E-11  -0.317438E-12
   0.245500E+04  -0.494582E-12  -0.137123E-11  -0.235292E-12
   0.245600E+04  -0.192113E-12  -0.295817E-12   0.103648E-12
   0.245700E+04  -0.203466E-12  -0.208863E-12   0.186566E-12
   0.245800E+04  -0.710872E-12  -0.169873E-11  -0.139362E-12
   0.245900E+04  -0.118660E-11  -0.310982E-11  -0.453120E-12
   0.246000E+04  -0.112661E-11  -0.284633E-11  -0.346661E-12
   0.246100E+04  -0.752263E-12  -0.159572E-11   0.609818E-14
   0.246200E+04  -0.700679E-12  -0.136820E-11   0.919666E-13
   0.246300E+04  -0.113482E-11  -0.269025E-11  -0.225477E-12
   0.246400E+04  -0.151487E-11  -0.386707E-11  -0.515315E-12
   0.246500E+04  -0.135048E-11  -0.334503E-11  -0.380231E-12
   0.246600E+04  -0.885127E-12  -0.188014E-11  -0.108394E-13
   0.246700E+04  -0.757673E-12  -0.148698E-11   0.798904E-13
   0.246800E+04  -0.111257E-11  -0.263238E-11  -0.228128E-12
   0.246900E+04  -0.139940E-11  -0.358693E-11  -0.494779E-12
   0.247000E+04  -0.114127E-11  -0.283844E-11  -0.333732E-12
   0.247100E+04  -0.600118E-12  -0.120089E-11   0.486846E-13
   0.247200E+04  -0.411375E-12  -0.677944E-12   0.141349E-12
   0.247300E+04  -0.698116E-12  -0.166845E-11  -0.158723E-12
   0.247400E+04  -0.901397E-12  -0.241443E-11  -0.403041E-12
   0.247500E+04  -0.563546E-12  -0.146215E-11  -0.217931E-12
   0.247600E+04   0.290891E-13   0.299279E-12   0.173357E-12
   0.247700E+04   0.241722E-12   0.868817E-12   0.261288E-12
   0.247800E+04  -0.266311E-13  -0.827551E-13  -0.398040E-13
   0.247900E+04  -0.206083E-12  -0.762816E-12  -0.272923E-12
   0.248000E+04   0.143699E-12   0.228460E-12  -0.769846E-13
   0.248100E+04   0.712728E-12   0.192821E-11   0.308113E-12
   0.248200E+04   0.867761E-12   0.234004E-11   0.374983E-12
   0.248300E+04   0.533401E-12   0.121370E-11   0.560981E-13
   0.248400E+04   0.297998E-12   0.397413E-12  -0.181723E-12
   0.248500E+04   0.594607E-12   0.126556E-11   0.120011E-13
   0.248600E+04   0.109770E-11   0.280469E-11   0.382758E-12
   0.248700E+04   0.117701E-11   0.302703E-11   0.426023E-12
   0.248800E+04   0.776440E-12   0.174274E-11   0.909818E-13
   0.248900E+04   0.492653E-12   0.825686E-12  -0.148484E-12
   0.249000E+04   0.743456E-12   0.160140E-11   0.453488E-13
   0.249100E+04   0.118540E-11   0.299919E-11   0.403020E-12
   0.249200E+04   0.119314E-11   0.304630E-11   0.423780E-12
   0.249300E+04   0.732212E-12   0.162097E-11   0.741897E-13
   0.249400E+04   0.407836E-12   0.623802E-12  -0.165085E-12
   0.249500E+04   0.620791E-12   0.132649E-11   0.302522E-13
   0.249600E+04   0.100768E-11   0.259532E-11   0.375538E-12
   0.249700E+04   0.947081E-12   0.246986E-11   0.373978E-12
   0.249800E+04   0.426931E-12   0.898410E-12   0.969814E-14
   0.249900E+04   0.635826E-13  -0.184262E-12  -0.229637E-12
   0.250000E+04   0.245121E-12   0.452032E-12  -0.324313E-13
   0.250100E+04   0.592618E-12   0.162337E-11   0.302686E-12
   0.250200E+04   0.490551E-12   0.138747E-11   0.283732E-12
   0.250300E+04  -0.527628E-13  -0.242821E-12  -0.880237E-13
   0.250400E+04  -0.414220E-12  -0.131125E-11  -0.319306E-12
   0.250500E+04  -0.221942E-12  -0.638996E-12  -0.112256E-12
   0.250600E+04   0.129140E-12   0.539005E-12   0.220697E-12
   0.250700E+04   0.309494E-13   0.303838E-12   0.193186E-12
   0.250800E+04  -0.487132E-12  -0.126448E-11  -0.176158E-12
   0.250900E+04  -0.797408E-12  -0.219388E-11  -0.389284E-12
   0.251000E+04  -0.548690E-12  -0.136942E-11  -0.163306E-12
   0.251100E+04  -0.156762E-12  -0.905325E-13   0.174713E-12
   0.251200E+04  -0.225729E-12  -0.262409E-12   0.143636E-12
   0.251300E+04  -0.706452E-12  -0.174160E-11  -0.220853E-12
   0.251400E+04  -0.965805E-12  -0.253811E-11  -0.416150E-12
   0.251500E+04  -0.671153E-12  -0.159510E-11  -0.174107E-12
   0.251600E+04  -0.257238E-12  -0.271478E-12   0.164228E-12
   0.251700E+04  -0.323639E-12  -0.457594E-12   0.123414E-12
   0.251800E+04  -0.801197E-12  -0.194646E-11  -0.243827E-12
   0.251900E+04  -0.104835E-11  -0.272212E-11  -0.430087E-12
   0.252000E+04  -0.743156E-12  -0.176346E-11  -0.180386E-12
   0.252100E+04  -0.328628E-12  -0.457892E-12   0.152983E-12
   0.252200E+04  -0.392117E-12  -0.658567E-12   0.102437E-12
   0.252300E+04  -0.844818E-12  -0.209618E-11  -0.262397E-12
   0.252400E+04  -0.104503E-11  -0.275320E-11  -0.431660E-12
   0.252500E+04  -0.692311E-12  -0.167576E-11  -0.166261E-12
   0.252600E+04  -0.245202E-12  -0.300590E-12   0.168868E-12
   0.252700E+04  -0.280305E-12  -0.447299E-12   0.114081E-12
   0.252800E+04  -0.687129E-12  -0.177764E-11  -0.243609E-12
   0.252900E+04  -0.821918E-12  -0.226622E-11  -0.391778E-12
   0.253000E+04  -0.405947E-12  -0.102625E-11  -0.107405E-12
   0.253100E+04   0.846296E-13   0.450929E-12   0.231805E-12
   0.253200E+04   0.813143E-13   0.372038E-12   0.173926E-12
   0.253300E+04  -0.285621E-12  -0.861324E-12  -0.177147E-12
   0.253400E+04  -0.370717E-12  -0.121734E-11  -0.306947E-12
   0.253500E+04   0.842561E-13   0.126825E-12  -0.845156E-14
   0.253600E+04   0.587466E-12   0.163070E-11   0.328587E-12
   0.253700E+04   0.580091E-12   0.153182E-11   0.260684E-12
   0.253800E+04   0.213301E-12   0.298050E-12  -0.912330E-13
   0.253900E+04   0.135983E-12  -0.279617E-13  -0.210703E-12
   0.254000E+04   0.588986E-12   0.132116E-11   0.938049E-13
   0.254100E+04   0.106830E-11   0.276572E-11   0.421583E-12
   0.254200E+04   0.102640E-11   0.257873E-11   0.338305E-12
   0.254300E+04   0.633843E-12   0.129000E-11  -0.184987E-13
   0.254400E+04   0.539587E-12   0.943186E-12  -0.131561E-12
   0.254500E+04   0.964272E-12   0.224182E-11   0.174336E-12
   0.254600E+04   0.139030E-11   0.356269E-11   0.487497E-12
   0.254700E+04   0.128035E-11   0.321090E-11   0.382831E-12
   0.254800E+04   0.822720E-12   0.177304E-11   0.139476E-13
   0.254900E+04   0.665395E-12   0.129021E-11  -0.101767E-12
   0.255000E+04   0.101057E-11   0.240671E-11   0.194815E-12
   0.255100E+04   0.133194E-11   0.346936E-11   0.482410E-12
   0.255200E+04   0.110789E-11   0.283040E-11   0.346692E-12
   0.255300E+04   0.547774E-12   0.114163E-11  -0.420907E-13
   0.255400E+04   0.299836E-12   0.444359E-12  -0.166629E-12
   0.255500E+04   0.549881E-12   0.132932E-11   0.116442E-12
   0.255600E+04   0.767869E-12   0.212802E-11   0.377751E-12
   0.255700E+04   0.453979E-12   0.125789E-11   0.215517E-12
   0.255800E+04  -0.158684E-12  -0.555998E-12  -0.182860E-12
   0.255900E+04  -0.425473E-12  -0.128328E-11  -0.301439E-12
   0.256000E+04  -0.186314E-12  -0.413500E-12  -0.148772E-13
   0.256100E+04   0.147089E-13   0.340372E-12   0.237374E-12
   0.256200E+04  -0.307235E-12  -0.557860E-12   0.648903E-13
   0.256300E+04  -0.897019E-12  -0.231401E-11  -0.328244E-12
   0.256400E+04  -0.111188E-11  -0.290278E-11  -0.427395E-12
   0.256500E+04  -0.815400E-12  -0.188684E-11  -0.124763E-12
   0.256600E+04  -0.565707E-12  -0.102224E-11   0.130576E-12
   0.256700E+04  -0.835086E-12  -0.180478E-11  -0.406097E-13
   0.256800E+04  -0.134968E-11  -0.338028E-11  -0.418436E-12
   0.256900E+04  -0.147063E-11  -0.373450E-11  -0.490457E-12
   0.257000E+04  -0.108517E-11  -0.250329E-11  -0.166514E-12
   0.257100E+04  -0.764380E-12  -0.148246E-11   0.953053E-13
   0.257200E+04  -0.967171E-12  -0.212469E-11  -0.725138E-13
   0.257300E+04  -0.140016E-11  -0.351337E-11  -0.434260E-12
   0.257400E+04  -0.142617E-11  -0.363892E-11  -0.479571E-12
   0.257500E+04  -0.951824E-12  -0.219828E-11  -0.135044E-12
   0.257600E+04  -0.556965E-12  -0.101485E-11   0.133554E-12
   0.257700E+04  -0.686158E-12  -0.149530E-11  -0.290548E-13
   0.257800E+04  -0.102989E-11  -0.267030E-11  -0.372288E-12
   0.257900E+04  -0.957938E-12  -0.255009E-11  -0.389477E-12
   0.258000E+04  -0.399763E-12  -0.902534E-12  -0.248196E-13
   0.258100E+04   0.555623E-13   0.420228E-12   0.248511E-12
   0.258200E+04  -0.217158E-13   0.590217E-13   0.878766E-13
   0.258300E+04  -0.307099E-12  -0.967461E-12  -0.241729E-12
   0.258400E+04  -0.179900E-12  -0.697042E-12  -0.238350E-12
   0.258500E+04   0.405956E-12   0.102667E-11   0.135777E-12
   0.258600E+04   0.853354E-12   0.232576E-11   0.400679E-12
   0.258700E+04   0.750203E-12   0.189586E-11   0.227216E-12
   0.258800E+04   0.438169E-12   0.809908E-12  -0.105027E-12
   0.258900E+04   0.529353E-12   0.100383E-11  -0.991017E-13
   0.259000E+04   0.104746E-11   0.256323E-11   0.265073E-12
   0.259100E+04   0.139326E-11   0.360097E-11   0.502422E-12
   0.259200E+04   0.118197E-11   0.289492E-11   0.299757E-12
   0.259300E+04   0.782008E-12   0.159928E-11  -0.467977E-13
   0.259400E+04   0.801484E-12   0.163644E-11  -0.446830E-13
   0.259500E+04   0.123892E-11   0.301272E-11   0.307801E-12
   0.259600E+04   0.148452E-11   0.380724E-11   0.518893E-12
   0.259700E+04   0.117144E-11   0.285283E-11   0.289430E-12
   0.259800E+04   0.689150E-12   0.136818E-11  -0.694974E-13
   0.259900E+04   0.641354E-12   0.126073E-11  -0.702193E-13
   0.260000E+04   0.100428E-11   0.246635E-11   0.271280E-12
   0.260100E+04   0.116028E-11   0.303924E-11   0.457652E-12
   0.260200E+04   0.761082E-12   0.187001E-11   0.204224E-12
   0.260300E+04   0.216716E-12   0.240772E-12  -0.163266E-12
   0.260400E+04   0.126999E-12   0.452750E-13  -0.162331E-12
   0.260500E+04   0.447705E-12   0.115396E-11   0.173767E-12
   0.260600E+04   0.554463E-12   0.159954E-11   0.342749E-12
   0.260700E+04   0.116084E-12   0.326490E-12   0.743615E-13
   0.260800E+04  -0.440137E-12  -0.132855E-11  -0.291976E-12
   0.260900E+04  -0.520120E-12  -0.149040E-11  -0.279723E-12
   0.261000E+04  -0.186947E-12  -0.348934E-12   0.610033E-13
   0.261100E+04  -0.685674E-13   0.116660E-12   0.224159E-12
   0.261200E+04  -0.478643E-12  -0.109336E-11  -0.457247E-13
   0.261300E+04  -0.976962E-12  -0.259995E-11  -0.396769E-12
   0.261400E+04  -0.982078E-12  -0.256574E-11  -0.360299E-12
   0.261500E+04  -0.580870E-12  -0.125450E-11  -0.433033E-14
   0.261600E+04  -0.405609E-12  -0.658702E-12   0.161613E-12
   0.261700E+04  -0.750751E-12  -0.171696E-11  -0.102513E-12
   0.261800E+04  -0.116251E-11  -0.300561E-11  -0.432467E-12
   0.261900E+04  -0.107393E-11  -0.273025E-11  -0.368219E-12
   0.262000E+04  -0.598523E-12  -0.123641E-11   0.372808E-14
   0.262100E+04  -0.374301E-12  -0.533805E-12   0.170458E-12
   0.262200E+04  -0.675653E-12  -0.149778E-11  -0.922829E-13
   0.262300E+04  -0.103318E-11  -0.265511E-11  -0.407779E-12
   0.262400E+04  -0.892592E-12  -0.225024E-11  -0.324688E-12
   0.262500E+04  -0.392572E-12  -0.707023E-12   0.523334E-13
   0.262600E+04  -0.174294E-12  -0.455050E-13   0.207927E-12
   0.262700E+04  -0.486833E-12  -0.106306E-11  -0.650129E-13
   0.262800E+04  -0.837209E-12  -0.221440E-11  -0.375788E-12
   0.262900E+04  -0.675569E-12  -0.175948E-11  -0.280238E-12
   0.263000E+04  -0.161308E-12  -0.187746E-12   0.999180E-13
   0.263100E+04   0.589379E-13   0.463925E-12   0.246765E-12
   0.263200E+04  -0.246893E-12  -0.547922E-12  -0.314067E-13
   0.263300E+04  -0.572012E-12  -0.163450E-11  -0.332504E-12
   0.263400E+04  -0.377063E-12  -0.108895E-11  -0.221314E-12
   0.263500E+04   0.157402E-12   0.532829E-12   0.163398E-12
   0.263600E+04   0.381974E-12   0.118581E-11   0.302268E-12
   0.263700E+04   0.834518E-13   0.186813E-12   0.196536E-13
   0.263800E+04  -0.218394E-12  -0.833774E-12  -0.271416E-12
   0.263900E+04   0.297394E-14  -0.209023E-12  -0.145564E-12
   0.264000E+04   0.544064E-12   0.143322E-11   0.241062E-12
   0.264100E+04   0.752185E-12   0.203804E-11   0.367914E-12
   0.264200E+04   0.433467E-12   0.983587E-12   0.756475E-13
   0.264300E+04   0.122362E-12  -0.535200E-13  -0.211721E-12
   0.264400E+04   0.336438E-12   0.564620E-12  -0.781225E-13
   0.264500E+04   0.854951E-12   0.215462E-11   0.304338E-12
   0.264600E+04   0.102677E-11   0.266574E-11   0.415456E-12
   0.264700E+04   0.678041E-12   0.153929E-11   0.112467E-12
   0.264800E+04   0.353637E-12   0.485545E-12  -0.170959E-12
   0.264900E+04   0.555830E-12   0.109479E-11  -0.298736E-13
   0.265000E+04   0.104224E-11   0.261536E-11   0.346766E-12
   0.265100E+04   0.116270E-11   0.299896E-11   0.439374E-12
   0.265200E+04   0.765226E-12   0.175556E-11   0.122325E-12
   0.265300E+04   0.407127E-12   0.634777E-12  -0.160935E-12
   0.265400E+04   0.576390E-12   0.118220E-11  -0.166717E-13
   0.265500E+04   0.100960E-11   0.257970E-11   0.349591E-12
   0.265600E+04   0.105862E-11   0.278459E-11   0.419545E-12
   0.265700E+04   0.595058E-12   0.138006E-11   0.851728E-13
   0.265800E+04   0.190217E-12   0.158916E-12  -0.200345E-12
   0.265900E+04   0.318207E-12   0.622487E-12  -0.547675E-13
   0.266000E+04   0.693199E-12   0.188176E-11   0.299613E-12
   0.266100E+04   0.666501E-12   0.189189E-11   0.345554E-12
   0.266200E+04   0.131654E-12   0.304213E-12  -0.766607E-14
   0.266300E+04  -0.323932E-12  -0.103953E-11  -0.297021E-12
   0.266400E+04  -0.233277E-12  -0.662758E-12  -0.150511E-12
   0.266500E+04   0.103827E-12   0.499511E-12   0.194961E-12
   0.266600E+04   0.428164E-13   0.414526E-12   0.224763E-12
   0.266700E+04  -0.503695E-12  -0.120609E-11  -0.135075E-12
   0.266800E+04  -0.941282E-12  -0.249786E-11  -0.414138E-12
   0.266900E+04  -0.819892E-12  -0.203733E-11  -0.253234E-12
   0.267000E+04  -0.458692E-12  -0.820731E-12   0.950839E-13
   0.267100E+04  -0.498239E-12  -0.868151E-12   0.119250E-12
   0.267200E+04  -0.100458E-11  -0.240004E-11  -0.237275E-12
   0.267300E+04  -0.137501E-11  -0.352466E-11  -0.496684E-12
   0.267400E+04  -0.117735E-11  -0.287372E-11  -0.313043E-12
   0.267500E+04  -0.752516E-12  -0.151113E-11   0.451207E-13
   0.267600E+04  -0.739532E-12  -0.145119E-11   0.691601E-13
   0.267700E+04  -0.118445E-11  -0.285027E-11  -0.280286E-12
   0.267800E+04  -0.147525E-11  -0.378658E-11  -0.518168E-12
   0.267900E+04  -0.119372E-11  -0.293571E-11  -0.311188E-12
   0.268000E+04  -0.696886E-12  -0.141254E-11   0.576871E-13
   0.268100E+04  -0.617873E-12  -0.121260E-11   0.841682E-13
   0.268200E+04  -0.982421E-12  -0.242711E-11  -0.253803E-12
   0.268300E+04  -0.117320E-11  -0.311583E-11  -0.465239E-12
   0.268400E+04  -0.791659E-12  -0.201486E-11  -0.231072E-12
   0.268500E+04  -0.215363E-12  -0.302824E-12   0.150490E-12
   0.268600E+04  -0.733849E-13   0.385906E-13   0.179514E-12
   0.268700E+04  -0.371009E-12  -0.101595E-11  -0.148666E-12
   0.268800E+04  -0.484580E-12  -0.150468E-11  -0.337257E-12
   0.268900E+04  -0.342177E-13  -0.221261E-12  -0.814405E-13
   0.269000E+04   0.582138E-12   0.159258E-11   0.305606E-12
   0.269100E+04   0.738285E-12   0.196543E-11   0.328423E-12
   0.269200E+04   0.447401E-12   0.931592E-12  -0.754102E-15
   0.269300E+04   0.338616E-12   0.471026E-12  -0.179983E-12
   0.269400E+04   0.775145E-12   0.173728E-11   0.814342E-13
   0.269500E+04   0.134296E-11   0.343682E-11   0.456494E-12
   0.269600E+04   0.142247E-11   0.361822E-11   0.455371E-12
   0.269700E+04   0.104660E-11   0.237781E-11   0.107386E-12
   0.269800E+04   0.850263E-12   0.171342E-11  -0.807890E-13
   0.269900E+04   0.118323E-11   0.273425E-11   0.167866E-12
   0.270000E+04   0.162333E-11   0.411759E-11   0.514576E-12
   0.270100E+04   0.156725E-11   0.395973E-11   0.477756E-12
   0.270200E+04   0.107310E-11   0.243442E-11   0.105027E-12
   0.270300E+04   0.779227E-12   0.154968E-11  -0.932199E-13
   0.270400E+04   0.101340E-11   0.234515E-11   0.144112E-12
   0.270500E+04   0.133641E-11   0.344300E-11   0.464664E-12
   0.270600E+04   0.115718E-11   0.297585E-11   0.394559E-12
   0.270700E+04   0.561270E-12   0.120160E-11   0.229313E-15
   0.270800E+04   0.196157E-12   0.155521E-12  -0.203252E-12
   0.270900E+04   0.372389E-12   0.821937E-12   0.302173E-13
   0.271000E+04   0.633914E-12   0.176944E-11   0.335089E-12
   0.271100E+04   0.397155E-12   0.115402E-11   0.244539E-12
   0.271200E+04  -0.231759E-12  -0.701514E-12  -0.157768E-12
   0.271300E+04  -0.600833E-12  -0.174778E-11  -0.353525E-12
   0.271400E+04  -0.416567E-12  -0.105485E-11  -0.111752E-12
   0.271500E+04  -0.148174E-12  -0.963929E-13   0.189997E-12
   0.271600E+04  -0.368657E-12  -0.683082E-12   0.931189E-13
   0.271700E+04  -0.951986E-12  -0.242826E-11  -0.301628E-12
   0.271800E+04  -0.124583E-11  -0.327992E-11  -0.474025E-12
   0.271900E+04  -0.978634E-12  -0.237623E-11  -0.209496E-12
   0.272000E+04  -0.636105E-12  -0.124227E-11   0.101962E-12
   0.272100E+04  -0.782327E-12  -0.165964E-11   0.999072E-14
   0.272200E+04  -0.127237E-11  -0.318014E-11  -0.367814E-12
   0.272300E+04  -0.145409E-11  -0.375010E-11  -0.509803E-12
   0.272400E+04  -0.107740E-11  -0.257384E-11  -0.217823E-12
   0.272500E+04  -0.643396E-12  -0.122406E-11   0.106294E-12
   0.272600E+04  -0.707154E-12  -0.145271E-11   0.208363E-13
   0.272700E+04  -0.110686E-11  -0.275600E-11  -0.340318E-12
   0.272800E+04  -0.119331E-11  -0.308686E-11  -0.455165E-12
   0.272900E+04  -0.738482E-12  -0.171789E-11  -0.142306E-12
   0.273000E+04  -0.256080E-12  -0.261882E-12   0.185499E-12
   0.273100E+04  -0.288189E-12  -0.430373E-12   0.963966E-13
   0.273200E+04  -0.654088E-12  -0.165931E-11  -0.259184E-12
   0.273300E+04  -0.708007E-12  -0.191098E-11  -0.359515E-12
   0.273400E+04  -0.243930E-12  -0.526843E-12  -0.401547E-13
   0.273500E+04   0.216236E-12   0.852572E-12   0.276517E-12
   0.273600E+04   0.152357E-12   0.581898E-12   0.170909E-12
   0.273700E+04  -0.226622E-12  -0.687893E-12  -0.187976E-12
   0.273800E+04  -0.274137E-12  -0.916601E-12  -0.278152E-12
   0.273900E+04   0.190474E-12   0.475396E-12   0.469231E-13
   0.274000E+04   0.628251E-12   0.179427E-11   0.353531E-12
   0.274100E+04   0.531776E-12   0.143407E-11   0.232542E-12
   0.274200E+04   0.133146E-12   0.117858E-12  -0.129782E-12
   0.274300E+04   0.800633E-13  -0.110889E-12  -0.211541E-12
   0.274400E+04   0.531199E-12   0.125848E-11   0.116578E-12
   0.274500E+04   0.933089E-12   0.248677E-11   0.410494E-12
   0.274600E+04   0.790683E-12   0.200706E-11   0.271836E-12
   0.274700E+04   0.357321E-12   0.609026E-12  -0.964474E-13
   0.274800E+04   0.281588E-12   0.338343E-12  -0.173045E-12
   0.274900E+04   0.703208E-12   0.164508E-11   0.154686E-12
   0.275000E+04   0.105867E-11   0.275756E-11   0.433673E-12
   0.275100E+04   0.867568E-12   0.215469E-11   0.277164E-12
   0.275200E+04   0.402856E-12   0.688258E-12  -0.957087E-13
   0.275300E+04   0.310291E-12   0.395357E-12  -0.165498E-12
   0.275400E+04   0.707938E-12   0.165745E-11   0.163030E-12
   0.275500E+04   0.102161E-11   0.266834E-11   0.428000E-12
   0.275600E+04   0.785461E-12   0.195239E-11   0.254566E-12
   0.275700E+04   0.291093E-12   0.420762E-12  -0.122348E-12
   0.275800E+04   0.180624E-12   0.997558E-13  -0.185742E-12
   0.275900E+04   0.552184E-12   0.130756E-11   0.142551E-12
   0.276000E+04   0.825542E-12   0.221728E-11   0.393317E-12
   0.276100E+04   0.553943E-12   0.141208E-11   0.204979E-12
   0.276200E+04   0.482369E-13  -0.135884E-12  -0.171789E-12
   0.276300E+04  -0.573983E-13  -0.423484E-12  -0.223832E-12
   0.276400E+04   0.308995E-12   0.786421E-12   0.108460E-12
   0.276500E+04   0.556879E-12   0.163417E-11   0.347936E-12
   0.276600E+04   0.257661E-12   0.758884E-12   0.146358E-12
   0.276700E+04  -0.257897E-12  -0.804980E-12  -0.229940E-12
   0.276800E+04  -0.363542E-12  -0.107825E-11  -0.272117E-12
   0.276900E+04  -0.141798E-13   0.927507E-13   0.606233E-13
   0.277000E+04   0.190286E-12   0.818402E-12   0.283792E-12
   0.277100E+04  -0.155623E-12  -0.191707E-12   0.639314E-13
   0.277200E+04  -0.692562E-12  -0.181583E-11  -0.315164E-12
   0.277300E+04  -0.793408E-12  -0.207347E-11  -0.347356E-12
   0.277400E+04  -0.435888E-12  -0.882669E-12  -0.976048E-14
   0.277500E+04  -0.232712E-12  -0.172631E-12   0.205401E-12
   0.277600E+04  -0.575453E-12  -0.118972E-11  -0.223891E-13
   0.277700E+04  -0.108588E-11  -0.275301E-11  -0.394341E-12
   0.277800E+04  -0.114113E-11  -0.289571E-11  -0.408619E-12
   0.277900E+04  -0.741258E-12  -0.160588E-11  -0.601467E-13
   0.278000E+04  -0.508756E-12  -0.842732E-12   0.152276E-12
   0.278100E+04  -0.819575E-12  -0.180255E-11  -0.781819E-13
   0.278200E+04  -0.127700E-11  -0.324572E-11  -0.437993E-12
   0.278300E+04  -0.126271E-11  -0.321972E-11  -0.430073E-12
   0.278400E+04  -0.797290E-12  -0.177737E-11  -0.667509E-13
   0.278500E+04  -0.510217E-12  -0.899674E-12   0.147640E-12
   0.278600E+04  -0.761036E-12  -0.173029E-11  -0.795890E-13
   0.278700E+04  -0.113722E-11  -0.297838E-11  -0.421009E-12
   0.278800E+04  -0.102920E-11  -0.271766E-11  -0.385633E-12
   0.278900E+04  -0.480642E-12  -0.107284E-11  -0.376428E-14
   0.279000E+04  -0.127915E-12  -0.461443E-13   0.215168E-12
   0.279100E+04  -0.313377E-12  -0.726211E-12  -0.694985E-14
   0.279200E+04  -0.609514E-12  -0.177333E-11  -0.329225E-12
   0.279300E+04  -0.417912E-12  -0.129434E-11  -0.267705E-12
   0.279400E+04   0.192857E-12   0.509091E-12   0.128936E-12
   0.279500E+04   0.579895E-12   0.161489E-11   0.346684E-12
   0.279600E+04   0.420097E-12   0.995371E-12   0.122705E-12
   0.279700E+04   0.157785E-12   0.439965E-13  -0.188511E-12
   0.279800E+04   0.380604E-12   0.621403E-12  -0.110391E-12
   0.279900E+04   0.994400E-12   0.244666E-11   0.289866E-12
   0.280000E+04   0.134922E-11   0.347596E-11   0.493910E-12
   0.280100E+04   0.114150E-11   0.274279E-11   0.254417E-12
   0.280200E+04   0.833320E-12   0.169590E-11  -0.606762E-13
   0.280300E+04   0.100249E-11   0.216476E-11   0.175527E-13
   0.280400E+04   0.152987E-11   0.378972E-11   0.403459E-12
   0.280500E+04   0.175933E-11   0.450680E-11   0.574882E-12
   0.280600E+04   0.140952E-11   0.341749E-11   0.300758E-12
   0.280700E+04   0.966361E-12   0.204245E-11  -0.364834E-13
   0.280800E+04   0.100706E-11   0.220580E-11   0.261190E-13
   0.280900E+04   0.139684E-11   0.349578E-11   0.386655E-12
   0.281000E+04   0.147843E-11   0.384287E-11   0.520732E-12
   0.281100E+04   0.991265E-12   0.241220E-11   0.213389E-12
   0.281200E+04   0.438967E-12   0.778143E-12  -0.140205E-12
   0.281300E+04   0.391812E-12   0.740559E-12  -0.849373E-13
   0.281400E+04   0.695776E-12   0.182520E-11   0.260255E-12
   0.281500E+04   0.691135E-12   0.195396E-11   0.368918E-12
   0.281600E+04   0.136717E-12   0.352973E-12   0.421673E-13
   0.281700E+04  -0.448420E-12  -0.135501E-11  -0.312803E-12
   0.281800E+04  -0.502798E-12  -0.139868E-11  -0.249433E-12
   0.281900E+04  -0.199871E-12  -0.314422E-12   0.964205E-13
   0.282000E+04  -0.201474E-12  -0.187092E-12   0.196803E-12
   0.282100E+04  -0.730977E-12  -0.173338E-11  -0.131229E-12
   0.282200E+04  -0.125817E-11  -0.329385E-11  -0.469703E-12
   0.282300E+04  -0.123513E-11  -0.313879E-11  -0.382008E-12
   0.282400E+04  -0.857050E-12  -0.187260E-11  -0.212903E-13
   0.282500E+04  -0.787083E-12  -0.158383E-11   0.836534E-13
   0.282600E+04  -0.122911E-11  -0.292653E-11  -0.233589E-12
   0.282700E+04  -0.164168E-11  -0.420395E-11  -0.544536E-12
   0.282800E+04  -0.149242E-11  -0.373341E-11  -0.423307E-12
   0.282900E+04  -0.100077E-11  -0.219411E-11  -0.407717E-13
   0.283000E+04  -0.832700E-12  -0.168196E-11   0.735529E-13
   0.283100E+04  -0.117250E-11  -0.278774E-11  -0.230017E-12
   0.283200E+04  -0.146629E-11  -0.377388E-11  -0.512541E-12
   0.283300E+04  -0.119573E-11  -0.300040E-11  -0.358863E-12
   0.283400E+04  -0.603665E-12  -0.121875E-11   0.427538E-13
   0.283500E+04  -0.359357E-12  -0.533601E-12   0.162370E-12
   0.283600E+04  -0.629290E-12  -0.147787E-11  -0.133273E-12
   0.283700E+04  -0.848799E-12  -0.227865E-11  -0.395551E-12
   0.283800E+04  -0.513600E-12  -0.133965E-11  -0.220448E-12
   0.283900E+04   0.111735E-12   0.519323E-12   0.186819E-12
   0.284000E+04   0.356418E-12   0.118914E-11   0.296655E-12
   0.284100E+04   0.728537E-13   0.196964E-12  -0.749217E-14
   0.284200E+04  -0.161620E-12  -0.644497E-12  -0.267302E-12
   0.284300E+04   0.148609E-12   0.232188E-12  -0.890371E-13
   0.284400E+04   0.726387E-12   0.196502E-11   0.307375E-12
   0.284500E+04   0.908498E-12   0.246662E-11   0.395188E-12
   0.284600E+04   0.569841E-12   0.133429E-11   0.754721E-13
   0.284700E+04   0.296271E-12   0.407802E-12  -0.185136E-12
   0.284800E+04   0.565725E-12   0.119877E-11  -0.565246E-14
   0.284900E+04   0.108023E-11   0.277859E-11   0.377492E-12
   0.285000E+04   0.118075E-11   0.307162E-11   0.440017E-12
   0.285100E+04   0.766482E-12   0.175072E-11   0.101135E-12
   0.285200E+04   0.436585E-12   0.696933E-12  -0.163422E-12
   0.285300E+04   0.656335E-12   0.138105E-11   0.154672E-13
   0.285400E+04   0.110989E-11   0.281695E-11   0.385774E-12
   0.285500E+04   0.114178E-11   0.293956E-11   0.426000E-12
   0.285600E+04   0.671464E-12   0.148574E-11   0.726520E-13
   0.285700E+04   0.305962E-12   0.361728E-12  -0.191092E-12
   0.285800E+04   0.493919E-12   0.985806E-12  -0.920313E-14
   0.285900E+04   0.900859E-12   0.231223E-11   0.350709E-12
   0.286000E+04   0.876634E-12   0.229179E-11   0.370765E-12
   0.286100E+04   0.363225E-12   0.732192E-12   0.537536E-14
   0.286200E+04  -0.227399E-13  -0.429861E-12  -0.254793E-12
   0.286300E+04   0.152430E-12   0.176264E-12  -0.667017E-13
   0.286400E+04   0.537515E-12   0.145083E-11   0.287104E-12
   0.286500E+04   0.488942E-12   0.136442E-11   0.293089E-12
   0.286600E+04  -0.293536E-13  -0.205697E-12  -0.764939E-13
   0.286700E+04  -0.393466E-12  -0.129875E-11  -0.324373E-12
   0.286800E+04  -0.187412E-12  -0.599144E-12  -0.121367E-12
   0.286900E+04   0.218577E-12   0.733501E-12   0.234793E-12
   0.287000E+04   0.185033E-12   0.683048E-12   0.234800E-12
   0.287100E+04  -0.305799E-12  -0.814017E-12  -0.132038E-12
   0.287200E+04  -0.626870E-12  -0.178477E-11  -0.363188E-12
   0.287300E+04  -0.382290E-12  -0.975608E-12  -0.144147E-12
   0.287400E+04   0.393804E-13   0.395942E-12   0.212550E-12
   0.287500E+04   0.522035E-14   0.333807E-12   0.202767E-12
   0.287600E+04  -0.482501E-12  -0.116199E-11  -0.166771E-12
   0.287700E+04  -0.793065E-12  -0.210579E-11  -0.388617E-12
   0.287800E+04  -0.548837E-12  -0.130123E-11  -0.162828E-12
   0.287900E+04  -0.150780E-12  -0.674293E-14   0.184856E-12
   0.288000E+04  -0.215827E-12  -0.170876E-12   0.158066E-12
   0.288100E+04  -0.713143E-12  -0.170548E-11  -0.217085E-12
   0.288200E+04  -0.100570E-11  -0.260495E-11  -0.428056E-12
   0.288300E+04  -0.739005E-12  -0.174483E-11  -0.190882E-12
   0.288400E+04  -0.335839E-12  -0.451958E-12   0.153535E-12
   0.288500E+04  -0.405692E-12  -0.652091E-12   0.115011E-12
   0.288600E+04  -0.892357E-12  -0.217808E-11  -0.261691E-12
   0.288700E+04  -0.114930E-11  -0.299488E-11  -0.458579E-12
   0.288800E+04  -0.838407E-12  -0.202972E-11  -0.206280E-12
   0.288900E+04  -0.398898E-12  -0.661204E-12   0.140732E-12
   0.289000E+04  -0.432751E-12  -0.791096E-12   0.989488E-13
   0.289100E+04  -0.863922E-12  -0.218870E-11  -0.269475E-12
   0.289200E+04  -0.104403E-11  -0.281162E-11  -0.443262E-12
   0.289300E+04  -0.656685E-12  -0.165432E-11  -0.169098E-12
   0.289400E+04  -0.158746E-12  -0.150382E-12   0.184989E-12
   0.289500E+04  -0.143118E-12  -0.172520E-12   0.142956E-12
   0.289600E+04  -0.512220E-12  -0.142109E-11  -0.215254E-12
   0.289700E+04  -0.615140E-12  -0.184409E-11  -0.365310E-12
   0.289800E+04  -0.157048E-12  -0.502653E-12  -0.701169E-13
   0.289900E+04   0.387728E-12   0.111514E-11   0.289062E-12
   0.290000E+04   0.434970E-12   0.116437E-11   0.243928E-12
   0.290100E+04   0.102541E-12   0.976457E-14  -0.108152E-12
   0.290200E+04   0.429131E-13  -0.290194E-12  -0.240449E-12
   0.290300E+04   0.530506E-12   0.113991E-11   0.679711E-13
   0.290400E+04   0.107684E-11   0.276710E-11   0.423668E-12
   0.290500E+04   0.110925E-11   0.278249E-11   0.367118E-12
   0.290600E+04   0.765328E-12   0.161382E-11   0.128878E-13
   0.290700E+04   0.695097E-12   0.131392E-11  -0.111284E-12
   0.290800E+04   0.114844E-11   0.268226E-11   0.198191E-12
   0.290900E+04   0.162196E-11   0.413827E-11   0.535782E-12
   0.291000E+04   0.155744E-11   0.391655E-11   0.451703E-12
   0.291100E+04   0.111588E-11   0.251710E-11   0.783757E-13
   0.291200E+04   0.946714E-12   0.199085E-11  -0.555715E-13
   0.291300E+04   0.127612E-11   0.306257E-11   0.236026E-12
   0.291400E+04   0.158926E-11   0.411344E-11   0.536605E-12
   0.291500E+04   0.135125E-11   0.344693E-11   0.408507E-12
   0.291600E+04   0.759415E-12   0.167213E-11   0.485481E-14
   0.291700E+04   0.473913E-12   0.870083E-12  -0.142694E-12
   0.291800E+04   0.700491E-12   0.169986E-11   0.135163E-12
   0.291900E+04   0.905666E-12   0.248369E-11   0.409491E-12
   0.292000E+04   0.564046E-12   0.155413E-11   0.251937E-12
   0.292100E+04  -0.103329E-12  -0.406739E-12  -0.166665E-12
   0.292200E+04  -0.430305E-12  -0.130107E-11  -0.313110E-12
   0.292300E+04  -0.227934E-12  -0.524109E-12  -0.341964E-13
   0.292400E+04  -0.421571E-13   0.206829E-12   0.230660E-12
   0.292500E+04  -0.387219E-12  -0.739933E-12   0.632934E-13
   0.292600E+04  -0.102373E-11  -0.262338E-11  -0.348992E-12
   0.292700E+04  -0.128841E-11  -0.335364E-11  -0.473837E-12
   0.292800E+04  -0.101579E-11  -0.239909E-11  -0.175778E-12
   0.292900E+04  -0.766057E-12  -0.152127E-11   0.952533E-13
   0.293000E+04  -0.104095E-11  -0.231143E-11  -0.680118E-13
   0.293100E+04  -0.158130E-11  -0.396476E-11  -0.461541E-12
   0.293200E+04  -0.172642E-11  -0.439777E-11  -0.554115E-12
   0.293300E+04  -0.133420E-11  -0.315103E-11  -0.228048E-12
   0.293400E+04  -0.978513E-12  -0.202812E-11   0.567299E-13
   0.293500E+04  -0.114839E-11  -0.257918E-11  -0.957643E-13
   0.293600E+04  -0.156621E-11  -0.393940E-11  -0.465223E-12
   0.293700E+04  -0.157589E-11  -0.403758E-11  -0.522460E-12
   0.293800E+04  -0.105931E-11  -0.248809E-11  -0.167804E-12
   0.293900E+04  -0.602174E-12  -0.113081E-11   0.129636E-12
   0.294000E+04  -0.678065E-12  -0.146656E-11  -0.138613E-13
   0.294100E+04  -0.990035E-12  -0.256820E-11  -0.361688E-12
   0.294200E+04  -0.888958E-12  -0.238397E-11  -0.387679E-12
   0.294300E+04  -0.284689E-12  -0.613686E-12  -0.111993E-13
   0.294400E+04   0.222525E-12   0.858426E-12   0.289180E-12
   0.294500E+04   0.174651E-12   0.580841E-12   0.142308E-12
   0.294600E+04  -0.109785E-12  -0.451453E-12  -0.198640E-12
   0.294700E+04   0.138054E-13  -0.200421E-12  -0.210484E-12
   0.294800E+04   0.608894E-12   0.155120E-11   0.168494E-12
   0.294900E+04   0.106159E-11   0.287668E-11   0.450775E-12
   0.295000E+04   0.932342E-12   0.238145E-11   0.278693E-12
   0.295100E+04   0.568113E-12   0.114723E-11  -0.766862E-13
   0.295200E+04   0.618941E-12   0.122610E-11  -0.933664E-13
   0.295300E+04   0.113059E-11   0.277744E-11   0.273389E-12
   0.295400E+04   0.147853E-11   0.384018E-11   0.528143E-12
   0.295500E+04   0.123725E-11   0.306335E-11   0.325939E-12
   0.295600E+04   0.774101E-12   0.159149E-11  -0.463864E-13
   0.295700E+04   0.739248E-12   0.147474E-11  -0.697144E-13
   0.295800E+04   0.116156E-11   0.281680E-11   0.283834E-12
   0.295900E+04   0.141034E-11   0.363571E-11   0.512363E-12
   0.296000E+04   0.107653E-11   0.263214E-11   0.284554E-12
   0.296100E+04   0.544950E-12   0.100585E-11  -0.977953E-13
   0.296200E+04   0.459432E-12   0.786708E-12  -0.120319E-12
   0.296300E+04   0.826293E-12   0.200647E-11   0.226670E-12
   0.296400E+04   0.100645E-11   0.265598E-11   0.434701E-12
   0.296500E+04   0.607945E-12   0.148953E-11   0.186525E-12
   0.296600E+04   0.348687E-13  -0.232376E-12  -0.200886E-12
   0.296700E+04  -0.726662E-13  -0.492223E-12  -0.217692E-12
   0.296800E+04   0.272956E-12   0.681485E-12   0.128511E-12
   0.296900E+04   0.428447E-12   0.126495E-11   0.324075E-12
   0.297000E+04   0.207749E-13   0.717625E-13   0.665317E-13
   0.297100E+04  -0.529189E-12  -0.158391E-11  -0.312771E-12
   0.297200E+04  -0.591015E-12  -0.171377E-11  -0.310268E-12
   0.297300E+04  -0.201869E-12  -0.423552E-12   0.477970E-13
   0.297400E+04  -0.126493E-13   0.239360E-12   0.242287E-12
   0.297500E+04  -0.377989E-12  -0.852952E-12  -0.142948E-13
   0.297600E+04  -0.859897E-12  -0.233117E-11  -0.376353E-12
   0.297700E+04  -0.838345E-12  -0.223789E-11  -0.347133E-12
   0.297800E+04  -0.377601E-12  -0.762225E-12   0.279952E-13
   0.297900E+04  -0.139168E-12   0.167920E-13   0.224163E-12
   0.298000E+04  -0.461468E-12  -0.976402E-12  -0.314070E-13
   0.298100E+04  -0.889616E-12  -0.231839E-11  -0.379217E-12
   0.298200E+04  -0.812223E-12  -0.207839E-11  -0.329378E-12
   0.298300E+04  -0.318193E-12  -0.522476E-12   0.541395E-13
   0.298400E+04  -0.779901E-13   0.242798E-12   0.241475E-12
   0.298500E+04  -0.412923E-12  -0.803827E-12  -0.250491E-13
   0.298600E+04  -0.848744E-12  -0.217860E-11  -0.371810E-12
   0.298700E+04  -0.776279E-12  -0.195966E-11  -0.314759E-12
   0.298800E+04  -0.299371E-12  -0.462575E-12   0.657624E-13
   0.298900E+04  -0.889289E-13   0.203001E-12   0.237267E-12
   0.299000E+04  -0.446536E-12  -0.922519E-12  -0.420219E-13
   0.299100E+04  -0.882546E-12  -0.230692E-11  -0.385587E-12
   0.299200E+04  -0.796472E-12  -0.205647E-11  -0.317152E-12
   0.299300E+04  -0.311274E-12  -0.548457E-12   0.656447E-13
   0.299400E+04  -0.989567E-13   0.102891E-12   0.227981E-12
   0.299500E+04  -0.441203E-12  -0.999019E-12  -0.557037E-13
   0.299600E+04  -0.834927E-12  -0.227827E-11  -0.386667E-12
   0.299700E+04  -0.692585E-12  -0.188068E-11  -0.297686E-12
   0.299800E+04  -0.160621E-12  -0.257107E-12   0.954163E-13
   0.299900E+04   0.850744E-13   0.466234E-12   0.255314E-12
   0.300000E+04  -0.218625E-12  -0.547812E-12  -0.274347E-13
   0.300100E+04  -0.555986E-12  -0.168180E-11  -0.342335E-12
   0.300200E+04  -0.352668E-12  -0.112173E-11  -0.231647E-12
   0.300300E+04   0.222288E-12   0.610831E-12   0.170933E-12
   0.300400E+04   0.491139E-12   0.138386E-11   0.326488E-12
   0.300500E+04   0.211444E-12   0.425805E-12   0.423665E-13
   0.300600E+04  -0.871619E-13  -0.601109E-12  -0.259242E-12
   0.300700E+04   0.156821E-12   0.775066E-13  -0.130399E-12
   0.300800E+04   0.751731E-12   0.186908E-11   0.277388E-12
   0.300900E+04   0.101767E-11   0.263490E-11   0.423962E-12
   0.301000E+04   0.732118E-12   0.166678E-11   0.133448E-12
   0.301100E+04   0.437650E-12   0.668805E-12  -0.160824E-12
   0.301200E+04   0.682575E-12   0.137453E-11  -0.211717E-13
   0.301300E+04   0.125301E-11   0.312144E-11   0.383278E-12
   0.301400E+04   0.146699E-11   0.376421E-11   0.511558E-12
   0.301500E+04   0.112059E-11   0.265379E-11   0.204380E-12
   0.301600E+04   0.767372E-12   0.152959E-11  -0.946384E-13
   0.301700E+04   0.942183E-12   0.208269E-11   0.414395E-13
   0.301800E+04   0.141203E-11   0.358874E-11   0.426635E-12
   0.301900E+04   0.149836E-11   0.391085E-11   0.520790E-12
   0.302000E+04   0.102115E-11   0.247324E-11   0.182469E-12
   0.302100E+04   0.548709E-12   0.106025E-11  -0.134007E-12
   0.302200E+04   0.605752E-12   0.132903E-11  -0.121073E-13
   0.302300E+04   0.944774E-12   0.250638E-11   0.346506E-12
   0.302400E+04   0.896232E-12   0.248015E-11   0.404222E-12
   0.302500E+04   0.308029E-12   0.759782E-12   0.385378E-13
   0.302600E+04  -0.236825E-12  -0.825536E-12  -0.285875E-12
   0.302700E+04  -0.227975E-12  -0.664809E-12  -0.164209E-12
   0.302800E+04   0.660245E-13   0.401356E-12   0.184850E-12
   0.302900E+04  -0.219899E-13   0.267210E-12   0.225193E-12
   0.303000E+04  -0.621669E-12  -0.148744E-11  -0.147824E-12
   0.303100E+04  -0.113917E-11  -0.299860E-11  -0.460332E-12
   0.303200E+04  -0.108074E-11  -0.270667E-11  -0.319985E-12
   0.303300E+04  -0.737099E-12  -0.152145E-11   0.375281E-13
   0.303400E+04  -0.774217E-12  -0.154442E-11   0.778564E-13
   0.303500E+04  -0.130149E-11  -0.313076E-11  -0.286116E-12
   0.303600E+04  -0.171706E-11  -0.438932E-11  -0.572297E-12
   0.303700E+04  -0.154567E-11  -0.381696E-11  -0.401530E-12
   0.303800E+04  -0.110019E-11  -0.239218E-11  -0.262879E-13
   0.303900E+04  -0.104399E-11  -0.220737E-11   0.216422E-13
   0.304000E+04  -0.146463E-11  -0.354775E-11  -0.326847E-12
   0.304100E+04  -0.175109E-11  -0.449158E-11  -0.581542E-12
   0.304200E+04  -0.144562E-11  -0.358930E-11  -0.376548E-12
   0.304300E+04  -0.882285E-12  -0.188527E-11   0.192819E-13
   0.304400E+04  -0.721920E-12  -0.146298E-11   0.771328E-13
   0.304500E+04  -0.103220E-11  -0.254322E-11  -0.254466E-12
   0.304600E+04  -0.119574E-11  -0.318173E-11  -0.478207E-12
   0.304700E+04  -0.773703E-12  -0.198666E-11  -0.242084E-12
   0.304800E+04  -0.120506E-12  -0.654152E-13   0.169100E-12
   0.304900E+04   0.107189E-12   0.512309E-12   0.230313E-12
   0.305000E+04  -0.138684E-12  -0.410757E-12  -0.922995E-13
   0.305100E+04  -0.237141E-12  -0.876410E-12  -0.295403E-12
   0.305200E+04   0.228748E-12   0.440479E-12  -0.418937E-13
   0.305300E+04   0.884064E-12   0.236831E-11   0.367595E-12
   0.305400E+04   0.107913E-11   0.285854E-11   0.412818E-12
   0.305500E+04   0.788999E-12   0.182612E-11   0.782679E-13
   0.305600E+04   0.640295E-12   0.124733E-11  -0.126762E-12
   0.305700E+04   0.102941E-11   0.238273E-11   0.119822E-12
   0.305800E+04   0.156456E-11   0.400596E-11   0.502533E-12
   0.305900E+04   0.161130E-11   0.411267E-11   0.508164E-12
   0.306000E+04   0.117940E-11   0.272290E-11   0.142210E-12
   0.306100E+04   0.911779E-12   0.186106E-11  -0.780739E-13
   0.306200E+04   0.118918E-11   0.273661E-11   0.155204E-12
   0.306300E+04   0.159978E-11   0.405887E-11   0.511166E-12
   0.306400E+04   0.151477E-11   0.384000E-11   0.481844E-12
   0.306500E+04   0.967701E-12   0.217331E-11   0.912025E-13
   0.306600E+04   0.610530E-12   0.111019E-11  -0.137633E-12
   0.306700E+04   0.806827E-12   0.180491E-11   0.884449E-13
   0.306800E+04   0.112691E-11   0.290966E-11   0.424002E-12
   0.306900E+04   0.949638E-12   0.246011E-11   0.367274E-12
   0.307000E+04   0.332083E-12   0.623064E-12  -0.392873E-13
   0.307100E+04  -0.660843E-13  -0.526404E-12  -0.267359E-12
   0.307200E+04   0.101722E-12   0.111480E-12  -0.388068E-13
   0.307300E+04   0.390108E-12   0.113829E-11   0.287155E-12
   0.307400E+04   0.187440E-12   0.618998E-12   0.215832E-12
   0.307500E+04  -0.426670E-12  -0.120814E-11  -0.192019E-12
   0.307600E+04  -0.788257E-12  -0.225360E-11  -0.404020E-12
   0.307700E+04  -0.571139E-12  -0.148127E-11  -0.157971E-12
   0.307800E+04  -0.238130E-12  -0.344461E-12   0.173065E-12
   0.307900E+04  -0.392373E-12  -0.751231E-12   0.101672E-12
   0.308000E+04  -0.934104E-12  -0.239841E-11  -0.293638E-12
   0.308100E+04  -0.119906E-11  -0.319306E-11  -0.477731E-12
   0.308200E+04  -0.884740E-12  -0.217143E-11  -0.205258E-12
   0.308300E+04  -0.471684E-12  -0.841679E-12   0.137162E-12
   0.308400E+04  -0.552474E-12  -0.107818E-11   0.703216E-13
   0.308500E+04  -0.100566E-11  -0.250817E-11  -0.309181E-12
   0.308600E+04  -0.116792E-11  -0.303894E-11  -0.464173E-12
   0.308700E+04  -0.763697E-12  -0.178860E-11  -0.167118E-12
   0.308800E+04  -0.293802E-12  -0.327406E-12   0.181520E-12
   0.308900E+04  -0.339994E-12  -0.495532E-12   0.111171E-12
   0.309000E+04  -0.756626E-12  -0.184431E-11  -0.263045E-12
   0.309100E+04  -0.878730E-12  -0.227529E-11  -0.401858E-12
   0.309200E+04  -0.456378E-12  -0.986065E-12  -0.955583E-13
   0.309300E+04  -0.945390E-14   0.393467E-12   0.242043E-12
   0.309400E+04  -0.104855E-12   0.683655E-13   0.150273E-12
   0.309500E+04  -0.563556E-12  -0.141085E-11  -0.235226E-12
   0.309600E+04  -0.705877E-12  -0.190284E-11  -0.370546E-12
   0.309700E+04  -0.295954E-12  -0.651712E-12  -0.613513E-13
   0.309800E+04   0.130773E-12   0.663093E-12   0.266320E-12
   0.309900E+04   0.149592E-13   0.270790E-12   0.160375E-12
   0.310000E+04  -0.445304E-12  -0.121774E-11  -0.226423E-12
   0.310100E+04  -0.568783E-12  -0.165652E-11  -0.349016E-12
   0.310200E+04  -0.139318E-12  -0.352274E-12  -0.298927E-13
   0.310300E+04   0.293925E-12   0.972146E-12   0.293498E-12
   0.310400E+04   0.183099E-12   0.582807E-12   0.179032E-12
   0.310500E+04  -0.253769E-12  -0.845359E-12  -0.203215E-12
   0.310600E+04  -0.336803E-12  -0.116947E-11  -0.308075E-12
   0.310700E+04   0.126809E-12   0.230874E-12   0.241612E-13
   0.310800E+04   0.572658E-12   0.158501E-11   0.344617E-12
   0.310900E+04   0.465094E-12   0.119779E-11   0.221647E-12
   0.311000E+04   0.435688E-13  -0.187668E-12  -0.157148E-12
   0.311100E+04  -0.117417E-13  -0.426877E-12  -0.246542E-12
   0.311200E+04   0.470964E-12   0.103446E-11   0.957675E-13
   0.311300E+04   0.914830E-12   0.238610E-11   0.410477E-12
   0.311400E+04   0.797914E-12   0.197593E-11   0.277111E-12
   0.311500E+04   0.379581E-12   0.610540E-12  -0.997139E-13
   0.311600E+04   0.336392E-12   0.424325E-12  -0.176080E-12
   0.311700E+04   0.815673E-12   0.189534E-11   0.171971E-12
   0.311800E+04   0.122759E-11   0.317235E-11   0.474949E-12
   0.311900E+04   0.106613E-11   0.265277E-11   0.324409E-12
   0.312000E+04   0.613193E-12   0.121397E-11  -0.575755E-13
   0.312100E+04   0.542698E-12   0.982668E-12  -0.128631E-12
   0.312200E+04   0.976935E-12   0.235887E-11   0.216597E-12
   0.312300E+04   0.131284E-11   0.344957E-11   0.498727E-12
   0.312400E+04   0.106197E-11   0.270617E-11   0.322031E-12
   0.312500E+04   0.532097E-12   0.108560E-11  -0.734245E-13
   0.312600E+04   0.397453E-12   0.714125E-12  -0.146664E-12
   0.312700E+04   0.755472E-12   0.191314E-11   0.188915E-12
   0.312800E+04   0.986948E-12   0.273883E-11   0.443686E-12
   0.312900E+04   0.618023E-12   0.168762E-11   0.234245E-12
   0.313000E+04  -0.158562E-13  -0.199168E-12  -0.181129E-12
   0.313100E+04  -0.230915E-12  -0.769259E-12  -0.261178E-12
   0.313200E+04   0.588865E-13   0.259112E-12   0.649790E-13
   0.313300E+04   0.227729E-12   0.919451E-12   0.300095E-12
   0.313400E+04  -0.185152E-12  -0.250433E-12   0.731164E-13
   0.313500E+04  -0.829086E-12  -0.216042E-11  -0.342501E-12
   0.313600E+04  -0.102660E-11  -0.267798E-11  -0.409294E-12
   0.313700E+04  -0.713385E-12  -0.159056E-11  -0.745449E-13
   0.313800E+04  -0.523384E-12  -0.890922E-12   0.156979E-12
   0.313900E+04  -0.900699E-12  -0.198817E-11  -0.721868E-13
   0.314000E+04  -0.147675E-11  -0.373413E-11  -0.472857E-12
   0.314100E+04  -0.158137E-11  -0.401757E-11  -0.511914E-12
   0.314200E+04  -0.117527E-11  -0.270367E-11  -0.155533E-12
   0.314300E+04  -0.903438E-12  -0.181923E-11   0.837599E-13
   0.314400E+04  -0.119474E-11  -0.272418E-11  -0.137922E-12
   0.314500E+04  -0.166291E-11  -0.421287E-11  -0.515930E-12
   0.314600E+04  -0.164424E-11  -0.419287E-11  -0.521709E-12
   0.314700E+04  -0.112233E-11  -0.260064E-11  -0.139863E-12
   0.314800E+04  -0.750438E-12  -0.148841E-11   0.110415E-12
   0.314900E+04  -0.940384E-12  -0.216146E-11  -0.100470E-12
   0.315000E+04  -0.128892E-11  -0.335892E-11  -0.452804E-12
   0.315100E+04  -0.114176E-11  -0.301595E-11  -0.423724E-12
   0.315200E+04  -0.508723E-12  -0.114982E-11  -0.170459E-13
   0.315300E+04  -0.531518E-13   0.156708E-12   0.241358E-12
   0.315400E+04  -0.169868E-12  -0.346788E-12   0.364807E-13
   0.315500E+04  -0.437541E-12  -0.134096E-11  -0.296879E-12
   0.315600E+04  -0.210083E-12  -0.785181E-12  -0.241689E-12
   0.315700E+04   0.476948E-12   0.122367E-11   0.179101E-12
   0.315800E+04   0.949227E-12   0.256974E-11   0.433147E-12
   0.315900E+04   0.827073E-12   0.205161E-11   0.219817E-12
   0.316000E+04   0.548453E-12   0.104186E-11  -0.111672E-12
   0.316100E+04   0.751917E-12   0.155730E-11  -0.505048E-13
   0.316200E+04   0.137913E-11   0.342850E-11   0.361796E-12
   0.316300E+04   0.174853E-11   0.451589E-11   0.587570E-12
   0.316400E+04   0.149878E-11   0.367499E-11   0.341444E-12
   0.316500E+04   0.108838E-11   0.234141E-11  -0.124316E-13
   0.316600E+04   0.115558E-11   0.252796E-11   0.317139E-13
   0.316700E+04   0.163058E-11   0.402467E-11   0.416354E-12
   0.316800E+04   0.183596E-11   0.470086E-11   0.601543E-12
   0.316900E+04   0.143377E-11   0.348333E-11   0.318547E-12
   0.317000E+04   0.898184E-12   0.185635E-11  -0.549731E-13
   0.317100E+04   0.855422E-12   0.179396E-11  -0.214701E-13
   0.317200E+04   0.121239E-11   0.301104E-11   0.342788E-12
   0.317300E+04   0.128969E-11   0.336836E-11   0.494587E-12
   0.317400E+04   0.773459E-12   0.186665E-11   0.182276E-12
   0.317500E+04   0.158288E-12   0.533709E-13  -0.202092E-12
   0.317600E+04   0.632855E-13  -0.120775E-12  -0.168359E-12
   0.317700E+04   0.374532E-12   0.992275E-12   0.189176E-12
   0.317800E+04   0.409359E-12   0.124201E-11   0.324242E-12
   0.317900E+04  -0.126938E-12  -0.310326E-12   0.141096E-14
   0.318000E+04  -0.725935E-12  -0.207263E-11  -0.374646E-12
   0.318100E+04  -0.780955E-12  -0.213245E-11  -0.322742E-12
   0.318200E+04  -0.428737E-12  -0.913547E-12   0.444562E-13
   0.318300E+04  -0.354438E-12  -0.574400E-12   0.178311E-12
   0.318400E+04  -0.832471E-12  -0.198907E-11  -0.139845E-12
   0.318500E+04  -0.134112E-11  -0.352173E-11  -0.493103E-12
   0.318600E+04  -0.128826E-11  -0.330378E-11  -0.410077E-12
   0.318700E+04  -0.835799E-12  -0.183704E-11  -0.222292E-13
   0.318800E+04  -0.673161E-12  -0.129249E-11   0.119506E-12
   0.318900E+04  -0.105571E-11  -0.248260E-11  -0.186840E-12
   0.319000E+04  -0.144915E-11  -0.372957E-11  -0.512576E-12
   0.319100E+04  -0.127559E-11  -0.320745E-11  -0.396398E-12
   0.319200E+04  -0.720819E-12  -0.149190E-11   0.118629E-13
   0.319300E+04  -0.477520E-12  -0.763100E-12   0.159674E-12
   0.319400E+04  -0.782992E-12  -0.177482E-11  -0.138292E-12
   0.319500E+04  -0.109325E-11  -0.281623E-11  -0.442603E-12
   0.319600E+04  -0.847114E-12  -0.211204E-11  -0.303054E-12
   0.319700E+04  -0.253879E-12  -0.311550E-12   0.112270E-12
   0.319800E+04  -0.612208E-14   0.404643E-12   0.250373E-12
   0.319900E+04  -0.318537E-12  -0.646542E-12  -0.563169E-13
   0.320000E+04  -0.633030E-12  -0.170982E-11  -0.357056E-12
   0.320100E+04  -0.400077E-12  -0.104719E-11  -0.212040E-12
   0.320200E+04   0.154603E-12   0.638234E-12   0.194095E-12
   0.320300E+04   0.347083E-12   0.118998E-11   0.310280E-12
   0.320400E+04  -0.797484E-14   0.150073E-13  -0.115997E-13
   0.320500E+04  -0.337000E-12  -0.108333E-11  -0.309544E-12
   0.320600E+04  -0.107141E-12  -0.419152E-12  -0.155691E-12
   0.320700E+04   0.430409E-12   0.122422E-11   0.246790E-12
   0.320800E+04   0.591179E-12   0.168801E-11   0.347079E-12
   0.320900E+04   0.213130E-12   0.451957E-12   0.152699E-13
   0.321000E+04  -0.116345E-12  -0.636934E-12  -0.276087E-12
   0.321100E+04   0.120787E-12   0.610217E-13  -0.110939E-12
   0.321200E+04   0.650738E-12   0.169158E-11   0.289897E-12
   0.321300E+04   0.789773E-12   0.209819E-11   0.376656E-12
   0.321400E+04   0.397822E-12   0.829999E-12   0.374848E-13
   0.321500E+04   0.736106E-13  -0.229705E-12  -0.245464E-12
   0.321600E+04   0.319148E-12   0.508762E-12  -0.685950E-13
   0.321700E+04   0.839142E-12   0.212325E-11   0.330026E-12
   0.321800E+04   0.952581E-12   0.246534E-11   0.402594E-12
   0.321900E+04   0.542173E-12   0.115610E-11   0.556202E-13
   0.322000E+04   0.217223E-12   0.112938E-12  -0.219688E-12
   0.322100E+04   0.462894E-12   0.873045E-12  -0.327202E-13
   0.322200E+04   0.962676E-12   0.244704E-11   0.361435E-12
   0.322300E+04   0.103886E-11   0.269614E-11   0.417484E-12
   0.322400E+04   0.596202E-12   0.131094E-11   0.602042E-13
   0.322500E+04   0.252762E-12   0.237483E-12  -0.210963E-12
   0.322600E+04   0.476485E-12   0.959424E-12  -0.187952E-13
   0.322700E+04   0.932936E-12   0.243001E-11   0.365571E-12
   0.322800E+04   0.953560E-12   0.253730E-11   0.401161E-12
   0.322900E+04   0.469441E-12   0.105361E-11   0.320661E-13
   0.323000E+04   0.106471E-12  -0.494616E-13  -0.234672E-12
   0.323100E+04   0.309558E-12   0.641003E-12  -0.369033E-13
   0.323200E+04   0.719482E-12   0.200098E-11   0.336798E-12
   0.323300E+04   0.673148E-12   0.193462E-11   0.349349E-12
   0.323400E+04   0.128943E-12   0.298280E-12  -0.355984E-13
   0.323500E+04  -0.275224E-12  -0.899753E-12  -0.302906E-12
   0.323600E+04  -0.112667E-12  -0.304103E-12  -0.104750E-12
   0.323700E+04   0.236600E-12   0.895294E-12   0.253973E-12
   0.323800E+04   0.118349E-12   0.628778E-12   0.241312E-12
   0.323900E+04  -0.477954E-12  -0.115203E-11  -0.158576E-12
   0.324000E+04  -0.898221E-12  -0.239015E-11  -0.421891E-12
   0.324100E+04  -0.731276E-12  -0.177996E-11  -0.214803E-12
   0.324200E+04  -0.379398E-12  -0.581346E-12   0.141373E-12
   0.324300E+04  -0.494738E-12  -0.856944E-12   0.118706E-12
   0.324400E+04  -0.106650E-11  -0.258764E-11  -0.280326E-12
   0.324500E+04  -0.143228E-11  -0.369009E-11  -0.525458E-12
   0.324600E+04  -0.119873E-11  -0.291455E-11  -0.297614E-12
   0.324700E+04  -0.787777E-12  -0.158225E-11   0.663990E-13
   0.324800E+04  -0.846110E-12  -0.173773E-11   0.439839E-13
   0.324900E+04  -0.134113E-11  -0.329197E-11  -0.343849E-12
   0.325000E+04  -0.160458E-11  -0.414184E-11  -0.561303E-12
   0.325100E+04  -0.126346E-11  -0.310060E-11  -0.304896E-12
   0.325200E+04  -0.759874E-12  -0.155220E-11   0.732112E-13
   0.325300E+04  -0.734243E-12  -0.152059E-11   0.563737E-13
   0.325400E+04  -0.113206E-11  -0.284638E-11  -0.315825E-12
   0.325500E+04  -0.128032E-11  -0.340966E-11  -0.502713E-12
   0.325600E+04  -0.827186E-12  -0.208880E-11  -0.216826E-12
   0.325700E+04  -0.234181E-12  -0.327995E-12   0.174787E-12
   0.325800E+04  -0.134111E-12  -0.126519E-12   0.162169E-12
   0.325900E+04  -0.450801E-12  -0.125546E-11  -0.196599E-12
   0.326000E+04  -0.508956E-12  -0.158557E-11  -0.356992E-12
   0.326100E+04   0.192549E-13  -0.685382E-13  -0.484569E-13
   0.326200E+04   0.652364E-12   0.178988E-11   0.347234E-12
   0.326300E+04   0.767475E-12   0.202180E-11   0.327764E-12
   0.326400E+04   0.465508E-12   0.934129E-12  -0.296416E-13
   0.326500E+04   0.425203E-12   0.667912E-12  -0.176827E-12
   0.326600E+04   0.948922E-12   0.219298E-11   0.139197E-12
   0.326700E+04   0.153288E-11   0.393452E-11   0.521624E-12
   0.326800E+04   0.156375E-11   0.395434E-11   0.476042E-12
   0.326900E+04   0.117053E-11   0.264594E-11   0.994640E-13
   0.327000E+04   0.104168E-11   0.217873E-11  -0.554348E-13
   0.327100E+04   0.146029E-11   0.346052E-11   0.247864E-12
   0.327200E+04   0.190362E-11   0.485603E-11   0.598498E-12
   0.327300E+04   0.176821E-11   0.445697E-11   0.510375E-12
   0.327400E+04   0.121154E-11   0.274356E-11   0.100252E-12
   0.327500E+04   0.935539E-12   0.192373E-11  -0.742984E-13
   0.327600E+04   0.121149E-11   0.286405E-11   0.208232E-12
   0.327700E+04   0.150446E-11   0.388830E-11   0.524789E-12
   0.327800E+04   0.122197E-11   0.312124E-11   0.398247E-12
   0.327900E+04   0.544281E-12   0.111373E-11  -0.362556E-13
   0.328000E+04   0.178974E-12   0.892877E-13  -0.218520E-12
   0.328100E+04   0.380861E-12   0.860087E-12   0.567000E-13
   0.328200E+04   0.602943E-12   0.170993E-11   0.354564E-12
   0.328300E+04   0.264942E-12   0.801720E-12   0.207705E-12
   0.328400E+04  -0.431850E-12  -0.124676E-11  -0.230730E-12
   0.328500E+04  -0.779631E-12  -0.221050E-11  -0.399475E-12
   0.328600E+04  -0.545927E-12  -0.134767E-11  -0.110990E-12
   0.328700E+04  -0.293426E-12  -0.423973E-12   0.187661E-12
   0.328800E+04  -0.591705E-12  -0.124205E-11   0.389540E-13
   0.328900E+04  -0.121982E-11  -0.312048E-11  -0.386315E-12
   0.329000E+04  -0.147164E-11  -0.383758E-11  -0.526635E-12
   0.329100E+04  -0.113810E-11  -0.272406E-11  -0.212516E-12
   0.329200E+04  -0.796611E-12  -0.159132E-11   0.973999E-13
   0.329300E+04  -0.100392E-11  -0.220081E-11  -0.436537E-13
   0.329400E+04  -0.151855E-11  -0.380469E-11  -0.447129E-12
   0.329500E+04  -0.163762E-11  -0.418927E-11  -0.552083E-12
   0.329600E+04  -0.117854E-11  -0.276628E-11  -0.207908E-12
   0.329700E+04  -0.735557E-12  -0.139852E-11   0.115077E-12
   0.329800E+04  -0.852537E-12  -0.180558E-11  -0.187271E-13
   0.329900E+04  -0.126572E-11  -0.316826E-11  -0.402750E-12
   0.330000E+04  -0.127382E-11  -0.327633E-11  -0.476697E-12
   0.330100E+04  -0.720442E-12  -0.162230E-11  -0.108954E-12
   0.330200E+04  -0.218033E-12  -0.124400E-12   0.218506E-12
   0.330300E+04  -0.298988E-12  -0.464708E-12   0.812665E-13
   0.330400E+04  -0.676308E-12  -0.175050E-11  -0.296057E-12
   0.330500E+04  -0.645765E-12  -0.176307E-11  -0.353306E-12
   0.330600E+04  -0.709416E-13  -0.587645E-13   0.233556E-13
   0.330700E+04   0.421390E-12   0.139897E-11   0.341492E-12
   0.330800E+04   0.309365E-12   0.962045E-12   0.187924E-12
   0.330900E+04  -0.100346E-12  -0.414487E-12  -0.195735E-12
   0.331000E+04  -0.100980E-12  -0.505410E-12  -0.250065E-12
   0.331100E+04   0.430392E-12   0.108728E-11   0.122345E-12
   0.331200E+04   0.863344E-12   0.238572E-11   0.421428E-12
   0.331300E+04   0.693824E-12   0.179694E-11   0.247274E-12
   0.331400E+04   0.246421E-12   0.333159E-12  -0.142096E-12
   0.331500E+04   0.220931E-12   0.198229E-12  -0.190668E-12
   0.331600E+04   0.716371E-12   0.171401E-11   0.180006E-12
   0.331700E+04   0.109350E-11   0.287319E-11   0.461409E-12
   0.331800E+04   0.867155E-12   0.214129E-11   0.267498E-12
   0.331900E+04   0.383795E-12   0.599543E-12  -0.126532E-12
   0.332000E+04   0.339305E-12   0.439916E-12  -0.167753E-12
   0.332100E+04   0.809419E-12   0.191064E-11   0.203441E-12
   0.332200E+04   0.114453E-11   0.297102E-11   0.470164E-12
   0.332300E+04   0.875394E-12   0.213659E-11   0.259876E-12
   0.332400E+04   0.366860E-12   0.547366E-12  -0.136069E-12
   0.332500E+04   0.308506E-12   0.376198E-12  -0.168846E-12
   0.332600E+04   0.752817E-12   0.179777E-11   0.202254E-12
   0.332700E+04   0.104217E-11   0.274506E-11   0.452933E-12
   0.332800E+04   0.726110E-12   0.179216E-11   0.225147E-12
   0.332900E+04   0.189644E-12   0.142832E-12  -0.173409E-12
   0.333000E+04   0.116608E-12  -0.477841E-13  -0.198336E-12
   0.333100E+04   0.536946E-12   0.132345E-11   0.172284E-12
   0.333200E+04   0.786630E-12   0.216804E-11   0.407532E-12
   0.333300E+04   0.435794E-12   0.112399E-11   0.164579E-12
   0.333400E+04  -0.109896E-12  -0.539706E-12  -0.232642E-12
   0.333500E+04  -0.173834E-12  -0.689876E-12  -0.244929E-12
   0.333600E+04   0.248138E-12   0.696025E-12   0.130087E-12
   0.333700E+04   0.481443E-12   0.149658E-11   0.354371E-12
   0.333800E+04   0.112971E-12   0.403032E-12   0.997429E-13
   0.333900E+04  -0.432776E-12  -0.125565E-11  -0.294290E-12
   0.334000E+04  -0.484976E-12  -0.136429E-11  -0.293836E-12
   0.334100E+04  -0.613569E-13   0.301697E-13   0.847908E-13
   0.334200E+04   0.156001E-12   0.782102E-12   0.297545E-12
   0.334300E+04  -0.230220E-12  -0.367125E-12   0.309235E-13
   0.334400E+04  -0.781057E-12  -0.204187E-11  -0.361308E-12
   0.334500E+04  -0.834426E-12  -0.215424E-11  -0.351735E-12
   0.334600E+04  -0.426443E-12  -0.810866E-12   0.254180E-13
   0.334700E+04  -0.236621E-12  -0.152281E-12   0.222865E-12
   0.334800E+04  -0.635486E-12  -0.135479E-11  -0.553875E-13
   0.334900E+04  -0.116466E-11  -0.298156E-11  -0.440412E-12
   0.335000E+04  -0.117464E-11  -0.298308E-11  -0.412588E-12
   0.335100E+04  -0.729493E-12  -0.155339E-11  -0.262532E-13
   0.335200E+04  -0.515613E-12  -0.855165E-12   0.166310E-12
   0.335300E+04  -0.881726E-12  -0.199661E-11  -0.114268E-12
   0.335400E+04  -0.134977E-11  -0.347857E-11  -0.484087E-12
   0.335500E+04  -0.127935E-11  -0.327921E-11  -0.430871E-12
   0.335600E+04  -0.759051E-12  -0.166895E-11  -0.281686E-13
   0.335700E+04  -0.481463E-12  -0.829569E-12   0.167420E-12
   0.335800E+04  -0.776562E-12  -0.180934E-11  -0.107266E-12
   0.335900E+04  -0.115181E-11  -0.306179E-11  -0.454837E-12
   0.336000E+04  -0.980242E-12  -0.260532E-11  -0.371783E-12
   0.336100E+04  -0.376085E-12  -0.789998E-12   0.489227E-13
   0.336200E+04  -0.364468E-13   0.188694E-12   0.247224E-12
   0.336300E+04  -0.270141E-12  -0.650245E-12  -0.230163E-13
   0.336400E+04  -0.568876E-12  -0.170914E-11  -0.350911E-12
   0.336500E+04  -0.318961E-12  -0.104644E-11  -0.242100E-12
   0.336600E+04   0.339552E-12   0.907676E-12   0.191027E-12
   0.336700E+04   0.704875E-12   0.194327E-11   0.385342E-12
   0.336800E+04   0.488636E-12   0.114418E-11   0.111742E-12
   0.336900E+04   0.213764E-12   0.155369E-12  -0.206009E-12
   0.337000E+04   0.480438E-12   0.877120E-12  -0.832009E-13
   0.337100E+04   0.112465E-11   0.280409E-11   0.348828E-12
   0.337200E+04   0.144330E-11   0.372156E-11   0.525090E-12
   0.337300E+04   0.117147E-11   0.278650E-11   0.234381E-12
   0.337400E+04   0.848001E-12   0.169427E-11  -0.867354E-13
   0.337500E+04   0.105981E-11   0.230384E-11   0.363988E-13
   0.337600E+04   0.161944E-11   0.403559E-11   0.453651E-12
   0.337700E+04   0.182336E-11   0.467180E-11   0.598758E-12
   0.337800E+04   0.142980E-11   0.344076E-11   0.278455E-12
   0.337900E+04   0.991470E-12   0.208063E-11  -0.588392E-13
   0.338000E+04   0.107985E-11   0.240135E-11   0.504803E-13
   0.338100E+04   0.148554E-11   0.375249E-11   0.437856E-12
   0.338200E+04   0.151220E-11   0.393513E-11   0.537941E-12
   0.338300E+04   0.953787E-12   0.228517E-11   0.178474E-12
   0.338400E+04   0.389467E-12   0.619961E-12  -0.177699E-12
   0.338500E+04   0.382182E-12   0.720139E-12  -0.768328E-13
   0.338600E+04   0.698147E-12   0.185745E-11   0.293643E-12
   0.338700E+04   0.637312E-12   0.182069E-11   0.367255E-12
   0.338800E+04   0.152409E-13   0.130189E-13  -0.103148E-13
   0.338900E+04  -0.573151E-12  -0.169950E-11  -0.364582E-12
   0.339000E+04  -0.576881E-12  -0.157451E-11  -0.252745E-12
   0.339100E+04  -0.251682E-12  -0.409585E-12   0.119709E-12
   0.339200E+04  -0.298391E-12  -0.418007E-12   0.186449E-12
   0.339300E+04  -0.881151E-12  -0.213153E-11  -0.188930E-12
   0.339400E+04  -0.139493E-11  -0.365054E-11  -0.521873E-12
   0.339500E+04  -0.130676E-11  -0.328779E-11  -0.382226E-12
   0.339600E+04  -0.897003E-12  -0.191740E-11   0.602621E-14
   0.339700E+04  -0.866322E-12  -0.175136E-11   0.774164E-13
   0.339800E+04  -0.135651E-11  -0.324981E-11  -0.285895E-12
   0.339900E+04  -0.175140E-11  -0.447609E-11  -0.589378E-12
   0.340000E+04  -0.153583E-11  -0.379707E-11  -0.415797E-12
   0.340100E+04  -0.101434E-11  -0.216158E-11  -0.732603E-14
   0.340200E+04  -0.886706E-12  -0.177802E-11   0.720584E-13
   0.340300E+04  -0.127283E-11  -0.303640E-11  -0.276923E-12
   0.340400E+04  -0.154761E-11  -0.396988E-11  -0.550692E-12
   0.340500E+04  -0.121614E-11  -0.300678E-11  -0.345865E-12
   0.340600E+04  -0.607246E-12  -0.117099E-11   0.773384E-13
   0.340700E+04  -0.416763E-12  -0.658116E-12   0.157620E-12
   0.340800E+04  -0.737822E-12  -0.177399E-11  -0.184518E-12
   0.340900E+04  -0.932465E-12  -0.251067E-11  -0.435964E-12
   0.341000E+04  -0.524878E-12  -0.135496E-11  -0.207288E-12
   0.341100E+04   0.130182E-12   0.589299E-12   0.223041E-12
   0.341200E+04   0.337671E-12   0.112989E-11   0.296093E-12
   0.341300E+04   0.279236E-13   0.349649E-13  -0.485762E-13
   0.341400E+04  -0.150470E-12  -0.654028E-12  -0.289325E-12
   0.341500E+04   0.258672E-12   0.514690E-12  -0.512339E-13
   0.341600E+04   0.875986E-12   0.236022E-11   0.369399E-12
   0.341700E+04   0.101067E-11   0.270318E-11   0.417217E-12
   0.341800E+04   0.622668E-12   0.140310E-11   0.522876E-13
   0.341900E+04   0.379967E-12   0.559737E-12  -0.193638E-12
   0.342000E+04   0.728383E-12   0.158964E-11   0.416290E-13
   0.342100E+04   0.126955E-11   0.325058E-11   0.445435E-12
   0.342200E+04   0.131534E-11   0.337116E-11   0.466043E-12
   0.342300E+04   0.847253E-12   0.187844E-11   0.821811E-13
   0.342400E+04   0.543345E-12   0.902980E-12  -0.166903E-12
   0.342500E+04   0.834420E-12   0.181237E-11   0.668480E-13
   0.342600E+04   0.130462E-11   0.330774E-11   0.455026E-12
   0.342700E+04   0.127231E-11   0.323755E-11   0.450910E-12
   0.342800E+04   0.741540E-12   0.160031E-11   0.522419E-13
   0.342900E+04   0.397258E-12   0.548657E-12  -0.195338E-12
   0.343000E+04   0.650612E-12   0.138806E-11   0.407486E-13
   0.343100E+04   0.106562E-11   0.275541E-11   0.415973E-12
   0.343200E+04   0.967180E-12   0.251912E-11   0.389074E-12
   0.343300E+04   0.383159E-12   0.752651E-12  -0.228881E-13
   0.343400E+04   0.693766E-14  -0.364638E-12  -0.267935E-12
   0.343500E+04   0.232823E-12   0.419030E-12  -0.285700E-13
   0.343600E+04   0.609459E-12   0.169053E-11   0.335943E-12
   0.343700E+04   0.473192E-12   0.135266E-11   0.291384E-12
   0.343800E+04  -0.122910E-12  -0.442198E-12  -0.125539E-12
   0.343900E+04  -0.481157E-12  -0.150015E-11  -0.357913E-12
   0.344000E+04  -0.231945E-12  -0.645724E-12  -0.105396E-12
   0.344100E+04   0.150989E-12   0.638343E-12   0.256717E-12
   0.344200E+04   0.131744E-13   0.283578E-12   0.201230E-12
   0.344300E+04  -0.564094E-12  -0.146936E-11  -0.214761E-12
   0.344400E+04  -0.873539E-12  -0.239644E-11  -0.428592E-12
   0.344500E+04  -0.567045E-12  -0.138877E-11  -0.156555E-12
   0.344600E+04  -0.142432E-12  -0.295667E-14   0.209961E-12
   0.344700E+04  -0.251118E-12  -0.295872E-12   0.149839E-12
   0.344800E+04  -0.790551E-12  -0.195872E-11  -0.261064E-12
   0.344900E+04  -0.104761E-11  -0.274885E-11  -0.455689E-12
   0.345000E+04  -0.694843E-12  -0.162238E-11  -0.167087E-12
   0.345100E+04  -0.250888E-12  -0.201010E-12   0.198249E-12
   0.345200E+04  -0.361374E-12  -0.522398E-12   0.126309E-12
   0.345300E+04  -0.900468E-12  -0.220403E-11  -0.287885E-12
   0.345400E+04  -0.114501E-11  -0.297282E-11  -0.472376E-12
   0.345500E+04  -0.779735E-12  -0.182584E-11  -0.175275E-12
   0.345600E+04  -0.333944E-12  -0.420551E-12   0.184465E-12
   0.345700E+04  -0.441711E-12  -0.758814E-12   0.101678E-12
   0.345800E+04  -0.956728E-12  -0.239273E-11  -0.310166E-12
   0.345900E+04  -0.115509E-11  -0.304607E-11  -0.476843E-12
   0.346000E+04  -0.742871E-12  -0.178354E-11  -0.163882E-12
   0.346100E+04  -0.263920E-12  -0.309477E-12   0.196734E-12
   0.346200E+04  -0.339746E-12  -0.586366E-12   0.109374E-12
   0.346300E+04  -0.801839E-12  -0.209511E-11  -0.293638E-12
   0.346400E+04  -0.926291E-12  -0.255756E-11  -0.436355E-12
   0.346500E+04  -0.443430E-12  -0.111361E-11  -0.102521E-12
   0.346600E+04   0.854927E-13   0.477927E-12   0.262561E-12
   0.346700E+04   0.497695E-13   0.289115E-12   0.172815E-12
   0.346800E+04  -0.360959E-12  -0.109292E-11  -0.220919E-12
   0.346900E+04  -0.423515E-12  -0.139044E-11  -0.341604E-12
   0.347000E+04   0.107833E-12   0.182475E-12   0.868440E-14
   0.347100E+04   0.656461E-12   0.181869E-11   0.372157E-12
   0.347200E+04   0.625560E-12   0.163383E-11   0.273404E-12
   0.347300E+04   0.228202E-12   0.289112E-12  -0.117834E-12
   0.347400E+04   0.187043E-12   0.615358E-13  -0.223911E-12
   0.347500E+04   0.722432E-12   0.165786E-11   0.134192E-12
   0.347600E+04   0.124106E-11   0.321855E-11   0.486216E-12
   0.347700E+04   0.116068E-11   0.290464E-11   0.367951E-12
   0.347800E+04   0.721231E-12   0.146126E-11  -0.312895E-13
   0.347900E+04   0.650119E-12   0.117965E-11  -0.132507E-12
   0.348000E+04   0.114676E-11   0.270011E-11   0.225265E-12
   0.348100E+04   0.160155E-11   0.411175E-11   0.559737E-12
   0.348200E+04   0.144179E-11   0.360641E-11   0.417111E-12
   0.348300E+04   0.926340E-12   0.198963E-11   0.426864E-14
   0.348400E+04   0.781688E-12   0.154944E-11  -0.100289E-12
   0.348500E+04   0.118658E-11   0.285942E-11   0.246180E-12
   0.348600E+04   0.152054E-11   0.397237E-11   0.550920E-12
   0.348700E+04   0.122694E-11   0.312910E-11   0.372364E-12
   0.348800E+04   0.588286E-12   0.120837E-11  -0.641649E-13
   0.348900E+04   0.333868E-12   0.505166E-12  -0.180309E-12
   0.349000E+04   0.627434E-12   0.154237E-11   0.149596E-12
   0.349100E+04   0.845364E-12   0.235888E-11   0.424498E-12
   0.349200E+04   0.452976E-12   0.126189E-11   0.216814E-12
   0.349300E+04  -0.244235E-12  -0.798111E-12  -0.229957E-12
   0.349400E+04  -0.521898E-12  -0.154144E-11  -0.339837E-12
   0.349500E+04  -0.242244E-12  -0.527377E-12  -0.687897E-14
   0.349600E+04  -0.411130E-13   0.243381E-12   0.257899E-12
   0.349700E+04  -0.436040E-12  -0.868548E-12   0.402149E-13
   0.349800E+04  -0.109986E-11  -0.284366E-11  -0.398645E-12
   0.349900E+04  -0.131306E-11  -0.341600E-11  -0.485403E-12
   0.350000E+04  -0.963713E-12  -0.222513E-11  -0.133775E-12
   0.350100E+04  -0.700472E-12  -0.131162E-11   0.135625E-12
   0.350200E+04  -0.102551E-11  -0.226568E-11  -0.781810E-13
   0.350300E+04  -0.159287E-11  -0.400669E-11  -0.496936E-12
   0.350400E+04  -0.169055E-11  -0.429009E-11  -0.551130E-12
   0.350500E+04  -0.123339E-11  -0.283801E-11  -0.174412E-12
   0.350600E+04  -0.881440E-12  -0.172615E-11   0.103785E-12
   0.350700E+04  -0.111895E-11  -0.248776E-11  -0.103257E-12
   0.350800E+04  -0.157924E-11  -0.397569E-11  -0.500075E-12
   0.350900E+04  -0.155738E-11  -0.396574E-11  -0.521304E-12
   0.351000E+04  -0.995399E-12  -0.226429E-11  -0.120732E-12
   0.351100E+04  -0.565140E-12  -0.983508E-12   0.163690E-12
   0.351200E+04  -0.732522E-12  -0.159836E-11  -0.400722E-13
   0.351300E+04  -0.110817E-11  -0.288948E-11  -0.419115E-12
   0.351400E+04  -0.990567E-12  -0.264269E-11  -0.411834E-12
   0.351500E+04  -0.345124E-12  -0.737318E-12   0.868036E-14
   0.351600E+04   0.145583E-12   0.681410E-12   0.296654E-12
   0.351700E+04   0.299832E-13   0.185432E-12   0.941373E-13
   0.351800E+04  -0.287831E-12  -0.957014E-12  -0.270612E-12
   0.351900E+04  -0.117182E-12  -0.563678E-12  -0.241955E-12
   0.352000E+04   0.550823E-12   0.140576E-11   0.187084E-12
   0.352100E+04   0.102594E-11   0.278137E-11   0.463994E-12
   0.352200E+04   0.875628E-12   0.219476E-11   0.246226E-12
   0.352300E+04   0.521235E-12   0.969214E-12  -0.122361E-12
   0.352400E+04   0.643223E-12   0.125545E-11  -0.925052E-13
   0.352500E+04   0.122731E-11   0.301965E-11   0.323300E-12
   0.352600E+04   0.158325E-11   0.408857E-11   0.567939E-12
   0.352700E+04   0.130918E-11   0.318653E-11   0.317194E-12
   0.352800E+04   0.854277E-12   0.172176E-11  -0.673356E-13
   0.352900E+04   0.893174E-12   0.182546E-11  -0.422526E-13
   0.353000E+04   0.138478E-11   0.337866E-11   0.359586E-12
   0.353100E+04   0.162950E-11   0.417752E-11   0.574710E-12
   0.353200E+04   0.124590E-11   0.300926E-11   0.295127E-12
   0.353300E+04   0.704447E-12   0.134799E-11  -0.101622E-12
   0.353400E+04   0.673036E-12   0.130289E-11  -0.786323E-13
   0.353500E+04   0.108691E-11   0.267960E-11   0.311662E-12
   0.353600E+04   0.124039E-11   0.325417E-11   0.500719E-12
   0.353700E+04   0.772797E-12   0.187850E-11   0.197171E-12
   0.353800E+04   0.173525E-12   0.861829E-13  -0.206281E-12
   0.353900E+04   0.101990E-12  -0.406735E-13  -0.180066E-12
   0.354000E+04   0.471242E-12   0.123252E-11   0.204166E-12
   0.354100E+04   0.573459E-12   0.167342E-11   0.374176E-12
   0.354200E+04   0.715828E-13   0.207312E-12   0.561735E-13
   0.354300E+04  -0.527010E-12  -0.157521E-11  -0.342475E-12
   0.354400E+04  -0.575741E-12  -0.163132E-11  -0.300931E-12
   0.354500E+04  -0.188542E-12  -0.310843E-12   0.889105E-13
   0.354600E+04  -0.781379E-13   0.138026E-12   0.250970E-12
   0.354700E+04  -0.558344E-12  -0.128666E-11  -0.707824E-13
   0.354800E+04  -0.110276E-11  -0.293387E-11  -0.454347E-12
   0.354900E+04  -0.107607E-11  -0.279496E-11  -0.387630E-12
   0.355000E+04  -0.617882E-12  -0.129942E-11   0.176570E-13
   0.355100E+04  -0.446019E-12  -0.710687E-12   0.182099E-12
   0.355200E+04  -0.854021E-12  -0.196581E-11  -0.132975E-12
   0.355300E+04  -0.130209E-11  -0.336946E-11  -0.492531E-12
   0.355400E+04  -0.117224E-11  -0.296474E-11  -0.395043E-12
   0.355500E+04  -0.633283E-12  -0.127093E-11   0.272184E-13
   0.355600E+04  -0.407986E-12  -0.566153E-12   0.191998E-12
   0.355700E+04  -0.767191E-12  -0.171570E-11  -0.121256E-12
   0.355800E+04  -0.115538E-11  -0.297400E-11  -0.464333E-12
   0.355900E+04  -0.970652E-12  -0.243348E-11  -0.346492E-12
   0.356000E+04  -0.409748E-12  -0.700430E-12   0.797373E-13
   0.356100E+04  -0.196648E-12  -0.575034E-13   0.230527E-12
   0.356200E+04  -0.571852E-12  -0.127663E-11  -0.946339E-13
   0.356300E+04  -0.953471E-12  -0.253174E-11  -0.432279E-12
   0.356400E+04  -0.745716E-12  -0.193622E-11  -0.300585E-12
   0.356500E+04  -0.168809E-12  -0.170882E-12   0.128751E-12
   0.356600E+04   0.478271E-13   0.464798E-12   0.269802E-12
   0.356700E+04  -0.317252E-12  -0.740575E-12  -0.603456E-13
   0.356800E+04  -0.668039E-12  -0.191614E-11  -0.386174E-12
   0.356900E+04  -0.421503E-12  -0.121550E-11  -0.236708E-12
   0.357000E+04   0.179618E-12   0.609483E-12   0.197576E-12
   0.357100E+04   0.405228E-12   0.125737E-11   0.330311E-12
   0.357200E+04   0.556324E-13   0.861975E-13  -0.294097E-14
   0.357300E+04  -0.261052E-12  -0.993564E-12  -0.315377E-12
   0.357400E+04   0.209944E-13  -0.188385E-12  -0.148271E-12
   0.357500E+04   0.633637E-12   0.167039E-11   0.288579E-12
   0.357600E+04   0.846439E-12   0.228013E-11   0.408882E-12
   0.357700E+04   0.483534E-12   0.107385E-11   0.672775E-13
   0.357800E+04   0.166949E-12   0.630447E-14  -0.238148E-12
   0.357900E+04   0.446600E-12   0.821488E-12  -0.610282E-13
   0.358000E+04   0.103092E-11   0.261410E-11   0.370098E-12
   0.358100E+04   0.119222E-11   0.308914E-11   0.470187E-12
   0.358200E+04   0.781669E-12   0.176352E-11   0.113804E-12
   0.358300E+04   0.437114E-12   0.641338E-12  -0.189663E-12
   0.358400E+04   0.692861E-12   0.141755E-11  -0.653361E-14
   0.358500E+04   0.123310E-11   0.311070E-11   0.415893E-12
   0.358600E+04   0.133146E-11   0.342956E-11   0.493975E-12
   0.358700E+04   0.863927E-12   0.196877E-11   0.121836E-12
   0.358800E+04   0.481409E-12   0.773298E-12  -0.180887E-12
   0.358900E+04   0.699917E-12   0.148103E-11   0.579408E-14
   0.359000E+04   0.117805E-11   0.303045E-11   0.415676E-12
   0.359100E+04   0.119150E-11   0.313657E-11   0.467180E-12
   0.359200E+04   0.643979E-12   0.147980E-11   0.747364E-13
   0.359300E+04   0.203168E-12   0.156200E-12  -0.231359E-12
   0.359400E+04   0.369577E-12   0.753663E-12  -0.445931E-13
   0.359500E+04   0.776272E-12   0.213012E-11   0.350072E-12
   0.359600E+04   0.698601E-12   0.199951E-11   0.372998E-12
   0.359700E+04   0.661764E-13   0.122764E-12  -0.414002E-13
   0.359800E+04  -0.433511E-12  -0.134443E-11  -0.351890E-12
   0.359900E+04  -0.306675E-12  -0.838782E-12  -0.163741E-12
   0.360000E+04   0.641436E-13   0.446086E-12   0.221846E-12
   0.360100E+04  -0.425788E-13   0.233677E-12   0.228481E-12
   0.360200E+04  -0.678324E-12  -0.165434E-11  -0.190941E-12
   0.360300E+04  -0.114959E-11  -0.304233E-11  -0.487832E-12
   0.360400E+04  -0.981264E-12  -0.242591E-11  -0.282320E-12
   0.360500E+04  -0.575341E-12  -0.106080E-11   0.107530E-12
   0.360600E+04  -0.646983E-12  -0.120352E-11   0.109869E-12
   0.360700E+04  -0.122446E-11  -0.295792E-11  -0.302760E-12
   0.360800E+04  -0.160774E-11  -0.412565E-11  -0.574611E-12
   0.360900E+04  -0.134353E-11  -0.326937E-11  -0.341633E-12
   0.361000E+04  -0.856913E-12  -0.171672E-11   0.606877E-13
   0.361100E+04  -0.858478E-12  -0.170914E-11   0.651106E-13
   0.361200E+04  -0.135351E-11  -0.327695E-11  -0.336207E-12
   0.361300E+04  -0.163527E-11  -0.419900E-11  -0.580785E-12
   0.361400E+04  -0.127171E-11  -0.310347E-11  -0.320573E-12
   0.361500E+04  -0.708898E-12  -0.138350E-11   0.922752E-13
   0.361600E+04  -0.648787E-12  -0.125344E-11   0.965376E-13
   0.361700E+04  -0.106894E-11  -0.265636E-11  -0.294888E-12
   0.361800E+04  -0.125256E-11  -0.333905E-11  -0.512479E-12
   0.361900E+04  -0.788428E-12  -0.199426E-11  -0.224413E-12
   0.362000E+04  -0.146403E-12  -0.884755E-13   0.200119E-12
   0.362100E+04  -0.245926E-13   0.177679E-12   0.205301E-12
   0.362200E+04  -0.377472E-12  -0.106470E-11  -0.176254E-12
   0.362300E+04  -0.480739E-12  -0.153766E-11  -0.369006E-12
   0.362400E+04   0.558013E-13   0.834314E-15  -0.576875E-13
   0.362500E+04   0.738876E-12   0.201207E-11   0.371833E-12
   0.362600E+04   0.872952E-12   0.230569E-11   0.369309E-12
   0.362700E+04   0.523858E-12   0.107868E-11  -0.135911E-13
   0.362800E+04   0.421718E-12   0.627939E-12  -0.196219E-12
   0.362900E+04   0.937499E-12   0.213419E-11   0.120176E-12
   0.363000E+04   0.155915E-11   0.399854E-11   0.534289E-12
   0.363100E+04   0.159825E-11   0.405268E-11   0.502822E-12
   0.363200E+04   0.114383E-11   0.256655E-11   0.970427E-13
   0.363300E+04   0.935324E-12   0.186489E-11  -0.970357E-13
   0.363400E+04   0.133193E-11   0.308772E-11   0.204212E-12
   0.363500E+04   0.181386E-11   0.460734E-11   0.586846E-12
   0.363600E+04   0.170888E-11   0.430351E-11   0.517035E-12
   0.363700E+04   0.113026E-11   0.252163E-11   0.858138E-13
   0.363800E+04   0.818766E-12   0.159046E-11  -0.117798E-12
   0.363900E+04   0.111017E-11   0.257504E-11   0.171709E-12
   0.364000E+04   0.146866E-11   0.379479E-11   0.526143E-12
   0.364100E+04   0.123666E-11   0.317318E-11   0.421220E-12
   0.364200E+04   0.555123E-12   0.114170E-11  -0.314534E-13
   0.364300E+04   0.171015E-12   0.481767E-13  -0.239105E-12
   0.364400E+04   0.400459E-12   0.894635E-12   0.463907E-13
   0.364500E+04   0.693116E-12   0.195284E-11   0.383324E-12
   0.364600E+04   0.404431E-12   0.118605E-11   0.257069E-12
   0.364700E+04  -0.301873E-12  -0.902284E-12  -0.201388E-12
   0.364800E+04  -0.679529E-12  -0.196522E-11  -0.397576E-12
   0.364900E+04  -0.437924E-12  -0.108030E-11  -0.102291E-12
   0.365000E+04  -0.143853E-12  -0.280401E-13   0.229208E-12
   0.365100E+04  -0.426209E-12  -0.796815E-12   0.930535E-13
   0.365200E+04  -0.109337E-11  -0.279556E-11  -0.359215E-12
   0.365300E+04  -0.139537E-11  -0.366507E-11  -0.530843E-12
   0.365400E+04  -0.106615E-11  -0.255917E-11  -0.211492E-12
   0.365500E+04  -0.692489E-12  -0.132006E-11   0.129621E-12
   0.365600E+04  -0.894387E-12  -0.190646E-11  -0.169268E-14
   0.365700E+04  -0.145914E-11  -0.365885E-11  -0.434965E-12
   0.365800E+04  -0.163648E-11  -0.421519E-11  -0.572377E-12
   0.365900E+04  -0.118386E-11  -0.280207E-11  -0.222356E-12
   0.366000E+04  -0.705210E-12  -0.131445E-11   0.132989E-12
   0.366100E+04  -0.811226E-12  -0.167957E-11   0.969925E-14
   0.366200E+04  -0.127174E-11  -0.317963E-11  -0.403753E-12
   0.366300E+04  -0.134095E-11  -0.346387E-11  -0.510083E-12
   0.366400E+04  -0.801355E-12  -0.183670E-11  -0.137063E-12
   0.366500E+04  -0.270840E-12  -0.237466E-12   0.221337E-12
   0.366600E+04  -0.345737E-12  -0.548176E-12   0.928760E-13
   0.366700E+04  -0.774857E-12  -0.198376E-11  -0.315379E-12
   0.366800E+04  -0.814912E-12  -0.220026E-11  -0.406794E-12
   0.366900E+04  -0.269636E-12  -0.569914E-12  -0.278511E-13
   0.367000E+04   0.237040E-12   0.946002E-12   0.317790E-12
   0.367100E+04   0.133156E-12   0.539295E-12   0.172276E-12
   0.367200E+04  -0.302432E-12  -0.918819E-12  -0.237362E-12
   0.367300E+04  -0.329585E-12  -0.109356E-11  -0.315798E-12
   0.367400E+04   0.219359E-12   0.553453E-12   0.699031E-13
   0.367500E+04   0.704685E-12   0.201068E-11   0.404510E-12
   0.367600E+04   0.571206E-12   0.152177E-11   0.243175E-12
   0.367700E+04   0.122299E-12   0.350232E-13  -0.167985E-12
   0.367800E+04   0.959232E-13  -0.120813E-12  -0.235172E-12
   0.367900E+04   0.634201E-12   0.151283E-11   0.154611E-12
   0.368000E+04   0.108421E-11   0.288247E-11   0.475621E-12
   0.368100E+04   0.907683E-12   0.228439E-11   0.296450E-12
   0.368200E+04   0.430089E-12   0.736624E-12  -0.118463E-12
   0.368300E+04   0.384159E-12   0.552200E-12  -0.178094E-12
   0.368400E+04   0.885387E-12   0.210610E-11   0.210200E-12
   0.368500E+04   0.126982E-11   0.330912E-11   0.511060E-12
   0.368600E+04   0.102082E-11   0.252400E-11   0.307981E-12
   0.368700E+04   0.491484E-12   0.854470E-12  -0.115187E-12
   0.368800E+04   0.413801E-12   0.610772E-12  -0.169632E-12
   0.368900E+04   0.878649E-12   0.208996E-11   0.217284E-12
   0.369000E+04   0.120923E-11   0.316182E-11   0.500579E-12
   0.369100E+04   0.904840E-12   0.223895E-11   0.277670E-12
   0.369200E+04   0.338864E-12   0.489483E-12  -0.150082E-12
   0.369300E+04   0.238064E-12   0.207727E-12  -0.197597E-12
   0.369400E+04   0.670112E-12   0.161728E-11   0.188038E-12
   0.369500E+04   0.951679E-12   0.256588E-11   0.454150E-12
   0.369600E+04   0.604228E-12   0.153472E-11   0.213911E-12
   0.369700E+04   0.228998E-13  -0.239284E-12  -0.213672E-12
   0.369800E+04  -0.749519E-13  -0.489830E-12  -0.248685E-12
   0.369900E+04   0.348665E-12   0.914519E-12   0.140498E-12
   0.370000E+04   0.599004E-12   0.178543E-11   0.392824E-12
   0.370100E+04   0.217859E-12   0.667182E-12   0.137105E-12
   0.370200E+04  -0.377726E-12  -0.113466E-11  -0.290248E-12
   0.370300E+04  -0.478873E-12  -0.137994E-11  -0.314803E-12
   0.370400E+04  -0.753932E-13  -0.244299E-13   0.741175E-13
   0.370500E+04   0.130468E-12   0.718829E-12   0.308421E-12
   0.370600E+04  -0.292817E-12  -0.524164E-12   0.343658E-13
   0.370700E+04  -0.898844E-12  -0.235756E-11  -0.392746E-12
   0.370800E+04  -0.981478E-12  -0.255078E-11  -0.403100E-12
   0.370900E+04  -0.557306E-12  -0.114380E-11  -0.676059E-14
   0.371000E+04  -0.341139E-12  -0.388813E-12   0.220421E-12
   0.371100E+04  -0.747287E-12  -0.160530E-11  -0.597236E-13
   0.371200E+04  -0.130936E-11  -0.333411E-11  -0.475419E-12
   0.371300E+04  -0.132858E-11  -0.336725E-11  -0.462965E-12
   0.371400E+04  -0.846795E-12  -0.182374E-11  -0.527703E-13
   0.371500E+04  -0.586886E-12  -0.980748E-12   0.173141E-12
   0.371600E+04  -0.943398E-12  -0.209491E-11  -0.106871E-12
   0.371700E+04  -0.143181E-11  -0.364878E-11  -0.505227E-12
   0.371800E+04  -0.136505E-11  -0.346979E-11  -0.465822E-12
   0.371900E+04  -0.813126E-12  -0.176451E-11  -0.400911E-13
   0.372000E+04  -0.505848E-12  -0.831809E-12   0.184478E-12
   0.372100E+04  -0.813517E-12  -0.185236E-11  -0.959011E-13
   0.372200E+04  -0.122804E-11  -0.323463E-11  -0.476869E-12
   0.372300E+04  -0.106990E-11  -0.282922E-11  -0.409387E-12
   0.372400E+04  -0.435658E-12  -0.925414E-12   0.344801E-13
   0.372500E+04  -0.640045E-13   0.151021E-12   0.261828E-12
   0.372600E+04  -0.306403E-12  -0.720151E-12  -0.142511E-13
   0.372700E+04  -0.638276E-12  -0.189398E-11  -0.374567E-12
   0.372800E+04  -0.393055E-12  -0.126005E-11  -0.278854E-12
   0.372900E+04   0.304947E-12   0.806580E-12   0.179979E-12
   0.373000E+04   0.710906E-12   0.196175E-11   0.404754E-12
   0.373100E+04   0.495754E-12   0.115643E-11   0.126555E-12
   0.373200E+04   0.201835E-12   0.925670E-13  -0.220616E-12
   0.373300E+04   0.481084E-12   0.836224E-12  -0.106139E-12
   0.373400E+04   0.117870E-11   0.291801E-11   0.355594E-12
   0.373500E+04   0.154236E-11   0.397094E-11   0.563242E-12
   0.373600E+04   0.126669E-11   0.302002E-11   0.266343E-12
   0.373700E+04   0.915212E-12   0.183276E-11  -0.859388E-13
   0.373800E+04   0.112915E-11   0.244062E-11   0.277208E-13
   0.373900E+04   0.172614E-11   0.428699E-11   0.472071E-12
   0.374000E+04   0.194819E-11   0.498624E-11   0.642409E-12
   0.374100E+04   0.151603E-11   0.364363E-11   0.307441E-12
   0.374200E+04   0.101990E-11   0.210727E-11  -0.676313E-13
   0.374300E+04   0.109931E-11   0.239914E-11   0.307991E-13
   0.374400E+04   0.155323E-11   0.390060E-11   0.448715E-12
   0.374500E+04   0.162134E-11   0.421691E-11   0.579282E-12
   0.374600E+04   0.104585E-11   0.251991E-11   0.209494E-12
   0.374700E+04   0.434520E-12   0.711557E-12  -0.181906E-12
   0.374800E+04   0.418550E-12   0.785052E-12  -0.909906E-13
   0.374900E+04   0.778376E-12   0.206046E-11   0.309604E-12
   0.375000E+04   0.755669E-12   0.214734E-11   0.412468E-12
   0.375100E+04   0.116021E-12   0.291004E-12   0.236260E-13
   0.375200E+04  -0.519772E-12  -0.156474E-11  -0.365941E-12
   0.375300E+04  -0.537823E-12  -0.148046E-11  -0.264388E-12
   0.375400E+04  -0.183848E-12  -0.218632E-12   0.135444E-12
   0.375500E+04  -0.216339E-12  -0.170897E-12   0.225604E-12
   0.375600E+04  -0.843402E-12  -0.200951E-11  -0.167953E-12
   0.375700E+04  -0.142662E-11  -0.373482E-11  -0.541263E-12
   0.375800E+04  -0.136619E-11  -0.345103E-11  -0.414160E-12
   0.375900E+04  -0.933520E-12  -0.200061E-11   0.643868E-15
   0.376000E+04  -0.889539E-12  -0.178194E-11   0.946972E-13
   0.376100E+04  -0.142045E-11  -0.339695E-11  -0.286918E-12
   0.376200E+04  -0.187543E-11  -0.480522E-11  -0.628837E-12
   0.376300E+04  -0.167306E-11  -0.416678E-11  -0.463940E-12
   0.376400E+04  -0.111245E-11  -0.240940E-11  -0.250944E-13
   0.376500E+04  -0.956851E-12  -0.193674E-11   0.793435E-13
   0.376600E+04  -0.136935E-11  -0.327602E-11  -0.285910E-12
   0.376700E+04  -0.168554E-11  -0.434226E-11  -0.594176E-12
   0.376800E+04  -0.134195E-11  -0.335016E-11  -0.391672E-12
   0.376900E+04  -0.666192E-12  -0.131507E-11   0.685559E-13
   0.377000E+04  -0.425679E-12  -0.651341E-12   0.178290E-12
   0.377100E+04  -0.762154E-12  -0.181699E-11  -0.178428E-12
   0.377200E+04  -0.997407E-12  -0.268268E-11  -0.464020E-12
   0.377300E+04  -0.582794E-12  -0.151001E-11  -0.237801E-12
   0.377400E+04   0.129817E-12   0.609182E-12   0.228056E-12
   0.377500E+04   0.371178E-12   0.125555E-11   0.326408E-12
   0.377600E+04   0.206976E-13   0.387639E-13  -0.393836E-13
   0.377700E+04  -0.228867E-12  -0.866283E-12  -0.321156E-12
   0.377800E+04   0.162331E-12   0.248634E-12  -0.903468E-13
   0.377900E+04   0.829342E-12   0.224708E-11   0.364479E-12
   0.378000E+04   0.101117E-11   0.273365E-11   0.440049E-12
   0.378100E+04   0.610056E-12   0.139028E-11   0.595081E-13
   0.378200E+04   0.325172E-12   0.413268E-12  -0.220743E-12
   0.378300E+04   0.675614E-12   0.144550E-11   0.125647E-13
   0.378400E+04   0.127570E-11   0.328343E-11   0.452875E-12
   0.378500E+04   0.137263E-11   0.355536E-11   0.501242E-12
   0.378600E+04   0.895928E-12   0.202833E-11   0.101715E-12
   0.378700E+04   0.554782E-12   0.930653E-12  -0.180646E-12
   0.378800E+04   0.847897E-12   0.184122E-11   0.518996E-13
   0.378900E+04   0.136741E-11   0.348561E-11   0.474726E-12
   0.379000E+04   0.136816E-11   0.351438E-11   0.493570E-12
   0.379100E+04   0.808344E-12   0.178353E-11   0.737617E-13
   0.379200E+04   0.409792E-12   0.560618E-12  -0.210836E-12
   0.379300E+04   0.653120E-12   0.136704E-11   0.221741E-13
   0.379400E+04   0.110895E-11   0.285972E-11   0.430504E-12
   0.379500E+04   0.103816E-11   0.270738E-11   0.424726E-12
   0.379600E+04   0.424434E-12   0.845909E-12  -0.921941E-14
   0.379700E+04  -0.823245E-15  -0.427061E-12  -0.289838E-12
   0.379800E+04   0.223814E-12   0.349094E-12  -0.506596E-13
   0.379900E+04   0.648792E-12   0.176691E-11   0.348949E-12
   0.380000E+04   0.543517E-12   0.152121E-11   0.325496E-12
   0.380100E+04  -0.810147E-13  -0.366230E-12  -0.113945E-12
   0.380200E+04  -0.483541E-12  -0.156626E-11  -0.380582E-12
   0.380300E+04  -0.223157E-12  -0.682356E-12  -0.124443E-12
   0.380400E+04   0.227130E-12   0.804880E-12   0.277594E-12
   0.380500E+04   0.139705E-12   0.601070E-12   0.247225E-12
   0.380600E+04  -0.453794E-12  -0.120495E-11  -0.188830E-12
   0.380700E+04  -0.806980E-12  -0.226625E-11  -0.436029E-12
   0.380800E+04  -0.499693E-12  -0.125130E-11  -0.161271E-12
   0.380900E+04  -0.249925E-13   0.295746E-12   0.242093E-12
   0.381000E+04  -0.104496E-12   0.997350E-13   0.202078E-12
   0.381100E+04  -0.686219E-12  -0.168482E-11  -0.235050E-12
   0.381200E+04  -0.102028E-11  -0.269865E-11  -0.469899E-12
   0.381300E+04  -0.704910E-12  -0.166893E-11  -0.186019E-12
   0.381400E+04  -0.243914E-12  -0.176637E-12   0.209188E-12
   0.381500E+04  -0.340269E-12  -0.441082E-12   0.153445E-12
   0.381600E+04  -0.913289E-12  -0.221795E-11  -0.285519E-12
   0.381700E+04  -0.121072E-11  -0.313906E-11  -0.504200E-12
   0.381800E+04  -0.858198E-12  -0.201660E-11  -0.205178E-12
   0.381900E+04  -0.380879E-12  -0.499198E-12   0.187930E-12
   0.382000E+04  -0.469607E-12  -0.769251E-12   0.121492E-12
   0.382100E+04  -0.101603E-11  -0.249576E-11  -0.315576E-12
   0.382200E+04  -0.126326E-11  -0.329489E-11  -0.515586E-12
   0.382300E+04  -0.861440E-12  -0.205495E-11  -0.199692E-12
   0.382400E+04  -0.355040E-12  -0.485232E-12   0.193152E-12
   0.382500E+04  -0.421576E-12  -0.726969E-12   0.118747E-12
   0.382600E+04  -0.924359E-12  -0.236033E-11  -0.312680E-12
   0.382700E+04  -0.110149E-11  -0.298512E-11  -0.489676E-12
   0.382800E+04  -0.627958E-12  -0.156666E-11  -0.152283E-12
   0.382900E+04  -0.689897E-13   0.121262E-12   0.245226E-12
   0.383000E+04  -0.916472E-13  -0.290343E-13   0.167922E-12
   0.383100E+04  -0.534233E-12  -0.151809E-11  -0.253445E-12
   0.383200E+04  -0.631990E-12  -0.193552E-11  -0.404627E-12
   0.383300E+04  -0.848698E-13  -0.324112E-12  -0.448233E-13
   0.383400E+04   0.521800E-12   0.147994E-11   0.356881E-12
   0.383500E+04   0.530812E-12   0.140109E-11   0.275149E-12
   0.383600E+04   0.126598E-12   0.119146E-13  -0.139342E-12
   0.383700E+04   0.750280E-13  -0.272171E-12  -0.270445E-12
   0.383800E+04   0.652533E-12   0.143230E-11   0.103570E-12
   0.383900E+04   0.125782E-11   0.323867E-11   0.500111E-12
   0.384000E+04   0.124706E-11   0.311358E-11   0.404667E-12
   0.384100E+04   0.827177E-12   0.170173E-11  -0.123322E-13
   0.384200E+04   0.761750E-12   0.141301E-11  -0.134170E-12
   0.384300E+04   0.130057E-11   0.304768E-11   0.240854E-12
   0.384400E+04   0.182650E-11   0.466812E-11   0.616964E-12
   0.384500E+04   0.171144E-11   0.428904E-11   0.491359E-12
   0.384600E+04   0.118666E-11   0.263103E-11   0.544133E-13
   0.384700E+04   0.101369E-11   0.209756E-11  -0.771457E-13
   0.384800E+04   0.141697E-11   0.340804E-11   0.278350E-12
   0.384900E+04   0.176938E-11   0.459021E-11   0.613615E-12
   0.385000E+04   0.146991E-11   0.373920E-11   0.440562E-12
   0.385100E+04   0.787555E-12   0.168993E-11  -0.275472E-13
   0.385200E+04   0.491775E-12   0.867785E-12  -0.172198E-12
   0.385300E+04   0.783771E-12   0.191720E-11   0.168540E-12
   0.385400E+04   0.101984E-11   0.281214E-11   0.474725E-12
   0.385500E+04   0.613623E-12   0.169231E-11   0.270515E-12
   0.385600E+04  -0.141140E-12  -0.530541E-12  -0.211072E-12
   0.385700E+04  -0.475524E-12  -0.143310E-11  -0.352137E-12
   0.385800E+04  -0.213245E-12  -0.449750E-12  -0.109415E-13
   0.385900E+04  -0.112304E-13   0.351101E-12   0.281228E-12
   0.386000E+04  -0.436943E-12  -0.832203E-12   0.622969E-13
   0.386100E+04  -0.117016E-11  -0.300472E-11  -0.414609E-12
   0.386200E+04  -0.144395E-11  -0.374874E-11  -0.532979E-12
   0.386300E+04  -0.111040E-11  -0.258672E-11  -0.172146E-12
   0.386400E+04  -0.843681E-12  -0.164032E-11   0.124795E-12
   0.386500E+04  -0.119633E-11  -0.266315E-11  -0.909187E-13
   0.386600E+04  -0.182474E-11  -0.458540E-11  -0.546890E-12
   0.386700E+04  -0.196514E-11  -0.499770E-11  -0.628705E-12
   0.386800E+04  -0.149678E-11  -0.350655E-11  -0.236566E-12
   0.386900E+04  -0.110930E-11  -0.228084E-11   0.755177E-13
   0.387000E+04  -0.134051E-11  -0.302615E-11  -0.127531E-12
   0.387100E+04  -0.182662E-11  -0.460674E-11  -0.554947E-12
   0.387200E+04  -0.181087E-11  -0.463275E-11  -0.595790E-12
   0.387300E+04  -0.120077E-11  -0.279762E-11  -0.171475E-12
   0.387400E+04  -0.698546E-12  -0.130874E-11   0.154202E-12
   0.387500E+04  -0.822865E-12  -0.181053E-11  -0.387413E-13
   0.387600E+04  -0.118746E-11  -0.309476E-11  -0.440844E-12
   0.387700E+04  -0.104395E-11  -0.279533E-11  -0.445472E-12
   0.387800E+04  -0.331616E-12  -0.703201E-12   0.380937E-14
   0.387900E+04   0.231643E-12   0.926406E-12   0.333099E-12
   0.388000E+04   0.144970E-12   0.505822E-12   0.137516E-12
   0.388100E+04  -0.182595E-12  -0.684537E-12  -0.255033E-12
   0.388200E+04  -0.987222E-14  -0.300375E-12  -0.242548E-12
   0.388300E+04   0.694078E-12   0.177431E-11   0.209532E-12
   0.388400E+04   0.119912E-11   0.324552E-11   0.518366E-12
   0.388500E+04   0.102804E-11   0.259849E-11   0.295801E-12
   0.388600E+04   0.621186E-12   0.120970E-11  -0.110131E-12
   0.388700E+04   0.722448E-12   0.142944E-11  -0.100327E-12
   0.388800E+04   0.134078E-11   0.330247E-11   0.339586E-12
   0.388900E+04   0.173542E-11   0.449999E-11   0.618587E-12
   0.389000E+04   0.144667E-11   0.356150E-11   0.364089E-12
   0.389100E+04   0.935663E-12   0.192806E-11  -0.585236E-13
   0.389200E+04   0.940696E-12   0.193100E-11  -0.555198E-13
   0.389300E+04   0.144769E-11   0.354058E-11   0.366982E-12
   0.389400E+04   0.171099E-11   0.441049E-11   0.611620E-12
   0.389500E+04   0.129602E-11   0.315743E-11   0.323527E-12
   0.389600E+04   0.688958E-12   0.130009E-11  -0.113774E-12
   0.389700E+04   0.621752E-12   0.114897E-11  -0.112555E-12
   0.389800E+04   0.105303E-11   0.258766E-11   0.299578E-12
   0.389900E+04   0.122684E-11   0.323663E-11   0.518128E-12
   0.390000E+04   0.728617E-12   0.177517E-11   0.205090E-12
   0.390100E+04   0.664343E-13  -0.209456E-12  -0.238878E-12
   0.390200E+04  -0.335835E-13  -0.425778E-12  -0.232376E-12
   0.390300E+04   0.364650E-12   0.937543E-12   0.176642E-12
   0.390400E+04   0.501466E-12   0.148780E-11   0.378613E-12
   0.390500E+04  -0.135501E-13  -0.206089E-13   0.536817E-13
   0.390600E+04  -0.652123E-12  -0.193642E-11  -0.381012E-12
   0.390700E+04  -0.700730E-12  -0.200646E-11  -0.352404E-12
   0.390800E+04  -0.253793E-12  -0.513945E-12   0.694325E-13
   0.390900E+04  -0.798925E-13   0.121337E-12   0.269236E-12
   0.391000E+04  -0.546468E-12  -0.127336E-11  -0.545931E-13
   0.391100E+04  -0.110368E-11  -0.297812E-11  -0.468365E-12
   0.391200E+04  -0.104958E-11  -0.277467E-11  -0.407540E-12
   0.391300E+04  -0.510611E-12  -0.104457E-11   0.354063E-13
   0.391400E+04  -0.268622E-12  -0.246695E-12   0.239036E-12
   0.391500E+04  -0.673383E-12  -0.149596E-11  -0.809313E-13
   0.391600E+04  -0.115663E-11  -0.301331E-11  -0.475333E-12
   0.391700E+04  -0.102702E-11  -0.261344E-11  -0.388463E-12
   0.391800E+04  -0.438949E-12  -0.765473E-12   0.657060E-13
   0.391900E+04  -0.183310E-12   0.441735E-13   0.260956E-12
   0.392000E+04  -0.589327E-12  -0.123385E-11  -0.688045E-13
   0.392100E+04  -0.106681E-11  -0.275181E-11  -0.458509E-12
   0.392200E+04  -0.927666E-12  -0.233668E-11  -0.360084E-12
   0.392300E+04  -0.343278E-12  -0.513898E-12   0.935580E-13
   0.392400E+04  -0.104541E-12   0.228381E-12   0.273969E-12
   0.392500E+04  -0.519504E-12  -0.109243E-11  -0.664254E-13
   0.392600E+04  -0.984934E-12  -0.258647E-11  -0.449127E-12
   0.392700E+04  -0.828133E-12  -0.212895E-11  -0.337013E-12
   0.392800E+04  -0.244282E-12  -0.321548E-12   0.116540E-12
   0.392900E+04  -0.219320E-13   0.352994E-12   0.281916E-12
   0.393000E+04  -0.439909E-12  -0.997066E-12  -0.677926E-13
   0.393100E+04  -0.875062E-12  -0.241901E-11  -0.439350E-12
   0.393200E+04  -0.669051E-12  -0.183243E-11  -0.306712E-12
   0.393300E+04  -0.457585E-13   0.714137E-13   0.155307E-12
   0.393400E+04   0.200722E-12   0.792961E-12   0.314643E-12
   0.393500E+04  -0.186684E-12  -0.490135E-12  -0.364486E-13
   0.393600E+04  -0.569489E-12  -0.177569E-11  -0.391432E-12
   0.393700E+04  -0.304310E-12  -0.102935E-11  -0.235907E-12
   0.393800E+04   0.359023E-12   0.976497E-12   0.234661E-12
   0.393900E+04   0.624723E-12   0.173742E-11   0.387212E-12
   0.394000E+04   0.259866E-12   0.507755E-12   0.339350E-13
   0.394100E+04  -0.818350E-13  -0.661471E-12  -0.305760E-12
   0.394200E+04   0.226390E-12   0.212611E-12  -0.129975E-12
   0.394300E+04   0.907274E-12   0.227185E-11   0.344924E-12
   0.394400E+04   0.116307E-11   0.300616E-11   0.485314E-12
   0.394500E+04   0.786113E-12   0.174997E-11   0.123770E-12
   0.394600E+04   0.447581E-12   0.609553E-12  -0.207303E-12
   0.394700E+04   0.760169E-12   0.152348E-11  -0.183439E-13
   0.394800E+04   0.142022E-11   0.355075E-11   0.453753E-12
   0.394900E+04   0.162570E-11   0.416878E-11   0.574753E-12
   0.395000E+04   0.118870E-11   0.277573E-11   0.196473E-12
   0.395100E+04   0.792592E-12   0.151700E-11  -0.137381E-12
   0.395200E+04   0.103510E-11   0.228303E-11   0.497027E-13
   0.395300E+04   0.159067E-11   0.406177E-11   0.501401E-12
   0.395400E+04   0.165977E-11   0.433687E-11   0.584857E-12
   0.395500E+04   0.107986E-11   0.258538E-11   0.172480E-12
   0.395600E+04   0.550923E-12   0.100358E-11  -0.180196E-12
   0.395700E+04   0.662243E-12   0.145188E-11  -0.866125E-14
   0.395800E+04   0.107654E-11   0.287631E-11   0.413830E-12
   0.395900E+04   0.100668E-11   0.279521E-11   0.458579E-12
   0.396000E+04   0.318080E-12   0.771998E-12   0.193179E-13
   0.396100E+04  -0.280696E-12  -0.969605E-12  -0.338887E-12
   0.396200E+04  -0.223245E-12  -0.641099E-12  -0.167259E-12
   0.396300E+04   0.129287E-12   0.626710E-12   0.241417E-12
   0.396400E+04  -0.149892E-14   0.377040E-12   0.262307E-12
   0.396500E+04  -0.718009E-12  -0.172705E-11  -0.188359E-12
   0.396600E+04  -0.129664E-11  -0.341439E-11  -0.534810E-12
   0.396700E+04  -0.119105E-11  -0.295864E-11  -0.343589E-12
   0.396800E+04  -0.789449E-12  -0.157487E-11   0.726005E-13
   0.396900E+04  -0.869143E-12  -0.171573E-11   0.916372E-13
   0.397000E+04  -0.150889E-11  -0.364251E-11  -0.349572E-12
   0.397100E+04  -0.197594E-11  -0.505350E-11  -0.666339E-12
   0.397200E+04  -0.174558E-11  -0.428864E-11  -0.441221E-12
   0.397300E+04  -0.123106E-11  -0.264063E-11  -0.608857E-14
   0.397400E+04  -0.120567E-11  -0.254825E-11   0.209252E-13
   0.397500E+04  -0.172278E-11  -0.419125E-11  -0.402043E-12
   0.397600E+04  -0.204034E-11  -0.523669E-11  -0.681780E-12
   0.397700E+04  -0.165565E-11  -0.409214E-11  -0.417318E-12
   0.397800E+04  -0.100738E-11  -0.212904E-11   0.404519E-13
   0.397900E+04  -0.865416E-12  -0.177396E-11   0.777447E-13
   0.398000E+04  -0.125866E-11  -0.312751E-11  -0.326204E-12
   0.398100E+04  -0.143580E-11  -0.382555E-11  -0.570114E-12
   0.398200E+04  -0.914281E-12  -0.233778E-11  -0.269388E-12
   0.398300E+04  -0.155653E-12  -0.106816E-12   0.206919E-12
   0.398400E+04   0.735047E-13   0.452929E-12   0.249857E-12
   0.398500E+04  -0.235959E-12  -0.693817E-12  -0.141293E-12
   0.398600E+04  -0.330475E-12  -0.117241E-11  -0.359300E-12
   0.398700E+04   0.248250E-12   0.472655E-12  -0.372795E-13
   0.398800E+04   0.101747E-11   0.273169E-11   0.438141E-12
   0.398900E+04   0.121925E-11   0.321682E-11   0.464481E-12
   0.399000E+04   0.868435E-12   0.196904E-11   0.619681E-13
   0.399100E+04   0.722216E-12   0.137583E-11  -0.156506E-12
   0.399200E+04   0.121637E-11   0.282147E-11   0.158203E-12
   0.399300E+04   0.185372E-11   0.474756E-11   0.603636E-12
   0.399400E+04   0.189717E-11   0.482698E-11   0.587001E-12
   0.399500E+04   0.139809E-11   0.321200E-11   0.152280E-12
   0.399600E+04   0.112366E-11   0.231999E-11  -0.810844E-13
   0.399700E+04   0.148486E-11   0.345647E-11   0.217400E-12
   0.399800E+04   0.196241E-11   0.499155E-11   0.627918E-12
   0.399900E+04   0.183295E-11   0.463795E-11   0.566165E-12
   0.400000E+04   0.118198E-11   0.265213E-11   0.993046E-13
   0.400100E+04   0.789063E-12   0.148832E-11  -0.146598E-12
   0.400200E+04   0.104398E-11   0.238416E-11   0.140889E-12
   0.400300E+04   0.140583E-11   0.364067E-11   0.525098E-12
   0.400400E+04   0.116034E-11   0.299837E-11   0.429729E-12
   0.400500E+04   0.419752E-12   0.797007E-12  -0.565593E-13
   0.400600E+04  -0.295849E-13  -0.488391E-12  -0.302849E-12
   0.400700E+04   0.180755E-12   0.311662E-12  -0.150710E-13
   0.400800E+04   0.492895E-12   0.144330E-11   0.354710E-12
   0.400900E+04   0.207039E-12   0.691219E-12   0.239978E-12
   0.401000E+04  -0.536092E-12  -0.151533E-11  -0.248659E-12
   0.401100E+04  -0.945936E-12  -0.268720E-11  -0.476450E-12
   0.401200E+04  -0.680225E-12  -0.173623E-11  -0.168995E-12
   0.401300E+04  -0.318495E-12  -0.483952E-12   0.205561E-12
   0.401400E+04  -0.550090E-12  -0.111229E-11   0.900866E-13
   0.401500E+04  -0.120933E-11  -0.311204E-11  -0.383677E-12
   0.401600E+04  -0.150390E-11  -0.398644E-11  -0.578165E-12
   0.401700E+04  -0.111800E-11  -0.272859E-11  -0.238883E-12
   0.401800E+04  -0.651309E-12  -0.122216E-11   0.150737E-12
   0.401900E+04  -0.781907E-12  -0.161229E-11   0.436798E-13
   0.402000E+04  -0.132153E-11  -0.331621E-11  -0.407761E-12
   0.402100E+04  -0.148131E-11  -0.384444E-11  -0.564894E-12
   0.402200E+04  -0.976574E-12  -0.228510E-11  -0.194462E-12
   0.402300E+04  -0.428386E-12  -0.587618E-12   0.204884E-12
   0.402400E+04  -0.501352E-12  -0.854288E-12   0.971748E-13
   0.402500E+04  -0.981497E-12  -0.242060E-11  -0.344179E-12
   0.402600E+04  -0.108137E-11  -0.279982E-11  -0.479505E-12
   0.402700E+04  -0.545875E-12  -0.117180E-11  -0.967393E-13
   0.402800E+04  -0.137914E-13   0.457766E-12   0.291381E-12
   0.402900E+04  -0.128787E-12   0.500904E-13   0.162019E-12
   0.403000E+04  -0.640765E-12  -0.161955E-11  -0.288086E-12
   0.403100E+04  -0.753489E-12  -0.203879E-11  -0.416517E-12
   0.403200E+04  -0.235140E-12  -0.461731E-12  -0.312030E-13
   0.403300E+04   0.258075E-12   0.105014E-11   0.341446E-12
   0.403400E+04   0.984118E-13   0.506754E-12   0.190976E-12
   0.403500E+04  -0.434856E-12  -0.122631E-11  -0.264312E-12
   0.403600E+04  -0.541732E-12  -0.162583E-11  -0.380946E-12
   0.403700E+04  -0.152909E-13  -0.244746E-13   0.126252E-13
   0.403800E+04   0.470687E-12   0.146126E-11   0.376787E-12
   0.403900E+04   0.302504E-12   0.885985E-12   0.213575E-12
   0.404000E+04  -0.216192E-12  -0.807316E-12  -0.238312E-12
   0.404100E+04  -0.287303E-12  -0.110053E-11  -0.336130E-12
   0.404200E+04   0.267772E-12   0.585364E-12   0.702065E-13
   0.404300E+04   0.757435E-12   0.207840E-11   0.428248E-12
   0.404400E+04   0.583386E-12   0.148214E-11   0.253272E-12
   0.404500E+04   0.748498E-13  -0.179463E-12  -0.195494E-12
   0.404600E+04   0.292309E-13  -0.390012E-12  -0.276270E-12
   0.404700E+04   0.599175E-12   0.134800E-11   0.139950E-12
   0.404800E+04   0.107865E-11   0.281697E-11   0.489087E-12
   0.404900E+04   0.887081E-12   0.217601E-11   0.300593E-12
   0.405000E+04   0.378663E-12   0.528016E-12  -0.146115E-12
   0.405100E+04   0.347189E-12   0.378845E-12  -0.211440E-12
   0.405200E+04   0.916712E-12   0.213680E-11   0.211801E-12
   0.405300E+04   0.136628E-11   0.353752E-11   0.548236E-12
   0.405400E+04   0.113405E-11   0.279895E-11   0.342153E-12
   0.405500E+04   0.599694E-12   0.110418E-11  -0.106932E-12
   0.405600E+04   0.552101E-12   0.944383E-12  -0.162438E-12
   0.405700E+04   0.108445E-11   0.263178E-11   0.260321E-12
   0.405800E+04   0.145956E-11   0.385134E-11   0.574805E-12
   0.405900E+04   0.113554E-11   0.288306E-11   0.340774E-12
   0.406000E+04   0.521388E-12   0.100068E-11  -0.121531E-12
   0.406100E+04   0.406240E-12   0.694316E-12  -0.177970E-12
   0.406200E+04   0.856350E-12   0.219034E-11   0.234361E-12
   0.406300E+04   0.111913E-11   0.312474E-11   0.518331E-12
   0.406400E+04   0.671075E-12   0.183442E-11   0.249132E-12
   0.406500E+04  -0.499603E-13  -0.318214E-12  -0.232641E-12
   0.406600E+04  -0.250179E-12  -0.831734E-12  -0.294810E-12
   0.406700E+04   0.119032E-12   0.461115E-12   0.105804E-12
   0.406800E+04   0.298716E-12   0.117377E-11   0.364048E-12
   0.406900E+04  -0.213918E-12  -0.292693E-12   0.714818E-13
   0.407000E+04  -0.958492E-12  -0.250527E-11  -0.412635E-12
   0.407100E+04  -0.114750E-11  -0.298268E-11  -0.461104E-12
   0.407200E+04  -0.759105E-12  -0.164265E-11  -0.526092E-13
   0.407300E+04  -0.562784E-12  -0.905108E-12   0.199279E-12
   0.407400E+04  -0.104141E-11  -0.230567E-11  -0.972227E-13
   0.407500E+04  -0.171303E-11  -0.434200E-11  -0.564539E-12
   0.407600E+04  -0.179895E-11  -0.455907E-11  -0.581436E-12
   0.407700E+04  -0.130725E-11  -0.296751E-11  -0.149140E-12
   0.407800E+04  -0.102035E-11  -0.202674E-11   0.110340E-12
   0.407900E+04  -0.140287E-11  -0.321319E-11  -0.178117E-12
   0.408000E+04  -0.195230E-11  -0.495799E-11  -0.619111E-12
   0.408100E+04  -0.189854E-11  -0.483171E-11  -0.597816E-12
   0.408200E+04  -0.127735E-11  -0.293095E-11  -0.137484E-12
   0.408300E+04  -0.880226E-12  -0.174292E-11   0.132853E-12
   0.408400E+04  -0.115012E-11  -0.267474E-11  -0.144131E-12
   0.408500E+04  -0.156304E-11  -0.408839E-11  -0.555287E-12
   0.408600E+04  -0.135925E-11  -0.358545E-11  -0.493129E-12
   0.408700E+04  -0.605360E-12  -0.135787E-11  -0.369922E-14
   0.408800E+04  -0.105168E-12   0.704690E-13   0.276726E-12
   0.408900E+04  -0.282194E-12  -0.644169E-12   0.845153E-14
   0.409000E+04  -0.591647E-12  -0.179647E-11  -0.378067E-12
   0.409100E+04  -0.283484E-12  -0.101706E-11  -0.283011E-12
   0.409200E+04   0.545755E-12   0.140923E-11   0.224988E-12
   0.409300E+04   0.107910E-11   0.291937E-11   0.502697E-12
   0.409400E+04   0.909335E-12   0.222351E-11   0.227590E-12
   0.409500E+04   0.598847E-12   0.108417E-11  -0.153688E-12
   0.409600E+04   0.888319E-12   0.184111E-11  -0.495249E-13
   0.409700E+04   0.165605E-11   0.412881E-11   0.449849E-12
   0.409800E+04   0.207837E-11   0.536184E-11   0.696076E-12
   0.409900E+04   0.176882E-11   0.431542E-11   0.384966E-12
   0.410000E+04   0.131011E-11   0.281517E-11  -0.205053E-13
   0.410100E+04   0.143872E-11   0.318464E-11   0.636637E-13
   0.410200E+04   0.201895E-11   0.500887E-11   0.528174E-12
   0.410300E+04   0.223516E-11   0.572217E-11   0.723409E-12
   0.410400E+04   0.173234E-11   0.419515E-11   0.366209E-12
   0.410500E+04   0.111375E-11   0.231660E-11  -0.644638E-13
   0.410600E+04   0.110184E-11   0.236460E-11   0.496559E-14
   0.410700E+04   0.153334E-11   0.383511E-11   0.443014E-12
   0.410800E+04   0.159038E-11   0.415272E-11   0.596963E-12
   0.410900E+04   0.945720E-12   0.227345E-11   0.204137E-12
   0.411000E+04   0.224945E-12   0.155235E-12  -0.240383E-12
   0.411100E+04   0.140713E-12   0.441725E-13  -0.172833E-12
   0.411200E+04   0.505919E-12   0.135952E-11   0.254180E-12
   0.411300E+04   0.501415E-12   0.152021E-11   0.385669E-12
   0.411400E+04  -0.175416E-12  -0.440515E-12  -0.209757E-13
   0.411500E+04  -0.883113E-12  -0.251367E-11  -0.456362E-12
   0.411600E+04  -0.925707E-12  -0.250452E-11  -0.368542E-12
   0.411700E+04  -0.518437E-12  -0.108201E-11   0.679289E-13
   0.411800E+04  -0.482423E-12  -0.833432E-12   0.196263E-12
   0.411900E+04  -0.109406E-11  -0.264250E-11  -0.205389E-12
   0.412000E+04  -0.169439E-11  -0.444374E-11  -0.613273E-12
   0.412100E+04  -0.160418E-11  -0.409346E-11  -0.487682E-12
   0.412200E+04  -0.106925E-11  -0.235518E-11  -0.255251E-13
   0.412300E+04  -0.917264E-12  -0.183472E-11   0.114146E-12
   0.412400E+04  -0.140347E-11  -0.334657E-11  -0.270658E-12
   0.412500E+04  -0.185435E-11  -0.477668E-11  -0.642837E-12
   0.412600E+04  -0.160636E-11  -0.402890E-11  -0.475088E-12
   0.412700E+04  -0.932243E-12  -0.195022E-11   0.143413E-13
   0.412800E+04  -0.664116E-12  -0.115848E-11   0.165171E-12
   0.412900E+04  -0.103884E-11  -0.240665E-11  -0.205150E-12
   0.413000E+04  -0.137427E-11  -0.354959E-11  -0.547979E-12
   0.413100E+04  -0.102638E-11  -0.255050E-11  -0.349796E-12
   0.413200E+04  -0.292745E-12  -0.334888E-12   0.150344E-12
   0.413300E+04  -0.374243E-14   0.483940E-12   0.292773E-12
   0.413400E+04  -0.372665E-12  -0.772199E-12  -0.843956E-13
   0.413500E+04  -0.706931E-12  -0.192371E-11  -0.421125E-12
   0.413600E+04  -0.380029E-12  -0.988822E-12  -0.217761E-12
   0.413700E+04   0.293648E-12   0.105065E-11   0.267766E-12
   0.413800E+04   0.500488E-12   0.162892E-11   0.380354E-12
   0.413900E+04   0.666608E-13   0.188034E-12  -0.174316E-13
   0.414000E+04  -0.297061E-12  -0.103615E-11  -0.352843E-12
   0.414100E+04   0.134248E-13  -0.131607E-12  -0.141685E-12
   0.414200E+04   0.652449E-12   0.182161E-11   0.336058E-12
   0.414300E+04   0.807245E-12   0.225927E-11   0.426695E-12
   0.414400E+04   0.333280E-12   0.714373E-12   0.150484E-13
   0.414500E+04  -0.424203E-13  -0.526254E-12  -0.314279E-12
   0.414600E+04   0.265570E-12   0.391237E-12  -0.920236E-13
   0.414700E+04   0.884685E-12   0.230258E-11   0.381090E-12
   0.414800E+04   0.100401E-11   0.264930E-11   0.453644E-12
   0.414900E+04   0.505284E-12   0.104724E-11   0.321919E-13
   0.415000E+04   0.127479E-12  -0.178621E-12  -0.288279E-12
   0.415100E+04   0.435256E-12   0.760755E-12  -0.543619E-13
   0.415200E+04   0.103073E-11   0.262121E-11   0.413031E-12
   0.415300E+04   0.110858E-11   0.286123E-11   0.466165E-12
   0.415400E+04   0.580331E-12   0.118994E-11   0.342694E-13
   0.415500E+04   0.198934E-12  -0.235076E-13  -0.277256E-12
   0.415600E+04   0.509106E-12   0.947329E-12  -0.310705E-13
   0.415700E+04   0.108714E-11   0.277682E-11   0.431825E-12
   0.415800E+04   0.113063E-11   0.293248E-11   0.467263E-12
   0.415900E+04   0.575976E-12   0.120248E-11   0.260979E-13
   0.416000E+04   0.185652E-12  -0.129339E-13  -0.277365E-12
   0.416100E+04   0.484107E-12   0.949263E-12  -0.222835E-13
   0.416200E+04   0.102682E-11   0.269691E-11   0.431687E-12
   0.416300E+04   0.102130E-11   0.272742E-11   0.446129E-12
   0.416400E+04   0.432700E-12   0.919327E-12  -0.549867E-14
   0.416500E+04   0.312954E-13  -0.301100E-12  -0.300870E-12
   0.416600E+04   0.316242E-12   0.650896E-12  -0.371846E-13
   0.416700E+04   0.817747E-12   0.230348E-11   0.406449E-12
   0.416800E+04   0.750939E-12   0.217682E-11   0.397310E-12
   0.416900E+04   0.108218E-12   0.234609E-12  -0.689028E-13
   0.417000E+04  -0.334102E-12  -0.107723E-11  -0.362829E-12
   0.417100E+04  -0.102398E-12  -0.253872E-12  -0.100192E-12
   0.417200E+04   0.313237E-12   0.116721E-11   0.321837E-12
   0.417300E+04   0.147291E-12   0.763030E-12   0.279465E-12
   0.417400E+04  -0.565311E-12  -0.137323E-11  -0.205789E-12
   0.417500E+04  -0.103024E-11  -0.274141E-11  -0.495252E-12
   0.417600E+04  -0.796935E-12  -0.190943E-11  -0.222932E-12
   0.417700E+04  -0.384454E-12  -0.505202E-12   0.194246E-12
   0.417800E+04  -0.554582E-12  -0.939743E-12   0.138334E-12
   0.417900E+04  -0.124486E-11  -0.303359E-11  -0.346766E-12
   0.418000E+04  -0.165078E-11  -0.425467E-11  -0.615346E-12
   0.418100E+04  -0.134399E-11  -0.324036E-11  -0.319748E-12
   0.418200E+04  -0.867169E-12  -0.169185E-11   0.105026E-12
   0.418300E+04  -0.974750E-12  -0.199584E-11   0.483639E-13
   0.418400E+04  -0.157826E-11  -0.388965E-11  -0.423683E-12
   0.418500E+04  -0.186791E-11  -0.482313E-11  -0.659981E-12
   0.418600E+04  -0.144154E-11  -0.351470E-11  -0.332436E-12
   0.418700E+04  -0.865780E-12  -0.173983E-11   0.106104E-12
   0.418800E+04  -0.885274E-12  -0.185349E-11   0.534563E-13
   0.418900E+04  -0.138260E-11  -0.350092E-11  -0.401494E-12
   0.419000E+04  -0.154057E-11  -0.410759E-11  -0.602184E-12
   0.419100E+04  -0.981884E-12  -0.246884E-11  -0.240048E-12
   0.419200E+04  -0.296801E-12  -0.433241E-12   0.214650E-12
   0.419300E+04  -0.222176E-12  -0.329671E-12   0.168192E-12
   0.419400E+04  -0.616460E-12  -0.172532E-11  -0.268852E-12
   0.419500E+04  -0.660548E-12  -0.203723E-11  -0.436280E-12
   0.419600E+04  -0.450543E-14  -0.144943E-12  -0.459092E-13
   0.419700E+04   0.739780E-12   0.203605E-11   0.415420E-12
   0.419800E+04   0.847599E-12   0.221599E-11   0.363982E-12
   0.419900E+04   0.487338E-12   0.913517E-12  -0.673940E-13
   0.420000E+04   0.479041E-12   0.716618E-12  -0.215654E-12
   0.420100E+04   0.114214E-11   0.265166E-11   0.185948E-12
   0.420200E+04   0.184090E-11   0.472890E-11   0.633764E-12
   0.420300E+04   0.186322E-11   0.469774E-11   0.554540E-12
   0.420400E+04   0.140688E-11   0.316827E-11   0.103734E-12
   0.420500E+04   0.129621E-11   0.274105E-11  -0.526647E-13
   0.420600E+04   0.182393E-11   0.435744E-11   0.331129E-12
   0.420700E+04   0.233577E-11   0.596740E-11   0.736142E-12
   0.420800E+04   0.214039E-11   0.538216E-11   0.601868E-12
   0.420900E+04   0.147632E-11   0.333505E-11   0.108849E-12
   0.421000E+04   0.118445E-11   0.247366E-11  -0.717667E-13
   0.421100E+04   0.153941E-11   0.367845E-11   0.286549E-12
   0.421200E+04   0.186863E-11   0.483955E-11   0.649917E-12
   0.421300E+04   0.149245E-11   0.380352E-11   0.468929E-12
   0.421400E+04   0.676478E-12   0.138724E-11  -0.540759E-13
   0.421500E+04   0.268171E-12   0.256209E-12  -0.245642E-12
   0.421600E+04   0.523063E-12   0.122754E-11   0.101084E-12
   0.421700E+04   0.756292E-12   0.215016E-11   0.439210E-12
   0.421800E+04   0.305314E-12   0.923655E-12   0.232293E-12
   0.421900E+04  -0.538747E-12  -0.155416E-11  -0.295848E-12
   0.422000E+04  -0.930476E-12  -0.262331E-11  -0.471847E-12
   0.422100E+04  -0.643774E-12  -0.155883E-11  -0.111017E-12
   0.422200E+04  -0.382523E-12  -0.571470E-12   0.225670E-12
   0.422300E+04  -0.793958E-12  -0.171294E-11   0.148382E-13
   0.422400E+04  -0.156037E-11  -0.400063E-11  -0.498047E-12
   0.422500E+04  -0.183680E-11  -0.477451E-11  -0.639794E-12
   0.422600E+04  -0.142538E-11  -0.339720E-11  -0.247696E-12
   0.422700E+04  -0.104869E-11  -0.213693E-11   0.103795E-12
   0.422800E+04  -0.133993E-11  -0.299951E-11  -0.954156E-13
   0.422900E+04  -0.195806E-11  -0.492652E-11  -0.579094E-12
   0.423000E+04  -0.206258E-11  -0.526958E-11  -0.675686E-12
   0.423100E+04  -0.148668E-11  -0.348668E-11  -0.245254E-12
   0.423200E+04  -0.972002E-12  -0.190387E-11   0.124675E-12
   0.423300E+04  -0.113633E-11  -0.247611E-11  -0.618895E-13
   0.423400E+04  -0.161357E-11  -0.406385E-11  -0.517687E-12
   0.423500E+04  -0.156679E-11  -0.402763E-11  -0.573116E-12
   0.423600E+04  -0.860403E-12  -0.192160E-11  -0.111215E-12
   0.423700E+04  -0.256617E-12  -0.134384E-12   0.267474E-12
   0.423800E+04  -0.360316E-12  -0.578148E-12   0.808313E-13
   0.423900E+04  -0.782368E-12  -0.203921E-11  -0.363612E-12
   0.424000E+04  -0.688437E-12  -0.188595E-11  -0.398652E-12
   0.424100E+04   0.309051E-13   0.244387E-12   0.706047E-13
   0.424200E+04   0.600622E-12   0.192169E-11   0.432734E-12
   0.424300E+04   0.436433E-12   0.129771E-11   0.221576E-12
   0.424400E+04  -0.428542E-13  -0.321673E-12  -0.233838E-12
   0.424500E+04   0.123093E-14  -0.294174E-12  -0.267755E-12
   0.424600E+04   0.659468E-12   0.168098E-11   0.194229E-12
   0.424700E+04   0.114970E-11   0.314851E-11   0.531581E-12
   0.424800E+04   0.907738E-12   0.232244E-11   0.294361E-12
   0.424900E+04   0.373667E-12   0.576005E-12  -0.169108E-12
   0.425000E+04   0.377715E-12   0.525790E-12  -0.197968E-12
   0.425100E+04   0.982498E-12   0.238287E-11   0.259387E-12
   0.425200E+04   0.139623E-11   0.365995E-11   0.573234E-12
   0.425300E+04   0.107793E-11   0.264302E-11   0.311018E-12
   0.425400E+04   0.493087E-12   0.785378E-12  -0.158874E-12
   0.425500E+04   0.465545E-12   0.683829E-12  -0.180523E-12
   0.425600E+04   0.102909E-11   0.245836E-11   0.274685E-12
   0.425700E+04   0.138058E-11   0.358504E-11   0.567959E-12
   0.425800E+04   0.100052E-11   0.241703E-11   0.284102E-12
   0.425900E+04   0.378632E-12   0.484075E-12  -0.188978E-12
   0.426000E+04   0.332188E-12   0.362386E-12  -0.200893E-12
   0.426100E+04   0.867141E-12   0.208387E-11   0.254163E-12
   0.426200E+04   0.117038E-11   0.309250E-11   0.529179E-12
   0.426300E+04   0.744293E-12   0.181008E-11   0.226796E-12
   0.426400E+04   0.101697E-12  -0.160666E-12  -0.246112E-12
   0.426500E+04   0.516498E-13  -0.269136E-12  -0.245611E-12
   0.426600E+04   0.571897E-12   0.142736E-11   0.211169E-12
   0.426700E+04   0.840802E-12   0.234531E-11   0.469853E-12
   0.426800E+04   0.385139E-12   0.983017E-12   0.151890E-12
   0.426900E+04  -0.256693E-12  -0.976054E-12  -0.316547E-12
   0.427000E+04  -0.282108E-12  -0.100152E-11  -0.298063E-12
   0.427100E+04   0.258035E-12   0.759425E-12   0.167199E-12
   0.427200E+04   0.529191E-12   0.168356E-11   0.417038E-12
   0.427300E+04   0.737597E-13   0.320603E-12   0.900349E-13
   0.427400E+04  -0.554085E-12  -0.159390E-11  -0.370935E-12
   0.427500E+04  -0.563305E-12  -0.156502E-11  -0.336747E-12
   0.427600E+04  -0.301329E-13   0.178929E-12   0.130137E-12
   0.427700E+04   0.207214E-12   0.100136E-11   0.362300E-12
   0.427800E+04  -0.284243E-12  -0.471087E-12   0.178001E-13
   0.427900E+04  -0.930038E-12  -0.243838E-11  -0.443117E-12
   0.428000E+04  -0.949178E-12  -0.243736E-11  -0.399810E-12
   0.428100E+04  -0.440189E-12  -0.768771E-12   0.636471E-13
   0.428200E+04  -0.238480E-12  -0.637598E-13   0.276645E-12
   0.428300E+04  -0.746033E-12  -0.160029E-11  -0.814983E-13
   0.428400E+04  -0.136729E-11  -0.351165E-11  -0.533330E-12
   0.428500E+04  -0.133800E-11  -0.338599E-11  -0.468759E-12
   0.428600E+04  -0.789822E-12  -0.162760E-11   0.407054E-14
   0.428700E+04  -0.564581E-12  -0.888384E-12   0.209784E-12
   0.428800E+04  -0.103723E-11  -0.236175E-11  -0.151626E-12
   0.428900E+04  -0.158994E-11  -0.411035E-11  -0.585525E-12
   0.429000E+04  -0.147153E-11  -0.376228E-11  -0.491959E-12
   0.429100E+04  -0.843670E-12  -0.181532E-11  -0.228173E-14
   0.429200E+04  -0.554015E-12  -0.939202E-12   0.204126E-12
   0.429300E+04  -0.952533E-12  -0.224808E-11  -0.152221E-12
   0.429400E+04  -0.140228E-11  -0.374324E-11  -0.560615E-12
   0.429500E+04  -0.116756E-11  -0.309985E-11  -0.432296E-12
   0.429600E+04  -0.440779E-12  -0.911259E-12   0.780683E-13
   0.429700E+04  -0.754043E-13   0.135605E-12   0.287681E-12
   0.429800E+04  -0.396782E-12  -0.994508E-12  -0.621961E-13
   0.429900E+04  -0.749534E-12  -0.224318E-11  -0.445290E-12
   0.430000E+04  -0.413411E-12  -0.133283E-11  -0.284534E-12
   0.430100E+04   0.389018E-12   0.104925E-11   0.242313E-12
   0.430200E+04   0.798205E-12   0.219812E-11   0.449500E-12
   0.430300E+04   0.511148E-12   0.115085E-11   0.987479E-13
   0.430400E+04   0.199047E-12   0.178167E-13  -0.269115E-12
   0.430500E+04   0.567108E-12   0.103026E-11  -0.891115E-13
   0.430600E+04   0.136721E-11   0.341993E-11   0.439046E-12
   0.430700E+04   0.173909E-11   0.447895E-11   0.628395E-12
   0.430800E+04   0.140312E-11   0.331895E-11   0.261518E-12
   0.430900E+04   0.104187E-11   0.208825E-11  -0.107729E-12
   0.431000E+04   0.134016E-11   0.295518E-11   0.717457E-13
   0.431100E+04   0.202446E-11   0.506990E-11   0.578350E-12
   0.431200E+04   0.224107E-11   0.574165E-11   0.726047E-12
   0.431300E+04   0.174364E-11   0.418369E-11   0.320640E-12
   0.431400E+04   0.123221E-11   0.259830E-11  -0.701285E-13
   0.431500E+04   0.137195E-11   0.309130E-11   0.905231E-13
   0.431600E+04   0.186313E-11   0.472802E-11   0.559000E-12
   0.431700E+04   0.186180E-11   0.484358E-11   0.651437E-12
   0.431800E+04   0.116373E-11   0.277814E-11   0.199070E-12
   0.431900E+04   0.497333E-12   0.818974E-12  -0.214421E-12
   0.432000E+04   0.514745E-12   0.102839E-11  -0.655000E-13
   0.432100E+04   0.888103E-12   0.238154E-11   0.379963E-12
   0.432200E+04   0.772984E-12   0.221046E-11   0.438500E-12
   0.432300E+04  -0.661765E-14  -0.571645E-13  -0.361999E-13
   0.432400E+04  -0.705179E-12  -0.208094E-11  -0.447500E-12
   0.432500E+04  -0.688446E-12  -0.185495E-11  -0.286565E-12
   0.432600E+04  -0.311667E-12  -0.490234E-12   0.158962E-12
   0.432700E+04  -0.417656E-12  -0.649623E-12   0.207214E-12
   0.432800E+04  -0.115468E-11  -0.281752E-11  -0.265479E-12
   0.432900E+04  -0.176382E-11  -0.461008E-11  -0.650745E-12
   0.433000E+04  -0.163340E-11  -0.409064E-11  -0.455907E-12
   0.433100E+04  -0.114944E-11  -0.246555E-11   0.908295E-14
   0.433200E+04  -0.115497E-11  -0.239681E-11   0.641629E-13
   0.433300E+04  -0.177143E-11  -0.428269E-11  -0.391700E-12
   0.433400E+04  -0.222658E-11  -0.569526E-11  -0.738810E-12
   0.433500E+04  -0.192975E-11  -0.476220E-11  -0.500670E-12
   0.433600E+04  -0.129537E-11  -0.277775E-11  -0.873470E-14
   0.433700E+04  -0.116595E-11  -0.240045E-11   0.594883E-13
   0.433800E+04  -0.163892E-11  -0.395034E-11  -0.374909E-12
   0.433900E+04  -0.193344E-11  -0.496917E-11  -0.682482E-12
   0.434000E+04  -0.148236E-11  -0.365614E-11  -0.403884E-12
   0.434100E+04  -0.726003E-12  -0.138597E-11   0.108742E-12
   0.434200E+04  -0.500913E-12  -0.798081E-12   0.182241E-12
   0.434300E+04  -0.877259E-12  -0.212508E-11  -0.239336E-12
   0.434400E+04  -0.106726E-11  -0.288395E-11  -0.517719E-12
   0.434500E+04  -0.531479E-12  -0.135831E-11  -0.212141E-12
   0.434600E+04   0.262258E-12   0.991424E-12   0.304397E-12
   0.434700E+04   0.487144E-12   0.155529E-11   0.364452E-12
   0.434800E+04   0.107267E-12   0.207094E-12  -0.633743E-13
   0.434900E+04  -0.774729E-13  -0.531928E-12  -0.331402E-12
   0.435000E+04   0.445062E-12   0.969947E-12  -0.178433E-13
   0.435100E+04   0.117682E-11   0.315770E-11   0.482989E-12
   0.435200E+04   0.129966E-11   0.344705E-11   0.509600E-12
   0.435300E+04   0.816598E-12   0.183096E-11   0.562296E-13
   0.435400E+04   0.549917E-12   0.897733E-12  -0.218228E-12
   0.435500E+04   0.995351E-12   0.222527E-11   0.911352E-13
   0.435600E+04   0.162941E-11   0.417754E-11   0.570059E-12
   0.435700E+04   0.163777E-11   0.418178E-11   0.562396E-12
   0.435800E+04   0.105081E-11   0.231622E-11   0.853526E-13
   0.435900E+04   0.702548E-12   0.120458E-11  -0.194000E-12
   0.436000E+04   0.106902E-11   0.236100E-11   0.111219E-12
   0.436100E+04   0.160571E-11   0.408171E-11   0.568161E-12
   0.436200E+04   0.150883E-11   0.382606E-11   0.528202E-12
   0.436300E+04   0.839075E-12   0.176723E-11   0.323266E-13
   0.436400E+04   0.439762E-12   0.557945E-12  -0.245245E-12
   0.436500E+04   0.762156E-12   0.163401E-11   0.628397E-13
   0.436600E+04   0.123629E-11   0.321103E-11   0.504419E-12
   0.436700E+04   0.106605E-11   0.277219E-11   0.438262E-12
   0.436800E+04   0.340867E-12   0.581094E-12  -0.712259E-13
   0.436900E+04  -0.864601E-13  -0.679769E-12  -0.343133E-12
   0.437000E+04   0.213976E-12   0.357378E-12  -0.291347E-13
   0.437100E+04   0.653132E-12   0.184663E-11   0.401148E-12
   0.437200E+04   0.448701E-12   0.131334E-11   0.315858E-12
   0.437300E+04  -0.279401E-12  -0.883165E-12  -0.196769E-12
   0.437400E+04  -0.672779E-12  -0.204185E-11  -0.450553E-12
   0.437500E+04  -0.329861E-12  -0.882808E-12  -0.118090E-12
   0.437600E+04   0.135028E-12   0.669427E-12   0.312515E-12
   0.437700E+04  -0.501503E-13   0.173055E-12   0.218557E-12
   0.437800E+04  -0.736550E-12  -0.192079E-11  -0.288234E-12
   0.437900E+04  -0.106118E-11  -0.289518E-11  -0.517151E-12
   0.438000E+04  -0.651685E-12  -0.156033E-11  -0.162185E-12
   0.438100E+04  -0.147881E-12   0.805565E-13   0.270425E-12
   0.438200E+04  -0.310603E-12  -0.378323E-12   0.167883E-12
   0.438300E+04  -0.960266E-12  -0.238893E-11  -0.334231E-12
   0.438400E+04  -0.122755E-11  -0.321422E-11  -0.540886E-12
   0.438500E+04  -0.768833E-12  -0.175413E-11  -0.167717E-12
   0.438600E+04  -0.250810E-12  -0.953227E-13   0.260896E-12
   0.438700E+04  -0.425044E-12  -0.613698E-12   0.142073E-12
   0.438800E+04  -0.108034E-11  -0.266236E-11  -0.364662E-12
   0.438900E+04  -0.133416E-11  -0.346483E-11  -0.558954E-12
   0.439000E+04  -0.859523E-12  -0.197595E-11  -0.175556E-12
   0.439100E+04  -0.338578E-12  -0.332684E-12   0.246039E-12
   0.439200E+04  -0.510428E-12  -0.871654E-12   0.114116E-12
   0.439300E+04  -0.113977E-11  -0.286911E-11  -0.389708E-12
   0.439400E+04  -0.134387E-11  -0.354744E-11  -0.563362E-12
   0.439500E+04  -0.822029E-12  -0.194476E-11  -0.163238E-12
   0.439600E+04  -0.273002E-12  -0.251363E-12   0.256216E-12
   0.439700E+04  -0.418124E-12  -0.748293E-12   0.116243E-12
   0.439800E+04  -0.992479E-12  -0.261790E-11  -0.378182E-12
   0.439900E+04  -0.111212E-11  -0.307750E-11  -0.523507E-12
   0.440000E+04  -0.506353E-12  -0.125866E-11  -0.987968E-13
   0.440100E+04   0.103360E-12   0.578048E-12   0.325600E-12
   0.440200E+04   0.761660E-14   0.190538E-12   0.183035E-12
   0.440300E+04  -0.503056E-12  -0.152122E-11  -0.299207E-12
   0.440400E+04  -0.544460E-12  -0.177243E-11  -0.416876E-12
   0.440500E+04   0.126454E-12   0.219099E-12   0.286509E-13
   0.440600E+04   0.769939E-12   0.213569E-11   0.452605E-12
   0.440700E+04   0.692084E-12   0.178495E-11   0.301770E-12
   0.440800E+04   0.209778E-12   0.151107E-12  -0.174241E-12
   0.440900E+04   0.205864E-12   0.157151E-13  -0.271468E-12
   0.441000E+04   0.893975E-12   0.206870E-11   0.185723E-12
   0.441100E+04   0.151562E-11   0.393349E-11   0.598432E-12
   0.441200E+04   0.139313E-11   0.346923E-11   0.427484E-12
   0.441300E+04   0.871105E-12   0.174789E-11  -0.550629E-13
   0.441400E+04   0.833072E-12   0.155324E-11  -0.145652E-12
   0.441500E+04   0.146632E-11   0.349151E-11   0.308870E-12
   0.441600E+04   0.199678E-11   0.513627E-11   0.696641E-12
   0.441700E+04   0.176451E-11   0.440214E-11   0.493284E-12
   0.441800E+04   0.114076E-11   0.244500E-11  -0.718137E-14
   0.441900E+04   0.100755E-11   0.204314E-11  -0.102777E-12
   0.442000E+04   0.152434E-11   0.371357E-11   0.336565E-12
   0.442100E+04   0.190139E-11   0.497855E-11   0.686366E-12
   0.442200E+04   0.149731E-11   0.380966E-11   0.437604E-12
   0.442300E+04   0.712750E-12   0.145365E-11  -0.933865E-13
   0.442400E+04   0.435400E-12   0.703256E-12  -0.205174E-12
   0.442500E+04   0.809399E-12   0.202214E-11   0.211950E-12
   0.442600E+04   0.104295E-11   0.292112E-11   0.524547E-12
   0.442700E+04   0.520120E-12   0.144925E-11   0.241017E-12
   0.442800E+04  -0.334336E-12  -0.107091E-11  -0.301400E-12
   0.442900E+04  -0.642394E-12  -0.187637E-11  -0.405902E-12
   0.443000E+04  -0.291929E-12  -0.604837E-12   0.128924E-13
   0.443100E+04  -0.866393E-13   0.215294E-12   0.310847E-12
   0.443200E+04  -0.617868E-12  -0.129070E-11   0.141015E-13
   0.443300E+04  -0.143262E-11  -0.371093E-11  -0.518347E-12
   0.443400E+04  -0.165910E-11  -0.430052E-11  -0.593949E-12
   0.443500E+04  -0.121792E-11  -0.279882E-11  -0.151761E-12
   0.443600E+04  -0.929559E-12  -0.178584E-11   0.152880E-12
   0.443700E+04  -0.136761E-11  -0.307885E-11  -0.137243E-12
   0.443800E+04  -0.205664E-11  -0.519309E-11  -0.642935E-12
   0.443900E+04  -0.213344E-11  -0.540849E-11  -0.676985E-12
   0.444000E+04  -0.154979E-11  -0.356103E-11  -0.202582E-12
   0.444100E+04  -0.113942E-11  -0.227119E-11   0.115135E-12
   0.444200E+04  -0.145541E-11  -0.328980E-11  -0.163299E-12
   0.444300E+04  -0.199913E-11  -0.505657E-11  -0.638544E-12
   0.444400E+04  -0.191622E-11  -0.487736E-11  -0.629367E-12
   0.444500E+04  -0.118983E-11  -0.268574E-11  -0.123236E-12
   0.444600E+04  -0.667307E-12  -0.114415E-11   0.205294E-12
   0.444700E+04  -0.882780E-12  -0.194173E-11  -0.654951E-13
   0.444800E+04  -0.131627E-11  -0.344837E-11  -0.516856E-12
   0.444900E+04  -0.112157E-11  -0.299388E-11  -0.473921E-12
   0.445000E+04  -0.308016E-12  -0.594467E-12   0.527142E-13
   0.445100E+04   0.270614E-12   0.106653E-11   0.381274E-12
   0.445200E+04   0.102998E-12   0.372714E-12   0.109033E-12
   0.445300E+04  -0.272385E-12  -0.984647E-12  -0.326846E-12
   0.445400E+04  -0.248587E-13  -0.381375E-12  -0.260168E-12
   0.445500E+04   0.803610E-12   0.206425E-11   0.273757E-12
   0.445600E+04   0.135069E-11   0.364096E-11   0.585899E-12
   0.445700E+04   0.112912E-11   0.280749E-11   0.293066E-12
   0.445800E+04   0.697920E-12   0.132061E-11  -0.149139E-12
   0.445900E+04   0.874984E-12   0.176493E-11  -0.832195E-13
   0.446000E+04   0.159179E-11   0.393680E-11   0.432122E-12
   0.446100E+04   0.198852E-11   0.512846E-11   0.703647E-12
   0.446200E+04   0.161519E-11   0.391143E-11   0.371034E-12
   0.446300E+04   0.106083E-11   0.213435E-11  -0.898894E-13
   0.446400E+04   0.113172E-11   0.234452E-11  -0.306845E-13
   0.446500E+04   0.172598E-11   0.423245E-11   0.464920E-12
   0.446600E+04   0.197614E-11   0.506428E-11   0.697645E-12
   0.446700E+04   0.146173E-11   0.350171E-11   0.328550E-12
   0.446800E+04   0.799495E-12   0.147872E-11  -0.147185E-12
   0.446900E+04   0.786577E-12   0.151276E-11  -0.901025E-13
   0.447000E+04   0.129098E-11   0.319879E-11   0.391898E-12
   0.447100E+04   0.143746E-11   0.377770E-11   0.594111E-12
   0.447200E+04   0.830324E-12   0.198865E-11   0.198268E-12
   0.447300E+04   0.107809E-12  -0.166854E-12  -0.282880E-12
   0.447400E+04   0.549640E-13  -0.209786E-12  -0.220069E-12
   0.447500E+04   0.512490E-12   0.136759E-11   0.255339E-12
   0.447600E+04   0.603790E-12   0.180013E-11   0.435297E-12
   0.447700E+04  -0.367105E-13  -0.791022E-13   0.238072E-13
   0.447800E+04  -0.748019E-12  -0.219668E-11  -0.448832E-12
   0.447900E+04  -0.759715E-12  -0.211876E-11  -0.364601E-12
   0.448000E+04  -0.262936E-12  -0.437431E-12   0.120735E-12
   0.448100E+04  -0.141424E-12   0.598608E-13   0.295045E-12
   0.448200E+04  -0.737561E-12  -0.171968E-11  -0.116703E-12
   0.448300E+04  -0.137396E-11  -0.364876E-11  -0.568499E-12
   0.448400E+04  -0.129684E-11  -0.334392E-11  -0.454489E-12
   0.448500E+04  -0.724487E-12  -0.148242E-11   0.464176E-13
   0.448600E+04  -0.538973E-12  -0.847221E-12   0.220705E-12
   0.448700E+04  -0.105316E-11  -0.243779E-11  -0.183906E-12
   0.448800E+04  -0.157476E-11  -0.407698E-11  -0.606416E-12
   0.448900E+04  -0.137527E-11  -0.345679E-11  -0.455642E-12
   0.449000E+04  -0.710182E-12  -0.136875E-11   0.641404E-13
   0.449100E+04  -0.465606E-12  -0.608018E-12   0.237258E-12
   0.449200E+04  -0.924885E-12  -0.208140E-11  -0.165631E-12
   0.449300E+04  -0.137765E-11  -0.355389E-11  -0.568319E-12
   0.449400E+04  -0.111718E-11  -0.278395E-11  -0.394068E-12
   0.449500E+04  -0.432464E-12  -0.667328E-12   0.128399E-12
   0.449600E+04  -0.207743E-12   0.541624E-14   0.283160E-12
   0.449700E+04  -0.687315E-12  -0.155278E-11  -0.133805E-12
   0.449800E+04  -0.113118E-11  -0.301656E-11  -0.528917E-12
   0.449900E+04  -0.845172E-12  -0.218505E-11  -0.338302E-12
   0.450000E+04  -0.149409E-12  -0.519006E-13   0.185513E-12
   0.450100E+04   0.678703E-13   0.579785E-12   0.325550E-12
   0.450200E+04  -0.409362E-12  -0.988673E-12  -0.992008E-13
   0.450300E+04  -0.820958E-12  -0.236929E-11  -0.480449E-12
   0.450400E+04  -0.488986E-12  -0.141253E-11  -0.268511E-12
   0.450500E+04   0.236851E-12   0.795309E-12   0.260872E-12
   0.450600E+04   0.466397E-12   0.144610E-11   0.390836E-12
   0.450700E+04   0.104211E-13  -0.733678E-13  -0.366544E-13
   0.450800E+04  -0.355633E-12  -0.132585E-11  -0.400123E-12
   0.450900E+04   0.252980E-13  -0.226563E-12  -0.165605E-12
   0.451000E+04   0.772344E-12   0.204093E-11   0.367744E-12
   0.451100E+04   0.994459E-12   0.266646E-11   0.483988E-12
   0.451200E+04   0.530749E-12   0.112682E-11   0.485881E-13
   0.451300E+04   0.173406E-12  -0.874365E-13  -0.303934E-12
   0.451400E+04   0.561293E-12   0.105119E-11  -0.551883E-13
   0.451500E+04   0.128665E-11   0.327382E-11   0.473407E-12
   0.451600E+04   0.146103E-11   0.377775E-11   0.568167E-12
   0.451700E+04   0.951366E-12   0.212757E-11   0.118021E-12
   0.451800E+04   0.562425E-12   0.854210E-12  -0.230980E-12
   0.451900E+04   0.911495E-12   0.191769E-11   0.227257E-13
   0.452000E+04   0.156618E-11   0.397054E-11   0.536209E-12
   0.452100E+04   0.164854E-11   0.424085E-11   0.600469E-12
   0.452200E+04   0.106155E-11   0.240480E-11   0.129938E-12
   0.452300E+04   0.624589E-12   0.103926E-11  -0.217850E-12
   0.452400E+04   0.927239E-12   0.201868E-11   0.399642E-13
   0.452500E+04   0.150213E-11   0.388694E-11   0.536775E-12
   0.452600E+04   0.147398E-11   0.388019E-11   0.567017E-12
   0.452700E+04   0.781188E-12   0.178381E-11   0.705398E-13
   0.452800E+04   0.263955E-12   0.237585E-12  -0.282790E-12
   0.452900E+04   0.492585E-12   0.105367E-11  -0.273712E-13
   0.453000E+04   0.969882E-12   0.268173E-11   0.447912E-12
   0.453100E+04   0.823269E-12   0.236612E-11   0.441506E-12
   0.453200E+04   0.247107E-13  -0.389212E-14  -0.816503E-13
   0.453300E+04  -0.563122E-12  -0.172107E-11  -0.439497E-12
   0.453400E+04  -0.381981E-12  -0.101482E-11  -0.182435E-12
   0.453500E+04   0.497198E-13   0.495509E-12   0.280659E-12
   0.453600E+04  -0.135269E-12   0.706612E-13   0.253459E-12
   0.453700E+04  -0.938581E-12  -0.231634E-11  -0.275548E-12
   0.453800E+04  -0.148832E-11  -0.392886E-11  -0.615675E-12
   0.453900E+04  -0.124972E-11  -0.307050E-11  -0.336318E-12
   0.454000E+04  -0.766763E-12  -0.144128E-11   0.133008E-12
   0.454100E+04  -0.899980E-12  -0.175846E-11   0.102220E-12
   0.454200E+04  -0.162252E-11  -0.395757E-11  -0.415971E-12
   0.454300E+04  -0.205390E-11  -0.527307E-11  -0.722814E-12
   0.454400E+04  -0.168578E-11  -0.409022E-11  -0.407667E-12
   0.454500E+04  -0.109079E-11  -0.219794E-11   0.789599E-13
   0.454600E+04  -0.112504E-11  -0.229755E-11   0.533003E-13
   0.454700E+04  -0.173470E-11  -0.423735E-11  -0.448015E-12
   0.454800E+04  -0.203095E-11  -0.522355E-11  -0.718756E-12
   0.454900E+04  -0.152951E-11  -0.371638E-11  -0.368071E-12
   0.455000E+04  -0.827107E-12  -0.158017E-11   0.133932E-12
   0.455100E+04  -0.771150E-12  -0.148811E-11   0.111327E-12
   0.455200E+04  -0.127996E-11  -0.319912E-11  -0.375146E-12
   0.455300E+04  -0.145875E-11  -0.389880E-11  -0.612939E-12
   0.455400E+04  -0.849702E-12  -0.212962E-11  -0.231916E-12
   0.455500E+04  -0.724996E-13   0.171994E-12   0.278818E-12
   0.455600E+04   0.388513E-13   0.375137E-12   0.252855E-12
   0.455700E+04  -0.401031E-12  -0.117463E-11  -0.223756E-12
   0.455800E+04  -0.489789E-12  -0.163762E-11  -0.432317E-12
   0.455900E+04   0.200249E-12   0.350854E-12  -0.245798E-13
   0.456000E+04   0.101850E-11   0.275939E-11   0.489878E-12
   0.456100E+04   0.113524E-11   0.297289E-11   0.452592E-12
   0.456200E+04   0.691676E-12   0.142234E-11  -0.266245E-13
   0.456300E+04   0.597087E-12   0.969648E-12  -0.223731E-12
   0.456400E+04   0.125399E-11   0.289964E-11   0.188355E-12
   0.456500E+04   0.198802E-11   0.510532E-11   0.681496E-12
   0.456600E+04   0.197905E-11   0.500150E-11   0.606829E-12
   0.456700E+04   0.139801E-11   0.311209E-11   0.984843E-13
   0.456800E+04   0.116595E-11   0.233367E-11  -0.113725E-12
   0.456900E+04   0.167069E-11   0.390018E-11   0.278134E-12
   0.457000E+04   0.222856E-11   0.567009E-11   0.731030E-12
   0.457100E+04   0.204008E-11   0.511980E-11   0.608765E-12
   0.457200E+04   0.130657E-11   0.286765E-11   0.698341E-13
   0.457300E+04   0.950860E-12   0.181504E-11  -0.153129E-12
   0.457400E+04   0.133198E-11   0.310350E-11   0.225056E-12
   0.457500E+04   0.174653E-11   0.452677E-11   0.644445E-12
   0.457600E+04   0.141245E-11   0.361387E-11   0.481311E-12
   0.457700E+04   0.563651E-12   0.108478E-11  -0.809834E-13
   0.457800E+04   0.128992E-12  -0.140717E-12  -0.306468E-12
   0.457900E+04   0.442751E-12   0.999448E-12   0.680616E-13
   0.458000E+04   0.784204E-12   0.224240E-11   0.466806E-12
   0.458100E+04   0.388152E-12   0.116913E-11   0.278965E-12
   0.458200E+04  -0.482808E-12  -0.140959E-11  -0.288194E-12
   0.458300E+04  -0.899563E-12  -0.257208E-11  -0.497259E-12
   0.458400E+04  -0.557657E-12  -0.134974E-11  -0.108366E-12
   0.458500E+04  -0.197838E-12  -0.688456E-13   0.286726E-12
   0.458600E+04  -0.569393E-12  -0.109819E-11   0.905109E-13
   0.458700E+04  -0.138169E-11  -0.353750E-11  -0.466069E-12
   0.458800E+04  -0.170600E-11  -0.446475E-11  -0.644858E-12
   0.458900E+04  -0.126732E-11  -0.300330E-11  -0.229438E-12
   0.459000E+04  -0.824723E-12  -0.153701E-11   0.173367E-12
   0.459100E+04  -0.110967E-11  -0.237789E-11  -0.196321E-13
   0.459200E+04  -0.180287E-11  -0.453342E-11  -0.553740E-12
   0.459300E+04  -0.197693E-11  -0.508335E-11  -0.690801E-12
   0.459400E+04  -0.138854E-11  -0.324888E-11  -0.238519E-12
   0.459500E+04  -0.818934E-12  -0.148171E-11   0.180856E-12
   0.459600E+04  -0.987796E-12  -0.205403E-11  -0.241949E-14
   0.459700E+04  -0.155438E-11  -0.390202E-11  -0.511726E-12
   0.459800E+04  -0.159765E-11  -0.412210E-11  -0.610687E-12
   0.459900E+04  -0.905593E-12  -0.203263E-11  -0.131268E-12
   0.460000E+04  -0.276314E-12  -0.138691E-12   0.290476E-12
   0.460100E+04  -0.411779E-12  -0.656411E-12   0.100014E-12
   0.460200E+04  -0.946405E-12  -0.244236E-11  -0.403630E-12
   0.460300E+04  -0.963093E-12  -0.260431E-11  -0.486019E-12
   0.460400E+04  -0.274777E-12  -0.540671E-12  -0.219034E-14
   0.460500E+04   0.316184E-12   0.122609E-11   0.401351E-12
   0.460600E+04   0.140427E-12   0.578548E-12   0.189159E-12
   0.460700E+04  -0.402538E-12  -0.123456E-11  -0.315486E-12
   0.460800E+04  -0.401749E-12  -0.133951E-11  -0.381240E-12
   0.460900E+04   0.292762E-12   0.749521E-12   0.110776E-12
   0.461000E+04   0.859167E-12   0.244856E-11   0.500564E-12
   0.461100E+04   0.649797E-12   0.170749E-11   0.269706E-12
   0.461200E+04   0.950603E-13  -0.128113E-12  -0.235147E-12
   0.461300E+04   0.103298E-12  -0.192316E-12  -0.285468E-12
   0.461400E+04   0.792880E-12   0.190185E-11   0.212757E-12
   0.461500E+04   0.132521E-11   0.351788E-11   0.587264E-12
   0.461600E+04   0.107219E-11   0.266763E-11   0.336676E-12
   0.461700E+04   0.490274E-12   0.779250E-12  -0.170367E-12
   0.461800E+04   0.481810E-12   0.700297E-12  -0.209581E-12
   0.461900E+04   0.113452E-11   0.272077E-11   0.288216E-12
   0.462000E+04   0.159718E-11   0.416327E-11   0.639928E-12
   0.462100E+04   0.126521E-11   0.311282E-11   0.362541E-12
   0.462200E+04   0.622807E-12   0.108503E-11  -0.153174E-12
   0.462300E+04   0.567424E-12   0.911823E-12  -0.187541E-12
   0.462400E+04   0.115884E-11   0.279381E-11   0.304297E-12
   0.462500E+04   0.153736E-11   0.402453E-11   0.629876E-12
   0.462600E+04   0.112436E-11   0.276917E-11   0.325515E-12
   0.462700E+04   0.430193E-12   0.625917E-12  -0.196550E-12
   0.462800E+04   0.342905E-12   0.398182E-12  -0.222854E-12
   0.462900E+04   0.890826E-12   0.218751E-11   0.266288E-12
   0.463000E+04   0.120537E-11   0.325799E-11   0.569555E-12
   0.463100E+04   0.735124E-12   0.185919E-11   0.243330E-12
   0.463200E+04   0.165498E-13  -0.328146E-12  -0.278975E-12
   0.463300E+04  -0.740722E-13  -0.536044E-12  -0.291241E-12
   0.463400E+04   0.456841E-12   0.122862E-11   0.200240E-12
   0.463500E+04   0.729145E-12   0.219305E-11   0.485230E-12
   0.463600E+04   0.216385E-12   0.684520E-12   0.140036E-12
   0.463700E+04  -0.521548E-12  -0.154211E-11  -0.381739E-12
   0.463800E+04  -0.622172E-12  -0.176121E-11  -0.382437E-12
   0.463900E+04  -0.124892E-12  -0.835129E-13   0.105990E-12
   0.464000E+04   0.866090E-13   0.704615E-12   0.366800E-12
   0.464100E+04  -0.476200E-12  -0.953935E-12  -0.378451E-15
   0.464200E+04  -0.121737E-11  -0.319360E-11  -0.519146E-12
   0.464300E+04  -0.128233E-11  -0.331408E-11  -0.499518E-12
   0.464400E+04  -0.747732E-12  -0.154233E-11  -0.107988E-15
   0.464500E+04  -0.513540E-12  -0.714797E-12   0.253470E-12
   0.464600E+04  -0.104527E-11  -0.231585E-11  -0.118907E-12
   0.464700E+04  -0.172074E-11  -0.439744E-11  -0.620640E-12
   0.464800E+04  -0.169432E-11  -0.428709E-11  -0.570179E-12
   0.464900E+04  -0.107449E-11  -0.231103E-11  -0.514356E-13
   0.465000E+04  -0.771979E-12  -0.133817E-11   0.203081E-12
   0.465100E+04  -0.122897E-11  -0.277763E-11  -0.165958E-12
   0.465200E+04  -0.180174E-11  -0.461173E-11  -0.643141E-12
   0.465300E+04  -0.165862E-11  -0.421075E-11  -0.557097E-12
   0.465400E+04  -0.941399E-12  -0.200497E-11  -0.174070E-13
   0.465500E+04  -0.569629E-12  -0.890457E-12   0.237519E-12
   0.465600E+04  -0.959661E-12  -0.219402E-11  -0.129969E-12
   0.465700E+04  -0.144460E-11  -0.382376E-11  -0.585651E-12
   0.465800E+04  -0.120435E-11  -0.318563E-11  -0.468321E-12
   0.465900E+04  -0.408837E-12  -0.798954E-12   0.880152E-13
   0.466000E+04   0.197225E-13   0.430967E-12   0.341047E-12
   0.466100E+04  -0.306718E-12  -0.733213E-12  -0.243217E-13
   0.466200E+04  -0.702160E-12  -0.213731E-11  -0.456405E-12
   0.466300E+04  -0.366362E-12  -0.124693E-11  -0.306618E-12
   0.466400E+04   0.495571E-12   0.130976E-11   0.265089E-12
   0.466500E+04   0.956630E-12   0.261276E-11   0.512658E-12
   0.466600E+04   0.658551E-12   0.151877E-11   0.144208E-12
   0.466700E+04   0.307412E-12   0.246914E-12  -0.271303E-12
   0.466800E+04   0.681586E-12   0.126571E-11  -0.989437E-13
   0.466900E+04   0.153702E-11   0.382687E-11   0.474570E-12
   0.467000E+04   0.193955E-11   0.498835E-11   0.699425E-12
   0.467100E+04   0.156182E-11   0.370307E-11   0.307398E-12
   0.467200E+04   0.113417E-11   0.226522E-11  -0.114895E-12
   0.467300E+04   0.141841E-11   0.309060E-11   0.543448E-13
   0.467400E+04   0.213662E-11   0.532389E-11   0.602777E-12
   0.467500E+04   0.235288E-11   0.601572E-11   0.778595E-12
   0.467600E+04   0.177837E-11   0.423639E-11   0.339178E-12
   0.467700E+04   0.117837E-11   0.238494E-11  -0.109253E-12
   0.467800E+04   0.130925E-11   0.285552E-11   0.439286E-13
   0.467900E+04   0.186519E-11   0.470221E-11   0.562198E-12
   0.468000E+04   0.190469E-11   0.495690E-11   0.691432E-12
   0.468100E+04   0.116514E-11   0.277144E-11   0.211982E-12
   0.468200E+04   0.433753E-12   0.611775E-12  -0.253811E-12
   0.468300E+04   0.456445E-12   0.835865E-12  -0.108165E-12
   0.468400E+04   0.904685E-12   0.242292E-11   0.389607E-12
   0.468500E+04   0.840504E-12   0.241406E-11   0.485894E-12
   0.468600E+04   0.315064E-13   0.561163E-13  -0.146774E-13
   0.468700E+04  -0.718306E-12  -0.213125E-11  -0.475158E-12
   0.468800E+04  -0.684280E-12  -0.185654E-11  -0.313519E-12
   0.468900E+04  -0.227897E-12  -0.244348E-12   0.185986E-12
   0.469000E+04  -0.289718E-12  -0.261597E-12   0.269482E-12
   0.469100E+04  -0.107431E-11  -0.257287E-11  -0.234449E-12
   0.469200E+04  -0.176056E-11  -0.460335E-11  -0.674603E-12
   0.469300E+04  -0.164171E-11  -0.411725E-11  -0.484334E-12
   0.469400E+04  -0.110555E-11  -0.232233E-11   0.289924E-13
   0.469500E+04  -0.108789E-11  -0.217116E-11   0.113621E-12
   0.469600E+04  -0.176232E-11  -0.422997E-11  -0.376945E-12
   0.469700E+04  -0.229461E-11  -0.588019E-11  -0.778651E-12
   0.469800E+04  -0.200523E-11  -0.496843E-11  -0.542842E-12
   0.469900E+04  -0.131750E-11  -0.281163E-11  -0.186663E-14
   0.470000E+04  -0.116717E-11  -0.236033E-11   0.942542E-13
   0.470100E+04  -0.169628E-11  -0.407987E-11  -0.375687E-12
   0.470200E+04  -0.205469E-11  -0.529928E-11  -0.734588E-12
   0.470300E+04  -0.158868E-11  -0.394326E-11  -0.451903E-12
   0.470400E+04  -0.759113E-12  -0.144339E-11   0.114815E-12
   0.470500E+04  -0.506219E-12  -0.761115E-12   0.216843E-12
   0.470600E+04  -0.944384E-12  -0.227284E-11  -0.242552E-12
   0.470700E+04  -0.120753E-11  -0.325662E-11  -0.573851E-12
   0.470800E+04  -0.662956E-12  -0.170308E-11  -0.264100E-12
   0.470900E+04   0.198197E-12   0.861148E-12   0.305741E-12
   0.471000E+04   0.437570E-12   0.148086E-11   0.390210E-12
   0.471100E+04  -0.270885E-13  -0.119416E-12  -0.818741E-13
   0.471200E+04  -0.308517E-12  -0.115280E-11  -0.407982E-12
   0.471300E+04   0.213485E-12   0.347638E-12  -0.913155E-13
   0.471400E+04   0.102730E-11   0.278802E-11   0.466245E-12
   0.471500E+04   0.120151E-11   0.323386E-11   0.524247E-12
   0.471600E+04   0.681620E-12   0.149754E-11   0.361217E-13
   0.471700E+04   0.364140E-12   0.395583E-12  -0.285951E-12
   0.471800E+04   0.844732E-12   0.181700E-11   0.354086E-13
   0.471900E+04   0.158595E-11   0.408500E-11   0.576417E-12
   0.472000E+04   0.166537E-11   0.429215E-11   0.602736E-12
   0.472100E+04   0.106133E-11   0.235408E-11   0.937253E-13
   0.472200E+04   0.683159E-12   0.112786E-11  -0.228450E-12
   0.472300E+04   0.110274E-11   0.242697E-11   0.939536E-13
   0.472400E+04   0.175555E-11   0.448797E-11   0.615243E-12
   0.472500E+04   0.172565E-11   0.442299E-11   0.607181E-12
   0.472600E+04   0.102125E-11   0.224155E-11   0.743687E-13
   0.472700E+04   0.562947E-12   0.836209E-12  -0.251997E-12
   0.472800E+04   0.901569E-12   0.195269E-11   0.664106E-13
   0.472900E+04   0.145319E-11   0.376356E-11   0.564113E-12
   0.473000E+04   0.131752E-11   0.342736E-11   0.521704E-12
   0.473100E+04   0.537431E-12   0.106161E-11  -0.298069E-13
   0.473200E+04   0.421390E-13  -0.413755E-12  -0.351400E-12
   0.473300E+04   0.353132E-12   0.655120E-12  -0.264684E-13
   0.473400E+04   0.858658E-12   0.235290E-11   0.458138E-12
   0.473500E+04   0.670364E-12   0.187465E-11   0.391640E-12
   0.473600E+04  -0.131901E-12  -0.546617E-12  -0.167923E-12
   0.473700E+04  -0.604604E-12  -0.194629E-11  -0.472894E-12
   0.473800E+04  -0.251386E-12  -0.749237E-12  -0.127702E-12
   0.473900E+04   0.286204E-12   0.103683E-11   0.359432E-12
   0.474000E+04   0.122163E-12   0.616999E-12   0.284814E-12
   0.474100E+04  -0.640101E-12  -0.169857E-11  -0.269543E-12
   0.474200E+04  -0.105280E-11  -0.292997E-11  -0.550268E-12
   0.474300E+04  -0.645934E-12  -0.158497E-11  -0.183509E-12
   0.474400E+04  -0.841772E-13   0.255310E-12   0.303013E-12
   0.474500E+04  -0.242859E-12  -0.170213E-12   0.215162E-12
   0.474600E+04  -0.990501E-12  -0.246164E-11  -0.340093E-12
   0.474700E+04  -0.137377E-11  -0.362073E-11  -0.604006E-12
   0.474800E+04  -0.945785E-12  -0.222930E-11  -0.224075E-12
   0.474900E+04  -0.385872E-12  -0.417640E-12   0.254805E-12
   0.475000E+04  -0.548163E-12  -0.882487E-12   0.151058E-12
   0.475100E+04  -0.126755E-11  -0.311824E-11  -0.402152E-12
   0.475200E+04  -0.158888E-11  -0.411943E-11  -0.642184E-12
   0.475300E+04  -0.109913E-11  -0.257339E-11  -0.240719E-12
   0.475400E+04  -0.503668E-12  -0.692300E-12   0.237946E-12
   0.475500E+04  -0.641846E-12  -0.112677E-11   0.123900E-12
   0.475600E+04  -0.131501E-11  -0.326519E-11  -0.423531E-12
   0.475700E+04  -0.156199E-11  -0.408234E-11  -0.637398E-12
   0.475800E+04  -0.998933E-12  -0.235659E-11  -0.212706E-12
   0.475900E+04  -0.355133E-12  -0.375463E-12   0.267786E-12
   0.476000E+04  -0.457419E-12  -0.749530E-12   0.145893E-12
   0.476100E+04  -0.107851E-11  -0.277574E-11  -0.394143E-12
   0.476200E+04  -0.125471E-11  -0.341968E-11  -0.582509E-12
   0.476300E+04  -0.629412E-12  -0.154570E-11  -0.137412E-12
   0.476400E+04   0.511872E-13   0.504229E-12   0.342021E-12
   0.476500E+04  -0.192913E-13   0.183136E-12   0.211755E-12
   0.476600E+04  -0.581411E-12  -0.170377E-11  -0.318293E-12
   0.476700E+04  -0.671684E-12  -0.212073E-11  -0.476676E-12
   0.476800E+04   0.322800E-13  -0.382875E-13  -0.667976E-14
   0.476900E+04   0.759589E-12   0.212468E-11   0.474854E-12
   0.477000E+04   0.718091E-12   0.186696E-11   0.337144E-12
   0.477100E+04   0.196059E-12   0.864300E-13  -0.185096E-12
   0.477200E+04   0.157391E-12  -0.177912E-12  -0.319238E-12
   0.477300E+04   0.894657E-12   0.201030E-11   0.167160E-12
   0.477400E+04   0.161776E-11   0.417156E-11   0.641297E-12
   0.477500E+04   0.155093E-11   0.385669E-11   0.486677E-12
   0.477600E+04   0.100788E-11   0.204578E-11  -0.381720E-13
   0.477700E+04   0.946763E-12   0.176205E-11  -0.161570E-12
   0.477800E+04   0.162710E-11   0.383834E-11   0.323583E-12
   0.477900E+04   0.224265E-11   0.574237E-11   0.769630E-12
   0.478000E+04   0.204114E-11   0.509646E-11   0.576417E-12
   0.478100E+04   0.136777E-11   0.297864E-11   0.273814E-13
   0.478200E+04   0.117725E-11   0.240121E-11  -0.106972E-12
   0.478300E+04   0.169722E-11   0.409513E-11   0.355039E-12
   0.478400E+04   0.210979E-11   0.548760E-11   0.752359E-12
   0.478500E+04   0.169611E-11   0.430065E-11   0.503940E-12
   0.478600E+04   0.845274E-12   0.174573E-11  -0.792186E-13
   0.478700E+04   0.517868E-12   0.850463E-12  -0.226302E-12
   0.478800E+04   0.911167E-12   0.224818E-11   0.219095E-12
   0.478900E+04   0.118877E-11   0.330569E-11   0.581426E-12
   0.479000E+04   0.653091E-12   0.181015E-11   0.296468E-12
   0.479100E+04  -0.274623E-12  -0.927008E-12  -0.300084E-12
   0.479200E+04  -0.634780E-12  -0.188177E-11  -0.439229E-12
   0.479300E+04  -0.261834E-12  -0.521093E-12   0.979454E-14
   0.479400E+04  -0.102123E-13   0.464686E-12   0.357724E-12
   0.479500E+04  -0.558100E-12  -0.107594E-11   0.573444E-13
   0.479600E+04  -0.145711E-11  -0.374495E-11  -0.532248E-12
   0.479700E+04  -0.175312E-11  -0.453432E-11  -0.645467E-12
   0.479800E+04  -0.131202E-11  -0.300986E-11  -0.177231E-12
   0.479900E+04  -0.100104E-11  -0.190290E-11   0.171291E-12
   0.480000E+04  -0.147298E-11  -0.328525E-11  -0.128174E-12
   0.480100E+04  -0.225023E-11  -0.566525E-11  -0.692808E-12
   0.480200E+04  -0.238684E-11  -0.605802E-11  -0.761612E-12
   0.480300E+04  -0.178531E-11  -0.414243E-11  -0.256454E-12
   0.480400E+04  -0.133089E-11  -0.270527E-11   0.108976E-12
   0.480500E+04  -0.165591E-11  -0.375224E-11  -0.175290E-12
   0.480600E+04  -0.225807E-11  -0.571102E-11  -0.704004E-12
   0.480700E+04  -0.220249E-11  -0.562772E-11  -0.722001E-12
   0.480800E+04  -0.142739E-11  -0.329089E-11  -0.177925E-12
   0.480900E+04  -0.831636E-12  -0.152901E-11   0.203655E-12
   0.481000E+04  -0.102267E-11  -0.226851E-11  -0.674271E-13
   0.481100E+04  -0.147316E-11  -0.385557E-11  -0.563707E-12
   0.481200E+04  -0.126330E-11  -0.337965E-11  -0.537446E-12
   0.481300E+04  -0.371794E-12  -0.753290E-12   0.346911E-13
   0.481400E+04   0.287722E-12   0.114936E-11   0.417497E-12
   0.481500E+04   0.135888E-12   0.489653E-12   0.141704E-12
   0.481600E+04  -0.270151E-12  -0.984875E-12  -0.342331E-12
   0.481700E+04  -0.228270E-13  -0.400704E-12  -0.294400E-12
   0.481800E+04   0.859061E-12   0.220514E-11   0.280708E-12
   0.481900E+04   0.144786E-11   0.391427E-11   0.637818E-12
   0.482000E+04   0.119752E-11   0.299017E-11   0.330123E-12
   0.482100E+04   0.705867E-12   0.130455E-11  -0.167011E-12
   0.482200E+04   0.881208E-12   0.173031E-11  -0.118597E-12
   0.482300E+04   0.167289E-11   0.412893E-11   0.444237E-12
   0.482400E+04   0.213745E-11   0.553206E-11   0.766465E-12
   0.482500E+04   0.175116E-11   0.427289E-11   0.421536E-12
   0.482600E+04   0.113973E-11   0.230946E-11  -0.935391E-13
   0.482700E+04   0.120623E-11   0.249567E-11  -0.510640E-13
   0.482800E+04   0.187155E-11   0.460096E-11   0.492227E-12
   0.482900E+04   0.218405E-11   0.562952E-11   0.773838E-12
   0.483000E+04   0.164653E-11   0.399729E-11   0.388897E-12
   0.483100E+04   0.910625E-12   0.174338E-11  -0.144706E-12
   0.483200E+04   0.869983E-12   0.169084E-11  -0.108101E-12
   0.483300E+04   0.141656E-11   0.351550E-11   0.416232E-12
   0.483400E+04   0.159469E-11   0.420597E-11   0.659862E-12
   0.483500E+04   0.938196E-12   0.227389E-11   0.240993E-12
   0.483600E+04   0.125040E-12  -0.159153E-12  -0.301862E-12
   0.483700E+04   0.361471E-13  -0.310083E-12  -0.259977E-12
   0.483800E+04   0.531503E-12   0.139540E-11   0.257814E-12
   0.483900E+04   0.651668E-12   0.193193E-11   0.477868E-12
   0.484000E+04  -0.363931E-13  -0.864399E-13   0.423470E-13
   0.484100E+04  -0.828056E-12  -0.245444E-11  -0.489914E-12
   0.484200E+04  -0.858725E-12  -0.243879E-11  -0.421693E-12
   0.484300E+04  -0.306585E-12  -0.583203E-12   0.110542E-12
   0.484400E+04  -0.140792E-12   0.577034E-13   0.327328E-12
   0.484500E+04  -0.765216E-12  -0.180951E-11  -0.105672E-12
   0.484600E+04  -0.145102E-11  -0.390217E-11  -0.610194E-12
   0.484700E+04  -0.135215E-11  -0.354278E-11  -0.501574E-12
   0.484800E+04  -0.687771E-12  -0.140058E-11   0.555440E-13
   0.484900E+04  -0.439770E-12  -0.567311E-12   0.275852E-12
   0.485000E+04  -0.984811E-12  -0.224926E-11  -0.151605E-12
   0.485100E+04  -0.156977E-11  -0.408666E-11  -0.629584E-12
   0.485200E+04  -0.136534E-11  -0.345376E-11  -0.486222E-12
   0.485300E+04  -0.629648E-12  -0.114063E-11   0.861135E-13
   0.485400E+04  -0.356034E-12  -0.273131E-12   0.297120E-12
   0.485500E+04  -0.891783E-12  -0.196464E-11  -0.140026E-12
   0.485600E+04  -0.145289E-11  -0.375996E-11  -0.608072E-12
   0.485700E+04  -0.121445E-11  -0.305018E-11  -0.445721E-12
   0.485800E+04  -0.459809E-12  -0.706762E-12   0.130186E-12
   0.485900E+04  -0.186607E-12   0.130779E-12   0.326605E-12
   0.486000E+04  -0.717312E-12  -0.157149E-11  -0.119959E-12
   0.486100E+04  -0.125006E-11  -0.330144E-11  -0.575780E-12
   0.486200E+04  -0.976544E-12  -0.250325E-11  -0.393578E-12
   0.486300E+04  -0.209238E-12  -0.141850E-12   0.184485E-12
   0.486400E+04   0.538100E-13   0.641135E-12   0.364169E-12
   0.486500E+04  -0.479321E-12  -0.109153E-11  -0.930549E-13
   0.486600E+04  -0.986273E-12  -0.276231E-11  -0.536770E-12
   0.486700E+04  -0.675447E-12  -0.186817E-11  -0.334221E-12
   0.486800E+04   0.111668E-12   0.533407E-12   0.247319E-12
   0.486900E+04   0.377840E-12   0.130247E-11   0.413338E-12
   0.487000E+04  -0.138324E-12  -0.401541E-12  -0.494934E-13
   0.487100E+04  -0.597222E-12  -0.194513E-11  -0.475304E-12
   0.487200E+04  -0.229151E-12  -0.892746E-12  -0.247565E-12
   0.487300E+04   0.591646E-12   0.159540E-11   0.340700E-12
   0.487400E+04   0.868231E-12   0.238023E-11   0.495269E-12
   0.487500E+04   0.370954E-12   0.721619E-12   0.285269E-13
   0.487600E+04  -0.430587E-13  -0.690521E-12  -0.378657E-12
   0.487700E+04   0.372359E-12   0.506726E-12  -0.126911E-12
   0.487800E+04   0.120790E-11   0.304385E-11   0.464644E-12
   0.487900E+04   0.146588E-11   0.378010E-11   0.602500E-12
   0.488000E+04   0.949720E-12   0.207971E-11   0.125274E-12
   0.488100E+04   0.537327E-12   0.698282E-12  -0.270938E-12
   0.488200E+04   0.954932E-12   0.193622E-11  -0.361037E-14
   0.488300E+04   0.175979E-11   0.441940E-11   0.582615E-12
   0.488400E+04   0.195155E-11   0.499985E-11   0.695129E-12
   0.488500E+04   0.136194E-11   0.313205E-11   0.197822E-12
   0.488600E+04   0.885400E-12   0.162359E-11  -0.199597E-12
   0.488700E+04   0.122736E-11   0.270817E-11   0.677151E-13
   0.488800E+04   0.191417E-11   0.491291E-11   0.630287E-12
   0.488900E+04   0.194632E-11   0.509154E-11   0.697749E-12
   0.489000E+04   0.118735E-11   0.279791E-11   0.160147E-12
   0.489100E+04   0.554464E-12   0.908631E-12  -0.258375E-12
   0.489200E+04   0.744867E-12   0.162610E-11  -0.831014E-14
   0.489300E+04   0.127119E-11   0.342800E-11   0.520224E-12
   0.489400E+04   0.114828E-11   0.320919E-11   0.542876E-12
   0.489500E+04   0.272480E-12   0.625917E-12  -0.237710E-13
   0.489600E+04  -0.429473E-12  -0.141455E-11  -0.444750E-12
   0.489700E+04  -0.288546E-12  -0.798940E-12  -0.190975E-12
   0.489800E+04   0.178179E-12   0.854773E-12   0.323358E-12
   0.489900E+04  -0.643120E-14   0.464753E-12   0.319116E-12
   0.490000E+04  -0.911447E-12  -0.220403E-11  -0.259956E-12
   0.490100E+04  -0.159535E-11  -0.419688E-11  -0.667277E-12
   0.490200E+04  -0.141212E-11  -0.347286E-11  -0.393289E-12
   0.490300E+04  -0.905155E-12  -0.173378E-11   0.124964E-12
   0.490400E+04  -0.104309E-11  -0.203542E-11   0.114411E-12
   0.490500E+04  -0.186395E-11  -0.451372E-11  -0.454718E-12
   0.490600E+04  -0.241830E-11  -0.618621E-11  -0.826366E-12
   0.490700E+04  -0.209029E-11  -0.510449E-11  -0.512550E-12
   0.490800E+04  -0.145367E-11  -0.306497E-11   0.262812E-13
   0.490900E+04  -0.146879E-11  -0.309657E-11   0.238105E-13
   0.491000E+04  -0.214069E-11  -0.522962E-11  -0.522653E-12
   0.491100E+04  -0.251047E-11  -0.644904E-11  -0.847765E-12
   0.491200E+04  -0.199256E-11  -0.489914E-11  -0.485559E-12
   0.491300E+04  -0.119294E-11  -0.247594E-11   0.800366E-13
   0.491400E+04  -0.106649E-11  -0.218929E-11   0.894472E-13
   0.491500E+04  -0.158755E-11  -0.397032E-11  -0.433394E-12
   0.491600E+04  -0.178726E-11  -0.476990E-11  -0.714330E-12
   0.491700E+04  -0.110608E-11  -0.281267E-11  -0.308823E-12
   0.491800E+04  -0.176567E-12  -0.774569E-13   0.277404E-12
   0.491900E+04   0.541860E-13   0.451971E-12   0.292695E-12
   0.492000E+04  -0.361602E-12  -0.106848E-11  -0.213340E-12
   0.492100E+04  -0.453620E-12  -0.158114E-11  -0.460363E-12
   0.492200E+04   0.304581E-12   0.587553E-12  -0.273744E-13
   0.492300E+04   0.125254E-11   0.337097E-11   0.558066E-12
   0.492400E+04   0.145438E-11   0.382027E-11   0.553535E-12
   0.492500E+04   0.993353E-12   0.218973E-11   0.352314E-13
   0.492600E+04   0.845056E-12   0.155480E-11  -0.210194E-12
   0.492700E+04   0.150847E-11   0.350184E-11   0.215510E-12
   0.492800E+04   0.230567E-11   0.590560E-11   0.765651E-12
   0.492900E+04   0.232636E-11   0.589278E-11   0.710890E-12
   0.493000E+04   0.169757E-11   0.385173E-11   0.156857E-12
   0.493100E+04   0.140542E-11   0.288936E-11  -0.103008E-12
   0.493200E+04   0.191729E-11   0.449120E-11   0.305346E-12
   0.493300E+04   0.252731E-11   0.644180E-11   0.813961E-12
   0.493400E+04   0.233977E-11   0.591084E-11   0.704567E-12
   0.493500E+04   0.151952E-11   0.340319E-11   0.110787E-12
   0.493600E+04   0.106520E-11   0.206290E-11  -0.167305E-12
   0.493700E+04   0.142104E-11   0.330000E-11   0.221830E-12
   0.493800E+04   0.186283E-11   0.483775E-11   0.691691E-12
   0.493900E+04   0.151351E-11   0.390168E-11   0.536697E-12
   0.494000E+04   0.571213E-12   0.110050E-11  -0.826027E-13
   0.494100E+04   0.369830E-13  -0.413777E-12  -0.362456E-12
   0.494200E+04   0.323233E-12   0.668314E-12   0.238391E-13
   0.494300E+04   0.685269E-12   0.200340E-11   0.471246E-12
   0.494400E+04   0.268916E-12   0.886226E-12   0.288518E-12
   0.494500E+04  -0.688452E-12  -0.195230E-11  -0.335480E-12
   0.494600E+04  -0.118055E-11  -0.334289E-11  -0.593202E-12
   0.494700E+04  -0.829236E-12  -0.208248E-11  -0.183545E-12
   0.494800E+04  -0.406982E-12  -0.600814E-12   0.268787E-12
   0.494900E+04  -0.755264E-12  -0.156221E-11   0.852026E-13
   0.495000E+04  -0.160728E-11  -0.414110E-11  -0.519415E-12
   0.495100E+04  -0.195685E-11  -0.516573E-11  -0.735539E-12
   0.495200E+04  -0.145853E-11  -0.353364E-11  -0.287484E-12
   0.495300E+04  -0.905886E-12  -0.173993E-11   0.182520E-12
   0.495400E+04  -0.112194E-11  -0.238978E-11   0.105618E-13
   0.495500E+04  -0.181143E-11  -0.456498E-11  -0.562740E-12
   0.495600E+04  -0.197652E-11  -0.511510E-11  -0.728414E-12
   0.495700E+04  -0.131479E-11  -0.306845E-11  -0.238873E-12
   0.495800E+04  -0.646962E-12  -0.100331E-11   0.245183E-12
   0.495900E+04  -0.777020E-12  -0.146444E-11   0.751726E-13
   0.496000E+04  -0.137632E-11  -0.342797E-11  -0.481651E-12
   0.496100E+04  -0.145002E-11  -0.375079E-11  -0.616397E-12
   0.496200E+04  -0.734127E-12  -0.158007E-11  -0.108873E-12
   0.496300E+04  -0.709116E-13   0.438239E-12   0.363480E-12
   0.496400E+04  -0.236135E-12  -0.154343E-12   0.170017E-12
   0.496500E+04  -0.855159E-12  -0.219274E-11  -0.392693E-12
   0.496600E+04  -0.923793E-12  -0.250701E-11  -0.513755E-12
   0.496700E+04  -0.210332E-12  -0.346748E-12   0.713359E-15
   0.496800E+04   0.417597E-12   0.156228E-11   0.456057E-12
   0.496900E+04   0.200404E-12   0.812275E-12   0.237253E-12
   0.497000E+04  -0.453929E-12  -0.132779E-11  -0.332990E-12
   0.497100E+04  -0.536503E-12  -0.167497E-11  -0.443518E-12
   0.497200E+04   0.158360E-12   0.437186E-12   0.745129E-13
   0.497300E+04   0.749127E-12   0.223752E-11   0.512509E-12
   0.497400E+04   0.499197E-12   0.139019E-11   0.273293E-12
   0.497500E+04  -0.153807E-12  -0.741587E-12  -0.295254E-12
   0.497600E+04  -0.208045E-12  -0.995486E-12  -0.385054E-12
   0.497700E+04   0.504056E-12   0.117602E-11   0.144727E-12
   0.497800E+04   0.108067E-11   0.293802E-11   0.570621E-12
   0.497900E+04   0.808064E-12   0.202647E-11   0.313792E-12
   0.498000E+04   0.156631E-12  -0.917794E-13  -0.252185E-12
   0.498100E+04   0.125105E-12  -0.263330E-12  -0.322012E-12
   0.498200E+04   0.846900E-12   0.195225E-11   0.217911E-12
   0.498300E+04   0.140300E-11   0.366555E-11   0.630529E-12
   0.498400E+04   0.110296E-11   0.268540E-11   0.355927E-12
   0.498500E+04   0.446878E-12   0.572661E-12  -0.207646E-12
   0.498600E+04   0.425948E-12   0.458444E-12  -0.259386E-12
   0.498700E+04   0.113785E-11   0.267172E-11   0.286584E-12
   0.498800E+04   0.164990E-11   0.427954E-11   0.681058E-12
   0.498900E+04   0.130111E-11   0.318208E-11   0.384999E-12
   0.499000E+04   0.624628E-12   0.104389E-11  -0.178157E-12
   0.499100E+04   0.600879E-12   0.963781E-12  -0.213544E-12
   0.499200E+04   0.128305E-11   0.313340E-11   0.334802E-12
   0.499300E+04   0.171585E-11   0.455028E-11   0.704015E-12
   0.499400E+04   0.126456E-11   0.319643E-11   0.375644E-12
   0.499500E+04   0.500387E-12   0.853372E-12  -0.200920E-12
   0.499600E+04   0.403367E-12   0.616268E-12  -0.235110E-12
   0.499700E+04   0.992202E-12   0.256710E-11   0.301231E-12
   0.499800E+04   0.129400E-11   0.364779E-11   0.633267E-12
   0.499900E+04   0.700741E-12   0.192320E-11   0.263665E-12
   0.500000E+04  -0.177663E-12  -0.706377E-12  -0.332389E-12
   0.500100E+04  -0.356279E-12  -0.113490E-11  -0.368094E-12
   0.500200E+04   0.157088E-12   0.632559E-12   0.158629E-12
   0.500300E+04   0.375555E-12   0.149257E-11   0.462385E-12
   0.500400E+04  -0.288515E-12  -0.425215E-12   0.659448E-13
   0.500500E+04  -0.119993E-11  -0.314061E-11  -0.533148E-12
   0.500600E+04  -0.137987E-11  -0.356825E-11  -0.555017E-12
   0.500700E+04  -0.863187E-12  -0.180108E-11  -0.237870E-13
   0.500800E+04  -0.642246E-12  -0.961719E-12   0.267281E-12
   0.500900E+04  -0.127600E-11  -0.282992E-11  -0.136447E-12
   0.501000E+04  -0.210437E-11  -0.534500E-11  -0.715362E-12
   0.501100E+04  -0.216421E-11  -0.546852E-11  -0.699237E-12
   0.501200E+04  -0.152969E-11  -0.341577E-11  -0.141182E-12
   0.501300E+04  -0.120712E-11  -0.235238E-11   0.156381E-12
   0.501400E+04  -0.172967E-11  -0.397538E-11  -0.238812E-12
   0.501500E+04  -0.241159E-11  -0.614084E-11  -0.785231E-12
   0.501600E+04  -0.230277E-11  -0.584907E-11  -0.722272E-12
   0.501700E+04  -0.151299E-11  -0.342607E-11  -0.131109E-12
   0.501800E+04  -0.105862E-11  -0.206821E-11   0.178271E-12
   0.501900E+04  -0.144482E-11  -0.338320E-11  -0.203111E-12
   0.502000E+04  -0.196114E-11  -0.514726E-11  -0.712462E-12
   0.502100E+04  -0.167379E-11  -0.440948E-11  -0.600222E-12
   0.502200E+04  -0.730779E-12  -0.161399E-11   0.237793E-13
   0.502300E+04  -0.158198E-12   0.136807E-13   0.342749E-12
   0.502400E+04  -0.430466E-12  -0.103611E-11  -0.279390E-13
   0.502500E+04  -0.809903E-12  -0.245218E-11  -0.504024E-12
   0.502600E+04  -0.379656E-12  -0.133437E-11  -0.347754E-12
   0.502700E+04   0.668978E-12   0.174040E-11   0.301249E-12
   0.502800E+04   0.129206E-11   0.349399E-11   0.618143E-12
   0.502900E+04   0.103842E-11   0.249272E-11   0.241237E-12
   0.503000E+04   0.670376E-12   0.112637E-11  -0.224865E-12
   0.503100E+04   0.109191E-11   0.225430E-11  -0.540340E-13
   0.503200E+04   0.207667E-11   0.518865E-11   0.586110E-12
   0.503300E+04   0.257038E-11   0.661881E-11   0.864917E-12
   0.503400E+04   0.214982E-11   0.519894E-11   0.444916E-12
   0.503500E+04   0.160696E-11   0.340998E-11  -0.483882E-13
   0.503600E+04   0.184321E-11   0.409805E-11   0.101110E-12
   0.503700E+04   0.261270E-11   0.650754E-11   0.701322E-12
   0.503800E+04   0.286456E-11   0.733381E-11   0.919505E-12
   0.503900E+04   0.220701E-11   0.532802E-11   0.443448E-12
   0.504000E+04   0.145373E-11   0.303823E-11  -0.828182E-13
   0.504100E+04   0.149188E-11   0.326255E-11   0.434128E-13
   0.504200E+04   0.205015E-11   0.515991E-11   0.604257E-12
   0.504300E+04   0.208349E-11   0.543875E-11   0.766098E-12
   0.504400E+04   0.123687E-11   0.296335E-11   0.243568E-12
   0.504500E+04   0.346911E-12   0.353698E-12  -0.300854E-12
   0.504600E+04   0.282175E-12   0.348892E-12  -0.179310E-12
   0.504700E+04   0.739930E-12   0.200658E-11   0.363382E-12
   0.504800E+04   0.677194E-12   0.203876E-11   0.492618E-12
   0.504900E+04  -0.225673E-12  -0.580432E-12  -0.501107E-13
   0.505000E+04  -0.111076E-11  -0.316318E-11  -0.584696E-12
   0.505100E+04  -0.113167E-11  -0.303867E-11  -0.439434E-12
   0.505200E+04  -0.627350E-12  -0.126240E-11   0.113124E-12
   0.505300E+04  -0.642841E-12  -0.112876E-11   0.237256E-12
   0.505400E+04  -0.146514E-11  -0.356021E-11  -0.298943E-12
   0.505500E+04  -0.221661E-11  -0.580512E-11  -0.798555E-12
   0.505600E+04  -0.207416E-11  -0.526363E-11  -0.606808E-12
   0.505700E+04  -0.141401E-11  -0.310662E-11  -0.240036E-13
   0.505800E+04  -0.128481E-11  -0.263775E-11   0.113449E-12
   0.505900E+04  -0.194263E-11  -0.467966E-11  -0.399804E-12
   0.506000E+04  -0.249128E-11  -0.641931E-11  -0.850740E-12
   0.506100E+04  -0.213108E-11  -0.532766E-11  -0.602047E-12
   0.506200E+04  -0.127610E-11  -0.269178E-11   0.183458E-13
   0.506300E+04  -0.981889E-12  -0.183343E-11   0.173301E-12
   0.506400E+04  -0.148021E-11  -0.349425E-11  -0.317275E-12
   0.506500E+04  -0.186296E-11  -0.481959E-11  -0.726372E-12
   0.506600E+04  -0.135586E-11  -0.335792E-11  -0.435212E-12
   0.506700E+04  -0.406467E-12  -0.501001E-12   0.201773E-12
   0.506800E+04  -0.698843E-13   0.431331E-12   0.348973E-12
   0.506900E+04  -0.547826E-12  -0.120657E-11  -0.147056E-12
   0.507000E+04  -0.916517E-12  -0.250956E-11  -0.545156E-12
   0.507100E+04  -0.421004E-12  -0.108825E-11  -0.244387E-12
   0.507200E+04   0.469484E-12   0.159342E-11   0.377146E-12
   0.507300E+04   0.715619E-12   0.226070E-11   0.489467E-12
   0.507400E+04   0.157570E-12   0.397130E-12  -0.313926E-13
   0.507500E+04  -0.262345E-12  -0.103449E-11  -0.430116E-12
   0.507600E+04   0.186073E-12   0.276449E-12  -0.125443E-12
   0.507700E+04   0.100358E-11   0.276914E-11   0.479112E-12
   0.507800E+04   0.116005E-11   0.319489E-11   0.558348E-12
   0.507900E+04   0.533838E-12   0.115598E-11   0.170870E-13
   0.508000E+04   0.833743E-13  -0.333475E-12  -0.376266E-12
   0.508100E+04   0.511519E-12   0.951977E-12  -0.611247E-13
   0.508200E+04   0.128583E-11   0.334688E-11   0.533245E-12
   0.508300E+04   0.138165E-11   0.361893E-11   0.586307E-12
   0.508400E+04   0.711401E-12   0.147773E-11   0.308889E-13
   0.508500E+04   0.246335E-12  -0.211691E-13  -0.352889E-12
   0.508600E+04   0.661119E-12   0.125978E-11  -0.258193E-13
   0.508700E+04   0.139242E-11   0.355736E-11   0.557923E-12
   0.508800E+04   0.142516E-11   0.366807E-11   0.584119E-12
   0.508900E+04   0.709557E-12   0.141988E-11   0.145902E-13
   0.509000E+04   0.231946E-12  -0.838552E-13  -0.358912E-12
   0.509100E+04   0.640062E-12   0.120994E-11  -0.187540E-13
   0.509200E+04   0.134029E-11   0.344207E-11   0.556435E-12
   0.509300E+04   0.132618E-11   0.343541E-11   0.559211E-12
   0.509400E+04   0.582607E-12   0.112705E-11  -0.202629E-13
   0.509500E+04   0.106844E-12  -0.343883E-12  -0.380175E-12
   0.509600E+04   0.517416E-12   0.984777E-12  -0.254215E-13
   0.509700E+04   0.119139E-11   0.316144E-11   0.541538E-12
   0.509800E+04   0.113349E-11   0.304345E-11   0.521338E-12
   0.509900E+04   0.364172E-12   0.680328E-12  -0.671961E-13
   0.510000E+04  -0.109888E-12  -0.757871E-12  -0.413192E-12
   0.510100E+04   0.298327E-12   0.593069E-12  -0.450839E-13
   0.510200E+04   0.935473E-12   0.268573E-11   0.510914E-12
   0.510300E+04   0.817030E-12   0.241064E-11   0.464060E-12
   0.510400E+04  -0.249122E-14  -0.755308E-13  -0.138533E-12
   0.510500E+04  -0.509863E-12  -0.158120E-11  -0.478314E-12
   0.510600E+04  -0.150583E-12  -0.344412E-12  -0.108013E-12
   0.510700E+04   0.396203E-12   0.150411E-11   0.423769E-12
   0.510800E+04   0.167825E-12   0.919794E-12   0.338092E-12
   0.510900E+04  -0.732929E-12  -0.179247E-11  -0.286346E-12
   0.511000E+04  -0.127424E-11  -0.338502E-11  -0.621184E-12
   0.511100E+04  -0.928752E-12  -0.218274E-11  -0.242619E-12
   0.511200E+04  -0.404449E-12  -0.408326E-12   0.278054E-12
   0.511300E+04  -0.652161E-12  -0.107015E-11   0.172034E-12
   0.511400E+04  -0.153355E-11  -0.375168E-11  -0.453329E-12
   0.511500E+04  -0.200836E-11  -0.517801E-11  -0.762805E-12
   0.511600E+04  -0.158067E-11  -0.377208E-11  -0.357329E-12
   0.511700E+04  -0.986827E-12  -0.184536E-11   0.169788E-12
   0.511800E+04  -0.116498E-11  -0.236546E-11   0.608841E-13
   0.511900E+04  -0.194353E-11  -0.480946E-11  -0.548483E-12
   0.512000E+04  -0.227873E-11  -0.588898E-11  -0.817962E-12
   0.512100E+04  -0.171019E-11  -0.413669E-11  -0.374526E-12
   0.512200E+04  -0.100328E-11  -0.195433E-11   0.166804E-12
   0.512300E+04  -0.108115E-11  -0.226179E-11   0.606851E-13
   0.512400E+04  -0.173585E-11  -0.442052E-11  -0.528428E-12
   0.512500E+04  -0.191710E-11  -0.511971E-11  -0.755004E-12
   0.512600E+04  -0.119660E-11  -0.299153E-11  -0.271581E-12
   0.512700E+04  -0.365395E-12  -0.517985E-12   0.286356E-12
   0.512800E+04  -0.331085E-12  -0.569313E-12   0.186553E-12
   0.512900E+04  -0.853715E-12  -0.240408E-11  -0.378737E-12
   0.513000E+04  -0.884336E-12  -0.271208E-11  -0.561300E-12
   0.513100E+04  -0.333445E-13  -0.243851E-12  -0.410707E-13
   0.513200E+04   0.881098E-12   0.243506E-11   0.526212E-12
   0.513300E+04   0.970091E-12   0.251387E-11   0.422775E-12
   0.513400E+04   0.508758E-12   0.846104E-12  -0.130684E-12
   0.513500E+04   0.544014E-12   0.738706E-12  -0.284150E-12
   0.513600E+04   0.142234E-11   0.330908E-11   0.253646E-12
   0.513700E+04   0.229402E-11   0.589448E-11   0.806091E-12
   0.513800E+04   0.228824E-11   0.574068E-11   0.670259E-12
   0.513900E+04   0.171968E-11   0.382394E-11   0.960160E-13
   0.514000E+04   0.164058E-11   0.346638E-11  -0.640233E-13
   0.514100E+04   0.236154E-11   0.567158E-11   0.453777E-12
   0.514200E+04   0.300701E-11   0.769398E-11   0.953574E-12
   0.514300E+04   0.273022E-11   0.685172E-11   0.749134E-12
   0.514400E+04   0.189531E-11   0.427100E-11   0.121525E-12
   0.514500E+04   0.157510E-11   0.333188E-11  -0.712968E-13
   0.514600E+04   0.206066E-11   0.497007E-11   0.410078E-12
   0.514700E+04   0.245925E-11   0.638154E-11   0.853029E-12
   0.514800E+04   0.194270E-11   0.494057E-11   0.587290E-12
   0.514900E+04   0.907482E-12   0.187354E-11  -0.790177E-13
   0.515000E+04   0.429212E-12   0.566824E-12  -0.287395E-12
   0.515100E+04   0.771840E-12   0.186701E-11   0.175397E-12
   0.515200E+04   0.103000E-11   0.292633E-11   0.581675E-12
   0.515300E+04   0.402815E-12   0.120246E-11   0.279883E-12
   0.515400E+04  -0.678469E-12  -0.196873E-11  -0.394237E-12
   0.515500E+04  -0.114301E-11  -0.321445E-11  -0.583909E-12
   0.515600E+04  -0.767232E-12  -0.181394E-11  -0.105210E-12
   0.515700E+04  -0.481090E-12  -0.691832E-12   0.297009E-12
   0.515800E+04  -0.106491E-11  -0.232539E-11  -0.110013E-13
   0.515900E+04  -0.205401E-11  -0.527236E-11  -0.666338E-12
   0.516000E+04  -0.237985E-11  -0.616535E-11  -0.813970E-12
   0.516100E+04  -0.185435E-11  -0.439358E-11  -0.298229E-12
   0.516200E+04  -0.142682E-11  -0.294168E-11   0.120776E-12
   0.516300E+04  -0.185486E-11  -0.421424E-11  -0.171751E-12
   0.516400E+04  -0.264386E-11  -0.667232E-11  -0.786751E-12
   0.516500E+04  -0.273583E-11  -0.697777E-11  -0.873527E-12
   0.516600E+04  -0.198685E-11  -0.465451E-11  -0.306817E-12
   0.516700E+04  -0.137008E-11  -0.275881E-11   0.137657E-12
   0.516800E+04  -0.161913E-11  -0.361762E-11  -0.135020E-12
   0.516900E+04  -0.220504E-11  -0.558180E-11  -0.708804E-12
   0.517000E+04  -0.207719E-11  -0.533317E-11  -0.737263E-12
   0.517100E+04  -0.113703E-11  -0.253377E-11  -0.125977E-12
   0.517200E+04  -0.386837E-12  -0.326923E-12   0.333070E-12
   0.517300E+04  -0.542057E-12  -0.979209E-12   0.639732E-13
   0.517400E+04  -0.104091E-11  -0.273732E-11  -0.490999E-12
   0.517500E+04  -0.835395E-12  -0.229165E-11  -0.489457E-12
   0.517600E+04   0.136284E-12   0.579862E-12   0.133814E-12
   0.517700E+04   0.850199E-12   0.266648E-11   0.572731E-12
   0.517800E+04   0.613659E-12   0.177355E-11   0.271810E-12
   0.517900E+04   0.267565E-13  -0.227083E-12  -0.299603E-12
   0.518000E+04   0.147156E-12  -0.415483E-15  -0.301126E-12
   0.518100E+04   0.101888E-11   0.261352E-11   0.307439E-12
   0.518200E+04   0.161311E-11   0.438445E-11   0.710338E-12
   0.518300E+04   0.126289E-11   0.319782E-11   0.373647E-12
   0.518400E+04   0.592309E-12   0.100208E-11  -0.209886E-12
   0.518500E+04   0.645797E-12   0.109067E-11  -0.207910E-12
   0.518600E+04   0.143198E-11   0.351019E-11   0.390566E-12
   0.518700E+04   0.191273E-11   0.499833E-11   0.759744E-12
   0.518800E+04   0.145255E-11   0.353828E-11   0.389135E-12
   0.518900E+04   0.706752E-12   0.117700E-11  -0.203689E-12
   0.519000E+04   0.709010E-12   0.117468E-11  -0.194411E-12
   0.519100E+04   0.143031E-11   0.345889E-11   0.398235E-12
   0.519200E+04   0.181930E-11   0.472444E-11   0.738168E-12
   0.519300E+04   0.126878E-11   0.304273E-11   0.338023E-12
   0.519400E+04   0.463694E-12   0.554146E-12  -0.260575E-12
   0.519500E+04   0.427850E-12   0.487942E-12  -0.241824E-12
   0.519600E+04   0.109863E-11   0.266494E-11   0.346756E-12
   0.519700E+04   0.141754E-11   0.375558E-11   0.660921E-12
   0.519800E+04   0.810250E-12   0.193326E-11   0.237963E-12
   0.519900E+04  -0.917953E-14  -0.570040E-12  -0.356968E-12
   0.520000E+04  -0.329237E-13  -0.574308E-12  -0.318707E-12
   0.520100E+04   0.634487E-12   0.161053E-11   0.274500E-12
   0.520200E+04   0.922043E-12   0.261588E-11   0.569724E-12
   0.520300E+04   0.289318E-12   0.721310E-12   0.129661E-12
   0.520400E+04  -0.513425E-12  -0.172830E-11  -0.455705E-12
   0.520500E+04  -0.485711E-12  -0.157661E-11  -0.390462E-12
   0.520600E+04   0.229527E-12   0.746662E-12   0.217301E-12
   0.520700E+04   0.542495E-12   0.181690E-11   0.505273E-12
   0.520800E+04  -0.678564E-13  -0.214354E-13   0.586568E-13
   0.520900E+04  -0.830070E-12  -0.235414E-11  -0.511631E-12
   0.521000E+04  -0.757989E-12  -0.206980E-11  -0.421277E-12
   0.521100E+04  -0.295672E-13   0.290542E-12   0.192483E-12
   0.521200E+04   0.254963E-12   0.126933E-11   0.460464E-12
   0.521300E+04  -0.399507E-12  -0.705861E-12  -0.779991E-14
   0.521400E+04  -0.119607E-11  -0.314000E-11  -0.579977E-12
   0.521500E+04  -0.115497E-11  -0.294448E-11  -0.482232E-12
   0.521600E+04  -0.473259E-12  -0.726101E-12   0.122745E-12
   0.521700E+04  -0.242231E-12   0.805256E-13   0.364027E-12
   0.521800E+04  -0.919770E-12  -0.198141E-11  -0.121559E-12
   0.521900E+04  -0.168869E-11  -0.435127E-11  -0.681944E-12
   0.522000E+04  -0.159460E-11  -0.401835E-11  -0.558803E-12
   0.522100E+04  -0.874785E-12  -0.171637E-11   0.548952E-13
   0.522200E+04  -0.624111E-12  -0.892737E-12   0.284310E-12
   0.522300E+04  -0.126431E-11  -0.289095E-11  -0.206290E-12
   0.522400E+04  -0.195233E-11  -0.506745E-11  -0.744179E-12
   0.522500E+04  -0.175344E-11  -0.447149E-11  -0.585729E-12
   0.522600E+04  -0.943153E-12  -0.195626E-11   0.465139E-13
   0.522700E+04  -0.621991E-12  -0.986845E-12   0.274084E-12
   0.522800E+04  -0.118009E-11  -0.280634E-11  -0.212020E-12
   0.522900E+04  -0.175273E-11  -0.470098E-11  -0.719926E-12
   0.523000E+04  -0.142593E-11  -0.378346E-11  -0.521601E-12
   0.523100E+04  -0.510338E-12  -0.101715E-11   0.131695E-12
   0.523200E+04  -0.106864E-12   0.131488E-12   0.359863E-12
   0.523300E+04  -0.570269E-12  -0.146854E-11  -0.118136E-12
   0.523400E+04  -0.101465E-11  -0.303450E-11  -0.591890E-12
   0.523500E+04  -0.551270E-12  -0.175586E-11  -0.350625E-12
   0.523600E+04   0.467618E-12   0.127518E-11   0.324332E-12
   0.523700E+04   0.934720E-12   0.257361E-11   0.550571E-12
   0.523800E+04   0.526814E-12   0.110972E-11   0.744275E-13
   0.523900E+04   0.150965E-12  -0.264873E-12  -0.375675E-12
   0.524000E+04   0.674956E-12   0.119600E-11  -0.105827E-12
   0.524100E+04   0.171149E-11   0.429036E-11   0.574274E-12
   0.524200E+04   0.215103E-11   0.552679E-11   0.781573E-12
   0.524300E+04   0.170022E-11   0.397148E-11   0.289603E-12
   0.524400E+04   0.128114E-11   0.252565E-11  -0.157291E-12
   0.524500E+04   0.173545E-11   0.385408E-11   0.115992E-12
   0.524600E+04   0.264115E-11   0.664406E-11   0.771488E-12
   0.524700E+04   0.289201E-11   0.741196E-11   0.927325E-12
   0.524800E+04   0.223152E-11   0.533806E-11   0.385916E-12
   0.524900E+04   0.160317E-11   0.338959E-11  -0.917212E-13
   0.525000E+04   0.183061E-11   0.417139E-11   0.151842E-12
   0.525100E+04   0.246996E-11   0.629551E-11   0.753421E-12
   0.525200E+04   0.243444E-11   0.633204E-11   0.836690E-12
   0.525300E+04   0.151780E-11   0.361363E-11   0.236215E-12
   0.525400E+04   0.689481E-12   0.118605E-11  -0.269880E-12
   0.525500E+04   0.749518E-12   0.157760E-11  -0.437204E-13
   0.525600E+04   0.122050E-11   0.329154E-11   0.523833E-12
   0.525700E+04   0.102301E-11   0.291705E-11   0.559927E-12
   0.525800E+04  -0.821031E-14  -0.868123E-13  -0.706091E-13
   0.525900E+04  -0.883509E-12  -0.261097E-11  -0.574341E-12
   0.526000E+04  -0.829797E-12  -0.221110E-11  -0.334075E-12
   0.526100E+04  -0.360770E-12  -0.497924E-12   0.231510E-12
   0.526200E+04  -0.552522E-12  -0.872130E-12   0.253026E-12
   0.526300E+04  -0.153505E-11  -0.376315E-11  -0.375455E-12
   0.526400E+04  -0.230437E-11  -0.601473E-11  -0.847078E-12
   0.526500E+04  -0.211743E-11  -0.527469E-11  -0.566514E-12
   0.526600E+04  -0.152321E-11  -0.326359E-11   0.203503E-13
   0.526700E+04  -0.159118E-11  -0.336083E-11   0.491821E-13
   0.526800E+04  -0.241384E-11  -0.587650E-11  -0.555934E-12
   0.526900E+04  -0.297342E-11  -0.760793E-11  -0.975391E-12
   0.527000E+04  -0.255948E-11  -0.630202E-11  -0.636789E-12
   0.527100E+04  -0.175950E-11  -0.379772E-11  -0.136050E-13
   0.527200E+04  -0.163994E-11  -0.346285E-11   0.348045E-13
   0.527300E+04  -0.226003E-11  -0.550003E-11  -0.538292E-12
   0.527400E+04  -0.259186E-11  -0.667053E-11  -0.901989E-12
   0.527500E+04  -0.195802E-11  -0.482105E-11  -0.507368E-12
   0.527600E+04  -0.980509E-12  -0.189667E-11   0.145811E-12
   0.527700E+04  -0.717030E-12  -0.123631E-11   0.205249E-12
   0.527800E+04  -0.119069E-11  -0.292683E-11  -0.345842E-12
   0.527900E+04  -0.136585E-11  -0.370155E-11  -0.666543E-12
   0.528000E+04  -0.603871E-12  -0.152519E-11  -0.233359E-12
   0.528100E+04   0.434203E-12   0.153659E-11   0.426848E-12
   0.528200E+04   0.699518E-12   0.217270E-11   0.469440E-12
   0.528300E+04   0.210099E-12   0.424668E-12  -0.913512E-13
   0.528400E+04   0.174389E-13  -0.391561E-12  -0.403540E-12
   0.528500E+04   0.730930E-12   0.166674E-11   0.325091E-13
   0.528600E+04   0.166037E-11   0.444052E-11   0.665370E-12
   0.528700E+04   0.177543E-11   0.467356E-11   0.660905E-12
   0.528800E+04   0.114389E-11   0.255993E-11   0.663485E-13
   0.528900E+04   0.839503E-12   0.148221E-11  -0.254510E-12
   0.529000E+04   0.144462E-11   0.329595E-11   0.174093E-12
   0.529100E+04   0.223598E-11   0.573670E-11   0.775590E-12
   0.529200E+04   0.219161E-11   0.557334E-11   0.724639E-12
   0.529300E+04   0.141648E-11   0.311540E-11   0.985380E-13
   0.529400E+04   0.997874E-12   0.178650E-11  -0.229839E-12
   0.529500E+04   0.149085E-11   0.335439E-11   0.190922E-12
   0.529600E+04   0.214570E-11   0.546933E-11   0.761133E-12
   0.529700E+04   0.195575E-11   0.494653E-11   0.666629E-12
   0.529800E+04   0.106430E-11   0.221545E-11   0.151292E-13
   0.529900E+04   0.567651E-12   0.728083E-12  -0.313090E-12
   0.530000E+04   0.988361E-12   0.214937E-11   0.107425E-12
   0.530100E+04   0.154875E-11   0.403996E-11   0.653947E-12
   0.530200E+04   0.125909E-11   0.326651E-11   0.524559E-12
   0.530300E+04   0.302418E-12   0.382518E-12  -0.142292E-12
   0.530400E+04  -0.216886E-12  -0.113433E-11  -0.459821E-12
   0.530500E+04   0.189497E-12   0.273789E-12  -0.292635E-13
   0.530600E+04   0.716243E-12   0.207995E-11   0.504221E-12
   0.530700E+04   0.393322E-12   0.121103E-11   0.352327E-12
   0.530800E+04  -0.553936E-12  -0.164771E-11  -0.315206E-12
   0.530900E+04  -0.101340E-11  -0.299370E-11  -0.605840E-12
   0.531000E+04  -0.534512E-12  -0.138575E-11  -0.148635E-12
   0.531100E+04   0.447609E-13   0.548899E-12   0.388272E-12
   0.531200E+04  -0.230509E-12  -0.213948E-12   0.229950E-12
   0.531300E+04  -0.109644E-11  -0.286686E-11  -0.423395E-12
   0.531400E+04  -0.143693E-11  -0.389309E-11  -0.675023E-12
   0.531500E+04  -0.844056E-12  -0.198236E-11  -0.183307E-12
   0.531600E+04  -0.194315E-12   0.120800E-12   0.359762E-12
   0.531700E+04  -0.432315E-12  -0.572606E-12   0.192168E-12
   0.531800E+04  -0.125588E-11  -0.313415E-11  -0.455606E-12
   0.531900E+04  -0.153851E-11  -0.401540E-11  -0.681925E-12
   0.532000E+04  -0.903537E-12  -0.200550E-11  -0.172297E-12
   0.532100E+04  -0.254895E-12   0.646792E-13   0.360408E-12
   0.532200E+04  -0.520482E-12  -0.740785E-12   0.169146E-12
   0.532300E+04  -0.135745E-11  -0.336620E-11  -0.484944E-12
   0.532400E+04  -0.162576E-11  -0.422322E-11  -0.695373E-12
   0.532500E+04  -0.973383E-12  -0.218176E-11  -0.173594E-12
   0.532600E+04  -0.324982E-12  -0.139839E-12   0.348691E-12
   0.532700E+04  -0.592068E-12  -0.981371E-12   0.139950E-12
   0.532800E+04  -0.140132E-11  -0.355315E-11  -0.510547E-12
   0.532900E+04  -0.161369E-11  -0.426930E-11  -0.695560E-12
   0.533000E+04  -0.911049E-12  -0.210738E-11  -0.154927E-12
   0.533100E+04  -0.238054E-12  -0.298637E-13   0.361575E-12
   0.533200E+04  -0.482775E-12  -0.847179E-12   0.140258E-12
   0.533300E+04  -0.123561E-11  -0.329071E-11  -0.500206E-12
   0.533400E+04  -0.135804E-11  -0.377471E-11  -0.652351E-12
   0.533500E+04  -0.569040E-12  -0.139293E-11  -0.853439E-13
   0.533600E+04   0.163251E-12   0.818269E-12   0.432762E-12
   0.533700E+04  -0.284235E-13   0.114566E-12   0.206129E-12
   0.533800E+04  -0.701105E-12  -0.212864E-11  -0.418046E-12
   0.533900E+04  -0.720281E-12  -0.233583E-11  -0.533593E-12
   0.534000E+04   0.155718E-12   0.277086E-12   0.602747E-13
   0.534100E+04   0.935943E-12   0.260278E-11   0.578036E-12
   0.534200E+04   0.776655E-12   0.197145E-11   0.342966E-12
   0.534300E+04   0.156065E-12  -0.129548E-12  -0.269019E-12
   0.534400E+04   0.203782E-12  -0.138393E-12  -0.354039E-12
   0.534500E+04   0.111914E-11   0.259771E-11   0.257692E-12
   0.534600E+04   0.188602E-11   0.489380E-11   0.763233E-12
   0.534700E+04   0.168504E-11   0.415725E-11   0.505765E-12
   0.534800E+04   0.103409E-11   0.200002E-11  -0.109304E-12
   0.534900E+04   0.106368E-11   0.198608E-11  -0.179834E-12
   0.535000E+04   0.193382E-11   0.464475E-11   0.433388E-12
   0.535100E+04   0.260048E-11   0.670473E-11   0.909907E-12
   0.535200E+04   0.226133E-11   0.562900E-11   0.611636E-12
   0.535300E+04   0.146856E-11   0.313725E-11  -0.281321E-13
   0.535400E+04   0.135648E-11   0.280207E-11  -0.109207E-12
   0.535500E+04   0.205729E-11   0.506048E-11   0.479362E-12
   0.535600E+04   0.251191E-11   0.659050E-11   0.903060E-12
   0.535700E+04   0.194142E-11   0.492788E-11   0.544451E-12
   0.535800E+04   0.931870E-12   0.189765E-11  -0.135767E-12
   0.535900E+04   0.622274E-12   0.108285E-11  -0.239923E-12
   0.536000E+04   0.112695E-11   0.285632E-11   0.316768E-12
   0.536100E+04   0.138809E-11   0.389255E-11   0.690126E-12
   0.536200E+04   0.660852E-12   0.183120E-11   0.286384E-12
   0.536300E+04  -0.440532E-12  -0.141310E-11  -0.407919E-12
   0.536400E+04  -0.793072E-12  -0.230633E-11  -0.503097E-12
   0.536500E+04  -0.324232E-12  -0.608054E-12   0.538923E-13
   0.536600E+04  -0.105103E-12   0.311828E-12   0.406581E-12
   0.536700E+04  -0.848047E-12  -0.180636E-11  -0.148721E-13
   0.536800E+04  -0.190469E-11  -0.493943E-11  -0.696892E-12
   0.536900E+04  -0.216217E-11  -0.558305E-11  -0.756941E-12
   0.537000E+04  -0.158790E-11  -0.362144E-11  -0.173198E-12
   0.537100E+04  -0.126877E-11  -0.247401E-11   0.185825E-12
   0.537200E+04  -0.189020E-11  -0.431455E-11  -0.226471E-12
   0.537300E+04  -0.277658E-11  -0.703117E-11  -0.871413E-12
   0.537400E+04  -0.283130E-11  -0.716687E-11  -0.875732E-12
   0.537500E+04  -0.206474E-11  -0.473835E-11  -0.249528E-12
   0.537600E+04  -0.157850E-11  -0.320991E-11   0.127679E-12
   0.537700E+04  -0.202751E-11  -0.465781E-11  -0.266055E-12
   0.537800E+04  -0.270567E-11  -0.687155E-11  -0.866541E-12
   0.537900E+04  -0.253177E-11  -0.643924E-11  -0.810308E-12
   0.538000E+04  -0.156115E-11  -0.351594E-11  -0.139903E-12
   0.538100E+04  -0.913792E-12  -0.162119E-11   0.253992E-12
   0.538200E+04  -0.121707E-11  -0.274199E-11  -0.126113E-12
   0.538300E+04  -0.173399E-11  -0.456822E-11  -0.690827E-12
   0.538400E+04  -0.139401E-11  -0.372005E-11  -0.586129E-12
   0.538500E+04  -0.291069E-12  -0.472937E-12   0.114391E-12
   0.538600E+04   0.439266E-12   0.160634E-11   0.510211E-12
   0.538700E+04   0.193478E-12   0.608967E-12   0.127856E-12
   0.538800E+04  -0.267576E-12  -0.107661E-11  -0.420201E-12
   0.538900E+04   0.112980E-12  -0.112584E-12  -0.290890E-12
   0.539000E+04   0.120801E-11   0.311931E-11   0.412278E-12
   0.539100E+04   0.187637E-11   0.503254E-11   0.781824E-12
   0.539200E+04   0.154453E-11   0.381282E-11   0.370012E-12
   0.539300E+04   0.995496E-12   0.192020E-11  -0.188572E-12
   0.539400E+04   0.126810E-11   0.263603E-11  -0.636505E-13
   0.539500E+04   0.220443E-11   0.547788E-11   0.611807E-12
   0.539600E+04   0.267076E-11   0.687616E-11   0.927000E-12
   0.539700E+04   0.214096E-11   0.516052E-11   0.464287E-12
   0.539800E+04   0.143108E-11   0.289318E-11  -0.117653E-12
   0.539900E+04   0.156015E-11   0.329289E-11  -0.250917E-14
   0.540000E+04   0.232781E-11   0.574198E-11   0.644569E-12
   0.540100E+04   0.259438E-11   0.664858E-11   0.907026E-12
   0.540200E+04   0.187325E-11   0.446323E-11   0.395853E-12
   0.540300E+04   0.101362E-11   0.185057E-11  -0.206628E-12
   0.540400E+04   0.102064E-11   0.198467E-11  -0.973084E-13
   0.540500E+04   0.165848E-11   0.413449E-11   0.528306E-12
   0.540600E+04   0.178466E-11   0.469649E-11   0.749471E-12
   0.540700E+04   0.948345E-12   0.223206E-11   0.205371E-12
   0.540800E+04   0.226374E-13  -0.518593E-12  -0.400669E-12
   0.540900E+04  -0.106528E-13  -0.453680E-12  -0.281613E-12
   0.541000E+04   0.573314E-12   0.157158E-11   0.335908E-12
   0.541100E+04   0.632898E-12   0.195398E-11   0.528642E-12
   0.541200E+04  -0.238382E-12  -0.608117E-12  -0.336018E-13
   0.541300E+04  -0.113551E-11  -0.327480E-11  -0.625087E-12
   0.541400E+04  -0.109725E-11  -0.300783E-11  -0.474803E-12
   0.541500E+04  -0.442672E-12  -0.798760E-12   0.158644E-12
   0.541600E+04  -0.323452E-12  -0.280630E-12   0.347813E-12
   0.541700E+04  -0.111497E-11  -0.265537E-11  -0.209514E-12
   0.541800E+04  -0.189015E-11  -0.501135E-11  -0.767953E-12
   0.541900E+04  -0.171042E-11  -0.437950E-11  -0.573606E-12
   0.542000E+04  -0.933676E-12  -0.187199E-11   0.843444E-13
   0.542100E+04  -0.714973E-12  -0.113115E-11   0.276644E-12
   0.542200E+04  -0.139658E-11  -0.325225E-11  -0.270094E-12
   0.542300E+04  -0.203301E-11  -0.526221E-11  -0.792210E-12
   0.542400E+04  -0.171302E-11  -0.427493E-11  -0.554660E-12
   0.542500E+04  -0.833807E-12  -0.152511E-11   0.122808E-12
   0.542600E+04  -0.550003E-12  -0.653861E-12   0.310695E-12
   0.542700E+04  -0.116737E-11  -0.264095E-11  -0.234575E-12
   0.542800E+04  -0.172298E-11  -0.445601E-11  -0.731962E-12
   0.542900E+04  -0.133654E-11  -0.330780E-11  -0.466850E-12
   0.543000E+04  -0.444664E-12  -0.554993E-12   0.210526E-12
   0.543100E+04  -0.193520E-12   0.185211E-12   0.372971E-12
   0.543200E+04  -0.837241E-12  -0.190825E-11  -0.189576E-12
   0.543300E+04  -0.137978E-11  -0.370322E-11  -0.675723E-12
   0.543400E+04  -0.963066E-12  -0.247895E-11  -0.389936E-12
   0.543500E+04  -0.653582E-13   0.274988E-12   0.286716E-12
   0.543600E+04   0.164381E-12   0.932117E-12   0.427422E-12
   0.543700E+04  -0.490149E-12  -0.121044E-11  -0.147376E-12
   0.543800E+04  -0.100818E-11  -0.294350E-11  -0.618514E-12
   0.543900E+04  -0.552662E-12  -0.161310E-11  -0.309838E-12
   0.544000E+04   0.364536E-12   0.118487E-11   0.368963E-12
   0.544100E+04   0.598555E-12   0.183651E-11   0.493956E-12
   0.544200E+04  -0.302358E-13  -0.244828E-12  -0.838611E-13
   0.544300E+04  -0.485988E-12  -0.180041E-11  -0.530359E-12
   0.544400E+04   0.351876E-13  -0.278170E-12  -0.192145E-12
   0.544500E+04   0.980190E-12   0.259757E-11   0.490970E-12
   0.544600E+04   0.120761E-11   0.322397E-11   0.598546E-12
   0.544700E+04   0.578598E-12   0.114278E-11   0.132940E-13
   0.544800E+04   0.149538E-12  -0.321904E-12  -0.415055E-12
   0.544900E+04   0.696127E-12   0.129442E-11  -0.552905E-13
   0.545000E+04   0.162779E-11   0.415001E-11   0.623824E-12
   0.545100E+04   0.180811E-11   0.465740E-11   0.706422E-12
   0.545200E+04   0.113737E-11   0.248112E-11   0.106635E-12
   0.545300E+04   0.688554E-12   0.998027E-12  -0.311861E-12
   0.545400E+04   0.120613E-11   0.257528E-11   0.586349E-13
   0.545500E+04   0.206283E-11   0.525590E-11   0.720891E-12
   0.545600E+04   0.213185E-11   0.548174E-11   0.765471E-12
   0.545700E+04   0.135839E-11   0.305704E-11   0.139419E-12
   0.545800E+04   0.835840E-12   0.142186E-11  -0.279465E-12
   0.545900E+04   0.127788E-11   0.284645E-11   0.925055E-13
   0.546000E+04   0.201818E-11   0.525116E-11   0.729369E-12
   0.546100E+04   0.193608E-11   0.509664E-11   0.728008E-12
   0.546200E+04   0.101910E-11   0.231869E-11   0.678335E-13
   0.546300E+04   0.381323E-12   0.420047E-12  -0.359942E-12
   0.546400E+04   0.709355E-12   0.158337E-11   0.458383E-14
   0.546500E+04   0.130356E-11   0.362210E-11   0.608329E-12
   0.546600E+04   0.105505E-11   0.303173E-11   0.556506E-12
   0.546700E+04  -0.161015E-14  -0.106543E-12  -0.137916E-12
   0.546800E+04  -0.726819E-12  -0.221304E-11  -0.569843E-12
   0.546900E+04  -0.455906E-12  -0.117757E-11  -0.202435E-12
   0.547000E+04   0.805023E-13   0.713505E-12   0.385055E-12
   0.547100E+04  -0.219701E-12  -0.233752E-13   0.305783E-12
   0.547200E+04  -0.128754E-11  -0.319798E-11  -0.396572E-12
   0.547300E+04  -0.197201E-11  -0.519424E-11  -0.806973E-12
   0.547400E+04  -0.163750E-11  -0.399408E-11  -0.413698E-12
   0.547500E+04  -0.104266E-11  -0.197331E-11   0.179068E-12
   0.547600E+04  -0.127538E-11  -0.257080E-11   0.950515E-13
   0.547700E+04  -0.222931E-11  -0.547672E-11  -0.590474E-12
   0.547800E+04  -0.274784E-11  -0.705393E-11  -0.954449E-12
   0.547900E+04  -0.223534E-11  -0.540704E-11  -0.513164E-12
   0.548000E+04  -0.148781E-11  -0.302735E-11   0.102606E-12
   0.548100E+04  -0.158263E-11  -0.331910E-11   0.270687E-13
   0.548200E+04  -0.237509E-11  -0.584959E-11  -0.632638E-12
   0.548300E+04  -0.269967E-11  -0.695091E-11  -0.945367E-12
   0.548400E+04  -0.199669E-11  -0.483812E-11  -0.454880E-12
   0.548500E+04  -0.109514E-11  -0.210447E-11   0.182983E-12
   0.548600E+04  -0.105836E-11  -0.210894E-11   0.114471E-12
   0.548700E+04  -0.170228E-11  -0.429372E-11  -0.521254E-12
   0.548800E+04  -0.185475E-11  -0.496799E-11  -0.786309E-12
   0.548900E+04  -0.995924E-12  -0.246967E-11  -0.253344E-12
   0.549000E+04   0.954862E-14   0.498151E-12   0.396573E-12
   0.549100E+04   0.113270E-12   0.624967E-12   0.322693E-12
   0.549200E+04  -0.456290E-12  -0.139129E-11  -0.302636E-12
   0.549300E+04  -0.513005E-12  -0.181581E-11  -0.533832E-12
   0.549400E+04   0.428752E-12   0.906626E-12   0.284439E-13
   0.549500E+04   0.146822E-11   0.396160E-11   0.678261E-12
   0.549600E+04   0.156400E-11   0.406392E-11   0.586709E-12
   0.549700E+04   0.977354E-12   0.201721E-11  -0.434908E-13
   0.549800E+04   0.900221E-12   0.157497E-11  -0.261820E-12
   0.549900E+04   0.178400E-11   0.418341E-11   0.302503E-12
   0.550000E+04   0.269851E-11   0.693429E-11   0.920584E-12
   0.550100E+04   0.261764E-11   0.659017E-11   0.777831E-12
   0.550200E+04   0.184294E-11   0.408052E-11   0.108841E-12
   0.550300E+04   0.158146E-11   0.320289E-11  -0.129640E-12
   0.550400E+04   0.226458E-11   0.533417E-11   0.407424E-12
   0.550500E+04   0.294872E-11   0.751763E-11   0.972328E-12
   0.550600E+04   0.263226E-11   0.658916E-11   0.767507E-12
   0.550700E+04   0.165288E-11   0.359115E-11   0.582881E-13
   0.550800E+04   0.121862E-11   0.232330E-11  -0.196461E-12
   0.550900E+04   0.172725E-11   0.405344E-11   0.319038E-12
   0.551000E+04   0.221735E-11   0.576346E-11   0.837777E-12
   0.551100E+04   0.171540E-11   0.437389E-11   0.580792E-12
   0.551200E+04   0.599454E-12   0.105325E-11  -0.154943E-12
   0.551300E+04   0.774160E-13  -0.398469E-12  -0.409327E-12
   0.551400E+04   0.508074E-12   0.116351E-11   0.102737E-12
   0.551500E+04   0.907496E-12   0.264796E-11   0.594565E-12
   0.551600E+04   0.329551E-12   0.105893E-11   0.306351E-12
   0.551700E+04  -0.805681E-12  -0.230380E-11  -0.433047E-12
   0.551800E+04  -0.129000E-11  -0.363822E-11  -0.662911E-12
   0.551900E+04  -0.806249E-12  -0.192889E-11  -0.129612E-12
   0.552000E+04  -0.365694E-12  -0.351926E-12   0.360140E-12
   0.552100E+04  -0.891982E-12  -0.183196E-11   0.653695E-13
   0.552200E+04  -0.192664E-11  -0.494763E-11  -0.654146E-12
   0.552300E+04  -0.226369E-11  -0.590244E-11  -0.838431E-12
   0.552400E+04  -0.163023E-11  -0.381791E-11  -0.266201E-12
   0.552500E+04  -0.106820E-11  -0.196396E-11   0.235690E-12
   0.552600E+04  -0.148150E-11  -0.320022E-11  -0.547799E-13
   0.552700E+04  -0.237201E-11  -0.597887E-11  -0.746739E-12
   0.552800E+04  -0.252884E-11  -0.648743E-11  -0.879992E-12
   0.552900E+04  -0.171341E-11  -0.395507E-11  -0.263495E-12
   0.553000E+04  -0.993501E-12  -0.173064E-11   0.257554E-12
   0.553100E+04  -0.125971E-11  -0.262704E-11  -0.207592E-13
   0.553200E+04  -0.199030E-11  -0.501616E-11  -0.680402E-12
   0.553300E+04  -0.198484E-11  -0.511488E-11  -0.765341E-12
   0.553400E+04  -0.104418E-11  -0.227596E-11  -0.116267E-12
   0.553500E+04  -0.255729E-12   0.894389E-13   0.405238E-12
   0.553600E+04  -0.486706E-12  -0.756749E-12   0.116201E-12
   0.553700E+04  -0.118448E-11  -0.308667E-11  -0.536898E-12
   0.553800E+04  -0.115399E-11  -0.313321E-11  -0.601890E-12
   0.553900E+04  -0.226357E-12  -0.347632E-12   0.506161E-13
   0.554000E+04   0.507013E-12   0.184090E-11   0.546835E-12
   0.554100E+04   0.218728E-12   0.815631E-12   0.229035E-12
   0.554200E+04  -0.499937E-12  -0.157451E-11  -0.426450E-12
   0.554300E+04  -0.464233E-12  -0.159387E-11  -0.473312E-12
   0.554400E+04   0.451328E-12   0.116939E-11   0.184680E-12
   0.554500E+04   0.113881E-11   0.323167E-11   0.659277E-12
   0.554600E+04   0.803779E-12   0.207786E-11   0.316985E-12
   0.554700E+04   0.744533E-13  -0.326538E-12  -0.336680E-12
   0.554800E+04   0.125287E-12  -0.276347E-12  -0.361939E-12
   0.554900E+04   0.103759E-11   0.250254E-11   0.304075E-12
   0.555000E+04   0.168457E-11   0.446693E-11   0.758924E-12
   0.555100E+04   0.130139E-11   0.319446E-11   0.393185E-12
   0.555200E+04   0.549918E-12   0.757178E-12  -0.259588E-12
   0.555300E+04   0.592553E-12   0.823831E-12  -0.267381E-12
   0.555400E+04   0.146764E-11   0.353391E-11   0.399442E-12
   0.555500E+04   0.203368E-11   0.529705E-11   0.825929E-12
   0.555600E+04   0.156103E-11   0.380002E-11   0.428572E-12
   0.555700E+04   0.750029E-12   0.123506E-11  -0.230313E-12
   0.555800E+04   0.753740E-12   0.124117E-11  -0.226696E-12
   0.555900E+04   0.156724E-11   0.382141E-11   0.435588E-12
   0.556000E+04   0.203115E-11   0.532868E-11   0.829003E-12
   0.556100E+04   0.144688E-11   0.354693E-11   0.395515E-12
   0.556200E+04   0.552246E-12   0.785519E-12  -0.274432E-12
   0.556300E+04   0.496357E-12   0.669260E-12  -0.264300E-12
   0.556400E+04   0.124139E-11   0.309517E-11   0.390974E-12
   0.556500E+04   0.161833E-11   0.438411E-11   0.753956E-12
   0.556600E+04   0.958306E-12   0.241428E-11   0.292348E-12
   0.556700E+04   0.252603E-13  -0.420363E-12  -0.378285E-12
   0.556800E+04  -0.492123E-13  -0.548746E-12  -0.352804E-12
   0.556900E+04   0.657386E-12   0.180006E-11   0.301104E-12
   0.557000E+04   0.968213E-12   0.291991E-11   0.637227E-12
   0.557100E+04   0.248269E-12   0.795090E-12   0.150423E-12
   0.557200E+04  -0.712748E-12  -0.209734E-11  -0.519170E-12
   0.557300E+04  -0.805330E-12  -0.225368E-11  -0.479633E-12
   0.557400E+04  -0.148215E-12  -0.338539E-13   0.168202E-12
   0.557500E+04   0.817158E-13   0.851467E-12   0.471873E-12
   0.557600E+04  -0.700780E-12  -0.146150E-11  -0.424852E-13
   0.557700E+04  -0.166442E-11  -0.436688E-11  -0.706965E-12
   0.557800E+04  -0.171453E-11  -0.440735E-11  -0.641924E-12
   0.557900E+04  -0.101560E-11  -0.208637E-11   0.176590E-13
   0.558000E+04  -0.757677E-12  -0.115661E-11   0.310808E-12
   0.558100E+04  -0.149147E-11  -0.337372E-11  -0.208132E-12
   0.558200E+04  -0.235524E-11  -0.603501E-11  -0.846519E-12
   0.558300E+04  -0.227309E-11  -0.574011E-11  -0.738549E-12
   0.558400E+04  -0.145325E-11  -0.312835E-11  -0.526852E-13
   0.558500E+04  -0.109560E-11  -0.198229E-11   0.243308E-12
   0.558600E+04  -0.171612E-11  -0.394711E-11  -0.267413E-12
   0.558700E+04  -0.242670E-11  -0.623458E-11  -0.868869E-12
   0.558800E+04  -0.217563E-11  -0.551715E-11  -0.711077E-12
   0.558900E+04  -0.121764E-11  -0.257803E-11   0.343447E-14
   0.559000E+04  -0.760876E-12  -0.122501E-11   0.301240E-12
   0.559100E+04  -0.128220E-11  -0.297980E-11  -0.204265E-12
   0.559200E+04  -0.186198E-11  -0.495408E-11  -0.773114E-12
   0.559300E+04  -0.146823E-11  -0.388087E-11  -0.570880E-12
   0.559400E+04  -0.399466E-12  -0.679895E-12   0.166524E-12
   0.559500E+04   0.127708E-12   0.815160E-12   0.460718E-12
   0.559600E+04  -0.327447E-12  -0.802931E-12  -0.450101E-13
   0.559700E+04  -0.816909E-12  -0.255519E-11  -0.588010E-12
   0.559800E+04  -0.327635E-12  -0.123303E-11  -0.349925E-12
   0.559900E+04   0.803977E-12   0.212495E-11   0.401476E-12
   0.560000E+04   0.135951E-11   0.367942E-11   0.685245E-12
   0.560100E+04   0.934716E-12   0.213946E-11   0.175062E-12
   0.560200E+04   0.496966E-12   0.548367E-12  -0.346389E-12
   0.560300E+04   0.102600E-11   0.201401E-11  -0.808948E-13
   0.560400E+04   0.213611E-11   0.534496E-11   0.669347E-12
   0.560500E+04   0.260432E-11   0.668737E-11   0.920883E-12
   0.560600E+04   0.206840E-11   0.488113E-11   0.379261E-12
   0.560700E+04   0.152396E-11   0.305767E-11  -0.151485E-12
   0.560800E+04   0.192548E-11   0.424503E-11   0.107713E-12
   0.560900E+04   0.284418E-11   0.711509E-11   0.821685E-12
   0.561000E+04   0.305938E-11   0.781782E-11   0.100670E-11
   0.561100E+04   0.226123E-11   0.535259E-11   0.402771E-12
   0.561200E+04   0.148825E-11   0.297980E-11  -0.162049E-12
   0.561300E+04   0.168491E-11   0.369070E-11   0.749405E-13
   0.561400E+04   0.238834E-11   0.604556E-11   0.747789E-12
   0.561500E+04   0.237646E-11   0.618695E-11   0.872376E-12
   0.561600E+04   0.137575E-11   0.322669E-11   0.219678E-12
   0.561700E+04   0.447865E-12   0.496477E-12  -0.363450E-12
   0.561800E+04   0.515615E-12   0.917196E-12  -0.134004E-12
   0.561900E+04   0.108433E-11   0.294568E-11   0.512166E-12
   0.562000E+04   0.942170E-12   0.275308E-11   0.594207E-12
   0.562100E+04  -0.138286E-12  -0.405824E-12  -0.832415E-13
   0.562200E+04  -0.107300E-11  -0.312841E-11  -0.655180E-12
   0.562300E+04  -0.972077E-12  -0.259527E-11  -0.401417E-12
   0.562400E+04  -0.377079E-12  -0.495279E-12   0.249172E-12
   0.562500E+04  -0.501394E-12  -0.661439E-12   0.317178E-12
   0.562600E+04  -0.153150E-11  -0.371001E-11  -0.359989E-12
   0.562700E+04  -0.236004E-11  -0.616426E-11  -0.899574E-12
   0.562800E+04  -0.212551E-11  -0.529254E-11  -0.603721E-12
   0.562900E+04  -0.141132E-11  -0.291352E-11   0.672165E-13
   0.563000E+04  -0.142947E-11  -0.285450E-11   0.136839E-12
   0.563100E+04  -0.232574E-11  -0.560262E-11  -0.524454E-12
   0.563200E+04  -0.297130E-11  -0.761239E-11  -0.101725E-11
   0.563300E+04  -0.253382E-11  -0.624198E-11  -0.666790E-12
   0.563400E+04  -0.163702E-11  -0.343454E-11   0.358057E-13
   0.563500E+04  -0.148962E-11  -0.300454E-11   0.118510E-12
   0.563600E+04  -0.219768E-11  -0.531134E-11  -0.515212E-12
   0.563700E+04  -0.261634E-11  -0.675569E-11  -0.951153E-12
   0.563800E+04  -0.195101E-11  -0.481037E-11  -0.540223E-12
   0.563900E+04  -0.874695E-12  -0.156888E-11   0.193959E-12
   0.564000E+04  -0.599474E-12  -0.852050E-12   0.282972E-12
   0.564100E+04  -0.119396E-11  -0.289882E-11  -0.337095E-12
   0.564200E+04  -0.149419E-11  -0.404877E-11  -0.737341E-12
   0.564300E+04  -0.735763E-12  -0.186939E-11  -0.293326E-12
   0.564400E+04   0.368069E-12   0.141959E-11   0.441097E-12
   0.564500E+04   0.609369E-12   0.201101E-11   0.503491E-12
   0.564600E+04  -0.363820E-13  -0.195986E-12  -0.135898E-12
   0.564700E+04  -0.376158E-12  -0.145258E-11  -0.532010E-12
   0.564800E+04   0.339907E-12   0.622971E-12  -0.820884E-13
   0.564900E+04   0.137472E-11   0.373146E-11   0.633886E-12
   0.565000E+04   0.153138E-11   0.409871E-11   0.661777E-12
   0.565100E+04   0.819831E-12   0.173343E-11   0.380198E-14
   0.565200E+04   0.440355E-12   0.408712E-12  -0.384661E-12
   0.565300E+04   0.110748E-11   0.239475E-11   0.720664E-13
   0.565400E+04   0.205212E-11   0.528941E-11   0.766400E-12
   0.565500E+04   0.209372E-11   0.536786E-11   0.754589E-12
   0.565600E+04   0.128700E-11   0.277915E-11   0.733572E-13
   0.565700E+04   0.845446E-12   0.133864E-11  -0.310884E-12
   0.565800E+04   0.144710E-11   0.320231E-11   0.149745E-12
   0.565900E+04   0.228608E-11   0.585166E-11   0.819397E-12
   0.566000E+04   0.219435E-11   0.559972E-11   0.764554E-12
   0.566100E+04   0.127028E-11   0.273168E-11   0.561524E-13
   0.566200E+04   0.741832E-12   0.110771E-11  -0.328904E-12
   0.566300E+04   0.125355E-11   0.277756E-11   0.129608E-12
   0.566400E+04   0.196695E-11   0.511878E-11   0.769018E-12
   0.566500E+04   0.173118E-11   0.449653E-11   0.667942E-12
   0.566600E+04   0.692557E-12   0.134449E-11  -0.674699E-13
   0.566700E+04   0.965248E-13  -0.424530E-12  -0.449950E-12
   0.566800E+04   0.555140E-12   0.113528E-11   0.127783E-13
   0.566900E+04   0.119599E-11   0.329421E-11   0.631415E-12
   0.567000E+04   0.882411E-12   0.246228E-11   0.496885E-12
   0.567100E+04  -0.193951E-12  -0.784414E-12  -0.249934E-12
   0.567200E+04  -0.770352E-12  -0.247983E-11  -0.612115E-12
   0.567300E+04  -0.265920E-12  -0.777450E-12  -0.125407E-12
   0.567400E+04   0.410902E-12   0.148076E-11   0.494354E-12
   0.567500E+04   0.127479E-12   0.721717E-12   0.348911E-12
   0.567600E+04  -0.895841E-12  -0.238316E-11  -0.389922E-12
   0.567700E+04  -0.139381E-11  -0.385723E-11  -0.719734E-12
   0.567800E+04  -0.821424E-12  -0.196726E-11  -0.205844E-12
   0.567900E+04  -0.117083E-12   0.349360E-12   0.411227E-12
   0.568000E+04  -0.399507E-12  -0.435712E-12   0.247004E-12
   0.568100E+04  -0.141228E-11  -0.353505E-11  -0.494186E-12
   0.568200E+04  -0.188152E-11  -0.494426E-11  -0.803850E-12
   0.568300E+04  -0.128726E-11  -0.301238E-11  -0.274808E-12
   0.568400E+04  -0.580995E-12  -0.723558E-12   0.332154E-12
   0.568500E+04  -0.852676E-12  -0.151858E-11   0.150491E-12
   0.568600E+04  -0.180798E-11  -0.448924E-11  -0.582661E-12
   0.568700E+04  -0.217871E-11  -0.564543E-11  -0.856877E-12
   0.568800E+04  -0.149179E-11  -0.348190E-11  -0.297930E-12
   0.568900E+04  -0.728052E-12  -0.107610E-11   0.309954E-12
   0.569000E+04  -0.952228E-12  -0.179086E-11   0.118112E-12
   0.569100E+04  -0.182587E-11  -0.457832E-11  -0.602116E-12
   0.569200E+04  -0.207853E-11  -0.543862E-11  -0.837231E-12
   0.569300E+04  -0.128026E-11  -0.299998E-11  -0.245340E-12
   0.569400E+04  -0.442675E-12  -0.435945E-12   0.366248E-12
   0.569500E+04  -0.609405E-12  -0.104290E-11   0.166534E-12
   0.569600E+04  -0.140187E-11  -0.364578E-11  -0.540079E-12
   0.569700E+04  -0.154920E-11  -0.424168E-11  -0.738356E-12
   0.569800E+04  -0.663516E-12  -0.159013E-11  -0.118902E-12
   0.569900E+04   0.216334E-12   0.104976E-11   0.489321E-12
   0.570000E+04   0.727651E-13   0.463265E-12   0.274893E-12
   0.570100E+04  -0.669880E-12  -0.203071E-11  -0.423562E-12
   0.570200E+04  -0.734861E-12  -0.241093E-11  -0.588650E-12
   0.570300E+04   0.226858E-12   0.440805E-12   0.569324E-13
   0.570400E+04   0.114737E-11   0.317459E-11   0.662758E-12
   0.570500E+04   0.102698E-11   0.263428E-11   0.435825E-12
   0.570600E+04   0.324737E-12   0.251187E-12  -0.253726E-12
   0.570700E+04   0.316126E-12   0.445393E-13  -0.388759E-12
   0.570800E+04   0.131230E-11   0.301321E-11   0.275888E-12
   0.570900E+04   0.222209E-11   0.573366E-11   0.870329E-12
   0.571000E+04   0.206634E-11   0.511627E-11   0.621281E-12
   0.571100E+04   0.133381E-11   0.268978E-11  -0.710225E-13
   0.571200E+04   0.128982E-11   0.244451E-11  -0.192664E-12
   0.571300E+04   0.220331E-11   0.524594E-11   0.467989E-12
   0.571400E+04   0.296427E-11   0.760800E-11   0.102312E-11
   0.571500E+04   0.262365E-11   0.653328E-11   0.721856E-12
   0.571600E+04   0.170825E-11   0.367010E-11  -0.394663E-14
   0.571700E+04   0.147925E-11   0.299525E-11  -0.143177E-12
   0.571800E+04   0.217145E-11   0.526251E-11   0.483761E-12
   0.571900E+04   0.266960E-11   0.696154E-11   0.974829E-12
   0.572000E+04   0.207057E-11   0.523198E-11   0.605814E-12
   0.572100E+04   0.949131E-12   0.186938E-11  -0.157900E-12
   0.572200E+04   0.560861E-12   0.832102E-12  -0.309191E-12
   0.572300E+04   0.109595E-11   0.273183E-11   0.296850E-12
   0.572400E+04   0.142175E-11   0.399910E-11   0.741859E-12
   0.572500E+04   0.673151E-12   0.188836E-11   0.327099E-12
   0.572600E+04  -0.530029E-12  -0.166527E-11  -0.449413E-12
   0.572700E+04  -0.938933E-12  -0.272360E-11  -0.585488E-12
   0.572800E+04  -0.410892E-12  -0.822758E-12   0.284713E-13
   0.572900E+04  -0.101934E-12   0.394499E-12   0.457348E-12
   0.573000E+04  -0.847226E-12  -0.172372E-11   0.268129E-13
   0.573100E+04  -0.198970E-11  -0.512455E-11  -0.734562E-12
   0.573200E+04  -0.229240E-11  -0.590516E-11  -0.831545E-12
   0.573300E+04  -0.166167E-11  -0.375356E-11  -0.190332E-12
   0.573400E+04  -0.127515E-11  -0.237944E-11   0.238422E-12
   0.573500E+04  -0.193394E-11  -0.432742E-11  -0.193530E-12
   0.573600E+04  -0.293754E-11  -0.740775E-11  -0.925881E-12
   0.573700E+04  -0.305315E-11  -0.773003E-11  -0.969324E-12
   0.573800E+04  -0.222971E-11  -0.511516E-11  -0.284472E-12
   0.573900E+04  -0.166639E-11  -0.333869E-11   0.163292E-12
   0.574000E+04  -0.213941E-11  -0.486372E-11  -0.249682E-12
   0.574100E+04  -0.291994E-11  -0.740678E-11  -0.935177E-12
   0.574200E+04  -0.279159E-11  -0.712464E-11  -0.913384E-12
   0.574300E+04  -0.174783E-11  -0.397585E-11  -0.179806E-12
   0.574400E+04  -0.100216E-11  -0.177977E-11   0.287946E-12
   0.574500E+04  -0.129833E-11  -0.289504E-11  -0.106794E-12
   0.574600E+04  -0.187936E-11  -0.494481E-11  -0.748329E-12
   0.574700E+04  -0.155332E-11  -0.415700E-11  -0.669063E-12
   0.574800E+04  -0.367022E-12  -0.654198E-12   0.984175E-13
   0.574900E+04   0.449433E-12   0.169251E-11   0.564388E-12
   0.575000E+04   0.190094E-12   0.642830E-12   0.160799E-12
   0.575100E+04  -0.351041E-12  -0.130953E-11  -0.467728E-12
   0.575200E+04   0.173283E-14  -0.442044E-12  -0.364874E-12
   0.575300E+04   0.115529E-11   0.297730E-11   0.401122E-12
   0.575400E+04   0.187075E-11   0.504729E-11   0.830903E-12
   0.575500E+04   0.148977E-11   0.367317E-11   0.387726E-12
   0.575600E+04   0.853520E-12   0.149345E-11  -0.253082E-12
   0.575700E+04   0.112822E-11   0.219926E-11  -0.145812E-12
   0.575800E+04   0.217437E-11   0.537606E-11   0.605535E-12
   0.575900E+04   0.273650E-11   0.706936E-11   0.990885E-12
   0.576000E+04   0.219154E-11   0.529335E-11   0.502355E-12
   0.576100E+04   0.141706E-11   0.279935E-11  -0.157059E-12
   0.576200E+04   0.156668E-11   0.323725E-11  -0.538194E-13
   0.576300E+04   0.245987E-11   0.606200E-11   0.673595E-12
   0.576400E+04   0.283359E-11   0.729301E-11   0.100736E-11
   0.576500E+04   0.210538E-11   0.507003E-11   0.470245E-12
   0.576600E+04   0.118751E-11   0.225194E-11  -0.207992E-12
   0.576700E+04   0.121429E-11   0.242744E-11  -0.108359E-12
   0.576800E+04   0.195817E-11   0.490273E-11   0.594764E-12
   0.576900E+04   0.214699E-11   0.566659E-11   0.876222E-12
   0.577000E+04   0.124258E-11   0.299498E-11   0.290745E-12
   0.577100E+04   0.199322E-12  -0.124074E-12  -0.403958E-12
   0.577200E+04   0.141402E-12  -0.136380E-12  -0.302064E-12
   0.577300E+04   0.802137E-12   0.213914E-11   0.388095E-12
   0.577400E+04   0.903082E-12   0.267003E-11   0.635582E-12
   0.577500E+04  -0.542232E-13  -0.143917E-12   0.265149E-13
   0.577600E+04  -0.108353E-11  -0.321466E-11  -0.656310E-12
   0.577700E+04  -0.108108E-11  -0.305178E-11  -0.523334E-12
   0.577800E+04  -0.358365E-12  -0.614205E-12   0.182064E-12
   0.577900E+04  -0.201322E-12   0.433575E-13   0.423894E-12
   0.578000E+04  -0.107007E-11  -0.255671E-11  -0.180020E-12
   0.578100E+04  -0.195218E-11  -0.524093E-11  -0.823515E-12
   0.578200E+04  -0.177445E-11  -0.461098E-11  -0.636292E-12
   0.578300E+04  -0.904066E-12  -0.179662E-11   0.100870E-12
   0.578400E+04  -0.641742E-12  -0.895465E-12   0.346091E-12
   0.578500E+04  -0.141053E-11  -0.326627E-11  -0.251031E-12
   0.578600E+04  -0.216710E-11  -0.563716E-11  -0.860521E-12
   0.578700E+04  -0.186016E-11  -0.467794E-11  -0.630151E-12
   0.578800E+04  -0.903316E-12  -0.166348E-11   0.124090E-12
   0.578900E+04  -0.605217E-12  -0.715295E-12   0.356764E-12
   0.579000E+04  -0.134736E-11  -0.306121E-11  -0.249443E-12
   0.579100E+04  -0.205022E-11  -0.531671E-11  -0.840205E-12
   0.579200E+04  -0.167552E-11  -0.419499E-11  -0.580110E-12
   0.579300E+04  -0.673150E-12  -0.108700E-11   0.182143E-12
   0.579400E+04  -0.355138E-12  -0.125277E-12   0.399406E-12
   0.579500E+04  -0.106792E-11  -0.242594E-11  -0.213764E-12
   0.579600E+04  -0.171059E-11  -0.453563E-11  -0.782824E-12
   0.579700E+04  -0.127129E-11  -0.325030E-11  -0.493033E-12
   0.579800E+04  -0.239409E-12  -0.863185E-13   0.273655E-12
   0.579900E+04   0.766525E-13   0.833939E-12   0.470904E-12
   0.580000E+04  -0.624865E-12  -0.146528E-11  -0.152263E-12
   0.580100E+04  -0.121745E-11  -0.344925E-11  -0.700724E-12
   0.580200E+04  -0.718856E-12  -0.200600E-11  -0.381843E-12
   0.580300E+04   0.335350E-12   0.120328E-11   0.387845E-12
   0.580400E+04   0.635464E-12   0.205213E-11   0.562502E-12
   0.580500E+04  -0.757706E-13  -0.295579E-12  -0.741658E-13
   0.580600E+04  -0.641446E-12  -0.221014E-11  -0.606038E-12
   0.580700E+04  -0.100933E-12  -0.648472E-12  -0.261402E-12
   0.580800E+04   0.971408E-12   0.260575E-11   0.510660E-12
   0.580900E+04   0.126681E-11   0.342948E-11   0.666245E-12
   0.581000E+04   0.566918E-12   0.111044E-11   0.227306E-13
   0.581100E+04   0.476103E-13  -0.660278E-12  -0.486124E-12
   0.581200E+04   0.636542E-12   0.105794E-11  -0.112877E-12
   0.581300E+04   0.171489E-11   0.434245E-11   0.659810E-12
   0.581400E+04   0.197634E-11   0.507890E-11   0.791215E-12
   0.581500E+04   0.124758E-11   0.269754E-11   0.134108E-12
   0.581600E+04   0.730105E-12   0.970427E-12  -0.359239E-12
   0.581700E+04   0.132206E-11   0.274561E-11   0.344942E-13
   0.581800E+04   0.235823E-11   0.595561E-11   0.798904E-12
   0.581900E+04   0.252765E-11   0.647378E-11   0.895604E-12
   0.582000E+04   0.169378E-11   0.384820E-11   0.210969E-12
   0.582100E+04   0.108070E-11   0.192156E-11  -0.285759E-12
   0.582200E+04   0.156303E-11   0.346461E-11   0.105207E-12
   0.582300E+04   0.244076E-11   0.629672E-11   0.836582E-12
   0.582400E+04   0.240756E-11   0.630419E-11   0.875156E-12
   0.582500E+04   0.136629E-11   0.315901E-11   0.141563E-12
   0.582600E+04   0.564432E-12   0.775653E-12  -0.378627E-12
   0.582700E+04   0.861530E-12   0.187118E-11  -0.787743E-14
   0.582800E+04   0.154164E-11   0.420603E-11   0.680337E-12
   0.582900E+04   0.132260E-11   0.373598E-11   0.663323E-12
   0.583000E+04   0.152004E-12   0.272403E-12  -0.102654E-12
   0.583100E+04  -0.714491E-12  -0.224246E-11  -0.619954E-12
   0.583200E+04  -0.459816E-12  -0.122401E-11  -0.240176E-12
   0.583300E+04   0.160736E-12   0.962647E-12   0.432081E-12
   0.583400E+04  -0.119545E-12   0.319001E-12   0.383573E-12
   0.583500E+04  -0.130381E-11  -0.318975E-11  -0.392529E-12
   0.583600E+04  -0.212004E-11  -0.556857E-11  -0.885268E-12
   0.583700E+04  -0.179021E-11  -0.435363E-11  -0.475013E-12
   0.583800E+04  -0.111214E-11  -0.204275E-11   0.202361E-12
   0.583900E+04  -0.134303E-11  -0.260432E-11   0.142632E-12
   0.584000E+04  -0.244029E-11  -0.592893E-11  -0.624814E-12
   0.584100E+04  -0.311368E-11  -0.796347E-11  -0.107605E-11
   0.584200E+04  -0.261800E-11  -0.634667E-11  -0.619312E-12
   0.584300E+04  -0.178744E-11  -0.368978E-11   0.802227E-13
   0.584400E+04  -0.186841E-11  -0.392547E-11   0.286235E-13
   0.584500E+04  -0.277784E-11  -0.681401E-11  -0.709553E-12
   0.584600E+04  -0.321632E-11  -0.827021E-11  -0.110027E-11
   0.584700E+04  -0.247981E-11  -0.605957E-11  -0.582086E-12
   0.584800E+04  -0.144383E-11  -0.292097E-11   0.149838E-12
   0.584900E+04  -0.134592E-11  -0.275596E-11   0.112302E-12
   0.585000E+04  -0.206219E-11  -0.519252E-11  -0.594780E-12
   0.585100E+04  -0.228098E-11  -0.610383E-11  -0.927281E-12
   0.585200E+04  -0.133368E-11  -0.336526E-11  -0.353247E-12
   0.585300E+04  -0.132113E-12   0.171415E-12   0.403854E-12
   0.585400E+04   0.941939E-13   0.633277E-12   0.372156E-12
   0.585500E+04  -0.497953E-12  -0.149875E-11  -0.314944E-12
   0.585600E+04  -0.593858E-12  -0.208399E-11  -0.606262E-12
   0.585700E+04   0.437290E-12   0.883932E-12  -0.483856E-15
   0.585800E+04   0.165384E-11   0.445763E-11   0.752500E-12
   0.585900E+04   0.184324E-11   0.481700E-11   0.694879E-12
   0.586000E+04   0.119872E-11   0.256004E-11  -0.584711E-14
   0.586100E+04   0.103621E-11   0.183395E-11  -0.292830E-12
   0.586200E+04   0.195013E-11   0.452921E-11   0.304326E-12
   0.586300E+04   0.298132E-11   0.763717E-11   0.101259E-11
   0.586400E+04   0.295488E-11   0.744918E-11   0.893667E-12
   0.586500E+04   0.211790E-11   0.472914E-11   0.153015E-12
   0.586600E+04   0.179115E-11   0.363945E-11  -0.146993E-12
   0.586700E+04   0.252206E-11   0.592265E-11   0.430116E-12
   0.586800E+04   0.331832E-11   0.846264E-11   0.108502E-11
   0.586900E+04   0.303239E-11   0.763170E-11   0.897286E-12
   0.587000E+04   0.196452E-11   0.435670E-11   0.109996E-12
   0.587100E+04   0.144610E-11   0.283175E-11  -0.208458E-12
   0.587200E+04   0.198400E-11   0.467049E-11   0.345594E-12
   0.587300E+04   0.255547E-11   0.665867E-11   0.947862E-12
   0.587400E+04   0.203899E-11   0.524670E-11   0.696324E-12
   0.587500E+04   0.785210E-12   0.151657E-11  -0.129067E-12
   0.587600E+04   0.135442E-12  -0.308857E-12  -0.454968E-12
   0.587700E+04   0.558436E-12   0.126227E-11   0.896501E-13
   0.587800E+04   0.100500E-11   0.293015E-11   0.657148E-12
   0.587900E+04   0.382144E-12   0.123257E-11   0.365399E-12
   0.588000E+04  -0.909401E-12  -0.259255E-11  -0.468839E-12
   0.588100E+04  -0.152084E-11  -0.429959E-11  -0.768598E-12
   0.588200E+04  -0.102565E-11  -0.252954E-11  -0.196729E-12
   0.588300E+04  -0.506910E-12  -0.687736E-12   0.374800E-12
   0.588400E+04  -0.104142E-11  -0.218264E-11   0.818184E-13
   0.588500E+04  -0.219310E-11  -0.566103E-11  -0.725523E-12
   0.588600E+04  -0.261593E-11  -0.688243E-11  -0.969695E-12
   0.588700E+04  -0.192586E-11  -0.461963E-11  -0.347680E-12
   0.588800E+04  -0.123218E-11  -0.235939E-11   0.246797E-12
   0.588900E+04  -0.158889E-11  -0.343563E-11  -0.300833E-13
   0.589000E+04  -0.252659E-11  -0.638464E-11  -0.795364E-12
   0.589100E+04  -0.271160E-11  -0.699837E-11  -0.973988E-12
   0.589200E+04  -0.181106E-11  -0.420679E-11  -0.299418E-12
   0.589300E+04  -0.961832E-12  -0.158262E-11   0.313162E-12
   0.589400E+04  -0.119055E-11  -0.237305E-11   0.419659E-13
   0.589500E+04  -0.199045E-11  -0.499382E-11  -0.696668E-12
   0.589600E+04  -0.203991E-11  -0.527020E-11  -0.831083E-12
   0.589700E+04  -0.105681E-11  -0.228937E-11  -0.131508E-12
   0.589800E+04  -0.198132E-12   0.310740E-12   0.467746E-12
   0.589900E+04  -0.446679E-12  -0.583620E-12   0.171358E-12
   0.590000E+04  -0.123870E-11  -0.321213E-11  -0.566776E-12
   0.590100E+04  -0.125116E-11  -0.339602E-11  -0.676266E-12
   0.590200E+04  -0.251440E-12  -0.377333E-12   0.358125E-13
   0.590300E+04   0.573353E-12   0.211107E-11   0.614340E-12
   0.590400E+04   0.269989E-12   0.104654E-11   0.287749E-12
   0.590500E+04  -0.551173E-12  -0.166606E-11  -0.455316E-12
   0.590600E+04  -0.567532E-12  -0.185036E-11  -0.547106E-12
   0.590700E+04   0.409507E-12   0.111283E-11   0.169520E-12
   0.590800E+04   0.117019E-11   0.341872E-11   0.721193E-12
   0.590900E+04   0.794886E-12   0.214914E-11   0.361843E-12
   0.591000E+04  -0.600028E-13  -0.647407E-12  -0.385522E-12
   0.591100E+04  -0.749350E-13  -0.804782E-12  -0.457276E-12
   0.591200E+04   0.892596E-12   0.215112E-11   0.267220E-12
   0.591300E+04   0.160823E-11   0.433827E-11   0.796658E-12
   0.591400E+04   0.118221E-11   0.293291E-11   0.410313E-12
   0.591500E+04   0.311767E-12   0.112630E-12  -0.335940E-12
   0.591600E+04   0.310104E-12   0.240528E-13  -0.384193E-12
   0.591700E+04   0.127505E-11   0.300039E-11   0.349852E-12
   0.591800E+04   0.195176E-11   0.509453E-11   0.858667E-12
   0.591900E+04   0.148186E-11   0.358163E-11   0.447855E-12
   0.592000E+04   0.599404E-12   0.756615E-12  -0.295152E-12
   0.592100E+04   0.605092E-12   0.728434E-12  -0.320467E-12
   0.592200E+04   0.154999E-11   0.368367E-11   0.419264E-12
   0.592300E+04   0.216352E-11   0.562472E-11   0.902224E-12
   0.592400E+04   0.162642E-11   0.394895E-11   0.462823E-12
   0.592500E+04   0.713810E-12   0.108097E-11  -0.279350E-12
   0.592600E+04   0.711234E-12   0.108398E-11  -0.283929E-12
   0.592700E+04   0.161557E-11   0.397580E-11   0.457599E-12
   0.592800E+04   0.213289E-11   0.568569E-11   0.908095E-12
   0.592900E+04   0.147881E-11   0.371994E-11   0.430302E-12
   0.593000E+04   0.469931E-12   0.632746E-12  -0.324468E-12
   0.593100E+04   0.381802E-12   0.454765E-12  -0.325161E-12
   0.593200E+04   0.116612E-11   0.305990E-11   0.399787E-12
   0.593300E+04   0.151672E-11   0.433585E-11   0.801218E-12
   0.593400E+04   0.695074E-12   0.192928E-11   0.273291E-12
   0.593500E+04  -0.431603E-12  -0.145008E-11  -0.499329E-12
   0.593600E+04  -0.591687E-12  -0.178662E-11  -0.494332E-12
   0.593700E+04   0.122751E-12   0.653915E-12   0.223181E-12
   0.593800E+04   0.387826E-12   0.170219E-11   0.591604E-12
   0.593900E+04  -0.501710E-12  -0.891299E-12   0.341348E-13
   0.594000E+04  -0.164357E-11  -0.430678E-11  -0.735326E-12
   0.594100E+04  -0.178125E-11  -0.457646E-11  -0.706675E-12
   0.594200E+04  -0.105225E-11  -0.210958E-11   0.179886E-13
   0.594300E+04  -0.791315E-12  -0.111051E-11   0.367189E-12
   0.594400E+04  -0.166121E-11  -0.369578E-11  -0.203975E-12
   0.594500E+04  -0.271885E-11  -0.691733E-11  -0.951398E-12
   0.594600E+04  -0.272255E-11  -0.685335E-11  -0.877864E-12
   0.594700E+04  -0.185932E-11  -0.406761E-11  -0.123364E-12
   0.594800E+04  -0.148197E-11  -0.281939E-11   0.229999E-12
   0.594900E+04  -0.221994E-11  -0.511780E-11  -0.332309E-12
   0.595000E+04  -0.309773E-11  -0.791022E-11  -0.103840E-11
   0.595100E+04  -0.289218E-11  -0.733089E-11  -0.905549E-12
   0.595200E+04  -0.183676E-11  -0.408828E-11  -0.110840E-12
   0.595300E+04  -0.129562E-11  -0.247594E-11   0.255488E-12
   0.595400E+04  -0.186065E-11  -0.438272E-11  -0.289229E-12
   0.595500E+04  -0.252615E-11  -0.665795E-11  -0.946375E-12
   0.595600E+04  -0.209394E-11  -0.551124E-11  -0.750109E-12
   0.595700E+04  -0.849111E-12  -0.181059E-11   0.842961E-13
   0.595800E+04  -0.166668E-12   0.118303E-12   0.459466E-12
   0.595900E+04  -0.595412E-12  -0.147622E-11  -0.735737E-13
   0.596000E+04  -0.109278E-11  -0.332560E-11  -0.688466E-12
   0.596100E+04  -0.482257E-12  -0.170515E-11  -0.436261E-12
   0.596200E+04   0.896504E-12   0.234890E-11   0.428950E-12
   0.596300E+04   0.164811E-11   0.445100E-11   0.801303E-12
   0.596400E+04   0.125428E-11   0.294953E-11   0.262968E-12
   0.596500E+04   0.785150E-12   0.120223E-11  -0.334842E-12
   0.596600E+04   0.139479E-11   0.286364E-11  -0.612148E-13
   0.596700E+04   0.269705E-11   0.675044E-11   0.792739E-12
   0.596800E+04   0.328811E-11   0.844986E-11   0.111613E-11
   0.596900E+04   0.269133E-11   0.644042E-11   0.525076E-12
   0.597000E+04   0.201492E-11   0.419727E-11  -0.102715E-12
   0.597100E+04   0.240444E-11   0.534287E-11   0.147891E-12
   0.597200E+04   0.344499E-11   0.859646E-11   0.952876E-12
   0.597300E+04   0.373913E-11   0.955936E-11   0.120049E-11
   0.597400E+04   0.285434E-11   0.684574E-11   0.541616E-12
   0.597500E+04   0.192483E-11   0.401099E-11  -0.123163E-12
   0.597600E+04   0.206922E-11   0.459044E-11   0.100337E-12
   0.597700E+04   0.283191E-11   0.717054E-11   0.852537E-12
   0.597800E+04   0.282308E-11   0.737062E-11   0.102201E-11
   0.597900E+04   0.166536E-11   0.397334E-11   0.297388E-12
   0.598000E+04   0.530851E-12   0.649903E-12  -0.395678E-12
   0.598100E+04   0.517091E-12   0.866763E-12  -0.183244E-12
   0.598200E+04   0.112596E-11   0.307405E-11   0.539468E-12
   0.598300E+04   0.968175E-12   0.289029E-11   0.660727E-12
   0.598400E+04  -0.287395E-12  -0.758190E-12  -0.947353E-13
   0.598500E+04  -0.143856E-11  -0.410636E-11  -0.778644E-12
   0.598600E+04  -0.141377E-11  -0.376982E-11  -0.539083E-12
   0.598700E+04  -0.756204E-12  -0.143978E-11   0.192924E-12
   0.598800E+04  -0.857263E-12  -0.150315E-11   0.305861E-12
   0.598900E+04  -0.200702E-11  -0.490225E-11  -0.440122E-12
   0.599000E+04  -0.298073E-11  -0.779867E-11  -0.107644E-11
   0.599100E+04  -0.274039E-11  -0.691119E-11  -0.775632E-12
   0.599200E+04  -0.187942E-11  -0.408647E-11  -0.537917E-14
   0.599300E+04  -0.179359E-11  -0.372157E-11   0.123516E-12
   0.599400E+04  -0.273117E-11  -0.662313E-11  -0.592756E-12
   0.599500E+04  -0.344075E-11  -0.886572E-11  -0.116493E-11
   0.599600E+04  -0.291151E-11  -0.725159E-11  -0.789100E-12
   0.599700E+04  -0.178311E-11  -0.377029E-11   0.316675E-13
   0.599800E+04  -0.146021E-11  -0.284137E-11   0.187186E-12
   0.599900E+04  -0.216364E-11  -0.517747E-11  -0.493401E-12
   0.600000E+04  -0.263248E-11  -0.681633E-11  -0.100489E-11
   0.600100E+04  -0.189167E-11  -0.466982E-11  -0.569725E-12
   0.600200E+04  -0.621944E-12  -0.856764E-12   0.275059E-12
   0.600300E+04  -0.223221E-12   0.218604E-12   0.423789E-12
   0.600400E+04  -0.876617E-12  -0.202859E-11  -0.258532E-12
   0.600500E+04  -0.130433E-11  -0.358019E-11  -0.750004E-12
   0.600600E+04  -0.559261E-12  -0.143705E-11  -0.298427E-12
   0.600700E+04   0.651752E-12   0.219437E-11   0.528852E-12
   0.600800E+04   0.953786E-12   0.298223E-11   0.636117E-12
   0.600900E+04   0.220401E-12   0.510580E-12  -0.722969E-13
   0.601000E+04  -0.253765E-12  -0.114899E-11  -0.558757E-12
   0.601100E+04   0.436084E-12   0.870241E-12  -0.100570E-12
   0.601200E+04   0.153908E-11   0.422137E-11   0.700770E-12
   0.601300E+04   0.169578E-11   0.461724E-11   0.758160E-12
   0.601400E+04   0.837804E-12   0.182087E-11   0.162309E-13
   0.601500E+04   0.288203E-12  -0.866167E-14  -0.469712E-12
   0.601600E+04   0.919930E-12   0.189443E-11  -0.458855E-14
   0.601700E+04   0.193969E-11   0.504923E-11   0.776879E-12
   0.601800E+04   0.199424E-11   0.518796E-11   0.795063E-12
   0.601900E+04   0.105759E-11   0.220763E-11   0.314260E-13
   0.602000E+04   0.467465E-12   0.314237E-12  -0.445096E-12
   0.602100E+04   0.105985E-11   0.215711E-11   0.311114E-13
   0.602200E+04   0.200343E-11   0.513444E-11   0.793573E-12
   0.602300E+04   0.196017E-11   0.502500E-11   0.773184E-12
   0.602400E+04   0.953867E-12   0.188219E-11  -0.987413E-14
   0.602500E+04   0.339773E-12  -0.326405E-13  -0.473175E-12
   0.602600E+04   0.916033E-12   0.181031E-11   0.185960E-13
   0.602700E+04   0.181017E-11   0.467895E-11   0.766911E-12
   0.602800E+04   0.169492E-11   0.438595E-11   0.713043E-12
   0.602900E+04   0.639970E-12   0.113029E-11  -0.849030E-13
   0.603000E+04   0.183190E-13  -0.770324E-12  -0.531751E-12
   0.603100E+04   0.596372E-12   0.111270E-11  -0.215956E-13
   0.603200E+04   0.146857E-11   0.394119E-11   0.717413E-12
   0.603300E+04   0.132011E-11   0.356757E-11   0.638254E-12
   0.603400E+04   0.257159E-12   0.309571E-12  -0.165144E-12
   0.603500E+04  -0.345029E-12  -0.150366E-11  -0.589291E-12
   0.603600E+04   0.238296E-12   0.426103E-12  -0.605677E-13
   0.603700E+04   0.107119E-11   0.316196E-11   0.664338E-12
   0.603800E+04   0.861936E-12   0.262625E-11   0.553377E-12
   0.603900E+04  -0.239668E-12  -0.724783E-12  -0.262115E-12
   0.604000E+04  -0.858521E-12  -0.255834E-11  -0.671802E-12
   0.604100E+04  -0.317667E-12  -0.724858E-12  -0.136330E-12
   0.604200E+04   0.418100E-12   0.174420E-11   0.559945E-12
   0.604300E+04   0.944701E-13   0.881956E-12   0.404059E-12
   0.604400E+04  -0.107501E-11  -0.265955E-11  -0.430693E-12
   0.604500E+04  -0.170233E-11  -0.450739E-11  -0.825075E-12
   0.604600E+04  -0.116045E-11  -0.266741E-11  -0.275045E-12
   0.604700E+04  -0.457312E-12  -0.306835E-12   0.404637E-12
   0.604800E+04  -0.825421E-12  -0.132654E-11   0.217341E-12
   0.604900E+04  -0.199403E-11  -0.489763E-11  -0.623244E-12
   0.605000E+04  -0.255709E-11  -0.659179E-11  -0.988638E-12
   0.605100E+04  -0.192680E-11  -0.453806E-11  -0.408002E-12
   0.605200E+04  -0.114836E-11  -0.201976E-11   0.275664E-12
   0.605300E+04  -0.143815E-11  -0.288543E-11   0.818132E-13
   0.605400E+04  -0.248359E-11  -0.617228E-11  -0.738983E-12
   0.605500E+04  -0.287684E-11  -0.744360E-11  -0.105363E-11
   0.605600E+04  -0.207776E-11  -0.497619E-11  -0.426910E-12
   0.605700E+04  -0.116733E-11  -0.216476E-11   0.270920E-12
   0.605800E+04  -0.133899E-11  -0.278469E-11   0.778774E-13
   0.605900E+04  -0.223197E-11  -0.571983E-11  -0.717141E-12
   0.606000E+04  -0.243264E-11  -0.651304E-11  -0.976350E-12
   0.606100E+04  -0.144588E-11  -0.358122E-11  -0.299960E-12
   0.606200E+04  -0.387023E-12  -0.426408E-12   0.415466E-12
   0.606300E+04  -0.428355E-12  -0.755977E-12   0.226900E-12
   0.606400E+04  -0.116632E-11  -0.331606E-11  -0.539831E-12
   0.606500E+04  -0.118671E-11  -0.364411E-11  -0.744346E-12
   0.606600E+04  -0.394301E-13  -0.296456E-12  -0.226222E-13
   0.606700E+04   0.113126E-11   0.313445E-11   0.704483E-12
   0.606800E+04   0.117854E-11   0.302265E-11   0.514767E-12
   0.606900E+04   0.544421E-12   0.747326E-12  -0.230172E-12
   0.607000E+04   0.630246E-12   0.736973E-12  -0.391404E-12
   0.607100E+04   0.182659E-11   0.425293E-11   0.355524E-12
   0.607200E+04   0.295408E-11   0.759325E-11   0.106460E-11
   0.607300E+04   0.289640E-11   0.722629E-11   0.836263E-12
   0.607400E+04   0.214545E-11   0.468708E-11   0.700988E-13
   0.607500E+04   0.210075E-11   0.439906E-11  -0.950009E-13
   0.607600E+04   0.310153E-11   0.746213E-11   0.627168E-12
   0.607700E+04   0.394137E-11   0.100861E-10   0.126784E-11
   0.607800E+04   0.354648E-11   0.886623E-11   0.953431E-12
   0.607900E+04   0.247518E-11   0.553871E-11   0.124922E-12
   0.608000E+04   0.214195E-11   0.456775E-11  -0.760841E-13
   0.608100E+04   0.284492E-11   0.691963E-11   0.600275E-12
   0.608200E+04   0.334991E-11   0.871264E-11   0.116292E-11
   0.608300E+04   0.261532E-11   0.663827E-11   0.762556E-12
   0.608400E+04   0.125353E-11   0.259709E-11  -0.121673E-12
   0.608500E+04   0.688268E-12   0.107712E-11  -0.347721E-12
   0.608600E+04   0.118070E-11   0.292382E-11   0.298675E-12
   0.608700E+04   0.147763E-11   0.419185E-11   0.807102E-12
   0.608800E+04   0.573854E-12   0.168418E-11   0.354496E-12
   0.608900E+04  -0.870184E-12  -0.254907E-11  -0.543293E-12
   0.609000E+04  -0.143580E-11  -0.403586E-11  -0.747862E-12
   0.609100E+04  -0.914978E-12  -0.209683E-11  -0.844189E-13
   0.609200E+04  -0.592988E-12  -0.776758E-12   0.415183E-12
   0.609300E+04  -0.144737E-11  -0.318410E-11  -0.469883E-13
   0.609400E+04  -0.277424E-11  -0.713049E-11  -0.919604E-12
   0.609500E+04  -0.315998E-11  -0.815819E-11  -0.106867E-11
   0.609600E+04  -0.244522E-11  -0.573922E-11  -0.357925E-12
   0.609700E+04  -0.194137E-11  -0.399867E-11   0.161651E-12
   0.609800E+04  -0.259589E-11  -0.594783E-11  -0.281366E-12
   0.609900E+04  -0.366508E-11  -0.926971E-11  -0.110129E-11
   0.610000E+04  -0.374723E-11  -0.954011E-11  -0.117100E-11
   0.610100E+04  -0.273617E-11  -0.639459E-11  -0.393901E-12
   0.610200E+04  -0.196911E-11  -0.403605E-11   0.160865E-12
   0.610300E+04  -0.236127E-11  -0.537061E-11  -0.250285E-12
   0.610400E+04  -0.313013E-11  -0.795443E-11  -0.100782E-11
   0.610500E+04  -0.289226E-11  -0.741479E-11  -0.993820E-12
   0.610600E+04  -0.160413E-11  -0.357809E-11  -0.153731E-12
   0.610700E+04  -0.637078E-12  -0.749197E-12   0.424045E-12
   0.610800E+04  -0.877733E-12  -0.174052E-11   0.234871E-13
   0.610900E+04  -0.150253E-11  -0.397670E-11  -0.702080E-12
   0.611000E+04  -0.113873E-11  -0.311724E-11  -0.643291E-12
   0.611100E+04   0.205139E-12   0.848726E-12   0.214464E-12
   0.611200E+04   0.113446E-11   0.354344E-11   0.766654E-12
   0.611300E+04   0.801219E-12   0.227469E-11   0.327572E-12
   0.611400E+04   0.810631E-13  -0.221601E-12  -0.413782E-12
   0.611500E+04   0.350462E-12   0.401854E-12  -0.354396E-12
   0.611600E+04   0.156526E-11   0.403867E-11   0.483935E-12
   0.611700E+04   0.231946E-11   0.627146E-11   0.984045E-12
   0.611800E+04   0.180447E-11   0.452968E-11   0.491263E-12
   0.611900E+04   0.937828E-12   0.167901E-11  -0.272671E-12
   0.612000E+04   0.108601E-11   0.203260E-11  -0.215276E-12
   0.612100E+04   0.216038E-11   0.534094E-11   0.603104E-12
   0.612200E+04   0.274170E-11   0.714264E-11   0.105318E-11
   0.612300E+04   0.206126E-11   0.499170E-11   0.512137E-12
   0.612400E+04   0.107609E-11   0.187793E-11  -0.266467E-12
   0.612500E+04   0.113703E-11   0.206483E-11  -0.202802E-12
   0.612600E+04   0.210551E-11   0.514460E-11   0.602976E-12
   0.612700E+04   0.254622E-11   0.660405E-11   0.100968E-11
   0.612800E+04   0.172947E-11   0.411947E-11   0.426777E-12
   0.612900E+04   0.651674E-12   0.804288E-12  -0.360961E-12
   0.613000E+04   0.649283E-12   0.875791E-12  -0.286955E-12
   0.613100E+04   0.153776E-11   0.377994E-11   0.509787E-12
   0.613200E+04   0.187182E-11   0.497053E-11   0.878570E-12
   0.613300E+04   0.965953E-12   0.226172E-11   0.262888E-12
   0.613400E+04  -0.142907E-12  -0.110629E-11  -0.521529E-12
   0.613500E+04  -0.135808E-12  -0.971986E-12  -0.423006E-12
   0.613600E+04   0.751360E-12   0.194877E-11   0.379362E-12
   0.613700E+04   0.105806E-11   0.306261E-11   0.725123E-12
   0.613800E+04   0.139797E-12   0.314146E-12   0.917497E-13
   0.613900E+04  -0.925311E-12  -0.292616E-11  -0.674372E-12
   0.614000E+04  -0.831638E-12  -0.253930E-11  -0.536268E-12
   0.614100E+04   0.137183E-12   0.608650E-12   0.287859E-12
   0.614200E+04   0.501907E-12   0.186830E-11   0.627990E-12
   0.614300E+04  -0.354527E-12  -0.723647E-12  -0.700342E-14
   0.614400E+04  -0.133130E-11  -0.371991E-11  -0.744940E-12
   0.614500E+04  -0.114891E-11  -0.308143E-11  -0.567396E-12
   0.614600E+04  -0.138693E-12   0.174598E-12   0.268334E-12
   0.614700E+04   0.211602E-12   0.137123E-11   0.585837E-12
   0.614800E+04  -0.675676E-12  -0.132970E-11  -0.715106E-13
   0.614900E+04  -0.166814E-11  -0.438007E-11  -0.804448E-12
   0.615000E+04  -0.150336E-11  -0.379618E-11  -0.611979E-12
   0.615100E+04  -0.545820E-12  -0.704798E-12   0.212936E-12
   0.615200E+04  -0.272628E-12   0.244433E-12   0.492792E-12
   0.615300E+04  -0.120723E-11  -0.261931E-11  -0.190721E-12
   0.615400E+04  -0.218396E-11  -0.564316E-11  -0.911606E-12
   0.615500E+04  -0.196941E-11  -0.493412E-11  -0.689958E-12
   0.615600E+04  -0.979028E-12  -0.178011E-11   0.141612E-12
   0.615700E+04  -0.694040E-12  -0.845076E-12   0.402104E-12
   0.615800E+04  -0.159116E-11  -0.365278E-11  -0.289679E-12
   0.615900E+04  -0.247292E-11  -0.644859E-11  -0.981894E-12
   0.616000E+04  -0.213380E-11  -0.542545E-11  -0.716164E-12
   0.616100E+04  -0.103954E-11  -0.202867E-11   0.135735E-12
   0.616200E+04  -0.677104E-12  -0.939640E-12   0.389981E-12
   0.616300E+04  -0.148072E-11  -0.354673E-11  -0.298059E-12
   0.616400E+04  -0.222574E-11  -0.600738E-11  -0.952503E-12
   0.616500E+04  -0.173612E-11  -0.460558E-11  -0.637711E-12
   0.616600E+04  -0.524444E-12  -0.933900E-12   0.236390E-12
   0.616700E+04  -0.767338E-13   0.329303E-12   0.485724E-12
   0.616800E+04  -0.778435E-12  -0.204970E-11  -0.195879E-12
   0.616900E+04  -0.137455E-11  -0.413091E-11  -0.808452E-12
   0.617000E+04  -0.718901E-12  -0.229090E-11  -0.440008E-12
   0.617100E+04   0.624884E-12   0.171836E-11   0.460638E-12
   0.617200E+04   0.116359E-11   0.319830E-11   0.708236E-12
   0.617300E+04   0.550061E-12   0.104010E-11   0.330306E-13
   0.617400E+04   0.619221E-13  -0.740612E-12  -0.543395E-12
   0.617500E+04   0.815721E-12   0.138821E-11  -0.133375E-12
   0.617600E+04   0.220442E-11   0.553764E-11   0.777454E-12
   0.617700E+04   0.273464E-11   0.700941E-11   0.100524E-11
   0.617800E+04   0.209577E-11   0.481398E-11   0.316496E-12
   0.617900E+04   0.157799E-11   0.301192E-11  -0.248800E-12
   0.618000E+04   0.225926E-11   0.501593E-11   0.169695E-12
   0.618100E+04   0.349062E-11   0.880217E-11   0.104998E-11
   0.618200E+04   0.379029E-11   0.970421E-11   0.121307E-11
   0.618300E+04   0.289774E-11   0.688772E-11   0.464857E-12
   0.618400E+04   0.212389E-11   0.447865E-11  -0.135426E-12
   0.618500E+04   0.251345E-11   0.578293E-11   0.245505E-12
   0.618600E+04   0.338625E-11   0.867087E-11   0.105194E-11
   0.618700E+04   0.329223E-11   0.856449E-11   0.111519E-11
   0.618800E+04   0.204420E-11   0.485068E-11   0.286070E-12
   0.618900E+04   0.988863E-12   0.176275E-11  -0.354385E-12
   0.619000E+04   0.113696E-11   0.249703E-11  -0.906554E-15
   0.619100E+04   0.176286E-11   0.477697E-11   0.754155E-12
   0.619200E+04   0.142931E-11   0.405943E-11   0.749078E-12
   0.619300E+04   0.773807E-14  -0.891569E-13  -0.123540E-12
   0.619400E+04  -0.112674E-11  -0.334802E-11  -0.763255E-12
   0.619500E+04  -0.999994E-12  -0.263556E-11  -0.393909E-12
   0.619600E+04  -0.386720E-12  -0.381706E-12   0.355396E-12
   0.619700E+04  -0.719885E-12  -0.111552E-11   0.329192E-12
   0.619800E+04  -0.208221E-11  -0.512508E-11  -0.540673E-12
   0.619900E+04  -0.308194E-11  -0.803508E-11  -0.113781E-11
   0.620000E+04  -0.278703E-11  -0.689392E-11  -0.717067E-12
   0.620100E+04  -0.201926E-11  -0.427793E-11   0.566688E-13
   0.620200E+04  -0.220134E-11  -0.468251E-11   0.366886E-13
   0.620300E+04  -0.336419E-11  -0.823082E-11  -0.804209E-12
   0.620400E+04  -0.409500E-11  -0.104787E-10  -0.133339E-11
   0.620500E+04  -0.350083E-11  -0.859515E-11  -0.836619E-12
   0.620600E+04  -0.245076E-11  -0.530288E-11  -0.141144E-13
   0.620700E+04  -0.236400E-11  -0.508252E-11  -0.440924E-14
   0.620800E+04  -0.323322E-11  -0.793075E-11  -0.796711E-12
   0.620900E+04  -0.363832E-11  -0.937365E-11  -0.124612E-11
   0.621000E+04  -0.273017E-11  -0.671330E-11  -0.670938E-12
   0.621100E+04  -0.141765E-11  -0.279588E-11   0.195591E-12
   0.621200E+04  -0.110446E-11  -0.205130E-11   0.226916E-12
   0.621300E+04  -0.174018E-11  -0.433571E-11  -0.526970E-12
   0.621400E+04  -0.190472E-11  -0.516731E-11  -0.911522E-12
   0.621500E+04  -0.805370E-12  -0.201919E-11  -0.281254E-12
   0.621600E+04   0.602685E-12   0.211863E-11   0.596461E-12
   0.621700E+04   0.936362E-12   0.287925E-11   0.608939E-12
   0.621800E+04   0.301078E-12   0.578428E-12  -0.152076E-12
   0.621900E+04   0.127612E-12  -0.266951E-12  -0.521121E-12
   0.622000E+04   0.115869E-11   0.271466E-11   0.111751E-12
   0.622100E+04   0.239987E-11   0.640774E-11   0.947018E-12
   0.622200E+04   0.250282E-11   0.654795E-11   0.889938E-12
   0.622300E+04   0.165005E-11   0.368502E-11   0.789817E-13
   0.622400E+04   0.130517E-11   0.243305E-11  -0.305407E-12
   0.622500E+04   0.217177E-11   0.503801E-11   0.312992E-12
   0.622600E+04   0.320845E-11   0.823591E-11   0.110123E-11
   0.622700E+04   0.307853E-11   0.779771E-11   0.978030E-12
   0.622800E+04   0.201543E-11   0.443063E-11   0.122468E-12
   0.622900E+04   0.150039E-11   0.280105E-11  -0.274543E-12
   0.623000E+04   0.219941E-11   0.503385E-11   0.329317E-12
   0.623100E+04   0.303643E-11   0.775384E-11   0.107124E-11
   0.623200E+04   0.269722E-11   0.680065E-11   0.886999E-12
   0.623300E+04   0.146667E-11   0.304230E-11  -0.352056E-14
   0.623400E+04   0.835377E-12   0.117379E-11  -0.401739E-12
   0.623500E+04   0.142254E-11   0.317187E-11   0.198082E-12
   0.623600E+04   0.211385E-11   0.553949E-11   0.903046E-12
   0.623700E+04   0.161997E-11   0.419262E-11   0.667448E-12
   0.623800E+04   0.282892E-12   0.176914E-12  -0.246729E-12
   0.623900E+04  -0.391347E-12  -0.176579E-11  -0.632720E-12
   0.624000E+04   0.175064E-12   0.209511E-12  -0.205432E-13
   0.624100E+04   0.832224E-12   0.249257E-11   0.668141E-12
   0.624200E+04   0.312550E-12   0.106770E-11   0.406396E-12
   0.624300E+04  -0.994062E-12  -0.286779E-11  -0.503891E-12
   0.624400E+04  -0.157647E-11  -0.455446E-11  -0.851053E-12
   0.624500E+04  -0.902854E-12  -0.229107E-11  -0.202281E-12
   0.624600E+04  -0.155732E-12   0.209938E-12   0.493552E-12
   0.624700E+04  -0.576234E-12  -0.982566E-12   0.230443E-12
   0.624800E+04  -0.172899E-11  -0.452432E-11  -0.650322E-12
   0.624900E+04  -0.211046E-11  -0.567378E-11  -0.935945E-12
   0.625000E+04  -0.125256E-11  -0.292402E-11  -0.235256E-12
   0.625100E+04  -0.383918E-12  -0.128544E-12   0.473233E-12
   0.625200E+04  -0.722873E-12  -0.114506E-11   0.204408E-12
   0.625300E+04  -0.178332E-11  -0.446871E-11  -0.660145E-12
   0.625400E+04  -0.206010E-11  -0.535122E-11  -0.905487E-12
   0.625500E+04  -0.113967E-11  -0.245531E-11  -0.180521E-12
   0.625600E+04  -0.287946E-12   0.248778E-12   0.509256E-12
   0.625700E+04  -0.688942E-12  -0.990925E-12   0.203026E-12
   0.625800E+04  -0.178864E-11  -0.446076E-11  -0.673681E-12
   0.625900E+04  -0.205885E-11  -0.534539E-11  -0.899929E-12
   0.626000E+04  -0.112258E-11  -0.242613E-11  -0.160988E-12
   0.626100E+04  -0.278883E-12   0.221972E-12   0.512350E-12
   0.626200E+04  -0.692035E-12  -0.108962E-11   0.181000E-12
   0.626300E+04  -0.176698E-11  -0.451681E-11  -0.692068E-12
   0.626400E+04  -0.197651E-11  -0.524761E-11  -0.886518E-12
   0.626500E+04  -0.988710E-12  -0.220669E-11  -0.126311E-12
   0.626600E+04  -0.128114E-12   0.449352E-12   0.535086E-12
   0.626700E+04  -0.526228E-12  -0.864656E-12   0.184324E-12
   0.626800E+04  -0.154012E-11  -0.415257E-11  -0.676731E-12
   0.626900E+04  -0.164643E-11  -0.461312E-11  -0.829888E-12
   0.627000E+04  -0.565922E-12  -0.133616E-11  -0.398596E-13
   0.627100E+04   0.345252E-12   0.142261E-11   0.616588E-12
   0.627200E+04  -0.137288E-13   0.175439E-12   0.252143E-12
   0.627300E+04  -0.950898E-12  -0.292602E-11  -0.592455E-12
   0.627400E+04  -0.943222E-12  -0.308070E-11  -0.701292E-12
   0.627500E+04   0.240816E-12   0.471560E-12   0.121108E-12
   0.627600E+04   0.121712E-11   0.338774E-11   0.776417E-12
   0.627700E+04   0.913674E-12   0.227274E-11   0.403753E-12
   0.627800E+04   0.624260E-13  -0.592655E-12  -0.419715E-12
   0.627900E+04   0.173906E-12  -0.443615E-12  -0.484197E-12
   0.628000E+04   0.142389E-11   0.330651E-11   0.363837E-12
   0.628100E+04   0.240107E-11   0.622996E-11   0.100552E-11
   0.628200E+04   0.207018E-11   0.504814E-11   0.609058E-12
   0.628300E+04   0.121274E-11   0.219899E-11  -0.210076E-12
   0.628400E+04   0.133258E-11   0.242769E-11  -0.247853E-12
   0.628500E+04   0.254933E-11   0.614565E-11   0.606951E-12
   0.628600E+04   0.341826E-11   0.882154E-11   0.121426E-11
   0.628700E+04   0.293187E-11   0.726568E-11   0.769885E-12
   0.628800E+04   0.191453E-11   0.405141E-11  -0.745475E-13
   0.628900E+04   0.186426E-11   0.390361E-11  -0.121793E-12
   0.629000E+04   0.285410E-11   0.708318E-11   0.698854E-12
   0.629100E+04   0.342029E-11   0.899458E-11   0.123010E-11
   0.629200E+04   0.259719E-11   0.657601E-11   0.699168E-12
   0.629300E+04   0.126534E-11   0.257265E-11  -0.203677E-12
   0.629400E+04   0.932843E-12   0.173371E-11  -0.285379E-12
   0.629500E+04   0.164614E-11   0.422671E-11   0.488652E-12
   0.629600E+04   0.193962E-11   0.544176E-11   0.948772E-12
   0.629700E+04   0.892496E-12   0.245374E-11   0.354984E-12
   0.629800E+04  -0.575773E-12  -0.187009E-11  -0.568225E-12
   0.629900E+04  -0.977507E-12  -0.284430E-11  -0.640003E-12
   0.630000E+04  -0.321821E-12  -0.477261E-12   0.131419E-12
   0.630100E+04  -0.917296E-13   0.564169E-12   0.561527E-12
   0.630200E+04  -0.116455E-11  -0.250936E-11  -0.562811E-13
   0.630300E+04  -0.257643E-11  -0.668994E-11  -0.962308E-12
   0.630400E+04  -0.285607E-11  -0.734158E-11  -0.987694E-12
   0.630500E+04  -0.206884E-11  -0.464803E-11  -0.183542E-12
   0.630600E+04  -0.171982E-11  -0.334424E-11   0.250778E-12
   0.630700E+04  -0.264864E-11  -0.609894E-11  -0.358516E-12
   0.630800E+04  -0.385089E-11  -0.977397E-11  -0.121787E-11
   0.630900E+04  -0.387123E-11  -0.978126E-11  -0.117124E-11
   0.631000E+04  -0.282729E-11  -0.646723E-11  -0.311643E-12
   0.631100E+04  -0.224247E-11  -0.462213E-11   0.148633E-12
   0.631200E+04  -0.291962E-11  -0.679506E-11  -0.430836E-12
   0.631300E+04  -0.382038E-11  -0.973586E-11  -0.122463E-11
   0.631400E+04  -0.351398E-11  -0.892934E-11  -0.109247E-11
   0.631500E+04  -0.217638E-11  -0.490213E-11  -0.170717E-12
   0.631600E+04  -0.135111E-11  -0.250460E-11   0.315977E-12
   0.631700E+04  -0.180308E-11  -0.416195E-11  -0.238533E-12
   0.631800E+04  -0.245663E-11  -0.650183E-11  -0.976714E-12
   0.631900E+04  -0.189983E-11  -0.506494E-11  -0.773633E-12
   0.632000E+04  -0.360068E-12  -0.538342E-12   0.192612E-12
   0.632100E+04   0.601965E-12   0.217581E-11   0.686603E-12
   0.632200E+04   0.253895E-12   0.759284E-12   0.135681E-12
   0.632300E+04  -0.303259E-12  -0.133010E-11  -0.574065E-12
   0.632400E+04   0.314140E-12   0.280930E-12  -0.336371E-12
   0.632500E+04   0.182892E-11   0.474747E-11   0.629163E-12
   0.632600E+04   0.267660E-11   0.715205E-11   0.108021E-11
   0.632700E+04   0.217464E-11   0.533111E-11   0.481951E-12
   0.632800E+04   0.146313E-11   0.286508E-11  -0.248647E-12
   0.632900E+04   0.190714E-11   0.406695E-11  -0.228507E-13
   0.633000E+04   0.318986E-11   0.796169E-11   0.900529E-12
   0.633100E+04   0.375521E-11   0.965062E-11   0.127596E-11
   0.633200E+04   0.297982E-11   0.715063E-11   0.608996E-12
   0.633300E+04   0.204277E-11   0.416252E-11  -0.153317E-12
   0.633400E+04   0.227973E-11   0.490586E-11   0.566526E-13
   0.633500E+04   0.331875E-11   0.822961E-11   0.937316E-12
   0.633600E+04   0.360027E-11   0.921946E-11   0.123814E-11
   0.633700E+04   0.255648E-11   0.606256E-11   0.504738E-12
   0.633800E+04   0.140910E-11   0.259107E-11  -0.285587E-12
   0.633900E+04   0.147093E-11   0.295113E-11  -0.855826E-13
   0.634000E+04   0.231972E-11   0.583126E-11   0.761783E-12
   0.634100E+04   0.239254E-11   0.630368E-11   0.100213E-11
   0.634200E+04   0.117263E-11   0.271379E-11   0.220619E-12
   0.634300E+04  -0.816219E-13  -0.992349E-12  -0.577295E-12
   0.634400E+04  -0.837650E-13  -0.752699E-12  -0.366473E-12
   0.634500E+04   0.694065E-12   0.196263E-11   0.469057E-12
   0.634600E+04   0.688079E-12   0.222161E-11   0.672793E-12
   0.634700E+04  -0.565331E-12  -0.146397E-11  -0.129480E-12
   0.634800E+04  -0.177016E-11  -0.502976E-11  -0.904539E-12
   0.634900E+04  -0.166587E-11  -0.449551E-11  -0.650033E-12
   0.635000E+04  -0.776076E-12  -0.149341E-11   0.208885E-12
   0.635100E+04  -0.672977E-12  -0.979969E-12   0.412963E-12
   0.635200E+04  -0.178203E-11  -0.431834E-11  -0.374297E-12
   0.635300E+04  -0.278630E-11  -0.737211E-11  -0.109634E-11
   0.635400E+04  -0.245957E-11  -0.626524E-11  -0.776224E-12
   0.635500E+04  -0.137256E-11  -0.277733E-11   0.121186E-12
   0.635600E+04  -0.109536E-11  -0.185754E-11   0.337437E-12
   0.635700E+04  -0.201149E-11  -0.473234E-11  -0.424969E-12
   0.635800E+04  -0.279222E-11  -0.722010E-11  -0.108907E-11
   0.635900E+04  -0.226102E-11  -0.559405E-11  -0.707779E-12
   0.636000E+04  -0.104345E-11  -0.180459E-11   0.212741E-12
   0.636100E+04  -0.700240E-12  -0.773581E-12   0.417418E-12
   0.636200E+04  -0.155527E-11  -0.354156E-11  -0.347992E-12
   0.636300E+04  -0.225109E-11  -0.583496E-11  -0.983188E-12
   0.636400E+04  -0.165144E-11  -0.405102E-11  -0.569742E-12
   0.636500E+04  -0.432978E-12  -0.301056E-12   0.345984E-12
   0.636600E+04  -0.142470E-12   0.533027E-12   0.514316E-12
   0.636700E+04  -0.103546E-11  -0.237921E-11  -0.273505E-12
   0.636800E+04  -0.171596E-11  -0.464564E-11  -0.892536E-12
   0.636900E+04  -0.108363E-11  -0.277651E-11  -0.452916E-12
   0.637000E+04   0.128423E-12   0.939736E-12   0.457826E-12
   0.637100E+04   0.373997E-12   0.162224E-11   0.593295E-12
   0.637200E+04  -0.548377E-12  -0.139090E-11  -0.212844E-12
   0.637300E+04  -0.121121E-11  -0.360976E-11  -0.813507E-12
   0.637400E+04  -0.546571E-12  -0.164740E-11  -0.347358E-12
   0.637500E+04   0.665526E-12   0.205969E-11   0.559621E-12
   0.637600E+04   0.886546E-12   0.265450E-11   0.667140E-12
   0.637700E+04  -0.318629E-13  -0.357401E-12  -0.148559E-12
   0.637800E+04  -0.638140E-12  -0.240940E-11  -0.720801E-12
   0.637900E+04   0.951749E-13  -0.240924E-12  -0.219408E-12
   0.638000E+04   0.133640E-11   0.354955E-11   0.690465E-12
   0.638100E+04   0.155197E-11   0.412163E-11   0.775068E-12
   0.638200E+04   0.643682E-12   0.114059E-11  -0.472018E-13
   0.638300E+04   0.848326E-13  -0.756483E-12  -0.591447E-12
   0.638400E+04   0.864106E-12   0.156970E-11  -0.589748E-13
   0.638500E+04   0.210417E-11   0.537617E-11   0.847730E-12
   0.638600E+04   0.228166E-11   0.585408E-11   0.903629E-12
   0.638700E+04   0.134709E-11   0.282369E-11   0.690668E-13
   0.638800E+04   0.788263E-12   0.971018E-12  -0.455462E-12
   0.638900E+04   0.154995E-11   0.329898E-11   0.953396E-13
   0.639000E+04   0.271300E-11   0.693170E-11   0.983050E-12
   0.639100E+04   0.277512E-11   0.712377E-11   0.994900E-12
   0.639200E+04   0.174383E-11   0.387409E-11   0.135196E-12
   0.639300E+04   0.111908E-11   0.190954E-11  -0.381523E-12
   0.639400E+04   0.179017E-11   0.406184E-11   0.173170E-12
   0.639500E+04   0.278509E-11   0.728904E-11   0.102276E-11
   0.639600E+04   0.262146E-11   0.690460E-11   0.967357E-12
   0.639700E+04   0.137448E-11   0.311518E-11   0.576543E-13
   0.639800E+04   0.573048E-12   0.734931E-12  -0.474997E-12
   0.639900E+04   0.106591E-11   0.246592E-11   0.636125E-13
   0.640000E+04   0.183685E-11   0.512447E-11   0.861346E-12
   0.640100E+04   0.142687E-11   0.409280E-11   0.732968E-12
   0.640200E+04  -0.187067E-13  -0.207923E-12  -0.223839E-12
   0.640300E+04  -0.937988E-12  -0.286498E-11  -0.760945E-12
   0.640400E+04  -0.519391E-12  -0.129609E-11  -0.218194E-12
   0.640500E+04   0.173316E-12   0.116473E-11   0.556533E-12
   0.640600E+04  -0.309512E-12  -0.706814E-13   0.390499E-12
   0.640700E+04  -0.177345E-11  -0.442671E-11  -0.576397E-12
   0.640800E+04  -0.264134E-11  -0.694304E-11  -0.108428E-11
   0.640900E+04  -0.214402E-11  -0.517144E-11  -0.508803E-12
   0.641000E+04  -0.138544E-11  -0.257259E-11   0.268901E-12
   0.641100E+04  -0.179461E-11  -0.366905E-11   0.924435E-13
   0.641200E+04  -0.312239E-11  -0.771154E-11  -0.854517E-12
   0.641300E+04  -0.377935E-11  -0.969902E-11  -0.130188E-11
   0.641400E+04  -0.304676E-11  -0.733967E-11  -0.663472E-12
   0.641500E+04  -0.207749E-11  -0.424538E-11   0.144970E-12
   0.641600E+04  -0.228814E-11  -0.489608E-11  -0.174687E-13
   0.641700E+04  -0.338233E-11  -0.838953E-11  -0.925061E-12
   0.641800E+04  -0.376240E-11  -0.969486E-11  -0.129933E-11
   0.641900E+04  -0.275719E-11  -0.666732E-11  -0.592068E-12
   0.642000E+04  -0.155947E-11  -0.304284E-11   0.249187E-12
   0.642100E+04  -0.156489E-11  -0.323340E-11   0.101969E-12
   0.642200E+04  -0.242889E-11  -0.618145E-11  -0.765817E-12
   0.642300E+04  -0.255271E-11  -0.684772E-11  -0.107002E-11
   0.642400E+04  -0.132073E-11  -0.325826E-11  -0.302846E-12
   0.642500E+04   0.334015E-13   0.724279E-12   0.556849E-12
   0.642600E+04   0.142245E-12   0.777249E-12   0.407686E-12
   0.642700E+04  -0.592057E-12  -0.185940E-11  -0.438192E-12
   0.642800E+04  -0.565610E-12  -0.212724E-11  -0.691094E-12
   0.642900E+04   0.777383E-12   0.176377E-11   0.114816E-12
   0.643000E+04   0.215332E-11   0.579756E-11   0.967926E-12
   0.643100E+04   0.221584E-11   0.571925E-11   0.787135E-12
   0.643200E+04   0.142472E-11   0.294955E-11  -0.714542E-13
   0.643300E+04   0.139673E-11   0.258575E-11  -0.312058E-12
   0.643400E+04   0.263835E-11   0.626182E-11   0.490961E-12
   0.643500E+04   0.382277E-11   0.982569E-11   0.129535E-11
   0.643600E+04   0.362550E-11   0.909085E-11   0.104124E-11
   0.643700E+04   0.256439E-11   0.565766E-11   0.128425E-12
   0.643800E+04   0.227787E-11   0.468515E-11  -0.140404E-12
   0.643900E+04   0.324295E-11   0.770653E-11   0.624172E-12
   0.644000E+04   0.411163E-11   0.104962E-10   0.135499E-11
   0.644100E+04   0.359091E-11   0.896318E-11   0.101649E-11
   0.644200E+04   0.224692E-11   0.485796E-11   0.495755E-13
   0.644300E+04   0.171790E-11   0.333680E-11  -0.242348E-12
   0.644400E+04   0.243360E-11   0.577954E-11   0.489306E-12
   0.644500E+04   0.302167E-11   0.787839E-11   0.115256E-11
   0.644600E+04   0.223021E-11   0.566693E-11   0.739347E-12
   0.644700E+04   0.685165E-12   0.108103E-11  -0.265736E-12
   0.644800E+04   0.292640E-13  -0.710840E-12  -0.558381E-12
   0.644900E+04   0.640818E-12   0.150753E-11   0.167969E-12
   0.645000E+04   0.111398E-11   0.332124E-11   0.795331E-12
   0.645100E+04   0.228230E-12   0.861685E-12   0.341850E-12
   0.645200E+04  -0.133750E-11  -0.376880E-11  -0.665969E-12
   0.645300E+04  -0.193797E-11  -0.539434E-11  -0.924338E-12
   0.645400E+04  -0.124384E-11  -0.295330E-11  -0.168341E-12
   0.645500E+04  -0.691509E-12  -0.956266E-12   0.459772E-12
   0.645600E+04  -0.147234E-11  -0.317748E-11   0.494259E-14
   0.645700E+04  -0.286414E-11  -0.737439E-11  -0.966827E-12
   0.645800E+04  -0.323280E-11  -0.840224E-11  -0.115637E-11
   0.645900E+04  -0.230860E-11  -0.538438E-11  -0.343158E-12
   0.646000E+04  -0.156222E-11  -0.293656E-11   0.306380E-12
   0.646100E+04  -0.215336E-11  -0.472997E-11  -0.134504E-12
   0.646200E+04  -0.331145E-11  -0.836568E-11  -0.105936E-11
   0.646300E+04  -0.340840E-11  -0.871425E-11  -0.117341E-11
   0.646400E+04  -0.223059E-11  -0.507284E-11  -0.299885E-12
   0.646500E+04  -0.128263E-11  -0.216086E-11   0.371589E-12
   0.646600E+04  -0.169671E-11  -0.355823E-11  -0.575693E-13
   0.646700E+04  -0.266035E-11  -0.672917E-11  -0.942416E-12
   0.646800E+04  -0.255541E-11  -0.657255E-11  -0.994636E-12
   0.646900E+04  -0.122273E-11  -0.255611E-11  -0.812141E-13
   0.647000E+04  -0.196094E-12   0.509569E-12   0.586914E-12
   0.647100E+04  -0.577355E-12  -0.857603E-12   0.140642E-12
   0.647200E+04  -0.151176E-11  -0.398615E-11  -0.737103E-12
   0.647300E+04  -0.138663E-11  -0.379258E-11  -0.764652E-12
   0.647400E+04  -0.817049E-13   0.127991E-12   0.150498E-12
   0.647500E+04   0.864404E-12   0.294326E-11   0.782554E-12
   0.647600E+04   0.401039E-12   0.132832E-11   0.297382E-12
   0.647700E+04  -0.570001E-12  -0.189738E-11  -0.583572E-12
   0.647800E+04  -0.454406E-12  -0.170720E-11  -0.589462E-12
   0.647900E+04   0.808925E-12   0.211648E-11   0.326734E-12
   0.648000E+04   0.166239E-11   0.467834E-11   0.921987E-12
   0.648100E+04   0.110472E-11   0.280598E-11   0.397497E-12
   0.648200E+04   0.922153E-13  -0.510605E-12  -0.485442E-12
   0.648300E+04   0.209432E-12  -0.275329E-12  -0.465717E-12
   0.648400E+04   0.146080E-11   0.355112E-11   0.458793E-12
   0.648500E+04   0.226274E-11   0.599188E-11   0.102729E-11
   0.648600E+04   0.164881E-11   0.398585E-11   0.473730E-12
   0.648700E+04   0.614529E-12   0.648890E-12  -0.404825E-12
   0.648800E+04   0.726806E-12   0.922787E-12  -0.359919E-12
   0.648900E+04   0.193707E-11   0.467889E-11   0.566389E-12
   0.649000E+04   0.264757E-11   0.689377E-11   0.109928E-11
   0.649100E+04   0.193868E-11   0.465314E-11   0.509001E-12
   0.649200E+04   0.851110E-12   0.121616E-11  -0.370779E-12
   0.649300E+04   0.933996E-12   0.146929E-11  -0.305355E-12
   0.649400E+04   0.208276E-11   0.510627E-11   0.618190E-12
   0.649500E+04   0.268180E-11   0.704574E-11   0.111108E-11
   0.649600E+04   0.185424E-11   0.450802E-11   0.479511E-12
   0.649700E+04   0.683131E-12   0.887012E-12  -0.407473E-12
   0.649800E+04   0.701780E-12   0.101932E-11  -0.329492E-12
   0.649900E+04   0.175786E-11   0.444549E-11   0.583266E-12
   0.650000E+04   0.222801E-11   0.605626E-11   0.103146E-11
   0.650100E+04   0.128233E-11   0.321920E-11   0.358885E-12
   0.650200E+04   0.412541E-13  -0.551567E-12  -0.531822E-12
   0.650300E+04   0.133326E-13  -0.495657E-12  -0.437717E-12
   0.650400E+04   0.993774E-12   0.276020E-11   0.466771E-12
   0.650500E+04   0.135311E-11   0.408325E-11   0.873082E-12
   0.650600E+04   0.310571E-12   0.993918E-12   0.163684E-12
   0.650700E+04  -0.979580E-12  -0.288473E-11  -0.726743E-12
   0.650800E+04  -0.104106E-11  -0.289091E-11  -0.615457E-12
   0.650900E+04  -0.133549E-12   0.174557E-12   0.278369E-12
   0.651000E+04   0.117027E-12   0.118410E-11   0.640269E-12
   0.651100E+04  -0.100228E-11  -0.213454E-11  -0.103701E-12
   0.651200E+04  -0.228697E-11  -0.600238E-11  -0.983708E-12
   0.651300E+04  -0.228948E-11  -0.584646E-11  -0.837426E-12
   0.651400E+04  -0.133532E-11  -0.267319E-11   0.687785E-13
   0.651500E+04  -0.106470E-11  -0.165573E-11   0.411488E-12
   0.651600E+04  -0.213655E-11  -0.489813E-11  -0.342228E-12
   0.651700E+04  -0.329902E-11  -0.847315E-11  -0.118869E-11
   0.651800E+04  -0.312655E-11  -0.787605E-11  -0.985308E-12
   0.651900E+04  -0.200268E-11  -0.429392E-11  -0.435281E-13
   0.652000E+04  -0.158251E-11  -0.294431E-11   0.305418E-12
   0.652100E+04  -0.248310E-11  -0.579597E-11  -0.432486E-12
   0.652200E+04  -0.342270E-11  -0.882308E-11  -0.122441E-11
   0.652300E+04  -0.300968E-11  -0.762398E-11  -0.951223E-12
   0.652400E+04  -0.168573E-11  -0.356691E-11   0.306328E-13
   0.652500E+04  -0.111202E-11  -0.188767E-11   0.385248E-12
   0.652600E+04  -0.185388E-11  -0.439022E-11  -0.339642E-12
   0.652700E+04  -0.259369E-11  -0.693244E-11  -0.108138E-11
   0.652800E+04  -0.197063E-11  -0.520684E-11  -0.744521E-12
   0.652900E+04  -0.481780E-12  -0.755407E-12   0.270262E-12
   0.653000E+04   0.206769E-12   0.117033E-11   0.623624E-12
   0.653100E+04  -0.422511E-12  -0.108132E-11  -0.954936E-13
   0.653200E+04  -0.102452E-11  -0.327726E-11  -0.797401E-12
   0.653300E+04  -0.275087E-12  -0.122131E-11  -0.412650E-12
   0.653400E+04   0.127748E-11   0.338369E-11   0.615125E-12
   0.653500E+04   0.197551E-11   0.531026E-11   0.947380E-12
   0.653600E+04   0.136174E-11   0.309555E-11   0.217612E-12
   0.653700E+04   0.809630E-12   0.106554E-11  -0.458105E-12
   0.653800E+04   0.159410E-11   0.326764E-11  -0.402226E-13
   0.653900E+04   0.309777E-11   0.778546E-11   0.980690E-12
   0.654000E+04   0.365909E-11   0.937867E-11   0.126500E-11
   0.654100E+04   0.287963E-11   0.676681E-11   0.490648E-12
   0.654200E+04   0.216860E-11   0.438702E-11  -0.199292E-12
   0.654300E+04   0.276314E-11   0.616785E-11   0.206332E-12
   0.654400E+04   0.398932E-11   0.100136E-10   0.117303E-11
   0.654500E+04   0.419569E-11   0.107102E-10   0.136427E-11
   0.654600E+04   0.305916E-11   0.720592E-11   0.506467E-12
   0.654700E+04   0.204241E-11   0.409806E-11  -0.227199E-12
   0.654800E+04   0.235866E-11   0.523439E-11   0.148184E-12
   0.654900E+04   0.328129E-11   0.834960E-11   0.105529E-11
   0.655000E+04   0.316010E-11   0.822981E-11   0.115966E-11
   0.655100E+04   0.173057E-11   0.400278E-11   0.232599E-12
   0.655200E+04   0.494387E-12   0.383601E-12  -0.526913E-12
   0.655300E+04   0.637000E-12   0.112837E-11  -0.161908E-12
   0.655400E+04   0.138534E-11   0.382234E-11   0.709431E-12
   0.655500E+04   0.109818E-11   0.327737E-11   0.757837E-12
   0.655600E+04  -0.430245E-12  -0.119536E-11  -0.199903E-12
   0.655700E+04  -0.166816E-11  -0.478664E-11  -0.941752E-12
   0.655800E+04  -0.147075E-11  -0.386781E-11  -0.542395E-12
   0.655900E+04  -0.669008E-12  -0.103468E-11   0.336993E-12
   0.656000E+04  -0.904398E-12  -0.147411E-11   0.371461E-12
   0.656100E+04  -0.233204E-11  -0.571274E-11  -0.578148E-12
   0.656200E+04  -0.339582E-11  -0.886178E-11  -0.126882E-11
   0.656300E+04  -0.299115E-11  -0.741702E-11  -0.807444E-12
   0.656400E+04  -0.199981E-11  -0.413322E-11   0.103993E-12
   0.656500E+04  -0.205594E-11  -0.417293E-11   0.147760E-12
   0.656600E+04  -0.326419E-11  -0.790076E-11  -0.771035E-12
   0.656700E+04  -0.405352E-11  -0.103757E-10  -0.139152E-11
   0.656800E+04  -0.337016E-11  -0.824848E-11  -0.856029E-12
   0.656900E+04  -0.214792E-11  -0.443488E-11   0.929525E-13
   0.657000E+04  -0.200224E-11  -0.403836E-11   0.148754E-12
   0.657100E+04  -0.297118E-11  -0.721347E-11  -0.735219E-12
   0.657200E+04  -0.346052E-11  -0.894249E-11  -0.127923E-11
   0.657300E+04  -0.247443E-11  -0.605133E-11  -0.663437E-12
   0.657400E+04  -0.101855E-11  -0.167390E-11   0.325101E-12
   0.657500E+04  -0.711568E-12  -0.918381E-12   0.386738E-12
   0.657600E+04  -0.153780E-11  -0.376782E-11  -0.479758E-12
   0.657700E+04  -0.187800E-11  -0.512520E-11  -0.976560E-12
   0.657800E+04  -0.780878E-12  -0.195564E-11  -0.319498E-12
   0.657900E+04   0.692865E-12   0.243528E-11   0.664004E-12
   0.658000E+04   0.934815E-12   0.297245E-11   0.685401E-12
   0.658100E+04   0.252927E-13  -0.126127E-12  -0.208704E-12
   0.658200E+04  -0.378013E-12  -0.164776E-11  -0.700470E-12
   0.658300E+04   0.649989E-12   0.135379E-11  -0.380863E-13
   0.658400E+04   0.201053E-11   0.544887E-11   0.915032E-12
   0.658500E+04   0.211061E-11   0.560946E-11   0.883600E-12
   0.658600E+04   0.108381E-11   0.222095E-11  -0.405591E-13
   0.658700E+04   0.605691E-12   0.550901E-12  -0.525463E-12
   0.658800E+04   0.155844E-11   0.340781E-11   0.143728E-12
   0.658900E+04   0.279985E-11   0.722290E-11   0.106699E-11
   0.659000E+04   0.275473E-11   0.702362E-11   0.984033E-12
   0.659100E+04   0.161144E-11   0.336897E-11   0.324459E-13
   0.659200E+04   0.106009E-11   0.157309E-11  -0.443315E-12
   0.659300E+04   0.193492E-11   0.429265E-11   0.232835E-12
   0.659400E+04   0.304789E-11   0.781285E-11   0.112433E-11
   0.659500E+04   0.284196E-11   0.721761E-11   0.986979E-12
   0.659600E+04   0.156106E-11   0.324110E-11   0.426862E-14
   0.659700E+04   0.910606E-12   0.124572E-11  -0.467772E-12
   0.659800E+04   0.168055E-11   0.374691E-11   0.208403E-12
   0.659900E+04   0.264495E-11   0.690735E-11   0.106222E-11
   0.660000E+04   0.227348E-11   0.589223E-11   0.868590E-12
   0.660100E+04   0.868308E-12   0.161796E-11  -0.142573E-12
   0.660200E+04   0.144840E-12  -0.521735E-12  -0.606067E-12
   0.660300E+04   0.840027E-12   0.182114E-11   0.744167E-13
   0.660400E+04   0.168586E-11   0.467515E-11   0.894047E-12
   0.660500E+04   0.118393E-11   0.330349E-11   0.649185E-12
   0.660600E+04  -0.292246E-12  -0.115546E-11  -0.380707E-12
   0.660700E+04  -0.100322E-11  -0.323452E-11  -0.818943E-12
   0.660800E+04  -0.259083E-12  -0.734310E-12  -0.109517E-12
   0.660900E+04   0.621327E-12   0.221587E-11   0.707297E-12
   0.661000E+04   0.148043E-12   0.910646E-12   0.445001E-12
   0.661100E+04  -0.126342E-11  -0.337404E-11  -0.574251E-12
   0.661200E+04  -0.187150E-11  -0.516115E-11  -0.968427E-12
   0.661300E+04  -0.103893E-11  -0.241666E-11  -0.223697E-12
   0.661400E+04  -0.127063E-12   0.596304E-12   0.586884E-12
   0.661500E+04  -0.604916E-12  -0.760126E-12   0.297826E-12
   0.661600E+04  -0.200525E-11  -0.504497E-11  -0.723970E-12
   0.661700E+04  -0.257506E-11  -0.674551E-11  -0.109015E-11
   0.661800E+04  -0.171432E-11  -0.394933E-11  -0.326064E-12
   0.661900E+04  -0.805181E-12  -0.990858E-12   0.468208E-12
   0.662000E+04  -0.127750E-11  -0.238779E-11   0.153371E-12
   0.662100E+04  -0.260907E-11  -0.652529E-11  -0.858410E-12
   0.662200E+04  -0.304948E-11  -0.789657E-11  -0.117687E-11
   0.662300E+04  -0.205824E-11  -0.477588E-11  -0.372231E-12
   0.662400E+04  -0.105683E-11  -0.162199E-11   0.424960E-12
   0.662500E+04  -0.144473E-11  -0.285654E-11   0.100643E-12
   0.662600E+04  -0.264551E-11  -0.669126E-11  -0.887988E-12
   0.662700E+04  -0.290845E-11  -0.761518E-11  -0.114902E-11
   0.662800E+04  -0.174945E-11  -0.407835E-11  -0.297140E-12
   0.662900E+04  -0.628088E-12  -0.658980E-12   0.507880E-12
   0.663000E+04  -0.915830E-12  -0.168879E-11   0.177647E-12
   0.663100E+04  -0.198720E-11  -0.522164E-11  -0.787113E-12
   0.663200E+04  -0.209499E-11  -0.575452E-11  -0.994917E-12
   0.663300E+04  -0.809110E-12  -0.190700E-11  -0.104796E-12
   0.663400E+04   0.381724E-12   0.164948E-11   0.697161E-12
   0.663500E+04   0.144221E-12   0.702732E-12   0.351531E-12
   0.663600E+04  -0.842330E-12  -0.262990E-11  -0.596654E-12
   0.663700E+04  -0.836653E-12  -0.286143E-11  -0.758079E-12
   0.663800E+04   0.531617E-12   0.120161E-11   0.162095E-12
   0.663900E+04   0.174068E-11   0.478308E-11   0.951424E-12
   0.664000E+04   0.149583E-11   0.379206E-11   0.580496E-12
   0.664100E+04   0.534494E-12   0.530281E-12  -0.360621E-12
   0.664200E+04   0.598236E-12   0.487269E-12  -0.484398E-12
   0.664300E+04   0.200195E-11   0.468263E-11   0.458595E-12
   0.664400E+04   0.318787E-11   0.822799E-11   0.122986E-11
   0.664500E+04   0.288665E-11   0.711556E-11   0.827834E-12
   0.664600E+04   0.187431E-11   0.377356E-11  -0.117370E-12
   0.664700E+04   0.187759E-11   0.364826E-11  -0.224778E-12
   0.664800E+04   0.315510E-11   0.758096E-11   0.708957E-12
   0.664900E+04   0.412629E-11   0.106074E-10   0.142310E-11
   0.665000E+04   0.356416E-11   0.885005E-11   0.948569E-12
   0.665100E+04   0.229447E-11   0.489341E-11  -0.425060E-13
   0.665200E+04   0.203492E-11   0.415433E-11  -0.175705E-12
   0.665300E+04   0.299724E-11   0.732076E-11   0.707955E-12
   0.665400E+04   0.359756E-11   0.940734E-11   0.133082E-11
   0.665500E+04   0.267606E-11   0.673739E-11   0.762760E-12
   0.665600E+04   0.112540E-11   0.209985E-11  -0.278654E-12
   0.665700E+04   0.654096E-12   0.880490E-12  -0.426800E-12
   0.665800E+04   0.141076E-11   0.356646E-11   0.428905E-12
   0.665900E+04   0.178623E-11   0.508842E-11   0.989820E-12
   0.666000E+04   0.671492E-12   0.192438E-11   0.361888E-12
   0.666100E+04  -0.979393E-12  -0.294673E-11  -0.693492E-12
   0.666200E+04  -0.146459E-11  -0.416072E-11  -0.817829E-12
   0.666300E+04  -0.695976E-12  -0.142009E-11   0.517693E-13
   0.666400E+04  -0.312960E-12   0.111662E-12   0.595855E-12
   0.666500E+04  -0.138856E-11  -0.297207E-11  -0.458813E-13
   0.666600E+04  -0.292619E-11  -0.755519E-11  -0.107294E-11
   0.666700E+04  -0.324371E-11  -0.833230E-11  -0.113903E-11
   0.666800E+04  -0.231429E-11  -0.519746E-11  -0.229265E-12
   0.666900E+04  -0.179869E-11  -0.338113E-11   0.319268E-12
   0.667000E+04  -0.272368E-11  -0.614313E-11  -0.316718E-12
   0.667100E+04  -0.404499E-11  -0.102141E-10  -0.129686E-11
   0.667200E+04  -0.409970E-11  -0.103455E-10  -0.128802E-11
   0.667300E+04  -0.292222E-11  -0.662244E-11  -0.323402E-12
   0.667400E+04  -0.219320E-11  -0.433775E-11   0.243663E-12
   0.667500E+04  -0.289254E-11  -0.660212E-11  -0.372174E-12
   0.667600E+04  -0.393054E-11  -0.999862E-11  -0.129173E-11
   0.667700E+04  -0.366670E-11  -0.934382E-11  -0.119673E-11
   0.667800E+04  -0.219785E-11  -0.491544E-11  -0.168671E-12
   0.667900E+04  -0.122468E-11  -0.206705E-11   0.424022E-12
   0.668000E+04  -0.168458E-11  -0.377189E-11  -0.166256E-12
   0.668100E+04  -0.245433E-11  -0.650041E-11  -0.102489E-11
   0.668200E+04  -0.193121E-11  -0.517989E-11  -0.853217E-12
   0.668300E+04  -0.283947E-12  -0.309315E-12   0.216619E-12
   0.668400E+04   0.769226E-12   0.270287E-11   0.802638E-12
   0.668500E+04   0.345150E-12   0.105298E-11   0.198207E-12
   0.668600E+04  -0.386195E-12  -0.158162E-11  -0.644452E-12
   0.668700E+04   0.149896E-12  -0.213973E-12  -0.445367E-12
   0.668800E+04   0.172130E-11   0.445773E-11   0.614419E-12
   0.668900E+04   0.260516E-11   0.700604E-11   0.114329E-11
   0.669000E+04   0.199225E-11   0.485237E-11   0.480686E-12
   0.669100E+04   0.112077E-11   0.188210E-11  -0.379424E-12
   0.669200E+04   0.155063E-11   0.303257E-11  -0.173935E-12
   0.669300E+04   0.298280E-11   0.739475E-11   0.866306E-12
   0.669400E+04   0.366911E-11   0.946168E-11   0.133628E-11
   0.669500E+04   0.284624E-11   0.679799E-11   0.615594E-12
   0.669600E+04   0.180016E-11   0.343713E-11  -0.265545E-12
   0.669700E+04   0.207382E-11   0.426000E-11  -0.624848E-13
   0.669800E+04   0.331529E-11   0.818807E-11   0.947499E-12
   0.669900E+04   0.376821E-11   0.968621E-11   0.135119E-11
   0.670000E+04   0.272174E-11   0.648326E-11   0.570612E-12
   0.670100E+04   0.150290E-11   0.274157E-11  -0.330018E-12
   0.670200E+04   0.162586E-11   0.325079E-11  -0.128335E-12
   0.670300E+04   0.267960E-11   0.674385E-11   0.850532E-12
   0.670400E+04   0.290189E-11   0.766360E-11   0.118675E-11
   0.670500E+04   0.164062E-11   0.392083E-11   0.346766E-12
   0.670600E+04   0.268924E-12  -0.178715E-12  -0.570824E-12
   0.670700E+04   0.276167E-12   0.747644E-13  -0.366041E-12
   0.670800E+04   0.119775E-11   0.324225E-11   0.589596E-12
   0.670900E+04   0.127265E-11   0.376590E-11   0.872459E-12
   0.671000E+04  -0.878475E-13  -0.247497E-12  -0.495759E-14
   0.671100E+04  -0.146546E-11  -0.435087E-11  -0.910617E-12
   0.671200E+04  -0.140052E-11  -0.392711E-11  -0.668973E-12
   0.671300E+04  -0.416111E-12  -0.598837E-12   0.301319E-12
   0.671400E+04  -0.276399E-12   0.662730E-13   0.573235E-12
   0.671500E+04  -0.151467E-11  -0.364879E-11  -0.295737E-12
   0.671600E+04  -0.268316E-11  -0.719889E-11  -0.114439E-11
   0.671700E+04  -0.237389E-11  -0.612173E-11  -0.827549E-12
   0.671800E+04  -0.118947E-11  -0.228285E-11   0.184465E-12
   0.671900E+04  -0.909148E-12  -0.129329E-11   0.459677E-12
   0.672000E+04  -0.201050E-11  -0.469312E-11  -0.398917E-12
   0.672100E+04  -0.300660E-11  -0.781247E-11  -0.119965E-11
   0.672200E+04  -0.252789E-11  -0.630713E-11  -0.825788E-12
   0.672300E+04  -0.124390E-11  -0.225051E-11   0.203758E-12
   0.672400E+04  -0.937524E-12  -0.126451E-11   0.455777E-12
   0.672500E+04  -0.201706E-11  -0.467389E-11  -0.417730E-12
   0.672600E+04  -0.293828E-11  -0.763319E-11  -0.119146E-11
   0.672700E+04  -0.235078E-11  -0.586238E-11  -0.773741E-12
   0.672800E+04  -0.980686E-12  -0.161371E-11   0.270512E-12
   0.672900E+04  -0.622394E-12  -0.542840E-12   0.506164E-12
   0.673000E+04  -0.163992E-11  -0.383199E-11  -0.371203E-12
   0.673100E+04  -0.246006E-11  -0.654290E-11  -0.111016E-11
   0.673200E+04  -0.176592E-11  -0.450209E-11  -0.648448E-12
   0.673300E+04  -0.334222E-12  -0.122801E-12   0.404792E-12
   0.673400E+04   0.462983E-13   0.956748E-12   0.617734E-12
   0.673500E+04  -0.931521E-12  -0.226477E-11  -0.267029E-12
   0.673600E+04  -0.166540E-11  -0.475504E-11  -0.972757E-12
   0.673700E+04  -0.880028E-12  -0.247035E-11  -0.469371E-12
   0.673800E+04   0.590269E-12   0.199401E-11   0.588433E-12
   0.673900E+04   0.960389E-12   0.301039E-11   0.772727E-12
   0.674000E+04  -0.194337E-13  -0.241198E-12  -0.126529E-12
   0.674100E+04  -0.717187E-12  -0.263321E-11  -0.808140E-12
   0.674200E+04   0.103661E-12  -0.243487E-12  -0.274442E-12
   0.674300E+04   0.155935E-11   0.417516E-11   0.776685E-12
   0.674400E+04   0.188005E-11   0.504030E-11   0.925119E-12
   0.674500E+04   0.881190E-12   0.173579E-11   0.102672E-13
   0.674600E+04   0.221965E-12  -0.523805E-12  -0.643850E-12
   0.674700E+04   0.108794E-11   0.202629E-11  -0.757205E-13
   0.674800E+04   0.253149E-11   0.643465E-11   0.970750E-12
   0.674900E+04   0.278954E-11   0.714085E-11   0.108254E-11
   0.675000E+04   0.174316E-11   0.373490E-11   0.148954E-12
   0.675100E+04   0.108469E-11   0.153583E-11  -0.482759E-12
   0.675200E+04   0.195315E-11   0.416369E-11   0.112929E-12
   0.675300E+04   0.333401E-11   0.845976E-11   0.114587E-11
   0.675400E+04   0.346002E-11   0.885389E-11   0.120874E-11
   0.675500E+04   0.226539E-11   0.510506E-11   0.237957E-12
   0.675600E+04   0.147103E-11   0.262092E-11  -0.398262E-12
   0.675700E+04   0.217766E-11   0.489755E-11   0.190447E-12
   0.675800E+04   0.332088E-11   0.861577E-11   0.117194E-11
   0.675900E+04   0.314620E-11   0.824280E-11   0.114949E-11
   0.676000E+04   0.165302E-11   0.373969E-11   0.109450E-12
   0.676100E+04   0.601793E-12   0.632607E-12  -0.557658E-12
   0.676200E+04   0.107109E-11   0.233908E-11   0.620297E-14
   0.676300E+04   0.196657E-11   0.543654E-11   0.932005E-12
   0.676400E+04   0.155882E-11   0.446536E-11   0.837604E-12
   0.676500E+04  -0.940352E-13  -0.429956E-12  -0.242065E-12
   0.676600E+04  -0.121670E-11  -0.367607E-11  -0.900936E-12
   0.676700E+04  -0.782600E-12  -0.201990E-11  -0.320933E-12
   0.676800E+04   0.632291E-13   0.954360E-12   0.587970E-12
   0.676900E+04  -0.390558E-12  -0.156941E-12   0.457974E-12
   0.677000E+04  -0.202562E-11  -0.501836E-11  -0.626692E-12
   0.677100E+04  -0.304926E-11  -0.799923E-11  -0.124465E-11
   0.677200E+04  -0.248655E-11  -0.600744E-11  -0.618264E-12
   0.677300E+04  -0.153495E-11  -0.279191E-11   0.301931E-12
   0.677400E+04  -0.189151E-11  -0.371015E-11   0.162805E-12
   0.677500E+04  -0.338343E-11  -0.825234E-11  -0.903393E-12
   0.677600E+04  -0.420545E-11  -0.107448E-10  -0.146221E-11
   0.677700E+04  -0.343293E-11  -0.825215E-11  -0.776798E-12
   0.677800E+04  -0.230552E-11  -0.465668E-11   0.164882E-12
   0.677900E+04  -0.249088E-11  -0.522428E-11   0.291211E-13
   0.678000E+04  -0.375083E-11  -0.923799E-11  -0.100118E-11
   0.678100E+04  -0.426798E-11  -0.109821E-10  -0.147966E-11
   0.678200E+04  -0.318000E-11  -0.771278E-11  -0.713743E-12
   0.678300E+04  -0.178664E-11  -0.349674E-11   0.267806E-12
   0.678400E+04  -0.174162E-11  -0.355162E-11   0.148332E-12
   0.678500E+04  -0.274780E-11  -0.697070E-11  -0.840008E-12
   0.678600E+04  -0.297089E-11  -0.798188E-11  -0.123892E-11
   0.678700E+04  -0.159970E-11  -0.399962E-11  -0.398071E-12
   0.678800E+04   0.138822E-13   0.748730E-12   0.615585E-12
   0.678900E+04   0.226046E-12   0.108262E-11   0.502642E-12
   0.679000E+04  -0.622236E-12  -0.194627E-11  -0.459138E-12
   0.679100E+04  -0.695017E-12  -0.255581E-11  -0.804360E-12
   0.679200E+04   0.764956E-12   0.167038E-11   0.735708E-13
   0.679300E+04   0.236602E-11   0.637780E-11   0.107293E-11
   0.679400E+04   0.249296E-11   0.647504E-11   0.916785E-12
   0.679500E+04   0.154486E-11   0.319774E-11  -0.684750E-13
   0.679600E+04   0.136719E-11   0.235819E-11  -0.409887E-12
   0.679700E+04   0.267128E-11   0.622434E-11   0.456463E-12
   0.679800E+04   0.403890E-11   0.103510E-10   0.139778E-11
   0.679900E+04   0.389802E-11   0.977653E-11   0.116393E-11
   0.680000E+04   0.271236E-11   0.593759E-11   0.131142E-12
   0.680100E+04   0.233054E-11   0.465585E-11  -0.222867E-12
   0.680200E+04   0.340338E-11   0.800670E-11   0.619047E-12
   0.680300E+04   0.447295E-11   0.114152E-10   0.149070E-11
   0.680400E+04   0.400519E-11   0.100342E-10   0.116856E-11
   0.680500E+04   0.253132E-11   0.550953E-11   0.791917E-13
   0.680600E+04   0.191034E-11   0.369383E-11  -0.294365E-12
   0.680700E+04   0.273986E-11   0.649204E-11   0.519522E-12
   0.680800E+04   0.352574E-11   0.921088E-11   0.132303E-11
   0.680900E+04   0.276896E-11   0.710947E-11   0.919637E-12
   0.681000E+04   0.105957E-11   0.201721E-11  -0.216083E-12
   0.681100E+04   0.258229E-12  -0.209432E-12  -0.599064E-12
   0.681200E+04   0.907813E-12   0.215927E-11   0.195933E-12
   0.681300E+04   0.148714E-11   0.433936E-11   0.942539E-12
   0.681400E+04   0.548425E-12   0.174562E-11   0.476165E-12
   0.681500E+04  -0.124380E-11  -0.356197E-11  -0.677059E-12
   0.681600E+04  -0.201960E-11  -0.569927E-11  -0.102934E-11
   0.681700E+04  -0.129502E-11  -0.312276E-11  -0.203148E-12
   0.681800E+04  -0.635236E-12  -0.754081E-12   0.543740E-12
   0.681900E+04  -0.146302E-11  -0.309635E-11   0.738007E-13
   0.682000E+04  -0.306655E-11  -0.793480E-11  -0.104163E-11
   0.682100E+04  -0.358336E-11  -0.940341E-11  -0.131684E-11
   0.682200E+04  -0.258903E-11  -0.614316E-11  -0.422271E-12
   0.682300E+04  -0.168276E-11  -0.318124E-11   0.356387E-12
   0.682400E+04  -0.225600E-11  -0.491774E-11  -0.886658E-13
   0.682500E+04  -0.355698E-11  -0.900321E-11  -0.114283E-11
   0.682600E+04  -0.374815E-11  -0.964028E-11  -0.132771E-11
   0.682700E+04  -0.247813E-11  -0.569419E-11  -0.365278E-12
   0.682800E+04  -0.137868E-11  -0.229411E-11   0.432107E-12
   0.682900E+04  -0.179496E-11  -0.369495E-11  -0.932486E-14
   0.683000E+04  -0.291766E-11  -0.736392E-11  -0.102821E-11
   0.683100E+04  -0.292314E-11  -0.754275E-11  -0.115227E-11
   0.683200E+04  -0.152824E-11  -0.330886E-11  -0.154400E-12
   0.683300E+04  -0.392032E-12   0.120787E-12   0.628479E-12
   0.683400E+04  -0.802889E-12  -0.133429E-11   0.159902E-12
   0.683500E+04  -0.188040E-11  -0.492030E-11  -0.849396E-12
   0.683600E+04  -0.180486E-11  -0.489150E-11  -0.932326E-12
   0.683700E+04  -0.361146E-12  -0.538603E-12   0.868962E-13
   0.683800E+04   0.754007E-12   0.280264E-11   0.845307E-12
   0.683900E+04   0.293600E-12   0.118093E-11   0.341023E-12
   0.684000E+04  -0.801968E-12  -0.246204E-11  -0.668953E-12
   0.684100E+04  -0.716622E-12  -0.239271E-11  -0.723870E-12
   0.684200E+04   0.707810E-12   0.191727E-11   0.303075E-12
   0.684300E+04   0.174946E-11   0.505089E-11   0.102689E-11
   0.684400E+04   0.120589E-11   0.319622E-11   0.481986E-12
   0.684500E+04   0.684035E-13  -0.543519E-12  -0.530970E-12
   0.684600E+04   0.136059E-12  -0.486807E-12  -0.561928E-12
   0.684700E+04   0.150385E-11   0.369500E-11   0.465205E-12
   0.684800E+04   0.243064E-11   0.652076E-11   0.114583E-11
   0.684900E+04   0.177152E-11   0.435618E-11   0.554535E-12
   0.685000E+04   0.579712E-12   0.498549E-12  -0.462244E-12
   0.685100E+04   0.640846E-12   0.588308E-12  -0.465464E-12
   0.685200E+04   0.198298E-11   0.474394E-11   0.569239E-12
   0.685300E+04   0.283664E-11   0.739411E-11   0.121664E-11
   0.685400E+04   0.210187E-11   0.504568E-11   0.589435E-12
   0.685500E+04   0.881256E-12   0.115306E-11  -0.423709E-12
   0.685600E+04   0.940435E-12   0.129647E-11  -0.397451E-12
   0.685700E+04   0.224457E-11   0.539717E-11   0.641738E-12
   0.685800E+04   0.300806E-11   0.783121E-11   0.125209E-11
   0.685900E+04   0.218669E-11   0.527922E-11   0.587856E-12
   0.686000E+04   0.932077E-12   0.135205E-11  -0.420745E-12
   0.686100E+04   0.977691E-12   0.153339E-11  -0.366133E-12
   0.686200E+04   0.221039E-11   0.550150E-11   0.670616E-12
   0.686300E+04   0.282062E-11   0.755609E-11   0.123040E-11
   0.686400E+04   0.182417E-11   0.456269E-11   0.510639E-12
   0.686500E+04   0.434596E-12   0.323649E-12  -0.514694E-12
   0.686600E+04   0.367463E-12   0.265243E-12  -0.453829E-12
   0.686700E+04   0.144226E-11   0.385296E-11   0.559898E-12
   0.686800E+04   0.183334E-11   0.533250E-11   0.105294E-11
   0.686900E+04   0.624706E-12   0.177776E-11   0.268535E-12
   0.687000E+04  -0.897365E-12  -0.278686E-11  -0.773846E-12
   0.687100E+04  -0.102480E-11  -0.296292E-11  -0.697014E-12
   0.687200E+04  -0.318689E-14   0.509232E-12   0.313973E-12
   0.687300E+04   0.313065E-12   0.178576E-11   0.769434E-12
   0.687400E+04  -0.949542E-12  -0.192453E-11  -0.467701E-13
   0.687500E+04  -0.245840E-11  -0.645122E-11  -0.107642E-11
   0.687600E+04  -0.252506E-11  -0.645871E-11  -0.960866E-12
   0.687700E+04  -0.145317E-11  -0.287156E-11   0.648665E-13
   0.687800E+04  -0.110931E-11  -0.157268E-11   0.500141E-12
   0.687900E+04  -0.231407E-11  -0.518554E-11  -0.327229E-12
   0.688000E+04  -0.369197E-11  -0.940209E-11  -0.132170E-11
   0.688100E+04  -0.358563E-11  -0.898199E-11  -0.114686E-11
   0.688200E+04  -0.236418E-11  -0.505535E-11  -0.893629E-13
   0.688300E+04  -0.190400E-11  -0.353670E-11   0.340951E-12
   0.688400E+04  -0.296459E-11  -0.685732E-11  -0.481555E-12
   0.688500E+04  -0.412138E-11  -0.105526E-10  -0.142327E-11
   0.688600E+04  -0.374744E-11  -0.947452E-11  -0.117088E-11
   0.688700E+04  -0.228086E-11  -0.496701E-11  -0.632566E-13
   0.688800E+04  -0.161328E-11  -0.299063E-11   0.380614E-12
   0.688900E+04  -0.245058E-11  -0.580590E-11  -0.419461E-12
   0.689000E+04  -0.332853E-11  -0.881965E-11  -0.129484E-11
   0.689100E+04  -0.265877E-11  -0.700000E-11  -0.958361E-12
   0.689200E+04  -0.950380E-12  -0.190980E-11   0.198685E-12
   0.689300E+04  -0.104292E-12   0.463578E-12   0.650847E-12
   0.689400E+04  -0.762783E-12  -0.193904E-11  -0.133580E-12
   0.689500E+04  -0.141508E-11  -0.437568E-11  -0.950145E-12
   0.689600E+04  -0.512912E-12  -0.193568E-11  -0.539284E-12
   0.689700E+04   0.135372E-11   0.357005E-11   0.653089E-12
   0.689800E+04   0.226152E-11   0.608919E-11   0.109323E-11
   0.689900E+04   0.162309E-11   0.373755E-11   0.296331E-12
   0.690000E+04   0.996466E-12   0.140550E-11  -0.498234E-12
   0.690100E+04   0.189881E-11   0.390528E-11  -0.577661E-13
   0.690200E+04   0.366979E-11   0.920574E-11   0.111965E-11
   0.690300E+04   0.436963E-11   0.112045E-10   0.149436E-11
   0.690400E+04   0.346849E-11   0.819790E-11   0.629423E-12
   0.690500E+04   0.258004E-11   0.524603E-11  -0.200078E-12
   0.690600E+04   0.321149E-11   0.712091E-11   0.215288E-12
   0.690700E+04   0.466081E-11   0.116515E-10   0.133195E-11
   0.690800E+04   0.499151E-11   0.127408E-10   0.160998E-11
   0.690900E+04   0.372860E-11   0.885642E-11   0.660009E-12
   0.691000E+04   0.251932E-11   0.516230E-11  -0.213353E-12
   0.691100E+04   0.283728E-11   0.631980E-11   0.169388E-12
   0.691200E+04   0.393047E-11   0.999298E-11   0.121747E-11
   0.691300E+04   0.387445E-11   0.101159E-10   0.139395E-11
   0.691400E+04   0.226269E-11   0.536714E-11   0.360668E-12
   0.691500E+04   0.781819E-12   0.103261E-11  -0.547755E-12
   0.691600E+04   0.868416E-12   0.165410E-11  -0.183470E-12
   0.691700E+04   0.171546E-11   0.471760E-11   0.814858E-12
   0.691800E+04   0.141094E-11   0.419038E-11   0.914653E-12
   0.691900E+04  -0.377615E-12  -0.102031E-11  -0.169234E-12
   0.692000E+04  -0.191834E-11  -0.548909E-11  -0.107175E-11
   0.692100E+04  -0.181041E-11  -0.478805E-11  -0.677240E-12
   0.692200E+04  -0.921214E-12  -0.162166E-11   0.327144E-12
   0.692300E+04  -0.116262E-11  -0.202091E-11   0.411915E-12
   0.692400E+04  -0.281079E-11  -0.689843E-11  -0.658583E-12
   0.692500E+04  -0.410836E-11  -0.107446E-10  -0.149427E-11
   0.692600E+04  -0.370665E-11  -0.929142E-11  -0.101631E-11
   0.692700E+04  -0.254251E-11  -0.545769E-11   0.381417E-13
   0.692800E+04  -0.252871E-11  -0.527254E-11   0.143941E-12
   0.692900E+04  -0.388045E-11  -0.945186E-11  -0.883427E-12
   0.693000E+04  -0.480753E-11  -0.123781E-10  -0.162799E-11
   0.693100E+04  -0.400689E-11  -0.992276E-11  -0.104703E-11
   0.693200E+04  -0.248339E-11  -0.521326E-11   0.732353E-13
   0.693300E+04  -0.215768E-11  -0.429614E-11   0.211656E-12
   0.693400E+04  -0.319742E-11  -0.772934E-11  -0.767965E-12
   0.693500E+04  -0.379154E-11  -0.982357E-11  -0.142771E-11
   0.693600E+04  -0.268551E-11  -0.660024E-11  -0.762739E-12
   0.693700E+04  -0.946111E-12  -0.137978E-11   0.393407E-12
   0.693800E+04  -0.493933E-12  -0.204678E-12   0.526523E-12
   0.693900E+04  -0.144450E-11  -0.346375E-11  -0.450143E-12
   0.694000E+04  -0.196047E-11  -0.538295E-11  -0.107677E-11
   0.694100E+04  -0.820228E-12  -0.209116E-11  -0.383905E-12
   0.694200E+04   0.875503E-12   0.297692E-11   0.754423E-12
   0.694300E+04   0.123506E-11   0.386454E-11   0.838689E-12
   0.694400E+04   0.208285E-12   0.388270E-12  -0.165322E-12
   0.694500E+04  -0.349970E-12  -0.162095E-11  -0.779219E-12
   0.694600E+04   0.727735E-12   0.153645E-11  -0.749290E-13
   0.694700E+04   0.228906E-11   0.625847E-11   0.102936E-11
   0.694800E+04   0.246614E-11   0.665821E-11   0.104874E-11
   0.694900E+04   0.127902E-11   0.277146E-11   0.279078E-14
   0.695000E+04   0.607478E-12   0.507874E-12  -0.610877E-12
   0.695100E+04   0.157018E-11   0.341249E-11   0.949655E-13
   0.695200E+04   0.296623E-11   0.772660E-11   0.115943E-11
   0.695300E+04   0.295228E-11   0.763643E-11   0.111369E-11
   0.695400E+04   0.161585E-11   0.338880E-11   0.306056E-13
   0.695500E+04   0.855244E-12   0.952766E-12  -0.575716E-12
   0.695600E+04   0.173320E-11   0.369759E-11   0.138622E-12
   0.695700E+04   0.299586E-11   0.769603E-11   0.116975E-11
   0.695800E+04   0.282413E-11   0.720819E-11   0.106619E-11
   0.695900E+04   0.137540E-11   0.269959E-11  -0.452558E-13
   0.696000E+04   0.569004E-12   0.205691E-12  -0.634546E-12
   0.696100E+04   0.141227E-11   0.292115E-11   0.981884E-13
   0.696200E+04   0.259538E-11   0.674181E-11   0.110610E-11
   0.696300E+04   0.231691E-11   0.598354E-11   0.954827E-12
   0.696400E+04   0.797316E-12   0.131205E-11  -0.176352E-12
   0.696500E+04  -0.237148E-13  -0.117227E-11  -0.742744E-12
   0.696600E+04   0.814119E-12   0.157577E-11   0.127746E-13
   0.696700E+04   0.195724E-11   0.531172E-11   0.100404E-11
   0.696800E+04   0.162668E-11   0.442235E-11   0.816176E-12
   0.696900E+04   0.966296E-13  -0.253126E-12  -0.321185E-12
   0.697000E+04  -0.690846E-12  -0.260174E-11  -0.854084E-12
   0.697100E+04   0.164615E-12   0.234016E-12  -0.719182E-13
   0.697200E+04   0.126628E-11   0.387048E-11   0.900681E-12
   0.697300E+04   0.867348E-12   0.279278E-11   0.671671E-12
   0.697400E+04  -0.696853E-12  -0.196589E-11  -0.477368E-12
   0.697500E+04  -0.148234E-11  -0.428238E-11  -0.984603E-12
   0.697600E+04  -0.651150E-12  -0.149447E-11  -0.187227E-12
   0.697700E+04   0.362207E-12   0.189075E-11   0.753718E-12
   0.697800E+04  -0.141316E-12   0.502082E-12   0.473815E-12
   0.697900E+04  -0.174754E-11  -0.438260E-11  -0.689456E-12
   0.698000E+04  -0.250183E-11  -0.660588E-11  -0.116568E-11
   0.698100E+04  -0.163389E-11  -0.371718E-11  -0.341806E-12
   0.698200E+04  -0.631601E-12  -0.392404E-12   0.581904E-12
   0.698300E+04  -0.116326E-11  -0.190843E-11   0.265844E-12
   0.698400E+04  -0.274587E-11  -0.677187E-11  -0.899074E-12
   0.698500E+04  -0.341271E-11  -0.878670E-11  -0.133473E-11
   0.698600E+04  -0.244981E-11  -0.567937E-11  -0.475641E-12
   0.698700E+04  -0.138422E-11  -0.225087E-11   0.443057E-12
   0.698800E+04  -0.184609E-11  -0.365947E-11   0.109647E-12
   0.698900E+04  -0.328823E-11  -0.820842E-11  -0.103268E-11
   0.699000E+04  -0.374596E-11  -0.970383E-11  -0.140259E-11
   0.699100E+04  -0.257697E-11  -0.609381E-11  -0.486311E-12
   0.699200E+04  -0.135708E-11  -0.233122E-11   0.444914E-12
   0.699300E+04  -0.168017E-11  -0.345997E-11   0.108027E-12
   0.699400E+04  -0.293132E-11  -0.756852E-11  -0.100081E-11
   0.699500E+04  -0.314150E-11  -0.844626E-11  -0.129677E-11
   0.699600E+04  -0.173356E-11  -0.424368E-11  -0.316808E-12
   0.699700E+04  -0.329182E-12  -0.567437E-13   0.633363E-12
   0.699800E+04  -0.490385E-12  -0.827341E-12   0.299440E-12
   0.699900E+04  -0.154500E-11  -0.445975E-11  -0.772155E-12
   0.700000E+04  -0.152861E-11  -0.475262E-11  -0.996443E-12
   0.700100E+04   0.721537E-13  -0.540579E-13   0.388239E-13
   0.700200E+04   0.160188E-11   0.443402E-11   0.997367E-12
   0.700300E+04   0.154327E-11   0.391056E-11   0.657827E-12
   0.700400E+04   0.626425E-12   0.657811E-12  -0.383233E-12
   0.700500E+04   0.795677E-12   0.822011E-12  -0.545595E-12
   0.700600E+04   0.247727E-11   0.578847E-11   0.526202E-12
   0.700700E+04   0.396444E-11   0.101966E-10   0.146210E-11
   0.700800E+04   0.378087E-11   0.937351E-11   0.107369E-11
   0.700900E+04   0.272398E-11   0.581174E-11   0.925051E-14
   0.701000E+04   0.273444E-11   0.564616E-11  -0.153545E-12
   0.701100E+04   0.416968E-11   0.100450E-10   0.887517E-12
   0.701200E+04   0.529010E-11   0.135405E-10   0.173369E-11
   0.701300E+04   0.467980E-11   0.116414E-10   0.123487E-11
   0.701400E+04   0.322366E-11   0.710668E-11   0.950850E-13
   0.701500E+04   0.287664E-11   0.610841E-11  -0.107891E-12
   0.701600E+04   0.393715E-11   0.962328E-11   0.876560E-12
   0.701700E+04   0.462886E-11   0.120625E-10   0.162095E-11
   0.701800E+04   0.357906E-11   0.906552E-11   0.101033E-11
   0.701900E+04   0.173888E-11   0.359390E-11  -0.200982E-12
   0.702000E+04   0.106630E-11   0.182342E-11  -0.439101E-12
   0.702100E+04   0.180762E-11   0.456022E-11   0.496356E-12
   0.702200E+04   0.217040E-11   0.615740E-11   0.115524E-11
   0.702300E+04   0.844941E-12   0.244591E-11   0.463655E-12
   0.702400E+04  -0.114546E-11  -0.338981E-11  -0.772707E-12
   0.702500E+04  -0.185126E-11  -0.520152E-11  -0.987576E-12
   0.702600E+04  -0.110082E-11  -0.241717E-11  -0.361794E-13
   0.702700E+04  -0.727821E-12  -0.812071E-12   0.604162E-12
   0.702800E+04  -0.200050E-11  -0.442310E-11  -0.103196E-12
   0.702900E+04  -0.383758E-11  -0.988092E-11  -0.130469E-11
   0.703000E+04  -0.430195E-11  -0.110736E-10  -0.144363E-11
   0.703100E+04  -0.329120E-11  -0.764434E-11  -0.429585E-12
   0.703200E+04  -0.267171E-11  -0.546911E-11   0.236263E-12
   0.703300E+04  -0.366792E-11  -0.844371E-11  -0.443831E-12
   0.703400E+04  -0.514864E-11  -0.130363E-10  -0.157078E-11
   0.703500E+04  -0.520199E-11  -0.132074E-10  -0.160163E-11
   0.703600E+04  -0.380096E-11  -0.883164E-11  -0.501801E-12
   0.703700E+04  -0.283796E-11  -0.586372E-11   0.206581E-12
   0.703800E+04  -0.347912E-11  -0.801359E-11  -0.430859E-12
   0.703900E+04  -0.453365E-11  -0.115574E-10  -0.146774E-11
   0.704000E+04  -0.412035E-11  -0.105437E-10  -0.137733E-11
   0.704100E+04  -0.230843E-11  -0.513881E-11  -0.185885E-12
   0.704200E+04  -0.104270E-11  -0.145239E-11   0.558574E-12
   0.704300E+04  -0.144933E-11  -0.306282E-11  -0.584264E-13
   0.704400E+04  -0.227917E-11  -0.606030E-11  -0.104433E-11
   0.704500E+04  -0.166598E-11  -0.453949E-11  -0.886528E-12
   0.704600E+04   0.248320E-12   0.110637E-11   0.332916E-12
   0.704700E+04   0.148732E-11   0.467030E-11   0.104587E-11
   0.704800E+04   0.979296E-12   0.274511E-11   0.381758E-12
   0.704900E+04   0.454956E-13  -0.536866E-12  -0.618438E-12
   0.705000E+04   0.556797E-12   0.736709E-12  -0.453243E-12
   0.705100E+04   0.232163E-11   0.600883E-11   0.744446E-12
   0.705200E+04   0.334544E-11   0.901149E-11   0.139047E-11
   0.705300E+04   0.260348E-11   0.648472E-11   0.657015E-12
   0.705400E+04   0.146420E-11   0.270909E-11  -0.373151E-12
   0.705500E+04   0.177929E-11   0.353307E-11  -0.216592E-12
   0.705600E+04   0.330261E-11   0.822123E-11   0.941751E-12
   0.705700E+04   0.403707E-11   0.104908E-10   0.150659E-11
   0.705800E+04   0.302557E-11   0.729079E-11   0.698623E-12
   0.705900E+04   0.169196E-11   0.307542E-11  -0.356332E-12
   0.706000E+04   0.185886E-11   0.360177E-11  -0.196281E-12
   0.706100E+04   0.320580E-11   0.789946E-11   0.937278E-12
   0.706200E+04   0.371539E-11   0.961961E-11   0.143506E-11
   0.706300E+04   0.248903E-11   0.589354E-11   0.564862E-12
   0.706400E+04   0.100577E-11   0.134797E-11  -0.505303E-12
   0.706500E+04   0.106585E-11   0.166841E-11  -0.334521E-12
   0.706600E+04   0.228496E-11   0.568135E-11   0.781751E-12
   0.706700E+04   0.263496E-11   0.700170E-11   0.122386E-11
   0.706800E+04   0.127919E-11   0.295398E-11   0.308285E-12
   0.706900E+04  -0.252980E-12  -0.167727E-11  -0.756768E-12
   0.707000E+04  -0.193507E-12  -0.130769E-11  -0.555025E-12
   0.707100E+04   0.100162E-11   0.266383E-11   0.562402E-12
   0.707200E+04   0.129314E-11   0.381670E-11   0.966819E-12
   0.707300E+04  -0.863348E-13  -0.307333E-12   0.259573E-13
   0.707400E+04  -0.154644E-11  -0.473261E-11  -0.100994E-11
   0.707500E+04  -0.134443E-11  -0.395425E-11  -0.748697E-12
   0.707600E+04  -0.121416E-13   0.392957E-12   0.402224E-12
   0.707700E+04   0.381719E-12   0.180168E-11   0.802245E-12
   0.707800E+04  -0.888375E-12  -0.204750E-11  -0.135267E-12
   0.707900E+04  -0.219541E-11  -0.605835E-11  -0.112457E-11
   0.708000E+04  -0.183191E-11  -0.483501E-11  -0.801102E-12
   0.708100E+04  -0.399692E-12  -0.231871E-12   0.372807E-12
   0.708200E+04   0.158074E-13   0.119334E-11   0.748885E-12
   0.708300E+04  -0.125846E-11  -0.270994E-11  -0.210878E-12
   0.708400E+04  -0.254942E-11  -0.669920E-11  -0.118411E-11
   0.708500E+04  -0.216837E-11  -0.544192E-11  -0.831371E-12
   0.708600E+04  -0.760749E-12  -0.937478E-12   0.336328E-12
   0.708700E+04  -0.403018E-12   0.278947E-12   0.670127E-12
   0.708800E+04  -0.170705E-11  -0.375077E-11  -0.316927E-12
   0.708900E+04  -0.296759E-11  -0.767997E-11  -0.127016E-11
   0.709000E+04  -0.253896E-11  -0.631122E-11  -0.882112E-12
   0.709100E+04  -0.112535E-11  -0.183316E-11   0.284224E-12
   0.709200E+04  -0.791087E-12  -0.748200E-12   0.581513E-12
   0.709300E+04  -0.207282E-11  -0.477972E-11  -0.422232E-12
   0.709400E+04  -0.322343E-11  -0.844685E-11  -0.133860E-11
   0.709500E+04  -0.264402E-11  -0.669580E-11  -0.893912E-12
   0.709600E+04  -0.111249E-11  -0.194564E-11   0.293909E-12
   0.709700E+04  -0.698884E-12  -0.716355E-12   0.576332E-12
   0.709800E+04  -0.187796E-11  -0.453515E-11  -0.426283E-12
   0.709900E+04  -0.286577E-11  -0.780244E-11  -0.129404E-11
   0.710000E+04  -0.210642E-11  -0.559747E-11  -0.787278E-12
   0.710100E+04  -0.441464E-12  -0.539213E-12   0.423935E-12
   0.710200E+04   0.645807E-13   0.869238E-12   0.693932E-12
   0.710300E+04  -0.994501E-12  -0.268271E-11  -0.302500E-12
   0.710400E+04  -0.179831E-11  -0.547830E-11  -0.111515E-11
   0.710500E+04  -0.839576E-12  -0.274705E-11  -0.540820E-12
   0.710600E+04   0.969494E-12   0.267175E-11   0.697038E-12
   0.710700E+04   0.156456E-11   0.427760E-11   0.955787E-12
   0.710800E+04   0.606071E-12   0.972486E-12  -0.352860E-13
   0.710900E+04  -0.468899E-13  -0.140201E-11  -0.796101E-12
   0.711000E+04   0.106884E-11   0.178814E-11  -0.159860E-12
   0.711100E+04   0.297115E-11   0.748636E-11   0.109731E-11
   0.711200E+04   0.358614E-11   0.916708E-11   0.133489E-11
   0.711300E+04   0.262086E-11   0.588627E-11   0.332340E-12
   0.711400E+04   0.195349E-11   0.355140E-11  -0.406205E-12
   0.711500E+04   0.299792E-11   0.664202E-11   0.247192E-12
   0.711600E+04   0.471584E-11   0.119211E-10   0.146712E-11
   0.711700E+04   0.504664E-11   0.129014E-10   0.162158E-11
   0.711800E+04   0.376194E-11   0.884169E-11   0.544399E-12
   0.711900E+04   0.276798E-11   0.573780E-11  -0.235574E-12
   0.712000E+04   0.343851E-11   0.793767E-11   0.371569E-12
   0.712100E+04   0.469873E-11   0.120773E-10   0.149594E-11
   0.712200E+04   0.452938E-11   0.117862E-10   0.152161E-11
   0.712300E+04   0.278881E-11   0.658707E-11   0.341920E-12
   0.712400E+04   0.141535E-11   0.257292E-11  -0.489997E-12
   0.712500E+04   0.172999E-11   0.392191E-11   0.737140E-13
   0.712600E+04   0.260578E-11   0.709776E-11   0.111561E-11
   0.712700E+04   0.205889E-11   0.583039E-11   0.103583E-11
   0.712800E+04   0.399485E-13  -0.757099E-13  -0.211125E-12
   0.712900E+04  -0.147287E-11  -0.440582E-11  -0.104705E-11
   0.713000E+04  -0.121270E-11  -0.315191E-11  -0.467081E-12
   0.713100E+04  -0.374918E-12  -0.646463E-13   0.561058E-12
   0.713200E+04  -0.936047E-12  -0.139021E-11   0.448758E-12
   0.713300E+04  -0.288373E-11  -0.712773E-11  -0.794920E-12
   0.713400E+04  -0.422173E-11  -0.110021E-10  -0.157280E-11
   0.713500E+04  -0.374367E-11  -0.919238E-11  -0.925279E-12
   0.713600E+04  -0.270625E-11  -0.564060E-11   0.132131E-12
   0.713700E+04  -0.306677E-11  -0.653087E-11   0.264325E-13
   0.713800E+04  -0.474257E-11  -0.116380E-10  -0.117640E-11
   0.713900E+04  -0.571631E-11  -0.146161E-10  -0.186059E-11
   0.714000E+04  -0.484203E-11  -0.118303E-10  -0.111259E-11
   0.714100E+04  -0.343868E-11  -0.741573E-11   0.486137E-14
   0.714200E+04  -0.344756E-11  -0.750263E-11  -0.650096E-13
   0.714300E+04  -0.472263E-11  -0.116603E-10  -0.120073E-11
   0.714400E+04  -0.523311E-11  -0.134928E-10  -0.177081E-11
   0.714500E+04  -0.389683E-11  -0.955968E-11  -0.909215E-12
   0.714600E+04  -0.209354E-11  -0.418231E-11   0.275320E-12
   0.714700E+04  -0.174889E-11  -0.343636E-11   0.243630E-12
   0.714800E+04  -0.266238E-11  -0.671105E-11  -0.829300E-12
   0.714900E+04  -0.280588E-11  -0.760830E-11  -0.130135E-11
   0.715000E+04  -0.117402E-11  -0.292151E-11  -0.357991E-12
   0.715100E+04   0.792163E-12   0.283774E-11   0.846517E-12
   0.715200E+04   0.119506E-11   0.368196E-11   0.794544E-12
   0.715300E+04   0.306877E-12   0.448441E-12  -0.281704E-12
   0.715400E+04   0.167948E-12  -0.423956E-12  -0.727661E-12
   0.715500E+04   0.171931E-11   0.406928E-11   0.221455E-12
   0.715600E+04   0.347365E-11   0.926627E-11   0.136985E-11
   0.715700E+04   0.358148E-11   0.932260E-11   0.122705E-11
   0.715800E+04   0.240846E-11   0.536170E-11   0.872273E-13
   0.715900E+04   0.202389E-11   0.390840E-11  -0.380297E-12
   0.716000E+04   0.331100E-11   0.778140E-11   0.540083E-12
   0.716100E+04   0.473146E-11   0.121533E-10   0.161064E-11
   0.716200E+04   0.447099E-11   0.112845E-10   0.136625E-11
   0.716300E+04   0.297385E-11   0.654049E-11   0.159409E-12
   0.716400E+04   0.232816E-11   0.450210E-11  -0.329487E-12
   0.716500E+04   0.335699E-11   0.779602E-11   0.564809E-12
   0.716600E+04   0.447335E-11   0.114383E-10   0.156425E-11
   0.716700E+04   0.389837E-11   0.979717E-11   0.123055E-11
   0.716800E+04   0.214874E-11   0.446384E-11  -0.269351E-13
   0.716900E+04   0.132139E-11   0.204593E-11  -0.520352E-12
   0.717000E+04   0.217187E-11   0.495666E-11   0.362799E-12
   0.717100E+04   0.306359E-11   0.805352E-11   0.130490E-11
   0.717200E+04   0.225703E-11   0.582504E-11   0.896694E-12
   0.717300E+04   0.346474E-12   0.104023E-12  -0.394471E-12
   0.717400E+04  -0.556941E-12  -0.245886E-11  -0.873337E-12
   0.717500E+04   0.241276E-12   0.355499E-12   0.207864E-13
   0.717600E+04   0.106100E-11   0.326467E-11   0.933144E-12
   0.717700E+04   0.203016E-12   0.881772E-12   0.485049E-12
   0.717800E+04  -0.166750E-11  -0.473713E-11  -0.799866E-12
   0.717900E+04  -0.243573E-11  -0.692759E-11  -0.122260E-11
   0.718000E+04  -0.147503E-11  -0.368189E-11  -0.276239E-12
   0.718100E+04  -0.508992E-12  -0.418445E-12   0.648637E-12
   0.718200E+04  -0.119543E-11  -0.239234E-11   0.205675E-12
   0.718300E+04  -0.280607E-11  -0.734371E-11  -0.102701E-11
   0.718400E+04  -0.324329E-11  -0.865275E-11  -0.135268E-11
   0.718500E+04  -0.197605E-11  -0.460219E-11  -0.325026E-12
   0.718600E+04  -0.794146E-12  -0.811217E-12   0.625357E-12
   0.718700E+04  -0.132243E-11  -0.242747E-11   0.183663E-12
   0.718800E+04  -0.276215E-11  -0.696732E-11  -0.101624E-11
   0.718900E+04  -0.301507E-11  -0.780669E-11  -0.127731E-11
   0.719000E+04  -0.162557E-11  -0.346297E-11  -0.209923E-12
   0.719100E+04  -0.432691E-12   0.290786E-12   0.720130E-12
   0.719200E+04  -0.101473E-11  -0.154835E-11   0.233675E-12
   0.719300E+04  -0.248740E-11  -0.623216E-11  -0.976764E-12
   0.719400E+04  -0.273117E-11  -0.707538E-11  -0.121064E-11
   0.719500E+04  -0.134263E-11  -0.276515E-11  -0.130281E-12
   0.719600E+04  -0.195499E-12   0.812805E-12   0.767664E-12
   0.719700E+04  -0.826107E-12  -0.121354E-11   0.239662E-12
   0.719800E+04  -0.228766E-11  -0.589881E-11  -0.968915E-12
   0.719900E+04  -0.246714E-11  -0.657793E-11  -0.116188E-11
   0.720000E+04  -0.103006E-11  -0.215585E-11  -0.577582E-13
   0.720100E+04   0.114760E-12   0.136956E-11   0.817107E-12
   0.720200E+04  -0.519263E-12  -0.717951E-12   0.257905E-12
   0.720300E+04  -0.191857E-11  -0.526164E-11  -0.936447E-12
   0.720400E+04  -0.198031E-11  -0.562609E-11  -0.107623E-11
   0.720500E+04  -0.446215E-12  -0.954765E-12   0.617923E-13
   0.720600E+04   0.734367E-12   0.262705E-11   0.921502E-12
   0.720700E+04   0.122540E-12   0.553140E-12   0.337399E-12
   0.720800E+04  -0.120105E-11  -0.380771E-11  -0.838489E-12
   0.720900E+04  -0.114055E-11  -0.384066E-11  -0.923546E-12
   0.721000E+04   0.493464E-12   0.109500E-11   0.248739E-12
   0.721100E+04   0.172121E-11   0.477749E-11   0.109608E-11
   0.721200E+04   0.115768E-11   0.280961E-11   0.494841E-12
   0.721300E+04  -0.536787E-13  -0.124050E-11  -0.651390E-12
   0.721400E+04   0.161101E-12  -0.822530E-12  -0.671969E-12
   0.721500E+04   0.190466E-11   0.443635E-11   0.538434E-12
   0.721600E+04   0.315524E-11   0.818601E-11   0.137003E-11
   0.721700E+04   0.258172E-11   0.620022E-11   0.742208E-12
   0.721800E+04   0.139956E-11   0.227394E-11  -0.388259E-12
   0.721900E+04   0.167112E-11   0.292237E-11  -0.361693E-12
   0.722000E+04   0.341468E-11   0.825685E-11   0.866323E-12
   0.722100E+04   0.455719E-11   0.117713E-10   0.165748E-11
   0.722200E+04   0.380541E-11   0.936298E-11   0.971385E-12
   0.722300E+04   0.243619E-11   0.502010E-11  -0.185338E-12
   0.722400E+04   0.250544E-11   0.523368E-11  -0.164454E-12
   0.722500E+04   0.396728E-11   0.990762E-11   0.102166E-11
   0.722600E+04   0.472077E-11   0.124440E-10   0.171253E-11
   0.722700E+04   0.352617E-11   0.890512E-11   0.912206E-12
   0.722800E+04   0.173090E-11   0.349606E-11  -0.321592E-12
   0.722900E+04   0.139941E-11   0.272415E-11  -0.350191E-12
   0.723000E+04   0.245051E-11   0.636774E-11   0.763631E-12
   0.723100E+04   0.278955E-11   0.783537E-11   0.134633E-11
   0.723200E+04   0.124886E-11   0.340840E-11   0.451638E-12
   0.723300E+04  -0.765201E-12  -0.252519E-11  -0.815090E-12
   0.723400E+04  -0.121673E-11  -0.354866E-11  -0.834616E-12
   0.723500E+04  -0.264820E-12  -0.130588E-12   0.270088E-12
   0.723600E+04  -0.274756E-13   0.106165E-11   0.807132E-12
   0.723700E+04  -0.161207E-11  -0.350154E-11  -0.121603E-12
   0.723800E+04  -0.355414E-11  -0.924752E-11  -0.136368E-11
   0.723900E+04  -0.384496E-11  -0.984232E-11  -0.131999E-11
   0.724000E+04  -0.272260E-11  -0.600090E-11  -0.173719E-12
   0.724100E+04  -0.233283E-11  -0.447606E-11   0.365430E-12
   0.724200E+04  -0.372944E-11  -0.862586E-11  -0.553067E-12
   0.724300E+04  -0.539592E-11  -0.137099E-10  -0.173184E-11
   0.724400E+04  -0.535142E-11  -0.134785E-10  -0.159335E-11
   0.724500E+04  -0.390530E-11  -0.886888E-11  -0.379054E-12
   0.724600E+04  -0.321781E-11  -0.667807E-11   0.188117E-12
   0.724700E+04  -0.427852E-11  -0.100594E-10  -0.691300E-12
   0.724800E+04  -0.551871E-11  -0.141035E-10  -0.177574E-11
   0.724900E+04  -0.499786E-11  -0.126813E-10  -0.151343E-11
   0.725000E+04  -0.311663E-11  -0.700992E-11  -0.208682E-12
   0.725100E+04  -0.206859E-11  -0.398356E-11   0.399463E-12
   0.725200E+04  -0.278826E-11  -0.657554E-11  -0.438608E-12
   0.725300E+04  -0.364997E-11  -0.969265E-11  -0.143679E-11
   0.725400E+04  -0.273792E-11  -0.728048E-11  -0.106670E-11
   0.725500E+04  -0.529051E-12  -0.792427E-12   0.308076E-12
   0.725600E+04   0.751333E-12   0.278490E-11   0.934103E-12
   0.725700E+04   0.208436E-12   0.612938E-12   0.108722E-12
   0.725800E+04  -0.496006E-12  -0.209426E-11  -0.843372E-12
   0.725900E+04   0.520378E-12   0.613681E-12  -0.420813E-12
   0.726000E+04   0.271595E-11   0.707647E-11   0.956013E-12
   0.726100E+04   0.385655E-11   0.102772E-10   0.152558E-11
   0.726200E+04   0.310546E-11   0.756146E-11   0.636817E-12
   0.726300E+04   0.216934E-11   0.428602E-11  -0.346187E-12
   0.726400E+04   0.290720E-11   0.632277E-11   0.516990E-13
   0.726500E+04   0.473670E-11   0.118711E-10   0.135878E-11
   0.726600E+04   0.545012E-11   0.139838E-10   0.181479E-11
   0.726700E+04   0.429639E-11   0.102681E-10   0.827089E-12
   0.726800E+04   0.302817E-11   0.622407E-11  -0.201780E-12
   0.726900E+04   0.345492E-11   0.756717E-11   0.169605E-12
   0.727000E+04   0.491778E-11   0.122515E-10   0.141007E-11
   0.727100E+04   0.521090E-11   0.133280E-10   0.175626E-11
   0.727200E+04   0.366450E-11   0.865301E-11   0.673599E-12
   0.727300E+04   0.208771E-11   0.390114E-11  -0.395448E-12
   0.727400E+04   0.225361E-11   0.467133E-11  -0.411761E-13
   0.727500E+04   0.343310E-11   0.869356E-11   0.114773E-11
   0.727600E+04   0.341843E-11   0.900860E-11   0.140558E-11
   0.727700E+04   0.161022E-11   0.369142E-11   0.253928E-12
   0.727800E+04  -0.137060E-12  -0.144239E-11  -0.828510E-12
   0.727900E+04  -0.910362E-13  -0.923643E-12  -0.466032E-12
   0.728000E+04   0.954459E-12   0.277027E-11   0.696829E-12
   0.728100E+04   0.801853E-12   0.270793E-11   0.896468E-12
   0.728200E+04  -0.106562E-11  -0.277868E-11  -0.285805E-12
   0.728300E+04  -0.274137E-11  -0.771099E-11  -0.133438E-11
   0.728400E+04  -0.253512E-11  -0.675244E-11  -0.908941E-12
   0.728500E+04  -0.131657E-11  -0.261837E-11   0.288043E-12
   0.728600E+04  -0.129404E-11  -0.227038E-11   0.491817E-12
   0.728700E+04  -0.292786E-11  -0.719188E-11  -0.661846E-12
   0.728800E+04  -0.428051E-11  -0.112992E-10  -0.162615E-11
   0.728900E+04  -0.371049E-11  -0.940428E-11  -0.109858E-11
   0.729000E+04  -0.215645E-11  -0.443664E-11   0.162806E-12
   0.729100E+04  -0.182950E-11  -0.336194E-11   0.395593E-12
   0.729200E+04  -0.313813E-11  -0.749061E-11  -0.710476E-12
   0.729300E+04  -0.413174E-11  -0.106857E-10  -0.158270E-11
   0.729400E+04  -0.323521E-11  -0.795981E-11  -0.961689E-12
   0.729500E+04  -0.145906E-11  -0.246741E-11   0.338504E-12
   0.729600E+04  -0.100400E-11  -0.114244E-11   0.562066E-12
   0.729700E+04  -0.220786E-11  -0.507103E-11  -0.542808E-12
   0.729800E+04  -0.309190E-11  -0.802296E-11  -0.137550E-11
   0.729900E+04  -0.213439E-11  -0.517720E-11  -0.718079E-12
   0.730000E+04  -0.398058E-12   0.142132E-12   0.564296E-12
   0.730100E+04  -0.441691E-13   0.111523E-11   0.730404E-12
   0.730200E+04  -0.131132E-11  -0.303901E-11  -0.406308E-12
   0.730300E+04  -0.217974E-11  -0.596203E-11  -0.121570E-11
   0.730400E+04  -0.119143E-11  -0.303103E-11  -0.524925E-12
   0.730500E+04   0.510971E-12   0.217869E-11   0.743788E-12
   0.730600E+04   0.775540E-12   0.287370E-11   0.858192E-12
   0.730700E+04  -0.555390E-12  -0.147571E-11  -0.307009E-12
   0.730800E+04  -0.142141E-11  -0.438428E-11  -0.109350E-11
   0.730900E+04  -0.415072E-12  -0.138824E-11  -0.371432E-12
   0.731000E+04   0.125648E-11   0.373319E-11   0.884292E-12
   0.731100E+04   0.145669E-11   0.423333E-11   0.953435E-12
   0.731200E+04   0.101348E-12  -0.186489E-12  -0.229409E-12
   0.731300E+04  -0.723406E-12  -0.295797E-11  -0.982500E-12
   0.731400E+04   0.328307E-12   0.190698E-12  -0.222608E-12
   0.731500E+04   0.198466E-11   0.527609E-11   0.102328E-11
   0.731600E+04   0.213291E-11   0.562417E-11   0.105041E-11
   0.731700E+04   0.771485E-12   0.119540E-11  -0.144280E-12
   0.731800E+04   0.160894E-13  -0.134703E-11  -0.855937E-12
   0.731900E+04   0.114830E-11   0.206913E-11  -0.495474E-13
   0.732000E+04   0.282370E-11   0.723354E-11   0.119470E-11
   0.732100E+04   0.294153E-11   0.751072E-11   0.118620E-11
   0.732200E+04   0.156993E-11   0.308258E-11  -0.186174E-13
   0.732300E+04   0.846459E-12   0.684336E-12  -0.694918E-12
   0.732400E+04   0.199242E-11   0.420063E-11   0.144107E-12
   0.732500E+04   0.360597E-11   0.923984E-11   0.136945E-11
   0.732600E+04   0.361458E-11   0.925386E-11   0.130994E-11
   0.732700E+04   0.216077E-11   0.466018E-11   0.827620E-13
   0.732800E+04   0.139298E-11   0.223308E-11  -0.571230E-12
   0.732900E+04   0.245364E-11   0.561344E-11   0.281164E-12
   0.733000E+04   0.387004E-11   0.101866E-10   0.145952E-11
   0.733100E+04   0.359662E-11   0.948527E-11   0.131298E-11
   0.733200E+04   0.186004E-11   0.418738E-11   0.214849E-13
   0.733300E+04   0.835787E-12   0.114963E-11  -0.655949E-12
   0.733400E+04   0.160805E-11   0.382623E-11   0.163949E-12
   0.733500E+04   0.265862E-11   0.745182E-11   0.125594E-11
   0.733600E+04   0.199763E-11   0.572264E-11   0.997380E-12
   0.733700E+04  -0.385293E-13  -0.349819E-12  -0.363121E-12
   0.733800E+04  -0.123393E-11  -0.378858E-11  -0.104673E-11
   0.733900E+04  -0.569062E-12  -0.134462E-11  -0.222409E-12
   0.734000E+04   0.365141E-12   0.198844E-11   0.834435E-12
   0.734100E+04  -0.405872E-12  -0.447714E-13   0.521579E-12
   0.734200E+04  -0.247416E-11  -0.620840E-11  -0.852504E-12
   0.734300E+04  -0.360397E-11  -0.946400E-11  -0.149522E-11
   0.734400E+04  -0.283761E-11  -0.675730E-11  -0.627740E-12
   0.734500E+04  -0.182099E-11  -0.325471E-11   0.429709E-12
   0.734600E+04  -0.249764E-11  -0.511302E-11   0.100669E-12
   0.734700E+04  -0.438659E-11  -0.108641E-10  -0.124595E-11
   0.734800E+04  -0.524338E-11  -0.134387E-10  -0.180762E-11
   0.734900E+04  -0.418451E-11  -0.100123E-10  -0.861293E-12
   0.735000E+04  -0.291528E-11  -0.593628E-11   0.227944E-12
   0.735100E+04  -0.334491E-11  -0.725774E-11  -0.884029E-13
   0.735200E+04  -0.491500E-11  -0.122624E-10  -0.137999E-11
   0.735300E+04  -0.537191E-11  -0.138471E-10  -0.183555E-11
   0.735400E+04  -0.390933E-11  -0.942485E-11  -0.789092E-12
   0.735500E+04  -0.229641E-11  -0.454251E-11   0.349534E-12
   0.735600E+04  -0.241390E-11  -0.515370E-11   0.598327E-13
   0.735700E+04  -0.363387E-11  -0.932092E-11  -0.116845E-11
   0.735800E+04  -0.370102E-11  -0.993038E-11  -0.151855E-11
   0.735900E+04  -0.188855E-11  -0.463906E-11  -0.382787E-12
   0.736000E+04  -0.233356E-13   0.829400E-12   0.786764E-12
   0.736100E+04   0.544030E-13   0.651879E-12   0.501850E-12
   0.736200E+04  -0.946835E-12  -0.297836E-11  -0.685990E-12
   0.736300E+04  -0.766973E-12  -0.292866E-11  -0.955281E-12
   0.736400E+04   0.123390E-11   0.287651E-11   0.240869E-12
   0.736500E+04   0.315570E-11   0.848984E-11   0.140541E-11
   0.736600E+04   0.318229E-11   0.816883E-11   0.107962E-11
   0.736700E+04   0.209511E-11   0.433716E-11  -0.125499E-12
   0.736800E+04   0.216748E-11   0.416662E-11  -0.383554E-12
   0.736900E+04   0.397588E-11   0.952928E-11   0.796052E-12
   0.737000E+04   0.557567E-11   0.143342E-10   0.187878E-11
   0.737100E+04   0.519768E-11   0.129830E-10   0.144171E-11
   0.737200E+04   0.370999E-11   0.816639E-11   0.157973E-12
   0.737300E+04   0.340949E-11   0.712188E-11  -0.140495E-12
   0.737400E+04   0.482148E-11   0.115506E-10   0.982673E-12
   0.737500E+04   0.596723E-11   0.152458E-10   0.195879E-11
   0.737600E+04   0.512284E-11   0.127468E-10   0.140146E-11
   0.737700E+04   0.322530E-11   0.695824E-11   0.412631E-13
   0.737800E+04   0.257053E-11   0.511075E-11  -0.291539E-12
   0.737900E+04   0.361749E-11   0.869027E-11   0.781136E-12
   0.738000E+04   0.435564E-11   0.113825E-10   0.165825E-11
   0.738100E+04   0.311964E-11   0.790499E-11   0.994395E-12
   0.738200E+04   0.926063E-12   0.140923E-11  -0.420193E-12
   0.738300E+04   0.702746E-13  -0.878496E-12  -0.758156E-12
   0.738400E+04   0.937786E-12   0.229356E-11   0.298325E-12
   0.738500E+04   0.147900E-11   0.448462E-11   0.111552E-11
   0.738600E+04   0.841622E-13   0.583584E-12   0.389621E-12
   0.738700E+04  -0.214980E-11  -0.600754E-11  -0.102964E-11
   0.738800E+04  -0.292613E-11  -0.805956E-11  -0.131871E-11
   0.738900E+04  -0.193230E-11  -0.455066E-11  -0.220095E-12
   0.739000E+04  -0.126116E-11  -0.205616E-11   0.600370E-12
   0.739100E+04  -0.247875E-11  -0.554580E-11  -0.120775E-12
   0.739200E+04  -0.442703E-11  -0.114202E-10  -0.147904E-11
   0.739300E+04  -0.482944E-11  -0.125080E-10  -0.166099E-11
   0.739400E+04  -0.346320E-11  -0.806420E-11  -0.473551E-12
   0.739500E+04  -0.247170E-11  -0.481672E-11   0.385116E-12
   0.739600E+04  -0.337462E-11  -0.758275E-11  -0.306076E-12
   0.739700E+04  -0.494294E-11  -0.125337E-10  -0.158591E-11
   0.739800E+04  -0.490792E-11  -0.125192E-10  -0.164952E-11
   0.739900E+04  -0.312939E-11  -0.704920E-11  -0.366878E-12
   0.740000E+04  -0.180683E-11  -0.302056E-11   0.531514E-12
   0.740100E+04  -0.243240E-11  -0.515321E-11  -0.136411E-12
   0.740200E+04  -0.372678E-11  -0.945158E-11  -0.135829E-11
   0.740300E+04  -0.343462E-11  -0.880477E-11  -0.134080E-11
   0.740400E+04  -0.148068E-11  -0.293012E-11  -0.133809E-13
   0.740500E+04  -0.895571E-13   0.119438E-11   0.869384E-12
   0.740600E+04  -0.700751E-12  -0.983408E-12   0.171142E-12
   0.740700E+04  -0.197553E-11  -0.527725E-11  -0.104336E-11
   0.740800E+04  -0.167125E-11  -0.461678E-11  -0.993883E-12
   0.740900E+04   0.229813E-12   0.109229E-11   0.331956E-12
   0.741000E+04   0.149631E-11   0.484167E-11   0.116089E-11
   0.741100E+04   0.758857E-12   0.229525E-11   0.407146E-12
   0.741200E+04  -0.583218E-12  -0.216892E-11  -0.812766E-12
   0.741300E+04  -0.317153E-12  -0.157290E-11  -0.737296E-12
   0.741400E+04   0.149445E-11   0.392232E-11   0.582234E-12
   0.741500E+04   0.260047E-11   0.724036E-11   0.135219E-11
   0.741600E+04   0.170294E-11   0.426572E-11   0.538728E-12
   0.741700E+04   0.271197E-12  -0.403817E-12  -0.688377E-12
   0.741800E+04   0.496460E-12   0.142816E-12  -0.585637E-12
   0.741900E+04   0.223851E-11   0.549944E-11   0.732604E-12
   0.742000E+04   0.322314E-11   0.851449E-11   0.145314E-11
   0.742100E+04   0.221584E-11   0.527076E-11   0.593234E-12
   0.742200E+04   0.745046E-12   0.553613E-12  -0.627454E-12
   0.742300E+04   0.970142E-12   0.117628E-11  -0.487393E-12
   0.742400E+04   0.266735E-11   0.647048E-11   0.834631E-12
   0.742500E+04   0.353963E-11   0.921185E-11   0.150743E-11
   0.742600E+04   0.242101E-11   0.569801E-11   0.601581E-12
   0.742700E+04   0.906084E-12   0.922297E-12  -0.612539E-12
   0.742800E+04   0.112794E-11   0.161510E-11  -0.435596E-12
   0.742900E+04   0.278001E-11   0.684743E-11   0.889262E-12
   0.743000E+04   0.353667E-11   0.930582E-11   0.151295E-11
   0.743100E+04   0.229137E-11   0.547731E-11   0.558241E-12
   0.743200E+04   0.700790E-12   0.552245E-12  -0.655557E-12
   0.743300E+04   0.879761E-12   0.120167E-11  -0.450810E-12
   0.743400E+04   0.245534E-11   0.628331E-11   0.868795E-12
   0.743500E+04   0.308312E-11   0.842305E-11   0.143998E-11
   0.743600E+04   0.170653E-11   0.426953E-11   0.436293E-12
   0.743700E+04   0.200109E-13  -0.861426E-12  -0.780637E-12
   0.743800E+04   0.102198E-12  -0.411527E-12  -0.560555E-12
   0.743900E+04   0.152118E-11   0.428393E-11   0.733996E-12
   0.744000E+04   0.194423E-11   0.587733E-11   0.123393E-11
   0.744100E+04   0.395460E-12   0.126669E-11   0.171378E-12
   0.744200E+04  -0.138380E-11  -0.408140E-11  -0.104866E-11
   0.744300E+04  -0.136482E-11  -0.376170E-11  -0.807879E-12
   0.744400E+04  -0.566428E-13   0.645277E-12   0.468285E-12
   0.744500E+04   0.215684E-12   0.180749E-11   0.905532E-12
   0.744600E+04  -0.143099E-11  -0.309266E-11  -0.201856E-12
   0.744700E+04  -0.319410E-11  -0.839693E-11  -0.140324E-11
   0.744800E+04  -0.309302E-11  -0.784825E-11  -0.111326E-11
   0.744900E+04  -0.172799E-11  -0.331214E-11   0.176752E-12
   0.745000E+04  -0.143734E-11  -0.216413E-11   0.584025E-12
   0.745100E+04  -0.302671E-11  -0.698035E-11  -0.537747E-12
   0.745200E+04  -0.463421E-11  -0.119157E-10  -0.169370E-11
   0.745300E+04  -0.431698E-11  -0.108297E-10  -0.133020E-11
   0.745400E+04  -0.275212E-11  -0.582827E-11  -0.672952E-15
   0.745500E+04  -0.228377E-11  -0.430487E-11   0.407142E-12
   0.745600E+04  -0.364596E-11  -0.860851E-11  -0.694110E-12
   0.745700E+04  -0.493470E-11  -0.127567E-10  -0.177037E-11
   0.745800E+04  -0.426475E-11  -0.107837E-10  -0.130570E-11
   0.745900E+04  -0.240350E-11  -0.507414E-11   0.815887E-13
   0.746000E+04  -0.170399E-11  -0.304690E-11   0.499707E-12
   0.746100E+04  -0.282301E-11  -0.680581E-11  -0.577690E-12
   0.746200E+04  -0.380366E-11  -0.101990E-10  -0.157590E-11
   0.746300E+04  -0.280633E-11  -0.740089E-11  -0.101522E-11
   0.746400E+04  -0.680884E-12  -0.105289E-11   0.423230E-12
   0.746500E+04   0.209079E-12   0.139603E-11   0.844729E-12
   0.746600E+04  -0.726972E-12  -0.194501E-11  -0.218066E-12
   0.746700E+04  -0.149101E-11  -0.478952E-11  -0.115373E-11
   0.746800E+04  -0.289917E-12  -0.145505E-11  -0.520310E-12
   0.746900E+04   0.195695E-11   0.519805E-11   0.941699E-12
   0.747000E+04   0.289119E-11   0.773706E-11   0.133984E-11
   0.747100E+04   0.199144E-11   0.449250E-11   0.266980E-12
   0.747200E+04   0.128208E-11   0.184149E-11  -0.633423E-12
   0.747300E+04   0.248906E-11   0.526130E-11   0.366235E-13
   0.747400E+04   0.461438E-11   0.116441E-10   0.147537E-11
   0.747500E+04   0.531405E-11   0.135976E-10   0.179605E-11
   0.747600E+04   0.415447E-11   0.972439E-11   0.656299E-12
   0.747700E+04   0.320040E-11   0.652876E-11  -0.266731E-12
   0.747800E+04   0.411498E-11   0.929162E-11   0.380495E-12
   0.747900E+04   0.582367E-11   0.146609E-10   0.173571E-11
   0.748000E+04   0.600772E-11   0.153135E-10   0.192165E-11
   0.748100E+04   0.434397E-11   0.101871E-10   0.666144E-12
   0.748200E+04   0.296433E-11   0.598764E-11  -0.315216E-12
   0.748300E+04   0.348679E-11   0.784841E-11   0.289339E-12
   0.748400E+04   0.475944E-11   0.121695E-10   0.155725E-11
   0.748500E+04   0.447013E-11   0.116427E-10   0.161791E-11
   0.748600E+04   0.238094E-11   0.546669E-11   0.263822E-12
   0.748700E+04   0.674336E-12   0.499538E-12  -0.756240E-12
   0.748800E+04   0.924567E-12   0.173139E-11  -0.173075E-12
   0.748900E+04   0.191854E-11   0.536455E-11   0.103506E-11
   0.749000E+04   0.136844E-11   0.416190E-11   0.101024E-11
   0.749100E+04  -0.872410E-12  -0.239532E-11  -0.388318E-12
   0.749200E+04  -0.258073E-11  -0.732231E-11  -0.138198E-11
   0.749300E+04  -0.224610E-11  -0.582886E-11  -0.749769E-12
   0.749400E+04  -0.116540E-11  -0.197377E-11   0.469913E-12
   0.749500E+04  -0.162253E-11  -0.297880E-11   0.428880E-12
   0.749600E+04  -0.368879E-11  -0.912206E-11  -0.949947E-12
   0.749700E+04  -0.510844E-11  -0.133128E-10  -0.186107E-11
   0.749800E+04  -0.443358E-11  -0.109537E-10  -0.113229E-11
   0.749900E+04  -0.303715E-11  -0.633964E-11   0.140567E-12
   0.750000E+04  -0.319409E-11  -0.665975E-11   0.121921E-12
   0.750100E+04  -0.490500E-11  -0.119637E-10  -0.120237E-11
   0.750200E+04  -0.589362E-11  -0.150892E-10  -0.200403E-11
   0.750300E+04  -0.478302E-11  -0.116557E-10  -0.116261E-11
   0.750400E+04  -0.301864E-11  -0.618215E-11   0.170291E-12
   0.750500E+04  -0.285328E-11  -0.578509E-11   0.176426E-12
   0.750600E+04  -0.420507E-11  -0.102505E-10  -0.109238E-11
   0.750700E+04  -0.477618E-11  -0.123407E-10  -0.178621E-11
   0.750800E+04  -0.327015E-11  -0.792052E-11  -0.839618E-12
   0.750900E+04  -0.121782E-11  -0.177043E-11   0.537774E-12
   0.751000E+04  -0.858544E-12  -0.960611E-12   0.544417E-12
   0.751100E+04  -0.202983E-11  -0.502062E-11  -0.702362E-12
   0.751200E+04  -0.240825E-11  -0.662982E-11  -0.133176E-11
   0.751300E+04  -0.770688E-12  -0.188076E-11  -0.332947E-12
   0.751400E+04   0.127549E-11   0.420694E-11   0.102902E-11
   0.751500E+04   0.151567E-11   0.463972E-11   0.973209E-12
   0.751600E+04   0.209921E-12   0.190457E-12  -0.313803E-12
   0.751700E+04  -0.268150E-12  -0.166932E-11  -0.936342E-12
   0.751800E+04   0.125913E-11   0.281772E-11   0.670429E-13
   0.751900E+04   0.312686E-11   0.844587E-11   0.138098E-11
   0.752000E+04   0.314306E-11   0.829065E-11   0.124600E-11
   0.752100E+04   0.164201E-11   0.335767E-11  -0.876235E-13
   0.752200E+04   0.101825E-11   0.118260E-11  -0.707729E-12
   0.752300E+04   0.238910E-11   0.532861E-11   0.293321E-12
   0.752400E+04   0.403942E-11   0.104263E-10   0.155254E-11
   0.752500E+04   0.381859E-11   0.967730E-11   0.133792E-11
   0.752600E+04   0.214610E-11   0.435425E-11  -0.337845E-13
   0.752700E+04   0.143008E-11   0.203699E-11  -0.637018E-12
   0.752800E+04   0.270638E-11   0.603390E-11   0.376344E-12
   0.752900E+04   0.418783E-11   0.107491E-10   0.159162E-11
   0.753000E+04   0.375301E-11   0.947503E-11   0.130291E-11
   0.753100E+04   0.190695E-11   0.375199E-11  -0.106616E-12
   0.753200E+04   0.108166E-11   0.123331E-11  -0.697128E-12
   0.753300E+04   0.224701E-11   0.501793E-11   0.322775E-12
   0.753400E+04   0.355817E-11   0.932683E-11   0.149117E-11
   0.753500E+04   0.292984E-11   0.756465E-11   0.113139E-11
   0.753600E+04   0.949326E-12   0.152963E-11  -0.307856E-12
   0.753700E+04   0.625238E-13  -0.108219E-11  -0.876454E-12
   0.753800E+04   0.116391E-11   0.258963E-11   0.157163E-12
   0.753900E+04   0.234752E-11   0.657275E-11   0.128403E-11
   0.754000E+04   0.156747E-11   0.439521E-11   0.859058E-12
   0.754100E+04  -0.498280E-12  -0.186037E-11  -0.601598E-12
   0.754200E+04  -0.137838E-11  -0.442000E-11  -0.113620E-11
   0.754300E+04  -0.242736E-12  -0.628140E-12  -0.710875E-13
   0.754400E+04   0.945184E-12   0.336165E-11   0.103978E-11
   0.754500E+04   0.168563E-12   0.117221E-11   0.581941E-12
   0.754600E+04  -0.182764E-11  -0.489766E-11  -0.866650E-12
   0.754700E+04  -0.257376E-11  -0.707498E-11  -0.134048E-11
   0.754800E+04  -0.132296E-11  -0.296416E-11  -0.228872E-12
   0.754900E+04  -0.102168E-12   0.108285E-11   0.868964E-12
   0.755000E+04  -0.895389E-12  -0.120561E-11   0.371450E-12
   0.755100E+04  -0.288043E-11  -0.728571E-11  -0.107966E-11
   0.755200E+04  -0.357074E-11  -0.933289E-11  -0.151243E-11
   0.755300E+04  -0.227416E-11  -0.512951E-11  -0.373249E-12
   0.755400E+04  -0.105021E-11  -0.113679E-11   0.701681E-12
   0.755500E+04  -0.183293E-11  -0.347142E-11   0.168952E-12
   0.755600E+04  -0.373021E-11  -0.936715E-11  -0.126803E-11
   0.755700E+04  -0.426427E-11  -0.110239E-10  -0.163851E-11
   0.755800E+04  -0.282215E-11  -0.647381E-11  -0.452335E-12
   0.755900E+04  -0.150346E-11  -0.230771E-11   0.616861E-12
   0.756000E+04  -0.218330E-11  -0.445931E-11   0.674149E-13
   0.756100E+04  -0.388866E-11  -0.990556E-11  -0.133323E-11
   0.756200E+04  -0.415093E-11  -0.108698E-10  -0.161699E-11
   0.756300E+04  -0.245038E-11  -0.567210E-11  -0.360730E-12
   0.756400E+04  -0.946537E-12  -0.108863E-11   0.721256E-12
   0.756500E+04  -0.147131E-11  -0.291474E-11   0.166769E-12
   0.756600E+04  -0.297627E-11  -0.788742E-11  -0.119450E-11
   0.756700E+04  -0.299633E-11  -0.823829E-11  -0.139749E-11
   0.756800E+04  -0.109152E-11  -0.253672E-11  -0.835096E-13
   0.756900E+04   0.533842E-12   0.230137E-11   0.997383E-12
   0.757000E+04   0.101504E-12   0.650769E-12   0.426267E-12
   0.757100E+04  -0.126163E-11  -0.397694E-11  -0.904721E-12
   0.757200E+04  -0.109704E-11  -0.383286E-11  -0.103600E-11
   0.757300E+04   0.948874E-12   0.224303E-11   0.324497E-12
   0.757400E+04   0.261850E-11   0.716943E-11   0.139019E-11
   0.757500E+04   0.217942E-11   0.546918E-11   0.784905E-12
   0.757600E+04   0.835531E-12   0.899059E-12  -0.537568E-12
   0.757700E+04   0.104918E-11   0.121957E-11  -0.622206E-12
   0.757800E+04   0.310703E-11   0.737697E-11   0.760589E-12
   0.757900E+04   0.471220E-11   0.121659E-10   0.179232E-11
   0.758000E+04   0.417150E-11   0.102378E-10   0.113923E-11
   0.758100E+04   0.273789E-11   0.551223E-11  -0.190445E-12
   0.758200E+04   0.284620E-11   0.566769E-11  -0.255281E-12
   0.758300E+04   0.470297E-11   0.113954E-10   0.110818E-11
   0.758400E+04   0.598358E-11   0.153959E-10   0.205330E-11
   0.758500E+04   0.505765E-11   0.125148E-10   0.129509E-11
   0.758600E+04   0.324711E-11   0.688868E-11  -0.100030E-12
   0.758700E+04   0.297265E-11   0.614969E-11  -0.202974E-12
   0.758800E+04   0.437728E-11   0.107796E-10   0.108692E-11
   0.758900E+04   0.513483E-11   0.134593E-10   0.190216E-11
   0.759000E+04   0.370591E-11   0.930706E-11   0.101400E-11
   0.759100E+04   0.149538E-11   0.271426E-11  -0.450678E-12
   0.759200E+04   0.901561E-12   0.124028E-11  -0.578793E-12
   0.759300E+04   0.198169E-11   0.509280E-11   0.662082E-12
   0.759400E+04   0.238906E-11   0.687893E-11   0.138069E-11
   0.759500E+04   0.670451E-12   0.197856E-11   0.404734E-12
   0.759600E+04  -0.167944E-11  -0.494018E-11  -0.107743E-11
   0.759700E+04  -0.227834E-11  -0.636912E-11  -0.116853E-11
   0.759800E+04  -0.116114E-11  -0.238837E-11   0.943490E-13
   0.759900E+04  -0.718025E-12  -0.524979E-12   0.792820E-12
   0.760000E+04  -0.234908E-11  -0.522850E-11  -0.195170E-12
   0.760100E+04  -0.449993E-11  -0.116387E-10  -0.162731E-11
   0.760200E+04  -0.481997E-11  -0.123427E-10  -0.162721E-11
   0.760300E+04  -0.343406E-11  -0.770065E-11  -0.301014E-12
   0.760400E+04  -0.276296E-11  -0.533290E-11   0.410500E-12
   0.760500E+04  -0.413996E-11  -0.947525E-11  -0.559991E-12
   0.760600E+04  -0.594232E-11  -0.150480E-10  -0.191486E-11
   0.760700E+04  -0.584697E-11  -0.147213E-10  -0.179920E-11
   0.760800E+04  -0.406840E-11  -0.913501E-11  -0.388228E-12
   0.760900E+04  -0.306320E-11  -0.601849E-11   0.355065E-12
   0.761000E+04  -0.410924E-11  -0.942648E-11  -0.583527E-12
   0.761100E+04  -0.552568E-11  -0.140886E-10  -0.185426E-11
   0.761200E+04  -0.501429E-11  -0.127489E-10  -0.162445E-11
   0.761300E+04  -0.285980E-11  -0.626837E-11  -0.133791E-12
   0.761400E+04  -0.153173E-11  -0.241681E-11   0.639532E-12
   0.761500E+04  -0.224808E-11  -0.505359E-11  -0.263480E-12
   0.761600E+04  -0.329392E-11  -0.878770E-11  -0.144748E-11
   0.761700E+04  -0.243551E-11  -0.655356E-11  -0.111286E-11
   0.761800E+04  -0.571259E-13   0.479627E-12   0.429278E-12
   0.761900E+04   0.135655E-11   0.449245E-11   0.118633E-11
   0.762000E+04   0.667923E-12   0.187708E-11   0.259904E-12
   0.762100E+04  -0.347909E-12  -0.178321E-11  -0.904325E-12
   0.762200E+04   0.498037E-12   0.440310E-12  -0.537027E-12
   0.762300E+04   0.273690E-11   0.711065E-11   0.982560E-12
   0.762400E+04   0.388719E-11   0.104097E-10   0.165302E-11
   0.762500E+04   0.291602E-11   0.704823E-11   0.642795E-12
   0.762600E+04   0.168192E-11   0.286560E-11  -0.548025E-12
   0.762700E+04   0.234101E-11   0.468472E-11  -0.179411E-12
   0.762800E+04   0.433496E-11   0.107850E-10   0.130012E-11
   0.762900E+04   0.516693E-11   0.132953E-10   0.187756E-11
   0.763000E+04   0.388598E-11   0.917902E-11   0.783686E-12
   0.763100E+04   0.241710E-11   0.448085E-11  -0.432085E-12
   0.763200E+04   0.287756E-11   0.590047E-11  -0.618781E-13
   0.763300E+04   0.462229E-11   0.114434E-10   0.137748E-11
   0.763400E+04   0.514308E-11   0.132001E-10   0.186414E-11
   0.763500E+04   0.356973E-11   0.838501E-11   0.691885E-12
   0.763600E+04   0.188743E-11   0.323049E-11  -0.543070E-12
   0.763700E+04   0.216857E-11   0.429424E-11  -0.167956E-12
   0.763800E+04   0.368008E-11   0.930339E-11   0.123196E-11
   0.763900E+04   0.390564E-11   0.103204E-10   0.162839E-11
   0.764000E+04   0.206118E-11   0.482750E-11   0.380213E-12
   0.764100E+04   0.199267E-12  -0.734252E-12  -0.869034E-12
   0.764200E+04   0.357046E-12   0.781284E-13  -0.480925E-12
   0.764300E+04   0.172251E-11   0.473900E-11   0.893152E-12
   0.764400E+04   0.177246E-11   0.528593E-11   0.122031E-11
   0.764500E+04  -0.201384E-12  -0.560741E-12  -0.771667E-13
   0.764600E+04  -0.209305E-11  -0.619077E-11  -0.131276E-11
   0.764700E+04  -0.190232E-11  -0.527889E-11  -0.884043E-12
   0.764800E+04  -0.501666E-12  -0.546389E-12   0.496396E-12
   0.764900E+04  -0.394362E-12   0.101716E-12   0.799255E-12
   0.765000E+04  -0.220300E-11  -0.534332E-11  -0.486499E-12
   0.765100E+04  -0.379318E-11  -0.101713E-10  -0.163812E-11
   0.765200E+04  -0.325547E-11  -0.832810E-11  -0.110278E-11
   0.765300E+04  -0.157953E-11  -0.289306E-11   0.333151E-12
   0.765400E+04  -0.128180E-11  -0.180862E-11   0.637992E-12
   0.765500E+04  -0.289937E-11  -0.681350E-11  -0.632110E-12
   0.765600E+04  -0.424637E-11  -0.110324E-10  -0.171423E-11
   0.765700E+04  -0.347547E-11  -0.860111E-11  -0.110000E-11
   0.765800E+04  -0.167098E-11  -0.289232E-11   0.356025E-12
   0.765900E+04  -0.134693E-11  -0.184142E-11   0.624963E-12
   0.766000E+04  -0.293904E-11  -0.687315E-11  -0.665819E-12
   0.766100E+04  -0.418783E-11  -0.108864E-10  -0.170966E-11
   0.766200E+04  -0.328214E-11  -0.813453E-11  -0.103820E-11
   0.766300E+04  -0.138304E-11  -0.223325E-11   0.430329E-12
   0.766400E+04  -0.100469E-11  -0.111848E-11   0.670865E-12
   0.766500E+04  -0.250656E-11  -0.597406E-11  -0.623378E-12
   0.766600E+04  -0.359023E-11  -0.957471E-11  -0.161147E-11
   0.766700E+04  -0.250606E-11  -0.636527E-11  -0.872246E-12
   0.766800E+04  -0.497168E-12  -0.218593E-12   0.611832E-12
   0.766900E+04  -0.680484E-13   0.960180E-12   0.823652E-12
   0.767000E+04  -0.149045E-11  -0.373616E-11  -0.474425E-12
   0.767100E+04  -0.242349E-11  -0.694681E-11  -0.140765E-11
   0.767200E+04  -0.118303E-11  -0.332014E-11  -0.604281E-12
   0.767300E+04   0.899794E-12   0.299633E-11   0.888184E-12
   0.767400E+04   0.132652E-11   0.411745E-11   0.106134E-11
   0.767500E+04  -0.868519E-13  -0.587738E-12  -0.252950E-12
   0.767600E+04  -0.952284E-12  -0.361046E-11  -0.114652E-11
   0.767700E+04   0.358645E-12   0.225012E-12  -0.296088E-12
   0.767800E+04   0.243851E-11   0.653035E-11   0.118920E-11
   0.767900E+04   0.280117E-11   0.745883E-11   0.131274E-11
   0.768000E+04   0.134592E-11   0.264221E-11  -0.248811E-13
   0.768100E+04   0.496245E-12  -0.298010E-12  -0.886320E-12
   0.768200E+04   0.181680E-11   0.361382E-11   0.143207E-15
   0.768300E+04   0.382791E-11   0.976114E-11   0.146539E-11
   0.768400E+04   0.406948E-11   0.103778E-10   0.152962E-11
   0.768500E+04   0.253620E-11   0.539511E-11   0.165399E-12
   0.768600E+04   0.168628E-11   0.254608E-11  -0.662320E-12
   0.768700E+04   0.300430E-11   0.655880E-11   0.261681E-12
   0.768800E+04   0.491232E-11   0.125127E-10   0.170304E-11
   0.768900E+04   0.495125E-11   0.126486E-10   0.169445E-11
   0.769000E+04   0.319733E-11   0.715563E-11   0.277327E-12
   0.769100E+04   0.214730E-11   0.388596E-11  -0.556624E-12
   0.769200E+04   0.322538E-11   0.737415E-11   0.354501E-12
   0.769300E+04   0.478138E-11   0.124683E-10   0.171769E-11
   0.769400E+04   0.437837E-11   0.114749E-10   0.158447E-11
   0.769500E+04   0.218808E-11   0.487783E-11   0.681743E-13
   0.769600E+04   0.760675E-12   0.688388E-12  -0.811056E-12
   0.769700E+04   0.148503E-11   0.331738E-11   0.598707E-13
   0.769800E+04   0.267060E-11   0.747335E-11   0.133749E-11
   0.769900E+04   0.192464E-11   0.559260E-11   0.109886E-11
   0.770000E+04  -0.490455E-12  -0.155980E-11  -0.471751E-12
   0.770100E+04  -0.200350E-11  -0.590774E-11  -0.133484E-11
   0.770200E+04  -0.130457E-11  -0.328934E-11  -0.437177E-12
   0.770300E+04  -0.159290E-12   0.766956E-12   0.820468E-12
   0.770400E+04  -0.933335E-12  -0.121706E-11   0.538735E-12
   0.770500E+04  -0.327734E-11  -0.820088E-11  -0.102751E-11
   0.770600E+04  -0.459880E-11  -0.120382E-10  -0.182055E-11
   0.770700E+04  -0.366811E-11  -0.881671E-11  -0.848020E-12
   0.770800E+04  -0.233041E-11  -0.431133E-11   0.432173E-12
   0.770900E+04  -0.293054E-11  -0.593060E-11   0.144574E-12
   0.771000E+04  -0.503752E-11  -0.123730E-10  -0.138655E-11
   0.771100E+04  -0.603755E-11  -0.154227E-10  -0.208685E-11
   0.771200E+04  -0.477349E-11  -0.113939E-10  -0.102398E-11
   0.771300E+04  -0.315681E-11  -0.626890E-11   0.291160E-12
   0.771400E+04  -0.350058E-11  -0.735312E-11   0.112573E-13
   0.771500E+04  -0.528917E-11  -0.130748E-10  -0.146933E-11
   0.771600E+04  -0.589144E-11  -0.151600E-10  -0.206218E-11
   0.771700E+04  -0.422767E-11  -0.101647E-10  -0.897061E-12
   0.771800E+04  -0.227795E-11  -0.428418E-11   0.462743E-12
   0.771900E+04  -0.232412E-11  -0.471999E-11   0.199634E-12
   0.772000E+04  -0.376709E-11  -0.963099E-11  -0.122211E-11
   0.772100E+04  -0.396038E-11  -0.106898E-10  -0.170193E-11
   0.772200E+04  -0.190486E-11  -0.470192E-11  -0.433205E-12
   0.772300E+04   0.342959E-12   0.190226E-11   0.967726E-12
   0.772400E+04   0.516154E-12   0.197730E-11   0.710703E-12
   0.772500E+04  -0.724251E-12  -0.243013E-11  -0.675373E-12
   0.772600E+04  -0.730532E-12  -0.298266E-11  -0.108293E-11
   0.772700E+04   0.142089E-11   0.327567E-11   0.231103E-12
   0.772800E+04   0.361956E-11   0.974145E-11   0.160344E-11
   0.772900E+04   0.363897E-11   0.939597E-11   0.127849E-11
   0.773000E+04   0.221856E-11   0.453519E-11  -0.146963E-12
   0.773100E+04   0.201797E-11   0.353337E-11  -0.557832E-12
   0.773200E+04   0.390360E-11   0.915796E-11   0.728661E-12
   0.773300E+04   0.574253E-11   0.147213E-10   0.201052E-11
   0.773400E+04   0.537989E-11   0.134197E-10   0.157526E-11
   0.773500E+04   0.364270E-11   0.782192E-11   0.891547E-13
   0.773600E+04   0.318044E-11   0.627214E-11  -0.332222E-12
   0.773700E+04   0.476214E-11   0.112307E-10   0.923405E-12
   0.773800E+04   0.619911E-11   0.158285E-10   0.210880E-11
   0.773900E+04   0.539870E-11   0.134498E-10   0.155387E-11
   0.774000E+04   0.328889E-11   0.697556E-11  -0.282628E-14
   0.774100E+04   0.253055E-11   0.478281E-11  -0.441829E-12
   0.774200E+04   0.380959E-11   0.906822E-11   0.781439E-12
   0.774300E+04   0.488118E-11   0.127829E-10   0.187589E-11
   0.774400E+04   0.370286E-11   0.946567E-11   0.121262E-11
   0.774500E+04   0.128967E-11   0.226841E-11  -0.401238E-12
   0.774600E+04   0.307747E-12  -0.418962E-12  -0.845642E-12
   0.774700E+04   0.136485E-11   0.334887E-11   0.356669E-12
   0.774800E+04   0.217109E-11   0.637596E-11   0.137469E-11
   0.774900E+04   0.744431E-12   0.238794E-11   0.624642E-12
   0.775000E+04  -0.180557E-11  -0.516841E-11  -0.101628E-11
   0.775100E+04  -0.279908E-11  -0.786462E-11  -0.142705E-11
   0.775200E+04  -0.169623E-11  -0.397565E-11  -0.195850E-12
   0.775300E+04  -0.827415E-12  -0.829101E-12   0.808960E-12
   0.775400E+04  -0.212617E-11  -0.454369E-11   0.476433E-13
   0.775500E+04  -0.441806E-11  -0.114589E-10  -0.153955E-11
   0.775600E+04  -0.504370E-11  -0.132016E-10  -0.183977E-11
   0.775700E+04  -0.355368E-11  -0.832723E-11  -0.511892E-12
   0.775800E+04  -0.232675E-11  -0.431321E-11   0.538299E-12
   0.775900E+04  -0.325306E-11  -0.713401E-11  -0.184465E-12
   0.776000E+04  -0.510747E-11  -0.129550E-10  -0.168060E-11
   0.776100E+04  -0.527158E-11  -0.135174E-10  -0.185185E-11
   0.776200E+04  -0.339819E-11  -0.769128E-11  -0.430999E-12
   0.776300E+04  -0.190680E-11  -0.308279E-11   0.641854E-12
   0.776400E+04  -0.262209E-11  -0.546042E-11  -0.778540E-13
   0.776500E+04  -0.424536E-11  -0.107528E-10  -0.152682E-11
   0.776600E+04  -0.418234E-11  -0.107702E-10  -0.161948E-11
   0.776700E+04  -0.217137E-11  -0.465157E-11  -0.159247E-12
   0.776800E+04  -0.648199E-12  -0.620900E-13   0.886460E-12
   0.776900E+04  -0.134275E-11  -0.248123E-11   0.131695E-12
   0.777000E+04  -0.286335E-11  -0.754749E-11  -0.129293E-11
   0.777100E+04  -0.264365E-11  -0.715426E-11  -0.131735E-11
   0.777200E+04  -0.534109E-12  -0.788386E-12   0.177732E-12
   0.777300E+04   0.978911E-12   0.372568E-11   0.119103E-11
   0.777400E+04   0.236960E-12   0.112940E-11   0.390998E-12
   0.777500E+04  -0.127703E-11  -0.393152E-11  -0.102565E-11
   0.777600E+04  -0.100789E-11  -0.338573E-11  -0.100217E-11
   0.777700E+04   0.110354E-11   0.299651E-11   0.508277E-12
   0.777800E+04   0.253239E-11   0.726933E-11   0.147510E-11
   0.777900E+04   0.168780E-11   0.438585E-11   0.621638E-12
   0.778000E+04   0.129552E-12  -0.766546E-12  -0.793491E-12
   0.778100E+04   0.388501E-12  -0.192632E-12  -0.731828E-12
   0.778200E+04   0.242962E-11   0.604032E-11   0.779711E-12
   0.778300E+04   0.369407E-11   0.987766E-11   0.168376E-11
   0.778400E+04   0.266594E-11   0.650643E-11   0.761472E-12
   0.778500E+04   0.989919E-12   0.107986E-11  -0.665504E-12
   0.778600E+04   0.118366E-11   0.154937E-11  -0.576082E-12
   0.778700E+04   0.313166E-11   0.759029E-11   0.932041E-12
   0.778800E+04   0.424904E-11   0.110619E-10   0.177810E-11
   0.778900E+04   0.308666E-11   0.736163E-11   0.800303E-12
   0.779000E+04   0.135075E-11   0.184086E-11  -0.622974E-12
   0.779100E+04   0.152235E-11   0.234018E-11  -0.495019E-12
   0.779200E+04   0.339908E-11   0.826063E-11   0.101424E-11
   0.779300E+04   0.438198E-11   0.114129E-10   0.180522E-11
   0.779400E+04   0.310286E-11   0.744753E-11   0.777721E-12
   0.779500E+04   0.132727E-11   0.190847E-11  -0.634558E-12
   0.779600E+04   0.147846E-11   0.246353E-11  -0.465879E-12
   0.779700E+04   0.324188E-11   0.816541E-11   0.103560E-11
   0.779800E+04   0.399320E-11   0.107416E-10   0.175036E-11
   0.779900E+04   0.245358E-11   0.611731E-11   0.642464E-12
   0.780000E+04   0.468539E-12   0.847091E-13  -0.795551E-12
   0.780100E+04   0.426504E-12   0.202212E-12  -0.625509E-12
   0.780200E+04   0.192301E-11   0.523725E-11   0.831245E-12
   0.780300E+04   0.233265E-11   0.690449E-11   0.144246E-11
   0.780400E+04   0.492941E-12   0.148155E-11   0.243718E-12
   0.780500E+04  -0.164766E-11  -0.492623E-11  -0.120949E-11
   0.780600E+04  -0.172892E-11  -0.485196E-11  -0.100672E-11
   0.780700E+04  -0.263729E-12   0.133541E-12   0.453311E-12
   0.780800E+04   0.804217E-13   0.161569E-11   0.101800E-11
   0.780900E+04  -0.179019E-11  -0.391123E-11  -0.215455E-12
   0.781000E+04  -0.385737E-11  -0.101237E-10  -0.163729E-11
   0.781100E+04  -0.379459E-11  -0.966148E-11  -0.136760E-11
   0.781200E+04  -0.220552E-11  -0.437938E-11   0.121988E-12
   0.781300E+04  -0.177696E-11  -0.275041E-11   0.665855E-12
   0.781400E+04  -0.352360E-11  -0.802922E-11  -0.573521E-12
   0.781500E+04  -0.536364E-11  -0.136900E-10  -0.193449E-11
   0.781600E+04  -0.501772E-11  -0.125184E-10  -0.157243E-11
   0.781700E+04  -0.318980E-11  -0.668246E-11  -0.340366E-13
   0.781800E+04  -0.258828E-11  -0.472054E-11   0.503183E-12
   0.781900E+04  -0.414615E-11  -0.962784E-11  -0.731500E-12
   0.782000E+04  -0.571114E-11  -0.146553E-10  -0.202404E-11
   0.782100E+04  -0.503780E-11  -0.126949E-10  -0.156350E-11
   0.782200E+04  -0.291238E-11  -0.617390E-11   0.329021E-13
   0.782300E+04  -0.205260E-11  -0.365915E-11   0.580420E-12
   0.782400E+04  -0.331563E-11  -0.790300E-11  -0.625415E-12
   0.782500E+04  -0.450419E-11  -0.120072E-10  -0.182530E-11
   0.782600E+04  -0.343687E-11  -0.905753E-11  -0.125050E-11
   0.782700E+04  -0.997763E-12  -0.178449E-11   0.408011E-12
   0.782800E+04   0.930599E-13   0.123957E-11   0.961816E-12
   0.782900E+04  -0.926377E-12  -0.243646E-11  -0.221864E-12
   0.783000E+04  -0.180035E-11  -0.572529E-11  -0.133654E-11
   0.783100E+04  -0.416297E-12  -0.192058E-11  -0.658320E-12
   0.783200E+04   0.222287E-11   0.588290E-11   0.104353E-11
   0.783300E+04   0.337000E-11   0.903412E-11   0.157280E-11
   0.783400E+04   0.234418E-11   0.533957E-11   0.365586E-12
   0.783500E+04   0.146439E-11   0.208534E-11  -0.724965E-12
   0.783600E+04   0.279652E-11   0.582993E-11  -0.164867E-13
   0.783700E+04   0.524811E-11   0.131958E-10   0.165037E-11
   0.783800E+04   0.606944E-11   0.155219E-10   0.207880E-11
   0.783900E+04   0.467575E-11   0.109130E-10   0.777684E-12
   0.784000E+04   0.345963E-11   0.687965E-11  -0.352474E-12
   0.784100E+04   0.445305E-11   0.986505E-11   0.330297E-12
   0.784200E+04   0.648844E-11   0.162475E-10   0.191752E-11
   0.784300E+04   0.682014E-11   0.173732E-10   0.221491E-11
   0.784400E+04   0.495003E-11   0.116153E-10   0.802330E-12
   0.784500E+04   0.332301E-11   0.664468E-11  -0.378910E-12
   0.784600E+04   0.391877E-11   0.873395E-11   0.266921E-12
   0.784700E+04   0.549183E-11   0.140093E-10   0.176340E-11
   0.784800E+04   0.531248E-11   0.138607E-10   0.192345E-11
   0.784900E+04   0.298437E-11   0.697596E-11   0.402144E-12
   0.785000E+04   0.101178E-11   0.120714E-11  -0.818120E-12
   0.785100E+04   0.131857E-11   0.264587E-11  -0.190105E-12
   0.785200E+04   0.257111E-11   0.713635E-11   0.124001E-11
   0.785300E+04   0.204478E-11   0.608123E-11   0.129162E-11
   0.785400E+04  -0.560285E-12  -0.153147E-11  -0.305668E-12
   0.785500E+04  -0.267386E-11  -0.764776E-11  -0.152819E-11
   0.785600E+04  -0.240761E-11  -0.629600E-11  -0.873667E-12
   0.785700E+04  -0.115799E-11  -0.183667E-11   0.548761E-12
   0.785800E+04  -0.163247E-11  -0.281474E-11   0.569873E-12
   0.785900E+04  -0.405119E-11  -0.998621E-11  -0.100927E-11
   0.786000E+04  -0.582212E-11  -0.152202E-10  -0.213519E-11
   0.786100E+04  -0.514469E-11  -0.128136E-10  -0.136378E-11
   0.786200E+04  -0.351474E-11  -0.743376E-11   0.125412E-12
   0.786300E+04  -0.363154E-11  -0.759455E-11   0.174621E-12
   0.786400E+04  -0.562177E-11  -0.137513E-10  -0.133970E-11
   0.786500E+04  -0.685043E-11  -0.176307E-10  -0.233056E-11
   0.786600E+04  -0.559161E-11  -0.137567E-10  -0.140997E-11
   0.786700E+04  -0.344498E-11  -0.711435E-11   0.172014E-12
   0.786800E+04  -0.312318E-11  -0.624759E-11   0.265903E-12
   0.786900E+04  -0.468647E-11  -0.113909E-10  -0.118254E-11
   0.787000E+04  -0.547145E-11  -0.141737E-10  -0.205795E-11
   0.787100E+04  -0.381708E-11  -0.932181E-11  -0.102775E-11
   0.787200E+04  -0.139750E-11  -0.205485E-11   0.594939E-12
   0.787300E+04  -0.908698E-12  -0.862279E-12   0.677417E-12
   0.787400E+04  -0.232984E-11  -0.571777E-11  -0.761794E-12
   0.787500E+04  -0.296790E-11  -0.815340E-11  -0.158060E-11
   0.787600E+04  -0.122276E-11  -0.308949E-11  -0.502384E-12
   0.787700E+04   0.117502E-11   0.406909E-11   0.110142E-11
   0.787800E+04   0.157161E-11   0.495888E-11   0.112237E-11
   0.787900E+04   0.835420E-13  -0.938619E-13  -0.344972E-12
   0.788000E+04  -0.573998E-12  -0.254927E-11  -0.113541E-11
   0.788100E+04   0.111571E-11   0.241020E-11  -0.349228E-13
   0.788200E+04   0.334634E-11   0.913721E-11   0.152310E-11
   0.788300E+04   0.350255E-11   0.938380E-11   0.145534E-11
   0.788400E+04   0.180732E-11   0.380751E-11  -0.649238E-13
   0.788500E+04   0.101240E-11   0.106168E-11  -0.847729E-12
   0.788600E+04   0.255859E-11   0.572345E-11   0.258964E-12
   0.788700E+04   0.455968E-11   0.118919E-10   0.175990E-11
   0.788800E+04   0.442587E-11   0.113975E-10   0.159563E-11
   0.788900E+04   0.247317E-11   0.518933E-11   0.150375E-13
   0.789000E+04   0.148638E-11   0.202246E-11  -0.769763E-12
   0.789100E+04   0.284199E-11   0.626633E-11   0.332824E-12
   0.789200E+04   0.459511E-11   0.118289E-10   0.177167E-11
   0.789300E+04   0.419838E-11   0.106703E-10   0.151700E-11
   0.789400E+04   0.206226E-11   0.403687E-11  -0.106245E-12
   0.789500E+04   0.990245E-12   0.743265E-12  -0.868827E-12
   0.789600E+04   0.227361E-11   0.488995E-11   0.254459E-12
   0.789700E+04   0.389091E-11   0.101419E-10   0.165354E-11
   0.789800E+04   0.332665E-11   0.855990E-11   0.132765E-11
   0.789900E+04   0.108344E-11   0.168295E-11  -0.322588E-12
   0.790000E+04  -0.915025E-14  -0.159034E-11  -0.105059E-11
   0.790100E+04   0.127004E-11   0.261753E-11   0.105179E-12
   0.790200E+04   0.283551E-11   0.776693E-11   0.147987E-11
   0.790300E+04   0.219953E-11   0.600786E-11   0.110251E-11
   0.790400E+04  -0.676341E-13  -0.899343E-12  -0.556425E-12
   0.790500E+04  -0.113989E-11  -0.405931E-11  -0.124172E-11
   0.790600E+04   0.123520E-12   0.151784E-12  -0.589418E-13
   0.790700E+04   0.159298E-11   0.504683E-11   0.127804E-11
   0.790800E+04   0.844110E-12   0.296775E-11   0.837893E-12
   0.790900E+04  -0.146063E-11  -0.403430E-11  -0.833715E-12
   0.791000E+04  -0.249958E-11  -0.707157E-11  -0.147501E-11
   0.791100E+04  -0.122903E-11  -0.282252E-11  -0.263400E-12
   0.791200E+04   0.166642E-12   0.184845E-11   0.103704E-11
   0.791300E+04  -0.666563E-12  -0.503817E-12   0.537939E-12
   0.791400E+04  -0.295740E-11  -0.749000E-11  -0.113626E-11
   0.791500E+04  -0.387997E-11  -0.102063E-10  -0.171712E-11
   0.791600E+04  -0.249668E-11  -0.566033E-11  -0.456919E-12
   0.791700E+04  -0.106816E-11  -0.955065E-12   0.826452E-12
   0.791800E+04  -0.189709E-11  -0.337647E-11   0.284851E-12
   0.791900E+04  -0.410790E-11  -0.102094E-10  -0.137976E-11
   0.792000E+04  -0.485906E-11  -0.125011E-10  -0.189144E-11
   0.792100E+04  -0.330184E-11  -0.753755E-11  -0.574020E-12
   0.792200E+04  -0.176367E-11  -0.263063E-11   0.704440E-12
   0.792300E+04  -0.250147E-11  -0.492070E-11   0.136547E-12
   0.792400E+04  -0.455028E-11  -0.114093E-10  -0.150198E-11
   0.792500E+04  -0.506347E-11  -0.131259E-10  -0.193199E-11
   0.792600E+04  -0.327765E-11  -0.762576E-11  -0.548864E-12
   0.792700E+04  -0.157314E-11  -0.238796E-11   0.733835E-12
   0.792800E+04  -0.214960E-11  -0.437168E-11   0.153861E-12
   0.792900E+04  -0.395293E-11  -0.102938E-10  -0.143961E-11
   0.793000E+04  -0.414118E-11  -0.111940E-10  -0.176822E-11
   0.793100E+04  -0.204718E-11  -0.492814E-11  -0.302112E-12
   0.793200E+04  -0.112086E-12   0.833965E-12   0.999171E-12
   0.793300E+04  -0.486200E-12  -0.708297E-12   0.418237E-12
   0.793400E+04  -0.203558E-11  -0.601331E-11  -0.112485E-11
   0.793500E+04  -0.192743E-11  -0.614259E-11  -0.135524E-11
   0.793600E+04   0.417042E-12   0.772467E-12   0.183509E-12
   0.793700E+04   0.251281E-11   0.692273E-11   0.149148E-11
   0.793800E+04   0.226931E-11   0.569772E-11   0.900150E-12
   0.793900E+04   0.890201E-12   0.867800E-12  -0.602444E-12
   0.794000E+04   0.117187E-11   0.126911E-11  -0.753241E-12
   0.794100E+04   0.357982E-11   0.842066E-11   0.824356E-12
   0.794200E+04   0.558029E-11   0.143581E-10   0.209020E-11
   0.794300E+04   0.515740E-11   0.127013E-10   0.142929E-11
   0.794400E+04   0.360397E-11   0.750117E-11  -0.988070E-13
   0.794500E+04   0.369055E-11   0.751718E-11  -0.242569E-12
   0.794600E+04   0.577315E-11   0.139257E-10   0.129478E-11
   0.794700E+04   0.727948E-11   0.186340E-10   0.243652E-11
   0.794800E+04   0.629476E-11   0.155657E-10   0.162847E-11
   0.794900E+04   0.423825E-11   0.915570E-11   0.933396E-14
   0.795000E+04   0.388573E-11   0.817250E-11  -0.175905E-12
   0.795100E+04   0.549232E-11   0.134718E-10   0.129102E-11
   0.795200E+04   0.643053E-11   0.167830E-10   0.229440E-11
   0.795300E+04   0.485742E-11   0.122475E-10   0.133536E-11
   0.795400E+04   0.229684E-11   0.461869E-11  -0.374190E-12
   0.795500E+04   0.152807E-11   0.266654E-11  -0.598245E-12
   0.795600E+04   0.272061E-11   0.697017E-11   0.806098E-12
   0.795700E+04   0.320897E-11   0.913402E-11   0.168996E-11
   0.795800E+04   0.122849E-11   0.354046E-11   0.613009E-12
   0.795900E+04  -0.159644E-11  -0.474683E-11  -0.114110E-11
   0.796000E+04  -0.248711E-11  -0.696686E-11  -0.134797E-11
   0.796100E+04  -0.135765E-11  -0.280984E-11   0.601797E-13
   0.796200E+04  -0.910300E-12  -0.789820E-12   0.903418E-12
   0.796300E+04  -0.284373E-11  -0.631432E-11  -0.201190E-12
   0.796400E+04  -0.546155E-11  -0.140869E-10  -0.190523E-11
   0.796500E+04  -0.601787E-11  -0.154439E-10  -0.200474E-11
   0.796600E+04  -0.453015E-11  -0.103980E-10  -0.511585E-12
   0.796700E+04  -0.374110E-11  -0.758902E-11   0.364341E-12
   0.796800E+04  -0.528227E-11  -0.122083E-10  -0.700768E-12
   0.796900E+04  -0.739079E-11  -0.187405E-10  -0.229572E-11
   0.797000E+04  -0.736431E-11  -0.186476E-10  -0.224107E-11
   0.797100E+04  -0.532740E-11  -0.122717E-10  -0.629077E-12
   0.797200E+04  -0.405291E-11  -0.834427E-11   0.304816E-12
   0.797300E+04  -0.508816E-11  -0.117883E-10  -0.698647E-12
   0.797400E+04  -0.659581E-11  -0.168449E-10  -0.216447E-11
   0.797500E+04  -0.592688E-11  -0.151300E-10  -0.194178E-11
   0.797600E+04  -0.333564E-11  -0.738055E-11  -0.208620E-12
   0.797700E+04  -0.164687E-11  -0.248308E-11   0.770670E-12
   0.797800E+04  -0.233453E-11  -0.512505E-11  -0.200095E-12
   0.797900E+04  -0.348520E-11  -0.930338E-11  -0.158306E-11
   0.798000E+04  -0.249409E-11  -0.676624E-11  -0.125596E-11
   0.798100E+04   0.267230E-12   0.138699E-11   0.519911E-12
   0.798200E+04   0.193772E-11   0.615729E-11   0.145640E-11
   0.798300E+04   0.113940E-11   0.315471E-11   0.426481E-12
   0.798400E+04  -0.106256E-12  -0.128576E-11  -0.963163E-12
   0.798500E+04   0.798054E-12   0.105679E-11  -0.612566E-12
   0.798600E+04   0.339201E-11   0.879909E-11   0.113996E-11
   0.798700E+04   0.478455E-11   0.128453E-10   0.198546E-11
   0.798800E+04   0.367460E-11   0.904502E-11   0.862537E-12
   0.798900E+04   0.216065E-11   0.397160E-11  -0.561930E-12
   0.799000E+04   0.281070E-11   0.574788E-11  -0.217389E-12
   0.799100E+04   0.507508E-11   0.127033E-10   0.148060E-11
   0.799200E+04   0.604776E-11   0.156898E-10   0.220766E-11
   0.799300E+04   0.451984E-11   0.108434E-10   0.972754E-12
   0.799400E+04   0.267248E-11   0.499379E-11  -0.496689E-12
   0.799500E+04   0.304254E-11   0.616071E-11  -0.161678E-12
   0.799600E+04   0.498825E-11   0.123781E-10   0.148441E-11
   0.799700E+04   0.558597E-11   0.144380E-10   0.210293E-11
   0.799800E+04   0.371235E-11   0.874362E-11   0.772710E-12
   0.799900E+04   0.162023E-11   0.234932E-11  -0.722050E-12
   0.800000E+04   0.180711E-11   0.314875E-11  -0.377454E-12
   0.800100E+04   0.354087E-11   0.888685E-11   0.123601E-11
   0.800200E+04   0.388934E-11   0.103245E-10   0.176955E-11
   0.800300E+04   0.182021E-11   0.414927E-11   0.374126E-12
   0.800400E+04  -0.348441E-12  -0.237819E-11  -0.111198E-11
   0.800500E+04  -0.173371E-12  -0.153349E-11  -0.725128E-12
   0.800600E+04   0.151100E-11   0.410622E-11   0.884674E-12
   0.800700E+04   0.176389E-11   0.527273E-11   0.136047E-11
   0.800800E+04  -0.345332E-12  -0.102788E-11  -0.709899E-13
   0.800900E+04  -0.241954E-11  -0.728596E-11  -0.151525E-11
   0.801000E+04  -0.206125E-11  -0.591910E-11  -0.104837E-11
   0.801100E+04  -0.209398E-12   0.169929E-12   0.600097E-12
   0.801200E+04   0.171634E-12   0.164298E-11   0.106363E-11
   0.801300E+04  -0.177202E-11  -0.424674E-11  -0.360159E-12
   0.801400E+04  -0.359142E-11  -0.982028E-11  -0.172833E-11
   0.801500E+04  -0.295523E-11  -0.769720E-11  -0.116310E-11
   0.801600E+04  -0.915711E-12  -0.113136E-11   0.524809E-12
   0.801700E+04  -0.459429E-12   0.473954E-12   0.961548E-12
   0.801800E+04  -0.235410E-11  -0.535412E-11  -0.481481E-12
   0.801900E+04  -0.407974E-11  -0.107136E-10  -0.180997E-11
   0.802000E+04  -0.333953E-11  -0.833701E-11  -0.118680E-11
   0.802100E+04  -0.126079E-11  -0.171986E-11   0.505283E-12
   0.802200E+04  -0.823463E-12  -0.247845E-12   0.893593E-12
   0.802300E+04  -0.270516E-11  -0.611000E-11  -0.575192E-12
   0.802400E+04  -0.433610E-11  -0.112462E-10  -0.186204E-11
   0.802500E+04  -0.348376E-11  -0.859180E-11  -0.117927E-11
   0.802600E+04  -0.136881E-11  -0.193884E-11   0.514428E-12
   0.802700E+04  -0.963276E-12  -0.650974E-12   0.849760E-12
   0.802800E+04  -0.284025E-11  -0.658949E-11  -0.647134E-12
   0.802900E+04  -0.436401E-11  -0.114871E-10  -0.189005E-11
   0.803000E+04  -0.335611E-11  -0.845008E-11  -0.113974E-11
   0.803100E+04  -0.112928E-11  -0.156162E-11   0.570141E-12
   0.803200E+04  -0.656999E-12  -0.188972E-12   0.873515E-12
   0.803300E+04  -0.242654E-11  -0.591973E-11  -0.627742E-12
   0.803400E+04  -0.375698E-11  -0.103403E-10  -0.180663E-11
   0.803500E+04  -0.253514E-11  -0.676086E-11  -0.976505E-12
   0.803600E+04  -0.161240E-12   0.458954E-12   0.755820E-12
   0.803700E+04   0.405217E-12   0.199519E-11   0.103312E-11
   0.803800E+04  -0.122384E-11  -0.342549E-11  -0.463231E-12
   0.803900E+04  -0.232027E-11  -0.723727E-11  -0.156653E-11
   0.804000E+04  -0.845621E-12  -0.298266E-11  -0.646462E-12
   0.804100E+04   0.169821E-11   0.466124E-11   0.111435E-11
   0.804200E+04   0.235408E-11   0.638143E-11   0.136684E-11
   0.804300E+04   0.829873E-12   0.121120E-11  -0.128217E-12
   0.804400E+04  -0.909293E-13  -0.210603E-11  -0.116399E-11
   0.804500E+04   0.157211E-11   0.270537E-11  -0.163904E-12
   0.804600E+04   0.422861E-11   0.106907E-10   0.161755E-11
   0.804700E+04   0.491757E-11   0.125308E-10   0.183998E-11
   0.804800E+04   0.341161E-11   0.747384E-11   0.336626E-12
   0.804900E+04   0.250812E-11   0.431764E-11  -0.657043E-12
   0.805000E+04   0.410391E-11   0.907781E-11   0.374152E-12
   0.805100E+04   0.652658E-11   0.165373E-10   0.210585E-11
   0.805200E+04   0.684276E-11   0.174582E-10   0.221521E-11
   0.805300E+04   0.492529E-11   0.114025E-10   0.616178E-12
   0.805400E+04   0.361096E-11   0.729166E-11  -0.423297E-12
   0.805500E+04   0.473257E-11   0.109337E-10   0.553399E-12
   0.805600E+04   0.656078E-11   0.169188E-10   0.215844E-11
   0.805700E+04   0.622171E-11   0.161798E-10   0.209555E-11
   0.805800E+04   0.371366E-11   0.866129E-11   0.365147E-12
   0.805900E+04   0.191608E-11   0.341227E-11  -0.733708E-12
   0.806000E+04   0.257731E-11   0.597015E-11   0.190623E-12
   0.806100E+04   0.388144E-11   0.106449E-10   0.168076E-11
   0.806200E+04   0.299541E-11   0.848716E-11   0.146464E-11
   0.806300E+04   0.473355E-13  -0.160928E-12  -0.369409E-12
   0.806400E+04  -0.201618E-11  -0.604887E-11  -0.148708E-11
   0.806500E+04  -0.150364E-11  -0.382581E-11  -0.556230E-12
   0.806600E+04  -0.308383E-12   0.570154E-12   0.899752E-12
   0.806700E+04  -0.124601E-11  -0.175374E-11   0.629986E-12
   0.806800E+04  -0.410948E-11  -0.102006E-10  -0.120052E-11
   0.806900E+04  -0.594091E-11  -0.154775E-10  -0.223664E-11
   0.807000E+04  -0.514061E-11  -0.125193E-10  -0.121489E-11
   0.807100E+04  -0.368281E-11  -0.751841E-11   0.275869E-12
   0.807200E+04  -0.434723E-11  -0.925302E-11   0.124328E-13
   0.807300E+04  -0.682681E-11  -0.168054E-10  -0.175814E-11
   0.807400E+04  -0.814136E-11  -0.208048E-10  -0.265887E-11
   0.807500E+04  -0.678342E-11  -0.164711E-10  -0.149605E-11
   0.807600E+04  -0.481626E-11  -0.102737E-10   0.752311E-13
   0.807700E+04  -0.499649E-11  -0.109119E-10  -0.141566E-12
   0.807800E+04  -0.692946E-11  -0.171822E-10  -0.182008E-11
   0.807900E+04  -0.761572E-11  -0.196424E-10  -0.256384E-11
   0.808000E+04  -0.562717E-11  -0.137569E-10  -0.124678E-11
   0.808100E+04  -0.309455E-11  -0.620571E-11   0.416256E-12
   0.808200E+04  -0.274215E-11  -0.558019E-11   0.259536E-12
   0.808300E+04  -0.410890E-11  -0.104517E-10  -0.131618E-11
   0.808400E+04  -0.422265E-11  -0.114438E-10  -0.190770E-11
   0.808500E+04  -0.177878E-11  -0.439555E-11  -0.468116E-12
   0.808600E+04   0.101104E-11   0.376057E-11   0.122581E-11
   0.808700E+04   0.147749E-11   0.460323E-11   0.104591E-11
   0.808800E+04   0.188234E-12  -0.102444E-12  -0.523854E-12
   0.808900E+04   0.122964E-12  -0.950280E-12  -0.106783E-11
   0.809000E+04   0.248490E-11   0.590493E-11   0.385414E-12
   0.809100E+04   0.499996E-11   0.133286E-10   0.200245E-11
   0.809200E+04   0.507955E-11   0.131400E-10   0.170010E-11
   0.809300E+04   0.342908E-11   0.752534E-11   0.521157E-13
   0.809400E+04   0.305863E-11   0.598021E-11  -0.510518E-12
   0.809500E+04   0.507110E-11   0.120320E-10   0.907000E-12
   0.809600E+04   0.710833E-11   0.182781E-10   0.241059E-11
   0.809700E+04   0.663193E-11   0.166888E-10   0.195666E-11
   0.809800E+04   0.446660E-11   0.981636E-11   0.204092E-12
   0.809900E+04   0.365928E-11   0.726325E-11  -0.401271E-12
   0.810000E+04   0.523904E-11   0.123163E-10   0.963987E-12
   0.810100E+04   0.678923E-11   0.173818E-10   0.235264E-11
   0.810200E+04   0.582520E-11   0.145946E-10   0.176351E-11
   0.810300E+04   0.326757E-11   0.680718E-11  -0.649128E-13
   0.810400E+04   0.216552E-11   0.362814E-11  -0.681929E-12
   0.810500E+04   0.344993E-11   0.803190E-11   0.657901E-12
   0.810600E+04   0.464176E-11   0.122228E-10   0.195473E-11
   0.810700E+04   0.332059E-11   0.853260E-11   0.125408E-11
   0.810800E+04   0.516212E-12   0.155373E-12  -0.622995E-12
   0.810900E+04  -0.709738E-12  -0.326260E-11  -0.122034E-11
   0.811000E+04   0.482754E-12   0.963393E-12   0.130521E-12
   0.811100E+04   0.155498E-11   0.484419E-11   0.137923E-11
   0.811200E+04   0.143603E-12   0.888713E-12   0.618101E-12
   0.811300E+04  -0.262898E-11  -0.741486E-11  -0.125347E-11
   0.811400E+04  -0.370232E-11  -0.104192E-10  -0.177873E-11
   0.811500E+04  -0.232206E-11  -0.570966E-11  -0.365352E-12
   0.811600E+04  -0.106198E-11  -0.139119E-11   0.893506E-12
   0.811700E+04  -0.220609E-11  -0.470797E-11   0.144209E-12
   0.811800E+04  -0.454858E-11  -0.119002E-10  -0.163780E-11
   0.811900E+04  -0.508063E-11  -0.134631E-10  -0.200858E-11
   0.812000E+04  -0.320504E-11  -0.745643E-11  -0.468934E-12
   0.812100E+04  -0.158689E-11  -0.226170E-11   0.833862E-12
   0.812200E+04  -0.244685E-11  -0.492192E-11   0.981825E-13
   0.812300E+04  -0.447295E-11  -0.113418E-10  -0.161994E-11
   0.812400E+04  -0.466831E-11  -0.120475E-10  -0.188239E-11
   0.812500E+04  -0.255800E-11  -0.547400E-11  -0.275867E-12
   0.812600E+04  -0.875392E-12  -0.213849E-12   0.100508E-11
   0.812700E+04  -0.175873E-11  -0.305546E-11   0.216667E-12
   0.812800E+04  -0.376427E-11  -0.949866E-11  -0.149955E-11
   0.812900E+04  -0.387524E-11  -0.100143E-10  -0.170640E-11
   0.813000E+04  -0.171444E-11  -0.334707E-11  -0.717736E-13
   0.813100E+04  -0.819107E-13   0.170171E-11   0.116427E-11
   0.813200E+04  -0.105648E-11  -0.146973E-11   0.311907E-12
   0.813300E+04  -0.309320E-11  -0.804612E-11  -0.140967E-11
   0.813400E+04  -0.316951E-11  -0.848576E-11  -0.156962E-11
   0.813500E+04  -0.994164E-12  -0.180881E-11   0.852242E-13
   0.813600E+04   0.590146E-12   0.304668E-11   0.127671E-11
   0.813700E+04  -0.424498E-12  -0.297228E-12   0.373466E-12
   0.813800E+04  -0.240557E-11  -0.674713E-11  -0.133136E-11
   0.813900E+04  -0.235425E-11  -0.683372E-11  -0.142197E-11
   0.814000E+04  -0.902551E-13   0.742827E-13   0.269532E-12
   0.814100E+04   0.149262E-11   0.487734E-11   0.142664E-11
   0.814200E+04   0.462347E-12   0.143622E-11   0.479079E-12
   0.814300E+04  -0.145184E-11  -0.485018E-11  -0.120466E-11
   0.814400E+04  -0.126584E-11  -0.455751E-11  -0.122362E-11
   0.814500E+04   0.109940E-11   0.262663E-11   0.506865E-12
   0.814600E+04   0.270745E-11   0.746719E-11   0.163574E-11
   0.814700E+04   0.170260E-11   0.406514E-11   0.655358E-12
   0.814800E+04  -0.100701E-12  -0.190916E-11  -0.994042E-12
   0.814900E+04   0.250303E-12  -0.112503E-11  -0.932174E-12
   0.815000E+04   0.272479E-11   0.638749E-11   0.840191E-12
   0.815100E+04   0.434971E-11   0.112783E-10   0.194085E-11
   0.815200E+04   0.335890E-11   0.793012E-11   0.929518E-12
   0.815300E+04   0.165697E-11   0.230035E-11  -0.681499E-12
   0.815400E+04   0.215174E-11   0.358661E-11  -0.537668E-12
   0.815500E+04   0.467345E-11   0.113319E-10   0.126780E-11
   0.815600E+04   0.618166E-11   0.159813E-10   0.231620E-11
   0.815700E+04   0.498239E-11   0.121466E-10   0.123169E-11
   0.815800E+04   0.307456E-11   0.608042E-11  -0.401717E-12
   0.815900E+04   0.334418E-11   0.690937E-11  -0.252217E-12
   0.816000E+04   0.551393E-11   0.138362E-10   0.150130E-11
   0.816100E+04   0.650395E-11   0.171793E-10   0.241165E-11
   0.816200E+04   0.471327E-11   0.118358E-10   0.117326E-11
   0.816300E+04   0.225503E-11   0.440545E-11  -0.555087E-12
   0.816400E+04   0.202038E-11   0.401537E-11  -0.460543E-12
   0.816500E+04   0.365640E-11   0.961630E-11   0.119926E-11
   0.816600E+04   0.406758E-11   0.114669E-10   0.195587E-11
   0.816700E+04   0.174913E-11   0.475896E-11   0.575939E-12
   0.816800E+04  -0.108739E-11  -0.360716E-11  -0.121180E-11
   0.816900E+04  -0.156601E-11  -0.456271E-11  -0.112013E-11
   0.817000E+04  -0.128171E-12   0.555419E-12   0.511700E-12
   0.817100E+04   0.106601E-12   0.192694E-11   0.119436E-11
   0.817200E+04  -0.228666E-11  -0.500207E-11  -0.235316E-12
   0.817300E+04  -0.502802E-11  -0.131110E-10  -0.198619E-11
   0.817400E+04  -0.529149E-11  -0.134852E-10  -0.180613E-11
   0.817500E+04  -0.363173E-11  -0.781666E-11  -0.121427E-12
   0.817600E+04  -0.320097E-11  -0.602628E-11   0.557900E-12
   0.817700E+04  -0.534281E-11  -0.124066E-10  -0.859413E-12
   0.817800E+04  -0.770513E-11  -0.196031E-10  -0.251998E-11
   0.817900E+04  -0.750666E-11  -0.188377E-10  -0.220727E-11
   0.818000E+04  -0.540536E-11  -0.121257E-10  -0.431920E-12
   0.818100E+04  -0.457282E-11  -0.944715E-11   0.280594E-12
   0.818200E+04  -0.626217E-11  -0.148048E-10  -0.108575E-11
   0.818300E+04  -0.805051E-11  -0.206144E-10  -0.261692E-11
   0.818400E+04  -0.721176E-11  -0.182643E-10  -0.213623E-11
   0.818500E+04  -0.451942E-11  -0.101275E-10  -0.241277E-12
   0.818600E+04  -0.317288E-11  -0.626450E-11   0.527266E-12
   0.818700E+04  -0.433904E-11  -0.103976E-10  -0.771078E-12
   0.818800E+04  -0.552650E-11  -0.147169E-10  -0.216329E-11
   0.818900E+04  -0.406700E-11  -0.107835E-10  -0.151485E-11
   0.819000E+04  -0.855795E-12  -0.134505E-11   0.488581E-12
   0.819100E+04   0.866403E-12   0.341841E-11   0.129000E-11
   0.819200E+04  -0.823928E-15   0.624353E-14   0.206875E-13
   0.819300E+04  -0.913859E-12  -0.359708E-11  -0.129283E-11
   0.819400E+04   0.738307E-12   0.871031E-12  -0.560294E-12
   0.819500E+04   0.396040E-11   0.103468E-10   0.144955E-11
   0.819600E+04   0.550299E-11   0.146211E-10   0.217253E-11
   0.819700E+04   0.436024E-11   0.104910E-10   0.818717E-12
   0.819800E+04   0.314661E-11   0.616276E-11  -0.529566E-12
   0.819900E+04   0.443392E-11   0.976822E-11   0.175545E-12
   0.820000E+04   0.715416E-11   0.180010E-10   0.208843E-11
   0.820100E+04   0.808214E-11   0.207142E-10   0.264706E-11
   0.820200E+04   0.632969E-11   0.150656E-10   0.114618E-11
   0.820300E+04   0.458367E-11   0.948392E-11  -0.277551E-12
   0.820400E+04   0.536017E-11   0.119183E-10   0.375409E-12
   0.820500E+04   0.749795E-11   0.187586E-10   0.217808E-11
   0.820600E+04   0.778280E-11   0.198812E-10   0.256953E-11
   0.820700E+04   0.543912E-11   0.127918E-10   0.928874E-12
   0.820800E+04   0.322426E-11   0.613688E-11  -0.554732E-12
   0.820900E+04   0.359587E-11   0.767736E-11   0.677693E-13
   0.821000E+04   0.529449E-11   0.134874E-10   0.178762E-11
   0.821100E+04   0.510859E-11   0.134463E-10   0.204535E-11
   0.821200E+04   0.236389E-11   0.537593E-11   0.302661E-12
   0.821300E+04  -0.121779E-12  -0.188811E-11  -0.120270E-11
   0.821400E+04   0.486736E-13  -0.779576E-12  -0.574354E-12
   0.821500E+04   0.152605E-11   0.448580E-11   0.109980E-11
   0.821600E+04   0.111527E-11   0.383296E-11   0.126717E-11
   0.821700E+04  -0.174544E-11  -0.456403E-11  -0.524379E-12
   0.821800E+04  -0.417182E-11  -0.116606E-10  -0.198855E-11
   0.821900E+04  -0.382395E-11  -0.100729E-10  -0.128233E-11
   0.822000E+04  -0.213995E-11  -0.430134E-11   0.428280E-12
   0.822100E+04  -0.230694E-11  -0.439587E-11   0.597980E-12
   0.822200E+04  -0.479828E-11  -0.118953E-10  -0.114382E-11
   0.822300E+04  -0.669843E-11  -0.176422E-10  -0.247160E-11
   0.822400E+04  -0.575627E-11  -0.145206E-10  -0.160409E-11
   0.822500E+04  -0.351673E-11  -0.736027E-11   0.211749E-12
   0.822600E+04  -0.316759E-11  -0.620632E-11   0.438370E-12
   0.822700E+04  -0.510632E-11  -0.123444E-10  -0.121546E-11
   0.822800E+04  -0.640692E-11  -0.165647E-10  -0.239158E-11
   0.822900E+04  -0.492458E-11  -0.120708E-10  -0.137619E-11
   0.823000E+04  -0.230918E-11  -0.401795E-11   0.503889E-12
   0.823100E+04  -0.172496E-11  -0.237824E-11   0.726310E-12
   0.823200E+04  -0.345997E-11  -0.809140E-11  -0.912919E-12
   0.823300E+04  -0.454984E-11  -0.118210E-10  -0.201882E-11
   0.823400E+04  -0.293647E-11  -0.703943E-11  -0.942575E-12
   0.823500E+04  -0.354125E-12   0.827678E-12   0.914365E-12
   0.823600E+04   0.856172E-13   0.196265E-11   0.105341E-11
   0.823700E+04  -0.176228E-11  -0.413472E-11  -0.634337E-12
   0.823800E+04  -0.287055E-11  -0.793454E-11  -0.171354E-11
   0.823900E+04  -0.126397E-11  -0.317089E-11  -0.601281E-12
   0.824000E+04   0.122030E-11   0.440501E-11   0.122281E-11
   0.824100E+04   0.149207E-11   0.503870E-11   0.127863E-11
   0.824200E+04  -0.479685E-12  -0.141466E-11  -0.454004E-12
   0.824300E+04  -0.161861E-11  -0.527206E-11  -0.150445E-11
   0.824400E+04  -0.280328E-13  -0.515952E-12  -0.356048E-12
   0.824500E+04   0.236502E-11   0.681732E-11   0.143761E-11
   0.824600E+04   0.249844E-11   0.705958E-11   0.141878E-11
   0.824700E+04   0.447368E-12   0.400625E-12  -0.345391E-12
   0.824800E+04  -0.679763E-12  -0.337313E-11  -0.135481E-11
   0.824900E+04   0.922245E-12   0.146883E-11  -0.163563E-12
   0.825000E+04   0.323608E-11   0.860352E-11   0.160171E-11
   0.825100E+04   0.323695E-11   0.847713E-11   0.150987E-11
   0.825200E+04   0.111738E-11   0.164854E-11  -0.281650E-12
   0.825300E+04   0.275963E-13  -0.196286E-11  -0.124283E-11
   0.825400E+04   0.169005E-11   0.311252E-11   0.225414E-14
   0.825500E+04   0.400162E-11   0.102787E-10   0.175605E-11
   0.825600E+04   0.396649E-11   0.100722E-10   0.161415E-11
   0.825700E+04   0.186941E-11   0.334809E-11  -0.181462E-12
   0.825800E+04   0.871547E-12   0.696916E-13  -0.107988E-11
   0.825900E+04   0.259705E-11   0.540269E-11   0.220127E-12
   0.826000E+04   0.486817E-11   0.125136E-10   0.195412E-11
   0.826100E+04   0.474364E-11   0.121064E-10   0.175253E-11
   0.826200E+04   0.261392E-11   0.537179E-11  -0.548471E-13
   0.826300E+04   0.163635E-11   0.227335E-11  -0.901679E-12
   0.826400E+04   0.330352E-11   0.757454E-11   0.429434E-12
   0.826500E+04   0.533758E-11   0.141288E-10   0.210233E-11
   0.826600E+04   0.485376E-11   0.128096E-10   0.178444E-11
   0.826700E+04   0.237505E-11   0.521541E-11  -0.100925E-12
   0.826800E+04   0.108879E-11   0.140095E-11  -0.966742E-12
   0.826900E+04   0.238226E-11   0.579840E-11   0.325048E-12
   0.827000E+04   0.389723E-11   0.110028E-10   0.187219E-11
   0.827100E+04   0.283055E-11   0.812884E-11   0.138678E-11
   0.827200E+04  -0.123915E-12  -0.707921E-12  -0.605717E-12
   0.827300E+04  -0.170597E-11  -0.524040E-11  -0.148990E-11
   0.827400E+04  -0.609839E-12  -0.130021E-11  -0.202812E-12
   0.827500E+04   0.708753E-12   0.340123E-11   0.128469E-11
   0.827600E+04  -0.530701E-12   0.526366E-13   0.717953E-12
   0.827700E+04  -0.353846E-11  -0.892787E-11  -0.129269E-11
   0.827800E+04  -0.503540E-11  -0.132148E-10  -0.211779E-11
   0.827900E+04  -0.380819E-11  -0.893257E-11  -0.772825E-12
   0.828000E+04  -0.238710E-11  -0.402736E-11   0.709840E-12
   0.828100E+04  -0.350304E-11  -0.715172E-11   0.117486E-12
   0.828200E+04  -0.626380E-11  -0.155598E-10  -0.185288E-11
   0.828300E+04  -0.738584E-11  -0.189069E-10  -0.256292E-11
   0.828400E+04  -0.576722E-11  -0.136643E-10  -0.111193E-11
   0.828500E+04  -0.402125E-11  -0.803740E-11   0.405726E-12
   0.828600E+04  -0.482593E-11  -0.105097E-10  -0.178029E-12
   0.828700E+04  -0.717771E-11  -0.179803E-10  -0.207763E-11
   0.828800E+04  -0.777774E-11  -0.200513E-10  -0.264522E-11
   0.828900E+04  -0.562226E-11  -0.134997E-10  -0.106156E-11
   0.829000E+04  -0.339699E-11  -0.675709E-11   0.521126E-12
   0.829100E+04  -0.373061E-11  -0.814685E-11  -0.194581E-13
   0.829200E+04  -0.553356E-11  -0.142872E-10  -0.181549E-11
   0.829300E+04  -0.552932E-11  -0.148364E-10  -0.222041E-11
   0.829400E+04  -0.283892E-11  -0.695351E-11  -0.503396E-12
   0.829500E+04  -0.217703E-12   0.715153E-12   0.112790E-11
   0.829600E+04  -0.216904E-12   0.904233E-13   0.605528E-12
   0.829700E+04  -0.163141E-11  -0.507807E-11  -0.111391E-11
   0.829800E+04  -0.120007E-11  -0.448572E-11  -0.138571E-11
   0.829900E+04   0.181004E-11   0.426388E-11   0.426665E-12
   0.830000E+04   0.453994E-11   0.122092E-10   0.205373E-11
   0.830100E+04   0.449249E-11   0.114442E-10   0.147797E-11
   0.830200E+04   0.299013E-11   0.608539E-11  -0.255842E-12
   0.830300E+04   0.330322E-11   0.646375E-11  -0.501898E-12
   0.830400E+04   0.605144E-11   0.146194E-10   0.128835E-11
   0.830500E+04   0.829972E-11   0.213508E-10   0.279122E-11
   0.830600E+04   0.762603E-11   0.189825E-10   0.204597E-11
   0.830700E+04   0.549540E-11   0.120657E-10   0.190387E-12
   0.830800E+04   0.522558E-11   0.110624E-10  -0.122390E-12
   0.830900E+04   0.736643E-11   0.177766E-10   0.157710E-11
   0.831000E+04   0.893166E-11   0.228360E-10   0.291819E-11
   0.831100E+04   0.756086E-11   0.187544E-10   0.199533E-11
   0.831200E+04   0.481456E-11   0.103796E-10   0.275965E-13
   0.831300E+04   0.400685E-11   0.815400E-11  -0.338663E-12
   0.831400E+04   0.559350E-11   0.135746E-10   0.128061E-11
   0.831500E+04   0.654671E-11   0.171280E-10   0.247188E-11
   0.831600E+04   0.459242E-11   0.115936E-10   0.139260E-11
   0.831700E+04   0.140211E-11   0.216431E-11  -0.653680E-12
   0.831800E+04   0.282926E-12  -0.743664E-12  -0.103008E-11
   0.831900E+04   0.158197E-11   0.401832E-11   0.558228E-12
   0.832000E+04   0.221551E-11   0.675520E-11   0.165335E-11
   0.832100E+04  -0.123417E-13   0.489113E-12   0.475544E-12
   0.832200E+04  -0.331860E-11  -0.923793E-11  -0.158762E-11
   0.832300E+04  -0.439088E-11  -0.119974E-10  -0.190776E-11
   0.832400E+04  -0.296823E-11  -0.691856E-11  -0.274174E-12
   0.832500E+04  -0.217013E-11  -0.381384E-11   0.817871E-12
   0.832600E+04  -0.411702E-11  -0.942121E-11  -0.347181E-12
   0.832700E+04  -0.695229E-11  -0.179558E-10  -0.230708E-11
   0.832800E+04  -0.742078E-11  -0.191543E-10  -0.245824E-11
   0.832900E+04  -0.540576E-11  -0.125876E-10  -0.687545E-12
   0.833000E+04  -0.408924E-11  -0.825744E-11   0.468497E-12
   0.833100E+04  -0.550576E-11  -0.126254E-10  -0.637014E-12
   0.833200E+04  -0.769363E-11  -0.195680E-10  -0.246042E-11
   0.833300E+04  -0.742814E-11  -0.189065E-10  -0.241854E-11
   0.833400E+04  -0.473307E-11  -0.106396E-10  -0.495149E-12
   0.833500E+04  -0.287456E-11  -0.501899E-11   0.729076E-12
   0.833600E+04  -0.383397E-11  -0.832618E-11  -0.330317E-12
   0.833700E+04  -0.556713E-11  -0.141696E-10  -0.205489E-11
   0.833800E+04  -0.487692E-11  -0.124529E-10  -0.188387E-11
   0.833900E+04  -0.190076E-11  -0.353096E-11   0.107585E-12
   0.834000E+04   0.463945E-13   0.219338E-11   0.130440E-11
   0.834100E+04  -0.934663E-12  -0.130053E-11   0.192499E-12
   0.834200E+04  -0.269441E-11  -0.729100E-11  -0.153102E-11
   0.834300E+04  -0.203487E-11  -0.568756E-11  -0.132376E-11
   0.834400E+04   0.831955E-12   0.290764E-11   0.656171E-12
   0.834500E+04   0.257793E-11   0.804016E-11   0.176926E-11
   0.834600E+04   0.139461E-11   0.397245E-11   0.574979E-12
   0.834700E+04  -0.490882E-12  -0.232749E-11  -0.115874E-11
   0.834800E+04   0.731739E-13  -0.915013E-12  -0.921172E-12
   0.834900E+04   0.276390E-11   0.725292E-11   0.103790E-11
   0.835000E+04   0.423259E-11   0.116492E-10   0.205483E-11
   0.835100E+04   0.277749E-11   0.686725E-11   0.767826E-12
   0.835200E+04   0.723224E-12   0.181459E-12  -0.980717E-12
   0.835300E+04   0.118424E-11   0.141893E-11  -0.711527E-12
   0.835400E+04   0.372216E-11   0.925654E-11   0.123297E-11
   0.835500E+04   0.495443E-11   0.130574E-10   0.216406E-11
   0.835600E+04   0.327074E-11   0.770224E-11   0.796471E-12
   0.835700E+04   0.108318E-11   0.741565E-12  -0.956584E-12
   0.835800E+04   0.147074E-11   0.188973E-11  -0.648967E-12
   0.835900E+04   0.389383E-11   0.950032E-11   0.128767E-11
   0.836000E+04   0.495355E-11   0.128802E-10   0.214591E-11
   0.836100E+04   0.313741E-11   0.721777E-11   0.719881E-12
   0.836200E+04   0.932899E-12   0.305091E-12  -0.101048E-11
   0.836300E+04   0.135932E-11   0.167254E-11  -0.639883E-12
   0.836400E+04   0.375329E-11   0.928456E-11   0.130562E-11
   0.836500E+04   0.468861E-11   0.123612E-10   0.209952E-11
   0.836600E+04   0.275284E-11   0.640717E-11   0.617230E-12
   0.836700E+04   0.521290E-12  -0.505678E-12  -0.109288E-11
   0.836800E+04   0.971487E-12   0.102347E-11  -0.664039E-12
   0.836900E+04   0.333185E-11   0.861751E-11   0.128729E-11
   0.837000E+04   0.415031E-11   0.114151E-10   0.201806E-11
   0.837100E+04   0.209440E-11   0.517767E-11   0.481291E-12
   0.837200E+04  -0.206619E-12  -0.184524E-11  -0.121581E-11
   0.837300E+04   0.157678E-12  -0.460438E-12  -0.753225E-12
   0.837400E+04   0.231077E-11   0.661991E-11   0.116289E-11
   0.837500E+04   0.280791E-11   0.854770E-11   0.178262E-11
   0.837600E+04   0.441993E-12   0.147090E-11   0.148060E-12
   0.837700E+04  -0.206622E-11  -0.607686E-11  -0.156778E-11
   0.837800E+04  -0.185147E-11  -0.504855E-11  -0.108867E-11
   0.837900E+04   0.114941E-12   0.153767E-11   0.792151E-12
   0.838000E+04   0.397490E-12   0.285376E-11   0.132062E-11
   0.838100E+04  -0.209448E-11  -0.459058E-11  -0.373052E-12
   0.838200E+04  -0.457154E-11  -0.120444E-10  -0.205691E-11
   0.838300E+04  -0.424582E-11  -0.107012E-10  -0.150802E-11
   0.838400E+04  -0.221344E-11  -0.397166E-11   0.386765E-12
   0.838500E+04  -0.191819E-11  -0.271207E-11   0.867522E-12
   0.838600E+04  -0.433597E-11  -0.100526E-10  -0.846649E-12
   0.838700E+04  -0.659820E-11  -0.169916E-10  -0.246375E-11
   0.838800E+04  -0.597895E-11  -0.149153E-10  -0.181219E-11
   0.838900E+04  -0.368764E-11  -0.759031E-11   0.130936E-12
   0.839000E+04  -0.317638E-11  -0.589759E-11   0.602305E-12
   0.839100E+04  -0.531918E-11  -0.126425E-10  -0.109203E-11
   0.839200E+04  -0.718538E-11  -0.186217E-10  -0.260561E-11
   0.839300E+04  -0.611937E-11  -0.154390E-10  -0.182205E-11
   0.839400E+04  -0.343860E-11  -0.719985E-11   0.193188E-12
   0.839500E+04  -0.259268E-11  -0.477639E-11   0.678266E-12
   0.839600E+04  -0.435070E-11  -0.106376E-10  -0.972088E-12
   0.839700E+04  -0.572915E-11  -0.154042E-10  -0.236069E-11
   0.839800E+04  -0.415660E-11  -0.109372E-10  -0.143136E-11
   0.839900E+04  -0.106748E-11  -0.170766E-11   0.660530E-12
   0.840000E+04   0.878842E-13   0.141199E-11   0.115607E-11
   0.840100E+04  -0.135701E-11  -0.371780E-11  -0.461153E-12
   0.840200E+04  -0.236761E-11  -0.754661E-11  -0.174538E-11
   0.840300E+04  -0.451017E-12  -0.217475E-11  -0.700988E-12
   0.840400E+04   0.285826E-11   0.761276E-11   0.143157E-11
   0.840500E+04   0.412717E-11   0.109970E-10   0.190282E-11
   0.840600E+04   0.279218E-11   0.616785E-11   0.285859E-12
   0.840700E+04   0.191329E-11   0.276873E-11  -0.933007E-12
   0.840800E+04   0.386690E-11   0.834520E-11   0.170317E-12
   0.840900E+04   0.699438E-11   0.177246E-10   0.226513E-11
   0.841000E+04   0.788727E-11   0.201588E-10   0.261498E-11
   0.841100E+04   0.611987E-11   0.142631E-10   0.890751E-12
   0.841200E+04   0.482192E-11   0.989596E-11  -0.372844E-12
   0.841300E+04   0.629081E-11   0.143515E-10   0.683259E-12
   0.841400E+04   0.877006E-11   0.221412E-10   0.264465E-11
   0.841500E+04   0.889505E-11   0.226405E-10   0.279431E-11
   0.841600E+04   0.639425E-11   0.149336E-10   0.904900E-12
   0.841700E+04   0.447892E-11   0.912304E-11  -0.440018E-12
   0.841800E+04   0.536891E-11   0.122510E-10   0.551889E-12
   0.841900E+04   0.719639E-11   0.184723E-10   0.238009E-11
   0.842000E+04   0.661500E-11   0.172117E-10   0.234326E-11
   0.842100E+04   0.348158E-11   0.794786E-11   0.310328E-12
   0.842200E+04   0.107758E-11   0.994266E-12  -0.109087E-11
   0.842300E+04   0.155431E-11   0.316805E-11  -0.134198E-12
   0.842400E+04   0.295244E-11   0.832774E-11   0.159948E-11
   0.842500E+04   0.195702E-11   0.599110E-11   0.143025E-11
   0.842600E+04  -0.144984E-11  -0.397276E-11  -0.676623E-12
   0.842700E+04  -0.392882E-11  -0.110714E-10  -0.205356E-11
   0.842800E+04  -0.340464E-11  -0.873186E-11  -0.104376E-11
   0.842900E+04  -0.192748E-11  -0.338699E-11   0.693030E-12
   0.843000E+04  -0.278483E-11  -0.543308E-11   0.499902E-12
   0.843100E+04  -0.589201E-11  -0.146703E-10  -0.156598E-11
   0.843200E+04  -0.789064E-11  -0.205335E-10  -0.280775E-11
   0.843300E+04  -0.681729E-11  -0.167923E-10  -0.164727E-11
   0.843400E+04  -0.482908E-11  -0.102121E-10   0.174600E-12
   0.843500E+04  -0.518445E-11  -0.110953E-10   0.268032E-13
   0.843600E+04  -0.769276E-11  -0.188998E-10  -0.194046E-11
   0.843700E+04  -0.898154E-11  -0.230003E-10  -0.300410E-11
   0.843800E+04  -0.720540E-11  -0.175227E-10  -0.166722E-11
   0.843900E+04  -0.462187E-11  -0.954154E-11   0.251273E-12
   0.844000E+04  -0.443914E-11  -0.919986E-11   0.153598E-12
   0.844100E+04  -0.634100E-11  -0.155557E-10  -0.171226E-11
   0.844200E+04  -0.694286E-11  -0.179318E-10  -0.259971E-11
   0.844300E+04  -0.454539E-11  -0.108942E-10  -0.110122E-11
   0.844400E+04  -0.154351E-11  -0.193541E-11   0.878766E-12
   0.844500E+04  -0.111574E-11  -0.110060E-11   0.772949E-12
   0.844600E+04  -0.280904E-11  -0.701953E-11  -0.107053E-11
   0.844700E+04  -0.318860E-11  -0.885824E-11  -0.187536E-11
   0.844800E+04  -0.656338E-12  -0.149921E-11  -0.314832E-12
   0.844900E+04   0.228706E-11   0.723525E-11   0.162938E-11
   0.845000E+04   0.250597E-11   0.743300E-11   0.142542E-11
   0.845100E+04   0.596123E-12   0.905236E-12  -0.477396E-12
   0.845200E+04   0.558998E-13  -0.132488E-11  -0.127258E-11
   0.845300E+04   0.240531E-11   0.560531E-11   0.289355E-12
   0.845400E+04   0.505591E-11   0.135922E-10   0.215474E-11
   0.845500E+04   0.490986E-11   0.128402E-10   0.182796E-11
   0.845600E+04   0.267608E-11   0.551480E-11  -0.147540E-12
   0.845700E+04   0.188308E-11   0.272906E-11  -0.945180E-12
   0.845800E+04   0.395919E-11   0.905007E-11   0.602809E-12
   0.845900E+04   0.624039E-11   0.161291E-10   0.237508E-11
   0.846000E+04   0.568836E-11   0.143535E-10   0.191968E-11
   0.846100E+04   0.313639E-11   0.627839E-11  -0.123116E-12
   0.846200E+04   0.213781E-11   0.309367E-11  -0.909864E-12
   0.846300E+04   0.401681E-11   0.903536E-11   0.641467E-12
   0.846400E+04   0.602323E-11   0.154792E-10   0.234090E-11
   0.846500E+04   0.516898E-11   0.129683E-10   0.178001E-11
   0.846600E+04   0.239931E-11   0.441145E-11  -0.307155E-12
   0.846700E+04   0.128020E-11   0.104074E-11  -0.106528E-11
   0.846800E+04   0.303030E-11   0.675872E-11   0.500648E-12
   0.846900E+04   0.482689E-11   0.127075E-10   0.213689E-11
   0.847000E+04   0.375023E-11   0.964006E-11   0.148496E-11
   0.847100E+04   0.863116E-12   0.834803E-12  -0.626400E-12
   0.847200E+04  -0.268877E-12  -0.247281E-11  -0.133532E-11
   0.847300E+04   0.144749E-11   0.322946E-11   0.260572E-12
   0.847400E+04   0.310917E-11   0.883007E-11   0.184382E-11
   0.847500E+04   0.187721E-11   0.533066E-11   0.111096E-11
   0.847600E+04  -0.104523E-11  -0.355322E-11  -0.100952E-11
   0.847700E+04  -0.207849E-11  -0.654049E-11  -0.164805E-11
   0.847800E+04  -0.261298E-12  -0.527471E-12   0.267392E-14
   0.847900E+04   0.139829E-11   0.505111E-11   0.155754E-11
   0.848000E+04   0.115496E-12   0.136995E-11   0.764045E-12
   0.848100E+04  -0.277673E-11  -0.744980E-11  -0.135257E-11
   0.848200E+04  -0.367381E-11  -0.100525E-10  -0.191501E-11
   0.848300E+04  -0.172662E-11  -0.368674E-11  -0.207432E-12
   0.848400E+04  -0.399376E-13   0.191454E-11   0.132110E-11
   0.848500E+04  -0.135708E-11  -0.193620E-11   0.468224E-12
   0.848600E+04  -0.423548E-11  -0.107710E-10  -0.164929E-11
   0.848700E+04  -0.504715E-11  -0.131664E-10  -0.214924E-11
   0.848800E+04  -0.302504E-11  -0.663909E-11  -0.401370E-12
   0.848900E+04  -0.132584E-11  -0.109123E-11   0.109339E-11
   0.849000E+04  -0.262509E-11  -0.499591E-11   0.190812E-12
   0.849100E+04  -0.538239E-11  -0.135726E-10  -0.190414E-11
   0.849200E+04  -0.598397E-11  -0.154407E-10  -0.231550E-11
   0.849300E+04  -0.377737E-11  -0.848061E-11  -0.507019E-12
   0.849400E+04  -0.197707E-11  -0.278057E-11   0.968953E-12
   0.849500E+04  -0.317411E-11  -0.654833E-11   0.322986E-13
   0.849600E+04  -0.570988E-11  -0.146281E-10  -0.201950E-11
   0.849700E+04  -0.597541E-11  -0.156514E-10  -0.231650E-11
   0.849800E+04  -0.343671E-11  -0.787033E-11  -0.417822E-12
   0.849900E+04  -0.138023E-11  -0.159821E-11   0.107153E-11
   0.850000E+04  -0.233473E-11  -0.484130E-11   0.132255E-12
   0.850100E+04  -0.454934E-11  -0.121449E-10  -0.185248E-11
   0.850200E+04  -0.443877E-11  -0.122078E-10  -0.202547E-11
   0.850300E+04  -0.158707E-11  -0.365192E-11  -0.416729E-13
   0.850400E+04   0.668507E-12   0.304819E-11   0.144827E-11
   0.850500E+04  -0.110463E-12   0.170699E-12   0.494315E-12
   0.850600E+04  -0.206491E-11  -0.648479E-11  -0.143189E-11
   0.850700E+04  -0.163796E-11  -0.570026E-11  -0.148941E-11
   0.850800E+04   0.144977E-11   0.347818E-11   0.566020E-12
   0.850900E+04   0.379285E-11   0.103645E-10   0.203608E-11
   0.851000E+04   0.303857E-11   0.750885E-11   0.104072E-11
   0.851100E+04   0.116464E-11   0.108621E-11  -0.858362E-12
   0.851200E+04   0.171787E-11   0.228442E-11  -0.834591E-12
   0.851300E+04   0.485391E-11   0.116703E-10   0.125808E-11
   0.851400E+04   0.709400E-11   0.183319E-10   0.267448E-11
   0.851500E+04   0.614672E-11   0.150201E-10   0.160052E-11
   0.851600E+04   0.407998E-11   0.819914E-11  -0.319913E-12
   0.851700E+04   0.442017E-11   0.899122E-11  -0.279741E-12
   0.851800E+04   0.721687E-11   0.176222E-10   0.177210E-11
   0.851900E+04   0.895086E-11   0.230459E-10   0.305298E-11
   0.852000E+04   0.741662E-11   0.182814E-10   0.182181E-11
   0.852100E+04   0.477839E-11   0.100956E-10  -0.195331E-12
   0.852200E+04   0.454349E-11   0.954382E-11  -0.213233E-12
   0.852300E+04   0.667366E-11   0.165593E-10   0.172772E-11
   0.852400E+04   0.764842E-11   0.200726E-10   0.281835E-11
   0.852500E+04   0.538798E-11   0.134840E-10   0.140123E-11
   0.852600E+04   0.216727E-11   0.390143E-11  -0.713461E-12
   0.852700E+04   0.145550E-11   0.225507E-11  -0.769328E-12
   0.852800E+04   0.309023E-11   0.807833E-11   0.109296E-11
   0.852900E+04   0.352131E-11   0.101966E-10   0.203327E-11
   0.853000E+04   0.789977E-12   0.238065E-11   0.478490E-12
   0.853100E+04  -0.269981E-11  -0.786273E-11  -0.167364E-11
   0.853200E+04  -0.348910E-11  -0.964260E-11  -0.169094E-11
   0.853300E+04  -0.184709E-11  -0.376827E-11   0.190057E-12
   0.853400E+04  -0.136532E-11  -0.154630E-11   0.109827E-11
   0.853500E+04  -0.392867E-11  -0.896586E-11  -0.464009E-12
   0.853600E+04  -0.707248E-11  -0.183156E-10  -0.252826E-11
   0.853700E+04  -0.740728E-11  -0.189121E-10  -0.240215E-11
   0.853800E+04  -0.533278E-11  -0.119720E-10  -0.423331E-12
   0.853900E+04  -0.446644E-11  -0.888360E-11   0.512364E-12
   0.854000E+04  -0.658489E-11  -0.152914E-10  -0.100758E-11
   0.854100E+04  -0.913507E-11  -0.231955E-10  -0.293848E-11
   0.854200E+04  -0.878898E-11  -0.220946E-10  -0.262808E-11
   0.854300E+04  -0.608509E-11  -0.136352E-10  -0.516966E-12
   0.854400E+04  -0.468169E-11  -0.932990E-11   0.473122E-12
   0.854500E+04  -0.625995E-11  -0.145156E-10  -0.986776E-12
   0.854600E+04  -0.818273E-11  -0.209167E-10  -0.277823E-11
   0.854700E+04  -0.717478E-11  -0.181882E-10  -0.228918E-11
   0.854800E+04  -0.389457E-11  -0.834946E-11  -0.585474E-13
   0.854900E+04  -0.202547E-11  -0.298858E-11   0.972214E-12
   0.855000E+04  -0.315600E-11  -0.714186E-11  -0.441565E-12
   0.855100E+04  -0.458892E-11  -0.123295E-10  -0.211490E-11
   0.855200E+04  -0.313127E-11  -0.845215E-11  -0.148530E-11
   0.855300E+04   0.424255E-12   0.205305E-11   0.806570E-12
   0.855400E+04   0.237761E-11   0.754363E-11   0.180344E-11
   0.855500E+04   0.125322E-11   0.333842E-11   0.350553E-12
   0.855600E+04  -0.173804E-12  -0.183284E-11  -0.129844E-11
   0.855700E+04   0.122043E-11   0.191569E-11  -0.630186E-12
   0.855800E+04   0.452810E-11   0.117797E-10   0.161713E-11
   0.855900E+04   0.606560E-11   0.161548E-10   0.248011E-11
   0.856000E+04   0.451107E-11   0.108294E-10   0.904223E-12
   0.856100E+04   0.274853E-11   0.486798E-11  -0.783033E-12
   0.856200E+04   0.383905E-11   0.795599E-11  -0.118545E-12
   0.856300E+04   0.673983E-11   0.168609E-10   0.205738E-11
   0.856400E+04   0.775040E-11   0.199182E-10   0.276973E-11
   0.856500E+04   0.567542E-11   0.133064E-10   0.105887E-11
   0.856600E+04   0.350212E-11   0.640779E-11  -0.676822E-12
   0.856700E+04   0.424635E-11   0.875911E-11  -0.224477E-13
   0.856800E+04   0.675578E-11   0.167762E-10   0.208610E-11
   0.856900E+04   0.732290E-11   0.187669E-10   0.266709E-11
   0.857000E+04   0.485918E-11   0.112453E-10   0.852538E-12
   0.857100E+04   0.241465E-11   0.379458E-11  -0.899396E-12
   0.857200E+04   0.292448E-11   0.569872E-11  -0.232399E-12
   0.857300E+04   0.511749E-11   0.129944E-10   0.182031E-11
   0.857400E+04   0.529590E-11   0.140119E-10   0.227663E-11
   0.857500E+04   0.250382E-11   0.567789E-11   0.367326E-12
   0.857600E+04  -0.126980E-12  -0.216655E-11  -0.138685E-11
   0.857700E+04   0.266671E-12  -0.463586E-12  -0.688081E-12
   0.857800E+04   0.229741E-11   0.645281E-11   0.133431E-11
   0.857900E+04   0.227433E-11   0.692667E-11   0.169950E-11
   0.858000E+04  -0.637649E-12  -0.173822E-11  -0.264937E-12
   0.858100E+04  -0.324278E-11  -0.949515E-11  -0.198168E-11
   0.858200E+04  -0.275916E-11  -0.753716E-11  -0.121537E-11
   0.858300E+04  -0.677313E-12  -0.525516E-12   0.812664E-12
   0.858400E+04  -0.649715E-12  -0.413447E-14   0.113314E-11
   0.858500E+04  -0.336484E-11  -0.821229E-11  -0.822381E-12
   0.858600E+04  -0.556982E-11  -0.149148E-10  -0.242324E-11
   0.858700E+04  -0.461060E-11  -0.116885E-10  -0.150913E-11
   0.858800E+04  -0.214800E-11  -0.371355E-11   0.592018E-12
   0.858900E+04  -0.185300E-11  -0.258401E-11   0.911887E-12
   0.859000E+04  -0.429241E-11  -0.101543E-10  -0.101896E-11
   0.859100E+04  -0.614699E-11  -0.159765E-10  -0.251653E-11
   0.859200E+04  -0.485993E-11  -0.119258E-10  -0.149064E-11
   0.859300E+04  -0.222611E-11  -0.359761E-11   0.633202E-12
   0.859400E+04  -0.190125E-11  -0.253836E-11   0.897848E-12
   0.859500E+04  -0.429846E-11  -0.101260E-10  -0.105917E-11
   0.859600E+04  -0.599954E-11  -0.156099E-10  -0.249530E-11
   0.859700E+04  -0.451689E-11  -0.110874E-10  -0.138629E-11
   0.859800E+04  -0.176857E-11  -0.254131E-11   0.747828E-12
   0.859900E+04  -0.141029E-11  -0.151643E-11   0.959803E-12
   0.860000E+04  -0.373532E-11  -0.901303E-11  -0.101319E-11
   0.860100E+04  -0.525563E-11  -0.140627E-10  -0.237890E-11
   0.860200E+04  -0.355692E-11  -0.899691E-11  -0.118176E-11
   0.860300E+04  -0.661651E-12  -0.129349E-12   0.969179E-12
   0.860400E+04  -0.208316E-12   0.105099E-11   0.114323E-11
   0.860500E+04  -0.237800E-11  -0.609734E-11  -0.823726E-12
   0.860600E+04  -0.364520E-11  -0.104805E-10  -0.209919E-11
   0.860700E+04  -0.170282E-11  -0.476260E-11  -0.805914E-12
   0.860800E+04   0.130951E-11   0.437394E-11   0.135597E-11
   0.860900E+04   0.178175E-11   0.552782E-11   0.147731E-11
   0.861000E+04  -0.334547E-12  -0.152435E-11  -0.502195E-12
   0.861100E+04  -0.146034E-11  -0.551643E-11  -0.170813E-11
   0.861200E+04   0.614614E-12   0.585799E-12  -0.340837E-12
   0.861300E+04   0.364289E-11   0.975955E-11   0.181186E-11
   0.861400E+04   0.404969E-11   0.107105E-10   0.186622E-11
   0.861500E+04   0.191509E-11   0.361866E-11  -0.135026E-12
   0.861600E+04   0.853518E-12  -0.133994E-12  -0.128227E-11
   0.861700E+04   0.295690E-11   0.612137E-11   0.139816E-12
   0.861800E+04   0.586340E-11   0.150044E-10   0.225549E-11
   0.861900E+04   0.605086E-11   0.153819E-10   0.221317E-11
   0.862000E+04   0.375998E-11   0.793259E-11   0.166478E-12
   0.862100E+04   0.266482E-11   0.422455E-11  -0.936337E-12
   0.862200E+04   0.473575E-11   0.105507E-10   0.533265E-12
   0.862300E+04   0.746243E-11   0.190739E-10   0.260491E-11
   0.862400E+04   0.732670E-11   0.186802E-10   0.245016E-11
   0.862500E+04   0.469290E-11   0.104368E-10   0.324949E-12
   0.862600E+04   0.328929E-11   0.607668E-11  -0.787800E-12
   0.862700E+04   0.499116E-11   0.115884E-10   0.657833E-12
   0.862800E+04   0.718052E-11   0.187930E-10   0.260734E-11
   0.862900E+04   0.637883E-11   0.166974E-10   0.226588E-11
   0.863000E+04   0.309929E-11   0.682695E-11  -0.264149E-14
   0.863100E+04   0.114903E-11   0.114618E-11  -0.117758E-11
   0.863200E+04   0.234028E-11   0.542650E-11   0.209833E-12
   0.863300E+04   0.397867E-11   0.112347E-10   0.202934E-11
   0.863400E+04   0.263725E-11   0.773283E-11   0.152473E-11
   0.863500E+04  -0.103700E-11  -0.313830E-11  -0.835515E-12
   0.863600E+04  -0.318699E-11  -0.926563E-11  -0.200199E-11
   0.863700E+04  -0.208472E-11  -0.515436E-11  -0.589252E-12
   0.863800E+04  -0.508914E-12   0.489490E-12   0.119662E-11
   0.863900E+04  -0.184550E-11  -0.304063E-11   0.638538E-12
   0.864000E+04  -0.534500E-11  -0.134705E-10  -0.169703E-11
   0.864100E+04  -0.714939E-11  -0.186735E-10  -0.274497E-11
   0.864200E+04  -0.565905E-11  -0.135533E-10  -0.121426E-11
   0.864300E+04  -0.375552E-11  -0.713817E-11   0.610787E-12
   0.864400E+04  -0.477688E-11  -0.998062E-11   0.562453E-13
   0.864500E+04  -0.785523E-11  -0.194254E-10  -0.220974E-11
   0.864600E+04  -0.911960E-11  -0.232951E-10  -0.310578E-11
   0.864700E+04  -0.708912E-11  -0.168612E-10  -0.143407E-11
   0.864800E+04  -0.473431E-11  -0.943070E-11   0.447895E-12
   0.864900E+04  -0.532875E-11  -0.113524E-10  -0.844274E-13
   0.865000E+04  -0.787790E-11  -0.195680E-10  -0.225969E-11
   0.865100E+04  -0.850659E-11  -0.218782E-10  -0.298491E-11
   0.865200E+04  -0.587425E-11  -0.139859E-10  -0.116188E-11
   0.865300E+04  -0.305886E-11  -0.552859E-11   0.776286E-12
   0.865400E+04  -0.326970E-11  -0.664845E-11   0.256885E-12
   0.865500E+04  -0.536379E-11  -0.138178E-10  -0.184053E-11
   0.865600E+04  -0.543026E-11  -0.147225E-10  -0.240635E-11
   0.865700E+04  -0.225038E-11  -0.544280E-11  -0.438745E-12
   0.865800E+04   0.975926E-12   0.401246E-11   0.155193E-11
   0.865900E+04   0.105534E-11   0.356790E-11   0.103587E-11
   0.866000E+04  -0.778865E-12  -0.295113E-11  -0.101330E-11
   0.866100E+04  -0.613145E-12  -0.321688E-11  -0.147988E-11
   0.866200E+04   0.266125E-11   0.634172E-11   0.542766E-12
   0.866300E+04   0.576736E-11   0.154703E-10   0.247891E-11
   0.866400E+04   0.557482E-11   0.142931E-10   0.185436E-11
   0.866500E+04   0.343537E-11   0.701055E-11  -0.257421E-12
   0.866600E+04   0.328103E-11   0.600391E-11  -0.733931E-12
   0.866700E+04   0.613377E-11   0.145566E-10   0.124014E-11
   0.866800E+04   0.867681E-11   0.222715E-10   0.303371E-11
   0.866900E+04   0.787712E-11   0.195679E-10   0.223798E-11
   0.867000E+04   0.521398E-11   0.110444E-10   0.274770E-13
   0.867100E+04   0.461735E-11   0.907224E-11  -0.475995E-12
   0.867200E+04   0.698968E-11   0.165499E-10   0.144279E-11
   0.867300E+04   0.894967E-11   0.228653E-10   0.309351E-11
   0.867400E+04   0.755101E-11   0.187027E-10   0.213246E-11
   0.867500E+04   0.439707E-11   0.905001E-11  -0.166094E-12
   0.867600E+04   0.341273E-11   0.626238E-11  -0.683987E-12
   0.867700E+04   0.537815E-11   0.128481E-10   0.119268E-11
   0.867800E+04   0.684623E-11   0.179794E-10   0.271624E-11
   0.867900E+04   0.495487E-11   0.126001E-10   0.160965E-11
   0.868000E+04   0.142523E-11   0.206856E-11  -0.755264E-12
   0.868100E+04   0.171201E-12  -0.129430E-11  -0.126795E-11
   0.868200E+04   0.185394E-11   0.463961E-11   0.584192E-12
   0.868300E+04   0.297649E-11   0.887485E-11   0.200200E-11
   0.868400E+04   0.781691E-12   0.267684E-11   0.782051E-12
   0.868500E+04  -0.287835E-11  -0.818672E-11  -0.160398E-11
   0.868600E+04  -0.410088E-11  -0.114299E-10  -0.205567E-11
   0.868700E+04  -0.235267E-11  -0.532968E-11  -0.164455E-12
   0.868800E+04  -0.119030E-11  -0.107372E-11   0.121912E-11
   0.868900E+04  -0.327157E-11  -0.708624E-11  -0.337166E-13
   0.869000E+04  -0.661445E-11  -0.171874E-10  -0.235207E-11
   0.869100E+04  -0.732700E-11  -0.191188E-10  -0.264751E-11
   0.869200E+04  -0.501077E-11  -0.115740E-10  -0.617010E-12
   0.869300E+04  -0.330814E-11  -0.600089E-11   0.834210E-12
   0.869400E+04  -0.482926E-11  -0.106572E-10  -0.357513E-12
   0.869500E+04  -0.752737E-11  -0.191383E-10  -0.253801E-11
   0.869600E+04  -0.757133E-11  -0.193590E-10  -0.264501E-11
   0.869700E+04  -0.470671E-11  -0.104581E-10  -0.483832E-12
   0.869800E+04  -0.262948E-11  -0.405044E-11   0.995194E-12
   0.869900E+04  -0.385313E-11  -0.808665E-11  -0.193394E-12
   0.870000E+04  -0.622742E-11  -0.158281E-10  -0.230449E-11
   0.870100E+04  -0.595995E-11  -0.153047E-10  -0.229978E-11
   0.870200E+04  -0.292051E-11  -0.604781E-11  -0.892268E-13
   0.870300E+04  -0.826836E-12   0.248363E-12   0.134094E-11
   0.870400E+04  -0.205511E-11  -0.394515E-11   0.943805E-13
   0.870500E+04  -0.432029E-11  -0.114691E-10  -0.198702E-11
   0.870600E+04  -0.386293E-11  -0.104551E-10  -0.189037E-11
   0.870700E+04  -0.699046E-12  -0.893981E-12   0.363993E-12
   0.870800E+04   0.139330E-11   0.532815E-11   0.174718E-11
   0.870900E+04   0.136576E-12   0.991330E-12   0.444733E-12
   0.871000E+04  -0.207342E-11  -0.639463E-11  -0.161151E-11
   0.871100E+04  -0.151186E-11  -0.506775E-11  -0.143685E-11
   0.871200E+04   0.167618E-11   0.457395E-11   0.841873E-12
   0.871300E+04   0.367316E-11   0.105162E-10   0.216051E-11
   0.871400E+04   0.230752E-11   0.587138E-11   0.790009E-12
   0.871500E+04   0.744372E-13  -0.153394E-11  -0.125179E-11
   0.871600E+04   0.645578E-12  -0.100083E-12  -0.101534E-11
   0.871700E+04   0.373859E-11   0.934220E-11   0.126379E-11
   0.871800E+04   0.550580E-11   0.146774E-10   0.249065E-11
   0.871900E+04   0.390081E-11   0.940570E-11   0.102767E-11
   0.872000E+04   0.153429E-11   0.171660E-11  -0.101899E-11
   0.872100E+04   0.203155E-11   0.306554E-11  -0.735911E-12
   0.872200E+04   0.497185E-11   0.121848E-10   0.153212E-11
   0.872300E+04   0.647161E-11   0.168406E-10   0.266037E-11
   0.872400E+04   0.460160E-11   0.108977E-10   0.110241E-11
   0.872500E+04   0.208272E-11   0.289264E-11  -0.949933E-12
   0.872600E+04   0.249888E-11   0.415229E-11  -0.620573E-12
   0.872700E+04   0.530751E-11   0.130235E-10   0.164060E-11
   0.872800E+04   0.660428E-11   0.172029E-10   0.268537E-11
   0.872900E+04   0.457015E-11   0.109027E-10   0.105863E-11
   0.873000E+04   0.199787E-11   0.289545E-11  -0.972556E-12
   0.873100E+04   0.237514E-11   0.421838E-11  -0.584653E-12
   0.873200E+04   0.499683E-11   0.127132E-10   0.165779E-11
   0.873300E+04   0.593325E-11   0.159923E-10   0.258430E-11
   0.873400E+04   0.350444E-11   0.869636E-11   0.838972E-12
   0.873500E+04   0.616259E-12  -0.516663E-13  -0.122826E-11
   0.873600E+04   0.694257E-12   0.589353E-12  -0.841381E-12
   0.873700E+04   0.289439E-11   0.802098E-11   0.132573E-11
   0.873800E+04   0.328613E-11   0.984101E-11   0.208838E-11
   0.873900E+04   0.365334E-12   0.122420E-11   0.199650E-12
   0.874000E+04  -0.280277E-11  -0.822371E-11  -0.189875E-11
   0.874100E+04  -0.281868E-11  -0.775521E-11  -0.147248E-11
   0.874200E+04  -0.666203E-12  -0.411015E-12   0.695288E-12
   0.874300E+04  -0.328354E-12   0.124548E-11   0.139640E-11
   0.874400E+04  -0.322133E-11  -0.732748E-11  -0.525775E-12
   0.874500E+04  -0.620458E-11  -0.162817E-10  -0.255865E-11
   0.874600E+04  -0.594514E-11  -0.150767E-10  -0.202092E-11
   0.874700E+04  -0.355256E-11  -0.715016E-11   0.198915E-12
   0.874800E+04  -0.302017E-11  -0.509759E-11   0.882068E-12
   0.874900E+04  -0.564576E-11  -0.130828E-10  -0.102906E-11
   0.875000E+04  -0.821548E-11  -0.210166E-10  -0.295290E-11
   0.875100E+04  -0.748577E-11  -0.186312E-10  -0.226865E-11
   0.875200E+04  -0.470987E-11  -0.981282E-11   0.260379E-13
   0.875300E+04  -0.388973E-11  -0.718532E-11   0.704598E-12
   0.875400E+04  -0.618927E-11  -0.144906E-10  -0.118689E-11
   0.875500E+04  -0.830531E-11  -0.213531E-10  -0.299606E-11
   0.875600E+04  -0.707318E-11  -0.177464E-10  -0.216245E-11
   0.875700E+04  -0.388247E-11  -0.798278E-11   0.209501E-12
   0.875800E+04  -0.273856E-11  -0.469762E-11   0.889301E-12
   0.875900E+04  -0.467227E-11  -0.112137E-10  -0.972459E-12
   0.876000E+04  -0.629995E-11  -0.168962E-10  -0.265670E-11
   0.876100E+04  -0.454674E-11  -0.119918E-10  -0.166804E-11
   0.876200E+04  -0.941799E-12  -0.124498E-11   0.782357E-12
   0.876300E+04   0.512302E-12   0.272041E-11   0.146450E-11
   0.876400E+04  -0.107659E-11  -0.297945E-11  -0.363895E-12
   0.876500E+04  -0.225328E-11  -0.747631E-11  -0.192106E-11
   0.876600E+04  -0.609053E-13  -0.137314E-11  -0.785488E-12
   0.876700E+04   0.379370E-11   0.100420E-10   0.171662E-11
   0.876800E+04   0.528076E-11   0.140684E-10   0.235129E-11
   0.876900E+04   0.363969E-11   0.823748E-11   0.482343E-12
   0.877000E+04   0.241658E-11   0.370130E-11  -0.104375E-11
   0.877100E+04   0.448666E-11   0.959898E-11   0.126342E-12
   0.877200E+04   0.800332E-11   0.202030E-10   0.256046E-11
   0.877300E+04   0.893927E-11   0.228182E-10   0.302980E-11
   0.877400E+04   0.669108E-11   0.154611E-10   0.101069E-11
   0.877500E+04   0.492836E-11   0.965641E-11  -0.580694E-12
   0.877600E+04   0.648629E-11   0.143994E-10   0.547820E-12
   0.877700E+04   0.941098E-11   0.236124E-10   0.286606E-11
   0.877800E+04   0.967486E-11   0.245944E-10   0.315205E-11
   0.877900E+04   0.678581E-11   0.157122E-10   0.984582E-12
   0.878000E+04   0.447348E-11   0.867622E-11  -0.667532E-12
   0.878100E+04   0.549306E-11   0.122204E-10   0.415290E-12
   0.878200E+04   0.778950E-11   0.199352E-10   0.260723E-11
   0.878300E+04   0.737242E-11   0.192261E-10   0.270470E-11
   0.878400E+04   0.389422E-11   0.890994E-11   0.397644E-12
   0.878500E+04   0.114988E-11   0.901763E-12  -0.129319E-11
   0.878600E+04   0.179713E-11   0.362479E-11  -0.226720E-12
   0.878700E+04   0.366018E-11   0.102808E-10   0.187203E-11
   0.878800E+04   0.277761E-11   0.835695E-11   0.181844E-11
   0.878900E+04  -0.105162E-11  -0.287471E-11  -0.585406E-12
   0.879000E+04  -0.395980E-11  -0.112731E-10  -0.226735E-11
   0.879100E+04  -0.337321E-11  -0.868351E-11  -0.116338E-11
   0.879200E+04  -0.156690E-11  -0.222474E-11   0.908782E-12
   0.879300E+04  -0.245146E-11  -0.425898E-11   0.791622E-12
   0.879400E+04  -0.607637E-11  -0.150403E-10  -0.159870E-11
   0.879500E+04  -0.852601E-11  -0.222706E-10  -0.314639E-11
   0.879600E+04  -0.736113E-11  -0.182058E-10  -0.187773E-11
   0.879700E+04  -0.501160E-11  -0.104384E-10   0.285801E-12
   0.879800E+04  -0.537492E-11  -0.112799E-10   0.208419E-12
   0.879900E+04  -0.835850E-11  -0.205304E-10  -0.208077E-11
   0.880000E+04  -0.998833E-11  -0.256996E-10  -0.342183E-11
   0.880100E+04  -0.794958E-11  -0.194207E-10  -0.193051E-11
   0.880200E+04  -0.483618E-11  -0.978327E-11   0.367335E-12
   0.880300E+04  -0.456401E-11  -0.913631E-11   0.353140E-12
   0.880400E+04  -0.693447E-11  -0.169310E-10  -0.183912E-11
   0.880500E+04  -0.792910E-11  -0.205300E-10  -0.301140E-11
   0.880600E+04  -0.533597E-11  -0.128878E-10  -0.136618E-11
   0.880700E+04  -0.186781E-11  -0.246489E-11   0.977704E-12
   0.880800E+04  -0.141506E-11  -0.152366E-11   0.931355E-12
   0.880900E+04  -0.364436E-11  -0.908655E-11  -0.125978E-11
   0.881000E+04  -0.447029E-11  -0.123085E-10  -0.235709E-11
   0.881100E+04  -0.175175E-11  -0.437826E-11  -0.644561E-12
   0.881200E+04   0.171824E-11   0.597962E-11   0.167588E-11
   0.881300E+04   0.209465E-11   0.664275E-11   0.155185E-11
   0.881400E+04  -0.174698E-12  -0.104501E-11  -0.664582E-12
   0.881500E+04  -0.989294E-12  -0.418549E-11  -0.170909E-11
   0.881600E+04   0.167328E-11   0.365619E-11   0.398470E-13
   0.881700E+04   0.492757E-11   0.134547E-10   0.229575E-11
   0.881800E+04   0.499791E-11   0.132977E-10   0.205085E-11
   0.881900E+04   0.248047E-11   0.499490E-11  -0.228141E-12
   0.882000E+04   0.150876E-11   0.155124E-11  -0.124934E-11
   0.882100E+04   0.398308E-11   0.901704E-11   0.512052E-12
   0.882200E+04   0.691150E-11   0.180264E-10   0.268338E-11
   0.882300E+04   0.657409E-11   0.168360E-10   0.230072E-11
   0.882400E+04   0.370555E-11   0.768927E-11  -0.571966E-13
   0.882500E+04   0.246746E-11   0.367969E-11  -0.107493E-11
   0.882600E+04   0.464201E-11   0.104833E-10   0.674938E-12
   0.882700E+04   0.714767E-11   0.184444E-10   0.273925E-11
   0.882800E+04   0.634651E-11   0.160677E-10   0.220672E-11
   0.882900E+04   0.313602E-11   0.610102E-11  -0.226373E-12
   0.883000E+04   0.171580E-11   0.175351E-11  -0.122144E-11
   0.883100E+04   0.373976E-11   0.829614E-11   0.547680E-12
   0.883200E+04   0.600949E-11   0.157057E-10   0.254279E-11
   0.883300E+04   0.493612E-11   0.126430E-10   0.190036E-11
   0.883400E+04   0.155729E-11   0.229876E-11  -0.570877E-12
   0.883500E+04   0.110013E-12  -0.200074E-11  -0.151162E-11
   0.883600E+04   0.213735E-11   0.466450E-11   0.306012E-12
   0.883700E+04   0.433838E-11   0.119495E-10   0.226424E-11
   0.883800E+04   0.316141E-11   0.863938E-11   0.154715E-11
   0.883900E+04  -0.256359E-12  -0.175047E-11  -0.933841E-12
   0.884000E+04  -0.168457E-11  -0.590759E-11  -0.181180E-11
   0.884100E+04   0.294877E-12   0.692412E-12   0.380132E-13
   0.884200E+04   0.230686E-11   0.746265E-11   0.192645E-11
   0.884300E+04   0.890248E-12   0.346700E-11   0.109994E-11
   0.884400E+04  -0.266793E-11  -0.730984E-11  -0.141626E-11
   0.884500E+04  -0.411189E-11  -0.114778E-10  -0.224292E-11
   0.884600E+04  -0.213198E-11  -0.486159E-11  -0.355916E-12
   0.884700E+04  -0.171609E-12   0.172754E-11   0.148753E-11
   0.884800E+04  -0.161051E-11  -0.239347E-11   0.596532E-12
   0.884900E+04  -0.504276E-11  -0.128597E-10  -0.189738E-11
   0.885000E+04  -0.623377E-11  -0.163392E-10  -0.261617E-11
   0.885100E+04  -0.402437E-11  -0.912744E-11  -0.647197E-12
   0.885200E+04  -0.194503E-11  -0.231324E-11   0.118196E-11
   0.885300E+04  -0.328714E-11  -0.630415E-11   0.247184E-12
   0.885400E+04  -0.650582E-11  -0.162940E-10  -0.220942E-11
   0.885500E+04  -0.736792E-11  -0.189484E-10  -0.280881E-11
   0.885600E+04  -0.485152E-11  -0.109922E-10  -0.747537E-12
   0.885700E+04  -0.256908E-11  -0.377389E-11   0.107994E-11
   0.885800E+04  -0.372888E-11  -0.744022E-11   0.117349E-12
   0.885900E+04  -0.666221E-11  -0.167900E-10  -0.228699E-11
   0.886000E+04  -0.715488E-11  -0.185411E-10  -0.276007E-11
   0.886100E+04  -0.432937E-11  -0.986901E-11  -0.610318E-12
   0.886200E+04  -0.186890E-11  -0.234811E-11   0.120574E-11
   0.886300E+04  -0.287272E-11  -0.578598E-11   0.208177E-12
   0.886400E+04  -0.552012E-11  -0.145035E-10  -0.214260E-11
   0.886500E+04  -0.559803E-11  -0.152190E-10  -0.247820E-11
   0.886600E+04  -0.237393E-11  -0.556140E-11  -0.219985E-12
   0.886700E+04   0.376534E-12   0.260707E-11   0.161062E-11
   0.886800E+04  -0.373982E-12  -0.288622E-12   0.603725E-12
   0.886900E+04  -0.268862E-11  -0.819422E-11  -0.167724E-11
   0.887000E+04  -0.236883E-11  -0.786579E-11  -0.187414E-11
   0.887100E+04   0.119058E-11   0.266906E-11   0.482313E-12
   0.887200E+04   0.415359E-11   0.113578E-10   0.231586E-11
   0.887300E+04   0.357861E-11   0.890127E-11   0.129222E-11
   0.887400E+04   0.149360E-11   0.165595E-11  -0.928895E-12
   0.887500E+04   0.203068E-11   0.267419E-11  -0.101461E-11
   0.887600E+04   0.562482E-11   0.134009E-10   0.138401E-11
   0.887700E+04   0.837492E-11   0.215755E-10   0.313670E-11
   0.887800E+04   0.745915E-11   0.182695E-10   0.199442E-11
   0.887900E+04   0.504669E-11   0.102812E-10  -0.276671E-12
   0.888000E+04   0.524635E-11   0.105902E-10  -0.362182E-12
   0.888100E+04   0.835148E-11   0.201912E-10   0.197201E-11
   0.888200E+04   0.104155E-10   0.266684E-10   0.354815E-11
   0.888300E+04   0.875335E-11   0.215077E-10   0.220803E-11
   0.888400E+04   0.568946E-11   0.119848E-10  -0.174084E-12
   0.888500E+04   0.531633E-11   0.110204E-10  -0.303822E-12
   0.888600E+04   0.778154E-11   0.191433E-10   0.193631E-11
   0.888700E+04   0.907750E-11   0.237353E-10   0.331968E-11
   0.888800E+04   0.663431E-11   0.166343E-10   0.177581E-11
   0.888900E+04   0.291614E-11   0.554706E-11  -0.717752E-12
   0.889000E+04   0.200082E-11   0.334016E-11  -0.889011E-12
   0.889100E+04   0.390988E-11   0.101350E-10   0.126718E-11
   0.889200E+04   0.459809E-11   0.131824E-10   0.248344E-11
   0.889300E+04   0.161868E-11   0.469847E-11   0.781063E-12
   0.889400E+04  -0.243812E-11  -0.721694E-11  -0.176346E-11
   0.889500E+04  -0.353070E-11  -0.981328E-11  -0.190813E-11
   0.889600E+04  -0.177313E-11  -0.340264E-11   0.237396E-12
   0.889700E+04  -0.123941E-11  -0.835480E-12   0.136985E-11
   0.889800E+04  -0.423804E-11  -0.946790E-11  -0.391928E-12
   0.889900E+04  -0.804897E-11  -0.207898E-10  -0.287245E-11
   0.890000E+04  -0.868208E-11  -0.222042E-10  -0.286535E-11
   0.890100E+04  -0.641686E-11  -0.145360E-10  -0.601634E-12
   0.890200E+04  -0.539310E-11  -0.108377E-10   0.573979E-12
   0.890300E+04  -0.782056E-11  -0.181482E-10  -0.112912E-11
   0.890400E+04  -0.108848E-10  -0.276469E-10  -0.344590E-11
   0.890500E+04  -0.106657E-10  -0.269403E-10  -0.321225E-11
   0.890600E+04  -0.759913E-11  -0.173332E-10  -0.778077E-12
   0.890700E+04  -0.585946E-11  -0.119814E-10   0.480966E-12
   0.890800E+04  -0.752749E-11  -0.175124E-10  -0.112596E-11
   0.890900E+04  -0.969094E-11  -0.247835E-10  -0.324484E-11
   0.891000E+04  -0.853052E-11  -0.216959E-10  -0.276376E-11
   0.891100E+04  -0.468605E-11  -0.101740E-10  -0.162773E-12
   0.891200E+04  -0.240095E-11  -0.357869E-11   0.114596E-11
   0.891300E+04  -0.362803E-11  -0.813108E-11  -0.427404E-12
   0.891400E+04  -0.532468E-11  -0.142772E-10  -0.243433E-11
   0.891500E+04  -0.372475E-11  -0.100807E-10  -0.180717E-11
   0.891600E+04   0.367741E-12   0.202402E-11   0.852680E-12
   0.891700E+04   0.265963E-11   0.852345E-11   0.210333E-11
   0.891800E+04   0.133118E-11   0.361242E-11   0.458271E-12
   0.891900E+04  -0.435767E-12  -0.272461E-11  -0.153958E-11
   0.892000E+04   0.109664E-11   0.135059E-11  -0.864272E-12
   0.892100E+04   0.499300E-11   0.129828E-10   0.176863E-11
   0.892200E+04   0.692732E-11   0.185508E-10   0.289377E-11
   0.892300E+04   0.519790E-11   0.126189E-10   0.112575E-11
   0.892400E+04   0.308907E-11   0.549244E-11  -0.908705E-12
   0.892500E+04   0.428270E-11   0.882834E-11  -0.234535E-12
   0.892600E+04   0.771590E-11   0.193607E-10   0.231956E-11
   0.892700E+04   0.905882E-11   0.234454E-10   0.327425E-11
   0.892800E+04   0.675305E-11   0.160907E-10   0.135259E-11
   0.892900E+04   0.418513E-11   0.792174E-11  -0.736753E-12
   0.893000E+04   0.495881E-11   0.103487E-10  -0.773910E-13
   0.893100E+04   0.786217E-11   0.196313E-10   0.238407E-11
   0.893200E+04   0.855841E-11   0.220929E-10   0.315621E-11
   0.893300E+04   0.564829E-11   0.132310E-10   0.107554E-11
   0.893400E+04   0.264372E-11   0.405720E-11  -0.106394E-11
   0.893500E+04   0.308984E-11   0.579241E-11  -0.402405E-12
   0.893600E+04   0.563503E-11   0.142524E-10   0.199845E-11
   0.893700E+04   0.593006E-11   0.157157E-10   0.263690E-11
   0.893800E+04   0.271159E-11   0.610296E-11   0.458876E-12
   0.893900E+04  -0.418863E-12  -0.329217E-11  -0.166659E-11
   0.894000E+04  -0.757393E-14  -0.153255E-11  -0.946263E-12
   0.894100E+04   0.244184E-11   0.672174E-11   0.144102E-11
   0.894200E+04   0.258146E-11   0.775074E-11   0.198973E-11
   0.894300E+04  -0.688238E-12  -0.201436E-11  -0.236633E-12
   0.894400E+04  -0.365591E-11  -0.109358E-10  -0.229106E-11
   0.894500E+04  -0.296351E-11  -0.837099E-11  -0.145015E-11
   0.894600E+04  -0.296349E-12   0.460573E-12   0.983992E-12
   0.894700E+04  -0.401910E-13   0.173021E-11   0.149596E-11
   0.894800E+04  -0.315590E-11  -0.769176E-11  -0.737757E-12
   0.894900E+04  -0.581852E-11  -0.158135E-10  -0.269354E-11
   0.895000E+04  -0.473998E-11  -0.122138E-10  -0.171438E-11
   0.895100E+04  -0.176607E-11  -0.261071E-11   0.779969E-12
   0.895200E+04  -0.132786E-11  -0.961159E-12   0.126544E-11
   0.895300E+04  -0.428037E-11  -0.100496E-10  -0.974956E-12
   0.895400E+04  -0.671036E-11  -0.176046E-10  -0.284909E-11
   0.895500E+04  -0.538381E-11  -0.133843E-10  -0.176529E-11
   0.895600E+04  -0.225075E-11  -0.344473E-11   0.752565E-12
   0.895700E+04  -0.173007E-11  -0.170625E-11   0.118775E-11
   0.895800E+04  -0.455536E-11  -0.105636E-10  -0.106579E-11
   0.895900E+04  -0.675799E-11  -0.175629E-10  -0.285741E-11
   0.896000E+04  -0.520482E-11  -0.127794E-10  -0.167410E-11
   0.896100E+04  -0.196942E-11  -0.266508E-11   0.852385E-12
   0.896200E+04  -0.143985E-11  -0.105030E-11   0.121970E-11
   0.896300E+04  -0.419593E-11  -0.984593E-11  -0.105886E-11
   0.896400E+04  -0.619758E-11  -0.163683E-10  -0.277266E-11
   0.896500E+04  -0.442109E-11  -0.110330E-10  -0.149141E-11
   0.896600E+04  -0.108201E-11  -0.739554E-12   0.104206E-11
   0.896700E+04  -0.548338E-12   0.741150E-12   0.134018E-11
   0.896800E+04  -0.324327E-11  -0.801119E-11  -0.963162E-12
   0.896900E+04  -0.504416E-11  -0.140528E-10  -0.259728E-11
   0.897000E+04  -0.302425E-11  -0.810351E-11  -0.121393E-11
   0.897100E+04   0.467525E-12   0.251725E-11   0.133632E-11
   0.897200E+04   0.108407E-11   0.410444E-11   0.158395E-11
   0.897300E+04  -0.145107E-11  -0.429895E-11  -0.718059E-12
   0.897400E+04  -0.295177E-11  -0.954602E-11  -0.224594E-11
   0.897500E+04  -0.610049E-12  -0.272600E-11  -0.740798E-12
   0.897600E+04   0.307517E-11   0.837513E-11   0.183640E-11
   0.897700E+04   0.377162E-11   0.101047E-10   0.203597E-11
   0.897800E+04   0.135588E-11   0.199188E-11  -0.267623E-12
   0.897900E+04   0.939266E-13  -0.256324E-11  -0.169597E-11
   0.898000E+04   0.269176E-11   0.503090E-11  -0.775465E-13
   0.898100E+04   0.650192E-11   0.165272E-10   0.251796E-11
   0.898200E+04   0.718217E-11   0.182546E-10   0.265782E-11
   0.898300E+04   0.471956E-11   0.101037E-10   0.328469E-12
   0.898400E+04   0.342683E-11   0.562749E-11  -0.104759E-11
   0.898500E+04   0.590877E-11   0.130947E-10   0.611493E-12
   0.898600E+04   0.940155E-11   0.238851E-10   0.313563E-11
   0.898700E+04   0.958867E-11   0.244081E-10   0.311975E-11
   0.898800E+04   0.658334E-11   0.149566E-10   0.665927E-12
   0.898900E+04   0.474676E-11   0.923600E-11  -0.761878E-12
   0.899000E+04   0.659893E-11   0.152334E-10   0.829861E-12
   0.899100E+04   0.930721E-11   0.240879E-10   0.318266E-11
   0.899200E+04   0.864175E-11   0.224621E-10   0.293566E-11
   0.899300E+04   0.487797E-11   0.111513E-10   0.314831E-12
   0.899400E+04   0.241582E-11   0.398026E-11  -0.117966E-11
   0.899500E+04   0.364956E-11   0.853215E-11   0.345719E-12
   0.899600E+04   0.564047E-11   0.155952E-10   0.253674E-11
   0.899700E+04   0.423522E-11   0.120550E-10   0.207712E-11
   0.899800E+04  -0.112905E-12  -0.744045E-12  -0.679374E-12
   0.899900E+04  -0.294055E-11  -0.878332E-11  -0.219304E-11
   0.900000E+04  -0.196059E-11  -0.482432E-11  -0.667377E-12
   0.900100E+04  -0.213301E-12   0.159073E-11   0.145085E-11
   0.900200E+04  -0.178872E-11  -0.246109E-11   0.890159E-12
   0.900300E+04  -0.608680E-11  -0.151722E-10  -0.187463E-11
   0.900400E+04  -0.862263E-11  -0.224478E-10  -0.327640E-11
   0.900500E+04  -0.725511E-11  -0.175020E-10  -0.162597E-11
   0.900600E+04  -0.515037E-11  -0.102704E-10   0.533996E-12
   0.900700E+04  -0.634293E-11  -0.134989E-10  -0.215953E-13
   0.900800E+04  -0.100839E-10  -0.249046E-10  -0.269589E-11
   0.900900E+04  -0.118629E-10  -0.303025E-10  -0.389595E-11
   0.901000E+04  -0.968484E-11  -0.233565E-10  -0.204139E-11
   0.901100E+04  -0.684882E-11  -0.144127E-10   0.229635E-12
   0.901200E+04  -0.734754E-11  -0.160756E-10  -0.261744E-12
   0.901300E+04  -0.102962E-10  -0.256210E-10  -0.279948E-11
   0.901400E+04  -0.111584E-10  -0.287695E-10  -0.376722E-11
   0.901500E+04  -0.806580E-11  -0.195755E-10  -0.169015E-11
   0.901600E+04  -0.442517E-11  -0.871834E-11   0.706056E-12
   0.901700E+04  -0.418231E-11  -0.864222E-11   0.292958E-12
   0.901800E+04  -0.634534E-11  -0.162647E-10  -0.210103E-11
   0.901900E+04  -0.640088E-11  -0.173560E-10  -0.285049E-11
   0.902000E+04  -0.264414E-11  -0.647314E-11  -0.596649E-12
   0.902100E+04   0.140542E-11   0.535317E-11   0.184773E-11
   0.902200E+04   0.186987E-11   0.589474E-11   0.141174E-11
   0.902300E+04  -0.126453E-12  -0.133993E-11  -0.958723E-12
   0.902400E+04  -0.727638E-13  -0.211910E-11  -0.162785E-11
   0.902500E+04   0.359770E-11   0.856543E-11   0.651045E-12
   0.902600E+04   0.729733E-11   0.194543E-10   0.298991E-11
   0.902700E+04   0.727417E-11   0.186979E-10   0.239094E-11
   0.902800E+04   0.483350E-11   0.103645E-10  -0.722214E-13
   0.902900E+04   0.450076E-11   0.873051E-11  -0.752816E-12
   0.903000E+04   0.768852E-11   0.183164E-10   0.147821E-11
   0.903100E+04   0.107077E-10   0.275329E-10   0.365141E-11
   0.903200E+04   0.990231E-11   0.248183E-10   0.283739E-11
   0.903300E+04   0.674533E-11   0.147579E-10   0.233644E-12
   0.903400E+04   0.578325E-11   0.116889E-10  -0.503721E-12
   0.903500E+04   0.829540E-11   0.197051E-10   0.164038E-11
   0.903600E+04   0.105149E-10   0.269598E-10   0.362306E-11
   0.903700E+04   0.889552E-11   0.222218E-10   0.258927E-11
   0.903800E+04   0.507490E-11   0.105856E-10  -0.140905E-12
   0.903900E+04   0.360562E-11   0.640353E-11  -0.908543E-12
   0.904000E+04   0.561669E-11   0.132923E-10   0.118228E-11
   0.904100E+04   0.725117E-11   0.191136E-10   0.301471E-11
   0.904200E+04   0.506461E-11   0.129481E-10   0.180901E-11
   0.904300E+04   0.854858E-12   0.389070E-12  -0.993593E-12
   0.904400E+04  -0.818449E-12  -0.419048E-11  -0.173383E-11
   0.904500E+04   0.103091E-11   0.237313E-11   0.365921E-12
   0.904600E+04   0.246200E-11   0.767045E-11   0.211870E-11
   0.904700E+04   0.124540E-12   0.107368E-11   0.820929E-12
   0.904800E+04  -0.404712E-11  -0.113913E-10  -0.197116E-11
   0.904900E+04  -0.550905E-11  -0.153942E-10  -0.260589E-11
   0.905000E+04  -0.341635E-11  -0.821395E-11  -0.424061E-12
   0.905100E+04  -0.176272E-11  -0.243142E-11   0.132758E-11
   0.905200E+04  -0.376701E-11  -0.826560E-11   0.333755E-13
   0.905300E+04  -0.735095E-11  -0.192308E-10  -0.263412E-11
   0.905400E+04  -0.802848E-11  -0.211584E-10  -0.304326E-11
   0.905500E+04  -0.517563E-11  -0.119974E-10  -0.672366E-12
   0.905600E+04  -0.292242E-11  -0.473919E-11   0.115536E-11
   0.905700E+04  -0.441162E-11  -0.935227E-11  -0.981156E-13
   0.905800E+04  -0.743360E-11  -0.189285E-10  -0.264786E-11
   0.905900E+04  -0.753379E-11  -0.193873E-10  -0.287931E-11
   0.906000E+04  -0.425867E-11  -0.920517E-11  -0.397668E-12
   0.906100E+04  -0.181678E-11  -0.161772E-11   0.141308E-11
   0.906200E+04  -0.322172E-11  -0.619125E-11   0.106913E-12
   0.906300E+04  -0.608894E-11  -0.154733E-10  -0.241020E-11
   0.906400E+04  -0.596233E-11  -0.153828E-10  -0.253663E-11
   0.906500E+04  -0.254003E-11  -0.487534E-11  -0.134561E-14
   0.906600E+04  -0.111934E-12   0.255510E-11   0.175228E-11
   0.906700E+04  -0.158890E-11  -0.233662E-11   0.365940E-12
   0.906800E+04  -0.444837E-11  -0.116653E-10  -0.214347E-11
   0.906900E+04  -0.425571E-11  -0.114187E-10  -0.219575E-11
   0.907000E+04  -0.852665E-12  -0.100883E-11   0.357649E-12
   0.907100E+04   0.142262E-11   0.591178E-11   0.202448E-11
   0.907200E+04  -0.205104E-12   0.518137E-12   0.544246E-12
   0.907300E+04  -0.306539E-11  -0.884137E-11  -0.195407E-11
   0.907400E+04  -0.276125E-11  -0.827118E-11  -0.191840E-11
   0.907500E+04   0.693768E-12   0.227845E-11   0.670189E-12
   0.907600E+04   0.288825E-11   0.892357E-11   0.226743E-11
   0.907700E+04   0.116729E-11   0.321581E-11   0.709241E-12
   0.907800E+04  -0.165526E-11  -0.604567E-11  -0.176564E-11
   0.907900E+04  -0.121258E-11  -0.505911E-11  -0.163439E-11
   0.908000E+04   0.232762E-11   0.574037E-11   0.996241E-12
   0.908100E+04   0.449783E-11   0.122905E-10   0.253683E-11
   0.908200E+04   0.276444E-11   0.652354E-11   0.922054E-12
   0.908300E+04   0.629731E-13  -0.237484E-11  -0.150618E-11
   0.908400E+04   0.698403E-12  -0.789861E-12  -0.126462E-11
   0.908500E+04   0.433148E-11   0.103100E-10   0.141008E-11
   0.908600E+04   0.645061E-11   0.167243E-10   0.288932E-11
   0.908700E+04   0.467691E-11   0.108687E-10   0.121672E-11
   0.908800E+04   0.209648E-11   0.240200E-11  -0.115725E-11
   0.908900E+04   0.295109E-11   0.474810E-11  -0.792096E-12
   0.909000E+04   0.669006E-11   0.162885E-10   0.193609E-11
   0.909100E+04   0.869379E-11   0.224981E-10   0.334735E-11
   0.909200E+04   0.668062E-11   0.161068E-10   0.158262E-11
   0.909300E+04   0.386591E-11   0.717946E-11  -0.806044E-12
   0.909400E+04   0.445445E-11   0.901858E-11  -0.418265E-12
   0.909500E+04   0.774255E-11   0.195193E-10   0.224342E-11
   0.909600E+04   0.906351E-11   0.240051E-10   0.346434E-11
   0.909700E+04   0.627592E-11   0.156408E-10   0.149415E-11
   0.909800E+04   0.275324E-11   0.497511E-11  -0.100900E-11
   0.909900E+04   0.269466E-11   0.527207E-11  -0.681055E-12
   0.910000E+04   0.528231E-11   0.140462E-10   0.185740E-11
   0.910100E+04   0.583081E-11   0.165467E-10   0.286599E-11
   0.910200E+04   0.233472E-11   0.635815E-11   0.703590E-12
   0.910300E+04  -0.171009E-11  -0.559243E-11  -0.187584E-11
   0.910400E+04  -0.214818E-11  -0.619056E-11  -0.155628E-11
   0.910500E+04   0.774584E-13   0.166832E-11   0.921409E-12
   0.910600E+04   0.279679E-12   0.321480E-11   0.179846E-11
   0.910700E+04  -0.339439E-11  -0.749029E-11  -0.450827E-12
   0.910800E+04  -0.733931E-11  -0.191703E-10  -0.298078E-11
   0.910900E+04  -0.748903E-11  -0.189845E-10  -0.253613E-11
   0.911000E+04  -0.496899E-11  -0.103977E-10   0.949415E-14
   0.911100E+04  -0.451315E-11  -0.832328E-11   0.871823E-12
   0.911200E+04  -0.784456E-11  -0.182868E-10  -0.136284E-11
   0.911300E+04  -0.112505E-10  -0.286661E-10  -0.375946E-11
   0.911400E+04  -0.107408E-10  -0.268516E-10  -0.312279E-11
   0.911500E+04  -0.759887E-11  -0.168000E-10  -0.452813E-12
   0.911600E+04  -0.657972E-11  -0.134879E-10   0.450144E-12
   0.911700E+04  -0.926358E-11  -0.219865E-10  -0.171089E-11
   0.911800E+04  -0.118388E-10  -0.303535E-10  -0.391558E-11
   0.911900E+04  -0.104160E-10  -0.262845E-10  -0.303739E-11
   0.912000E+04  -0.646154E-11  -0.143000E-10  -0.207956E-12
   0.912100E+04  -0.476029E-11  -0.945899E-11   0.757744E-12
   0.912200E+04  -0.673484E-11  -0.163293E-10  -0.131520E-11
   0.912300E+04  -0.844560E-11  -0.225602E-10  -0.331616E-11
   0.912400E+04  -0.608223E-11  -0.160874E-10  -0.218481E-11
   0.912500E+04  -0.130525E-11  -0.202550E-11   0.813651E-12
   0.912600E+04   0.101757E-11   0.432906E-11   0.184020E-11
   0.912700E+04  -0.455659E-12  -0.131251E-11  -0.174640E-12
   0.912800E+04  -0.171404E-11  -0.636037E-11  -0.204573E-11
   0.912900E+04   0.974232E-12   0.100353E-11  -0.782055E-12
   0.913000E+04   0.581246E-11   0.152312E-10   0.223103E-11
   0.913100E+04   0.792629E-11   0.210052E-10   0.315077E-11
   0.913200E+04   0.610819E-11   0.144654E-10   0.102627E-11
   0.913300E+04   0.446308E-11   0.849949E-11  -0.880402E-12
   0.913400E+04   0.666260E-11   0.147239E-10   0.353430E-12
   0.913500E+04   0.108126E-10   0.272608E-10   0.323121E-11
   0.913600E+04   0.120826E-10   0.309092E-10   0.392045E-11
   0.913700E+04   0.942676E-11   0.223089E-10   0.159561E-11
   0.913800E+04   0.702628E-11   0.145864E-10  -0.411345E-12
   0.913900E+04   0.844644E-11   0.190171E-10   0.740160E-12
   0.914000E+04   0.116610E-10   0.292897E-10   0.343492E-11
   0.914100E+04   0.118871E-10   0.303306E-10   0.385455E-11
   0.914200E+04   0.827531E-11   0.193802E-10   0.130806E-11
   0.914300E+04   0.511862E-11   0.990847E-11  -0.796846E-12
   0.914400E+04   0.588594E-11   0.128816E-10   0.298446E-12
   0.914500E+04   0.839795E-11   0.214983E-10   0.285646E-11
   0.914600E+04   0.787841E-11   0.206974E-10   0.306684E-11
   0.914700E+04   0.363189E-11   0.819849E-11   0.364279E-12
   0.914800E+04   0.365540E-13  -0.226377E-11  -0.177646E-11
   0.914900E+04   0.464160E-12  -0.338902E-13  -0.681330E-12
   0.915000E+04   0.260460E-11   0.766574E-11   0.179644E-11
   0.915100E+04   0.171817E-11   0.587889E-11   0.186496E-11
   0.915200E+04  -0.271783E-11  -0.713667E-11  -0.909820E-12
   0.915300E+04  -0.624077E-11  -0.173815E-10  -0.298861E-11
   0.915400E+04  -0.559036E-11  -0.145511E-10  -0.178755E-11
   0.915500E+04  -0.322345E-11  -0.633128E-11   0.722115E-12
   0.915600E+04  -0.385254E-11  -0.759309E-11   0.768408E-12
   0.915700E+04  -0.782848E-11  -0.195344E-10  -0.195020E-11
   0.915800E+04  -0.106006E-10  -0.278715E-10  -0.383094E-11
   0.915900E+04  -0.902292E-11  -0.226499E-10  -0.238231E-11
   0.916000E+04  -0.572674E-11  -0.120888E-10   0.302060E-12
   0.916100E+04  -0.546317E-11  -0.111563E-10   0.458684E-12
   0.916200E+04  -0.850514E-11  -0.207730E-10  -0.210215E-11
   0.916300E+04  -0.102971E-10  -0.266117E-10  -0.373610E-11
   0.916400E+04  -0.783580E-11  -0.191522E-10  -0.205306E-11
   0.916500E+04  -0.388758E-11  -0.703563E-11   0.741164E-12
   0.916600E+04  -0.316602E-11  -0.510800E-11   0.912101E-12
   0.916700E+04  -0.580036E-11  -0.138256E-10  -0.160264E-11
   0.916800E+04  -0.719635E-11  -0.187252E-10  -0.311252E-11
   0.916900E+04  -0.447435E-11  -0.106734E-10  -0.132718E-11
   0.917000E+04  -0.502089E-12   0.135636E-11   0.144392E-11
   0.917100E+04   0.975604E-13   0.278576E-11   0.150997E-11
   0.917200E+04  -0.261381E-11  -0.624902E-11  -0.105345E-11
   0.917300E+04  -0.399074E-11  -0.111207E-10  -0.251010E-11
   0.917400E+04  -0.130196E-11  -0.315978E-11  -0.677744E-12
   0.917500E+04   0.244634E-11   0.821726E-11   0.202318E-11
   0.917600E+04   0.270160E-11   0.863941E-11   0.194368E-11
   0.917700E+04  -0.276540E-12  -0.114542E-11  -0.700802E-12
   0.917800E+04  -0.176763E-11  -0.627770E-11  -0.212574E-11
   0.917900E+04   0.831020E-12   0.150707E-11  -0.254269E-12
   0.918000E+04   0.437397E-11   0.123519E-10   0.238396E-11
   0.918100E+04   0.435379E-11   0.120241E-10   0.217932E-11
   0.918200E+04   0.118895E-11   0.177055E-11  -0.521686E-12
   0.918300E+04  -0.358530E-12  -0.341620E-11  -0.189702E-11
   0.918400E+04   0.217432E-11   0.428919E-11   0.200578E-13
   0.918500E+04   0.551564E-11   0.146280E-10   0.259549E-11
   0.918600E+04   0.522671E-11   0.135781E-10   0.226778E-11
   0.918700E+04   0.190347E-11   0.294246E-11  -0.480797E-12
   0.918800E+04   0.356963E-12  -0.213135E-11  -0.179186E-11
   0.918900E+04   0.290985E-11   0.574060E-11   0.189156E-12
   0.919000E+04   0.615824E-11   0.158816E-10   0.272423E-11
   0.919100E+04   0.572046E-11   0.144478E-10   0.230039E-11
   0.919200E+04   0.235472E-11   0.375580E-11  -0.467692E-12
   0.919300E+04   0.912973E-12  -0.913018E-12  -0.168995E-11
   0.919400E+04   0.358582E-11   0.741133E-11   0.376401E-12
   0.919500E+04   0.685394E-11   0.176878E-10   0.289558E-11
   0.919600E+04   0.639265E-11   0.162553E-10   0.240646E-11
   0.919700E+04   0.308555E-11   0.583943E-11  -0.352337E-12
   0.919800E+04   0.176149E-11   0.166815E-11  -0.147699E-11
   0.919900E+04   0.442408E-11   0.101354E-10   0.648777E-12
   0.920000E+04   0.742636E-11   0.197974E-10   0.309029E-11
   0.920100E+04   0.653444E-11   0.172709E-10   0.244873E-11
   0.920200E+04   0.281214E-11   0.584333E-11  -0.401253E-12
   0.920300E+04   0.111303E-11   0.821152E-12  -0.153463E-11
   0.920400E+04   0.328708E-11   0.811202E-11   0.543913E-12
   0.920500E+04   0.559026E-11   0.159527E-10   0.280946E-11
   0.920600E+04   0.391983E-11   0.113495E-10   0.193734E-11
   0.920700E+04  -0.431462E-12  -0.171213E-11  -0.105127E-11
   0.920800E+04  -0.254337E-11  -0.773156E-11  -0.220391E-11
   0.920900E+04  -0.703111E-12  -0.124241E-11  -0.144230E-12
   0.921000E+04   0.122835E-11   0.561623E-11   0.201022E-11
   0.921100E+04  -0.771984E-12   0.947417E-13   0.100012E-11
   0.921200E+04  -0.524514E-11  -0.133015E-10  -0.202143E-11
   0.921300E+04  -0.725257E-11  -0.190134E-10  -0.308847E-11
   0.921400E+04  -0.523837E-11  -0.120668E-10  -0.949093E-12
   0.921500E+04  -0.317886E-11  -0.496348E-11   0.118982E-11
   0.921600E+04  -0.501609E-11  -0.101963E-10   0.138114E-12
   0.921700E+04  -0.913920E-11  -0.227754E-10  -0.282249E-11
   0.921800E+04  -0.106162E-10  -0.271525E-10  -0.372119E-11
   0.921900E+04  -0.806548E-11  -0.188944E-10  -0.143581E-11
   0.922000E+04  -0.557764E-11  -0.108596E-10   0.740160E-12
   0.922100E+04  -0.699884E-11  -0.152384E-10  -0.307800E-12
   0.922200E+04  -0.105498E-10  -0.265065E-10  -0.316600E-11
   0.922300E+04  -0.112925E-10  -0.290888E-10  -0.385891E-11
   0.922400E+04  -0.800929E-11  -0.190608E-10  -0.139280E-11
   0.922500E+04  -0.489669E-11  -0.961103E-11   0.856776E-12
   0.922600E+04  -0.570620E-11  -0.126283E-10  -0.146495E-12
   0.922700E+04  -0.850599E-11  -0.220995E-10  -0.286132E-11
   0.922800E+04  -0.837591E-11  -0.224918E-10  -0.331610E-11
   0.922900E+04  -0.427863E-11  -0.104344E-10  -0.650335E-12
   0.923000E+04  -0.517291E-12   0.557812E-12   0.168109E-11
   0.923100E+04  -0.742358E-12  -0.107859E-11   0.724707E-12
   0.923200E+04  -0.287380E-11  -0.885180E-11  -0.185218E-11
   0.923300E+04  -0.203381E-11  -0.734318E-11  -0.209087E-11
   0.923400E+04   0.259744E-11   0.615375E-11   0.726021E-12
   0.923500E+04   0.657819E-11   0.177023E-10   0.305910E-11
   0.923600E+04   0.634818E-11   0.160290E-10   0.203750E-11
   0.923700E+04   0.415200E-11   0.814525E-11  -0.543157E-12
   0.923800E+04   0.486427E-11   0.945998E-11  -0.731841E-12
   0.923900E+04   0.913727E-11   0.221513E-10   0.205552E-11
   0.924000E+04   0.124376E-10   0.319887E-10   0.420786E-11
   0.924100E+04   0.113321E-10   0.280878E-10   0.294736E-11
   0.924200E+04   0.826137E-11   0.180606E-10   0.203375E-12
   0.924300E+04   0.813234E-11   0.173987E-10  -0.765526E-13
   0.924400E+04   0.114697E-10   0.278593E-10   0.256604E-11
   0.924500E+04   0.136780E-10   0.349983E-10   0.445742E-11
   0.924600E+04   0.114521E-10   0.283187E-10   0.291515E-11
   0.924700E+04   0.739937E-11   0.159446E-10  -0.589479E-14
   0.924800E+04   0.642062E-11   0.133361E-10  -0.374011E-12
   0.924900E+04   0.889040E-11   0.217637E-10   0.213763E-11
   0.925000E+04   0.101500E-10   0.265706E-10   0.379544E-11
   0.925100E+04   0.702731E-11   0.176673E-10   0.201643E-11
   0.925200E+04   0.229017E-11   0.367671E-11  -0.102128E-11
   0.925300E+04   0.814944E-12  -0.230708E-13  -0.140903E-11
   0.925400E+04   0.280791E-11   0.730182E-11   0.104368E-11
   0.925500E+04   0.353886E-11   0.107599E-10   0.254442E-11
   0.925600E+04  -0.322042E-13   0.669219E-12   0.612028E-12
   0.925700E+04  -0.497506E-11  -0.138412E-10  -0.245292E-11
   0.925800E+04  -0.643083E-11  -0.174514E-10  -0.276605E-11
   0.925900E+04  -0.434215E-11  -0.990126E-11  -0.268754E-12
   0.926000E+04  -0.348214E-11  -0.622540E-11   0.119787E-11
   0.926100E+04  -0.673985E-11  -0.156362E-10  -0.738305E-12
   0.926200E+04  -0.110365E-10  -0.285337E-10  -0.365847E-11
   0.926300E+04  -0.115839E-10  -0.298050E-10  -0.371763E-11
   0.926400E+04  -0.854929E-11  -0.198758E-10  -0.100643E-11
   0.926500E+04  -0.681813E-11  -0.141133E-10   0.573144E-12
   0.926600E+04  -0.916732E-11  -0.213612E-10  -0.124775E-11
   0.926700E+04  -0.123723E-10  -0.315478E-10  -0.393353E-11
   0.926800E+04  -0.116974E-10  -0.297105E-10  -0.367717E-11
   0.926900E+04  -0.752358E-11  -0.169248E-10  -0.716067E-12
   0.927000E+04  -0.486375E-11  -0.893209E-11   0.986479E-12
   0.927100E+04  -0.642030E-11  -0.143157E-10  -0.741633E-12
   0.927200E+04  -0.885340E-11  -0.226251E-10  -0.325712E-11
   0.927300E+04  -0.747166E-11  -0.190317E-10  -0.279278E-11
   0.927400E+04  -0.281731E-11  -0.511853E-11   0.278317E-12
   0.927500E+04   0.369645E-13   0.318789E-11   0.194967E-11
   0.927600E+04  -0.148721E-11  -0.229976E-11   0.158803E-12
   0.927700E+04  -0.391092E-11  -0.106914E-10  -0.234020E-11
   0.927800E+04  -0.256566E-11  -0.723957E-11  -0.181889E-11
   0.927900E+04   0.188755E-11   0.608029E-11   0.122306E-11
   0.928000E+04   0.437262E-11   0.133131E-10   0.275145E-11
   0.928100E+04   0.247093E-11   0.676548E-11   0.823237E-12
   0.928200E+04  -0.210462E-12  -0.227049E-11  -0.170158E-11
   0.928300E+04   0.925487E-12   0.725867E-12  -0.114803E-11
   0.928400E+04   0.504816E-11   0.132376E-10   0.184560E-11
   0.928500E+04   0.705377E-11   0.192113E-10   0.321497E-11
   0.928600E+04   0.468685E-11   0.114594E-10   0.113932E-11
   0.928700E+04   0.169505E-11   0.171420E-11  -0.141425E-11
   0.928800E+04   0.260907E-11   0.428706E-11  -0.825965E-12
   0.928900E+04   0.642261E-11   0.161051E-10   0.212627E-11
   0.929000E+04   0.799081E-11   0.209808E-10   0.334818E-11
   0.929100E+04   0.520542E-11   0.121862E-10   0.113944E-11
   0.929200E+04   0.194186E-11   0.185452E-11  -0.143095E-11
   0.929300E+04   0.266279E-11   0.408080E-11  -0.801966E-12
   0.929400E+04   0.620126E-11   0.152817E-10   0.211264E-11
   0.929500E+04   0.739923E-11   0.192212E-10   0.319869E-11
   0.929600E+04   0.432247E-11   0.971271E-11   0.884551E-12
   0.929700E+04   0.984859E-12  -0.678738E-12  -0.165852E-11
   0.929800E+04   0.176781E-11   0.188581E-11  -0.934463E-12
   0.929900E+04   0.530905E-11   0.132119E-10   0.199937E-11
   0.930000E+04   0.639251E-11   0.168885E-10   0.300200E-11
   0.930100E+04   0.322179E-11   0.717111E-11   0.624185E-12
   0.930200E+04  -0.594509E-13  -0.296339E-11  -0.186430E-11
   0.930300E+04   0.872133E-12   0.139193E-12  -0.102958E-11
   0.930400E+04   0.449253E-11   0.117745E-10   0.193588E-11
   0.930500E+04   0.553565E-11   0.153830E-10   0.286959E-11
   0.930600E+04   0.230621E-11   0.555588E-11   0.437801E-12
   0.930700E+04  -0.982704E-12  -0.449635E-11  -0.200779E-11
   0.930800E+04  -0.102256E-12  -0.141621E-11  -0.110742E-11
   0.930900E+04   0.328169E-11   0.963364E-11   0.181599E-11
   0.931000E+04   0.391761E-11   0.121275E-10   0.259627E-11
   0.931100E+04   0.279636E-12   0.118618E-11   0.320496E-13
   0.931200E+04  -0.330692E-11  -0.962670E-11  -0.243587E-11
   0.931300E+04  -0.268461E-11  -0.718728E-11  -0.151968E-11
   0.931400E+04   0.364532E-12   0.295569E-11   0.133362E-11
   0.931500E+04   0.636269E-12   0.440450E-11   0.196496E-11
   0.931600E+04  -0.320895E-11  -0.714136E-11  -0.689352E-12
   0.931700E+04  -0.675730E-11  -0.178345E-10  -0.310738E-11
   0.931800E+04  -0.598520E-11  -0.149653E-10  -0.209053E-11
   0.931900E+04  -0.286190E-11  -0.467225E-11   0.774529E-12
   0.932000E+04  -0.259094E-11  -0.335640E-11   0.132867E-11
   0.932100E+04  -0.633478E-11  -0.147628E-10  -0.135475E-11
   0.932200E+04  -0.957292E-11  -0.247036E-10  -0.367063E-11
   0.932300E+04  -0.838945E-11  -0.208020E-10  -0.250589E-11
   0.932400E+04  -0.492354E-11  -0.972953E-11   0.418611E-12
   0.932500E+04  -0.437886E-11  -0.788736E-11   0.947178E-12
   0.932600E+04  -0.775917E-11  -0.185168E-10  -0.171274E-11
   0.932700E+04  -0.104618E-10  -0.271630E-10  -0.388136E-11
   0.932800E+04  -0.869241E-11  -0.218246E-10  -0.253726E-11
   0.932900E+04  -0.475294E-11  -0.968358E-11   0.467231E-12
   0.933000E+04  -0.382241E-11  -0.706448E-11   0.989352E-12
   0.933100E+04  -0.671745E-11  -0.166177E-10  -0.162134E-11
   0.933200E+04  -0.873532E-11  -0.235675E-10  -0.360880E-11
   0.933300E+04  -0.620479E-11  -0.162935E-10  -0.204632E-11
   0.933400E+04  -0.161559E-11  -0.256126E-11   0.107750E-11
   0.933500E+04  -0.167734E-12   0.125047E-11   0.162568E-11
   0.933600E+04  -0.254030E-11  -0.705964E-11  -0.920507E-12
   0.933700E+04  -0.395574E-11  -0.124662E-10  -0.273713E-11
   0.933800E+04  -0.846618E-12  -0.367049E-11  -0.990098E-12
   0.933900E+04   0.416128E-11   0.111325E-10   0.220926E-11
   0.934000E+04   0.588763E-11   0.156311E-10   0.274276E-11
   0.934100E+04   0.377977E-11   0.804156E-11   0.221738E-12
   0.934200E+04   0.262867E-11   0.345728E-11  -0.147937E-11
   0.934300E+04   0.583156E-11   0.126562E-10   0.362465E-12
   0.934400E+04   0.106051E-10   0.269440E-10   0.350881E-11
   0.934500E+04   0.118235E-10   0.301684E-10   0.387100E-11
   0.934600E+04   0.912169E-11   0.211315E-10   0.120457E-11
   0.934700E+04   0.735582E-11   0.151347E-10  -0.557229E-12
   0.934800E+04   0.978738E-11   0.225265E-10   0.120236E-11
   0.934900E+04   0.135120E-10   0.342119E-10   0.412710E-11
   0.935000E+04   0.135134E-10   0.343513E-10   0.417334E-11
   0.935100E+04   0.967798E-11   0.225091E-10   0.125554E-11
   0.935200E+04   0.696914E-11   0.143091E-10  -0.628055E-12
   0.935300E+04   0.850905E-11   0.196539E-10   0.102932E-11
   0.935400E+04   0.112237E-10   0.289051E-10   0.374366E-11
   0.935500E+04   0.101382E-10   0.263385E-10   0.350391E-11
   0.935600E+04   0.533791E-11   0.121285E-10   0.371780E-12
   0.935700E+04   0.187979E-11   0.218158E-11  -0.159567E-11
   0.935800E+04   0.277096E-11   0.602734E-11   0.182644E-14
   0.935900E+04   0.480489E-11   0.135977E-10   0.256326E-11
   0.936000E+04   0.306702E-11   0.934624E-11   0.211843E-11
   0.936100E+04  -0.217287E-11  -0.597835E-11  -0.112615E-11
   0.936200E+04  -0.579691E-11  -0.162799E-10  -0.306509E-11
   0.936300E+04  -0.493569E-11  -0.124654E-10  -0.141194E-11
   0.936400E+04  -0.292322E-11  -0.501311E-11   0.111849E-11
   0.936500E+04  -0.459042E-11  -0.921599E-11   0.606203E-12
   0.936600E+04  -0.946650E-11  -0.236943E-10  -0.259264E-11
   0.936700E+04  -0.123828E-10  -0.321825E-10  -0.432902E-11
   0.936800E+04  -0.106465E-10  -0.261283E-10  -0.244080E-11
   0.936900E+04  -0.777761E-11  -0.165815E-10   0.232388E-12
   0.937000E+04  -0.858960E-11  -0.187665E-10  -0.190724E-12
   0.937100E+04  -0.124694E-10  -0.308378E-10  -0.321737E-11
   0.937200E+04  -0.142282E-10  -0.364453E-10  -0.466486E-11
   0.937300E+04  -0.113364E-10  -0.275326E-10  -0.249382E-11
   0.937400E+04  -0.744910E-11  -0.155643E-10   0.345681E-12
   0.937500E+04  -0.730716E-11  -0.155278E-10   0.278571E-13
   0.937600E+04  -0.101351E-10  -0.250495E-10  -0.281287E-11
   0.937700E+04  -0.107544E-10  -0.277837E-10  -0.397044E-11
   0.937800E+04  -0.685724E-11  -0.163447E-10  -0.154428E-11
   0.937900E+04  -0.228176E-11  -0.275698E-11   0.139555E-11
   0.938000E+04  -0.170666E-11  -0.180744E-11   0.107894E-11
   0.938100E+04  -0.416698E-11  -0.105239E-10  -0.171243E-11
   0.938200E+04  -0.444629E-11  -0.124355E-10  -0.274206E-11
   0.938300E+04  -0.406549E-12  -0.684370E-12  -0.238631E-12
   0.938400E+04   0.398186E-11   0.122865E-10   0.262112E-11
   0.938500E+04   0.415312E-11   0.120310E-10   0.213720E-11
   0.938600E+04   0.131286E-11   0.225982E-11  -0.750522E-12
   0.938700E+04   0.760051E-12  -0.311172E-12  -0.176880E-11
   0.938800E+04   0.448731E-11   0.107105E-10   0.727576E-12
   0.938900E+04   0.838143E-11   0.224275E-10   0.345453E-11
   0.939000E+04   0.794326E-11   0.205980E-10   0.277438E-11
   0.939100E+04   0.455814E-11   0.949091E-11  -0.229479E-12
   0.939200E+04   0.356599E-11   0.594329E-11  -0.126031E-11
   0.939300E+04   0.681427E-11   0.158821E-10   0.119924E-11
   0.939400E+04   0.100807E-10   0.260573E-10   0.376821E-11
   0.939500E+04   0.896693E-11   0.225357E-10   0.288270E-11
   0.939600E+04   0.504379E-11   0.101645E-10  -0.229158E-12
   0.939700E+04   0.366828E-11   0.583297E-11  -0.125599E-11
   0.939800E+04   0.651259E-11   0.149145E-10   0.118304E-11
   0.939900E+04   0.923240E-11   0.237685E-10   0.360941E-11
   0.940000E+04   0.753921E-11   0.187975E-10   0.253822E-11
   0.940100E+04   0.320875E-11   0.548515E-11  -0.653538E-12
   0.940200E+04   0.163273E-11   0.824919E-12  -0.163907E-11
   0.940300E+04   0.431642E-11   0.966333E-11   0.826555E-12
   0.940400E+04   0.678738E-11   0.179559E-10   0.316865E-11
   0.940500E+04   0.484193E-11   0.123714E-10   0.197883E-11
   0.940600E+04   0.420493E-12  -0.108643E-11  -0.122703E-11
   0.940700E+04  -0.108925E-11  -0.543232E-11  -0.211908E-11
   0.940800E+04   0.163644E-11   0.361343E-11   0.407070E-12
   0.940900E+04   0.401616E-11   0.116641E-10   0.268807E-11
   0.941000E+04   0.197080E-11   0.577800E-11   0.140484E-11
   0.941100E+04  -0.236160E-11  -0.742059E-11  -0.178048E-11
   0.941200E+04  -0.359343E-11  -0.109414E-10  -0.253739E-11
   0.941300E+04  -0.611717E-12  -0.115655E-11   0.898724E-13
   0.941400E+04   0.184529E-11   0.706627E-11   0.234077E-11
   0.941500E+04  -0.219027E-12   0.105184E-11   0.978623E-12
   0.941600E+04  -0.448238E-11  -0.119969E-10  -0.219244E-11
   0.941700E+04  -0.553364E-11  -0.150208E-10  -0.283960E-11
   0.941800E+04  -0.242346E-11  -0.490970E-11  -0.146248E-12
   0.941900E+04  -0.477555E-14   0.311009E-11   0.204243E-11
   0.942000E+04  -0.217559E-11  -0.332194E-11   0.578853E-12
   0.942100E+04  -0.643450E-11  -0.164395E-10  -0.259303E-11
   0.942200E+04  -0.734824E-11  -0.191216E-10  -0.314209E-11
   0.942300E+04  -0.411224E-11  -0.872463E-11  -0.387892E-12
   0.942400E+04  -0.166777E-11  -0.758843E-12   0.174847E-11
   0.942500E+04  -0.381106E-11  -0.726151E-11   0.211998E-12
   0.942600E+04  -0.789572E-11  -0.200028E-10  -0.292265E-11
   0.942700E+04  -0.851648E-11  -0.219468E-10  -0.334126E-11
   0.942800E+04  -0.504145E-11  -0.109970E-10  -0.507015E-12
   0.942900E+04  -0.248785E-11  -0.290925E-11   0.158901E-11
   0.943000E+04  -0.451490E-11  -0.929185E-11  -0.440598E-14
   0.943100E+04  -0.830611E-11  -0.213758E-10  -0.307702E-11
   0.943200E+04  -0.848640E-11  -0.222138E-10  -0.333528E-11
   0.943300E+04  -0.461705E-11  -0.103137E-10  -0.391437E-12
   0.943400E+04  -0.181052E-11  -0.173012E-11   0.169214E-11
   0.943500E+04  -0.359627E-11  -0.766206E-11   0.690701E-13
   0.943600E+04  -0.698483E-11  -0.187937E-10  -0.291554E-11
   0.943700E+04  -0.662466E-11  -0.182481E-10  -0.299079E-11
   0.943800E+04  -0.226528E-11  -0.512138E-11   0.825109E-13
   0.943900E+04   0.884202E-12   0.423349E-11   0.217371E-11
   0.944000E+04  -0.587091E-12  -0.100255E-11   0.541601E-12
   0.944100E+04  -0.353564E-11  -0.110221E-10  -0.233973E-11
   0.944200E+04  -0.265193E-11  -0.907517E-11  -0.223003E-11
   0.944300E+04   0.211654E-11   0.512452E-11   0.958316E-12
   0.944400E+04   0.546520E-11   0.149316E-10   0.302992E-11
   0.944500E+04   0.411151E-11   0.994046E-11   0.135392E-11
   0.944600E+04   0.136950E-11   0.501958E-12  -0.146393E-11
   0.944700E+04   0.252686E-11   0.329888E-11  -0.121270E-11
   0.944800E+04   0.745010E-11   0.180340E-10   0.204583E-11
   0.944900E+04   0.107241E-10   0.277236E-10   0.405100E-11
   0.945000E+04   0.914564E-11   0.222294E-10   0.227302E-11
   0.945100E+04   0.613994E-11   0.122663E-10  -0.566718E-12
   0.945200E+04   0.694682E-11   0.143662E-10  -0.296749E-12
   0.945300E+04   0.112822E-10   0.277426E-10   0.287884E-11
   0.945400E+04   0.137019E-10   0.353029E-10   0.465561E-11
   0.945500E+04   0.111631E-10   0.274053E-10   0.262554E-11
   0.945600E+04   0.724857E-11   0.152565E-10  -0.365956E-12
   0.945700E+04   0.716549E-11   0.152735E-10  -0.187399E-12
   0.945800E+04   0.104909E-10   0.262089E-10   0.281673E-11
   0.945900E+04   0.117741E-10   0.309220E-10   0.430636E-11
   0.946000E+04   0.815274E-11   0.203204E-10   0.200167E-11
   0.946100E+04   0.336040E-11   0.607834E-11  -0.113162E-11
   0.946200E+04   0.253728E-11   0.439531E-11  -0.101374E-11
   0.946300E+04   0.508195E-11   0.134466E-10   0.186096E-11
   0.946400E+04   0.551730E-11   0.159880E-10   0.311560E-11
   0.946500E+04   0.116688E-11   0.349676E-11   0.602428E-12
   0.946600E+04  -0.406415E-11  -0.118207E-10  -0.258938E-11
   0.946700E+04  -0.508174E-11  -0.139159E-10  -0.242974E-11
   0.946800E+04  -0.265365E-11  -0.514645E-11   0.440578E-12
   0.946900E+04  -0.228638E-11  -0.285852E-11   0.161134E-11
   0.947000E+04  -0.649453E-11  -0.150675E-10  -0.935977E-12
   0.947100E+04  -0.112474E-10  -0.291625E-10  -0.400103E-11
   0.947200E+04  -0.115550E-10  -0.294083E-10  -0.361972E-11
   0.947300E+04  -0.840446E-11  -0.188417E-10  -0.590823E-12
   0.947400E+04  -0.736776E-11  -0.150046E-10   0.638016E-12
   0.947500E+04  -0.108121E-10  -0.254372E-10  -0.182308E-11
   0.947600E+04  -0.145768E-10  -0.371066E-10  -0.466330E-11
   0.947700E+04  -0.137602E-10  -0.345431E-10  -0.398410E-11
   0.947800E+04  -0.955479E-11  -0.214189E-10  -0.738614E-12
   0.947900E+04  -0.759730E-11  -0.154661E-10   0.591952E-12
   0.948000E+04  -0.101210E-10  -0.237839E-10  -0.175444E-11
   0.948100E+04  -0.128446E-10  -0.329410E-10  -0.436067E-11
   0.948200E+04  -0.109391E-10  -0.276862E-10  -0.339324E-11
   0.948300E+04  -0.576507E-11  -0.122166E-10   0.494755E-13
   0.948400E+04  -0.299848E-11  -0.438016E-11   0.146215E-11
   0.948500E+04  -0.476133E-11  -0.109020E-10  -0.792968E-12
   0.948600E+04  -0.672024E-11  -0.181550E-10  -0.321105E-11
   0.948700E+04  -0.418520E-11  -0.113052E-10  -0.204279E-11
   0.948800E+04   0.130517E-11   0.488851E-11   0.146564E-11
   0.948900E+04   0.409244E-11   0.126219E-10   0.280098E-11
   0.949000E+04   0.225133E-11   0.578372E-11   0.470678E-12
   0.949100E+04   0.230576E-12  -0.162851E-11  -0.192127E-11
   0.949200E+04   0.260490E-11   0.486253E-11  -0.708115E-12
   0.949300E+04   0.766372E-11   0.199478E-10   0.271760E-11
   0.949400E+04   0.978381E-11   0.259108E-10   0.384178E-11
   0.949500E+04   0.726969E-11   0.173425E-10   0.132566E-11
   0.949600E+04   0.471345E-11   0.868325E-11  -0.112432E-11
   0.949700E+04   0.657600E-11   0.140514E-10   0.726456E-13
   0.949800E+04   0.109479E-10   0.275062E-10   0.337177E-11
   0.949900E+04   0.122030E-10   0.313078E-10   0.425273E-11
   0.950000E+04   0.884806E-11   0.206685E-10   0.152564E-11
   0.950100E+04   0.561519E-11   0.104594E-10  -0.100426E-11
   0.950200E+04   0.687091E-11   0.144961E-10   0.159333E-12
   0.950300E+04   0.105352E-10   0.262926E-10   0.332705E-11
   0.950400E+04   0.109971E-10   0.281441E-10   0.398063E-11
   0.950500E+04   0.696209E-11   0.158771E-10   0.107989E-11
   0.950600E+04   0.327902E-11   0.472654E-11  -0.147923E-11
   0.950700E+04   0.419115E-11   0.811856E-11  -0.294942E-12
   0.950800E+04   0.742404E-11   0.189527E-10   0.279419E-11
   0.950900E+04   0.736597E-11   0.195171E-10   0.327221E-11
   0.951000E+04   0.291234E-11   0.623284E-11   0.248342E-12
   0.951100E+04  -0.968216E-12  -0.529022E-11  -0.229264E-11
   0.951200E+04  -0.138606E-12  -0.196304E-11  -0.104230E-11
   0.951300E+04   0.295525E-11   0.856757E-11   0.201806E-11
   0.951400E+04   0.270850E-11   0.860693E-11   0.238027E-11
   0.951500E+04  -0.181380E-11  -0.488656E-11  -0.700386E-12
   0.951600E+04  -0.555675E-11  -0.160228E-10  -0.316081E-11
   0.951700E+04  -0.450121E-11  -0.120803E-10  -0.179124E-11
   0.951800E+04  -0.123511E-11  -0.115994E-11   0.129281E-11
   0.951900E+04  -0.130622E-11  -0.785938E-12   0.160685E-11
   0.952000E+04  -0.545655E-11  -0.133897E-10  -0.144092E-11
   0.952100E+04  -0.858046E-11  -0.229014E-10  -0.372007E-11
   0.952200E+04  -0.685764E-11  -0.172003E-10  -0.214099E-11
   0.952300E+04  -0.309764E-11  -0.506930E-11   0.102952E-11
   0.952400E+04  -0.282961E-11  -0.397160E-11   0.132561E-11
   0.952500E+04  -0.659448E-11  -0.157043E-10  -0.168871E-11
   0.952600E+04  -0.920410E-11  -0.239281E-10  -0.381155E-11
   0.952700E+04  -0.700607E-11  -0.170359E-10  -0.206933E-11
   0.952800E+04  -0.300856E-11  -0.442788E-11   0.112650E-11
   0.952900E+04  -0.269809E-11  -0.343773E-11   0.133775E-11
   0.953000E+04  -0.637970E-11  -0.151312E-10  -0.170721E-11
   0.953100E+04  -0.873868E-11  -0.227787E-10  -0.372846E-11
   0.953200E+04  -0.625272E-11  -0.151834E-10  -0.186293E-11
   0.953300E+04  -0.211672E-11  -0.233202E-11   0.133715E-11
   0.953400E+04  -0.179767E-11  -0.149758E-11   0.145938E-11
   0.953500E+04  -0.540954E-11  -0.131473E-10  -0.161344E-11
   0.953600E+04  -0.754761E-11  -0.202699E-10  -0.353527E-11
   0.953700E+04  -0.482209E-11  -0.120873E-10  -0.155685E-11
   0.953800E+04  -0.583427E-12   0.921584E-12   0.163802E-11
   0.953900E+04  -0.240930E-12   0.166172E-11   0.167566E-11
   0.954000E+04  -0.370304E-11  -0.968840E-11  -0.140226E-11
   0.954100E+04  -0.549433E-11  -0.158914E-10  -0.319131E-11
   0.954200E+04  -0.239747E-11  -0.670506E-11  -0.106793E-11
   0.954300E+04   0.204152E-11   0.678241E-11   0.214477E-11
   0.954400E+04   0.244349E-11   0.757479E-11   0.210920E-11
   0.954500E+04  -0.904374E-12  -0.353112E-11  -0.975869E-12
   0.954600E+04  -0.244453E-11  -0.903776E-11  -0.264817E-11
   0.954700E+04   0.900000E-12   0.855443E-12  -0.404825E-12
   0.954800E+04   0.542595E-11   0.145640E-10   0.280265E-11
   0.954900E+04   0.580316E-11   0.152465E-10   0.268075E-11
   0.955000E+04   0.249726E-11   0.426698E-11  -0.418349E-12
   0.955100E+04   0.110697E-11  -0.738050E-12  -0.198764E-11
   0.955200E+04   0.453909E-11   0.950249E-11   0.345662E-12
   0.955300E+04   0.894124E-11   0.229332E-10   0.350561E-11
   0.955400E+04   0.907155E-11   0.229850E-10   0.325576E-11
   0.955500E+04   0.561025E-11   0.116961E-10   0.110478E-12
   0.955600E+04   0.419884E-11   0.684546E-11  -0.138161E-11
   0.955700E+04   0.753788E-11   0.170678E-10   0.101134E-11
   0.955800E+04   0.115765E-10   0.296912E-10   0.407929E-11
   0.955900E+04   0.111293E-10   0.283234E-10   0.363877E-11
   0.956000E+04   0.709327E-11   0.156770E-10   0.366404E-12
   0.956100E+04   0.518371E-11   0.975607E-11  -0.114446E-11
   0.956200E+04   0.793563E-11   0.186703E-10   0.120378E-11
   0.956300E+04   0.111310E-10   0.292185E-10   0.407616E-11
   0.956400E+04   0.965833E-11   0.252324E-10   0.334944E-11
   0.956500E+04   0.464836E-11   0.101432E-10  -0.134010E-12
   0.956600E+04   0.192527E-11   0.227341E-11  -0.173217E-11
   0.956700E+04   0.391215E-11   0.935604E-11   0.528032E-12
   0.956800E+04   0.627013E-11   0.177911E-10   0.319935E-11
   0.956900E+04   0.396793E-11   0.116518E-10   0.222363E-11
   0.957000E+04  -0.166977E-11  -0.502790E-11  -0.140040E-11
   0.957100E+04  -0.476384E-11  -0.137633E-10  -0.299815E-11
   0.957200E+04  -0.302756E-11  -0.726644E-11  -0.728587E-12
   0.957300E+04  -0.901696E-12   0.525895E-12   0.185610E-11
   0.957400E+04  -0.330477E-11  -0.596608E-11   0.774781E-12
   0.957500E+04  -0.871759E-11  -0.220918E-10  -0.281661E-11
   0.957600E+04  -0.112584E-10  -0.293457E-10  -0.422579E-11
   0.957700E+04  -0.886403E-11  -0.211287E-10  -0.176506E-11
   0.957800E+04  -0.616156E-11  -0.119517E-10   0.891942E-12
   0.957900E+04  -0.800971E-11  -0.171954E-10  -0.167318E-12
   0.958000E+04  -0.127070E-10  -0.316246E-10  -0.363264E-11
   0.958100E+04  -0.143451E-10  -0.366401E-10  -0.479186E-11
   0.958200E+04  -0.110372E-10  -0.261899E-10  -0.210114E-11
   0.958300E+04  -0.754687E-11  -0.152072E-10   0.659159E-12
   0.958400E+04  -0.864305E-11  -0.187820E-10  -0.344242E-12
   0.958500E+04  -0.124450E-10  -0.311038E-10  -0.364814E-11
   0.958600E+04  -0.130461E-10  -0.335649E-10  -0.453103E-11
   0.958700E+04  -0.876524E-11  -0.207494E-10  -0.160171E-11
   0.958800E+04  -0.451318E-11  -0.804351E-11   0.125290E-11
   0.958900E+04  -0.495745E-11  -0.102083E-10   0.285164E-12
   0.959000E+04  -0.801341E-11  -0.207823E-10  -0.288331E-11
   0.959100E+04  -0.775289E-11  -0.210815E-10  -0.351988E-11
   0.959200E+04  -0.269356E-11  -0.630454E-11  -0.385887E-12
   0.959300E+04   0.208879E-11   0.765736E-11   0.252377E-11
   0.959400E+04   0.198694E-11   0.625008E-11   0.154059E-11
   0.959500E+04  -0.755947E-12  -0.355116E-11  -0.156720E-11
   0.959600E+04  -0.211404E-12  -0.305530E-11  -0.206512E-11
   0.959700E+04   0.492289E-11   0.119707E-10   0.113518E-11
   0.959800E+04   0.945149E-11   0.252561E-10   0.394369E-11
   0.959900E+04   0.887101E-11   0.225745E-10   0.278391E-11
   0.960000E+04   0.561055E-11   0.114867E-10  -0.424501E-12
   0.960100E+04   0.562406E-11   0.107551E-10  -0.943852E-12
   0.960200E+04   0.100781E-10   0.241642E-10   0.217210E-11
   0.960300E+04   0.137172E-10   0.352298E-10   0.475443E-11
   0.960400E+04   0.121835E-10   0.301676E-10   0.333088E-11
   0.960500E+04   0.808532E-11   0.170979E-10  -0.305785E-13
   0.960600E+04   0.735332E-11   0.147061E-10  -0.604691E-12
   0.960700E+04   0.109679E-10   0.261781E-10   0.239941E-11
   0.960800E+04   0.135998E-10   0.347767E-10   0.473374E-11
   0.960900E+04   0.110638E-10   0.272411E-10   0.303985E-11
   0.961000E+04   0.618610E-11   0.123654E-10  -0.457964E-12
   0.961100E+04   0.488952E-11   0.880576E-11  -0.104682E-11
   0.961200E+04   0.794619E-11   0.190895E-10   0.190287E-11
   0.961300E+04   0.990244E-11   0.260841E-10   0.405581E-11
   0.961400E+04   0.668896E-11   0.168906E-10   0.215745E-11
   0.961500E+04   0.131192E-11   0.867317E-12  -0.142164E-11
   0.961600E+04  -0.315318E-12  -0.336446E-11  -0.198517E-11
   0.961700E+04   0.240477E-11   0.616383E-11   0.942132E-12
   0.961800E+04   0.394259E-11   0.120704E-10   0.295249E-11
   0.961900E+04   0.379909E-12   0.192611E-11   0.906824E-12
   0.962000E+04  -0.509079E-11  -0.143258E-10  -0.267775E-11
   0.962100E+04  -0.658165E-11  -0.181459E-10  -0.312911E-11
   0.962200E+04  -0.369022E-11  -0.818423E-11  -0.131958E-12
   0.962300E+04  -0.203492E-11  -0.210560E-11   0.183397E-11
   0.962400E+04  -0.538707E-11  -0.118749E-10  -0.252507E-12
   0.962500E+04  -0.103650E-10  -0.269473E-10  -0.372794E-11
   0.962600E+04  -0.110986E-10  -0.288333E-10  -0.394552E-11
   0.962700E+04  -0.737738E-11  -0.167817E-10  -0.749070E-12
   0.962800E+04  -0.493212E-11  -0.879799E-11   0.130849E-11
   0.962900E+04  -0.745418E-11  -0.165690E-10  -0.688227E-12
   0.963000E+04  -0.114702E-10  -0.292274E-10  -0.395338E-11
   0.963100E+04  -0.112103E-10  -0.285746E-10  -0.388851E-11
   0.963200E+04  -0.668043E-11  -0.145302E-10  -0.502988E-12
   0.963300E+04  -0.368453E-11  -0.532837E-11   0.158943E-11
   0.963400E+04  -0.576735E-11  -0.121867E-10  -0.402881E-12
   0.963500E+04  -0.930904E-11  -0.237617E-10  -0.356115E-11
   0.963600E+04  -0.860477E-11  -0.220489E-10  -0.333137E-11
   0.963700E+04  -0.383892E-11  -0.753614E-11   0.119261E-12
   0.963800E+04  -0.833166E-12   0.146829E-11   0.213192E-11
   0.963900E+04  -0.292720E-11  -0.562213E-11   0.542767E-13
   0.964000E+04  -0.632550E-11  -0.169116E-10  -0.305782E-11
   0.964100E+04  -0.540373E-11  -0.146422E-10  -0.270273E-11
   0.964200E+04  -0.567815E-12   0.135112E-14   0.783817E-12
   0.964300E+04   0.230614E-11   0.852998E-11   0.269292E-11
   0.964400E+04   0.749837E-13   0.963973E-12   0.512063E-12
   0.964500E+04  -0.327382E-11  -0.102018E-10  -0.256404E-11
   0.964600E+04  -0.217705E-11  -0.739924E-11  -0.208529E-11
   0.964700E+04   0.273760E-11   0.749295E-11   0.144406E-11
   0.964800E+04   0.551094E-11   0.157270E-10   0.326238E-11
   0.964900E+04   0.314977E-11   0.779793E-11   0.988904E-12
   0.965000E+04  -0.206224E-12  -0.331699E-11  -0.205427E-11
   0.965100E+04   0.935420E-12  -0.271736E-12  -0.147489E-11
   0.965200E+04   0.574932E-11   0.144294E-10   0.205961E-11
   0.965300E+04   0.823196E-11   0.218949E-10   0.374771E-11
   0.965400E+04   0.556925E-11   0.131826E-10   0.134973E-11
   0.965500E+04   0.206403E-11   0.178512E-11  -0.168444E-11
   0.965600E+04   0.313936E-11   0.482786E-11  -0.102389E-11
   0.965700E+04   0.777217E-11   0.191768E-10   0.250036E-11
   0.965800E+04   0.990770E-11   0.257732E-10   0.404871E-11
   0.965900E+04   0.688912E-11   0.161731E-10   0.151959E-11
   0.966000E+04   0.315653E-11   0.430922E-11  -0.151760E-11
   0.966100E+04   0.406275E-11   0.708670E-11  -0.796988E-12
   0.966200E+04   0.842768E-11   0.208646E-10   0.269690E-11
   0.966300E+04   0.102033E-10   0.265907E-10   0.410394E-11
   0.966400E+04   0.691256E-11   0.163879E-10   0.146835E-11
   0.966500E+04   0.308574E-11   0.449189E-11  -0.153446E-11
   0.966600E+04   0.390823E-11   0.730336E-11  -0.729913E-12
   0.966700E+04   0.795547E-11   0.204188E-10   0.272373E-11
   0.966800E+04   0.915872E-11   0.247106E-10   0.394311E-11
   0.966900E+04   0.525741E-11   0.129698E-10   0.112827E-11
   0.967000E+04   0.938419E-12  -0.783814E-13  -0.192698E-11
   0.967100E+04   0.128057E-11   0.163207E-11  -0.112937E-11
   0.967200E+04   0.465950E-11   0.130606E-10   0.219954E-11
   0.967300E+04   0.502514E-11   0.151157E-10   0.316582E-11
   0.967400E+04   0.378422E-12   0.138406E-11   0.137438E-12
   0.967500E+04  -0.438981E-11  -0.127882E-10  -0.296555E-11
   0.967600E+04  -0.427448E-11  -0.115786E-10  -0.212746E-11
   0.967700E+04  -0.109986E-11  -0.664711E-12   0.116737E-11
   0.967800E+04  -0.937672E-12   0.786651E-12   0.200936E-11
   0.967900E+04  -0.559513E-11  -0.130380E-10  -0.107944E-11
   0.968000E+04  -0.100517E-10  -0.263807E-10  -0.407218E-11
   0.968100E+04  -0.943130E-11  -0.238162E-10  -0.304642E-11
   0.968200E+04  -0.578737E-11  -0.117336E-10   0.345438E-12
   0.968300E+04  -0.522842E-11  -0.940787E-11   0.117952E-11
   0.968400E+04  -0.938515E-11  -0.220875E-10  -0.186915E-11
   0.968500E+04  -0.131235E-10  -0.336451E-10  -0.467319E-11
   0.968600E+04  -0.117012E-10  -0.290652E-10  -0.340784E-11
   0.968700E+04  -0.738735E-11  -0.154085E-10   0.110450E-12
   0.968800E+04  -0.630288E-11  -0.119844E-10   0.953217E-12
   0.968900E+04  -0.988108E-11  -0.234136E-10  -0.204492E-11
   0.969000E+04  -0.128598E-10  -0.331568E-10  -0.465561E-11
   0.969100E+04  -0.106148E-10  -0.265629E-10  -0.315150E-11
   0.969200E+04  -0.561069E-11  -0.113080E-10   0.492332E-12
   0.969300E+04  -0.397281E-11  -0.671379E-11   0.134851E-11
   0.969400E+04  -0.695667E-11  -0.168324E-10  -0.159207E-11
   0.969500E+04  -0.921213E-11  -0.248306E-10  -0.401257E-11
   0.969600E+04  -0.625786E-11  -0.164943E-10  -0.229211E-11
   0.969700E+04  -0.733681E-12  -0.497142E-13   0.144187E-11
   0.969800E+04   0.129069E-11   0.534857E-11   0.228139E-11
   0.969900E+04  -0.121154E-11  -0.363101E-11  -0.612904E-12
   0.970000E+04  -0.280876E-11  -0.987995E-11  -0.284028E-11
   0.970100E+04   0.764623E-12   0.166321E-12  -0.906561E-12
   0.970200E+04   0.659339E-11   0.174380E-10   0.288618E-11
   0.970300E+04   0.859046E-11   0.227332E-10   0.363615E-11
   0.970400E+04   0.594664E-11   0.134024E-10   0.671862E-12
   0.970500E+04   0.422165E-11   0.695570E-11  -0.151521E-11
   0.970600E+04   0.753882E-11   0.165128E-10   0.455631E-12
   0.970700E+04   0.127749E-10   0.323497E-10   0.412412E-11
   0.970800E+04   0.138713E-10   0.353450E-10   0.460881E-11
   0.970900E+04   0.102685E-10   0.236159E-10   0.141389E-11
   0.971000E+04   0.768982E-11   0.151653E-10  -0.874439E-12
   0.971100E+04   0.101619E-10   0.227893E-10   0.101761E-11
   0.971200E+04   0.143939E-10   0.362196E-10   0.448182E-11
   0.971300E+04   0.143655E-10   0.364408E-10   0.466304E-11
   0.971400E+04   0.973622E-11   0.222450E-10   0.123471E-11
   0.971500E+04   0.634004E-11   0.119711E-10  -0.113819E-11
   0.971600E+04   0.806347E-11   0.179629E-10   0.697977E-12
   0.971700E+04   0.114309E-10   0.293612E-10   0.398489E-11
   0.971800E+04   0.104609E-10   0.272642E-10   0.389829E-11
   0.971900E+04   0.502989E-11   0.111404E-10   0.281850E-12
   0.972000E+04   0.107208E-11  -0.361868E-12  -0.212620E-11
   0.972100E+04   0.232457E-11   0.462407E-11  -0.297333E-12
   0.972200E+04   0.512764E-11   0.146509E-10   0.286195E-11
   0.972300E+04   0.354446E-11   0.109486E-10   0.256369E-11
   0.972400E+04  -0.232918E-11  -0.632931E-11  -0.117684E-11
   0.972500E+04  -0.645616E-11  -0.182155E-10  -0.355097E-11
   0.972600E+04  -0.523194E-11  -0.132681E-10  -0.165389E-11
   0.972700E+04  -0.246511E-11  -0.341505E-11   0.147016E-11
   0.972800E+04  -0.401505E-11  -0.719328E-11   0.108149E-11
   0.972900E+04  -0.956696E-11  -0.237621E-10  -0.263231E-11
   0.973000E+04  -0.130265E-10  -0.339647E-10  -0.480605E-11
   0.973100E+04  -0.109909E-10  -0.269780E-10  -0.267686E-11
   0.973200E+04  -0.747249E-11  -0.153577E-10   0.563478E-12
   0.973300E+04  -0.827072E-11  -0.174439E-10   0.224668E-12
   0.973400E+04  -0.128406E-10  -0.316632E-10  -0.332927E-11
   0.973500E+04  -0.150214E-10  -0.386331E-10  -0.517740E-11
   0.973600E+04  -0.116335E-10  -0.282074E-10  -0.270601E-11
   0.973700E+04  -0.695422E-11  -0.137408E-10   0.733939E-12
   0.973800E+04  -0.680232E-11  -0.136036E-10   0.487256E-12
   0.973900E+04  -0.104604E-10  -0.256587E-10  -0.291885E-11
   0.974000E+04  -0.117021E-10  -0.303081E-10  -0.451223E-11
   0.974100E+04  -0.751208E-11  -0.179166E-10  -0.181767E-11
   0.974200E+04  -0.234461E-11  -0.239073E-11   0.167666E-11
   0.974300E+04  -0.196688E-11  -0.192999E-11   0.137059E-11
   0.974400E+04  -0.545292E-11  -0.137366E-10  -0.203759E-11
   0.974500E+04  -0.648982E-11  -0.179452E-10  -0.352418E-11
   0.974600E+04  -0.218747E-11  -0.532975E-11  -0.746778E-12
   0.974700E+04   0.288325E-11   0.981950E-11   0.268495E-11
   0.974800E+04   0.305600E-11   0.961119E-11   0.224068E-11
   0.974900E+04  -0.535100E-12  -0.250270E-11  -0.121077E-11
   0.975000E+04  -0.154456E-11  -0.655223E-11  -0.261103E-11
   0.975100E+04   0.271958E-11   0.606334E-11   0.229880E-12
   0.975200E+04   0.752013E-11   0.205254E-10   0.357168E-11
   0.975300E+04   0.728188E-11   0.192248E-10   0.295563E-11
   0.975400E+04   0.336466E-11   0.632156E-11  -0.574681E-12
   0.975500E+04   0.216953E-11   0.195861E-11  -0.192461E-11
   0.975600E+04   0.620452E-11   0.141546E-10   0.944604E-12
   0.975700E+04   0.105664E-10   0.275650E-10   0.416482E-11
   0.975800E+04   0.975768E-11   0.248246E-10   0.334958E-11
   0.975900E+04   0.534474E-11   0.107431E-10  -0.287702E-12
   0.976000E+04   0.377564E-11   0.560710E-11  -0.162239E-11
   0.976100E+04   0.739012E-11   0.168954E-10   0.123436E-11
   0.976200E+04   0.111550E-10   0.288428E-10   0.429753E-11
   0.976300E+04   0.968483E-11   0.244281E-10   0.326472E-11
   0.976400E+04   0.476358E-11   0.914198E-11  -0.478744E-12
   0.976500E+04   0.287262E-11   0.337159E-11  -0.178566E-11
   0.976600E+04   0.616270E-11   0.139933E-10   0.107583E-11
   0.976700E+04   0.946096E-11   0.247941E-10   0.400449E-11
   0.976800E+04   0.749965E-11   0.191193E-10   0.278741E-11
   0.976900E+04   0.229406E-11   0.318734E-11  -0.101497E-11
   0.977000E+04   0.369860E-12  -0.247593E-11  -0.223375E-11
   0.977100E+04   0.368446E-11   0.839731E-11   0.703613E-12
   0.977200E+04   0.689160E-11   0.190546E-10   0.357520E-11
   0.977300E+04   0.477368E-11   0.130149E-10   0.224580E-11
   0.977400E+04  -0.503955E-12  -0.301297E-11  -0.156865E-11
   0.977500E+04  -0.242418E-11  -0.852206E-11  -0.269427E-11
   0.977600E+04   0.786515E-12   0.216952E-11   0.282193E-12
   0.977700E+04   0.367484E-11   0.119598E-10   0.303630E-11
   0.977800E+04   0.115532E-11   0.477778E-11   0.153300E-11
   0.977900E+04  -0.439702E-11  -0.120070E-10  -0.234349E-11
   0.978000E+04  -0.643868E-11  -0.178093E-10  -0.341063E-11
   0.978100E+04  -0.334530E-11  -0.743551E-11  -0.408290E-12
   0.978200E+04  -0.631150E-12   0.179618E-11   0.225025E-11
   0.978300E+04  -0.321645E-11  -0.567807E-11   0.641406E-12
   0.978400E+04  -0.853511E-11  -0.218809E-10  -0.318749E-11
   0.978500E+04  -0.100990E-10  -0.263849E-10  -0.406817E-11
   0.978600E+04  -0.654479E-11  -0.148072E-10  -0.920953E-12
   0.978700E+04  -0.353728E-11  -0.493764E-11   0.173486E-11
   0.978800E+04  -0.586357E-11  -0.119207E-10   0.835674E-13
   0.978900E+04  -0.107427E-10  -0.270976E-10  -0.365960E-11
   0.979000E+04  -0.116895E-10  -0.300424E-10  -0.433220E-11
   0.979100E+04  -0.755465E-11  -0.170397E-10  -0.102494E-11
   0.979200E+04  -0.413453E-11  -0.629004E-11   0.164497E-11
   0.979300E+04  -0.609755E-11  -0.125575E-10  -0.300245E-13
   0.979400E+04  -0.104792E-10  -0.265953E-10  -0.367548E-11
   0.979500E+04  -0.108182E-10  -0.280454E-10  -0.414425E-11
   0.979600E+04  -0.617099E-11  -0.138412E-10  -0.697192E-12
   0.979700E+04  -0.243453E-11  -0.250331E-11   0.196115E-11
   0.979800E+04  -0.412684E-11  -0.832148E-11   0.242184E-12
   0.979900E+04  -0.808415E-11  -0.214144E-10  -0.331807E-11
   0.980000E+04  -0.786649E-11  -0.214866E-10  -0.359145E-11
   0.980100E+04  -0.273541E-11  -0.611999E-11  -0.101230E-13
   0.980200E+04   0.131260E-11   0.584605E-11   0.263759E-11
   0.980300E+04  -0.978302E-13   0.575577E-12   0.883587E-12
   0.980400E+04  -0.362117E-11  -0.114635E-10  -0.257982E-11
   0.980500E+04  -0.285197E-11  -0.100718E-10  -0.265025E-11
   0.980600E+04   0.274681E-11   0.653685E-11   0.106922E-11
   0.980700E+04   0.708724E-11   0.192344E-10   0.371244E-11
   0.980800E+04   0.591776E-11   0.145869E-10   0.193086E-11
   0.980900E+04   0.270331E-11   0.346670E-11  -0.144316E-11
   0.981000E+04   0.373489E-11   0.574073E-11  -0.135606E-11
   0.981100E+04   0.930173E-11   0.224235E-10   0.240611E-11
   0.981200E+04   0.132426E-10   0.341457E-10   0.490675E-11
   0.981300E+04   0.114961E-10   0.280608E-10   0.293472E-11
   0.981400E+04   0.771846E-11   0.156443E-10  -0.523437E-12
   0.981500E+04   0.813731E-11   0.165686E-10  -0.456089E-12
   0.981600E+04   0.128339E-10   0.311840E-10   0.317557E-11
   0.981700E+04   0.156253E-10   0.400239E-10   0.537965E-11
   0.981800E+04   0.127072E-10   0.310152E-10   0.310023E-11
   0.981900E+04   0.798120E-11   0.163839E-10  -0.512099E-12
   0.982000E+04   0.761858E-11   0.156197E-10  -0.490822E-12
   0.982100E+04   0.114418E-10   0.282565E-10   0.301495E-11
   0.982200E+04   0.131617E-10   0.344836E-10   0.494208E-11
   0.982300E+04   0.915578E-11   0.227858E-10   0.237549E-11
   0.982400E+04   0.354524E-11   0.606470E-11  -0.137817E-11
   0.982500E+04   0.247654E-11   0.371849E-11  -0.139429E-11
   0.982600E+04   0.557402E-11   0.146447E-10   0.200404E-11
   0.982700E+04   0.648604E-11   0.188242E-10   0.369710E-11
   0.982800E+04   0.177007E-11   0.529966E-11   0.913463E-12
   0.982900E+04  -0.427259E-11  -0.124635E-10  -0.289524E-11
   0.983000E+04  -0.555766E-11  -0.152677E-10  -0.285914E-11
   0.983100E+04  -0.266155E-11  -0.485930E-11   0.523780E-12
   0.983200E+04  -0.196892E-11  -0.137758E-11   0.208814E-11
   0.983300E+04  -0.671248E-11  -0.151280E-10  -0.783652E-12
   0.983400E+04  -0.124071E-10  -0.320629E-10  -0.449578E-11
   0.983500E+04  -0.130539E-10  -0.332433E-10  -0.424176E-11
   0.983600E+04  -0.946369E-11  -0.211491E-10  -0.701764E-12
   0.983700E+04  -0.809057E-11  -0.161358E-10   0.909462E-12
   0.983800E+04  -0.120005E-10  -0.279750E-10  -0.187870E-11
   0.983900E+04  -0.165739E-10  -0.421729E-10  -0.533954E-11
   0.984000E+04  -0.159333E-10  -0.401475E-10  -0.474175E-11
   0.984100E+04  -0.111263E-10  -0.251057E-10  -0.947264E-12
   0.984200E+04  -0.864683E-11  -0.175219E-10   0.791692E-12
   0.984300E+04  -0.113681E-10  -0.265487E-10  -0.183924E-11
   0.984400E+04  -0.145497E-10  -0.372840E-10  -0.498797E-11
   0.984500E+04  -0.124946E-10  -0.316739E-10  -0.401612E-11
   0.984600E+04  -0.655603E-11  -0.138559E-10   0.164976E-13
   0.984700E+04  -0.330415E-11  -0.453144E-11   0.181550E-11
   0.984800E+04  -0.540304E-11  -0.121937E-10  -0.771638E-12
   0.984900E+04  -0.793609E-11  -0.213805E-10  -0.375793E-11
   0.985000E+04  -0.531809E-11  -0.143769E-10  -0.258679E-11
   0.985100E+04   0.855168E-12   0.392491E-11   0.149839E-11
   0.985200E+04   0.399246E-11   0.127510E-10   0.317754E-11
   0.985300E+04   0.169052E-11   0.441067E-11   0.473583E-12
   0.985400E+04  -0.910688E-12  -0.494887E-11  -0.248441E-11
   0.985500E+04   0.169101E-11   0.211951E-11  -0.121984E-11
   0.985600E+04   0.764989E-11   0.199392E-10   0.283833E-11
   0.985700E+04   0.103050E-10   0.275189E-10   0.433688E-11
   0.985800E+04   0.744513E-11   0.177673E-10   0.146006E-11
   0.985900E+04   0.438458E-11   0.737057E-11  -0.153553E-11
   0.986000E+04   0.654470E-11   0.135101E-10  -0.256983E-12
   0.986100E+04   0.118775E-10   0.298633E-10   0.369279E-11
   0.986200E+04   0.137060E-10   0.353815E-10   0.494438E-11
   0.986300E+04   0.100298E-10   0.236326E-10   0.185024E-11
   0.986400E+04   0.631610E-11   0.117791E-10  -0.121354E-11
   0.986500E+04   0.787062E-11   0.166313E-10   0.500624E-13
   0.986600E+04   0.124254E-10   0.311641E-10   0.386029E-11
   0.986700E+04   0.132919E-10   0.342804E-10   0.483653E-11
   0.986800E+04   0.869425E-11   0.202447E-10   0.150418E-11
   0.986900E+04   0.426649E-11   0.673549E-11  -0.164101E-11
   0.987000E+04   0.522162E-11   0.102601E-10  -0.396229E-12
   0.987100E+04   0.910971E-11   0.232033E-10   0.328974E-11
   0.987200E+04   0.926683E-11   0.245279E-10   0.403794E-11
   0.987300E+04   0.414380E-11   0.920202E-11   0.549066E-12
   0.987400E+04  -0.505020E-12  -0.471371E-11  -0.257543E-11
   0.987500E+04   0.369193E-12  -0.121982E-11  -0.124697E-11
   0.987600E+04   0.408323E-11   0.113381E-10   0.240743E-11
   0.987700E+04   0.399529E-11   0.119863E-10   0.301509E-11
   0.987800E+04  -0.118351E-11  -0.349619E-11  -0.537798E-12
   0.987900E+04  -0.554993E-11  -0.165786E-10  -0.354029E-11
   0.988000E+04  -0.423229E-11  -0.118034E-10  -0.202440E-11
   0.988100E+04  -0.205149E-12   0.158868E-11   0.169259E-11
   0.988200E+04  -0.160853E-12   0.248041E-11   0.223196E-11
   0.988300E+04  -0.517096E-11  -0.126626E-10  -0.134306E-11
   0.988400E+04  -0.916836E-11  -0.247996E-10  -0.421227E-11
   0.988500E+04  -0.739355E-11  -0.188299E-10  -0.251704E-11
   0.988600E+04  -0.303825E-11  -0.467371E-11   0.125360E-11
   0.988700E+04  -0.280558E-11  -0.347279E-11   0.172871E-11
   0.988800E+04  -0.755743E-11  -0.180944E-10  -0.185163E-11
   0.988900E+04  -0.110925E-10  -0.290757E-10  -0.456846E-11
   0.989000E+04  -0.877984E-11  -0.217246E-10  -0.268003E-11
   0.989100E+04  -0.402127E-11  -0.662416E-11   0.115554E-11
   0.989200E+04  -0.352366E-11  -0.492101E-11   0.158101E-11
   0.989300E+04  -0.795647E-11  -0.188659E-10  -0.198957E-11
   0.989400E+04  -0.110201E-10  -0.286795E-10  -0.455051E-11
   0.989500E+04  -0.823394E-11  -0.201443E-10  -0.248569E-11
   0.989600E+04  -0.319524E-11  -0.446231E-11   0.138278E-11
   0.989700E+04  -0.257262E-11  -0.266062E-11   0.172560E-11
   0.989800E+04  -0.680690E-11  -0.162658E-10  -0.185945E-11
   0.989900E+04  -0.949113E-11  -0.251552E-10  -0.428154E-11
   0.990000E+04  -0.630858E-11  -0.156262E-10  -0.205663E-11
   0.990100E+04  -0.107023E-11   0.444558E-12   0.182636E-11
   0.990200E+04  -0.421439E-12   0.210340E-11   0.206672E-11
   0.990300E+04  -0.458474E-11  -0.114852E-10  -0.155584E-11
   0.990400E+04  -0.704560E-11  -0.198581E-10  -0.386926E-11
   0.990500E+04  -0.362796E-11  -0.976088E-11  -0.151949E-11
   0.990600E+04   0.169121E-11   0.639645E-11   0.235083E-11
   0.990700E+04   0.233975E-11   0.788213E-11   0.248577E-11
   0.990800E+04  -0.166882E-11  -0.539621E-11  -0.114807E-11
   0.990900E+04  -0.374412E-11  -0.127290E-10  -0.330877E-11
   0.991000E+04   0.840513E-13  -0.150022E-11  -0.790615E-12
   0.991100E+04   0.561036E-11   0.151685E-10   0.309782E-11
   0.991200E+04   0.630703E-11   0.166904E-10   0.314351E-11
   0.991300E+04   0.243567E-11   0.375878E-11  -0.495932E-12
   0.991400E+04   0.699052E-12  -0.255912E-11  -0.250375E-11
   0.991500E+04   0.489083E-11   0.980310E-11   0.181598E-12
   0.991600E+04   0.105681E-10   0.269886E-10   0.408576E-11
   0.991700E+04   0.111885E-10   0.283854E-10   0.402932E-11
   0.991800E+04   0.717885E-11   0.152265E-10   0.341684E-12
   0.991900E+04   0.529979E-11   0.877076E-11  -0.160282E-11
   0.992000E+04   0.918596E-11   0.205763E-10   0.111352E-11
   0.992100E+04   0.142422E-10   0.362920E-10   0.487208E-11
   0.992200E+04   0.140148E-10   0.355747E-10   0.455477E-11
   0.992300E+04   0.916328E-11   0.203878E-10   0.678387E-12
   0.992400E+04   0.652623E-11   0.122294E-10  -0.132542E-11
   0.992500E+04   0.957913E-11   0.221403E-10   0.131369E-11
   0.992600E+04   0.135851E-10   0.352982E-10   0.483700E-11
   0.992700E+04   0.122005E-10   0.316858E-10   0.419659E-11
   0.992800E+04   0.632739E-11   0.140190E-10   0.986016E-13
   0.992900E+04   0.286635E-11   0.398464E-11  -0.197622E-11
   0.993000E+04   0.510505E-11   0.120181E-10   0.585331E-12
   0.993100E+04   0.814629E-11   0.227718E-10   0.388260E-11
   0.993200E+04   0.575901E-11   0.165637E-10   0.294278E-11
   0.993300E+04  -0.894732E-12  -0.308232E-11  -0.133413E-11
   0.993400E+04  -0.482978E-11  -0.142221E-10  -0.341692E-11
   0.993500E+04  -0.292588E-11  -0.696065E-11  -0.846921E-12
   0.993600E+04  -0.230987E-12   0.286318E-11   0.233861E-11
   0.993700E+04  -0.287768E-11  -0.413179E-11   0.124338E-11
   0.993800E+04  -0.948697E-11  -0.237352E-10  -0.304854E-11
   0.993900E+04  -0.130467E-10  -0.339079E-10  -0.497269E-11
   0.994000E+04  -0.106475E-10  -0.254148E-10  -0.223688E-11
   0.994100E+04  -0.749912E-11  -0.146059E-10   0.986180E-12
   0.994200E+04  -0.962212E-11  -0.205101E-10  -0.114973E-12
   0.994300E+04  -0.154079E-10  -0.381845E-10  -0.426878E-11
   0.994400E+04  -0.178256E-10  -0.455148E-10  -0.588335E-11
   0.994500E+04  -0.142083E-10  -0.340128E-10  -0.284235E-11
   0.994600E+04  -0.997068E-11  -0.206603E-10   0.539340E-12
   0.994700E+04  -0.110601E-10  -0.242383E-10  -0.469211E-12
   0.994800E+04  -0.156545E-10  -0.391114E-10  -0.441250E-11
   0.994900E+04  -0.166850E-10  -0.430277E-10  -0.567053E-11
   0.995000E+04  -0.116799E-10  -0.281027E-10  -0.229356E-11
   0.995100E+04  -0.621944E-11  -0.118286E-10   0.127406E-11
   0.995200E+04  -0.618980E-11  -0.127712E-10   0.383359E-12
   0.995300E+04  -0.963083E-11  -0.248226E-10  -0.334435E-11
   0.995400E+04  -0.953062E-11  -0.258746E-10  -0.428788E-11
   0.995500E+04  -0.365815E-11  -0.878534E-11  -0.677275E-12
   0.995600E+04   0.228028E-11   0.855087E-11   0.292535E-11
   0.995700E+04   0.255516E-11   0.805525E-11   0.197870E-11
   0.995800E+04  -0.647337E-12  -0.344575E-11  -0.171115E-11
   0.995900E+04  -0.334070E-12  -0.388748E-11  -0.251822E-11
   0.996000E+04   0.548484E-11   0.131180E-10   0.114476E-11
   0.996100E+04   0.109791E-10   0.292723E-10   0.460098E-11
   0.996200E+04   0.106067E-10   0.270637E-10   0.342714E-11
   0.996300E+04   0.682779E-11   0.141656E-10  -0.376549E-12
   0.996400E+04   0.665059E-11   0.126864E-10  -0.117678E-11
   0.996500E+04   0.118226E-10   0.282483E-10   0.242821E-11
   0.996600E+04   0.163576E-10   0.420530E-10   0.564253E-11
   0.996700E+04   0.148631E-10   0.370442E-10   0.415580E-11
   0.996800E+04   0.100568E-10   0.216912E-10   0.157329E-12
   0.996900E+04   0.897962E-11   0.181922E-10  -0.713037E-12
   0.997000E+04   0.131757E-10   0.315160E-10   0.276824E-11
   0.997100E+04   0.165345E-10   0.424559E-10   0.569699E-11
   0.997200E+04   0.138106E-10   0.344065E-10   0.387914E-11
   0.997300E+04   0.794671E-11   0.165371E-10  -0.315725E-12
   0.997400E+04   0.598516E-11   0.110408E-10  -0.125329E-11
   0.997500E+04   0.926908E-11   0.222358E-10   0.211040E-11
   0.997600E+04   0.115999E-10   0.306154E-10   0.477505E-11
   0.997700E+04   0.792145E-11   0.201515E-10   0.267674E-11
   0.997800E+04   0.141672E-11   0.763122E-12  -0.163196E-11
   0.997900E+04  -0.888379E-12  -0.540840E-11  -0.253048E-11
   0.998000E+04   0.211347E-11   0.520745E-11   0.836353E-12
   0.998100E+04   0.409875E-11   0.127003E-10   0.336750E-11
   0.998200E+04   0.163799E-12   0.151631E-11   0.112459E-11
   0.998300E+04  -0.630167E-11  -0.177682E-10  -0.316567E-11
   0.998400E+04  -0.830180E-11  -0.230969E-10  -0.390362E-11
   0.998500E+04  -0.494266E-11  -0.115701E-10  -0.417930E-12
   0.998600E+04  -0.262362E-11  -0.334531E-11   0.210589E-11
   0.998700E+04  -0.606129E-11  -0.133897E-10  -0.132438E-12
   0.998800E+04  -0.116802E-10  -0.305244E-10  -0.423803E-11
   0.998900E+04  -0.125939E-10  -0.330050E-10  -0.465479E-11
   0.999000E+04  -0.821810E-11  -0.188787E-10  -0.918477E-12
   0.999100E+04  -0.509215E-11  -0.873046E-11   0.169034E-11
   0.999200E+04  -0.775961E-11  -0.169772E-10  -0.489920E-12
   0.999300E+04  -0.124430E-10  -0.317901E-10  -0.439411E-11
   0.999400E+04  -0.123482E-10  -0.316901E-10  -0.451048E-11
   0.999500E+04  -0.719279E-11  -0.156504E-10  -0.581179E-12
   0.999600E+04  -0.364179E-11  -0.464432E-11   0.202521E-11
   0.999700E+04  -0.602590E-11  -0.124261E-10  -0.201854E-12
   0.999800E+04  -0.102972E-10  -0.263260E-10  -0.401364E-11
   0.999900E+04  -0.967945E-11  -0.249242E-10  -0.393078E-11
   0.100000E+05  -0.414604E-11  -0.799468E-11   0.107297E-12
   0.100010E+05  -0.493522E-12   0.308034E-11   0.264632E-11
   0.100020E+05  -0.288720E-11  -0.493239E-11   0.318681E-12
   0.100030E+05  -0.705875E-11  -0.186734E-10  -0.345738E-11
   0.100040E+05  -0.626146E-11  -0.168220E-10  -0.324261E-11
   0.100050E+05  -0.689582E-12   0.145167E-12   0.833441E-12
   0.100060E+05   0.277741E-11   0.105794E-10   0.324632E-11
   0.100070E+05   0.159138E-12   0.182846E-11   0.779327E-12
   0.100080E+05  -0.407681E-11  -0.121190E-10  -0.298680E-11
   0.100090E+05  -0.324642E-11  -0.101411E-10  -0.266535E-11
   0.100100E+05   0.222634E-11   0.655377E-11   0.142107E-11
   0.100110E+05   0.540210E-11   0.161154E-10   0.368717E-11
   0.100120E+05   0.251499E-11   0.655926E-11   0.107716E-11
   0.100130E+05  -0.175837E-11  -0.746672E-11  -0.266564E-11
   0.100140E+05  -0.807873E-12  -0.506899E-11  -0.221388E-11
   0.100150E+05   0.469714E-11   0.117697E-10   0.191307E-11
   0.100160E+05   0.774475E-11   0.209641E-10   0.407057E-11
   0.100170E+05   0.476387E-11   0.111405E-10   0.136218E-11
   0.100180E+05   0.605478E-12  -0.249502E-11  -0.231672E-11
   0.100190E+05   0.177076E-11   0.622427E-12  -0.171063E-11
   0.100200E+05   0.733800E-11   0.177220E-10   0.246298E-11
   0.100210E+05   0.102544E-10   0.265842E-10   0.451258E-11
   0.100220E+05   0.718929E-11   0.165861E-10   0.171509E-11
   0.100230E+05   0.318573E-11   0.354489E-11  -0.188036E-11
   0.100240E+05   0.460297E-11   0.760015E-11  -0.110223E-11
   0.100250E+05   0.101991E-10   0.249950E-10   0.311797E-11
   0.100260E+05   0.128180E-10   0.331940E-10   0.503159E-11
   0.100270E+05   0.934630E-11   0.222536E-10   0.208593E-11
   0.100280E+05   0.504031E-11   0.865594E-11  -0.151458E-11
   0.100290E+05   0.616095E-11   0.122320E-10  -0.677396E-12
   0.100300E+05   0.111837E-10   0.283419E-10   0.346026E-11
   0.100310E+05   0.128698E-10   0.341913E-10   0.510161E-11
   0.100320E+05   0.834278E-11   0.205678E-10   0.187109E-11
   0.100330E+05   0.311677E-11   0.473898E-11  -0.186484E-11
   0.100340E+05   0.343188E-11   0.644019E-11  -0.107995E-11
   0.100350E+05   0.756086E-11   0.203712E-10   0.290078E-11
   0.100360E+05   0.821689E-11   0.235739E-10   0.424455E-11
   0.100370E+05   0.272697E-11   0.746985E-11   0.747559E-12
   0.100380E+05  -0.320521E-11  -0.100893E-10  -0.308074E-11
   0.100390E+05  -0.340381E-11  -0.959186E-11  -0.229503E-11
   0.100400E+05   0.216952E-12   0.304801E-11   0.159611E-11
   0.100410E+05   0.371027E-12   0.485722E-11   0.274020E-11
   0.100420E+05  -0.538754E-11  -0.120306E-10  -0.886116E-12
   0.100430E+05  -0.112027E-10  -0.292763E-10  -0.464116E-11
   0.100440E+05  -0.110413E-10  -0.278094E-10  -0.368207E-11
   0.100450E+05  -0.707669E-11  -0.143580E-10   0.283499E-12
   0.100460E+05  -0.662965E-11  -0.120063E-10   0.138035E-11
   0.100470E+05  -0.119245E-10  -0.279190E-10  -0.223307E-11
   0.100480E+05  -0.169496E-10  -0.432545E-10  -0.578491E-11
   0.100490E+05  -0.158114E-10  -0.393684E-10  -0.453771E-11
   0.100500E+05  -0.109352E-10  -0.237727E-10  -0.395032E-12
   0.100510E+05  -0.966506E-11  -0.196202E-10   0.753164E-12
   0.100520E+05  -0.139996E-10  -0.333584E-10  -0.274951E-11
   0.100530E+05  -0.177867E-10  -0.456891E-10  -0.600807E-11
   0.100540E+05  -0.153023E-10  -0.384806E-10  -0.440151E-11
   0.100550E+05  -0.924724E-11  -0.200940E-10  -0.336819E-13
   0.100560E+05  -0.698869E-11  -0.137423E-10   0.119605E-11
   0.100570E+05  -0.102754E-10  -0.250770E-10  -0.217526E-11
   0.100580E+05  -0.127829E-10  -0.342455E-10  -0.512507E-11
   0.100590E+05  -0.894091E-11  -0.235814E-10  -0.314908E-11
   0.100600E+05  -0.174536E-11  -0.234912E-11   0.144523E-11
   0.100610E+05   0.135702E-11   0.601554E-11   0.274076E-11
   0.100620E+05  -0.120422E-11  -0.355429E-11  -0.547136E-12
   0.100630E+05  -0.298299E-11  -0.108079E-10  -0.328449E-11
   0.100640E+05   0.143407E-11   0.143607E-11  -0.108922E-11
   0.100650E+05   0.879740E-11   0.231214E-10   0.353769E-11
   0.100660E+05   0.116381E-10   0.307500E-10   0.467888E-11
   0.100670E+05   0.861417E-11   0.199770E-10   0.124066E-11
   0.100680E+05   0.634025E-11   0.115764E-10  -0.152525E-11
   0.100690E+05   0.101365E-10   0.224156E-10   0.650733E-12
   0.100700E+05   0.165800E-10   0.418677E-10   0.509306E-11
   0.100710E+05   0.182440E-10   0.465491E-10   0.590300E-11
   0.100720E+05   0.140261E-10   0.328608E-10   0.218118E-11
   0.100730E+05   0.106660E-10   0.219628E-10  -0.717736E-12
   0.100740E+05   0.133326E-10   0.302292E-10   0.134516E-11
   0.100750E+05   0.184021E-10   0.463748E-10   0.551424E-11
   0.100760E+05   0.185049E-10   0.471719E-10   0.591736E-11
   0.100770E+05   0.128134E-10   0.298696E-10   0.185907E-11
   0.100780E+05   0.822211E-11   0.161005E-10  -0.119995E-11
   0.100790E+05   0.976345E-11   0.217914E-10   0.748455E-12
   0.100800E+05   0.136168E-10   0.350146E-10   0.467150E-11
   0.100810E+05   0.124621E-10   0.326785E-10   0.472676E-11
   0.100820E+05   0.572059E-11   0.128061E-10   0.417963E-12
   0.100830E+05   0.401179E-12  -0.261345E-11  -0.270144E-11
   0.100840E+05   0.136686E-11   0.180609E-11  -0.765106E-12
   0.100850E+05   0.459393E-11   0.134835E-10   0.301794E-11
   0.100860E+05   0.283087E-11   0.952711E-11   0.284486E-11
   0.100870E+05  -0.423036E-11  -0.111968E-10  -0.157483E-11
   0.100880E+05  -0.946338E-11  -0.263308E-10  -0.459808E-11
   0.100890E+05  -0.819443E-11  -0.210836E-10  -0.250824E-11
   0.100900E+05  -0.467996E-11  -0.876910E-11   0.130504E-11
   0.100910E+05  -0.612487E-11  -0.121307E-10   0.107907E-11
   0.100920E+05  -0.125676E-10  -0.314493E-10  -0.326911E-11
   0.100930E+05  -0.167438E-10  -0.439269E-10  -0.600523E-11
   0.100940E+05  -0.141444E-10  -0.352827E-10  -0.355896E-11
   0.100950E+05  -0.926688E-11  -0.195712E-10   0.500938E-12
   0.100960E+05  -0.934466E-11  -0.195912E-10   0.440423E-12
   0.100970E+05  -0.142854E-10  -0.351647E-10  -0.364667E-11
   0.100980E+05  -0.168356E-10  -0.434836E-10  -0.597353E-11
   0.100990E+05  -0.127383E-10  -0.310330E-10  -0.313986E-11
   0.101000E+05  -0.672124E-11  -0.125788E-10   0.111103E-11
   0.101010E+05  -0.596272E-11  -0.107344E-10   0.109768E-11
   0.101020E+05  -0.101408E-10  -0.245798E-10  -0.288606E-11
   0.101030E+05  -0.119348E-10  -0.310785E-10  -0.498773E-11
   0.101040E+05  -0.727766E-11  -0.173104E-10  -0.196669E-11
   0.101050E+05  -0.105990E-11   0.143182E-11   0.227633E-11
   0.101060E+05  -0.333638E-12   0.291621E-11   0.213279E-11
   0.101070E+05  -0.449763E-11  -0.110639E-10  -0.189256E-11
   0.101080E+05  -0.615915E-11  -0.172425E-10  -0.388596E-11
   0.101090E+05  -0.147484E-11  -0.340502E-11  -0.778439E-12
   0.101100E+05   0.445580E-11   0.144881E-10   0.336310E-11
   0.101110E+05   0.467752E-11   0.144970E-10   0.300052E-11
   0.101120E+05   0.712924E-13  -0.713195E-12  -0.115039E-11
   0.101130E+05  -0.186871E-11  -0.756378E-11  -0.311237E-11
   0.101140E+05   0.252241E-11   0.558636E-11   0.194801E-13
   0.101150E+05   0.797441E-11   0.222238E-10   0.402393E-11
   0.101160E+05   0.763413E-11   0.207195E-10   0.343934E-11
   0.101170E+05   0.262536E-11   0.450342E-11  -0.815854E-12
   0.101180E+05   0.484122E-12  -0.270882E-11  -0.271954E-11
   0.101190E+05   0.464990E-11   0.100122E-10   0.455209E-12
   0.101200E+05   0.967072E-11   0.255702E-10   0.433329E-11
   0.101210E+05   0.881486E-11   0.227083E-10   0.353908E-11
   0.101220E+05   0.347611E-11   0.570501E-11  -0.799723E-12
   0.101230E+05   0.125018E-11  -0.153395E-11  -0.261648E-11
   0.101240E+05   0.535495E-11   0.112207E-10   0.635903E-12
   0.101250E+05   0.101449E-10   0.262558E-10   0.442871E-11
   0.101260E+05   0.898054E-11   0.226038E-10   0.347023E-11
   0.101270E+05   0.349003E-11   0.528977E-11  -0.910949E-12
   0.101280E+05   0.131453E-11  -0.162746E-11  -0.261128E-11
   0.101290E+05   0.548200E-11   0.114804E-10   0.741894E-12
   0.101300E+05   0.102170E-10   0.264781E-10   0.448490E-11
   0.101310E+05   0.901209E-11   0.228102E-10   0.342426E-11
   0.101320E+05   0.368975E-11   0.613504E-11  -0.919950E-12
   0.101330E+05   0.181635E-11   0.312815E-12  -0.244015E-11
   0.101340E+05   0.609221E-11   0.139678E-10   0.102713E-11
   0.101350E+05   0.105361E-10   0.283201E-10   0.466876E-11
   0.101360E+05   0.879394E-11   0.232850E-10   0.339862E-11
   0.101370E+05   0.297454E-11   0.541435E-11  -0.105152E-11
   0.101380E+05   0.677005E-12  -0.132780E-11  -0.255062E-11
   0.101390E+05   0.435830E-11   0.109147E-10   0.872111E-12
   0.101400E+05   0.788835E-11   0.228767E-10   0.427009E-11
   0.101410E+05   0.511275E-11   0.150731E-10   0.267923E-11
   0.101420E+05  -0.152416E-11  -0.491691E-11  -0.194698E-11
   0.101430E+05  -0.434313E-11  -0.128979E-10  -0.344875E-11
   0.101440E+05  -0.110540E-11  -0.171632E-11  -0.449675E-13
   0.101450E+05   0.189127E-11   0.882096E-11   0.318328E-11
   0.101460E+05  -0.137402E-11  -0.360519E-12   0.138314E-11
   0.101470E+05  -0.820843E-11  -0.209015E-10  -0.329084E-11
   0.101480E+05  -0.109172E-10  -0.285563E-10  -0.466935E-11
   0.101490E+05  -0.749423E-11  -0.169065E-10  -0.116556E-11
   0.101500E+05  -0.438261E-11  -0.622289E-11   0.201483E-11
   0.101510E+05  -0.745257E-11  -0.151069E-10   0.139432E-12
   0.101520E+05  -0.137838E-10  -0.344719E-10  -0.444137E-11
   0.101530E+05  -0.157188E-10  -0.401716E-10  -0.556558E-11
   0.101540E+05  -0.115342E-10  -0.266645E-10  -0.185392E-11
   0.101550E+05  -0.783583E-11  -0.147320E-10   0.136328E-11
   0.101560E+05  -0.103284E-10  -0.224551E-10  -0.517902E-12
   0.101570E+05  -0.158344E-10  -0.399296E-10  -0.494526E-11
   0.101580E+05  -0.167032E-10  -0.430165E-10  -0.576169E-11
   0.101590E+05  -0.114676E-10  -0.269732E-10  -0.179093E-11
   0.101600E+05  -0.688486E-11  -0.130556E-10   0.151876E-11
   0.101610E+05  -0.851123E-11  -0.188724E-10  -0.307874E-12
   0.101620E+05  -0.129571E-10  -0.338337E-10  -0.452869E-11
   0.101630E+05  -0.126216E-10  -0.339319E-10  -0.500628E-11
   0.101640E+05  -0.629407E-11  -0.152162E-10  -0.768511E-12
   0.101650E+05  -0.829302E-12   0.748789E-12   0.263574E-11
   0.101660E+05  -0.156989E-11  -0.297485E-11   0.879778E-12
   0.101670E+05  -0.490380E-11  -0.150784E-10  -0.310320E-11
   0.101680E+05  -0.335904E-11  -0.119178E-10  -0.321898E-11
   0.101690E+05   0.388034E-11   0.926210E-11   0.126676E-11
   0.101700E+05   0.974038E-11   0.262325E-10   0.468008E-11
   0.101710E+05   0.905283E-11   0.226064E-10   0.283723E-11
   0.101720E+05   0.570915E-11   0.105663E-10  -0.112689E-11
   0.101730E+05   0.716608E-11   0.137102E-10  -0.114085E-11
   0.101740E+05   0.139565E-10   0.339098E-10   0.331551E-11
   0.101750E+05   0.188596E-10   0.484749E-10   0.646356E-11
   0.101760E+05   0.169200E-10   0.416717E-10   0.427442E-11
   0.101770E+05   0.123446E-10   0.266454E-10   0.899671E-13
   0.101780E+05   0.126301E-10   0.270887E-10  -0.348802E-13
   0.101790E+05   0.180866E-10   0.441481E-10   0.421730E-11
   0.101800E+05   0.213729E-10   0.547366E-10   0.697262E-11
   0.101810E+05   0.177158E-10   0.436777E-10   0.435308E-11
   0.101820E+05   0.115743E-10   0.248904E-10  -0.109637E-12
   0.101830E+05   0.104470E-10   0.220457E-10  -0.391371E-12
   0.101840E+05   0.144443E-10   0.356302E-10   0.362683E-11
   0.101850E+05   0.161675E-10   0.423474E-10   0.599511E-11
   0.101860E+05   0.110673E-10   0.277076E-10   0.300038E-11
   0.101870E+05   0.383370E-11   0.634926E-11  -0.164232E-11
   0.101880E+05   0.189466E-11   0.171691E-11  -0.196089E-11
   0.101890E+05   0.508779E-11   0.134280E-10   0.194761E-11
   0.101900E+05   0.592046E-11   0.178736E-10   0.405360E-11
   0.101910E+05   0.686534E-13   0.125750E-11   0.812925E-12
   0.101920E+05  -0.752886E-11  -0.210067E-10  -0.387391E-11
   0.101930E+05  -0.949179E-11  -0.256274E-10  -0.408588E-11
   0.101940E+05  -0.622639E-11  -0.137612E-10  -0.129089E-12
   0.101950E+05  -0.528788E-11  -0.922670E-11   0.189990E-11
   0.101960E+05  -0.107621E-10  -0.250810E-10  -0.136711E-11
   0.101970E+05  -0.174880E-10  -0.452068E-10  -0.585234E-11
   0.101980E+05  -0.181957E-10  -0.466409E-10  -0.570478E-11
   0.101990E+05  -0.136055E-10  -0.315030E-10  -0.145511E-11
   0.102000E+05  -0.113817E-10  -0.239347E-10   0.728758E-12
   0.102010E+05  -0.153893E-10  -0.362832E-10  -0.234439E-11
   0.102020E+05  -0.202572E-10  -0.517494E-10  -0.642382E-11
   0.102030E+05  -0.188669E-10  -0.478078E-10  -0.574207E-11
   0.102040E+05  -0.123344E-10  -0.277724E-10  -0.107320E-11
   0.102050E+05  -0.853507E-11  -0.163990E-10   0.132490E-11
   0.102060E+05  -0.111886E-10  -0.255426E-10  -0.157624E-11
   0.102070E+05  -0.147177E-10  -0.377385E-10  -0.535707E-11
   0.102080E+05  -0.120774E-10  -0.306848E-10  -0.432144E-11
   0.102090E+05  -0.465844E-11  -0.854860E-11   0.540321E-12
   0.102100E+05  -0.441227E-12   0.359952E-11   0.290906E-11
   0.102110E+05  -0.294074E-11  -0.544029E-11  -0.649684E-13
   0.102120E+05  -0.634332E-11  -0.174648E-10  -0.379050E-11
   0.102130E+05  -0.363463E-11  -0.102896E-10  -0.263907E-11
   0.102140E+05   0.358973E-11   0.112499E-10   0.219750E-11
   0.102150E+05   0.730770E-11   0.219394E-10   0.435724E-11
   0.102160E+05   0.422001E-11   0.112559E-10   0.117374E-11
   0.102170E+05   0.331011E-12  -0.200026E-11  -0.260446E-11
   0.102180E+05   0.256930E-11   0.406955E-11  -0.143479E-11
   0.102190E+05   0.912297E-11   0.239236E-10   0.328656E-11
   0.102200E+05   0.119662E-10   0.323134E-10   0.516842E-11
   0.102210E+05   0.805924E-11   0.195234E-10   0.174093E-11
   0.102220E+05   0.360098E-11   0.496560E-11  -0.209205E-11
   0.102230E+05   0.539187E-11   0.101339E-10  -0.888060E-12
   0.102240E+05   0.113448E-10   0.286123E-10   0.373931E-11
   0.102250E+05   0.133860E-10   0.349917E-10   0.536454E-11
   0.102260E+05   0.871500E-11   0.203044E-10   0.171219E-11
   0.102270E+05   0.372446E-11   0.457061E-11  -0.216226E-11
   0.102280E+05   0.510284E-11   0.892613E-11  -0.917363E-12
   0.102290E+05   0.105197E-10   0.261774E-10   0.362418E-11
   0.102300E+05   0.118895E-10   0.308660E-10   0.501639E-11
   0.102310E+05   0.667250E-11   0.148364E-10   0.118586E-11
   0.102320E+05   0.144856E-11  -0.130413E-11  -0.266550E-11
   0.102330E+05   0.276774E-11   0.314324E-11  -0.130817E-11
   0.102340E+05   0.803087E-11   0.201366E-10   0.322107E-11
   0.102350E+05   0.913202E-11   0.241505E-10   0.445943E-11
   0.102360E+05   0.379793E-11   0.787002E-11   0.540114E-12
   0.102370E+05  -0.119646E-11  -0.747952E-11  -0.318959E-11
   0.102380E+05   0.550955E-12  -0.165618E-11  -0.161816E-11
   0.102390E+05   0.612901E-11   0.163319E-10   0.299506E-11
   0.102400E+05   0.733036E-11   0.206644E-10   0.415735E-11
   0.102410E+05   0.205232E-11   0.458952E-11   0.188504E-12
   0.102420E+05  -0.280025E-11  -0.102433E-10  -0.343812E-11
   0.102430E+05  -0.966357E-12  -0.403780E-11  -0.173261E-11
   0.102440E+05   0.440909E-11   0.134518E-10   0.284180E-11
   0.102450E+05   0.512224E-11   0.164116E-10   0.379157E-11
   0.102460E+05  -0.676114E-12  -0.111087E-11  -0.355925E-12
   0.102470E+05  -0.590003E-11  -0.169006E-10  -0.399390E-11
   0.102480E+05  -0.438189E-11  -0.114790E-10  -0.224822E-11
   0.102490E+05   0.563747E-12   0.483089E-11   0.222932E-11
   0.102500E+05   0.794003E-12   0.638218E-11   0.296235E-11
   0.102510E+05  -0.528344E-11  -0.119698E-10  -0.131165E-11
   0.102520E+05  -0.104701E-10  -0.276445E-10  -0.487242E-11
   0.102530E+05  -0.879557E-11  -0.217802E-10  -0.298980E-11
   0.102540E+05  -0.382129E-11  -0.548993E-11   0.147960E-11
   0.102550E+05  -0.364816E-11  -0.430264E-11   0.207779E-11
   0.102560E+05  -0.958914E-11  -0.224842E-10  -0.224026E-11
   0.102570E+05  -0.143088E-10  -0.370102E-10  -0.563865E-11
   0.102580E+05  -0.120319E-10  -0.296221E-10  -0.353424E-11
   0.102590E+05  -0.658654E-11  -0.122704E-10   0.100933E-11
   0.102600E+05  -0.606077E-11  -0.104439E-10   0.155144E-11
   0.102610E+05  -0.115159E-10  -0.276091E-10  -0.274029E-11
   0.102620E+05  -0.154962E-10  -0.403493E-10  -0.592266E-11
   0.102630E+05  -0.124172E-10  -0.309987E-10  -0.356289E-11
   0.102640E+05  -0.634755E-11  -0.122664E-10   0.107642E-11
   0.102650E+05  -0.532766E-11  -0.949476E-11   0.158570E-11
   0.102660E+05  -0.101425E-10  -0.252746E-10  -0.264727E-11
   0.102670E+05  -0.132082E-10  -0.357739E-10  -0.557452E-11
   0.102680E+05  -0.913344E-11  -0.239281E-10  -0.291830E-11
   0.102690E+05  -0.223440E-11  -0.322432E-11   0.186018E-11
   0.102700E+05  -0.519293E-12   0.110081E-11   0.238425E-11
   0.102710E+05  -0.452496E-11  -0.127455E-10  -0.174309E-11
   0.102720E+05  -0.657022E-11  -0.206008E-10  -0.438030E-11
   0.102730E+05  -0.147325E-11  -0.604131E-11  -0.141168E-11
   0.102740E+05   0.620248E-11   0.166761E-10   0.350576E-11
   0.102750E+05   0.847074E-11   0.223975E-10   0.403167E-11
   0.102760E+05   0.499508E-11   0.999024E-11  -0.257709E-13
   0.102770E+05   0.347639E-11   0.371607E-11  -0.245448E-11
   0.102780E+05   0.882629E-11   0.191727E-10   0.680521E-12
   0.102790E+05   0.162354E-10   0.413300E-10   0.552835E-11
   0.102800E+05   0.178068E-10   0.453032E-10   0.580506E-11
   0.102810E+05   0.134995E-10   0.308837E-10   0.154598E-11
   0.102820E+05   0.111167E-10   0.226562E-10  -0.953067E-12
   0.102830E+05   0.153603E-10   0.355509E-10   0.207114E-11
   0.102840E+05   0.212302E-10   0.539089E-10   0.658777E-11
   0.102850E+05   0.209819E-10   0.532845E-10   0.638795E-11
   0.102860E+05   0.149334E-10   0.345641E-10   0.174853E-11
   0.102870E+05   0.110350E-10   0.227711E-10  -0.946459E-12
   0.102880E+05   0.137908E-10   0.321918E-10   0.189274E-11
   0.102890E+05   0.179880E-10   0.464709E-10   0.605248E-11
   0.102900E+05   0.159889E-10   0.414704E-10   0.539355E-11
   0.102910E+05   0.842006E-11   0.190257E-10   0.423188E-12
   0.102920E+05   0.334348E-11   0.449927E-11  -0.239910E-11
   0.102930E+05   0.505806E-11   0.115171E-10   0.338274E-12
   0.102940E+05   0.814926E-11   0.230682E-10   0.424487E-11
   0.102950E+05   0.508985E-11   0.153418E-10   0.325786E-11
   0.102960E+05  -0.320795E-11  -0.893656E-11  -0.188951E-11
   0.102970E+05  -0.860873E-11  -0.241737E-10  -0.467580E-11
   0.102980E+05  -0.704194E-11  -0.174667E-10  -0.187599E-11
   0.102990E+05  -0.411161E-11  -0.643933E-11   0.194906E-11
   0.103000E+05  -0.719869E-11  -0.144601E-10   0.827124E-12
   0.103010E+05  -0.150764E-10  -0.378185E-10  -0.427474E-11
   0.103020E+05  -0.195351E-10  -0.506772E-10  -0.677706E-11
   0.103030E+05  -0.167616E-10  -0.409276E-10  -0.365018E-11
   0.103040E+05  -0.126014E-10  -0.269430E-10   0.366717E-12
   0.103050E+05  -0.143636E-10  -0.318526E-10  -0.619083E-12
   0.103060E+05  -0.205982E-10  -0.512154E-10  -0.542706E-11
   0.103070E+05  -0.231047E-10  -0.591819E-10  -0.744326E-11
   0.103080E+05  -0.183652E-10  -0.445363E-10  -0.384426E-11
   0.103090E+05  -0.124454E-10  -0.263233E-10   0.461956E-12
   0.103100E+05  -0.125315E-10  -0.272692E-10  -0.319721E-12
   0.103110E+05  -0.169241E-10  -0.421202E-10  -0.478890E-11
   0.103120E+05  -0.174656E-10  -0.451138E-10  -0.631019E-11
   0.103130E+05  -0.110086E-10  -0.261513E-10  -0.228731E-11
   0.103140E+05  -0.390271E-11  -0.513822E-11   0.219113E-11
   0.103150E+05  -0.321518E-11  -0.441832E-11   0.143090E-11
   0.103160E+05  -0.693616E-11  -0.177597E-10  -0.293489E-11
   0.103170E+05  -0.685319E-11  -0.192211E-10  -0.423336E-11
   0.103180E+05  -0.962328E-13   0.434703E-12  -0.776917E-13
   0.103190E+05   0.677020E-11   0.206269E-10   0.428114E-11
   0.103200E+05   0.684639E-11   0.195238E-10   0.326499E-11
   0.103210E+05   0.250345E-11   0.446732E-11  -0.125032E-11
   0.103220E+05   0.207382E-11   0.174949E-11  -0.254592E-11
   0.103230E+05   0.821573E-11   0.199203E-10   0.156677E-11
   0.103240E+05   0.141786E-10   0.377984E-10   0.568401E-11
   0.103250E+05   0.131963E-10   0.339618E-10   0.434037E-11
   0.103260E+05   0.791930E-11   0.166208E-10  -0.365718E-12
   0.103270E+05   0.672134E-11   0.121864E-10  -0.169316E-11
   0.103280E+05   0.120208E-10   0.284390E-10   0.233940E-11
   0.103290E+05   0.169050E-10   0.436707E-10   0.618520E-11
   0.103300E+05   0.147757E-10   0.369750E-10   0.450472E-11
   0.103310E+05   0.856564E-11   0.174452E-10  -0.380654E-12
   0.103320E+05   0.665939E-11   0.115235E-10  -0.171995E-11
   0.103330E+05   0.112011E-10   0.261198E-10   0.225058E-11
   0.103340E+05   0.151039E-10   0.389637E-10   0.584215E-11
   0.103350E+05   0.119477E-10   0.296934E-10   0.384821E-11
   0.103360E+05   0.496610E-11   0.833921E-11  -0.118371E-11
   0.103370E+05   0.257832E-11   0.144601E-11  -0.249237E-11
   0.103380E+05   0.668982E-11   0.151617E-10   0.147490E-11
   0.103390E+05   0.100789E-10   0.267737E-10   0.490096E-11
   0.103400E+05   0.651483E-11   0.165021E-10   0.271978E-11
   0.103410E+05  -0.515043E-12  -0.482147E-11  -0.230712E-11
   0.103420E+05  -0.265372E-11  -0.108291E-10  -0.343589E-11
   0.103430E+05   0.167090E-11   0.359826E-11   0.651764E-12
   0.103440E+05   0.506653E-11   0.152171E-10   0.400751E-11
   0.103450E+05   0.152824E-11   0.494967E-11   0.171998E-11
   0.103460E+05  -0.513672E-11  -0.153707E-10  -0.322062E-11
   0.103470E+05  -0.660294E-11  -0.194612E-10  -0.408597E-11
   0.103480E+05  -0.167371E-11  -0.335214E-11   0.196407E-12
   0.103490E+05   0.199286E-11   0.890809E-11   0.352935E-11
   0.103500E+05  -0.146720E-11  -0.130101E-11   0.114100E-11
   0.103510E+05  -0.793790E-11  -0.211818E-10  -0.375445E-11
   0.103520E+05  -0.904812E-11  -0.243222E-10  -0.443246E-11
   0.103530E+05  -0.385814E-11  -0.756693E-11  -0.412981E-13
   0.103540E+05  -0.206879E-12   0.447457E-11   0.319697E-11
   0.103550E+05  -0.380581E-11  -0.632714E-11   0.657019E-12
   0.103560E+05  -0.102647E-10  -0.263120E-10  -0.423287E-11
   0.103570E+05  -0.111818E-10  -0.289878E-10  -0.476128E-11
   0.103580E+05  -0.583370E-11  -0.119032E-10  -0.289826E-12
   0.103590E+05  -0.217672E-11  -0.479607E-13   0.285341E-11
   0.103600E+05  -0.575088E-11  -0.110064E-10   0.198188E-12
   0.103610E+05  -0.119489E-10  -0.304220E-10  -0.462843E-11
   0.103620E+05  -0.124325E-10  -0.319965E-10  -0.495548E-11
   0.103630E+05  -0.675522E-11  -0.141555E-10  -0.373073E-12
   0.103640E+05  -0.298147E-11  -0.223983E-11   0.269174E-11
   0.103650E+05  -0.642888E-11  -0.131354E-10  -0.598357E-13
   0.103660E+05  -0.122335E-10  -0.316695E-10  -0.479451E-11
   0.103670E+05  -0.121197E-10  -0.317324E-10  -0.488673E-11
   0.103680E+05  -0.594416E-11  -0.127009E-10  -0.162172E-12
   0.103690E+05  -0.190777E-11  -0.347122E-12   0.285144E-11
   0.103700E+05  -0.512289E-11  -0.109101E-10   0.266513E-13
   0.103710E+05  -0.104722E-10  -0.284136E-10  -0.460035E-11
   0.103720E+05  -0.972598E-11  -0.268874E-10  -0.445098E-11
   0.103730E+05  -0.300154E-11  -0.653210E-11   0.422808E-12
   0.103740E+05   0.141805E-11   0.661348E-11   0.341062E-11
   0.103750E+05  -0.134484E-11  -0.295331E-11   0.567353E-12
   0.103760E+05  -0.594831E-11  -0.185380E-10  -0.387723E-11
   0.103770E+05  -0.429394E-11  -0.145611E-10  -0.341696E-11
   0.103780E+05   0.314126E-11   0.766738E-11   0.164631E-11
   0.103790E+05   0.793344E-11   0.216798E-10   0.461157E-11
   0.103800E+05   0.545099E-11   0.127530E-10   0.172330E-11
   0.103810E+05   0.132637E-11  -0.150183E-11  -0.258192E-11
   0.103820E+05   0.359708E-11   0.431128E-11  -0.185913E-11
   0.103830E+05   0.114444E-10   0.278273E-10   0.334370E-11
   0.103840E+05   0.162441E-10   0.419778E-10   0.622622E-11
   0.103850E+05   0.135014E-10   0.324984E-10   0.320045E-11
   0.103860E+05   0.905179E-11   0.176505E-10  -0.111442E-11
   0.103870E+05   0.108694E-10   0.226221E-10  -0.341957E-12
   0.103880E+05   0.178831E-10   0.442354E-10   0.474267E-11
   0.103890E+05   0.213928E-10   0.551714E-10   0.727285E-11
   0.103900E+05   0.171364E-10   0.418916E-10   0.385302E-11
   0.103910E+05   0.112030E-10   0.234441E-10  -0.707149E-12
   0.103920E+05   0.115485E-10   0.249252E-10  -0.958441E-13
   0.103930E+05   0.169237E-10   0.425474E-10   0.470057E-11
   0.103940E+05   0.186385E-10   0.489791E-10   0.677339E-11
   0.103950E+05   0.126986E-10   0.315059E-10   0.293068E-11
   0.103960E+05   0.539706E-11   0.981148E-11  -0.184268E-11
   0.103970E+05   0.456427E-11   0.858672E-11  -0.132983E-11
   0.103980E+05   0.868089E-11   0.231660E-10   0.325016E-11
   0.103990E+05   0.903810E-11   0.261259E-10   0.494545E-11
   0.104000E+05   0.193809E-11   0.566242E-11   0.777811E-12
   0.104010E+05  -0.608045E-11  -0.177743E-10  -0.408543E-11
   0.104020E+05  -0.728722E-11  -0.198150E-10  -0.352092E-11
   0.104030E+05  -0.346893E-11  -0.598209E-11   0.102146E-11
   0.104040E+05  -0.336682E-11  -0.381950E-11   0.254981E-11
   0.104050E+05  -0.104123E-10  -0.242993E-10  -0.170362E-11
   0.104060E+05  -0.178661E-10  -0.463308E-10  -0.640265E-11
   0.104070E+05  -0.181468E-10  -0.459994E-10  -0.553316E-11
   0.104080E+05  -0.133439E-10  -0.297710E-10  -0.782376E-12
   0.104090E+05  -0.122481E-10  -0.253401E-10   0.820765E-12
   0.104100E+05  -0.180381E-10  -0.428712E-10  -0.327994E-11
   0.104110E+05  -0.238036E-10  -0.607107E-10  -0.758928E-11
   0.104120E+05  -0.221633E-10  -0.555434E-10  -0.621912E-11
   0.104130E+05  -0.155692E-10  -0.349467E-10  -0.110685E-11
   0.104140E+05  -0.129074E-10  -0.268888E-10   0.677134E-12
   0.104150E+05  -0.171139E-10  -0.407444E-10  -0.321048E-11
   0.104160E+05  -0.210695E-10  -0.541802E-10  -0.710986E-11
   0.104170E+05  -0.175200E-10  -0.442620E-10  -0.524641E-11
   0.104180E+05  -0.921280E-11  -0.194784E-10   0.209015E-12
   0.104190E+05  -0.512207E-11  -0.804554E-11   0.215222E-11
   0.104200E+05  -0.801478E-11  -0.187646E-10  -0.156196E-11
   0.104210E+05  -0.106796E-10  -0.289705E-10  -0.514087E-11
   0.104220E+05  -0.606960E-11  -0.163578E-10  -0.294828E-11
   0.104230E+05   0.278444E-11   0.969383E-11   0.261399E-11
   0.104240E+05   0.691395E-11   0.209800E-10   0.443420E-11
   0.104250E+05   0.383653E-11   0.959691E-11   0.593681E-12
   0.104260E+05   0.946084E-12  -0.120996E-11  -0.296632E-11
   0.104270E+05   0.514816E-11   0.104118E-10  -0.738834E-12
   0.104280E+05   0.131973E-10   0.343773E-10   0.465926E-11
   0.104290E+05   0.162079E-10   0.427058E-10   0.613117E-11
   0.104300E+05   0.120375E-10   0.285394E-10   0.199887E-11
   0.104310E+05   0.826013E-11   0.156848E-10  -0.165358E-11
   0.104320E+05   0.115791E-10   0.253550E-10   0.531772E-12
   0.104330E+05   0.184516E-10   0.465140E-10   0.570467E-11
   0.104340E+05   0.200145E-10   0.512279E-10   0.677470E-11
   0.104350E+05   0.144487E-10   0.336362E-10   0.230270E-11
   0.104360E+05   0.953170E-11   0.181734E-10  -0.148344E-11
   0.104370E+05   0.118061E-10   0.255356E-10   0.630302E-12
   0.104380E+05   0.174655E-10   0.438394E-10   0.557005E-11
   0.104390E+05   0.176731E-10   0.452144E-10   0.625881E-11
   0.104400E+05   0.109037E-10   0.247127E-10   0.149144E-11
   0.104410E+05   0.509743E-11   0.727642E-11  -0.237450E-11
   0.104420E+05   0.662049E-11   0.130358E-10  -0.277481E-12
   0.104430E+05   0.114277E-10   0.293349E-10   0.449268E-11
   0.104440E+05   0.107534E-10   0.285038E-10   0.488900E-11
   0.104450E+05   0.338932E-11   0.658266E-11  -0.518767E-13
   0.104460E+05  -0.258386E-11  -0.110382E-10  -0.385198E-11
   0.104470E+05  -0.103312E-11  -0.495408E-11  -0.161959E-11
   0.104480E+05   0.369580E-11   0.112322E-10   0.312747E-11
   0.104490E+05   0.286186E-11   0.992264E-11   0.336767E-11
   0.104500E+05  -0.445038E-11  -0.119189E-10  -0.162416E-11
   0.104510E+05  -0.100168E-10  -0.284402E-10  -0.525330E-11
   0.104520E+05  -0.790244E-11  -0.208510E-10  -0.279335E-11
   0.104530E+05  -0.269598E-11  -0.351865E-11   0.202656E-11
   0.104540E+05  -0.306825E-11  -0.382138E-11   0.222785E-11
   0.104550E+05  -0.964954E-11  -0.238855E-10  -0.267612E-11
   0.104560E+05  -0.141446E-10  -0.376063E-10  -0.599552E-11
   0.104570E+05  -0.109214E-10  -0.271150E-10  -0.319819E-11
   0.104580E+05  -0.489730E-11  -0.779447E-11   0.175754E-11
   0.104590E+05  -0.470906E-11  -0.690694E-11   0.193349E-11
   0.104600E+05  -0.106906E-10  -0.256354E-10  -0.291456E-11
   0.104610E+05  -0.144355E-10  -0.375080E-10  -0.599736E-11
   0.104620E+05  -0.105569E-10  -0.254154E-10  -0.296826E-11
   0.104630E+05  -0.423129E-11  -0.555726E-11   0.200349E-11
   0.104640E+05  -0.398739E-11  -0.486903E-11   0.204259E-11
   0.104650E+05  -0.980029E-11  -0.234159E-10  -0.283781E-11
   0.104660E+05  -0.131168E-10  -0.342660E-10  -0.574675E-11
   0.104670E+05  -0.879478E-11  -0.210761E-10  -0.252768E-11
   0.104680E+05  -0.229982E-11  -0.955956E-12   0.243436E-11
   0.104690E+05  -0.210180E-11  -0.660062E-12   0.232087E-11
   0.104700E+05  -0.786330E-11  -0.192737E-10  -0.260781E-11
   0.104710E+05  -0.109014E-10  -0.294576E-10  -0.536840E-11
   0.104720E+05  -0.629283E-11  -0.155611E-10  -0.199251E-11
   0.104730E+05   0.256861E-12   0.454379E-11   0.293361E-11
   0.104740E+05   0.369668E-12   0.438554E-11   0.266217E-11
   0.104750E+05  -0.531505E-11  -0.141680E-10  -0.230085E-11
   0.104760E+05  -0.802490E-11  -0.234883E-10  -0.489452E-11
   0.104770E+05  -0.308486E-11  -0.870372E-11  -0.134940E-11
   0.104780E+05   0.356755E-11   0.115732E-10   0.355174E-11
   0.104790E+05   0.367484E-11   0.112392E-10   0.314422E-11
   0.104800E+05  -0.180907E-11  -0.684610E-11  -0.181677E-11
   0.104810E+05  -0.404351E-11  -0.148237E-10  -0.420271E-11
   0.104820E+05   0.136087E-11   0.129274E-11  -0.455220E-12
   0.104830E+05   0.820700E-11   0.220752E-10   0.444358E-11
   0.104840E+05   0.834595E-11   0.217563E-10   0.391507E-11
   0.104850E+05   0.303492E-11   0.415341E-11  -0.103883E-11
   0.104860E+05   0.116567E-11  -0.269594E-11  -0.323159E-11
   0.104870E+05   0.683502E-11   0.142936E-10   0.679294E-12
   0.104880E+05   0.136111E-10   0.349597E-10   0.552218E-11
   0.104890E+05   0.135046E-10   0.340292E-10   0.482278E-11
   0.104900E+05   0.811615E-11   0.163966E-10  -0.160624E-12
   0.104910E+05   0.637669E-11   0.102375E-10  -0.219224E-11
   0.104920E+05   0.120176E-10   0.275156E-10   0.183346E-11
   0.104930E+05   0.182730E-10   0.470396E-10   0.653520E-11
   0.104940E+05   0.172465E-10   0.438297E-10   0.553239E-11
   0.104950E+05   0.108925E-10   0.238773E-10   0.341115E-12
   0.104960E+05   0.827189E-11   0.157477E-10  -0.173909E-11
   0.104970E+05   0.128814E-10   0.306497E-10   0.218644E-11
   0.104980E+05   0.177314E-10   0.466761E-10   0.655536E-11
   0.104990E+05   0.150709E-10   0.392890E-10   0.509815E-11
   0.105000E+05   0.721483E-11   0.155893E-10  -0.410677E-12
   0.105010E+05   0.335717E-11   0.452823E-11  -0.261379E-11
   0.105020E+05   0.678523E-11   0.166222E-10   0.117449E-11
   0.105030E+05   0.103160E-10   0.293280E-10   0.522095E-11
   0.105040E+05   0.633737E-11   0.185284E-10   0.337075E-11
   0.105050E+05  -0.253135E-11  -0.772772E-11  -0.235663E-11
   0.105060E+05  -0.702735E-11  -0.202874E-10  -0.456653E-11
   0.105070E+05  -0.408898E-11  -0.936887E-11  -0.788527E-12
   0.105080E+05  -0.104894E-11   0.198604E-11   0.308821E-11
   0.105090E+05  -0.532553E-11  -0.974652E-11   0.104270E-11
   0.105100E+05  -0.139927E-10  -0.355489E-10  -0.465966E-11
   0.105110E+05  -0.177888E-10  -0.462548E-10  -0.660760E-11
   0.105120E+05  -0.139816E-10  -0.331038E-10  -0.257161E-11
   0.105130E+05  -0.101404E-10  -0.198750E-10   0.138829E-11
   0.105140E+05  -0.135395E-10  -0.296327E-10  -0.620487E-12
   0.105150E+05  -0.209723E-10  -0.524597E-10  -0.609304E-11
   0.105160E+05  -0.231953E-10  -0.592196E-10  -0.761080E-11
   0.105170E+05  -0.178117E-10  -0.421800E-10  -0.318821E-11
   0.105180E+05  -0.126123E-10  -0.258009E-10   0.952592E-12
   0.105190E+05  -0.146990E-10  -0.325964E-10  -0.940138E-12
   0.105200E+05  -0.205648E-10  -0.516926E-10  -0.611862E-11
   0.105210E+05  -0.209905E-10  -0.540045E-10  -0.716454E-11
   0.105220E+05  -0.139365E-10  -0.328920E-10  -0.234394E-11
   0.105230E+05  -0.742708E-11  -0.135239E-10   0.196117E-11
   0.105240E+05  -0.837164E-11  -0.177956E-10   0.150453E-12
   0.105250E+05  -0.129165E-10  -0.337365E-10  -0.477552E-11
   0.105260E+05  -0.118262E-10  -0.321989E-10  -0.539542E-11
   0.105270E+05  -0.342680E-11  -0.766364E-11  -0.231411E-12
   0.105280E+05   0.395039E-11   0.137749E-10   0.416179E-11
   0.105290E+05   0.348078E-11   0.105217E-10   0.231475E-11
   0.105300E+05  -0.707511E-12  -0.457633E-11  -0.253833E-11
   0.105310E+05   0.660650E-12  -0.225466E-11  -0.297479E-11
   0.105320E+05   0.901168E-11   0.222125E-10   0.225125E-11
   0.105330E+05   0.158505E-10   0.422101E-10   0.644936E-11
   0.105340E+05   0.145254E-10   0.366926E-10   0.430583E-11
   0.105350E+05   0.945225E-11   0.194109E-10  -0.711046E-12
   0.105360E+05   0.993287E-11   0.196944E-10  -0.118734E-11
   0.105370E+05   0.171683E-10   0.415241E-10   0.389284E-11
   0.105380E+05   0.225613E-10   0.579310E-10   0.772150E-11
   0.105390E+05   0.196820E-10   0.485503E-10   0.515587E-11
   0.105400E+05   0.132205E-10   0.279907E-10  -0.107293E-12
   0.105410E+05   0.124409E-10   0.254522E-10  -0.684325E-12
   0.105420E+05   0.182606E-10   0.439969E-10   0.419507E-11
   0.105430E+05   0.219735E-10   0.562800E-10   0.760852E-11
   0.105440E+05   0.174094E-10   0.427288E-10   0.459780E-11
   0.105450E+05   0.957606E-11   0.189392E-10  -0.903645E-12
   0.105460E+05   0.772223E-11   0.140498E-10  -0.154287E-11
   0.105470E+05   0.124818E-10   0.302113E-10   0.320394E-11
   0.105480E+05   0.150255E-10   0.396687E-10   0.630232E-11
   0.105490E+05   0.941031E-11   0.235506E-10   0.297586E-11
   0.105500E+05   0.905926E-12  -0.172285E-11  -0.262059E-11
   0.105510E+05  -0.131939E-11  -0.726086E-11  -0.318566E-11
   0.105520E+05   0.304449E-11   0.806637E-11   0.154796E-11
   0.105530E+05   0.505320E-11   0.161289E-10   0.444177E-11
   0.105540E+05  -0.963131E-12  -0.110033E-11   0.917060E-12
   0.105550E+05  -0.942592E-11  -0.262377E-10  -0.464134E-11
   0.105560E+05  -0.112345E-10  -0.306035E-10  -0.498669E-11
   0.105570E+05  -0.643016E-11  -0.141654E-10  -0.115372E-12
   0.105580E+05  -0.411582E-11  -0.554284E-11   0.272618E-11
   0.105590E+05  -0.970855E-11  -0.219626E-10  -0.842222E-12
   0.105600E+05  -0.172942E-10  -0.449875E-10  -0.620124E-11
   0.105610E+05  -0.177820E-10  -0.459722E-10  -0.615051E-11
   0.105620E+05  -0.115350E-10  -0.258849E-10  -0.943270E-12
   0.105630E+05  -0.787773E-11  -0.140046E-10   0.205801E-11
   0.105640E+05  -0.121404E-10  -0.272273E-10  -0.136167E-11
   0.105650E+05  -0.182687E-10  -0.466246E-10  -0.639625E-11
   0.105660E+05  -0.172940E-10  -0.439128E-10  -0.592386E-11
   0.105670E+05  -0.986735E-11  -0.209677E-10  -0.447858E-12
   0.105680E+05  -0.539627E-11  -0.732846E-11   0.259062E-11
   0.105690E+05  -0.898636E-11  -0.191633E-10  -0.822471E-12
   0.105700E+05  -0.143803E-10  -0.368742E-10  -0.568316E-11
   0.105710E+05  -0.127269E-10  -0.325349E-10  -0.495362E-11
   0.105720E+05  -0.494966E-11  -0.889541E-11   0.614809E-12
   0.105730E+05  -0.472964E-12   0.442409E-11   0.352223E-11
   0.105740E+05  -0.409095E-11  -0.777784E-11  -0.215261E-13
   0.105750E+05  -0.929722E-11  -0.251127E-10  -0.480820E-11
   0.105760E+05  -0.738071E-11  -0.200869E-10  -0.389591E-11
   0.105770E+05   0.400192E-12   0.348788E-11   0.170071E-11
   0.105780E+05   0.455231E-11   0.157568E-10   0.441637E-11
   0.105790E+05   0.581486E-12   0.244987E-11   0.685725E-12
   0.105800E+05  -0.472933E-11  -0.151755E-10  -0.407583E-11
   0.105810E+05  -0.276188E-11  -0.991967E-11  -0.301707E-11
   0.105820E+05   0.493282E-11   0.134731E-10   0.259434E-11
   0.105830E+05   0.880398E-11   0.249526E-10   0.513665E-11
   0.105840E+05   0.461909E-11   0.110716E-10   0.126417E-11
   0.105850E+05  -0.642975E-12  -0.628118E-11  -0.342313E-11
   0.105860E+05   0.145813E-11  -0.451342E-12  -0.219050E-11
   0.105870E+05   0.903449E-11   0.227568E-10   0.343130E-11
   0.105880E+05   0.124934E-10   0.331492E-10   0.577402E-11
   0.105890E+05   0.792064E-11   0.182721E-10   0.172876E-11
   0.105900E+05   0.255158E-11   0.822114E-12  -0.290965E-11
   0.105910E+05   0.468247E-11   0.700484E-11  -0.152097E-11
   0.105920E+05   0.120844E-10   0.299424E-10   0.410020E-11
   0.105930E+05   0.150864E-10   0.391922E-10   0.623665E-11
   0.105940E+05   0.100465E-10   0.231600E-10   0.200878E-11
   0.105950E+05   0.443434E-11   0.528632E-11  -0.260274E-11
   0.105960E+05   0.643141E-11   0.114130E-10  -0.109100E-11
   0.105970E+05   0.135358E-10   0.337906E-10   0.450223E-11
   0.105980E+05   0.160503E-10   0.418859E-10   0.642944E-11
   0.105990E+05   0.105842E-10   0.249074E-10   0.203891E-11
   0.106000E+05   0.474481E-11   0.675594E-11  -0.252971E-11
   0.106010E+05   0.648680E-11   0.125777E-10  -0.914995E-12
   0.106020E+05   0.129836E-10   0.335956E-10   0.458236E-11
   0.106030E+05   0.145445E-10   0.392773E-10   0.619786E-11
   0.106040E+05   0.810843E-11   0.198571E-10   0.152841E-11
   0.106050E+05   0.148786E-11  -0.115006E-12  -0.311647E-11
   0.106060E+05   0.244841E-11   0.391267E-11  -0.151830E-11
   0.106070E+05   0.786952E-11   0.222160E-10   0.377071E-11
   0.106080E+05   0.811862E-11   0.244061E-10   0.498650E-11
   0.106090E+05   0.536353E-12   0.194562E-11  -0.647848E-14
   0.106100E+05  -0.679218E-11  -0.197783E-10  -0.471830E-11
   0.106110E+05  -0.625603E-11  -0.167135E-10  -0.307126E-11
   0.106120E+05  -0.128108E-11   0.436613E-12   0.212941E-11
   0.106130E+05  -0.149504E-11   0.127703E-11   0.311426E-11
   0.106140E+05  -0.923305E-11  -0.217200E-10  -0.199966E-11
   0.106150E+05  -0.162115E-10  -0.425362E-10  -0.656302E-11
   0.106160E+05  -0.150186E-10  -0.377353E-10  -0.465345E-11
   0.106170E+05  -0.939860E-11  -0.190185E-10   0.670792E-12
   0.106180E+05  -0.898307E-11  -0.167933E-10   0.164060E-11
   0.106190E+05  -0.158224E-10  -0.376789E-10  -0.338007E-11
   0.106200E+05  -0.215108E-10  -0.552418E-10  -0.760447E-11
   0.106210E+05  -0.189156E-10  -0.468902E-10  -0.528908E-11
   0.106220E+05  -0.121375E-10  -0.254299E-10   0.247822E-12
   0.106230E+05  -0.107913E-10  -0.212131E-10   0.124913E-11
   0.106240E+05  -0.165806E-10  -0.397649E-10  -0.365729E-11
   0.106250E+05  -0.209070E-10  -0.540314E-10  -0.753579E-11
   0.106260E+05  -0.168633E-10  -0.421096E-10  -0.481442E-11
   0.106270E+05  -0.888219E-11  -0.178375E-10   0.936137E-12
   0.106280E+05  -0.657258E-11  -0.115440E-10   0.197436E-11
   0.106290E+05  -0.113342E-10  -0.277879E-10  -0.281620E-11
   0.106300E+05  -0.144254E-10  -0.390432E-10  -0.636789E-11
   0.106310E+05  -0.918071E-11  -0.241450E-10  -0.328927E-11
   0.106320E+05  -0.327226E-12   0.215106E-11   0.260770E-11
   0.106330E+05   0.260065E-11   0.974765E-11   0.362005E-11
   0.106340E+05  -0.144873E-11  -0.481429E-11  -0.110049E-11
   0.106350E+05  -0.361337E-11  -0.136050E-10  -0.436490E-11
   0.106360E+05   0.244652E-11   0.355116E-11  -0.987288E-12
   0.106370E+05   0.116115E-10   0.306909E-10   0.495807E-11
   0.106380E+05   0.143618E-10   0.377699E-10   0.579868E-11
   0.106390E+05   0.999571E-11   0.224256E-10   0.955782E-12
   0.106400E+05   0.754782E-11   0.131308E-10  -0.225434E-11
   0.106410E+05   0.131068E-10   0.292760E-10   0.116016E-11
   0.106420E+05   0.212333E-10   0.538895E-10   0.688101E-11
   0.106430E+05   0.224830E-10   0.571477E-10   0.728585E-11
   0.106440E+05   0.165614E-10   0.379387E-10   0.207911E-11
   0.106450E+05   0.127404E-10   0.254495E-10  -0.128749E-11
   0.106460E+05   0.169240E-10   0.384604E-10   0.199318E-11
   0.106470E+05   0.233921E-10   0.590935E-10   0.736958E-11
   0.106480E+05   0.227607E-10   0.576927E-10   0.727141E-11
   0.106490E+05   0.150784E-10   0.342069E-10   0.167224E-11
   0.106500E+05   0.979435E-11   0.183566E-10  -0.186071E-11
   0.106510E+05   0.126242E-10   0.283014E-10   0.128955E-11
   0.106520E+05   0.176239E-10   0.454265E-10   0.635455E-11
   0.106530E+05   0.155267E-10   0.404202E-10   0.583649E-11
   0.106540E+05   0.671405E-11   0.142705E-10  -0.226365E-13
   0.106550E+05   0.719168E-12  -0.303117E-11  -0.356672E-11
   0.106560E+05   0.294992E-11   0.571148E-11  -0.400628E-12
   0.106570E+05   0.716423E-11   0.209366E-10   0.447645E-11
   0.106580E+05   0.421435E-11   0.136860E-10   0.364611E-11
   0.106590E+05  -0.513248E-11  -0.138567E-10  -0.236796E-11
   0.106600E+05  -0.111977E-10  -0.312476E-10  -0.581201E-11
   0.106610E+05  -0.883542E-11  -0.221123E-10  -0.250573E-11
   0.106620E+05  -0.455578E-11  -0.686000E-11   0.233216E-11
   0.106630E+05  -0.737222E-11  -0.140400E-10   0.137327E-11
   0.106640E+05  -0.161397E-10  -0.402920E-10  -0.457801E-11
   0.106650E+05  -0.210734E-10  -0.548332E-10  -0.768527E-11
   0.106660E+05  -0.173528E-10  -0.422899E-10  -0.400137E-11
   0.106670E+05  -0.118221E-10  -0.240919E-10   0.102499E-11
   0.106680E+05  -0.134064E-10  -0.284884E-10   0.153005E-12
   0.106690E+05  -0.206029E-10  -0.509786E-10  -0.553463E-11
   0.106700E+05  -0.235292E-10  -0.604534E-10  -0.812572E-11
   0.106710E+05  -0.177164E-10  -0.426089E-10  -0.391581E-11
   0.106720E+05  -0.104077E-10  -0.200800E-10   0.140522E-11
   0.106730E+05  -0.105355E-10  -0.210884E-10   0.668427E-12
   0.106740E+05  -0.163196E-10  -0.402276E-10  -0.478390E-11
   0.106750E+05  -0.177928E-10  -0.461061E-10  -0.697329E-11
   0.106760E+05  -0.107638E-10  -0.252871E-10  -0.242556E-11
   0.106770E+05  -0.275342E-11  -0.126766E-11   0.295939E-11
   0.106780E+05  -0.259276E-11  -0.193684E-11   0.211492E-11
   0.106790E+05  -0.815806E-11  -0.208006E-10  -0.334266E-11
   0.106800E+05  -0.934900E-11  -0.260617E-10  -0.536497E-11
   0.106810E+05  -0.218867E-11  -0.498379E-11  -0.698370E-12
   0.106820E+05   0.559838E-11   0.182720E-10   0.456695E-11
   0.106830E+05   0.531939E-11   0.162463E-10   0.348035E-11
   0.106840E+05  -0.588456E-12  -0.357709E-11  -0.207599E-11
   0.106850E+05  -0.196144E-11  -0.920525E-11  -0.400677E-11
   0.106860E+05   0.492037E-11   0.112689E-10   0.707301E-12
   0.106870E+05   0.121478E-10   0.330764E-10   0.579436E-11
   0.106880E+05   0.112148E-10   0.293307E-10   0.443716E-11
   0.106890E+05   0.488319E-11   0.854187E-11  -0.121381E-11
   0.106900E+05   0.332407E-11   0.273949E-11  -0.303522E-11
   0.106910E+05   0.990953E-11   0.227418E-10   0.173391E-11
   0.106920E+05   0.164783E-10   0.429795E-10   0.662894E-11
   0.106930E+05   0.146977E-10   0.370998E-10   0.496877E-11
   0.106940E+05   0.768292E-11   0.147193E-10  -0.822160E-12
   0.106950E+05   0.565621E-11   0.802683E-11  -0.258906E-11
   0.106960E+05   0.116840E-10   0.268752E-10   0.217753E-11
   0.106970E+05   0.173909E-10   0.450113E-10   0.683398E-11
   0.106980E+05   0.146479E-10   0.367074E-10   0.484844E-11
   0.106990E+05   0.693571E-11   0.127157E-10  -0.107934E-11
   0.107000E+05   0.451325E-11   0.533171E-11  -0.277375E-11
   0.107010E+05   0.101066E-10   0.233349E-10   0.201159E-11
   0.107020E+05   0.150915E-10   0.396891E-10   0.645077E-11
   0.107030E+05   0.115328E-10   0.292749E-10   0.416555E-11
   0.107040E+05   0.330996E-11   0.408747E-11  -0.186157E-11
   0.107050E+05   0.782981E-12  -0.327601E-11  -0.342489E-11
   0.107060E+05   0.638525E-11   0.150356E-10   0.146776E-11
   0.107070E+05   0.112135E-10   0.311243E-10   0.580670E-11
   0.107080E+05   0.739760E-11   0.201108E-10   0.334346E-11
   0.107090E+05  -0.958905E-12  -0.527261E-11  -0.269851E-11
   0.107100E+05  -0.351223E-11  -0.124743E-10  -0.411772E-11
   0.107110E+05   0.188899E-11   0.545049E-11   0.823078E-12
   0.107120E+05   0.618081E-11   0.200798E-10   0.496234E-11
   0.107130E+05   0.169688E-11   0.717560E-11   0.221901E-11
   0.107140E+05  -0.714377E-11  -0.195295E-10  -0.392318E-11
   0.107150E+05  -0.996367E-11  -0.273893E-10  -0.526220E-11
   0.107160E+05  -0.483607E-11  -0.102050E-10  -0.305335E-12
   0.107170E+05  -0.906048E-12   0.330188E-11   0.365707E-11
   0.107180E+05  -0.558336E-11  -0.103159E-10   0.728670E-12
   0.107190E+05  -0.141677E-10  -0.364246E-10  -0.535623E-11
   0.107200E+05  -0.163686E-10  -0.426293E-10  -0.642924E-11
   0.107210E+05  -0.106229E-10  -0.238724E-10  -0.127578E-11
   0.107220E+05  -0.624127E-11  -0.940998E-11   0.267142E-11
   0.107230E+05  -0.103925E-10  -0.219346E-10  -0.296831E-12
   0.107240E+05  -0.180818E-10  -0.458661E-10  -0.619402E-11
   0.107250E+05  -0.191077E-10  -0.490581E-10  -0.689168E-11
   0.107260E+05  -0.122957E-10  -0.276551E-10  -0.146013E-11
   0.107270E+05  -0.714915E-11  -0.115142E-10   0.252567E-11
   0.107280E+05  -0.106044E-10  -0.225951E-10  -0.452905E-12
   0.107290E+05  -0.173618E-10  -0.443451E-10  -0.615739E-11
   0.107300E+05  -0.172856E-10  -0.448063E-10  -0.650104E-11
   0.107310E+05  -0.955790E-11  -0.212351E-10  -0.833524E-12
   0.107320E+05  -0.383722E-11  -0.397640E-11   0.314251E-11
   0.107330E+05  -0.679116E-11  -0.141466E-10   0.112908E-12
   0.107340E+05  -0.127877E-10  -0.341452E-10  -0.542838E-11
   0.107350E+05  -0.117468E-10  -0.321835E-10  -0.544133E-11
   0.107360E+05  -0.321977E-11  -0.667356E-11   0.439935E-12
   0.107370E+05   0.294670E-11   0.114533E-10   0.438290E-11
   0.107380E+05   0.316682E-12   0.182032E-11   0.127447E-11
   0.107390E+05  -0.515269E-11  -0.169397E-10  -0.413980E-11
   0.107400E+05  -0.338886E-11  -0.130618E-10  -0.386153E-11
   0.107410E+05   0.577006E-11   0.141320E-10   0.220918E-11
   0.107420E+05   0.123329E-10   0.332606E-10   0.612664E-11
   0.107430E+05   0.100303E-10   0.245034E-10   0.296896E-11
   0.107440E+05   0.497365E-11   0.702836E-11  -0.230934E-11
   0.107450E+05   0.704389E-11   0.120339E-10  -0.180144E-11
   0.107460E+05   0.160311E-10   0.390317E-10   0.430495E-11
   0.107470E+05   0.218546E-10   0.563416E-10   0.796893E-11
   0.107480E+05   0.185511E-10   0.450949E-10   0.449612E-11
   0.107490E+05   0.125195E-10   0.253700E-10  -0.923155E-12
   0.107500E+05   0.135313E-10   0.280244E-10  -0.462162E-12
   0.107510E+05   0.210578E-10   0.515416E-10   0.541401E-11
   0.107520E+05   0.249914E-10   0.641092E-10   0.858854E-11
   0.107530E+05   0.197537E-10   0.480242E-10   0.461604E-11
   0.107540E+05   0.120983E-10   0.244550E-10  -0.106630E-11
   0.107550E+05   0.117138E-10   0.239810E-10  -0.713350E-12
   0.107560E+05   0.177305E-10   0.439907E-10   0.492638E-11
   0.107570E+05   0.199587E-10   0.523787E-10   0.765341E-11
   0.107580E+05   0.131332E-10   0.324013E-10   0.325920E-11
   0.107590E+05   0.429283E-11   0.611670E-11  -0.259172E-11
   0.107600E+05   0.299567E-11   0.369493E-11  -0.225267E-11
   0.107610E+05   0.802046E-11   0.214069E-10   0.324230E-11
   0.107620E+05   0.911080E-11   0.269129E-10   0.562200E-11
   0.107630E+05   0.133099E-11   0.448426E-11   0.923331E-12
   0.107640E+05  -0.799863E-11  -0.229400E-10  -0.496628E-11
   0.107650E+05  -0.946736E-11  -0.256489E-10  -0.450901E-11
   0.107660E+05  -0.465333E-11  -0.849843E-11   0.974618E-12
   0.107670E+05  -0.385498E-11  -0.398019E-11   0.315462E-11
   0.107680E+05  -0.116321E-10  -0.266620E-10  -0.167100E-11
   0.107690E+05  -0.203416E-10  -0.525972E-10  -0.738570E-11
   0.107700E+05  -0.207132E-10  -0.525087E-10  -0.656489E-11
   0.107710E+05  -0.147288E-10  -0.325070E-10  -0.825648E-12
   0.107720E+05  -0.128297E-10  -0.255144E-10   0.142742E-11
   0.107730E+05  -0.193257E-10  -0.452897E-10  -0.327084E-11
   0.107740E+05  -0.263457E-10  -0.671408E-10  -0.859976E-11
   0.107750E+05  -0.247688E-10  -0.622379E-10  -0.725535E-11
   0.107760E+05  -0.169013E-10  -0.376989E-10  -0.113117E-11
   0.107770E+05  -0.132284E-10  -0.265701E-10   0.132460E-11
   0.107780E+05  -0.177872E-10  -0.417187E-10  -0.310605E-11
   0.107790E+05  -0.225768E-10  -0.579865E-10  -0.792498E-11
   0.107800E+05  -0.187985E-10  -0.474950E-10  -0.599527E-11
   0.107810E+05  -0.922573E-11  -0.187909E-10   0.479780E-12
   0.107820E+05  -0.442141E-11  -0.515012E-11   0.300649E-11
   0.107830E+05  -0.807171E-11  -0.183298E-10  -0.136511E-11
   0.107840E+05  -0.119128E-10  -0.323326E-10  -0.593404E-11
   0.107850E+05  -0.734426E-11  -0.198861E-10  -0.370909E-11
   0.107860E+05   0.247897E-11   0.927096E-11   0.281640E-11
   0.107870E+05   0.697531E-11   0.217914E-10   0.512248E-11
   0.107880E+05   0.286718E-11   0.717871E-11   0.542471E-12
   0.107890E+05  -0.124705E-11  -0.754146E-11  -0.400935E-11
   0.107900E+05   0.311054E-11   0.450001E-11  -0.167744E-11
   0.107910E+05   0.124492E-10   0.324921E-10   0.476532E-11
   0.107920E+05   0.161458E-10   0.429447E-10   0.677363E-11
   0.107930E+05   0.112364E-10   0.263414E-10   0.194475E-11
   0.107940E+05   0.653112E-11   0.103752E-10  -0.262747E-11
   0.107950E+05   0.103047E-10   0.212741E-10  -0.248058E-12
   0.107960E+05   0.187303E-10   0.471578E-10   0.603203E-11
   0.107970E+05   0.212014E-10   0.545688E-10   0.766300E-11
   0.107980E+05   0.151225E-10   0.351368E-10   0.252214E-11
   0.107990E+05   0.952506E-11   0.172490E-10  -0.211993E-11
   0.108000E+05   0.124512E-10   0.264036E-10   0.258145E-12
   0.108010E+05   0.197084E-10   0.495619E-10   0.632165E-11
   0.108020E+05   0.207054E-10   0.532935E-10   0.752258E-11
   0.108030E+05   0.132427E-10   0.304488E-10   0.202693E-11
   0.108040E+05   0.661408E-11   0.102232E-10  -0.271404E-11
   0.108050E+05   0.867241E-11   0.175069E-10  -0.348640E-12
   0.108060E+05   0.148959E-10   0.382087E-10   0.551476E-11
   0.108070E+05   0.147229E-10   0.389696E-10   0.634031E-11
   0.108080E+05   0.632958E-11   0.138043E-10   0.580624E-12
   0.108090E+05  -0.772832E-12  -0.741592E-11  -0.414829E-11
   0.108100E+05   0.104117E-11  -0.515064E-12  -0.167864E-11
   0.108110E+05   0.691893E-11   0.193732E-10   0.411032E-11
   0.108120E+05   0.635880E-11   0.190706E-10   0.471050E-11
   0.108130E+05  -0.206575E-11  -0.616345E-11  -0.113003E-11
   0.108140E+05  -0.865913E-11  -0.258670E-10  -0.564279E-11
   0.108150E+05  -0.612372E-11  -0.168672E-10  -0.287252E-11
   0.108160E+05   0.218747E-12   0.426082E-11   0.300079E-11
   0.108170E+05  -0.190168E-12   0.418467E-11   0.347693E-11
   0.108180E+05  -0.841749E-11  -0.206990E-10  -0.240722E-11
   0.108190E+05  -0.145184E-10  -0.391520E-10  -0.672151E-11
   0.108200E+05  -0.113855E-10  -0.286101E-10  -0.369713E-11
   0.108210E+05  -0.467164E-11  -0.669082E-11   0.221942E-11
   0.108220E+05  -0.492172E-11  -0.667615E-11   0.255903E-11
   0.108230E+05  -0.128534E-10  -0.310610E-10  -0.335307E-11
   0.108240E+05  -0.183117E-10  -0.479472E-10  -0.744007E-11
   0.108250E+05  -0.143857E-10  -0.354005E-10  -0.412665E-11
   0.108260E+05  -0.702486E-11  -0.119845E-10   0.188447E-11
   0.108270E+05  -0.674334E-11  -0.108805E-10   0.216615E-11
   0.108280E+05  -0.139661E-10  -0.336405E-10  -0.367970E-11
   0.108290E+05  -0.184484E-10  -0.480558E-10  -0.746353E-11
   0.108300E+05  -0.135804E-10  -0.331255E-10  -0.383287E-11
   0.108310E+05  -0.562406E-11  -0.839987E-11   0.225289E-11
   0.108320E+05  -0.498869E-11  -0.673845E-11   0.243314E-11
   0.108330E+05  -0.117103E-10  -0.284670E-10  -0.338948E-11
   0.108340E+05  -0.154043E-10  -0.409210E-10  -0.690710E-11
   0.108350E+05  -0.977378E-11  -0.240678E-10  -0.299798E-11
   0.108360E+05  -0.143362E-11   0.143882E-11   0.311550E-11
   0.108370E+05  -0.716056E-12   0.297663E-11   0.313936E-11
   0.108380E+05  -0.726761E-11  -0.185603E-10  -0.272243E-11
   0.108390E+05  -0.105385E-10  -0.299887E-10  -0.604484E-11
   0.108400E+05  -0.450376E-11  -0.121301E-10  -0.193265E-11
   0.108410E+05   0.391668E-11   0.133978E-10   0.414315E-11
   0.108420E+05   0.450654E-11   0.143275E-10   0.397144E-11
   0.108430E+05  -0.197643E-11  -0.718581E-11  -0.193825E-11
   0.108440E+05  -0.483164E-11  -0.174886E-10  -0.505398E-11
   0.108450E+05   0.166125E-11   0.164457E-11  -0.719685E-12
   0.108460E+05   0.102444E-10   0.275430E-10   0.534135E-11
   0.108470E+05   0.107975E-10   0.282507E-10   0.500430E-11
   0.108480E+05   0.447865E-11   0.718732E-11  -0.914734E-12
   0.108490E+05   0.214022E-11  -0.151129E-11  -0.378223E-11
   0.108500E+05   0.917966E-11   0.193778E-10   0.810240E-12
   0.108510E+05   0.179357E-10   0.459437E-10   0.687580E-11
   0.108520E+05   0.182703E-10   0.462124E-10   0.635631E-11
   0.108530E+05   0.116246E-10   0.245242E-10   0.347358E-12
   0.108540E+05   0.895701E-11   0.153515E-10  -0.243415E-11
   0.108550E+05   0.154088E-10   0.350935E-10   0.218242E-11
   0.108560E+05   0.230625E-10   0.590127E-10   0.798354E-11
   0.108570E+05   0.219068E-10   0.555277E-10   0.701730E-11
   0.108580E+05   0.137541E-10   0.301423E-10   0.678392E-12
   0.108590E+05   0.971643E-11   0.177919E-10  -0.222947E-11
   0.108600E+05   0.147429E-10   0.342226E-10   0.223598E-11
   0.108610E+05   0.207512E-10   0.541240E-10   0.765879E-11
   0.108620E+05   0.179167E-10   0.464709E-10   0.621307E-11
   0.108630E+05   0.838053E-11   0.178018E-10  -0.417734E-12
   0.108640E+05   0.326848E-11   0.310321E-11  -0.338270E-11
   0.108650E+05   0.718746E-11   0.170325E-10   0.993167E-12
   0.108660E+05   0.118276E-10   0.335273E-10   0.608151E-11
   0.108670E+05   0.759795E-11   0.222589E-10   0.420027E-11
   0.108680E+05  -0.293622E-11  -0.891726E-11  -0.265601E-11
   0.108690E+05  -0.856818E-11  -0.247605E-10  -0.557979E-11
   0.108700E+05  -0.502408E-11  -0.116635E-10  -0.116403E-11
   0.108710E+05  -0.867955E-12   0.349570E-11   0.374990E-11
   0.108720E+05  -0.548636E-11  -0.899012E-11   0.162430E-11
   0.108730E+05  -0.159102E-10  -0.400073E-10  -0.524045E-11
   0.108740E+05  -0.208746E-10  -0.541288E-10  -0.789243E-11
   0.108750E+05  -0.164755E-10  -0.388970E-10  -0.320420E-11
   0.108760E+05  -0.115790E-10  -0.221259E-10   0.176501E-11
   0.108770E+05  -0.154102E-10  -0.330055E-10  -0.379899E-12
   0.108780E+05  -0.246180E-10  -0.612131E-10  -0.703731E-11
   0.108790E+05  -0.278754E-10  -0.711198E-10  -0.921669E-11
   0.108800E+05  -0.216364E-10  -0.513809E-10  -0.407071E-11
   0.108810E+05  -0.150778E-10  -0.307633E-10   0.112694E-11
   0.108820E+05  -0.173057E-10  -0.380443E-10  -0.878125E-12
   0.108830E+05  -0.246345E-10  -0.618146E-10  -0.719378E-11
   0.108840E+05  -0.256865E-10  -0.662638E-10  -0.879941E-11
   0.108850E+05  -0.172381E-10  -0.410490E-10  -0.312213E-11
   0.108860E+05  -0.874550E-11  -0.157910E-10   0.236292E-11
   0.108870E+05  -0.923590E-11  -0.189680E-10   0.539287E-12
   0.108880E+05  -0.148145E-10  -0.384483E-10  -0.544081E-11
   0.108890E+05  -0.141876E-10  -0.386406E-10  -0.656579E-11
   0.108900E+05  -0.449784E-11  -0.103443E-10  -0.551550E-12
   0.108910E+05   0.460184E-11   0.161931E-10   0.494872E-11
   0.108920E+05   0.431582E-11   0.132232E-10   0.299710E-11
   0.108930E+05  -0.111498E-11  -0.601576E-11  -0.296482E-11
   0.108940E+05  -0.393113E-12  -0.591113E-11  -0.392247E-11
   0.108950E+05   0.903974E-11   0.217753E-10   0.213102E-11
   0.108960E+05   0.174112E-10   0.463778E-10   0.738641E-11
   0.108970E+05   0.162233E-10   0.410548E-10   0.510450E-11
   0.108980E+05   0.100672E-10   0.201461E-10  -0.985839E-12
   0.108990E+05   0.101672E-10   0.190479E-10  -0.189317E-11
   0.109000E+05   0.186693E-10   0.446996E-10   0.408259E-11
   0.109010E+05   0.256043E-10   0.657903E-10   0.896354E-11
   0.109020E+05   0.227702E-10   0.563765E-10   0.621454E-11
   0.109030E+05   0.151652E-10   0.320609E-10  -0.137362E-12
   0.109040E+05   0.140099E-10   0.282233E-10  -0.111503E-11
   0.109050E+05   0.210834E-10   0.506385E-10   0.468322E-11
   0.109060E+05   0.262275E-10   0.673784E-10   0.911883E-11
   0.109070E+05   0.215137E-10   0.533327E-10   0.586139E-11
   0.109080E+05   0.123132E-10   0.252596E-10  -0.774683E-12
   0.109090E+05   0.982151E-11   0.184458E-10  -0.183994E-11
   0.109100E+05   0.154567E-10   0.375111E-10   0.376748E-11
   0.109110E+05   0.189049E-10   0.500084E-10   0.776210E-11
   0.109120E+05   0.125556E-10   0.318000E-10   0.403512E-11
   0.109130E+05   0.219636E-11   0.929883E-12  -0.280366E-11
   0.109140E+05  -0.971394E-12  -0.731527E-11  -0.383223E-11
   0.109150E+05   0.411684E-11   0.105539E-10   0.175140E-11
   0.109160E+05   0.695458E-11   0.214731E-10   0.551306E-11
   0.109170E+05   0.163761E-12   0.203846E-11   0.155211E-11
   0.109180E+05  -0.101544E-10  -0.287053E-10  -0.525168E-11
   0.109190E+05  -0.128489E-10  -0.356236E-10  -0.602308E-11
   0.109200E+05  -0.718459E-11  -0.162698E-10  -0.254559E-12
   0.109210E+05  -0.378964E-11  -0.409987E-11   0.349530E-11
   0.109220E+05  -0.977810E-11  -0.216717E-10  -0.451548E-12
   0.109230E+05  -0.188005E-10  -0.491176E-10  -0.696244E-11
   0.109240E+05  -0.198948E-10  -0.518515E-10  -0.724789E-11
   0.109250E+05  -0.127819E-10  -0.288375E-10  -0.112579E-11
   0.109260E+05  -0.826271E-11  -0.140674E-10   0.271565E-11
   0.109270E+05  -0.131631E-10  -0.291808E-10  -0.116783E-11
   0.109280E+05  -0.208335E-10  -0.533335E-10  -0.738151E-11
   0.109290E+05  -0.204554E-10  -0.523552E-10  -0.721815E-11
   0.109300E+05  -0.121645E-10  -0.264998E-10  -0.812595E-12
   0.109310E+05  -0.688096E-11  -0.101437E-10   0.303582E-11
   0.109320E+05  -0.110838E-10  -0.238448E-10  -0.865232E-12
   0.109330E+05  -0.177841E-10  -0.456822E-10  -0.685430E-11
   0.109340E+05  -0.163059E-10  -0.419092E-10  -0.631426E-11
   0.109350E+05  -0.722833E-11  -0.141608E-10   0.294773E-12
   0.109360E+05  -0.162620E-11   0.269575E-11   0.406042E-11
   0.109370E+05  -0.565188E-11  -0.108801E-10   0.420976E-13
   0.109380E+05  -0.119704E-10  -0.318787E-10  -0.583471E-11
   0.109390E+05  -0.100123E-10  -0.268806E-10  -0.504244E-11
   0.109400E+05  -0.747362E-12   0.125282E-11   0.164515E-11
   0.109410E+05   0.463983E-11   0.172984E-10   0.522022E-11
   0.109420E+05   0.334733E-12   0.276711E-11   0.100145E-11
   0.109430E+05  -0.600849E-11  -0.183286E-10  -0.483228E-11
   0.109440E+05  -0.396692E-11  -0.130249E-10  -0.386045E-11
   0.109450E+05   0.507901E-11   0.145219E-10   0.282356E-11
   0.109460E+05   0.984937E-11   0.287729E-10   0.612642E-11
   0.109470E+05   0.490818E-11   0.124091E-10   0.164025E-11
   0.109480E+05  -0.171905E-11  -0.940228E-11  -0.419462E-11
   0.109490E+05   0.296791E-12  -0.400047E-11  -0.305955E-11
   0.109500E+05   0.920222E-11   0.232755E-10   0.364111E-11
   0.109510E+05   0.136157E-10   0.365567E-10   0.673438E-11
   0.109520E+05   0.840787E-11   0.194896E-10   0.207391E-11
   0.109530E+05   0.185833E-11  -0.194326E-11  -0.366985E-11
   0.109540E+05   0.410458E-11   0.433583E-11  -0.230955E-11
   0.109550E+05   0.130042E-10   0.317696E-10   0.443672E-11
   0.109560E+05   0.171417E-10   0.443727E-10   0.734050E-11
   0.109570E+05   0.117778E-10   0.270131E-10   0.254176E-11
   0.109580E+05   0.546080E-11   0.653687E-11  -0.305950E-11
   0.109590E+05   0.805113E-11   0.141875E-10  -0.143429E-11
   0.109600E+05   0.168756E-10   0.417719E-10   0.535237E-11
   0.109610E+05   0.203705E-10   0.528504E-10   0.799660E-11
   0.109620E+05   0.141668E-10   0.334473E-10   0.292349E-11
   0.109630E+05   0.717032E-11   0.115182E-10  -0.272240E-11
   0.109640E+05   0.911898E-11   0.179098E-10  -0.104239E-11
   0.109650E+05   0.169568E-10   0.432150E-10   0.558577E-11
   0.109660E+05   0.190531E-10   0.507704E-10   0.780835E-11
   0.109670E+05   0.114117E-10   0.277563E-10   0.233950E-11
   0.109680E+05   0.326261E-11   0.312830E-11  -0.344534E-11
   0.109690E+05   0.420980E-11   0.728819E-11  -0.178847E-11
   0.109700E+05   0.108455E-10   0.296938E-10   0.462666E-11
   0.109710E+05   0.115109E-10   0.335652E-10   0.641232E-11
   0.109720E+05   0.258263E-11   0.723493E-11   0.574955E-12
   0.109730E+05  -0.642929E-11  -0.194710E-10  -0.529457E-11
   0.109740E+05  -0.609319E-11  -0.167054E-10  -0.359502E-11
   0.109750E+05  -0.151476E-12   0.391301E-11   0.269010E-11
   0.109760E+05  -0.223415E-12   0.569684E-11   0.416320E-11
   0.109770E+05  -0.950363E-11  -0.216945E-10  -0.185956E-11
   0.109780E+05  -0.182198E-10  -0.476093E-10  -0.758069E-11
   0.109790E+05  -0.172141E-10  -0.430424E-10  -0.558504E-11
   0.109800E+05  -0.107015E-10  -0.210785E-10   0.814059E-12
   0.109810E+05  -0.103728E-10  -0.186209E-10   0.219192E-11
   0.109820E+05  -0.190369E-10  -0.447991E-10  -0.383153E-11
   0.109830E+05  -0.266296E-10  -0.680429E-10  -0.925022E-11
   0.109840E+05  -0.241879E-10  -0.599528E-10  -0.682277E-11
   0.109850E+05  -0.163161E-10  -0.348245E-10  -0.170448E-12
   0.109860E+05  -0.147381E-10  -0.296521E-10   0.127240E-11
   0.109870E+05  -0.219138E-10  -0.524508E-10  -0.457522E-11
   0.109880E+05  -0.275815E-10  -0.710065E-10  -0.952627E-11
   0.109890E+05  -0.230706E-10  -0.578098E-10  -0.654227E-11
   0.109900E+05  -0.134169E-10  -0.284854E-10   0.439859E-12
   0.109910E+05  -0.103468E-10  -0.200132E-10   0.199209E-11
   0.109920E+05  -0.158961E-10  -0.390594E-10  -0.364592E-11
   0.109930E+05  -0.195432E-10  -0.525762E-10  -0.809673E-11
   0.109940E+05  -0.129115E-10  -0.339480E-10  -0.453135E-11
   0.109950E+05  -0.155349E-11  -0.375716E-12   0.277985E-11
   0.109960E+05   0.266408E-11   0.107708E-10   0.439036E-11
   0.109970E+05  -0.198834E-11  -0.617596E-11  -0.116501E-11
   0.109980E+05  -0.474741E-11  -0.173995E-10  -0.532965E-11
   0.109990E+05   0.257777E-11   0.312197E-11  -0.146632E-11
   0.110000E+05   0.140937E-10   0.371076E-10   0.586311E-11
   0.110010E+05   0.179282E-10   0.471797E-10   0.723172E-11
   0.110020E+05   0.126866E-10   0.287419E-10   0.147760E-11
   0.110030E+05   0.933062E-11   0.162363E-10  -0.268107E-11
   0.110040E+05   0.158447E-10   0.350115E-10   0.118880E-11
   0.110050E+05   0.260548E-10   0.658637E-10   0.824885E-11
   0.110060E+05   0.281874E-10   0.716959E-10   0.912237E-11
   0.110070E+05   0.212440E-10   0.491456E-10   0.296575E-11
   0.110080E+05   0.163560E-10   0.331865E-10  -0.135519E-11
   0.110090E+05   0.212263E-10   0.482654E-10   0.236430E-11
   0.110100E+05   0.293583E-10   0.741296E-10   0.900206E-11
   0.110110E+05   0.291081E-10   0.740478E-10   0.924593E-11
   0.110120E+05   0.199435E-10   0.460920E-10   0.258851E-11
   0.110130E+05   0.132175E-10   0.259116E-10  -0.195164E-11
   0.110140E+05   0.163541E-10   0.370572E-10   0.159650E-11
   0.110150E+05   0.225010E-10   0.581330E-10   0.782246E-11
   0.110160E+05   0.201072E-10   0.526700E-10   0.747798E-11
   0.110170E+05   0.909037E-11   0.201263E-10   0.389528E-12
   0.110180E+05   0.103587E-11  -0.314440E-11  -0.427597E-11
   0.110190E+05   0.312075E-11   0.560827E-11  -0.779118E-12
   0.110200E+05   0.817231E-11   0.239606E-10   0.519375E-11
   0.110210E+05   0.474531E-11   0.157611E-10   0.447030E-11
   0.110220E+05  -0.681957E-11  -0.182131E-10  -0.279309E-11
   0.110230E+05  -0.147671E-10  -0.410825E-10  -0.730219E-11
   0.110240E+05  -0.122425E-10  -0.311148E-10  -0.357207E-11
   0.110250E+05  -0.680001E-11  -0.119275E-10   0.242529E-11
   0.110260E+05  -0.980455E-11  -0.194060E-10   0.159694E-11
   0.110270E+05  -0.204697E-10  -0.513614E-10  -0.556227E-11
   0.110280E+05  -0.268066E-10  -0.701812E-10  -0.962109E-11
   0.110290E+05  -0.222231E-10  -0.549580E-10  -0.533883E-11
   0.110300E+05  -0.146744E-10  -0.305429E-10   0.102748E-11
   0.110310E+05  -0.155980E-10  -0.329811E-10   0.437798E-12
   0.110320E+05  -0.240118E-10  -0.593850E-10  -0.633067E-11
   0.110330E+05  -0.279151E-10  -0.720446E-10  -0.976745E-11
   0.110340E+05  -0.210433E-10  -0.510665E-10  -0.489633E-11
   0.110350E+05  -0.116446E-10  -0.222234E-10   0.176951E-11
   0.110360E+05  -0.110554E-10  -0.212192E-10   0.129051E-11
   0.110370E+05  -0.179898E-10  -0.441571E-10  -0.524842E-11
   0.110380E+05  -0.204248E-10  -0.532093E-10  -0.826310E-11
   0.110390E+05  -0.124328E-10  -0.295351E-10  -0.304979E-11
   0.110400E+05  -0.249122E-11   0.341155E-12   0.363993E-11
   0.110410E+05  -0.169621E-11   0.144165E-11   0.300507E-11
   0.110420E+05  -0.833134E-11  -0.209804E-10  -0.353372E-11
   0.110430E+05  -0.103189E-10  -0.289031E-10  -0.631979E-11
   0.110440E+05  -0.212895E-11  -0.472664E-11  -0.941717E-12
   0.110450E+05   0.745174E-11   0.240335E-10   0.559578E-11
   0.110460E+05   0.753880E-11   0.230361E-10   0.463055E-11
   0.110470E+05   0.315660E-12  -0.101379E-11  -0.207338E-11
   0.110480E+05  -0.202230E-11  -0.972743E-11  -0.478045E-11
   0.110490E+05   0.570237E-11   0.133808E-10   0.634134E-12
   0.110500E+05   0.144003E-10   0.398277E-10   0.691901E-11
   0.110510E+05   0.133761E-10   0.358455E-10   0.555313E-11
   0.110520E+05   0.525225E-11   0.950488E-11  -0.136318E-11
   0.110530E+05   0.233275E-11  -0.473942E-12  -0.402582E-11
   0.110540E+05   0.945991E-11   0.213260E-10   0.140268E-11
   0.110550E+05   0.172692E-10   0.455382E-10   0.743595E-11
   0.110560E+05   0.152638E-10   0.390081E-10   0.570456E-11
   0.110570E+05   0.648529E-11   0.111224E-10  -0.135932E-11
   0.110580E+05   0.330923E-11   0.824908E-12  -0.389915E-11
   0.110590E+05   0.102077E-10   0.223598E-10   0.162276E-11
   0.110600E+05   0.175102E-10   0.453897E-10   0.748310E-11
   0.110610E+05   0.148832E-10   0.372778E-10   0.546359E-11
   0.110620E+05   0.575563E-11   0.864445E-11  -0.167901E-11
   0.110630E+05   0.257979E-11  -0.131886E-11  -0.404146E-11
   0.110640E+05   0.951680E-11   0.206411E-10   0.162492E-11
   0.110650E+05   0.166649E-10   0.434438E-10   0.738340E-11
   0.110660E+05   0.138645E-10   0.350105E-10   0.517721E-11
   0.110670E+05   0.483473E-11   0.691614E-11  -0.193566E-11
   0.110680E+05   0.194544E-11  -0.186401E-11  -0.405008E-11
   0.110690E+05   0.893056E-11   0.205899E-10   0.176247E-11
   0.110700E+05   0.156500E-10   0.424293E-10   0.735540E-11
   0.110710E+05   0.121930E-10   0.323464E-10   0.485742E-11
   0.110720E+05   0.264493E-11   0.308549E-11  -0.235630E-11
   0.110730E+05  -0.673062E-12  -0.650534E-11  -0.437931E-11
   0.110740E+05   0.556786E-11   0.142155E-10   0.139770E-11
   0.110750E+05   0.110573E-10   0.328189E-10   0.663889E-11
   0.110760E+05   0.625773E-11   0.191165E-10   0.369318E-11
   0.110770E+05  -0.424953E-11  -0.126164E-10  -0.371978E-11
   0.110780E+05  -0.812026E-11  -0.234620E-10  -0.568439E-11
   0.110790E+05  -0.243609E-11  -0.407608E-11   0.846974E-13
   0.110800E+05   0.226847E-11   0.123783E-10   0.505598E-11
   0.110810E+05  -0.323218E-11  -0.334390E-11   0.179127E-11
   0.110820E+05  -0.139106E-10  -0.355810E-10  -0.565869E-11
   0.110830E+05  -0.174412E-10  -0.454638E-10  -0.738645E-11
   0.110840E+05  -0.113610E-10  -0.250634E-10  -0.144285E-11
   0.110850E+05  -0.648131E-11  -0.840751E-11   0.344070E-11
   0.110860E+05  -0.117683E-10  -0.239303E-10   0.350045E-13
   0.110870E+05  -0.217842E-10  -0.546791E-10  -0.728775E-11
   0.110880E+05  -0.242265E-10  -0.618462E-10  -0.863724E-11
   0.110890E+05  -0.170636E-10  -0.388461E-10  -0.239758E-11
   0.110900E+05  -0.113548E-10  -0.204799E-10   0.251348E-11
   0.110910E+05  -0.158008E-10  -0.343393E-10  -0.915150E-12
   0.110920E+05  -0.245690E-10  -0.622172E-10  -0.799507E-11
   0.110930E+05  -0.253916E-10  -0.653999E-10  -0.886363E-11
   0.110940E+05  -0.166574E-10  -0.386138E-10  -0.223814E-11
   0.110950E+05  -0.965682E-11  -0.173816E-10   0.278788E-11
   0.110960E+05  -0.128392E-10  -0.284907E-10  -0.575279E-12
   0.110970E+05  -0.200323E-10  -0.526366E-10  -0.733815E-11
   0.110980E+05  -0.190553E-10  -0.513462E-10  -0.768538E-11
   0.110990E+05  -0.870839E-11  -0.206240E-10  -0.667005E-12
   0.111000E+05  -0.438453E-12   0.351621E-11   0.447283E-11
   0.111010E+05  -0.236607E-11  -0.467188E-11   0.119104E-11
   0.111020E+05  -0.797873E-11  -0.247793E-10  -0.522413E-11
   0.111030E+05  -0.528139E-11  -0.188633E-10  -0.503583E-11
   0.111040E+05   0.636715E-11   0.153614E-10   0.233667E-11
   0.111050E+05   0.152467E-10   0.410443E-10   0.747766E-11
   0.111060E+05   0.135228E-10   0.333477E-10   0.408617E-11
   0.111070E+05   0.807526E-11   0.138503E-10  -0.224862E-11
   0.111080E+05   0.107832E-10   0.201524E-10  -0.186126E-11
   0.111090E+05   0.218222E-10   0.530854E-10   0.547852E-11
   0.111100E+05   0.293060E-10   0.752613E-10   0.102143E-10
   0.111110E+05   0.258012E-10   0.630689E-10   0.631845E-11
   0.111120E+05   0.186666E-10   0.395574E-10  -0.298306E-12
   0.111130E+05   0.197572E-10   0.422254E-10  -0.306647E-13
   0.111140E+05   0.288363E-10   0.705854E-10   0.701044E-11
   0.111150E+05   0.338527E-10   0.867002E-10   0.111340E-10
   0.111160E+05   0.277273E-10   0.680356E-10   0.657952E-11
   0.111170E+05   0.182366E-10   0.389169E-10  -0.440011E-12
   0.111180E+05   0.171832E-10   0.366456E-10  -0.395059E-12
   0.111190E+05   0.239476E-10   0.594967E-10   0.626761E-11
   0.111200E+05   0.263788E-10   0.691803E-10   0.974538E-11
   0.111210E+05   0.178021E-10   0.443939E-10   0.456283E-11
   0.111220E+05   0.641140E-11   0.107462E-10  -0.276800E-11
   0.111230E+05   0.391531E-11   0.522243E-11  -0.281082E-11
   0.111240E+05   0.925965E-11   0.247137E-10   0.363914E-11
   0.111250E+05   0.101521E-10   0.304644E-10   0.666602E-11
   0.111260E+05   0.289376E-12   0.231840E-11   0.107803E-11
   0.111270E+05  -0.117427E-10  -0.329006E-10  -0.632329E-11
   0.111280E+05  -0.143372E-10  -0.385369E-10  -0.620379E-11
   0.111290E+05  -0.896059E-11  -0.190054E-10   0.298410E-12
   0.111300E+05  -0.800941E-11  -0.134011E-10   0.317181E-11
   0.111310E+05  -0.173996E-10  -0.406715E-10  -0.248155E-11
   0.111320E+05  -0.281853E-10  -0.728590E-10  -0.958155E-11
   0.111330E+05  -0.289300E-10  -0.738264E-10  -0.891916E-11
   0.111340E+05  -0.215835E-10  -0.494809E-10  -0.199055E-11
   0.111350E+05  -0.186938E-10  -0.393634E-10   0.109632E-11
   0.111360E+05  -0.258186E-10  -0.612628E-10  -0.426149E-11
   0.111370E+05  -0.336883E-10  -0.861646E-10  -0.107159E-10
   0.111380E+05  -0.311056E-10  -0.786336E-10  -0.920541E-11
   0.111390E+05  -0.206157E-10  -0.463841E-10  -0.160952E-11
   0.111400E+05  -0.150616E-10  -0.298125E-10   0.184233E-11
   0.111410E+05  -0.197758E-10  -0.459349E-10  -0.318400E-11
   0.111420E+05  -0.252297E-10  -0.648743E-10  -0.909280E-11
   0.111430E+05  -0.204173E-10  -0.517677E-10  -0.696734E-11
   0.111440E+05  -0.832921E-11  -0.157133E-10   0.963479E-12
   0.111450E+05  -0.191658E-11   0.256632E-11   0.439883E-11
   0.111460E+05  -0.613517E-11  -0.127476E-10  -0.688090E-12
   0.111470E+05  -0.111000E-10  -0.306557E-10  -0.643840E-11
   0.111480E+05  -0.592344E-11  -0.166817E-10  -0.407305E-11
   0.111490E+05   0.603610E-11   0.188939E-10   0.384624E-11
   0.111500E+05   0.117840E-10   0.351903E-10   0.696856E-11
   0.111510E+05   0.675042E-11   0.175914E-10   0.157913E-11
   0.111520E+05   0.111943E-11  -0.196788E-11  -0.422030E-11
   0.111530E+05   0.558669E-11   0.103698E-10  -0.181451E-11
   0.111540E+05   0.164026E-10   0.430657E-10   0.589653E-11
   0.111550E+05   0.205780E-10   0.552216E-10   0.853119E-11
   0.111560E+05   0.140100E-10   0.336624E-10   0.270988E-11
   0.111570E+05   0.723659E-11   0.114169E-10  -0.321559E-11
   0.111580E+05   0.107597E-10   0.217202E-10  -0.801628E-12
   0.111590E+05   0.203903E-10   0.516381E-10   0.670369E-11
   0.111600E+05   0.230744E-10   0.600547E-10   0.888003E-11
   0.111610E+05   0.151043E-10   0.350286E-10   0.267036E-11
   0.111620E+05   0.732090E-11   0.105323E-10  -0.334120E-11
   0.111630E+05   0.100248E-10   0.191554E-10  -0.891871E-12
   0.111640E+05   0.186287E-10   0.466935E-10   0.643344E-11
   0.111650E+05   0.200761E-10   0.520065E-10   0.819938E-11
   0.111660E+05   0.110958E-10   0.245120E-10   0.168512E-11
   0.111670E+05   0.282145E-11  -0.905265E-12  -0.430142E-11
   0.111680E+05   0.530074E-11   0.754223E-11  -0.169807E-11
   0.111690E+05   0.134901E-10   0.342143E-10   0.556175E-11
   0.111700E+05   0.143060E-10   0.378880E-10   0.703118E-11
   0.111710E+05   0.494137E-11   0.943938E-11   0.337073E-12
   0.111720E+05  -0.310690E-11  -0.151126E-10  -0.547721E-11
   0.111730E+05   0.200823E-13  -0.458186E-11  -0.254121E-11
   0.111740E+05   0.880666E-11   0.239205E-10   0.486225E-11
   0.111750E+05   0.999341E-11   0.286663E-10   0.624933E-11
   0.111760E+05   0.987783E-12   0.127093E-11  -0.459825E-12
   0.111770E+05  -0.657607E-11  -0.217728E-10  -0.604555E-11
   0.111780E+05  -0.309485E-11  -0.100827E-10  -0.285226E-11
   0.111790E+05   0.557326E-11   0.181268E-10   0.451931E-11
   0.111800E+05   0.622483E-11   0.212893E-10   0.560994E-11
   0.111810E+05  -0.332297E-11  -0.768026E-11  -0.131927E-11
   0.111820E+05  -0.112015E-10  -0.315404E-10  -0.685699E-11
   0.111830E+05  -0.801423E-11  -0.205812E-10  -0.355890E-11
   0.111840E+05   0.113882E-12   0.608872E-11   0.367539E-11
   0.111850E+05   0.137338E-12   0.734876E-11   0.444228E-11
   0.111860E+05  -0.967083E-11  -0.224648E-10  -0.264383E-11
   0.111870E+05  -0.172883E-10  -0.456047E-10  -0.800611E-11
   0.111880E+05  -0.137085E-10  -0.335657E-10  -0.446079E-11
   0.111890E+05  -0.550235E-11  -0.686145E-11   0.275555E-11
   0.111900E+05  -0.563276E-11  -0.637422E-11   0.328680E-11
   0.111910E+05  -0.153248E-10  -0.362042E-10  -0.388557E-11
   0.111920E+05  -0.222961E-10  -0.577845E-10  -0.900111E-11
   0.111930E+05  -0.178471E-10  -0.435635E-10  -0.512308E-11
   0.111940E+05  -0.898494E-11  -0.154181E-10   0.218130E-11
   0.111950E+05  -0.865431E-11  -0.141653E-10   0.259793E-11
   0.111960E+05  -0.176753E-10  -0.426203E-10  -0.454479E-11
   0.111970E+05  -0.235791E-10  -0.616164E-10  -0.932744E-11
   0.111980E+05  -0.179826E-10  -0.445913E-10  -0.506962E-11
   0.111990E+05  -0.827765E-11  -0.146313E-10   0.234633E-11
   0.112000E+05  -0.731567E-11  -0.122591E-10   0.267504E-11
   0.112010E+05  -0.154584E-10  -0.388410E-10  -0.439321E-11
   0.112020E+05  -0.200380E-10  -0.545760E-10  -0.878456E-11
   0.112030E+05  -0.130106E-10  -0.339628E-10  -0.408697E-11
   0.112040E+05  -0.219477E-11  -0.142315E-11   0.349552E-11
   0.112050E+05  -0.395512E-12   0.268441E-11   0.378421E-11
   0.112060E+05  -0.753995E-11  -0.216155E-10  -0.317178E-11
   0.112070E+05  -0.107300E-10  -0.337836E-10  -0.714319E-11
   0.112080E+05  -0.217616E-11  -0.912140E-11  -0.197172E-11
   0.112090E+05   0.994345E-11   0.268217E-10   0.583729E-11
   0.112100E+05   0.128175E-10   0.337072E-10   0.616873E-11
   0.112110E+05   0.674069E-11   0.123348E-10  -0.617352E-12
   0.112120E+05   0.455891E-11   0.315647E-11  -0.420995E-11
   0.112130E+05   0.136250E-10   0.295277E-10   0.124648E-11
   0.112140E+05   0.254325E-10   0.648498E-10   0.895555E-11
   0.112150E+05   0.273702E-10   0.693903E-10   0.892088E-11
   0.112160E+05   0.201925E-10   0.454001E-10   0.186845E-11
   0.112170E+05   0.168460E-10   0.336684E-10  -0.178276E-11
   0.112180E+05   0.243118E-10   0.563762E-10   0.352774E-11
   0.112190E+05   0.338082E-10   0.860082E-10   0.107274E-10
   0.112200E+05   0.330195E-10   0.836887E-10   0.996682E-11
   0.112210E+05   0.232716E-10   0.534131E-10   0.236200E-11
   0.112220E+05   0.176735E-10   0.364583E-10  -0.155603E-11
   0.112230E+05   0.228131E-10   0.537505E-10   0.346620E-11
   0.112240E+05   0.295602E-10   0.766381E-10   0.100669E-10
   0.112250E+05   0.258310E-10   0.669186E-10   0.853725E-11
   0.112260E+05   0.135132E-10   0.303034E-10   0.381403E-12
   0.112270E+05   0.591999E-11   0.867765E-11  -0.375590E-11
   0.112280E+05   0.929870E-11   0.218731E-10   0.107941E-11
   0.112290E+05   0.141843E-10   0.401598E-10   0.724582E-11
   0.112300E+05   0.867278E-11   0.258738E-10   0.517248E-11
   0.112310E+05  -0.488977E-11  -0.138491E-10  -0.327135E-11
   0.112320E+05  -0.130887E-10  -0.368123E-10  -0.735907E-11
   0.112330E+05  -0.100642E-10  -0.244131E-10  -0.245187E-11
   0.112340E+05  -0.559167E-11  -0.737575E-11   0.354081E-11
   0.112350E+05  -0.113274E-10  -0.226055E-10   0.121185E-11
   0.112360E+05  -0.244003E-10  -0.613278E-10  -0.718743E-11
   0.112370E+05  -0.312621E-10  -0.809263E-10  -0.108481E-10
   0.112380E+05  -0.264613E-10  -0.640755E-10  -0.545531E-11
   0.112390E+05  -0.201702E-10  -0.427301E-10   0.800048E-12
   0.112400E+05  -0.239462E-10  -0.534470E-10  -0.135004E-11
   0.112410E+05  -0.345571E-10  -0.862642E-10  -0.930864E-11
   0.112420E+05  -0.384169E-10  -0.984012E-10  -0.122132E-10
   0.112430E+05  -0.304570E-10  -0.737116E-10  -0.606946E-11
   0.112440E+05  -0.211412E-10  -0.450481E-10   0.682384E-12
   0.112450E+05  -0.218682E-10  -0.484238E-10  -0.106296E-11
   0.112460E+05  -0.291372E-10  -0.729446E-10  -0.838398E-11
   0.112470E+05  -0.295517E-10  -0.763221E-10  -0.104254E-10
   0.112480E+05  -0.186497E-10  -0.442428E-10  -0.357022E-11
   0.112490E+05  -0.726131E-11  -0.106857E-10   0.347953E-11
   0.112500E+05  -0.651689E-11  -0.108155E-10   0.181343E-11
   0.112510E+05  -0.124371E-10  -0.322145E-10  -0.527623E-11
   0.112520E+05  -0.116215E-10  -0.325454E-10  -0.690665E-11
   0.112530E+05  -0.932137E-13   0.100589E-11   0.184355E-12
   0.112540E+05   0.110243E-10   0.335275E-10   0.705438E-11
   0.112550E+05   0.109445E-10   0.308952E-10   0.501098E-11
   0.112560E+05   0.422217E-11   0.729762E-11  -0.226446E-11
   0.112570E+05   0.435641E-11   0.536023E-11  -0.385117E-11
   0.112580E+05   0.148920E-10   0.365250E-10   0.316452E-11
   0.112590E+05   0.244033E-10   0.649077E-10   0.960283E-11
   0.112600E+05   0.223941E-10   0.572624E-10   0.698389E-11
   0.112610E+05   0.139433E-10   0.293881E-10  -0.636224E-12
   0.112620E+05   0.126400E-10   0.241649E-10  -0.231015E-11
   0.112630E+05   0.216340E-10   0.517690E-10   0.453217E-11
   0.112640E+05   0.292364E-10   0.754656E-10   0.104899E-10
   0.112650E+05   0.252272E-10   0.628587E-10   0.730103E-11
   0.112660E+05   0.151291E-10   0.311318E-10  -0.623580E-12
   0.112670E+05   0.125199E-10   0.231216E-10  -0.234239E-11
   0.112680E+05   0.200939E-10   0.475592E-10   0.435325E-11
   0.112690E+05   0.259045E-10   0.668754E-10   0.984933E-11
   0.112700E+05   0.200539E-10   0.496624E-10   0.612032E-11
   0.112710E+05   0.855783E-11   0.146343E-10  -0.205876E-11
   0.112720E+05   0.502208E-11   0.470082E-11  -0.375166E-11
   0.112730E+05   0.117223E-10   0.272553E-10   0.289441E-11
   0.112740E+05   0.164817E-10   0.439803E-10   0.806605E-11
   0.112750E+05   0.972091E-11   0.244498E-10   0.398081E-11
   0.112760E+05  -0.210016E-11  -0.112271E-10  -0.423536E-11
   0.112770E+05  -0.541193E-11  -0.202475E-10  -0.567470E-11
   0.112780E+05   0.160806E-11   0.336129E-11   0.115033E-11
   0.112790E+05   0.656238E-11   0.205861E-10   0.623825E-11
   0.112800E+05   0.198863E-12   0.203627E-11   0.206129E-11
   0.112810E+05  -0.106298E-10  -0.309157E-10  -0.591691E-11
   0.112820E+05  -0.125240E-10  -0.359520E-10  -0.685601E-11
   0.112830E+05  -0.428601E-11  -0.901529E-11   0.324117E-12
   0.112840E+05   0.133176E-11   0.979708E-11   0.541011E-11
   0.112850E+05  -0.463389E-11  -0.798184E-11   0.112676E-11
   0.112860E+05  -0.148651E-10  -0.395100E-10  -0.671119E-11
   0.112870E+05  -0.159763E-10  -0.425095E-10  -0.730407E-11
   0.112880E+05  -0.721270E-11  -0.143157E-10   0.603721E-13
   0.112890E+05  -0.153800E-11   0.430305E-11   0.499731E-11
   0.112900E+05  -0.756199E-11  -0.140180E-10   0.505148E-12
   0.112910E+05  -0.175107E-10  -0.450082E-10  -0.725692E-11
   0.112920E+05  -0.180508E-10  -0.465558E-10  -0.754879E-11
   0.112930E+05  -0.889498E-11  -0.174708E-10  -0.345880E-13
   0.112940E+05  -0.322490E-11   0.785423E-12   0.473530E-11
   0.112950E+05  -0.930751E-11  -0.180819E-10   0.368655E-13
   0.112960E+05  -0.189390E-10  -0.484537E-10  -0.763640E-11
   0.112970E+05  -0.188598E-10  -0.484517E-10  -0.761819E-11
   0.112980E+05  -0.924201E-11  -0.183332E-10   0.514662E-13
   0.112990E+05  -0.345332E-11  -0.148904E-12   0.467273E-11
   0.113000E+05  -0.940118E-11  -0.190636E-10  -0.189513E-12
   0.113010E+05  -0.184781E-10  -0.481814E-10  -0.771702E-11
   0.113020E+05  -0.175542E-10  -0.460211E-10  -0.733918E-11
   0.113030E+05  -0.730805E-11  -0.144249E-10   0.515666E-12
   0.113040E+05  -0.130719E-11   0.392799E-11   0.500304E-11
   0.113050E+05  -0.708820E-11  -0.149627E-10  -0.143422E-13
   0.113060E+05  -0.156196E-10  -0.428680E-10  -0.739319E-11
   0.113070E+05  -0.138726E-10  -0.386240E-10  -0.666097E-11
   0.113080E+05  -0.298684E-11  -0.552472E-11   0.137518E-11
   0.113090E+05   0.332407E-11   0.132849E-10   0.574728E-11
   0.113100E+05  -0.207074E-11  -0.492493E-11   0.630359E-12
   0.113110E+05  -0.972313E-11  -0.306147E-10  -0.651356E-11
   0.113120E+05  -0.675118E-11  -0.230730E-10  -0.532960E-11
   0.113130E+05   0.518560E-11   0.127875E-10   0.298217E-11
   0.113140E+05   0.121756E-10   0.332222E-10   0.732783E-11
   0.113150E+05   0.745431E-11   0.166782E-10   0.219323E-11
   0.113160E+05   0.854720E-12  -0.607038E-11  -0.465158E-11
   0.113170E+05   0.507716E-11   0.514320E-11  -0.298534E-11
   0.113180E+05   0.178869E-10   0.436311E-10   0.558595E-11
   0.113190E+05   0.250840E-10   0.647875E-10   0.982989E-11
   0.113200E+05   0.201605E-10   0.479109E-10   0.452258E-11
   0.113210E+05   0.132625E-10   0.247881E-10  -0.228072E-11
   0.113220E+05   0.169436E-10   0.351229E-10  -0.494461E-12
   0.113230E+05   0.285479E-10   0.708795E-10   0.790335E-11
   0.113240E+05   0.337935E-10   0.871695E-10   0.115966E-10
   0.113250E+05   0.265926E-10   0.645976E-10   0.569321E-11
   0.113260E+05   0.174903E-10   0.361845E-10  -0.145388E-11
   0.113270E+05   0.189438E-10   0.412873E-10   0.105733E-12
   0.113280E+05   0.279502E-10   0.707150E-10   0.803750E-11
   0.113290E+05   0.302456E-10   0.795704E-10   0.109720E-10
   0.113300E+05   0.202278E-10   0.499406E-10   0.436840E-11
   0.113310E+05   0.881928E-11   0.160074E-10  -0.313439E-11
   0.113320E+05   0.828946E-11   0.165108E-10  -0.175110E-11
   0.113330E+05   0.151956E-10   0.408371E-10   0.580613E-11
   0.113340E+05   0.152468E-10   0.439600E-10   0.811385E-11
   0.113350E+05   0.332454E-11   0.945292E-11   0.987476E-12
   0.113360E+05  -0.926957E-11  -0.273271E-10  -0.665242E-11
   0.113370E+05  -0.104708E-10  -0.282941E-10  -0.519714E-11
   0.113380E+05  -0.418899E-11  -0.554575E-11   0.225951E-11
   0.113390E+05  -0.476200E-11  -0.427558E-11   0.424574E-11
   0.113400E+05  -0.168359E-10  -0.394397E-10  -0.306334E-11
   0.113410E+05  -0.287412E-10  -0.745318E-10  -0.104737E-10
   0.113420E+05  -0.286416E-10  -0.721811E-10  -0.856642E-11
   0.113430E+05  -0.209556E-10  -0.460705E-10  -0.823903E-12
   0.113440E+05  -0.201255E-10  -0.416976E-10   0.123179E-11
   0.113450E+05  -0.303861E-10  -0.726983E-10  -0.587202E-11
   0.113460E+05  -0.397474E-10  -0.101537E-09  -0.126838E-10
   0.113470E+05  -0.366275E-10  -0.916261E-10  -0.998775E-11
   0.113480E+05  -0.259770E-10  -0.582919E-10  -0.165856E-11
   0.113490E+05  -0.223950E-10  -0.474705E-10   0.729836E-12
   0.113500E+05  -0.297850E-10  -0.716857E-10  -0.595552E-11
   0.113510E+05  -0.358955E-10  -0.925227E-10  -0.120238E-10
   0.113520E+05  -0.293860E-10  -0.741227E-10  -0.846641E-11
   0.113530E+05  -0.156721E-10  -0.332524E-10   0.468049E-12
   0.113540E+05  -0.947646E-11  -0.161870E-10   0.317062E-11
   0.113550E+05  -0.144507E-10  -0.345715E-10  -0.316683E-11
   0.113560E+05  -0.182431E-10  -0.495917E-10  -0.865948E-11
   0.113570E+05  -0.987021E-11  -0.264712E-10  -0.454186E-11
   0.113580E+05   0.482976E-11   0.166863E-10   0.457337E-11
   0.113590E+05   0.111996E-10   0.337948E-10   0.709366E-11
   0.113600E+05   0.606029E-11   0.147013E-10   0.588328E-12
   0.113610E+05   0.200923E-11  -0.986810E-12  -0.483939E-11
   0.113620E+05   0.974013E-11   0.205910E-10  -0.661779E-12
   0.113630E+05   0.230539E-10   0.601486E-10   0.815909E-11
   0.113640E+05   0.274651E-10   0.720738E-10   0.100789E-10
   0.113650E+05   0.203879E-10   0.480306E-10   0.307363E-11
   0.113660E+05   0.147261E-10   0.285725E-10  -0.253008E-11
   0.113670E+05   0.208460E-10   0.465191E-10   0.153999E-11
   0.113680E+05   0.320799E-10   0.810836E-10   0.994947E-11
   0.113690E+05   0.340016E-10   0.868024E-10   0.111856E-10
   0.113700E+05   0.245523E-10   0.569655E-10   0.361865E-11
   0.113710E+05   0.169363E-10   0.330514E-10  -0.221024E-11
   0.113720E+05   0.212252E-10   0.469346E-10   0.171583E-11
   0.113730E+05   0.303183E-10   0.764405E-10   0.970211E-11
   0.113740E+05   0.298548E-10   0.762823E-10   0.102788E-10
   0.113750E+05   0.182713E-10   0.412876E-10   0.220645E-11
   0.113760E+05   0.902895E-11   0.137256E-10  -0.377801E-11
   0.113770E+05   0.118877E-10   0.244668E-10   0.750157E-13
   0.113780E+05   0.193416E-10   0.500294E-10   0.772003E-11
   0.113790E+05   0.171523E-10   0.454817E-10   0.775380E-11
   0.113800E+05   0.431000E-11   0.737114E-11  -0.656119E-12
   0.113810E+05  -0.542808E-11  -0.211177E-10  -0.657455E-11
   0.113820E+05  -0.260456E-11  -0.100859E-10  -0.252388E-11
   0.113830E+05   0.482528E-11   0.155577E-10   0.509355E-11
   0.113840E+05   0.262708E-11   0.109053E-10   0.492388E-11
   0.113850E+05  -0.982553E-11  -0.262511E-10  -0.349405E-11
   0.113860E+05  -0.186140E-10  -0.521844E-10  -0.906460E-11
   0.113870E+05  -0.145938E-10  -0.379764E-10  -0.458969E-11
   0.113880E+05  -0.605589E-11  -0.961041E-11   0.320348E-11
   0.113890E+05  -0.710797E-11  -0.115921E-10   0.305000E-11
   0.113900E+05  -0.179958E-10  -0.448774E-10  -0.513759E-11
   0.113910E+05  -0.247952E-10  -0.656411E-10  -0.101469E-10
   0.113920E+05  -0.188726E-10  -0.465187E-10  -0.511214E-11
   0.113930E+05  -0.895012E-11  -0.148473E-10   0.289643E-11
   0.113940E+05  -0.895724E-11  -0.145860E-10   0.272359E-11
   0.113950E+05  -0.186411E-10  -0.451046E-10  -0.531612E-11
   0.113960E+05  -0.239965E-10  -0.622679E-10  -0.988498E-11
   0.113970E+05  -0.168944E-10  -0.402529E-10  -0.445486E-11
   0.113980E+05  -0.648695E-11  -0.775071E-11   0.356517E-11
   0.113990E+05  -0.645266E-11  -0.797163E-11   0.315496E-11
   0.114000E+05  -0.158915E-10  -0.382864E-10  -0.493485E-11
   0.114010E+05  -0.205651E-10  -0.538311E-10  -0.921630E-11
   0.114020E+05  -0.127810E-10  -0.301393E-10  -0.349066E-11
   0.114030E+05  -0.216961E-11   0.260064E-11   0.448741E-11
   0.114040E+05  -0.228499E-11   0.156040E-11   0.381273E-11
   0.114050E+05  -0.117020E-10  -0.289912E-10  -0.435580E-11
   0.114060E+05  -0.159954E-10  -0.436059E-10  -0.840020E-11
   0.114070E+05  -0.786457E-11  -0.190492E-10  -0.244730E-11
   0.114080E+05   0.266740E-11   0.132496E-10   0.542818E-11
   0.114090E+05   0.222460E-11   0.110126E-10   0.445862E-11
   0.114100E+05  -0.726019E-11  -0.198974E-10  -0.379185E-11
   0.114110E+05  -0.112383E-10  -0.336378E-10  -0.759924E-11
   0.114120E+05  -0.285004E-11  -0.836083E-11  -0.143423E-11
   0.114130E+05   0.749177E-11   0.232669E-10   0.631382E-11
   0.114140E+05   0.663668E-11   0.196586E-10   0.503525E-11
   0.114150E+05  -0.291225E-11  -0.115402E-10  -0.328526E-11
   0.114160E+05  -0.642399E-11  -0.239174E-10  -0.681264E-11
   0.114170E+05   0.256208E-11   0.311427E-11  -0.357038E-12
   0.114180E+05   0.132388E-10   0.356416E-10   0.738238E-11
   0.114190E+05   0.125908E-10   0.325115E-10   0.594230E-11
   0.114200E+05   0.351901E-11   0.265646E-11  -0.231160E-11
   0.114210E+05   0.764594E-12  -0.743683E-11  -0.548178E-11
   0.114220E+05   0.103290E-10   0.213957E-10   0.126376E-11
   0.114230E+05   0.211064E-10   0.542897E-10   0.894552E-11
   0.114240E+05   0.203863E-10   0.510377E-10   0.729650E-11
   0.114250E+05   0.115649E-10   0.221493E-10  -0.913855E-12
   0.114260E+05   0.932542E-11   0.139876E-10  -0.375050E-11
   0.114270E+05   0.190189E-10   0.437292E-10   0.321036E-11
   0.114280E+05   0.290586E-10   0.750176E-10   0.106716E-10
   0.114290E+05   0.269834E-10   0.684105E-10   0.855687E-11
   0.114300E+05   0.167787E-10   0.362439E-10   0.586114E-13
   0.114310E+05   0.132517E-10   0.252592E-10  -0.281989E-11
   0.114320E+05   0.212853E-10   0.511563E-10   0.397289E-11
   0.114330E+05   0.289449E-10   0.764623E-10   0.108585E-10
   0.114340E+05   0.241055E-10   0.627413E-10   0.797936E-11
   0.114350E+05   0.114157E-10   0.243515E-10  -0.103467E-11
   0.114360E+05   0.588769E-11   0.862532E-11  -0.410442E-11
   0.114370E+05   0.120060E-10   0.299715E-10   0.245944E-11
   0.114380E+05   0.174962E-10   0.498174E-10   0.880513E-11
   0.114390E+05   0.104840E-10   0.304858E-10   0.528246E-11
   0.114400E+05  -0.386710E-11  -0.120730E-10  -0.407684E-11
   0.114410E+05  -0.104615E-10  -0.302900E-10  -0.715561E-11
   0.114420E+05  -0.523160E-11  -0.110939E-10  -0.634723E-12
   0.114430E+05  -0.708075E-12   0.610594E-11   0.538851E-11
   0.114440E+05  -0.841097E-11  -0.152822E-10   0.150612E-11
   0.114450E+05  -0.226317E-10  -0.576083E-10  -0.784145E-11
   0.114460E+05  -0.282708E-10  -0.732825E-10  -0.105257E-10
   0.114470E+05  -0.218285E-10  -0.509965E-10  -0.363594E-11
   0.114480E+05  -0.162475E-10  -0.314300E-10   0.245764E-11
   0.114490E+05  -0.228006E-10  -0.503791E-10  -0.142547E-11
   0.114500E+05  -0.352671E-10  -0.885708E-10  -0.104442E-10
   0.114510E+05  -0.385016E-10  -0.982593E-10  -0.124575E-10
   0.114520E+05  -0.294886E-10  -0.696402E-10  -0.494612E-11
   0.114530E+05  -0.215218E-10  -0.444700E-10   0.146947E-11
   0.114540E+05  -0.256557E-10  -0.578183E-10  -0.216100E-11
   0.114550E+05  -0.352849E-10  -0.891527E-10  -0.106271E-10
   0.114560E+05  -0.353723E-10  -0.910171E-10  -0.118207E-10
   0.114570E+05  -0.234611E-10  -0.553252E-10  -0.363446E-11
   0.114580E+05  -0.131392E-10  -0.247316E-10   0.308268E-11
   0.114590E+05  -0.150958E-10  -0.331358E-10  -0.345719E-12
   0.114600E+05  -0.222085E-10  -0.583485E-10  -0.831073E-11
   0.114610E+05  -0.195195E-10  -0.531163E-10  -0.873972E-11
   0.114620E+05  -0.522644E-11  -0.113514E-10   0.369703E-13
   0.114630E+05   0.661834E-11   0.228893E-10   0.690938E-11
   0.114640E+05   0.553313E-11   0.164010E-10   0.344472E-11
   0.114650E+05  -0.903337E-12  -0.717314E-11  -0.436886E-11
   0.114660E+05   0.226474E-11  -0.586128E-12  -0.448834E-11
   0.114670E+05   0.163733E-10   0.407738E-10   0.435709E-11
   0.114680E+05   0.271218E-10   0.720582E-10   0.108533E-10
   0.114690E+05   0.243992E-10   0.612153E-10   0.685541E-11
   0.114700E+05   0.163312E-10   0.335828E-10  -0.125326E-11
   0.114710E+05   0.179302E-10   0.365428E-10  -0.145781E-11
   0.114720E+05   0.301302E-10   0.733929E-10   0.712401E-11
   0.114730E+05   0.384344E-10   0.986276E-10   0.129927E-10
   0.114740E+05   0.330870E-10   0.812900E-10   0.829445E-11
   0.114750E+05   0.226585E-10   0.481020E-10  -0.220876E-12
   0.114760E+05   0.220870E-10   0.461886E-10  -0.607617E-12
   0.114770E+05   0.318366E-10   0.773293E-10   0.760927E-11
   0.114780E+05   0.372482E-10   0.954620E-10   0.127614E-10
   0.114790E+05   0.290129E-10   0.709963E-10   0.731512E-11
   0.114800E+05   0.162163E-10   0.322464E-10  -0.160045E-11
   0.114810E+05   0.137303E-10   0.261025E-10  -0.211679E-11
   0.114820E+05   0.215102E-10   0.527158E-10   0.582313E-11
   0.114830E+05   0.246899E-10   0.653438E-10   0.103808E-10
   0.114840E+05   0.143832E-10   0.356990E-10   0.434450E-11
   0.114850E+05   0.193913E-12  -0.630115E-11  -0.478045E-11
   0.114860E+05  -0.304924E-11  -0.139283E-10  -0.520676E-11
   0.114870E+05   0.412630E-11   0.114282E-10   0.271003E-11
   0.114880E+05   0.664394E-11   0.223566E-10   0.697088E-11
   0.114890E+05  -0.401849E-11  -0.827906E-11   0.681156E-12
   0.114900E+05  -0.178456E-10  -0.492574E-10  -0.830626E-11
   0.114910E+05  -0.201599E-10  -0.543232E-10  -0.831981E-11
   0.114920E+05  -0.120319E-10  -0.265743E-10  -0.142437E-12
   0.114930E+05  -0.874307E-11  -0.140565E-10   0.407808E-11
   0.114940E+05  -0.183949E-10  -0.425595E-10  -0.221351E-11
   0.114950E+05  -0.304768E-10  -0.792845E-10  -0.107997E-10
   0.114960E+05  -0.303820E-10  -0.781916E-10  -0.101135E-10
   0.114970E+05  -0.197007E-10  -0.439999E-10  -0.135947E-11
   0.114980E+05  -0.140200E-10  -0.256674E-10   0.315288E-11
   0.114990E+05  -0.212674E-10  -0.483468E-10  -0.284253E-11
   0.115000E+05  -0.307466E-10  -0.785608E-10  -0.108405E-10
   0.115010E+05  -0.281342E-10  -0.711054E-10  -0.943816E-11
   0.115020E+05  -0.155327E-10  -0.323031E-10  -0.260382E-12
   0.115030E+05  -0.862526E-11  -0.114204E-10   0.427879E-11
   0.115040E+05  -0.148925E-10  -0.321885E-10  -0.172854E-11
   0.115050E+05  -0.232527E-10  -0.598839E-10  -0.944969E-11
   0.115060E+05  -0.195690E-10  -0.498746E-10  -0.763430E-11
   0.115070E+05  -0.640597E-11  -0.995781E-11   0.168210E-11
   0.115080E+05   0.511361E-12   0.104320E-10   0.600169E-11
   0.115090E+05  -0.580597E-11  -0.109060E-10  -0.210589E-12
   0.115100E+05  -0.138997E-10  -0.380529E-10  -0.780442E-11
   0.115110E+05  -0.988908E-11  -0.271690E-10  -0.570916E-11
   0.115120E+05   0.312024E-11   0.122353E-10   0.360989E-11
   0.115130E+05   0.932995E-11   0.304664E-10   0.757336E-11
   0.115140E+05   0.227303E-11   0.694145E-11   0.103180E-11
   0.115150E+05  -0.615502E-11  -0.210532E-10  -0.653912E-11
   0.115160E+05  -0.227941E-11  -0.103297E-10  -0.424659E-11
   0.115170E+05   0.102697E-10   0.279395E-10   0.501875E-11
   0.115180E+05   0.156048E-10   0.437620E-10   0.860245E-11
   0.115190E+05   0.774889E-11   0.180840E-10   0.173907E-11
   0.115200E+05  -0.987987E-12  -0.105114E-10  -0.578239E-11
   0.115210E+05   0.286533E-11   0.512244E-12  -0.325633E-11
   0.115220E+05   0.151692E-10   0.383653E-10   0.600558E-11
   0.115230E+05   0.199386E-10   0.527451E-10   0.928269E-11
   0.115240E+05   0.116319E-10   0.259815E-10   0.218727E-11
   0.115250E+05   0.289366E-11  -0.227155E-11  -0.520295E-11
   0.115260E+05   0.693635E-11   0.970885E-11  -0.239175E-11
   0.115270E+05   0.191055E-10   0.474985E-10   0.688774E-11
   0.115280E+05   0.233377E-10   0.605434E-10   0.986326E-11
   0.115290E+05   0.145332E-10   0.325856E-10   0.253193E-11
   0.115300E+05   0.567196E-11   0.436296E-11  -0.474552E-11
   0.115310E+05   0.974652E-11   0.169096E-10  -0.168136E-11
   0.115320E+05   0.216748E-10   0.544290E-10   0.759226E-11
   0.115330E+05   0.253783E-10   0.663045E-10   0.102765E-10
   0.115340E+05   0.161409E-10   0.375159E-10   0.274405E-11
   0.115350E+05   0.708434E-11   0.931082E-11  -0.441454E-11
   0.115360E+05   0.107671E-10   0.213984E-10  -0.117992E-11
   0.115370E+05   0.215992E-10   0.563673E-10   0.789901E-11
   0.115380E+05   0.236016E-10   0.638613E-10   0.100327E-10
   0.115390E+05   0.126687E-10   0.307477E-10   0.202566E-11
   0.115400E+05   0.226636E-11  -0.640636E-12  -0.526308E-11
   0.115410E+05   0.462370E-11   0.837168E-11  -0.206817E-11
   0.115420E+05   0.136747E-10   0.388410E-10   0.665337E-11
   0.115430E+05   0.135613E-10   0.407248E-10   0.813559E-11
   0.115440E+05   0.826968E-12   0.287346E-11  -0.373408E-12
   0.115450E+05  -0.106843E-10  -0.312157E-10  -0.774759E-11
   0.115460E+05  -0.907398E-11  -0.239120E-10  -0.448515E-11
   0.115470E+05  -0.919372E-12   0.421182E-11   0.404333E-11
   0.115480E+05  -0.200449E-11   0.330453E-11   0.509585E-11
   0.115490E+05  -0.151765E-10  -0.359038E-10  -0.364045E-11
   0.115500E+05  -0.262469E-10  -0.688398E-10  -0.107874E-10
   0.115510E+05  -0.236900E-10  -0.590282E-10  -0.712410E-11
   0.115520E+05  -0.146641E-10  -0.288465E-10   0.155422E-11
   0.115530E+05  -0.149751E-10  -0.282010E-10   0.252017E-11
   0.115540E+05  -0.269576E-10  -0.647372E-10  -0.611695E-11
   0.115550E+05  -0.361357E-10  -0.929614E-10  -0.127474E-10
   0.115560E+05  -0.313564E-10  -0.775502E-10  -0.843949E-11
   0.115570E+05  -0.203283E-10  -0.425919E-10   0.597575E-12
   0.115580E+05  -0.188756E-10  -0.380202E-10   0.166347E-11
   0.115590E+05  -0.288650E-10  -0.699707E-10  -0.671631E-11
   0.115600E+05  -0.355874E-10  -0.921765E-10  -0.127206E-10
   0.115610E+05  -0.282597E-10  -0.704598E-10  -0.771440E-11
   0.115620E+05  -0.150732E-10  -0.304237E-10   0.169796E-11
   0.115630E+05  -0.118004E-10  -0.218304E-10   0.286939E-11
   0.115640E+05  -0.198443E-10  -0.493144E-10  -0.525641E-11
   0.115650E+05  -0.243286E-10  -0.660263E-10  -0.106707E-10
   0.115660E+05  -0.148792E-10  -0.390371E-10  -0.505119E-11
   0.115670E+05  -0.105029E-12   0.473212E-11   0.462205E-11
   0.115680E+05   0.439970E-11   0.160674E-10   0.579567E-11
   0.115690E+05  -0.224206E-11  -0.798806E-11  -0.215180E-11
   0.115700E+05  -0.508495E-11  -0.202973E-10  -0.705637E-11
   0.115710E+05   0.561989E-11   0.101769E-10  -0.968044E-12
   0.115720E+05   0.206565E-10   0.546350E-10   0.871689E-11
   0.115730E+05   0.245784E-10   0.643100E-10   0.954082E-11
   0.115740E+05   0.171756E-10   0.383139E-10   0.135052E-11
   0.115750E+05   0.136800E-10   0.246805E-10  -0.349513E-11
   0.115760E+05   0.233921E-10   0.530508E-10   0.261372E-11
   0.115770E+05   0.365721E-10   0.929766E-10   0.118872E-10
   0.115780E+05   0.379370E-10   0.961688E-10   0.119763E-10
   0.115790E+05   0.279552E-10   0.638190E-10   0.319865E-11
   0.115800E+05   0.221950E-10   0.449701E-10  -0.189229E-11
   0.115810E+05   0.295852E-10   0.680613E-10   0.398127E-11
   0.115820E+05   0.399136E-10   0.101129E-09   0.126513E-10
   0.115830E+05   0.380435E-10   0.963087E-10   0.118833E-10
   0.115840E+05   0.250493E-10   0.566508E-10   0.244931E-11
   0.115850E+05   0.167701E-10   0.320064E-10  -0.292786E-11
   0.115860E+05   0.217661E-10   0.496132E-10   0.269033E-11
   0.115870E+05   0.294230E-10   0.762027E-10   0.107796E-10
   0.115880E+05   0.248284E-10   0.645752E-10   0.924943E-11
   0.115890E+05   0.968409E-11   0.197225E-10  -0.665762E-12
   0.115900E+05   0.546739E-13  -0.781990E-11  -0.609355E-11
   0.115910E+05   0.405047E-11   0.775417E-11  -0.459801E-12
   0.115920E+05   0.105694E-10   0.316305E-10   0.734112E-11
   0.115930E+05   0.483750E-11   0.170378E-10   0.535386E-11
   0.115940E+05  -0.108979E-10  -0.293160E-10  -0.474189E-11
   0.115950E+05  -0.203917E-10  -0.563302E-10  -0.994320E-11
   0.115960E+05  -0.159525E-10  -0.395279E-10  -0.403888E-11
   0.115970E+05  -0.907277E-11  -0.149706E-10   0.373614E-11
   0.115980E+05  -0.142969E-10  -0.287178E-10   0.159455E-11
   0.115990E+05  -0.288206E-10  -0.722997E-10  -0.833481E-11
   0.116000E+05  -0.362932E-10  -0.942541E-10  -0.129447E-10
   0.116010E+05  -0.295322E-10  -0.716771E-10  -0.641259E-11
   0.116020E+05  -0.204569E-10  -0.419566E-10   0.168572E-11
   0.116030E+05  -0.233713E-10  -0.503778E-10  -0.253895E-12
   0.116040E+05  -0.349336E-10  -0.867365E-10  -0.965534E-11
   0.116050E+05  -0.388038E-10  -0.995295E-10  -0.133425E-10
   0.116060E+05  -0.285152E-10  -0.680144E-10  -0.593487E-11
   0.116070E+05  -0.166274E-10  -0.315167E-10   0.260854E-11
   0.116080E+05  -0.173229E-10  -0.348916E-10   0.849040E-12
   0.116090E+05  -0.266927E-10  -0.661237E-10  -0.818431E-11
   0.116100E+05  -0.282503E-10  -0.732259E-10  -0.112213E-10
   0.116110E+05  -0.160379E-10  -0.370294E-10  -0.328226E-11
   0.116120E+05  -0.308935E-11   0.167533E-11   0.533496E-11
   0.116130E+05  -0.338561E-11  -0.131687E-11   0.338461E-11
   0.116140E+05  -0.124263E-10  -0.321343E-10  -0.564840E-11
   0.116150E+05  -0.135379E-10  -0.382220E-10  -0.840350E-11
   0.116160E+05  -0.117228E-11  -0.172884E-11  -0.286770E-12
   0.116170E+05   0.112822E-10   0.354169E-10   0.809787E-11
   0.116180E+05   0.101029E-10   0.298106E-10   0.571937E-11
   0.116190E+05   0.332094E-12  -0.297795E-11  -0.349520E-11
   0.116200E+05  -0.127498E-11  -0.101512E-10  -0.613132E-11
   0.116210E+05   0.103565E-10   0.246262E-10   0.199793E-11
   0.116220E+05   0.215180E-10   0.583854E-10   0.999767E-11
   0.116230E+05   0.188440E-10   0.488155E-10   0.708463E-11
   0.116240E+05   0.800139E-11   0.134323E-10  -0.235350E-11
   0.116250E+05   0.583892E-11   0.531485E-11  -0.485557E-11
   0.116260E+05   0.168965E-10   0.391066E-10   0.333927E-11
   0.116270E+05   0.270347E-10   0.704798E-10   0.110273E-10
   0.116280E+05   0.231122E-10   0.578363E-10   0.765200E-11
   0.116290E+05   0.113042E-10   0.202993E-10  -0.196696E-11
   0.116300E+05   0.850451E-11   0.110881E-10  -0.434364E-11
   0.116310E+05   0.187744E-10   0.433207E-10   0.386538E-11
   0.116320E+05   0.276782E-10   0.717108E-10   0.111872E-10
   0.116330E+05   0.224265E-10   0.557502E-10   0.733180E-11
   0.116340E+05   0.974072E-11   0.162791E-10  -0.244280E-11
   0.116350E+05   0.649990E-11   0.647442E-11  -0.465109E-11
   0.116360E+05   0.161952E-10   0.376572E-10   0.360688E-11
   0.116370E+05   0.240527E-10   0.634646E-10   0.105877E-10
   0.116380E+05   0.176739E-10   0.446029E-10   0.628680E-11
   0.116390E+05   0.441530E-11   0.389925E-11  -0.358007E-11
   0.116400E+05   0.121457E-11  -0.528965E-11  -0.552073E-11
   0.116410E+05   0.109869E-10   0.265539E-10   0.291683E-11
   0.116420E+05   0.185047E-10   0.516651E-10   0.970087E-11
   0.116430E+05   0.115632E-10   0.313982E-10   0.507615E-11
   0.116440E+05  -0.203226E-11  -0.997785E-11  -0.483047E-11
   0.116450E+05  -0.535321E-11  -0.191328E-10  -0.654740E-11
   0.116460E+05   0.403149E-11   0.119052E-10   0.194631E-11
   0.116470E+05   0.106235E-10   0.344973E-10   0.838146E-11
   0.116480E+05   0.256579E-11   0.110890E-10   0.329633E-11
   0.116490E+05  -0.118247E-10  -0.324344E-10  -0.676022E-11
   0.116500E+05  -0.156062E-10  -0.427167E-10  -0.834388E-11
   0.116510E+05  -0.675641E-11  -0.131243E-10   0.148450E-12
   0.116520E+05  -0.897974E-12   0.724873E-11   0.625221E-11
   0.116530E+05  -0.941625E-11  -0.177048E-10   0.836363E-12
   0.116540E+05  -0.234979E-10  -0.605318E-10  -0.913577E-11
   0.116550E+05  -0.263668E-10  -0.683697E-10  -0.102994E-10
   0.116560E+05  -0.166535E-10  -0.366221E-10  -0.152825E-11
   0.116570E+05  -0.102783E-10  -0.153223E-10   0.448837E-11
   0.116580E+05  -0.181871E-10  -0.392019E-10  -0.104718E-11
   0.116590E+05  -0.309908E-10  -0.789943E-10  -0.107413E-10
   0.116600E+05  -0.319779E-10  -0.820246E-10  -0.112951E-10
   0.116610E+05  -0.203956E-10  -0.456139E-10  -0.205199E-11
   0.116620E+05  -0.125308E-10  -0.209164E-10   0.406836E-11
   0.116630E+05  -0.190371E-10  -0.417049E-10  -0.142317E-11
   0.116640E+05  -0.300953E-10  -0.773221E-10  -0.107406E-10
   0.116650E+05  -0.291091E-10  -0.754379E-10  -0.106745E-10
   0.116660E+05  -0.158624E-10  -0.350620E-10  -0.102218E-11
   0.116670E+05  -0.684671E-11  -0.799487E-11   0.511404E-11
   0.116680E+05  -0.122813E-10  -0.266286E-10  -0.404806E-12
   0.116690E+05  -0.218629E-10  -0.587581E-10  -0.939253E-11
   0.116700E+05  -0.191400E-10  -0.524926E-10  -0.874749E-11
   0.116710E+05  -0.449263E-11  -0.871511E-11   0.126252E-11
   0.116720E+05   0.533633E-11   0.199850E-10   0.735050E-11
   0.116730E+05   0.543345E-12   0.254152E-11   0.173111E-11
   0.116740E+05  -0.806698E-11  -0.272379E-10  -0.700976E-11
   0.116750E+05  -0.412511E-11  -0.177107E-10  -0.587369E-11
   0.116760E+05   0.114796E-10   0.286286E-10   0.442040E-11
   0.116770E+05   0.217886E-10   0.585166E-10   0.104200E-10
   0.116780E+05   0.173217E-10   0.419470E-10   0.467952E-11
   0.116790E+05   0.917000E-11   0.136986E-10  -0.387113E-11
   0.116800E+05   0.134004E-10   0.245111E-10  -0.239997E-11
   0.116810E+05   0.285271E-10   0.700137E-10   0.790051E-11
   0.116820E+05   0.374656E-10   0.965181E-10   0.134422E-10
   0.116830E+05   0.312411E-10   0.755952E-10   0.716833E-11
   0.116840E+05   0.213905E-10   0.434363E-10  -0.161789E-11
   0.116850E+05   0.237719E-10   0.501273E-10  -0.241623E-12
   0.116860E+05   0.363800E-10   0.896226E-10   0.964624E-11
   0.116870E+05   0.421192E-10   0.108122E-09   0.143572E-10
   0.116880E+05   0.326596E-10   0.791494E-10   0.726007E-11
   0.116890E+05   0.200774E-10   0.405530E-10  -0.195488E-11
   0.116900E+05   0.200218E-10   0.417380E-10  -0.782950E-12
   0.116910E+05   0.298928E-10   0.747548E-10   0.864770E-11
   0.116920E+05   0.325013E-10   0.854525E-10   0.125395E-10
   0.116930E+05   0.201308E-10   0.492279E-10   0.468711E-11
   0.116940E+05   0.542779E-11   0.567722E-11  -0.483105E-11
   0.116950E+05   0.388322E-11   0.368182E-11  -0.367843E-11
   0.116960E+05   0.123088E-10   0.334226E-10   0.554229E-11
   0.116970E+05   0.133362E-10   0.401748E-10   0.891719E-11
   0.116980E+05  -0.302263E-12   0.745833E-12   0.636479E-12
   0.116990E+05  -0.155585E-10  -0.440014E-10  -0.887836E-11
   0.117000E+05  -0.171767E-10  -0.459344E-10  -0.748743E-11
   0.117010E+05  -0.888090E-11  -0.165822E-10   0.174501E-11
   0.117020E+05  -0.808318E-11  -0.108315E-10   0.483232E-11
   0.117030E+05  -0.214734E-10  -0.500633E-10  -0.360150E-11
   0.117040E+05  -0.355349E-10  -0.919324E-10  -0.127816E-10
   0.117050E+05  -0.352436E-10  -0.890329E-10  -0.107734E-10
   0.117060E+05  -0.249082E-10  -0.547368E-10  -0.111270E-11
   0.117070E+05  -0.220986E-10  -0.444116E-10   0.212649E-11
   0.117080E+05  -0.331123E-10  -0.781480E-10  -0.603372E-11
   0.117090E+05  -0.441631E-10  -0.112675E-09  -0.145168E-10
   0.117100E+05  -0.405590E-10  -0.101579E-09  -0.116247E-10
   0.117110E+05  -0.271260E-10  -0.598463E-10  -0.134542E-11
   0.117120E+05  -0.214229E-10  -0.428089E-10   0.221182E-11
   0.117130E+05  -0.292531E-10  -0.689540E-10  -0.550210E-11
   0.117140E+05  -0.366517E-10  -0.943436E-10  -0.131372E-10
   0.117150E+05  -0.295071E-10  -0.742763E-10  -0.929990E-11
   0.117160E+05  -0.134015E-10  -0.260568E-10   0.151474E-11
   0.117170E+05  -0.595755E-11  -0.520554E-11   0.515545E-11
   0.117180E+05  -0.123698E-10  -0.282926E-10  -0.246776E-11
   0.117190E+05  -0.182840E-10  -0.501264E-10  -0.969245E-11
   0.117200E+05  -0.997292E-11  -0.271731E-10  -0.539602E-11
   0.117210E+05   0.636297E-11   0.213288E-10   0.545190E-11
   0.117220E+05   0.131392E-10   0.399465E-10   0.869112E-11
   0.117230E+05   0.587132E-11   0.142927E-10   0.716847E-12
   0.117240E+05  -0.593540E-12  -0.892561E-11  -0.648328E-11
   0.117250E+05   0.716435E-11   0.128429E-10  -0.205282E-11
   0.117260E+05   0.223435E-10   0.584552E-10   0.856844E-11
   0.117270E+05   0.273546E-10   0.724343E-10   0.112120E-10
   0.117280E+05   0.183583E-10   0.423833E-10   0.274750E-11
   0.117290E+05   0.106607E-10   0.164181E-10  -0.452923E-11
   0.117300E+05   0.173892E-10   0.361469E-10  -0.344152E-13
   0.117310E+05   0.311650E-10   0.785962E-10   0.103305E-10
   0.117320E+05   0.343552E-10   0.881471E-10   0.123923E-10
   0.117330E+05   0.236384E-10   0.540377E-10   0.347104E-11
   0.117340E+05   0.146242E-10   0.253442E-10  -0.387373E-11
   0.117350E+05   0.200662E-10   0.424880E-10   0.640025E-12
   0.117360E+05   0.320497E-10   0.807795E-10   0.106612E-10
   0.117370E+05   0.330163E-10   0.848005E-10   0.120506E-10
   0.117380E+05   0.202669E-10   0.457300E-10   0.260696E-11
   0.117390E+05   0.976475E-11   0.137514E-10  -0.484360E-11
   0.117400E+05   0.139166E-10   0.281758E-10  -0.324072E-12
   0.117410E+05   0.243150E-10   0.627180E-10   0.937775E-11
   0.117420E+05   0.235151E-10   0.622688E-10   0.101765E-10
   0.117430E+05   0.941928E-11   0.198799E-10   0.347915E-12
   0.117440E+05  -0.174943E-11  -0.134336E-10  -0.704675E-11
   0.117450E+05   0.197568E-11   0.268882E-12  -0.236539E-11
   0.117460E+05   0.116954E-10   0.331362E-10   0.717358E-11
   0.117470E+05   0.101855E-10   0.307105E-10   0.757765E-11
   0.117480E+05  -0.393924E-11  -0.117349E-10  -0.236944E-11
   0.117490E+05  -0.142121E-10  -0.423859E-10  -0.938315E-11
   0.117500E+05  -0.929988E-11  -0.252256E-10  -0.420954E-11
   0.117510E+05   0.111336E-11   0.948478E-11   0.543892E-11
   0.117520E+05  -0.222335E-12   0.722915E-11   0.561719E-11
   0.117530E+05  -0.140586E-10  -0.347293E-10  -0.439856E-11
   0.117540E+05  -0.235708E-10  -0.634522E-10  -0.110843E-10
   0.117550E+05  -0.178200E-10  -0.441570E-10  -0.552776E-11
   0.117560E+05  -0.702899E-11  -0.879622E-11   0.412626E-11
   0.117570E+05  -0.831605E-11  -0.114829E-10   0.402853E-11
   0.117580E+05  -0.217587E-10  -0.528519E-10  -0.604095E-11
   0.117590E+05  -0.302109E-10  -0.789638E-10  -0.123384E-10
   0.117600E+05  -0.231846E-10  -0.564477E-10  -0.631601E-11
   0.117610E+05  -0.114897E-10  -0.190910E-10   0.344262E-11
   0.117620E+05  -0.121626E-10  -0.207418E-10   0.318442E-11
   0.117630E+05  -0.246650E-10  -0.600960E-10  -0.681774E-11
   0.117640E+05  -0.315741E-10  -0.823433E-10  -0.126210E-10
   0.117650E+05  -0.228582E-10  -0.555414E-10  -0.605163E-11
   0.117660E+05  -0.989530E-11  -0.152470E-10   0.387834E-11
   0.117670E+05  -0.964652E-11  -0.150451E-10   0.352340E-11
   0.117680E+05  -0.210207E-10  -0.518632E-10  -0.636250E-11
   0.117690E+05  -0.264051E-10  -0.702688E-10  -0.116675E-10
   0.117700E+05  -0.162622E-10  -0.398641E-10  -0.460948E-11
   0.117710E+05  -0.249517E-11   0.214280E-11   0.538618E-11
   0.117720E+05  -0.190710E-11   0.266679E-11   0.481164E-11
   0.117730E+05  -0.127951E-10  -0.332841E-10  -0.508333E-11
   0.117740E+05  -0.173339E-10  -0.495964E-10  -0.100239E-10
   0.117750E+05  -0.645080E-11  -0.173365E-10  -0.262045E-11
   0.117760E+05   0.749824E-11   0.248419E-10   0.731016E-11
   0.117770E+05   0.795246E-11   0.245916E-10   0.642821E-11
   0.117780E+05  -0.274831E-11  -0.110834E-10  -0.351493E-11
   0.117790E+05  -0.663034E-11  -0.255894E-10  -0.810822E-11
   0.117800E+05   0.481318E-11   0.824528E-11  -0.386196E-12
   0.117810E+05   0.187271E-10   0.501996E-10   0.943969E-11
   0.117820E+05   0.188485E-10   0.488475E-10   0.822373E-11
   0.117830E+05   0.826895E-11   0.135433E-10  -0.175216E-11
   0.117840E+05   0.518223E-11   0.158207E-11  -0.593384E-11
   0.117850E+05   0.174648E-10   0.381952E-10   0.219870E-11
   0.117860E+05   0.315414E-10   0.809601E-10   0.119952E-10
   0.117870E+05   0.311455E-10   0.784991E-10   0.104454E-10
   0.117880E+05   0.198828E-10   0.418143E-10   0.305683E-12
   0.117890E+05   0.161213E-10   0.287488E-10  -0.375003E-11
   0.117900E+05   0.272812E-10   0.630776E-10   0.438459E-11
   0.117910E+05   0.393588E-10   0.101009E-09   0.136939E-10
   0.117920E+05   0.363393E-10   0.919421E-10   0.113723E-10
   0.117930E+05   0.224750E-10   0.488915E-10   0.679768E-12
   0.117940E+05   0.163588E-10   0.303613E-10  -0.359249E-11
   0.117950E+05   0.250178E-10   0.588223E-10   0.425369E-11
   0.117960E+05   0.341364E-10   0.894296E-10   0.128697E-10
   0.117970E+05   0.280616E-10   0.726661E-10   0.969029E-11
   0.117980E+05   0.117090E-10   0.236007E-10  -0.151859E-11
   0.117990E+05   0.379819E-11   0.110952E-11  -0.588280E-11
   0.118000E+05   0.108144E-10   0.259260E-10   0.184672E-11
   0.118010E+05   0.180055E-10   0.518006E-10   0.996798E-11
   0.118020E+05   0.100070E-10   0.301029E-10   0.615112E-11
   0.118030E+05  -0.764151E-11  -0.221438E-10  -0.534061E-11
   0.118040E+05  -0.161120E-10  -0.457332E-10  -0.956495E-11
   0.118050E+05  -0.945336E-11  -0.216309E-10  -0.172482E-11
   0.118060E+05  -0.281894E-11   0.263020E-11   0.614195E-11
   0.118070E+05  -0.112468E-10  -0.205642E-10   0.196198E-11
   0.118080E+05  -0.285597E-10  -0.721861E-10  -0.950163E-11
   0.118090E+05  -0.358332E-10  -0.927267E-10  -0.132523E-10
   0.118100E+05  -0.276688E-10  -0.648936E-10  -0.495410E-11
   0.118110E+05  -0.196437E-10  -0.375485E-10   0.302411E-11
   0.118120E+05  -0.265209E-10  -0.574152E-10  -0.113392E-11
   0.118130E+05  -0.415827E-10  -0.103727E-09  -0.121882E-10
   0.118140E+05  -0.459270E-10  -0.117010E-09  -0.151266E-10
   0.118150E+05  -0.347931E-10  -0.819553E-10  -0.609876E-11
   0.118160E+05  -0.241978E-10  -0.487835E-10   0.220140E-11
   0.118170E+05  -0.285780E-10  -0.631548E-10  -0.176098E-11
   0.118180E+05  -0.405889E-10  -0.102285E-09  -0.122489E-10
   0.118190E+05  -0.412643E-10  -0.106461E-09  -0.142244E-10
   0.118200E+05  -0.264429E-10  -0.622256E-10  -0.431694E-11
   0.118210E+05  -0.126509E-10  -0.213481E-10   0.444808E-11
   0.118220E+05  -0.142090E-10  -0.290322E-10   0.779058E-12
   0.118230E+05  -0.234311E-10  -0.613163E-10  -0.915992E-11
   0.118240E+05  -0.214955E-10  -0.588724E-10  -0.103668E-10
   0.118250E+05  -0.483540E-11  -0.101009E-10   0.437981E-13
   0.118260E+05   0.973543E-11   0.323101E-10   0.877468E-11
   0.118270E+05   0.831199E-11   0.244656E-10   0.485561E-11
   0.118280E+05  -0.857991E-12  -0.788099E-11  -0.507608E-11
   0.118290E+05   0.100237E-11  -0.553125E-11  -0.604598E-11
   0.118300E+05   0.169242E-10   0.413956E-10   0.435318E-11
   0.118310E+05   0.299131E-10   0.795750E-10   0.125841E-10
   0.118320E+05   0.266319E-10   0.668378E-10   0.804113E-11
   0.118330E+05   0.160001E-10   0.310228E-10  -0.214516E-11
   0.118340E+05   0.167372E-10   0.311416E-10  -0.304460E-11
   0.118350E+05   0.312031E-10   0.749505E-10   0.723555E-11
   0.118360E+05   0.420325E-10   0.107935E-09   0.148834E-10
   0.118370E+05   0.362957E-10   0.891902E-10   0.963085E-11
   0.118380E+05   0.235125E-10   0.484323E-10  -0.918700E-12
   0.118390E+05   0.223772E-10   0.445773E-10  -0.188397E-11
   0.118400E+05   0.346785E-10   0.835510E-10   0.813329E-11
   0.118410E+05   0.427762E-10   0.109937E-09   0.150796E-10
   0.118420E+05   0.341770E-10   0.841822E-10   0.904082E-11
   0.118430E+05   0.189571E-10   0.377474E-10  -0.192166E-11
   0.118440E+05   0.157346E-10   0.292890E-10  -0.300067E-11
   0.118450E+05   0.257405E-10   0.629274E-10   0.670648E-11
   0.118460E+05   0.311467E-10   0.825939E-10   0.129348E-10
   0.118470E+05   0.199978E-10   0.503842E-10   0.615702E-11
   0.118480E+05   0.298149E-11  -0.333122E-12  -0.509893E-11
   0.118490E+05  -0.136503E-11  -0.111753E-10  -0.611319E-11
   0.118500E+05   0.759440E-11   0.200698E-10   0.351038E-11
   0.118510E+05   0.117955E-10   0.365500E-10   0.929524E-11
   0.118520E+05  -0.238445E-12   0.185753E-11   0.209797E-11
   0.118530E+05  -0.172644E-10  -0.488726E-10  -0.910338E-11
   0.118540E+05  -0.208415E-10  -0.575473E-10  -0.968942E-11
   0.118550E+05  -0.108899E-10  -0.237192E-10   0.238769E-12
   0.118560E+05  -0.568205E-11  -0.490747E-11   0.601321E-11
   0.118570E+05  -0.163025E-10  -0.362485E-10  -0.113487E-11
   0.118580E+05  -0.311889E-10  -0.815120E-10  -0.118362E-10
   0.118590E+05  -0.322798E-10  -0.837092E-10  -0.116493E-10
   0.118600E+05  -0.202114E-10  -0.446135E-10  -0.121069E-11
   0.118610E+05  -0.134130E-10  -0.222554E-10   0.464338E-11
   0.118620E+05  -0.223914E-10  -0.499576E-10  -0.242932E-11
   0.118630E+05  -0.351082E-10  -0.899415E-10  -0.126378E-10
   0.118640E+05  -0.338491E-10  -0.862334E-10  -0.117230E-10
   0.118650E+05  -0.200126E-10  -0.429619E-10  -0.869455E-12
   0.118660E+05  -0.121867E-10  -0.186746E-10   0.492928E-11
   0.118670E+05  -0.201864E-10  -0.445607E-10  -0.220884E-11
   0.118680E+05  -0.313139E-10  -0.807832E-10  -0.120367E-10
   0.118690E+05  -0.280714E-10  -0.720252E-10  -0.104609E-10
   0.118700E+05  -0.126385E-10  -0.248346E-10   0.779637E-12
   0.118710E+05  -0.393002E-11   0.123843E-11   0.650648E-11
   0.118720E+05  -0.112849E-10  -0.234875E-10  -0.744249E-12
   0.118730E+05  -0.214736E-10  -0.574956E-10  -0.103059E-10
   0.118740E+05  -0.171750E-10  -0.460232E-10  -0.825477E-11
   0.118750E+05  -0.118129E-11   0.244806E-11   0.315440E-11
   0.118760E+05   0.743487E-11   0.278636E-10   0.860936E-11
   0.118770E+05  -0.135407E-12   0.221543E-11   0.108536E-11
   0.118780E+05  -0.101980E-10  -0.315012E-10  -0.835439E-11
   0.118790E+05  -0.570188E-11  -0.193654E-10  -0.599073E-11
   0.118800E+05   0.993139E-11   0.281377E-10   0.539980E-11
   0.118810E+05   0.175450E-10   0.506484E-10   0.103988E-10
   0.118820E+05   0.895868E-11   0.221097E-10   0.245006E-11
   0.118830E+05  -0.160671E-11  -0.128281E-10  -0.697981E-11
   0.118840E+05   0.265922E-11  -0.100469E-11  -0.438134E-11
   0.118850E+05   0.177330E-10   0.451717E-10   0.695362E-11
   0.118860E+05   0.243963E-10   0.651033E-10   0.115177E-10
   0.118870E+05   0.150697E-10   0.346061E-10   0.322403E-11
   0.118880E+05   0.440608E-11  -0.286907E-12  -0.608682E-11
   0.118890E+05   0.886679E-11   0.125238E-10  -0.315058E-11
   0.118900E+05   0.237883E-10   0.586224E-10   0.821955E-11
   0.118910E+05   0.299349E-10   0.773328E-10   0.124521E-10
   0.118920E+05   0.203680E-10   0.464794E-10   0.394724E-11
   0.118930E+05   0.100963E-10   0.132630E-10  -0.510563E-11
   0.118940E+05   0.150227E-10   0.281087E-10  -0.174802E-11
   0.118950E+05   0.296013E-10   0.738852E-10   0.962981E-11
   0.118960E+05   0.344488E-10   0.894525E-10   0.133735E-10
   0.118970E+05   0.233225E-10   0.547883E-10   0.438808E-11
   0.118980E+05   0.117910E-10   0.188280E-10  -0.475115E-11
   0.118990E+05   0.154466E-10   0.310186E-10  -0.134724E-11
   0.119000E+05   0.280637E-10   0.720865E-10   0.967972E-11
   0.119010E+05   0.302411E-10   0.807990E-10   0.126344E-10
   0.119020E+05   0.165203E-10   0.395309E-10   0.295206E-11
   0.119030E+05   0.311139E-11  -0.833372E-12  -0.639764E-11
   0.119040E+05   0.536365E-11   0.834507E-11  -0.297698E-11
   0.119050E+05   0.163675E-10   0.456258E-10   0.776396E-11
   0.119060E+05   0.165806E-10   0.493246E-10   0.100726E-10
   0.119070E+05   0.111487E-11   0.359739E-11  -0.129244E-12
   0.119080E+05  -0.133640E-10  -0.392640E-10  -0.952969E-11
   0.119090E+05  -0.117868E-10  -0.315343E-10  -0.596982E-11
   0.119100E+05  -0.161363E-11   0.357892E-11   0.460458E-11
   0.119110E+05  -0.233270E-11   0.453413E-11   0.644359E-11
   0.119120E+05  -0.181503E-10  -0.423810E-10  -0.401104E-11
   0.119130E+05  -0.319848E-10  -0.835633E-10  -0.131222E-10
   0.119140E+05  -0.291906E-10  -0.726092E-10  -0.905308E-11
   0.119150E+05  -0.179378E-10  -0.349489E-10   0.172095E-11
   0.119160E+05  -0.177886E-10  -0.323422E-10   0.343643E-11
   0.119170E+05  -0.323621E-10  -0.766322E-10  -0.696089E-11
   0.119180E+05  -0.442144E-10  -0.113047E-09  -0.155296E-10
   0.119190E+05  -0.391006E-10  -0.964261E-10  -0.107595E-10
   0.119200E+05  -0.257886E-10  -0.540793E-10   0.375041E-12
   0.119210E+05  -0.237716E-10  -0.475554E-10   0.214388E-11
   0.119220E+05  -0.360129E-10  -0.866197E-10  -0.798213E-11
   0.119230E+05  -0.447681E-10  -0.115510E-09  -0.157814E-10
   0.119240E+05  -0.363370E-10  -0.907171E-10  -0.101136E-10
   0.119250E+05  -0.201972E-10  -0.417389E-10   0.152700E-11
   0.119260E+05  -0.157766E-10  -0.298966E-10   0.345762E-11
   0.119270E+05  -0.253046E-10  -0.626303E-10  -0.630174E-11
   0.119280E+05  -0.306792E-10  -0.830096E-10  -0.132452E-10
   0.119290E+05  -0.188004E-10  -0.493381E-10  -0.662549E-11
   0.119300E+05  -0.371560E-13   0.617524E-11   0.550543E-11
   0.119310E+05   0.601973E-11   0.217687E-10   0.747118E-11
   0.119320E+05  -0.227487E-11  -0.812354E-11  -0.219145E-11
   0.119330E+05  -0.643450E-11  -0.253571E-10  -0.869921E-11
   0.119340E+05   0.624618E-11   0.105201E-10  -0.166225E-11
   0.119350E+05   0.247979E-10   0.654112E-10   0.103796E-10
   0.119360E+05   0.297168E-10   0.778282E-10   0.118264E-10
   0.119370E+05   0.200863E-10   0.444804E-10   0.176687E-11
   0.119380E+05   0.148422E-10   0.248846E-10  -0.473634E-11
   0.119390E+05   0.263375E-10   0.583353E-10   0.234606E-11
   0.119400E+05   0.430265E-10   0.108890E-09   0.139946E-10
   0.119410E+05   0.454471E-10   0.115185E-09   0.146866E-10
   0.119420E+05   0.332728E-10   0.757907E-10   0.403256E-11
   0.119430E+05   0.257245E-10   0.511042E-10  -0.267587E-11
   0.119440E+05   0.347335E-10   0.790464E-10   0.420318E-11
   0.119450E+05   0.482596E-10   0.122059E-09   0.151942E-10
   0.119460E+05   0.470479E-10   0.119387E-09   0.149029E-10
   0.119470E+05   0.314869E-10   0.718252E-10   0.349358E-11
   0.119480E+05   0.211029E-10   0.407101E-10  -0.351983E-11
   0.119490E+05   0.273594E-10   0.624472E-10   0.309654E-11
   0.119500E+05   0.376817E-10   0.977394E-10   0.134068E-10
   0.119510E+05   0.330164E-10   0.864147E-10   0.121559E-10
   0.119520E+05   0.144703E-10   0.314941E-10   0.637218E-13
   0.119530E+05   0.187187E-11  -0.476437E-11  -0.714617E-11
   0.119540E+05   0.623020E-11   0.125765E-10  -0.653216E-12
   0.119550E+05   0.144956E-10   0.426721E-10   0.916766E-11
   0.119560E+05   0.790044E-11   0.261998E-10   0.723461E-11
   0.119570E+05  -0.116865E-10  -0.314518E-10  -0.516390E-11
   0.119580E+05  -0.241853E-10  -0.672430E-10  -0.121176E-10
   0.119590E+05  -0.191780E-10  -0.480941E-10  -0.525903E-11
   0.119600E+05  -0.103509E-10  -0.168427E-10   0.456868E-11
   0.119610E+05  -0.162958E-10  -0.322424E-10   0.244716E-11
   0.119620E+05  -0.343925E-10  -0.865252E-10  -0.976415E-11
   0.119630E+05  -0.442293E-10  -0.115598E-09  -0.159584E-10
   0.119640E+05  -0.358892E-10  -0.879430E-10  -0.820583E-11
   0.119650E+05  -0.237193E-10  -0.484281E-10   0.218592E-11
   0.119660E+05  -0.263611E-10  -0.558671E-10   0.424292E-12
   0.119670E+05  -0.408240E-10  -0.101206E-09  -0.111470E-10
   0.119680E+05  -0.467200E-10  -0.120328E-09  -0.163187E-10
   0.119690E+05  -0.347658E-10  -0.836626E-10  -0.763780E-11
   0.119700E+05  -0.198180E-10  -0.376650E-10   0.316638E-11
   0.119710E+05  -0.202511E-10  -0.402866E-10   0.151333E-11
   0.119720E+05  -0.324091E-10  -0.803362E-10  -0.970056E-11
   0.119730E+05  -0.357611E-10  -0.932081E-10  -0.141390E-10
   0.119740E+05  -0.215995E-10  -0.511311E-10  -0.482179E-11
   0.119750E+05  -0.527593E-11  -0.212957E-11   0.610923E-11
   0.119760E+05  -0.489797E-11  -0.331486E-11   0.429607E-11
   0.119770E+05  -0.161722E-10  -0.414670E-10  -0.682097E-11
   0.119780E+05  -0.184758E-10  -0.516673E-10  -0.108051E-10
   0.119790E+05  -0.370718E-11  -0.805518E-11  -0.116535E-11
   0.119800E+05   0.123169E-10   0.398526E-10   0.955777E-11
   0.119810E+05   0.118328E-10   0.360048E-10   0.725871E-11
   0.119820E+05  -0.150500E-12  -0.412868E-11  -0.406112E-11
   0.119830E+05  -0.286905E-11  -0.151837E-10  -0.786638E-11
   0.119840E+05   0.111989E-10   0.268544E-10   0.184265E-11
   0.119850E+05   0.257855E-10   0.710098E-10   0.121378E-10
   0.119860E+05   0.234648E-10   0.622622E-10   0.917589E-11
   0.119870E+05   0.992621E-11   0.182133E-10  -0.249126E-11
   0.119880E+05   0.603820E-11   0.454761E-11  -0.625249E-11
   0.119890E+05   0.187548E-10   0.434606E-10   0.339611E-11
   0.119900E+05   0.314378E-10   0.827578E-10   0.131666E-10
   0.119910E+05   0.271070E-10   0.687763E-10   0.951612E-11
   0.119920E+05   0.121965E-10   0.214437E-10  -0.243873E-11
   0.119930E+05   0.765747E-11   0.670334E-11  -0.602892E-11
   0.119940E+05   0.197768E-10   0.446428E-10   0.372424E-11
   0.119950E+05   0.314047E-10   0.814462E-10   0.131499E-10
   0.119960E+05   0.258671E-10   0.644180E-10   0.898627E-11
   0.119970E+05   0.102594E-10   0.155883E-10  -0.310493E-11
   0.119980E+05   0.563928E-11   0.124665E-11  -0.640271E-11
   0.119990E+05   0.177506E-10   0.397558E-10   0.357110E-11
   0.120000E+05   0.290546E-10   0.760568E-10   0.128025E-10
   0.120010E+05   0.231607E-10   0.583692E-10   0.831814E-11
