   0.610352E-01   0.129928E-13   0.372675E-14   0.643388E-14   0.832818E-15  -0.146174E-14  -0.735353E-15
   0.915527E-01   0.129370E-13   0.559097E-14   0.678161E-14   0.123590E-14  -0.136098E-14  -0.112027E-14
   0.122070E+00   0.128554E-13   0.745670E-14   0.728253E-14   0.161872E-14  -0.121535E-14  -0.152873E-14
   0.152588E+00   0.127441E-13   0.932543E-14   0.794963E-14   0.196700E-14  -0.102130E-14  -0.197359E-14
   0.183105E+00   0.125979E-13   0.111998E-13   0.879744E-14   0.225942E-14  -0.776218E-15  -0.247225E-14
   0.213623E+00   0.124098E-13   0.130846E-13   0.983908E-14   0.246580E-14  -0.480770E-15  -0.304779E-14
   0.244141E+00   0.121720E-13   0.149877E-13   0.110818E-13   0.254636E-14  -0.142433E-15  -0.372900E-14
   0.274658E+00   0.118761E-13   0.169220E-13   0.125211E-13   0.245405E-14   0.220019E-15  -0.454819E-14
   0.305176E+00   0.115157E-13   0.189059E-13   0.141361E-13   0.214151E-14   0.572853E-15  -0.553546E-14
   0.335693E+00   0.110899E-13   0.209641E-13   0.158908E-13   0.157240E-14   0.868040E-15  -0.670959E-14
   0.366211E+00   0.106063E-13   0.231251E-13   0.177459E-13   0.730835E-15   0.105167E-14  -0.806981E-14
   0.396729E+00   0.100836E-13   0.254163E-13   0.196789E-13  -0.382250E-15   0.107841E-14  -0.959639E-14
   0.427246E+00   0.955046E-14   0.278588E-13   0.216963E-13  -0.177176E-14   0.922107E-15  -0.112644E-13
   0.457764E+00   0.903918E-14   0.304625E-13   0.238224E-13  -0.347855E-14   0.570947E-15  -0.130632E-13
   0.488281E+00   0.857802E-14   0.332289E-13   0.260627E-13  -0.559251E-14   0.660952E-17  -0.150071E-13
   0.518799E+00   0.818827E-14   0.361600E-13   0.283650E-13  -0.823254E-14  -0.820767E-15  -0.171263E-13
   0.549316E+00   0.789268E-14   0.392674E-13   0.306049E-13  -0.114997E-13  -0.200699E-14  -0.194409E-13
   0.579834E+00   0.773010E-14   0.425679E-13   0.326126E-13  -0.154313E-13  -0.368800E-14  -0.219280E-13
   0.610352E+00   0.776143E-14   0.460660E-13   0.342262E-13  -0.199912E-13  -0.601329E-14  -0.244968E-13
   0.640869E+00   0.805557E-14   0.497348E-13   0.353304E-13  -0.251060E-13  -0.910815E-14  -0.269842E-13
   0.671387E+00   0.866285E-14   0.535187E-13   0.358459E-13  -0.307126E-13  -0.130388E-13  -0.291722E-13
   0.701904E+00   0.960058E-14   0.573579E-13   0.356857E-13  -0.367661E-13  -0.177928E-13  -0.308230E-13
   0.732422E+00   0.108692E-13   0.612170E-13   0.347340E-13  -0.432023E-13  -0.232849E-13  -0.317212E-13
   0.762939E+00   0.124872E-13   0.650847E-13   0.328769E-13  -0.498989E-13  -0.293931E-13  -0.317009E-13
   0.793457E+00   0.145120E-13   0.689396E-13   0.300634E-13  -0.566920E-13  -0.360032E-13  -0.306321E-13
   0.823975E+00   0.170207E-13   0.727082E-13   0.263201E-13  -0.634528E-13  -0.430200E-13  -0.283740E-13
   0.854492E+00   0.200565E-13   0.762530E-13   0.216743E-13  -0.701496E-13  -0.503283E-13  -0.247379E-13
   0.885010E+00   0.235788E-13   0.794136E-13   0.160412E-13  -0.768011E-13  -0.577360E-13  -0.195051E-13
   0.915527E+00   0.274650E-13   0.820815E-13   0.920290E-14  -0.833320E-13  -0.649607E-13  -0.124842E-13
   0.946045E+00   0.315773E-13   0.842496E-13   0.933255E-15  -0.894611E-13  -0.716692E-13  -0.354056E-14
   0.976562E+00   0.358505E-13   0.859893E-13  -0.882145E-14  -0.947443E-13  -0.775013E-13   0.743729E-14
   0.100708E+01   0.403311E-13   0.873629E-13  -0.198708E-13  -0.987533E-13  -0.820087E-13   0.205687E-13
   0.103760E+01   0.451357E-13   0.883334E-13  -0.318825E-13  -0.101235E-12  -0.845637E-13   0.358997E-13
   0.106812E+01   0.503537E-13   0.887329E-13  -0.445586E-13  -0.102114E-12  -0.843873E-13   0.532242E-13
   0.109863E+01   0.559530E-13   0.883089E-13  -0.577234E-13  -0.101363E-12  -0.807572E-13   0.719849E-13
   0.112915E+01   0.617404E-13   0.868289E-13  -0.712569E-13  -0.988704E-13  -0.732261E-13   0.914050E-13
   0.115967E+01   0.674066E-13   0.841919E-13  -0.849586E-13  -0.944406E-13  -0.616149E-13   0.110746E-12
   0.119019E+01   0.726478E-13   0.804839E-13  -0.984822E-13  -0.879128E-13  -0.457853E-13   0.129395E-12
   0.122070E+01   0.773045E-13   0.759233E-13  -0.111406E-12  -0.792777E-13  -0.254861E-13   0.146681E-12
   0.125122E+01   0.814203E-13   0.707102E-13  -0.123375E-12  -0.686761E-13  -0.484349E-15   0.161651E-12
   0.128174E+01   0.851667E-13   0.648705E-13  -0.134163E-12  -0.562720E-13   0.291584E-13   0.173089E-12
   0.131226E+01   0.886699E-13   0.582009E-13  -0.143588E-12  -0.421376E-13   0.629666E-13   0.179753E-12
   0.134277E+01   0.918440E-13   0.503587E-13  -0.151369E-12  -0.262889E-13   0.100160E-12   0.180567E-12
   0.137329E+01   0.943373E-13   0.410502E-13  -0.157098E-12  -0.882947E-14   0.139799E-12   0.174609E-12
   0.140381E+01   0.956371E-13   0.302051E-13  -0.160351E-12   0.997672E-14   0.180791E-12   0.161022E-12
   0.143433E+01   0.952774E-13   0.180074E-13  -0.160760E-12   0.297631E-13   0.221759E-12   0.139015E-12
   0.146484E+01   0.929870E-13   0.473955E-14  -0.157958E-12   0.500821E-13   0.260955E-12   0.108045E-12
   0.149536E+01   0.886287E-13  -0.943021E-14  -0.151590E-12   0.702832E-13   0.296381E-12   0.680562E-13
   0.152588E+01   0.819699E-13  -0.245011E-13  -0.141527E-12   0.894419E-13   0.326081E-12   0.195171E-13
   0.155640E+01   0.725074E-13  -0.404507E-13  -0.128108E-12   0.106598E-12   0.348292E-12  -0.367917E-13
   0.158691E+01   0.595359E-13  -0.569688E-13  -0.112012E-12   0.121157E-12   0.361287E-12  -0.999271E-13
   0.161743E+01   0.424051E-13  -0.733611E-13  -0.937841E-13   0.132958E-12   0.363226E-12  -0.168595E-12
   0.164795E+01   0.207217E-13  -0.886867E-13  -0.735441E-13   0.141830E-12   0.352347E-12  -0.240881E-12
   0.167847E+01  -0.565763E-14  -0.101941E-12  -0.513107E-13   0.147066E-12   0.327343E-12  -0.314319E-12
   0.170898E+01  -0.367347E-13  -0.112086E-12  -0.277117E-13   0.147495E-12   0.287440E-12  -0.386193E-12
   0.173950E+01  -0.723751E-13  -0.117950E-12  -0.432474E-14   0.142201E-12   0.232246E-12  -0.453590E-12
   0.177002E+01  -0.112151E-12  -0.118174E-12   0.167779E-13   0.131259E-12   0.161844E-12  -0.513235E-12
   0.180054E+01  -0.155149E-12  -0.111351E-12   0.338698E-13   0.115772E-12   0.771392E-13  -0.561577E-12
   0.183105E+01  -0.199918E-12  -0.963117E-13   0.460453E-13   0.972868E-13  -0.199962E-13  -0.595194E-12
   0.186157E+01  -0.244672E-12  -0.723920E-13   0.530863E-13   0.771942E-13  -0.126921E-12  -0.611118E-12
   0.189209E+01  -0.287621E-12  -0.394567E-13   0.550367E-13   0.565029E-13  -0.240427E-12  -0.606849E-12
   0.192261E+01  -0.327173E-12   0.235814E-14   0.518281E-13   0.359739E-13  -0.356710E-12  -0.580375E-12
   0.195312E+01  -0.361771E-12   0.529008E-13   0.431400E-13   0.164771E-13  -0.471343E-12  -0.530379E-12
   0.198364E+01  -0.389592E-12   0.111920E-12   0.286095E-13  -0.629404E-15  -0.579467E-12  -0.456525E-12
   0.201416E+01  -0.408497E-12   0.178700E-12   0.834831E-14  -0.134038E-13  -0.676131E-12  -0.359493E-12
   0.204468E+01  -0.416323E-12   0.251805E-12  -0.165781E-13  -0.197150E-13  -0.756424E-12  -0.240848E-12
   0.207520E+01  -0.411246E-12   0.329109E-12  -0.441293E-13  -0.179230E-13  -0.815404E-12  -0.103108E-12
   0.210571E+01  -0.392003E-12   0.407988E-12  -0.717825E-13  -0.735322E-14  -0.848282E-12   0.498577E-13
   0.213623E+01  -0.358008E-12   0.485565E-12  -0.971617E-13   0.117437E-13  -0.851162E-12   0.212695E-12
   0.216675E+01  -0.309302E-12   0.558978E-12  -0.118366E-12   0.386193E-13  -0.821666E-12   0.379183E-12
   0.219727E+01  -0.246317E-12   0.625499E-12  -0.133857E-12   0.724484E-13  -0.758747E-12   0.542969E-12
   0.222778E+01  -0.169698E-12   0.682313E-12  -0.142116E-12   0.112434E-12  -0.662217E-12   0.697552E-12
   0.225830E+01  -0.805880E-13   0.726209E-12  -0.141395E-12   0.157590E-12  -0.532978E-12   0.835919E-12
   0.228882E+01   0.187709E-13   0.753740E-12  -0.129708E-12   0.206366E-12  -0.373660E-12   0.950838E-12
   0.231934E+01   0.124752E-12   0.761996E-12  -0.105141E-12   0.256264E-12  -0.188684E-12   0.103568E-11
   0.234985E+01   0.232809E-12   0.749368E-12  -0.665253E-13   0.303717E-12   0.162460E-13   0.108482E-11
   0.238037E+01   0.338313E-12   0.715682E-12  -0.141782E-13   0.344625E-12   0.234337E-12   0.109349E-11
   0.241089E+01   0.437050E-12   0.661732E-12   0.500575E-13   0.375433E-12   0.457470E-12   0.105806E-11
   0.244141E+01   0.525122E-12   0.588859E-12   0.123739E-12   0.393774E-12   0.676299E-12   0.976704E-12
   0.247192E+01   0.598710E-12   0.498997E-12   0.204762E-12   0.397950E-12   0.881057E-12   0.849936E-12
   0.250244E+01   0.654161E-12   0.394905E-12   0.291182E-12   0.385911E-12   0.106240E-11   0.680319E-12
   0.253296E+01   0.688240E-12   0.280238E-12   0.380136E-12   0.355105E-12   0.121148E-11   0.471921E-12
   0.256348E+01   0.698343E-12   0.159575E-12   0.467166E-12   0.303459E-12   0.131969E-11   0.230513E-12
   0.259399E+01   0.682926E-12   0.384535E-13   0.546678E-12   0.230582E-12   0.137914E-11  -0.357982E-13
   0.262451E+01   0.642105E-12  -0.770355E-13   0.613145E-12   0.138136E-12   0.138389E-11  -0.316712E-12
   0.265503E+01   0.577766E-12  -0.181141E-12   0.662053E-12   0.292489E-13   0.133049E-11  -0.600694E-12
   0.268555E+01   0.492955E-12  -0.269037E-12   0.690019E-12  -0.923523E-13   0.121779E-11  -0.875589E-12
   0.271606E+01   0.391281E-12  -0.336621E-12   0.694335E-12  -0.222765E-12   0.104712E-11  -0.112875E-11
   0.274658E+01   0.277048E-12  -0.380101E-12   0.672520E-12  -0.357710E-12   0.822711E-12  -0.134762E-11
   0.277710E+01   0.155816E-12  -0.396152E-12   0.622364E-12  -0.491928E-12   0.551569E-12  -0.152071E-11
   0.280762E+01   0.346321E-13  -0.382766E-12   0.542730E-12  -0.618757E-12   0.242879E-12  -0.163795E-11
   0.283813E+01  -0.785276E-13  -0.340169E-12   0.434651E-12  -0.730635E-12  -0.920493E-13  -0.169078E-11
   0.286865E+01  -0.175850E-12  -0.271214E-12   0.301707E-12  -0.820392E-12  -0.439503E-12  -0.167272E-11
   0.289917E+01  -0.250802E-12  -0.181018E-12   0.149362E-12  -0.882331E-12  -0.783820E-12  -0.158058E-11
   0.292969E+01  -0.298698E-12  -0.760515E-13  -0.159752E-13  -0.912426E-12  -0.110876E-11  -0.141515E-11
   0.296021E+01  -0.316468E-12   0.366331E-13  -0.187422E-12  -0.908000E-12  -0.139873E-11  -0.118070E-11
   0.299072E+01  -0.302258E-12   0.149352E-12  -0.357568E-12  -0.867539E-12  -0.163905E-11  -0.884439E-12
   0.302124E+01  -0.255857E-12   0.253396E-12  -0.518331E-12  -0.790911E-12  -0.181611E-11  -0.536724E-12
   0.305176E+01  -0.179698E-12   0.339452E-12  -0.661077E-12  -0.679924E-12  -0.191847E-11  -0.151393E-12
   0.308228E+01  -0.792594E-13   0.398899E-12  -0.777281E-12  -0.538899E-12  -0.193822E-11   0.255131E-12
   0.311279E+01   0.374765E-13   0.424974E-12  -0.859634E-12  -0.374753E-12  -0.187106E-11   0.665202E-12
   0.314331E+01   0.160860E-12   0.413312E-12  -0.903026E-12  -0.196331E-12  -0.171602E-11   0.106028E-11
   0.317383E+01   0.280253E-12   0.362147E-12  -0.904882E-12  -0.134476E-13  -0.147616E-11   0.142099E-11
   0.320435E+01   0.384611E-12   0.272421E-12  -0.865076E-12   0.163798E-12  -0.115944E-11   0.172859E-11
   0.323486E+01   0.462983E-12   0.147870E-12  -0.785868E-12   0.325500E-12  -0.778121E-12   0.196678E-11
   0.326538E+01   0.505055E-12  -0.477043E-14  -0.671795E-12   0.462424E-12  -0.347365E-12   0.212230E-11
   0.329590E+01   0.502140E-12  -0.175557E-12  -0.529539E-12   0.566414E-12   0.115135E-12   0.218472E-11
   0.332642E+01   0.448518E-12  -0.351850E-12  -0.367862E-12   0.630861E-12   0.588958E-12   0.214719E-11
   0.335693E+01   0.342210E-12  -0.519639E-12  -0.197370E-12   0.651427E-12   0.105198E-11   0.200797E-11
   0.338745E+01   0.184804E-12  -0.664713E-12  -0.297963E-13   0.626711E-12   0.148250E-11   0.177059E-11
   0.341797E+01  -0.188076E-13  -0.773113E-12   0.122924E-12   0.558485E-12   0.186044E-11   0.144255E-11
   0.344849E+01  -0.260151E-12  -0.831535E-12   0.249469E-12   0.451643E-12   0.216693E-11   0.103464E-11
   0.347900E+01  -0.526759E-12  -0.828334E-12   0.339921E-12   0.314069E-12   0.238427E-11   0.561835E-12
   0.350952E+01  -0.802329E-12  -0.755099E-12   0.386649E-12   0.156251E-12   0.249797E-11   0.440485E-13
   0.354004E+01  -0.106785E-11  -0.608222E-12   0.384980E-12  -0.950138E-14   0.249875E-11  -0.495436E-12
   0.357056E+01  -0.130355E-11  -0.389608E-12   0.333483E-12  -0.169847E-12   0.238271E-11  -0.103199E-11
   0.360107E+01  -0.149054E-11  -0.106226E-12   0.234228E-12  -0.311118E-12   0.215094E-11  -0.154034E-11
   0.363159E+01  -0.161156E-11   0.230511E-12   0.929729E-13  -0.420283E-12   0.181008E-11  -0.199519E-11
   0.366211E+01  -0.165160E-11   0.604672E-12  -0.811147E-13  -0.486027E-12   0.137262E-11  -0.237311E-11
   0.369263E+01  -0.159937E-11   0.995685E-12  -0.276066E-12  -0.499476E-12   0.855611E-12  -0.265384E-11
   0.372314E+01  -0.144920E-11   0.137932E-11  -0.477570E-12  -0.454719E-12   0.279885E-12  -0.282028E-11
   0.375366E+01  -0.120232E-11   0.172960E-11  -0.669462E-12  -0.349556E-12  -0.329437E-12  -0.285899E-11
   0.378418E+01  -0.867253E-12   0.202094E-11  -0.834689E-12  -0.186322E-12  -0.942986E-12  -0.276239E-11
   0.381470E+01  -0.459579E-12   0.223053E-11  -0.956749E-12   0.276477E-13  -0.152962E-11  -0.253096E-11
   0.384521E+01  -0.553618E-15   0.234022E-11  -0.102142E-11   0.280148E-12  -0.205985E-11  -0.217281E-11
   0.387573E+01   0.484508E-12   0.233754E-11  -0.101845E-11   0.555087E-12  -0.250719E-11  -0.170147E-11
   0.390625E+01   0.967399E-12   0.221616E-11  -0.942397E-12   0.834203E-12  -0.284761E-11  -0.113506E-11
   0.393677E+01   0.141812E-11   0.197678E-11  -0.792569E-12   0.109855E-11  -0.306005E-11  -0.497317E-12
   0.396729E+01   0.180672E-11   0.162800E-11  -0.572705E-12   0.132928E-11  -0.312897E-11   0.182508E-12
   0.399780E+01   0.210573E-11   0.118640E-11  -0.291151E-12   0.150831E-11  -0.304610E-11   0.871930E-12
   0.402832E+01   0.229244E-11   0.675526E-12   0.390390E-13   0.161951E-11  -0.281027E-11   0.153716E-11
   0.405884E+01   0.235052E-11   0.124237E-12   0.400399E-12   0.165002E-11  -0.242767E-11   0.214393E-11
   0.408936E+01   0.227078E-11  -0.434962E-12   0.771805E-12   0.159169E-11  -0.191269E-11   0.265937E-11
   0.411987E+01   0.205188E-11  -0.967056E-12   0.112987E-11   0.144238E-11  -0.128731E-11   0.305467E-11
   0.415039E+01   0.170179E-11  -0.143612E-11   0.145104E-11   0.120669E-11  -0.579133E-12   0.330648E-11
   0.418091E+01   0.123871E-11  -0.180856E-11   0.171388E-11   0.895660E-12   0.179527E-12   0.339715E-11
   0.421143E+01   0.689811E-12  -0.205667E-11   0.190096E-11   0.525390E-12   0.951955E-12   0.331594E-11
   0.424194E+01   0.887135E-13  -0.216087E-11   0.199948E-11   0.115144E-12   0.169869E-11   0.306103E-11
   0.427246E+01  -0.526889E-12  -0.211045E-11   0.200073E-11  -0.313747E-12   0.238068E-11   0.264020E-11
   0.430298E+01  -0.111717E-11  -0.190440E-11   0.189999E-11  -0.737256E-12   0.296163E-11   0.206934E-11
   0.433350E+01  -0.164248E-11  -0.155190E-11   0.169888E-11  -0.112834E-11   0.340835E-11   0.137156E-11
   0.436401E+01  -0.206596E-11  -0.107249E-11   0.140836E-11  -0.145989E-11   0.369181E-11   0.578120E-12
   0.439453E+01  -0.235653E-11  -0.495397E-12   0.104827E-11  -0.170993E-11   0.379085E-11  -0.271599E-12
   0.442505E+01  -0.249189E-11   0.142293E-12   0.643159E-12  -0.186479E-11   0.369553E-11  -0.113371E-11
   0.445557E+01  -0.246049E-11   0.798903E-12   0.218012E-12  -0.191826E-11   0.340658E-11  -0.196435E-11
   0.448608E+01  -0.226170E-11   0.143142E-11  -0.202911E-12  -0.186889E-11   0.293344E-11  -0.272123E-11
   0.451660E+01  -0.190531E-11   0.199785E-11  -0.594639E-12  -0.171924E-11   0.229413E-11  -0.336406E-11
   0.454712E+01  -0.141116E-11   0.245906E-11  -0.930892E-12  -0.147819E-11   0.151575E-11  -0.385664E-11
   0.457764E+01  -0.808986E-12   0.278094E-11  -0.118696E-11  -0.116360E-11   0.633134E-12  -0.416934E-11
   0.460815E+01  -0.137910E-12   0.293742E-11  -0.134480E-11  -0.801859E-12  -0.312894E-12  -0.428025E-11
   0.463867E+01   0.556007E-12   0.291416E-11  -0.139645E-11  -0.423772E-12  -0.127647E-11  -0.417623E-11
   0.466919E+01   0.122447E-11   0.271056E-11  -0.134409E-11  -0.596789E-13  -0.220843E-11  -0.385506E-11
   0.469971E+01   0.182152E-11   0.233865E-11  -0.119764E-11   0.263601E-12  -0.305999E-11  -0.332664E-11
   0.473022E+01   0.230576E-11   0.182094E-11  -0.972206E-12   0.523574E-12  -0.378651E-11  -0.261145E-11
   0.476074E+01   0.264149E-11   0.118974E-11  -0.686871E-12   0.701356E-12  -0.434850E-11  -0.173803E-11
   0.479126E+01   0.280150E-11   0.486960E-12  -0.365552E-12   0.781479E-12  -0.471149E-11  -0.742746E-12
   0.482178E+01   0.277081E-11  -0.238205E-12  -0.382217E-13   0.754403E-12  -0.484830E-11   0.329237E-12
   0.485229E+01   0.254901E-11  -0.933609E-12   0.260889E-12   0.620836E-12  -0.474317E-11   0.142597E-11
   0.488281E+01   0.215035E-11  -0.154918E-11   0.498788E-12   0.394084E-12  -0.439297E-11   0.249354E-11
   0.491333E+01   0.160170E-11  -0.204112E-11   0.649777E-12   0.978742E-13  -0.380520E-11   0.347862E-11
   0.494385E+01   0.939635E-12  -0.237423E-11   0.698234E-12  -0.239066E-12  -0.299810E-11   0.432843E-11
   0.497437E+01   0.208299E-12  -0.252302E-11   0.636910E-12  -0.587805E-12  -0.200290E-11   0.499321E-11
   0.500488E+01  -0.542098E-12  -0.247331E-11   0.463304E-12  -0.919871E-12  -0.863312E-12   0.543157E-11
   0.503540E+01  -0.125792E-11  -0.222456E-11   0.179186E-12  -0.120421E-11   0.368776E-12   0.561380E-11
   0.506592E+01  -0.188627E-11  -0.179113E-11  -0.204722E-12  -0.140601E-11   0.163687E-11   0.552161E-11
   0.509644E+01  -0.237960E-11  -0.120176E-11  -0.663778E-12  -0.149190E-11   0.288088E-11   0.514787E-11
   0.512695E+01  -0.269985E-11  -0.497385E-12  -0.116057E-11  -0.143858E-11   0.403837E-11   0.449840E-11
   0.515747E+01  -0.282145E-11   0.272502E-12  -0.165237E-11  -0.123788E-11   0.504816E-11   0.359366E-11
   0.518799E+01  -0.273221E-11   0.105364E-11  -0.209886E-11  -0.894912E-12   0.585459E-11   0.246768E-11
   0.521851E+01  -0.243374E-11   0.178969E-11  -0.246473E-11  -0.422655E-12   0.640981E-11   0.116592E-11
   0.524902E+01  -0.194246E-11   0.242502E-11  -0.271725E-11   0.160669E-12   0.667543E-11  -0.255687E-12
   0.527954E+01  -0.129009E-11   0.290928E-11  -0.282470E-11   0.829134E-12   0.662589E-11  -0.173216E-11
   0.531006E+01  -0.521601E-12   0.320212E-11  -0.275978E-11   0.154548E-11   0.625090E-11  -0.319366E-11
   0.534058E+01   0.308235E-12   0.327647E-11  -0.250648E-11   0.226194E-11   0.555482E-11  -0.456930E-11
   0.537109E+01   0.113863E-11   0.312078E-11  -0.206468E-11   0.292612E-11   0.455658E-11  -0.578827E-11
   0.540161E+01   0.190736E-11   0.274030E-11  -0.145020E-11   0.348782E-11   0.329208E-11  -0.678290E-11
   0.543213E+01   0.255540E-11   0.215650E-11  -0.691933E-12   0.390405E-11   0.181384E-11  -0.749525E-11
   0.546265E+01   0.303044E-11   0.140561E-11   0.172297E-12   0.414185E-11   0.185460E-12  -0.788145E-11
   0.549316E+01   0.329024E-11   0.537183E-12   0.109999E-11   0.417816E-11  -0.152257E-11  -0.791060E-11
   0.552368E+01   0.330649E-11  -0.388239E-12   0.204547E-11   0.399775E-11  -0.323216E-11  -0.756463E-11
   0.555420E+01   0.306806E-11  -0.130328E-11   0.295801E-11   0.359297E-11  -0.485812E-11  -0.684363E-11
   0.558472E+01   0.258263E-11  -0.213891E-11   0.378083E-11   0.296819E-11  -0.631565E-11  -0.577069E-11
   0.561523E+01   0.187660E-11  -0.282991E-11   0.445556E-11   0.214575E-11  -0.753004E-11  -0.438916E-11
   0.564575E+01   0.993241E-12  -0.332019E-11   0.493188E-11   0.116739E-11  -0.843976E-11  -0.275483E-11
   0.567627E+01  -0.109397E-13  -0.356659E-11   0.517607E-11   0.877343E-13  -0.899380E-11  -0.932889E-12
   0.570679E+01  -0.106976E-11  -0.354134E-11   0.517215E-11  -0.103575E-11  -0.915264E-11   0.999839E-12
   0.573730E+01  -0.211104E-11  -0.323396E-11   0.491576E-11  -0.214826E-11  -0.889450E-11   0.295632E-11
   0.576782E+01  -0.306093E-11  -0.265261E-11   0.440958E-11  -0.319479E-11  -0.821829E-11   0.484649E-11
   0.579834E+01  -0.384819E-11  -0.182402E-11   0.366679E-11  -0.411598E-11  -0.714109E-11   0.658223E-11
   0.582886E+01  -0.440823E-11  -0.793770E-12   0.271880E-11  -0.485146E-11  -0.569750E-11   0.807836E-11
   0.585937E+01  -0.468927E-11   0.374891E-12   0.161703E-11  -0.535061E-11  -0.394181E-11   0.925654E-11
   0.588989E+01  -0.465919E-11   0.160221E-11   0.428586E-12  -0.558151E-11  -0.194612E-11   0.100526E-10
   0.592041E+01  -0.431030E-11   0.280570E-11  -0.777805E-12  -0.553503E-11   0.206085E-12   0.104201E-10
   0.595093E+01  -0.365601E-11   0.390490E-11  -0.193805E-11  -0.521909E-11   0.242429E-11   0.103298E-10
   0.598145E+01  -0.272730E-11   0.482548E-11  -0.299473E-11  -0.465235E-11   0.461212E-11   0.976943E-11
   0.601196E+01  -0.157108E-11   0.550060E-11  -0.389397E-11  -0.386194E-11   0.666953E-11   0.874715E-11
   0.604248E+01  -0.250746E-12   0.587326E-11  -0.458432E-11  -0.288709E-11   0.849810E-11   0.729325E-11
   0.607300E+01   0.115372E-11   0.590195E-11  -0.502208E-11  -0.178300E-11   0.100067E-10   0.545950E-11
   0.610352E+01   0.254990E-11   0.556818E-11  -0.517995E-11  -0.619369E-12   0.111161E-10   0.331715E-11
   0.613403E+01   0.384246E-11   0.488110E-11  -0.505374E-11   0.527311E-12   0.117633E-10   0.954788E-12
   0.616455E+01   0.494325E-11   0.387512E-11  -0.466346E-11   0.158452E-11   0.119067E-10  -0.152664E-11
   0.619507E+01   0.577631E-11   0.260429E-11  -0.404738E-11   0.249284E-11   0.115270E-10  -0.402098E-11
   0.622559E+01   0.627945E-11   0.113899E-11  -0.325290E-11   0.320826E-11   0.106244E-10  -0.642023E-11
   0.625610E+01   0.640756E-11  -0.435268E-12  -0.233140E-11   0.369816E-11   0.921942E-11  -0.861406E-11
   0.628662E+01   0.613796E-11  -0.202142E-11  -0.134003E-11   0.393834E-11   0.735875E-11  -0.104942E-10
   0.631714E+01   0.547436E-11  -0.351760E-11  -0.344630E-12   0.391677E-11   0.511526E-11  -0.119650E-10
   0.634766E+01   0.444773E-11  -0.482562E-11   0.583232E-12   0.364092E-11   0.258027E-11  -0.129508E-10
   0.637817E+01   0.311335E-11  -0.585895E-11   0.137584E-11   0.314164E-11  -0.143054E-12  -0.133954E-10
   0.640869E+01   0.154561E-11  -0.654785E-11   0.197974E-11   0.246932E-11  -0.294023E-11  -0.132613E-10
   0.643921E+01  -0.166748E-12  -0.684198E-11   0.236086E-11   0.168482E-11  -0.568646E-11  -0.125354E-10
   0.646973E+01  -0.192450E-11  -0.671298E-11   0.250269E-11   0.851430E-12  -0.825437E-11  -0.112344E-10
   0.650024E+01  -0.362298E-11  -0.615704E-11   0.240246E-11   0.326441E-13  -0.105238E-10  -0.940266E-11
   0.653076E+01  -0.515796E-11  -0.519594E-11   0.207122E-11  -0.707336E-12  -0.123858E-10  -0.710748E-11
   0.656128E+01  -0.643132E-11  -0.387727E-11   0.153698E-11  -0.130578E-11  -0.137438E-10  -0.443794E-11
   0.659180E+01  -0.735823E-11  -0.227427E-11   0.846519E-12  -0.170745E-11  -0.145196E-10  -0.150684E-11
   0.662231E+01  -0.787622E-11  -0.481729E-12   0.636828E-13  -0.187229E-11  -0.146640E-10   0.155497E-11
   0.665283E+01  -0.795110E-11   0.139344E-11  -0.737051E-12  -0.178245E-11  -0.141594E-10   0.461066E-11
   0.668335E+01  -0.757641E-11   0.324179E-11  -0.148093E-11  -0.144470E-11  -0.130156E-10   0.752399E-11
   0.671387E+01  -0.677049E-11   0.495669E-11  -0.210217E-11  -0.885658E-12  -0.112693E-10   0.101604E-10
   0.674438E+01  -0.557533E-11   0.643756E-11  -0.254621E-11  -0.144139E-12  -0.898820E-11   0.123936E-10
   0.677490E+01  -0.405660E-11   0.759439E-11  -0.276678E-11   0.731722E-12  -0.626767E-11   0.141166E-10
   0.680542E+01  -0.230285E-11   0.835430E-11  -0.272606E-11   0.168138E-11  -0.322106E-11   0.152465E-10
   0.683594E+01  -0.421171E-12   0.866993E-11  -0.240147E-11   0.263027E-11   0.252813E-13   0.157228E-10
   0.686646E+01   0.147264E-11   0.852558E-11  -0.179406E-11   0.349518E-11   0.333178E-11   0.155088E-10
   0.689697E+01   0.326570E-11   0.793644E-11  -0.931927E-12   0.419527E-11   0.654934E-11   0.145992E-10
   0.692749E+01   0.485497E-11   0.694299E-11   0.133899E-12   0.466278E-11   0.953009E-11   0.130240E-10
   0.695801E+01   0.614958E-11   0.560733E-11   0.133802E-11   0.484809E-11   0.121376E-10   0.108443E-10
   0.698853E+01   0.707446E-11   0.401238E-11   0.260691E-11   0.471878E-11   0.142509E-10   0.814667E-11
   0.701904E+01   0.757682E-11   0.225918E-11   0.386077E-11   0.425897E-11   0.157673E-10   0.504181E-11
   0.704956E+01   0.763197E-11   0.460597E-12   0.501532E-11   0.347168E-11   0.166087E-10   0.166177E-11
   0.708008E+01   0.724670E-11  -0.126745E-11   0.598664E-11   0.238107E-11   0.167275E-10  -0.184739E-11
   0.711060E+01   0.645917E-11  -0.281632E-11   0.669625E-11   0.103232E-11   0.161060E-10  -0.533302E-11
   0.714111E+01   0.533347E-11  -0.409398E-11   0.707577E-11  -0.508378E-12   0.147572E-10  -0.863916E-11
   0.717163E+01   0.395199E-11  -0.502904E-11   0.707423E-11  -0.215443E-11   0.127283E-10  -0.116122E-10
   0.720215E+01   0.241039E-11  -0.557165E-11   0.666691E-11  -0.380485E-11   0.101009E-10  -0.141117E-10
   0.723267E+01   0.814585E-12  -0.569591E-11   0.585906E-11  -0.535570E-11   0.698446E-11  -0.160184E-10
   0.726318E+01  -0.724374E-12  -0.540382E-11   0.468239E-11  -0.671041E-11   0.351076E-11  -0.172371E-10
   0.729370E+01  -0.209851E-11  -0.472748E-11   0.318846E-11  -0.778430E-11  -0.168617E-12  -0.177001E-10
   0.732422E+01  -0.321221E-11  -0.372791E-11   0.144488E-11  -0.850472E-11  -0.388762E-11  -0.173750E-10
   0.735474E+01  -0.399104E-11  -0.249002E-11  -0.464009E-12  -0.881190E-11  -0.747759E-11  -0.162682E-10
   0.738525E+01  -0.438722E-11  -0.111394E-11  -0.243620E-11  -0.866534E-11  -0.107778E-10  -0.144204E-10
   0.741577E+01  -0.438014E-11   0.293118E-12  -0.435750E-11  -0.805253E-11  -0.136381E-10  -0.119009E-10
   0.744629E+01  -0.397601E-11   0.162169E-11  -0.611254E-11  -0.699282E-11  -0.159195E-10  -0.880903E-11
   0.747681E+01  -0.320962E-11   0.276525E-11  -0.759456E-11  -0.553485E-11  -0.175041E-10  -0.527798E-11
   0.750732E+01  -0.214484E-11   0.362882E-11  -0.871180E-11  -0.375283E-11  -0.183089E-10  -0.146695E-11
   0.753784E+01  -0.870589E-12   0.413805E-11  -0.939430E-11  -0.174231E-11  -0.182889E-10   0.245302E-11
   0.756836E+01   0.506201E-12   0.424605E-11  -0.959953E-11   0.388338E-12  -0.174340E-10   0.630664E-11
   0.759888E+01   0.186967E-11   0.393770E-11  -0.931076E-11   0.252794E-11  -0.157696E-10   0.991750E-11
   0.762939E+01   0.310532E-11   0.322990E-11  -0.853151E-11   0.456481E-11  -0.133585E-10   0.131164E-10
   0.765991E+01   0.410783E-11   0.216756E-11  -0.728729E-11   0.638343E-11  -0.102977E-10   0.157503E-10
   0.769043E+01   0.478475E-11   0.819919E-12  -0.563559E-11   0.786837E-11  -0.671352E-11   0.176849E-10
   0.772095E+01   0.506069E-11  -0.719926E-12  -0.367091E-11   0.892070E-11  -0.276433E-11   0.188103E-10
   0.775146E+01   0.488612E-11  -0.233712E-11  -0.151463E-11   0.947603E-11   0.136208E-11   0.190548E-10
   0.778198E+01   0.424599E-11  -0.390395E-11   0.705276E-12   0.950965E-11   0.546373E-11   0.183974E-10
   0.781250E+01   0.316244E-11  -0.529269E-11   0.286821E-11   0.902653E-11   0.934478E-11   0.168661E-10
   0.784302E+01   0.169105E-11  -0.638722E-11   0.485981E-11   0.805082E-11   0.128249E-10   0.145260E-10
   0.787354E+01  -0.862490E-13  -0.708976E-11   0.656598E-11   0.662838E-11   0.157375E-10   0.114739E-10
   0.790405E+01  -0.206656E-11  -0.732289E-11   0.787864E-11   0.483769E-11   0.179343E-10   0.784370E-11
   0.793457E+01  -0.412671E-11  -0.703253E-11   0.871405E-11   0.279112E-11   0.193000E-10   0.380482E-11
   0.796509E+01  -0.612576E-11  -0.619732E-11   0.902750E-11   0.620403E-12   0.197636E-10  -0.452449E-12
   0.799561E+01  -0.791700E-11  -0.483803E-11   0.881342E-11  -0.154187E-11   0.192959E-10  -0.473006E-11
   0.802612E+01  -0.936508E-11  -0.301701E-11   0.809714E-11  -0.357288E-11   0.179075E-10  -0.882553E-11
   0.805664E+01  -0.103572E-10  -0.828629E-12   0.692721E-11  -0.536250E-11   0.156558E-10  -0.125396E-10
   0.808716E+01  -0.108065E-10   0.160926E-11   0.537186E-11  -0.681293E-11   0.126435E-10  -0.156927E-10
   0.811768E+01  -0.106543E-10   0.415978E-11   0.352043E-11  -0.783933E-11   0.900618E-11  -0.181349E-10
   0.814819E+01  -0.987552E-11   0.667179E-11   0.148623E-11  -0.837717E-11   0.490442E-11  -0.197442E-10
   0.817871E+01  -0.848342E-11   0.898755E-11  -0.597994E-12  -0.839546E-11   0.526169E-12  -0.204300E-10
   0.820923E+01  -0.653294E-11   0.109532E-10  -0.259589E-11  -0.790558E-11  -0.391817E-11  -0.201468E-10
   0.823975E+01  -0.411976E-11   0.124323E-10  -0.438619E-11  -0.695703E-11  -0.821417E-11  -0.189025E-10
   0.827026E+01  -0.137216E-11   0.133180E-10  -0.587231E-11  -0.562327E-11  -0.121602E-10  -0.167503E-10
   0.830078E+01   0.155995E-11   0.135380E-10  -0.697960E-11  -0.398958E-11  -0.155697E-10  -0.137780E-10
   0.833130E+01   0.451306E-11   0.130564E-10  -0.764850E-11  -0.215171E-11  -0.182703E-10  -0.101114E-10
   0.836182E+01   0.731633E-11   0.118763E-10  -0.783637E-11  -0.223077E-12  -0.201173E-10  -0.591940E-11
   0.839233E+01   0.979998E-11   0.100428E-10  -0.753268E-11   0.166432E-11  -0.210126E-10  -0.140283E-11
   0.842285E+01   0.118070E-10   0.764472E-11  -0.677357E-11   0.337749E-11  -0.209071E-10   0.322569E-11
   0.845337E+01   0.132070E-10   0.481118E-11  -0.563627E-11   0.480884E-11  -0.197938E-10   0.775076E-11
   0.848389E+01   0.139082E-10   0.170057E-11  -0.421583E-11   0.588760E-11  -0.177085E-10   0.119544E-10
   0.851440E+01   0.138616E-10  -0.151439E-11  -0.260705E-11   0.656990E-11  -0.147384E-10   0.156266E-10
   0.854492E+01   0.130565E-10  -0.465659E-11  -0.905740E-12   0.682504E-11  -0.110176E-10   0.185843E-10
   0.857544E+01   0.115198E-10  -0.754650E-11   0.779885E-12   0.663656E-11  -0.671366E-11   0.206796E-10
   0.860596E+01   0.932282E-11  -0.100076E-10   0.232744E-11   0.601853E-11  -0.201979E-11   0.217994E-10
   0.863647E+01   0.658527E-11  -0.118828E-10   0.361806E-11   0.502999E-11   0.284599E-11   0.218705E-10
   0.866699E+01   0.346748E-11  -0.130522E-10   0.456331E-11   0.376972E-11   0.764965E-11   0.208706E-10
   0.869751E+01   0.154199E-12  -0.134436E-10   0.511897E-11   0.235139E-11   0.121582E-10   0.188313E-10
   0.872803E+01  -0.316116E-11  -0.130341E-10   0.527530E-11   0.880541E-12   0.161516E-10   0.158312E-10
   0.875854E+01  -0.628875E-11  -0.118464E-10   0.503882E-11  -0.548190E-12   0.194256E-10   0.119921E-10
   0.878906E+01  -0.904943E-11  -0.994364E-11   0.442755E-11  -0.183994E-11   0.218006E-10   0.748312E-11
   0.881958E+01  -0.112795E-10  -0.742853E-11   0.348193E-11  -0.289490E-11   0.231394E-10   0.251567E-11
   0.885010E+01  -0.128396E-10  -0.444424E-11   0.227681E-11  -0.361898E-11   0.233578E-10  -0.267394E-11
   0.888062E+01  -0.136305E-10  -0.117017E-11   0.921583E-12  -0.394416E-11   0.224213E-10  -0.783764E-11
   0.891113E+01  -0.136049E-10   0.219319E-11  -0.455682E-12  -0.384574E-11   0.203463E-10  -0.127179E-10
   0.894165E+01  -0.127704E-10   0.544345E-11  -0.173301E-11  -0.334386E-11   0.172121E-10  -0.170576E-10
   0.897217E+01  -0.111826E-10   0.839127E-11  -0.281092E-11  -0.248729E-11   0.131632E-10  -0.206251E-10
   0.900269E+01  -0.893645E-11   0.108687E-10  -0.360880E-11  -0.133536E-11   0.839284E-11  -0.232347E-10
   0.903320E+01  -0.616047E-11   0.127320E-10  -0.405137E-11   0.424718E-13   0.312371E-11  -0.247494E-10
   0.906372E+01  -0.301581E-11   0.138671E-10  -0.406809E-11   0.155142E-11  -0.239939E-11  -0.250775E-10
   0.909424E+01   0.306943E-12   0.142015E-10  -0.361356E-11   0.306220E-11  -0.791188E-11  -0.241788E-10
   0.912476E+01   0.360247E-11   0.137169E-10  -0.269278E-11   0.442529E-11  -0.131411E-10  -0.220743E-10
   0.915527E+01   0.667071E-11   0.124492E-10  -0.136766E-11   0.550341E-11  -0.178250E-10  -0.188470E-10
   0.918579E+01   0.932968E-11   0.104802E-10   0.263926E-12   0.619761E-11  -0.217258E-10  -0.146351E-10
   0.921631E+01   0.114216E-10   0.793146E-11   0.209728E-11   0.644536E-11  -0.246385E-10  -0.962680E-11
   0.924683E+01   0.128217E-10   0.496089E-11   0.402825E-11   0.619979E-11  -0.264040E-10  -0.405456E-11
   0.927734E+01   0.134488E-10   0.175406E-11   0.593633E-11   0.542286E-11  -0.269211E-10   0.182023E-11
   0.930786E+01   0.132716E-10  -0.148934E-11   0.767367E-11   0.410557E-11  -0.261458E-10   0.772402E-11
   0.933838E+01   0.123103E-10  -0.456861E-11   0.908163E-11   0.229196E-11  -0.240885E-10   0.133776E-10
   0.936890E+01   0.106354E-10  -0.729567E-11   0.100217E-10   0.808650E-13  -0.208199E-10   0.185030E-10
   0.939941E+01   0.836129E-11  -0.950837E-11   0.103963E-10  -0.239298E-11  -0.164742E-10   0.228421E-10
   0.942993E+01   0.563668E-11  -0.110789E-10   0.101511E-10  -0.498053E-11  -0.112393E-10   0.261731E-10
   0.946045E+01   0.263617E-11  -0.119188E-10   0.926859E-11  -0.753204E-11  -0.534472E-11   0.283173E-10
   0.949097E+01  -0.447543E-12  -0.119850E-10   0.775833E-11  -0.990026E-11   0.942700E-12   0.291436E-10
   0.952148E+01  -0.341627E-11  -0.112858E-10   0.565563E-11  -0.119361E-10   0.732527E-11   0.285824E-10
   0.955200E+01  -0.608156E-11  -0.988035E-11   0.303102E-11  -0.134873E-10   0.134944E-10   0.266378E-10
   0.958252E+01  -0.827722E-11  -0.787283E-11   0.330980E-14  -0.144110E-10   0.191562E-10   0.233840E-10
   0.961304E+01  -0.986902E-11  -0.540543E-11  -0.325908E-11  -0.145997E-10   0.240433E-10   0.189489E-10
   0.964355E+01  -0.107627E-10  -0.264959E-11  -0.655789E-11  -0.140053E-10   0.279131E-10   0.135077E-10
   0.967407E+01  -0.109105E-10   0.203910E-12  -0.969828E-11  -0.126431E-10   0.305551E-10   0.729011E-11
   0.970459E+01  -0.103166E-10   0.295690E-11  -0.125112E-10  -0.105708E-10   0.318139E-10   0.576373E-12
   0.973511E+01  -0.903917E-11   0.542039E-11  -0.148476E-10  -0.786595E-11   0.316035E-10  -0.632498E-11
   0.976562E+01  -0.718265E-11   0.743153E-11  -0.165615E-10  -0.462935E-11   0.299051E-10  -0.130965E-10
   0.979614E+01  -0.488423E-11   0.886096E-11  -0.175155E-10  -0.100794E-11   0.267648E-10  -0.194212E-10
   0.982666E+01  -0.230714E-11   0.961347E-11  -0.176143E-10   0.279899E-11   0.222954E-10  -0.249948E-10
   0.985718E+01   0.361676E-12   0.963487E-11  -0.168329E-10   0.656739E-11   0.166723E-10  -0.295408E-10
   0.988770E+01   0.292248E-11   0.892367E-11  -0.152142E-10   0.100866E-10   0.101265E-10  -0.328202E-10
   0.991821E+01   0.518217E-11   0.753420E-11  -0.128449E-10   0.131785E-10   0.294137E-11  -0.346414E-10
   0.994873E+01   0.697016E-11   0.556919E-11  -0.983491E-11   0.156930E-10  -0.455399E-11  -0.348772E-10
   0.997925E+01   0.814734E-11   0.317123E-11  -0.631601E-11   0.174971E-10  -0.120037E-10  -0.334811E-10
   0.100098E+02   0.861463E-11   0.515396E-12  -0.245372E-11   0.184763E-10  -0.190517E-10  -0.304901E-10
   0.100403E+02   0.832120E-11  -0.220164E-11   0.154636E-11   0.185549E-10  -0.253600E-10  -0.260154E-10
   0.100708E+02   0.726857E-11  -0.477463E-11   0.545456E-11   0.177214E-10  -0.306178E-10  -0.202356E-10
   0.101013E+02   0.551229E-11  -0.700301E-11   0.905141E-11   0.160364E-10  -0.345538E-10  -0.133970E-10
   0.101318E+02   0.315992E-11  -0.870631E-11   0.121563E-10   0.136133E-10  -0.369569E-10  -0.580553E-11
   0.101624E+02   0.362100E-12  -0.973760E-11   0.146326E-10   0.105901E-10  -0.376907E-10   0.219474E-11
   0.101929E+02  -0.269807E-11  -0.999041E-11   0.163738E-10   0.711479E-11  -0.366924E-10   0.102397E-10
   0.102234E+02  -0.581212E-11  -0.940431E-11   0.172917E-10   0.335153E-11  -0.339759E-10   0.179533E-10
   0.102539E+02  -0.875572E-11  -0.797428E-11   0.173249E-10  -0.503924E-12  -0.296418E-10   0.249662E-10
   0.102844E+02  -0.113060E-10  -0.575756E-11   0.164672E-10  -0.422559E-11  -0.238718E-10   0.309435E-10
   0.103149E+02  -0.132620E-10  -0.287083E-11   0.147899E-10  -0.758941E-11  -0.169094E-10   0.355992E-10
   0.103455E+02  -0.144606E-10   0.520572E-12   0.124289E-10  -0.104152E-10  -0.905063E-11   0.386969E-10
   0.103760E+02  -0.147859E-10   0.421658E-11   0.954709E-11  -0.125819E-10  -0.644225E-12   0.400618E-10
   0.104065E+02  -0.141725E-10   0.799605E-11   0.630852E-11  -0.140098E-10   0.792190E-11   0.396028E-10
   0.104370E+02  -0.126054E-10   0.116257E-10   0.288227E-11  -0.146420E-10   0.162507E-10   0.373224E-10
   0.104675E+02  -0.101246E-10   0.148654E-10  -0.541686E-12  -0.144486E-10   0.239620E-10   0.333066E-10
   0.104980E+02  -0.683542E-11   0.174813E-10  -0.375369E-11  -0.134507E-10   0.307021E-10   0.277122E-10
   0.105286E+02  -0.290954E-11   0.192726E-10  -0.655044E-11  -0.117383E-10   0.361483E-10   0.207644E-10
   0.105591E+02   0.143210E-11   0.200945E-10  -0.877115E-11  -0.946278E-11   0.400260E-10   0.127604E-10
   0.105896E+02   0.594424E-11   0.198659E-10  -0.103184E-10  -0.680617E-11   0.421318E-10   0.405602E-11
   0.106201E+02   0.103747E-10   0.185640E-10  -0.111505E-10  -0.394868E-11   0.423450E-10  -0.495547E-11
   0.106506E+02   0.144718E-10   0.162198E-10  -0.112604E-10  -0.105932E-11   0.406319E-10  -0.138610E-10
   0.106812E+02   0.179888E-10   0.129193E-10  -0.106665E-10   0.169558E-11   0.370525E-10  -0.222475E-10
   0.107117E+02   0.206961E-10   0.881065E-11  -0.942220E-11   0.414742E-11   0.317570E-10  -0.297293E-10
   0.107422E+02   0.224038E-10   0.410477E-11  -0.762805E-11   0.613617E-11   0.249661E-10  -0.359659E-10
   0.107727E+02   0.229856E-10  -0.941925E-12  -0.543399E-11   0.753332E-11   0.169606E-10  -0.406614E-10
   0.108032E+02   0.223848E-10  -0.605384E-11  -0.302334E-11   0.826404E-11   0.808580E-11  -0.435736E-10
   0.108337E+02   0.206081E-10  -0.109530E-10  -0.585901E-12   0.831357E-11  -0.125418E-11  -0.445418E-10
   0.108643E+02   0.177233E-10  -0.153656E-10   0.170246E-11   0.771652E-11  -0.106285E-10  -0.435085E-10
   0.108948E+02   0.138650E-10  -0.190345E-10   0.368513E-11   0.654411E-11  -0.196146E-10  -0.405123E-10
   0.109253E+02   0.923100E-11  -0.217409E-10   0.522600E-11   0.490133E-11  -0.278124E-10  -0.356707E-10
   0.109558E+02   0.406951E-11  -0.233217E-10   0.621865E-11   0.292605E-11  -0.348473E-10  -0.291767E-10
   0.109863E+02  -0.133890E-11  -0.236807E-10   0.659676E-11   0.779481E-12  -0.403872E-10  -0.213029E-10
   0.110168E+02  -0.670065E-11  -0.227934E-10   0.633662E-11  -0.136560E-11  -0.441660E-10  -0.123891E-10
   0.110474E+02  -0.117286E-10  -0.207047E-10   0.545931E-11  -0.333182E-11  -0.459924E-10  -0.281939E-11
   0.110779E+02  -0.161545E-10  -0.175206E-10   0.403699E-11  -0.494894E-11  -0.457484E-10   0.698409E-11
   0.111084E+02  -0.197368E-10  -0.134055E-10   0.219138E-11  -0.607450E-11  -0.434089E-10   0.165656E-10
   0.111389E+02  -0.222744E-10  -0.858164E-11   0.786778E-13  -0.661014E-11  -0.390636E-10   0.254686E-10
   0.111694E+02  -0.236283E-10  -0.331822E-11  -0.213014E-11  -0.650463E-11  -0.329043E-10   0.332792E-10
   0.112000E+02  -0.237326E-10   0.209076E-11  -0.425931E-11  -0.574910E-11  -0.251942E-10   0.396386E-10
   0.112305E+02  -0.225945E-10   0.734780E-11  -0.613267E-11  -0.437613E-11  -0.162610E-10   0.442373E-10
   0.112610E+02  -0.202904E-10   0.121685E-10  -0.758061E-11  -0.246439E-11  -0.650653E-11   0.468324E-10
   0.112915E+02  -0.169594E-10   0.162961E-10  -0.845483E-11  -0.141803E-12   0.361140E-11   0.472833E-10
   0.113220E+02  -0.127950E-10   0.195123E-10  -0.864758E-11   0.242078E-11   0.136216E-10   0.455626E-10
   0.113525E+02  -0.803913E-11   0.216474E-10  -0.810555E-11   0.502686E-11   0.230675E-10   0.417387E-10
   0.113831E+02  -0.296687E-11   0.225957E-10  -0.683045E-11   0.747965E-11   0.315102E-10   0.359659E-10
   0.114136E+02   0.211798E-11   0.223295E-10  -0.487551E-11   0.957983E-11   0.385416E-10   0.284956E-10
   0.114441E+02   0.692805E-11   0.208991E-10  -0.234350E-11   0.111526E-10   0.438197E-10   0.196745E-10
   0.114746E+02   0.112048E-10   0.184181E-10   0.622935E-12   0.120547E-10   0.470969E-10   0.991369E-11
   0.115051E+02   0.147265E-10   0.150510E-10   0.385313E-11   0.121782E-10   0.482174E-10  -0.341865E-12
   0.115356E+02   0.173135E-10   0.110158E-10   0.714218E-11   0.114485E-10   0.471160E-10  -0.106211E-10
   0.115662E+02   0.188429E-10   0.654874E-11   0.102696E-10   0.984319E-11   0.438327E-10  -0.204406E-10
   0.115967E+02   0.192440E-10   0.191278E-11   0.130011E-10   0.740350E-11   0.385184E-10  -0.293396E-10
   0.116272E+02   0.185287E-10  -0.258891E-11   0.151017E-10   0.425656E-11   0.314153E-10  -0.369074E-10
   0.116577E+02   0.167805E-10  -0.669482E-11   0.164130E-10   0.576386E-12   0.228413E-10  -0.427880E-10
   0.116882E+02   0.141507E-10  -0.101763E-10   0.168201E-10  -0.344065E-11   0.131903E-10  -0.466932E-10
   0.117187E+02   0.108309E-10  -0.128556E-10   0.162455E-10  -0.758326E-11   0.292013E-11  -0.484315E-10
   0.117493E+02   0.704173E-11  -0.146053E-10   0.146470E-10  -0.116142E-10  -0.748486E-11  -0.479254E-10
   0.117798E+02   0.302835E-11  -0.153496E-10   0.120442E-10  -0.152693E-10  -0.175462E-10  -0.452000E-10
   0.118103E+02  -0.948126E-12  -0.150756E-10   0.854116E-11  -0.182862E-10  -0.267979E-10  -0.403701E-10
   0.118408E+02  -0.463090E-11  -0.138423E-10   0.431923E-11  -0.204474E-10  -0.347946E-10  -0.336506E-10
   0.118713E+02  -0.779322E-11  -0.117758E-10  -0.399158E-12  -0.216027E-10  -0.411481E-10  -0.253637E-10
   0.119019E+02  -0.102564E-10  -0.905224E-11  -0.538035E-11  -0.216566E-10  -0.455631E-10  -0.159090E-10
   0.119324E+02  -0.118945E-10  -0.587836E-11  -0.103793E-10  -0.205507E-10  -0.478391E-10  -0.572757E-11
   0.119629E+02  -0.126316E-10  -0.248086E-11  -0.151248E-10  -0.182701E-10  -0.478627E-10   0.470596E-11
   0.119934E+02  -0.124497E-10   0.895957E-12  -0.193249E-10  -0.148698E-10  -0.456279E-10   0.148902E-10
   0.120239E+02  -0.114003E-10   0.400806E-11  -0.226978E-10  -0.104949E-10  -0.412523E-10   0.243360E-10
   0.120544E+02  -0.960287E-11   0.663970E-11  -0.250147E-10  -0.537337E-11  -0.349568E-10   0.326078E-10
   0.120850E+02  -0.722547E-11   0.862274E-11  -0.261287E-10   0.218665E-12  -0.270357E-10   0.393312E-10
   0.121155E+02  -0.446653E-11   0.984011E-11  -0.259719E-10   0.599909E-11  -0.178520E-10   0.441919E-10
   0.121460E+02  -0.154554E-11   0.102274E-10  -0.245252E-10   0.116987E-10  -0.783703E-11   0.469578E-10
   0.121765E+02   0.131093E-11   0.977582E-11  -0.218023E-10   0.170405E-10   0.253825E-11   0.475042E-10
   0.122070E+02   0.387779E-11   0.853630E-11  -0.178711E-10   0.217223E-10   0.128006E-10   0.458080E-10
   0.122375E+02   0.594820E-11   0.661711E-11  -0.128973E-10   0.254384E-10   0.224824E-10   0.419286E-10
   0.122681E+02   0.734844E-11   0.418119E-11  -0.715219E-11   0.279407E-10   0.311162E-10   0.360178E-10
   0.122986E+02   0.795667E-11   0.143972E-11  -0.963332E-12   0.290881E-10   0.382640E-10   0.283449E-10
   0.123291E+02   0.771855E-11  -0.137264E-11   0.534474E-11   0.288420E-10   0.435692E-10   0.192831E-10
   0.123596E+02   0.664542E-11  -0.401889E-11   0.114830E-10   0.272237E-10   0.467758E-10   0.926508E-11
   0.123901E+02   0.480608E-11  -0.627617E-11   0.171752E-10   0.242814E-10   0.477161E-10  -0.123895E-11
   0.124207E+02   0.232292E-11  -0.794085E-11   0.221272E-10   0.201026E-10   0.463197E-10  -0.117192E-10
   0.124512E+02  -0.629329E-12  -0.884181E-11   0.260324E-10   0.148649E-10   0.426420E-10  -0.216508E-10
   0.124817E+02  -0.382618E-11  -0.885599E-11   0.286349E-10   0.885890E-11   0.368625E-10  -0.305437E-10
   0.125122E+02  -0.700919E-11  -0.793002E-11   0.297952E-10   0.244758E-11   0.292527E-10  -0.379666E-10
   0.125427E+02  -0.991623E-11  -0.609031E-11   0.294992E-10  -0.400852E-11   0.201634E-10  -0.435440E-10
   0.125732E+02  -0.123077E-10  -0.343144E-11   0.278111E-10  -0.102005E-10   0.100347E-10  -0.469716E-10
   0.126038E+02  -0.139780E-10  -0.984200E-13   0.248272E-10  -0.158567E-10  -0.617520E-12  -0.480607E-10
   0.126343E+02  -0.147532E-10   0.371940E-11   0.206731E-10  -0.207111E-10  -0.112541E-10  -0.467599E-10
   0.126648E+02  -0.145033E-10   0.778459E-11   0.155423E-10  -0.244963E-10  -0.213538E-10  -0.431348E-10
   0.126953E+02  -0.131636E-10   0.118197E-10   0.971963E-11  -0.269893E-10  -0.304192E-10  -0.373503E-10
   0.127258E+02  -0.107506E-10   0.155346E-10   0.355940E-11  -0.280676E-10  -0.379878E-10  -0.296813E-10
   0.127563E+02  -0.735763E-11   0.186523E-10  -0.258006E-11  -0.277285E-10  -0.436741E-10  -0.205105E-10
   0.127869E+02  -0.314449E-11   0.209287E-10  -0.838296E-11  -0.260596E-10  -0.471977E-10  -0.102889E-10
   0.128174E+02   0.167495E-11   0.221612E-10  -0.135859E-10  -0.231960E-10  -0.483735E-10   0.493866E-12
   0.128479E+02   0.683976E-11   0.221969E-10  -0.179579E-10  -0.193040E-10  -0.471124E-10   0.113061E-10
   0.128784E+02   0.120461E-10   0.209467E-10  -0.212890E-10  -0.145904E-10  -0.434554E-10   0.215889E-10
   0.129089E+02   0.169621E-10   0.184031E-10  -0.234071E-10  -0.932232E-11  -0.375874E-10   0.308106E-10
   0.129395E+02   0.212602E-10   0.146541E-10  -0.242139E-10  -0.382557E-11  -0.298052E-10   0.385133E-10
   0.129700E+02   0.246515E-10   0.987053E-11  -0.237238E-10   0.155085E-11  -0.204818E-10   0.443160E-10
   0.130005E+02   0.269005E-10   0.428249E-11  -0.220603E-10   0.649920E-11  -0.100628E-10   0.479107E-10
   0.130310E+02   0.278231E-10  -0.183452E-11  -0.194080E-10   0.107920E-10   0.929279E-12   0.490893E-10
   0.130615E+02   0.272965E-10  -0.815991E-11  -0.159593E-10   0.142634E-10   0.119278E-10   0.477815E-10
   0.130920E+02   0.252778E-10  -0.143404E-10  -0.119178E-10   0.167716E-10   0.223765E-10   0.440574E-10
   0.131226E+02   0.218164E-10  -0.200139E-10  -0.753095E-11   0.181994E-10   0.317606E-10   0.381013E-10
   0.131531E+02   0.170513E-10  -0.248377E-10  -0.309613E-11   0.185030E-10   0.396146E-10   0.301996E-10
   0.131836E+02   0.112043E-10  -0.285114E-10   0.108496E-11   0.177453E-10   0.455474E-10   0.207385E-10
   0.132141E+02   0.456322E-11  -0.307957E-10   0.476536E-11   0.160797E-10   0.492712E-10   0.101757E-10
   0.132446E+02  -0.253455E-11  -0.315234E-10   0.777587E-11   0.137021E-10   0.506002E-10  -0.994595E-12
   0.132751E+02  -0.971688E-11  -0.306069E-10   0.100078E-10   0.108127E-10   0.494413E-10  -0.122480E-10
   0.133057E+02  -0.165938E-10  -0.280490E-10   0.113880E-10   0.761422E-11   0.458145E-10  -0.230347E-10
   0.133362E+02  -0.227810E-10  -0.239486E-10   0.118776E-10   0.432606E-11   0.398712E-10  -0.328165E-10
   0.133667E+02  -0.279268E-10  -0.184976E-10   0.114932E-10   0.118514E-11   0.318778E-10  -0.411095E-10
   0.133972E+02  -0.317360E-10  -0.119692E-10   0.103227E-10  -0.157743E-11   0.221882E-10  -0.474959E-10
   0.134277E+02  -0.339885E-10  -0.469734E-11   0.852230E-11  -0.376655E-11   0.112392E-10  -0.516269E-10
   0.134583E+02  -0.345471E-10   0.294524E-11   0.629852E-11  -0.524922E-11  -0.447995E-12  -0.532466E-10
   0.134888E+02  -0.333574E-10   0.105638E-10   0.387544E-11  -0.596573E-11  -0.122909E-10  -0.522298E-10
   0.135193E+02  -0.304538E-10   0.177508E-10   0.146545E-11  -0.591727E-11  -0.236959E-10  -0.485958E-10
   0.135498E+02  -0.259741E-10   0.241069E-10  -0.734763E-12  -0.514164E-11  -0.340954E-10  -0.424914E-10
   0.135803E+02  -0.201591E-10   0.292801E-10  -0.252725E-11  -0.371302E-11  -0.429604E-10  -0.341769E-10
   0.136108E+02  -0.133253E-10   0.329968E-10  -0.371867E-11  -0.177113E-11  -0.498205E-10  -0.240295E-10
   0.136414E+02  -0.583415E-11   0.350668E-10  -0.416670E-11   0.467985E-12  -0.543012E-10  -0.125314E-10
   0.136719E+02   0.192101E-11   0.353824E-10  -0.382294E-11   0.275241E-11  -0.561455E-10  -0.235502E-12
   0.137024E+02   0.952709E-11   0.339273E-10  -0.272370E-11   0.485133E-11  -0.552186E-10   0.122585E-10
   0.137329E+02   0.165762E-10   0.307864E-10  -0.948470E-12   0.657280E-11  -0.515231E-10   0.243233E-10
   0.137634E+02   0.226943E-10   0.261392E-10   0.140005E-11   0.774372E-11  -0.452116E-10   0.353442E-10
   0.137939E+02   0.275602E-10   0.202455E-10   0.417931E-11   0.819598E-11  -0.365723E-10   0.447633E-10
   0.138245E+02   0.309199E-10   0.134342E-10   0.718349E-11   0.778695E-11  -0.260026E-10   0.520991E-10
   0.138550E+02   0.326047E-10   0.608844E-11   0.101486E-10   0.644153E-11  -0.139979E-10   0.569609E-10
   0.138855E+02   0.325457E-10  -0.137743E-11   0.127912E-10   0.418026E-11  -0.113732E-11   0.590755E-10
   0.139160E+02   0.307801E-10  -0.854738E-11   0.148549E-10   0.111263E-11   0.119517E-10   0.583115E-10
   0.139465E+02   0.274454E-10  -0.150338E-10   0.161350E-10  -0.259280E-11   0.246356E-10   0.546787E-10
   0.139771E+02   0.227631E-10  -0.205017E-10   0.164773E-10  -0.673511E-11   0.362969E-10   0.483139E-10
   0.140076E+02   0.170185E-10  -0.246797E-10   0.157680E-10  -0.110902E-10   0.463466E-10   0.394824E-10
   0.140381E+02   0.105491E-10  -0.273672E-10   0.139300E-10  -0.154047E-10   0.542563E-10   0.285881E-10
   0.140686E+02   0.373291E-11  -0.284465E-10   0.109385E-10  -0.193843E-10   0.596084E-10   0.161553E-10
   0.140991E+02  -0.303185E-11  -0.278973E-10   0.685914E-11  -0.227036E-10   0.621195E-10   0.278200E-11
   0.141296E+02  -0.935586E-11  -0.258006E-10   0.187628E-11  -0.250567E-10   0.616368E-10  -0.108888E-10
   0.141602E+02  -0.148873E-10  -0.223332E-10  -0.373379E-11  -0.262249E-10   0.581502E-10  -0.241833E-10
   0.141907E+02  -0.193382E-10  -0.177505E-10  -0.967418E-11  -0.260935E-10   0.518124E-10  -0.364368E-10
   0.142212E+02  -0.224998E-10  -0.123596E-10  -0.156689E-10  -0.246052E-10   0.429259E-10  -0.470469E-10
   0.142517E+02  -0.242395E-10  -0.649423E-11  -0.214341E-10  -0.217177E-10   0.319081E-10  -0.554988E-10
   0.142822E+02  -0.244952E-10  -0.510027E-12  -0.266299E-10  -0.174308E-10   0.192740E-10  -0.613737E-10
   0.143127E+02  -0.232912E-10   0.521837E-11  -0.308719E-10  -0.118571E-10   0.562687E-11  -0.643724E-10
   0.143433E+02  -0.207595E-10   0.103277E-10  -0.338108E-10  -0.525713E-11  -0.837641E-11  -0.643462E-10
   0.143738E+02  -0.171317E-10   0.145142E-10  -0.352133E-10   0.200400E-11  -0.220762E-10  -0.612995E-10
   0.144043E+02  -0.126998E-10   0.175606E-10  -0.349794E-10   0.954142E-11  -0.348419E-10  -0.553677E-10
   0.144348E+02  -0.778267E-11   0.193340E-10  -0.330934E-10   0.170023E-10  -0.460808E-10  -0.468038E-10
   0.144653E+02  -0.271061E-11   0.197744E-10  -0.295760E-10   0.240490E-10  -0.552563E-10  -0.359827E-10
   0.144958E+02   0.217790E-11   0.188947E-10  -0.244952E-10   0.303176E-10  -0.619231E-10  -0.233907E-10
   0.145264E+02   0.654728E-11   0.167924E-10  -0.180231E-10   0.354240E-10  -0.657466E-10  -0.959414E-11
   0.145569E+02   0.100929E-10   0.136585E-10  -0.104614E-10   0.390308E-10  -0.665061E-10   0.477422E-11
   0.145874E+02   0.125794E-10   0.976584E-11  -0.220282E-11   0.409123E-10  -0.641245E-10   0.190244E-10
   0.146179E+02   0.138635E-10   0.543260E-11   0.633591E-11   0.409684E-10  -0.587008E-10   0.324600E-10
   0.146484E+02   0.138884E-10   0.988405E-12   0.147585E-10   0.391932E-10  -0.504913E-10   0.444457E-10
   0.146790E+02   0.126713E-10  -0.323612E-11   0.226877E-10   0.356397E-10  -0.398605E-10   0.544262E-10
   0.147095E+02   0.103104E-10  -0.691555E-11   0.297424E-10   0.304213E-10  -0.272695E-10   0.619145E-10
   0.147400E+02   0.699323E-11  -0.975500E-11   0.355429E-10   0.237479E-10  -0.132934E-10   0.665127E-10
   0.147705E+02   0.298428E-11  -0.115225E-10   0.397646E-10   0.159480E-10   0.139553E-11   0.679645E-10
   0.148010E+02  -0.140098E-11  -0.120688E-10   0.422002E-10   0.743129E-11   0.160835E-10   0.661841E-10
   0.148315E+02  -0.582317E-11  -0.113328E-10   0.427681E-10  -0.138353E-11   0.300639E-10   0.612449E-10
   0.148621E+02  -0.994167E-11  -0.933997E-11   0.414676E-10  -0.101057E-10   0.426591E-10   0.533679E-10
   0.148926E+02  -0.134309E-10  -0.619571E-11   0.383476E-10  -0.183526E-10   0.532497E-10   0.429252E-10
   0.149231E+02  -0.159921E-10  -0.208365E-11   0.335298E-10  -0.257274E-10   0.613230E-10   0.304237E-10
   0.149536E+02  -0.173729E-10   0.273190E-11   0.272489E-10  -0.318462E-10   0.664982E-10   0.164572E-10
   0.149841E+02  -0.173994E-10   0.791594E-11   0.198552E-10  -0.364013E-10   0.685175E-10   0.167869E-11
   0.150146E+02  -0.160005E-10   0.130962E-10   0.117638E-10  -0.392113E-10   0.672585E-10  -0.132000E-10
   0.150452E+02  -0.132056E-10   0.179013E-10   0.338841E-11  -0.402179E-10   0.627745E-10  -0.274399E-10
   0.150757E+02  -0.912959E-11   0.219821E-10  -0.489174E-11  -0.394439E-10   0.552984E-10  -0.403452E-10
   0.151062E+02  -0.396351E-11   0.250197E-10  -0.127184E-10  -0.369621E-10   0.451992E-10  -0.513057E-10
   0.151367E+02   0.202344E-11   0.267368E-10  -0.197335E-10  -0.329066E-10   0.329539E-10  -0.597980E-10
   0.151672E+02   0.848368E-11   0.269238E-10  -0.255958E-10  -0.275062E-10   0.191493E-10  -0.653995E-10
   0.151978E+02   0.150122E-10   0.254741E-10  -0.300333E-10  -0.210897E-10   0.446541E-11  -0.678293E-10
   0.152283E+02   0.211940E-10   0.223999E-10  -0.328885E-10  -0.140454E-10  -0.103727E-10  -0.669719E-10
   0.152588E+02   0.266419E-10   0.178123E-10  -0.341252E-10  -0.676390E-11  -0.246349E-10  -0.628710E-10
   0.152893E+02   0.310089E-10   0.118921E-10  -0.337927E-10   0.407017E-12  -0.376068E-10  -0.557284E-10
   0.153198E+02   0.339718E-10   0.489128E-11  -0.319878E-10   0.715798E-11  -0.486269E-10  -0.459183E-10
   0.153503E+02   0.352557E-10  -0.284631E-11  -0.288480E-10   0.131937E-10  -0.571526E-10  -0.339722E-10
   0.153809E+02   0.346806E-10  -0.108907E-10  -0.245829E-10   0.182334E-10  -0.627987E-10  -0.205168E-10
   0.154114E+02   0.321943E-10  -0.187696E-10  -0.194876E-10   0.220577E-10  -0.653258E-10  -0.622573E-11
   0.154419E+02   0.278736E-10  -0.260199E-10  -0.139023E-10   0.245496E-10  -0.646349E-10   0.818938E-11
   0.154724E+02   0.219035E-10  -0.322171E-10  -0.816274E-11   0.256915E-10  -0.607968E-10   0.220007E-10
   0.155029E+02   0.145585E-10  -0.369977E-10  -0.258132E-11   0.255379E-10  -0.540605E-10   0.345290E-10
   0.155334E+02   0.618274E-11  -0.400681E-10   0.255482E-11   0.242116E-10  -0.448109E-10   0.451942E-10
   0.155640E+02  -0.282024E-11  -0.412080E-10   0.700756E-11   0.219063E-10  -0.335261E-10   0.535205E-10
   0.155945E+02  -0.119920E-10  -0.402905E-10   0.106140E-10   0.188570E-10  -0.207670E-10   0.591361E-10
   0.156250E+02  -0.208433E-10  -0.373073E-10   0.132786E-10   0.153041E-10  -0.716488E-11   0.617974E-10
   0.156555E+02  -0.288981E-10  -0.323757E-10   0.149492E-10   0.114886E-10   0.661590E-11   0.614072E-10
   0.156860E+02  -0.357315E-10  -0.257188E-10   0.156190E-10   0.766891E-11   0.199117E-10   0.580053E-10
   0.157166E+02  -0.409757E-10  -0.176402E-10   0.153596E-10   0.411334E-11   0.320704E-10   0.517665E-10
   0.157471E+02  -0.443286E-10  -0.852333E-11   0.143344E-10   0.105506E-11   0.424794E-10   0.430202E-10
   0.157776E+02  -0.455811E-10   0.117311E-11   0.127708E-10  -0.135496E-11   0.506298E-10   0.322425E-10
   0.158081E+02  -0.446461E-10   0.109441E-10   0.109091E-10  -0.305990E-11   0.561552E-10   0.199966E-10
   0.158386E+02  -0.415698E-10   0.202851E-10   0.896324E-11  -0.407244E-11   0.588131E-10   0.688567E-11
   0.158691E+02  -0.365109E-10   0.287298E-10   0.711699E-11  -0.444497E-11   0.584742E-10  -0.644379E-11
   0.158997E+02  -0.297168E-10   0.358638E-10   0.553511E-11  -0.425836E-11   0.551561E-10  -0.193100E-10
   0.159302E+02  -0.215152E-10   0.413275E-10   0.436900E-11  -0.363032E-11   0.490428E-10  -0.310498E-10
   0.159607E+02  -0.123186E-10   0.448340E-10   0.374431E-11  -0.272873E-11   0.404605E-10  -0.410638E-10
   0.159912E+02  -0.260907E-11   0.462051E-10   0.373044E-11  -0.177442E-11   0.298601E-10  -0.488304E-10
   0.160217E+02   0.710289E-11   0.453948E-10   0.430264E-11  -0.101449E-11   0.178185E-10  -0.539379E-10
   0.160522E+02   0.163234E-10   0.424841E-10   0.533167E-11  -0.661435E-12   0.500421E-11  -0.561394E-10
   0.160828E+02   0.246043E-10   0.376618E-10   0.663065E-11  -0.840154E-12  -0.789855E-11  -0.553691E-10
   0.161133E+02   0.315614E-10   0.312052E-10   0.802328E-11  -0.159860E-11  -0.202383E-10  -0.516988E-10
   0.161438E+02   0.368876E-10   0.234583E-10   0.935860E-11  -0.296550E-11  -0.313829E-10  -0.453128E-10
   0.161743E+02   0.403533E-10   0.148125E-10   0.104627E-10  -0.497341E-11  -0.407237E-10  -0.365435E-10
   0.162048E+02   0.418075E-10   0.570410E-11   0.111019E-10  -0.761028E-11  -0.477499E-10  -0.258871E-10
   0.162354E+02   0.412014E-10  -0.338945E-11   0.110172E-10  -0.107541E-10  -0.521083E-10  -0.139364E-10
   0.162659E+02   0.386174E-10  -0.119847E-10   0.100073E-10  -0.141634E-10  -0.535803E-10  -0.131818E-11
   0.162964E+02   0.342645E-10  -0.196476E-10   0.798763E-11  -0.175356E-10  -0.520605E-10   0.112951E-10
   0.163269E+02   0.284418E-10  -0.260289E-10   0.498682E-11  -0.205845E-10  -0.476076E-10   0.231842E-10
   0.163574E+02   0.215019E-10  -0.308696E-10   0.109012E-11  -0.230772E-10  -0.404812E-10   0.336604E-10
   0.163879E+02   0.138315E-10  -0.339956E-10  -0.360740E-11  -0.248061E-10  -0.310981E-10   0.421392E-10
   0.164185E+02   0.584149E-11  -0.353200E-10  -0.898289E-11  -0.255403E-10  -0.199811E-10   0.481470E-10
   0.164490E+02  -0.204726E-11  -0.348517E-10  -0.148216E-10  -0.250341E-10  -0.775864E-11   0.513226E-10
   0.164795E+02  -0.943010E-11  -0.327046E-10  -0.207909E-10  -0.231053E-10   0.484187E-11   0.514703E-10
   0.165100E+02  -0.159556E-10  -0.290898E-10  -0.264983E-10  -0.197068E-10   0.170656E-10   0.486078E-10
   0.165405E+02  -0.213513E-10  -0.242854E-10  -0.315797E-10  -0.149200E-10   0.282183E-10   0.429426E-10
   0.165710E+02  -0.254234E-10  -0.186038E-10  -0.357331E-10  -0.889026E-11   0.376911E-10   0.348116E-10
   0.166016E+02  -0.280481E-10  -0.123821E-10  -0.386851E-10  -0.178714E-11   0.449500E-10   0.246732E-10
   0.166321E+02  -0.291785E-10  -0.597751E-11  -0.401539E-10   0.616864E-11   0.495797E-10   0.131201E-10
   0.166626E+02  -0.288585E-10   0.249655E-12  -0.398753E-10   0.146512E-10   0.513455E-10   0.825836E-12
   0.166931E+02  -0.272263E-10   0.596686E-11  -0.376807E-10   0.232246E-10   0.501804E-10  -0.115371E-10
   0.167236E+02  -0.245013E-10   0.109004E-10  -0.335525E-10   0.314095E-10   0.461395E-10  -0.233105E-10
   0.167542E+02  -0.209568E-10   0.148581E-10  -0.276079E-10   0.387635E-10   0.394148E-10  -0.338368E-10
   0.167847E+02  -0.168869E-10   0.177326E-10  -0.200401E-10   0.449059E-10   0.303680E-10  -0.425093E-10
   0.168152E+02  -0.125780E-10   0.194836E-10  -0.110850E-10   0.495002E-10   0.194984E-10  -0.488396E-10
   0.168457E+02  -0.833880E-11   0.201599E-10  -0.106220E-11   0.522031E-10   0.738621E-11  -0.524716E-10
   0.168762E+02  -0.442446E-11   0.198752E-10   0.961698E-11   0.527416E-10  -0.532567E-11  -0.531723E-10
   0.169067E+02  -0.103979E-11   0.188146E-10   0.204336E-10   0.509427E-10  -0.179400E-10  -0.508567E-10
   0.169373E+02   0.168512E-11   0.171927E-10   0.308213E-10   0.467989E-10  -0.297521E-10  -0.456150E-10
   0.169678E+02   0.367679E-11   0.152281E-10   0.402533E-10   0.404650E-10  -0.401070E-10  -0.376966E-10
   0.169983E+02   0.490827E-11   0.131507E-10   0.482900E-10   0.321934E-10  -0.484172E-10  -0.274781E-10
   0.170288E+02   0.542002E-11   0.112018E-10   0.545505E-10   0.222825E-10  -0.541693E-10  -0.154667E-10
   0.170593E+02   0.533679E-11   0.960008E-11   0.586774E-10   0.111015E-10  -0.569768E-10  -0.230629E-11
   0.170898E+02   0.484903E-11   0.850051E-11   0.603773E-10  -0.862978E-12  -0.566393E-10   0.112811E-10
   0.171204E+02   0.417519E-11   0.798002E-11   0.595026E-10  -0.130319E-10  -0.531271E-10   0.245726E-10
   0.171509E+02   0.353245E-11   0.804604E-11   0.560760E-10  -0.248224E-10  -0.465418E-10   0.368522E-10
   0.171814E+02   0.312440E-11   0.865091E-11   0.502426E-10  -0.357028E-10  -0.371434E-10   0.473987E-10
   0.172119E+02   0.314007E-11   0.969847E-11   0.422323E-10  -0.451856E-10  -0.253971E-10   0.555495E-10
   0.172424E+02   0.375029E-11   0.110358E-10   0.323723E-10  -0.528184E-10  -0.119378E-10   0.607984E-10
   0.172729E+02   0.508168E-11   0.124423E-10   0.211033E-10  -0.582204E-10   0.251842E-11   0.628264E-10
   0.173035E+02   0.717542E-11   0.136478E-10   0.895423E-11  -0.611300E-10   0.172252E-10   0.614762E-10
   0.173340E+02   0.997151E-11   0.143833E-10  -0.350558E-11  -0.614224E-10   0.314173E-10   0.567424E-10
   0.173645E+02   0.133336E-10   0.144193E-10  -0.157017E-10  -0.591006E-10   0.443317E-10   0.487856E-10
   0.173950E+02   0.170773E-10   0.135704E-10  -0.270731E-10  -0.542913E-10   0.552489E-10   0.379341E-10
   0.174255E+02   0.209734E-10   0.116902E-10  -0.370982E-10  -0.472487E-10   0.635220E-10   0.246698E-10
   0.174561E+02   0.247452E-10   0.868507E-11  -0.453355E-10  -0.383437E-10   0.686041E-10   0.962936E-11
   0.174866E+02   0.280798E-10   0.453607E-11  -0.514534E-10  -0.280276E-10   0.701083E-10  -0.640360E-11
   0.175171E+02   0.306498E-10  -0.691664E-12  -0.552310E-10  -0.167908E-10   0.678659E-10  -0.225649E-10
   0.175476E+02   0.321506E-10  -0.683460E-11  -0.565398E-10  -0.515914E-11   0.619175E-10  -0.379944E-10
   0.175781E+02   0.323037E-10  -0.136577E-10  -0.553656E-10   0.631999E-11   0.524716E-10  -0.518621E-10
   0.176086E+02   0.308848E-10  -0.208423E-10  -0.518288E-10   0.170942E-10   0.399129E-10  -0.633677E-10
   0.176392E+02   0.277497E-10  -0.279946E-10  -0.461925E-10   0.266625E-10   0.248323E-10  -0.717902E-10
   0.176697E+02   0.228705E-10  -0.346704E-10  -0.388316E-10   0.346251E-10   0.800686E-11  -0.765700E-10
   0.177002E+02   0.163519E-10  -0.404284E-10  -0.301819E-10   0.407047E-10  -0.966499E-11  -0.773595E-10
   0.177307E+02   0.840741E-11  -0.448776E-10  -0.206954E-10   0.447372E-10  -0.272257E-10  -0.740393E-10
   0.177612E+02  -0.677552E-12  -0.476903E-10  -0.108198E-10   0.466451E-10  -0.437159E-10  -0.667240E-10
   0.177917E+02  -0.105595E-10  -0.485922E-10  -0.100705E-11   0.464225E-10  -0.582371E-10  -0.557523E-10
   0.178223E+02  -0.208292E-10  -0.473654E-10   0.827748E-11   0.441547E-10  -0.700016E-10  -0.416508E-10
   0.178528E+02  -0.310053E-10  -0.438728E-10   0.165853E-10   0.400533E-10  -0.783516E-10  -0.250976E-10
   0.178833E+02  -0.405461E-10  -0.380970E-10   0.235504E-10   0.344538E-10  -0.827787E-10  -0.691020E-11
   0.179138E+02  -0.488949E-10  -0.301770E-10   0.289367E-10   0.277594E-10  -0.829708E-10   0.119753E-10
   0.179443E+02  -0.555489E-10  -0.204082E-10   0.326289E-10   0.203755E-10  -0.788514E-10   0.305671E-10
   0.179749E+02  -0.601088E-10  -0.919654E-11   0.345917E-10   0.126818E-10  -0.705759E-10   0.478850E-10
   0.180054E+02  -0.622789E-10   0.299234E-11   0.348419E-10   0.504751E-11  -0.585183E-10   0.630048E-10
   0.180359E+02  -0.618507E-10   0.156439E-10   0.334645E-10  -0.214754E-11  -0.432623E-10   0.751095E-10
   0.180664E+02  -0.587150E-10   0.281870E-10   0.306544E-10  -0.853377E-11  -0.255607E-10   0.835481E-10
   0.180969E+02  -0.528975E-10   0.400121E-10   0.267238E-10  -0.138228E-10  -0.627475E-11   0.878532E-10
   0.181274E+02  -0.445752E-10   0.505168E-10   0.220364E-10  -0.178641E-10   0.136531E-10   0.877336E-10
   0.181580E+02  -0.340675E-10   0.591509E-10   0.169254E-10  -0.206225E-10   0.332067E-10   0.831029E-10
   0.181885E+02  -0.218147E-10   0.654499E-10   0.116786E-10  -0.221129E-10   0.513505E-10   0.741274E-10
   0.182190E+02  -0.835112E-11   0.690560E-10   0.657892E-11  -0.223807E-10   0.671233E-10   0.612264E-10
   0.182495E+02   0.571754E-11   0.697299E-10   0.191548E-11  -0.215430E-10   0.796997E-10   0.450144E-10
   0.182800E+02   0.197301E-10   0.673669E-10  -0.206775E-11  -0.198105E-10   0.883966E-10   0.262578E-10
   0.183105E+02   0.329994E-10   0.620239E-10  -0.521879E-11  -0.174504E-10   0.926932E-10   0.587334E-11
   0.183411E+02   0.448700E-10   0.539307E-10  -0.747632E-11  -0.147365E-10   0.922946E-10  -0.150991E-10
   0.183716E+02   0.547717E-10   0.434599E-10  -0.884860E-11  -0.119306E-10   0.871644E-10  -0.355813E-10
   0.184021E+02   0.622335E-10   0.310833E-10  -0.940826E-11  -0.927719E-11   0.774973E-10  -0.545178E-10
   0.184326E+02   0.668789E-10   0.173599E-10  -0.929463E-11  -0.698658E-11   0.637169E-10  -0.708938E-10
   0.184631E+02   0.684494E-10   0.294160E-11  -0.870014E-11  -0.520939E-11   0.465033E-10  -0.838006E-10
   0.184937E+02   0.668546E-10  -0.114531E-10  -0.784253E-11  -0.402521E-11   0.267471E-10  -0.925430E-10
   0.185242E+02   0.621962E-10  -0.251082E-10  -0.694306E-11  -0.344722E-11   0.543914E-11  -0.966677E-10
   0.185547E+02   0.547408E-10  -0.373778E-10  -0.621484E-11  -0.342610E-11  -0.163787E-10  -0.959234E-10
   0.185852E+02   0.448688E-10  -0.477102E-10  -0.584752E-11  -0.384914E-11  -0.376059E-10  -0.902685E-10
   0.186157E+02   0.330482E-10  -0.556386E-10  -0.598466E-11  -0.454820E-11  -0.571288E-10  -0.799295E-10
   0.186462E+02   0.198432E-10  -0.607850E-10  -0.670914E-11  -0.532181E-11  -0.739274E-10  -0.654008E-10
   0.186768E+02   0.591277E-11  -0.629030E-10  -0.804494E-11  -0.595443E-11  -0.871370E-10  -0.473718E-10
   0.187073E+02  -0.803535E-11  -0.619201E-10  -0.995766E-11  -0.622253E-11  -0.960370E-10  -0.266810E-10
   0.187378E+02  -0.213090E-10  -0.579389E-10  -0.123425E-10  -0.590658E-11  -0.100069E-09  -0.433533E-11
   0.187683E+02  -0.332721E-10  -0.512104E-10  -0.150222E-10  -0.482082E-11  -0.989259E-10   0.185119E-10
   0.187988E+02  -0.433646E-10  -0.421137E-10  -0.177674E-10  -0.283503E-11  -0.925913E-10   0.406684E-10
   0.188293E+02  -0.511285E-10  -0.311406E-10  -0.203110E-10   0.124039E-12  -0.812994E-10   0.609754E-10
   0.188599E+02  -0.562310E-10  -0.188656E-10  -0.223462E-10   0.405953E-11  -0.655248E-10   0.783078E-10
   0.188904E+02  -0.584719E-10  -0.591677E-11  -0.235470E-10   0.886891E-11  -0.460393E-10   0.916336E-10
   0.189209E+02  -0.577933E-10   0.704343E-11  -0.236263E-10   0.143333E-10  -0.238875E-10   0.100157E-09
   0.189514E+02  -0.542995E-10   0.193524E-10  -0.223826E-10   0.201578E-10  -0.253184E-12   0.103388E-09
   0.189819E+02  -0.482546E-10   0.304024E-10  -0.196958E-10   0.260174E-10   0.236336E-10   0.101104E-09
   0.190125E+02  -0.400485E-10   0.396811E-10  -0.155082E-10   0.315632E-10   0.465019E-10   0.933354E-10
   0.190430E+02  -0.301635E-10   0.467868E-10  -0.983744E-11   0.364119E-10   0.670765E-10   0.804148E-10
   0.190735E+02  -0.191515E-10   0.514397E-10  -0.280886E-11   0.401644E-10   0.841935E-10   0.629987E-10
   0.191040E+02  -0.760434E-11   0.534980E-10   0.533349E-11   0.424540E-10   0.968910E-10   0.419933E-10
   0.191345E+02   0.388374E-11   0.529572E-10   0.142504E-10   0.429872E-10   0.104425E-09   0.184900E-10
   0.191650E+02   0.147419E-10   0.499405E-10   0.235418E-10   0.415592E-10   0.106301E-09  -0.624478E-11
   0.191956E+02   0.244425E-10   0.446930E-10   0.327647E-10   0.380511E-10   0.102365E-09  -0.308308E-10
   0.192261E+02   0.325314E-10   0.375780E-10   0.414386E-10   0.324401E-10   0.928242E-10  -0.539193E-10
   0.192566E+02   0.386626E-10   0.290552E-10   0.490665E-10   0.248238E-10   0.781621E-10  -0.742853E-10
   0.192871E+02   0.426223E-10   0.196435E-10   0.551806E-10   0.154264E-10   0.590856E-10  -0.908176E-10
   0.193176E+02   0.443331E-10   0.987651E-11   0.593744E-10   0.457280E-11   0.365623E-10  -0.102547E-09
   0.193481E+02   0.438365E-10   0.267659E-12   0.613060E-10  -0.733046E-11   0.118034E-10  -0.108762E-09
   0.193787E+02   0.412734E-10  -0.869982E-11   0.607091E-10  -0.197863E-10  -0.138534E-10  -0.109085E-09
   0.194092E+02   0.368898E-10  -0.165765E-10   0.574420E-10  -0.322118E-10  -0.390462E-10  -0.103442E-09
   0.194397E+02   0.310514E-10  -0.229851E-10   0.515281E-10  -0.439970E-10  -0.624153E-10  -0.920390E-10
   0.194702E+02   0.242124E-10  -0.276805E-10   0.431365E-10  -0.545738E-10  -0.826403E-10  -0.753984E-10
   0.195007E+02   0.168407E-10  -0.305665E-10   0.325337E-10  -0.634338E-10  -0.985462E-10  -0.543697E-10
   0.195312E+02   0.936812E-11  -0.316536E-10   0.200715E-10  -0.701114E-10  -0.109205E-09  -0.300626E-10
   0.195618E+02   0.219879E-11  -0.310210E-10   0.621087E-11  -0.741921E-10  -0.113969E-09  -0.375992E-11
   0.195923E+02  -0.427364E-11  -0.288293E-10  -0.846857E-11  -0.753605E-10  -0.112482E-09   0.231250E-10
   0.196228E+02  -0.969669E-11  -0.253504E-10  -0.233015E-10  -0.734558E-10  -0.104740E-09   0.491094E-10
   0.196533E+02  -0.138182E-10  -0.209525E-10  -0.376010E-10  -0.684976E-10  -0.911034E-10   0.727575E-10
   0.196838E+02  -0.165167E-10  -0.160438E-10  -0.507244E-10  -0.606706E-10  -0.722416E-10   0.927701E-10
   0.197144E+02  -0.177873E-10  -0.110208E-10  -0.621092E-10  -0.502789E-10  -0.490929E-10   0.108022E-09
   0.197449E+02  -0.177141E-10  -0.624887E-11  -0.712671E-10  -0.377065E-10  -0.228409E-10   0.117623E-09
   0.197754E+02  -0.164623E-10  -0.205829E-11  -0.777639E-10  -0.234214E-10   0.515718E-11   0.120988E-09
   0.198059E+02  -0.142798E-10   0.127584E-11  -0.812438E-10  -0.800881E-11   0.334708E-10   0.117846E-09
   0.198364E+02  -0.114801E-10   0.356494E-11  -0.815050E-10   0.783503E-11   0.606434E-10   0.108215E-09
   0.198669E+02  -0.840452E-11   0.472247E-11  -0.785563E-10   0.233871E-10   0.852113E-10   0.924168E-10
   0.198975E+02  -0.538944E-11   0.475610E-11  -0.725832E-10   0.380020E-10   0.105773E-09   0.711150E-10
   0.199280E+02  -0.274890E-11   0.375229E-11  -0.638518E-10   0.511349E-10   0.121099E-09   0.453076E-10
   0.199585E+02  -0.768381E-12   0.186853E-11  -0.526715E-10   0.622731E-10   0.130210E-09   0.162598E-10
   0.199890E+02   0.305295E-12  -0.664147E-12  -0.394677E-10   0.708999E-10   0.132420E-09  -0.145515E-10
   0.200195E+02   0.288890E-12  -0.353778E-11  -0.248549E-10   0.765874E-10   0.127390E-09  -0.454876E-10
   0.200500E+02  -0.897398E-12  -0.638287E-11  -0.957132E-11   0.791318E-10   0.115188E-09  -0.748484E-10
   0.200806E+02  -0.319879E-11  -0.881950E-11   0.567915E-11   0.785704E-10   0.962738E-10  -0.100989E-09
   0.201111E+02  -0.644284E-11  -0.105255E-10   0.203115E-10   0.750684E-10   0.714653E-10  -0.122382E-09
   0.201416E+02  -0.104009E-10  -0.112620E-10   0.338099E-10   0.688265E-10   0.419436E-10  -0.137675E-09
   0.201721E+02  -0.148229E-10  -0.108387E-10   0.456525E-10   0.601046E-10   0.923396E-11  -0.145830E-09
   0.202026E+02  -0.194057E-10  -0.909102E-11   0.553282E-10   0.493035E-10  -0.249199E-10  -0.146224E-09
   0.202332E+02  -0.237611E-10  -0.593050E-11   0.624345E-10   0.369890E-10  -0.586997E-10  -0.138661E-09
   0.202637E+02  -0.274614E-10  -0.141142E-11   0.667671E-10   0.238225E-10  -0.902804E-10  -0.123334E-09
   0.202942E+02  -0.301244E-10   0.427008E-11   0.683291E-10   0.104467E-10  -0.117880E-09  -0.100843E-09
   0.203247E+02  -0.314538E-10   0.108318E-10   0.672601E-10  -0.258928E-11  -0.139865E-09  -0.722225E-10
   0.203552E+02  -0.312298E-10   0.179428E-10   0.637557E-10  -0.148193E-10  -0.154887E-09  -0.388847E-10
   0.203857E+02  -0.293036E-10   0.252271E-10   0.580565E-10  -0.258049E-10  -0.161960E-09  -0.253008E-11
   0.204163E+02  -0.256138E-10   0.322677E-10   0.505020E-10  -0.351271E-10  -0.160514E-09   0.349408E-10
   0.204468E+02  -0.202048E-10   0.386295E-10   0.415600E-10  -0.424592E-10  -0.150448E-09   0.715327E-10
   0.204773E+02  -0.132322E-10   0.438920E-10   0.317675E-10  -0.476455E-10  -0.132128E-09   0.105302E-09
   0.205078E+02  -0.495233E-11   0.476813E-10   0.216240E-10  -0.507014E-10  -0.106307E-09   0.134441E-09
   0.205383E+02   0.429783E-11   0.496876E-10   0.115337E-10  -0.517319E-10  -0.740968E-10   0.157295E-09
   0.205688E+02   0.141108E-10   0.496740E-10   0.184028E-11  -0.508576E-10  -0.370150E-10   0.172427E-09
   0.205994E+02   0.240146E-10   0.474981E-10  -0.710681E-11  -0.482247E-10   0.305551E-11   0.178795E-09
   0.206299E+02   0.334980E-10   0.431398E-10  -0.149526E-10  -0.440777E-10   0.440201E-10   0.175849E-09
   0.206604E+02   0.420545E-10   0.367137E-10  -0.214246E-10  -0.387904E-10   0.837162E-10   0.163542E-09
   0.206909E+02   0.492228E-10   0.284555E-10  -0.264163E-10  -0.327943E-10   0.120004E-09   0.142317E-09
   0.207214E+02   0.546143E-10   0.186983E-10  -0.299733E-10  -0.264670E-10   0.150885E-09   0.113122E-09
   0.207520E+02   0.579249E-10   0.784572E-11  -0.322068E-10  -0.200875E-10   0.174643E-09   0.773546E-10
   0.207825E+02   0.589350E-10  -0.364664E-11  -0.332314E-10  -0.138730E-10   0.189938E-09   0.367427E-10
   0.208130E+02   0.575131E-10  -0.152732E-10  -0.331704E-10  -0.802743E-11   0.195818E-09  -0.674496E-11
   0.208435E+02   0.536437E-10  -0.264818E-10  -0.321976E-10  -0.274435E-11   0.191762E-09  -0.509339E-10
   0.208740E+02   0.474634E-10  -0.367150E-10  -0.305553E-10   0.184313E-11   0.177775E-09  -0.935444E-10
   0.209045E+02   0.392554E-10  -0.454782E-10  -0.285097E-10   0.571642E-11   0.154405E-09  -0.132374E-09
   0.209351E+02   0.293999E-10  -0.523812E-10  -0.262655E-10   0.896413E-11   0.122642E-09  -0.165413E-09
   0.209656E+02   0.183287E-10  -0.571347E-10  -0.239222E-10   0.116984E-10   0.838708E-10  -0.190865E-09
   0.209961E+02   0.651032E-11  -0.595373E-10  -0.215303E-10   0.139784E-10   0.398878E-10  -0.207240E-09
   0.210266E+02  -0.555350E-11  -0.594788E-10  -0.191782E-10   0.158390E-10  -0.717854E-11  -0.213493E-09
   0.210571E+02  -0.173396E-10  -0.569513E-10  -0.169847E-10   0.173852E-10  -0.550219E-10  -0.209083E-09
   0.210876E+02  -0.283200E-10  -0.520610E-10  -0.149923E-10   0.188173E-10  -0.101261E-09  -0.193963E-09
   0.211182E+02  -0.379918E-10  -0.450436E-10  -0.130929E-10   0.203310E-10  -0.143495E-09  -0.168597E-09
   0.211487E+02  -0.459286E-10  -0.362623E-10  -0.110797E-10   0.219982E-10  -0.179426E-09  -0.134015E-09
   0.211792E+02  -0.518262E-10  -0.261625E-10  -0.877375E-11   0.237498E-10  -0.207034E-09  -0.917853E-10
   0.212097E+02  -0.554981E-10  -0.152142E-10  -0.609472E-11   0.254661E-10  -0.224705E-09  -0.439107E-10
   0.212402E+02  -0.568448E-10  -0.389561E-11  -0.301886E-11   0.270670E-10  -0.231292E-09   0.727500E-11
   0.212708E+02  -0.558553E-10   0.729334E-11   0.511459E-12   0.285060E-10  -0.226200E-09   0.591902E-10
   0.213013E+02  -0.526427E-10   0.178458E-10   0.461317E-11   0.296787E-10  -0.209458E-09   0.109164E-09
   0.213318E+02  -0.474551E-10   0.273091E-10   0.937788E-11   0.303527E-10  -0.181694E-09   0.154611E-09
   0.213623E+02  -0.406299E-10   0.353370E-10   0.147543E-10   0.302122E-10  -0.144067E-09   0.193112E-09
   0.213928E+02  -0.325336E-10   0.416862E-10   0.205218E-10   0.289896E-10  -0.982809E-10   0.222492E-09
   0.214233E+02  -0.235438E-10   0.461821E-10   0.263836E-10   0.265549E-10  -0.465760E-10   0.241002E-09
   0.214539E+02  -0.140679E-10   0.487117E-10   0.320778E-10   0.228825E-10   0.843894E-11   0.247496E-09
   0.214844E+02  -0.454302E-11   0.492547E-10   0.373852E-10   0.179538E-10   0.639855E-10   0.241454E-09
   0.215149E+02   0.460307E-11   0.479067E-10   0.420441E-10   0.117293E-10   0.117222E-09   0.222961E-09
   0.215454E+02   0.129980E-10   0.448628E-10   0.456977E-10   0.423045E-11   0.165342E-09   0.192754E-09
   0.215759E+02   0.203443E-10   0.403864E-10   0.479531E-10  -0.437088E-11   0.205773E-09   0.152234E-09
   0.216064E+02   0.264253E-10   0.347850E-10   0.484852E-10  -0.137583E-10   0.236353E-09   0.103347E-09
   0.216370E+02   0.311091E-10   0.283871E-10   0.470801E-10  -0.235417E-10   0.255400E-09   0.484392E-10
   0.216675E+02   0.343421E-10   0.215187E-10   0.436156E-10  -0.333007E-10   0.261730E-09  -0.981042E-11
   0.216980E+02   0.361390E-10   0.144915E-10   0.380547E-10  -0.425871E-10   0.254781E-09  -0.684482E-10
   0.217285E+02   0.365801E-10   0.759177E-11   0.304616E-10  -0.509390E-10   0.234714E-09  -0.124437E-09
   0.217590E+02   0.358003E-10   0.105875E-11   0.209982E-10  -0.579133E-10   0.202375E-09  -0.174864E-09
   0.217896E+02   0.339616E-10  -0.492073E-11   0.990428E-11  -0.630906E-10   0.159227E-09  -0.217048E-09
   0.218201E+02   0.312419E-10  -0.101951E-10  -0.248611E-11  -0.660642E-10   0.107336E-09  -0.248657E-09
   0.218506E+02   0.278522E-10  -0.146491E-10  -0.157051E-10  -0.664767E-10   0.492988E-10  -0.267884E-09
   0.218811E+02   0.240316E-10  -0.182414E-10  -0.291593E-10  -0.641002E-10  -0.119331E-10  -0.273587E-09
   0.219116E+02   0.199921E-10  -0.210217E-10  -0.422050E-10  -0.588895E-10  -0.732271E-10  -0.265309E-09
   0.219421E+02   0.158694E-10  -0.230834E-10  -0.542306E-10  -0.509635E-10  -0.131389E-09  -0.243300E-09
   0.219727E+02   0.117431E-10  -0.245019E-10  -0.646872E-10  -0.405500E-10  -0.183320E-09  -0.208566E-09
   0.220032E+02   0.768971E-11  -0.253334E-10  -0.730693E-10  -0.279567E-10  -0.226249E-09  -0.162843E-09
   0.220337E+02   0.378999E-11  -0.256599E-10  -0.789019E-10  -0.135911E-10  -0.257916E-09  -0.108444E-09
   0.220642E+02   0.794688E-13  -0.256015E-10  -0.817761E-10   0.200573E-11  -0.276636E-09  -0.480962E-10
   0.220947E+02  -0.348371E-11  -0.252651E-10  -0.814223E-10   0.181704E-10  -0.281352E-09   0.151656E-10
   0.221252E+02  -0.698432E-11  -0.246871E-10  -0.777569E-10   0.341881E-10  -0.271704E-09   0.781181E-10
   0.221558E+02  -0.104864E-10  -0.238351E-10  -0.708655E-10   0.493677E-10  -0.248077E-09   0.137531E-09
   0.221863E+02  -0.140093E-10  -0.226537E-10  -0.609566E-10   0.630659E-10  -0.211565E-09   0.190330E-09
   0.222168E+02  -0.175546E-10  -0.210915E-10  -0.483494E-10   0.746764E-10  -0.163935E-09   0.233744E-09
   0.222473E+02  -0.211069E-10  -0.190863E-10  -0.334977E-10   0.836454E-10  -0.107557E-09   0.265469E-09
   0.222778E+02  -0.246395E-10  -0.165505E-10  -0.169941E-10   0.895238E-10  -0.452496E-10   0.283805E-09
   0.223083E+02  -0.280715E-10  -0.133863E-10   0.474616E-12   0.920286E-10   0.198767E-10   0.287697E-09
   0.223389E+02  -0.312729E-10  -0.951792E-11   0.182062E-10   0.910486E-10   0.845131E-10   0.276773E-09
   0.223694E+02  -0.340813E-10  -0.490407E-11   0.355259E-10   0.865964E-10   0.145289E-09   0.251427E-09
   0.223999E+02  -0.363092E-10   0.458691E-12   0.517621E-10   0.787741E-10   0.198992E-09   0.212852E-09
   0.224304E+02  -0.377486E-10   0.652544E-11   0.662184E-10   0.678124E-10   0.242786E-09   0.162947E-09
   0.224609E+02  -0.381849E-10   0.131934E-10   0.782241E-10   0.541416E-10   0.274323E-09   0.104182E-09
   0.224915E+02  -0.374094E-10   0.202956E-10   0.872567E-10   0.383869E-10   0.291830E-09   0.395075E-10
   0.225220E+02  -0.352409E-10   0.275904E-10   0.930203E-10   0.212549E-10   0.294243E-09  -0.277575E-10
   0.225525E+02  -0.315649E-10   0.347683E-10   0.954020E-10   0.340869E-11   0.281287E-09  -0.941272E-10
   0.225830E+02  -0.263586E-10   0.414932E-10   0.943603E-10  -0.145519E-10   0.253458E-09  -0.156129E-09
   0.226135E+02  -0.196703E-10   0.474406E-10   0.898806E-10  -0.320038E-10   0.212025E-09  -0.210418E-09
   0.226440E+02  -0.115870E-10   0.522897E-10   0.820594E-10  -0.482301E-10   0.159063E-09  -0.253983E-09
   0.226746E+02  -0.227142E-11   0.556987E-10   0.712368E-10  -0.624909E-10   0.973446E-10  -0.284414E-09
   0.227051E+02   0.802638E-11   0.573237E-10   0.579974E-10  -0.742037E-10   0.300819E-10  -0.300047E-09
   0.227356E+02   0.189310E-10   0.568709E-10   0.430088E-10  -0.830535E-10  -0.392564E-10  -0.299950E-09
   0.227661E+02   0.299737E-10   0.541555E-10   0.268516E-10  -0.889080E-10  -0.107033E-09  -0.283958E-09
   0.227966E+02   0.406487E-10   0.491230E-10   0.100292E-10  -0.916570E-10  -0.169608E-09  -0.252768E-09
   0.228271E+02   0.504643E-10   0.418394E-10  -0.689144E-11  -0.911801E-10  -0.223603E-09  -0.207931E-09
   0.228577E+02   0.589540E-10   0.324460E-10  -0.232193E-10  -0.874889E-10  -0.266102E-09  -0.151720E-09
   0.228882E+02   0.656469E-10   0.211595E-10  -0.382573E-10  -0.808453E-10  -0.294749E-09  -0.869954E-10
   0.229187E+02   0.700745E-10   0.832638E-11  -0.514703E-10  -0.717142E-10  -0.307869E-09  -0.171207E-10
   0.229492E+02   0.718396E-10  -0.554726E-11  -0.625467E-10  -0.606160E-10  -0.304621E-09   0.542144E-10
   0.229797E+02   0.707163E-10  -0.198442E-10  -0.713090E-10  -0.479966E-10  -0.285029E-09   0.123243E-09
   0.230103E+02   0.666454E-10  -0.339332E-10  -0.776001E-10  -0.342501E-10  -0.249922E-09   0.186278E-09
   0.230408E+02   0.596874E-10  -0.472250E-10  -0.812381E-10  -0.198160E-10  -0.200949E-09   0.239815E-09
   0.230713E+02   0.499964E-10  -0.591349E-10  -0.821296E-10  -0.526246E-11  -0.140619E-09   0.280764E-09
   0.231018E+02   0.378202E-10  -0.690751E-10  -0.803996E-10   0.880253E-11  -0.721668E-10   0.306738E-09
   0.231323E+02   0.235725E-10  -0.764815E-10  -0.763740E-10   0.219081E-10   0.709785E-12   0.316211E-09
   0.231628E+02   0.782470E-11  -0.808993E-10  -0.704060E-10   0.337887E-10   0.740713E-10   0.308546E-09
   0.231934E+02  -0.876239E-11  -0.820408E-10  -0.627509E-10   0.442568E-10   0.143910E-09   0.284034E-09
   0.232239E+02  -0.254907E-10  -0.797565E-10  -0.536555E-10   0.530834E-10   0.206384E-09   0.243917E-09
   0.232544E+02  -0.416567E-10  -0.740321E-10  -0.434778E-10   0.600179E-10   0.258066E-09   0.190301E-09
   0.232849E+02  -0.565256E-10  -0.649841E-10  -0.326962E-10   0.649705E-10   0.296104E-09   0.126003E-09
   0.233154E+02  -0.693674E-10  -0.529136E-10  -0.217310E-10   0.680622E-10   0.318343E-09   0.544447E-10
   0.233459E+02  -0.795394E-10  -0.383027E-10  -0.108165E-10   0.694899E-10   0.323500E-09  -0.205140E-10
   0.233765E+02  -0.865496E-10  -0.217976E-10  -0.967629E-13   0.693598E-10   0.311255E-09  -0.948511E-10
   0.234070E+02  -0.900599E-10  -0.408348E-11   0.102651E-10   0.677196E-10   0.282186E-09  -0.164622E-09
   0.234375E+02  -0.898630E-10   0.140989E-10   0.200406E-10   0.646650E-10   0.237708E-09  -0.226086E-09
   0.234680E+02  -0.859150E-10   0.319468E-10   0.290381E-10   0.603923E-10   0.180077E-09  -0.275872E-09
   0.234985E+02  -0.783451E-10   0.486588E-10   0.371862E-10   0.551256E-10   0.112304E-09  -0.311218E-09
   0.235291E+02  -0.674813E-10   0.634785E-10   0.444998E-10   0.490202E-10   0.379534E-10  -0.330146E-09
   0.235596E+02  -0.538111E-10   0.757635E-10   0.509970E-10   0.421372E-10  -0.390666E-10  -0.331537E-09
   0.235901E+02  -0.379226E-10   0.850033E-10   0.566331E-10   0.344867E-10  -0.114681E-09  -0.315175E-09
   0.236206E+02  -0.204780E-10   0.908023E-10   0.612898E-10   0.261019E-10  -0.184856E-09  -0.281783E-09
   0.236511E+02  -0.222622E-11   0.928873E-10   0.648306E-10   0.170931E-10  -0.245824E-09  -0.232974E-09
   0.236816E+02   0.160107E-10   0.911613E-10   0.671790E-10   0.762452E-11  -0.294253E-09  -0.171162E-09
   0.237122E+02   0.334092E-10   0.857389E-10   0.683269E-10  -0.217374E-11  -0.327381E-09  -0.994790E-10
   0.237427E+02   0.492197E-10   0.769197E-10   0.682471E-10  -0.122452E-10  -0.343217E-09  -0.216853E-10
   0.237732E+02   0.627950E-10   0.651367E-10   0.668210E-10  -0.225320E-10  -0.340731E-09   0.580589E-10
   0.238037E+02   0.735910E-10   0.509300E-10   0.638814E-10  -0.328756E-10  -0.319893E-09   0.135483E-09
   0.238342E+02   0.811772E-10   0.349384E-10   0.593169E-10  -0.430142E-10  -0.281628E-09   0.206406E-09
   0.238647E+02   0.852583E-10   0.178800E-10   0.531100E-10  -0.526656E-10  -0.227826E-09   0.266919E-09
   0.238953E+02   0.857120E-10   0.550488E-12   0.452966E-10  -0.615697E-10  -0.161280E-09   0.313663E-09
   0.239258E+02   0.826038E-10  -0.162573E-10   0.359096E-10  -0.694758E-10  -0.854713E-10   0.344064E-09
   0.239563E+02   0.761965E-10  -0.317985E-10   0.250026E-10  -0.760833E-10  -0.432339E-11   0.356397E-09
   0.239868E+02   0.669071E-10  -0.454414E-10   0.127095E-10  -0.810417E-10   0.779457E-10   0.349813E-09
   0.240173E+02   0.552497E-10  -0.566845E-10  -0.717639E-12  -0.840050E-10   0.156975E-09   0.324420E-09
   0.240479E+02   0.418029E-10  -0.651467E-10  -0.149254E-10  -0.846912E-10   0.228494E-09   0.281335E-09
   0.240784E+02   0.271989E-10  -0.705642E-10  -0.295034E-10  -0.829043E-10   0.288568E-09   0.222637E-09
   0.241089E+02   0.121155E-10  -0.728019E-10  -0.440101E-10  -0.785224E-10   0.333794E-09   0.151281E-09
   0.241394E+02  -0.274384E-11  -0.718773E-10  -0.579714E-10  -0.714917E-10   0.361521E-09   0.709911E-10
   0.241699E+02  -0.166927E-10  -0.679829E-10  -0.708778E-10  -0.618414E-10   0.370055E-09  -0.139551E-10
   0.242004E+02  -0.291286E-10  -0.614822E-10  -0.821970E-10  -0.497075E-10   0.358744E-09  -0.990124E-10
   0.242310E+02  -0.395896E-10  -0.528596E-10  -0.914037E-10  -0.353554E-10   0.327964E-09  -0.179577E-09
   0.242615E+02  -0.477633E-10  -0.426487E-10  -0.980316E-10  -0.191796E-10   0.279161E-09  -0.251174E-09
   0.242920E+02  -0.534639E-10  -0.314145E-10  -0.101714E-09  -0.167889E-11   0.214868E-09  -0.309753E-09
   0.243225E+02  -0.566116E-10  -0.197136E-10  -0.102199E-09   0.165950E-10   0.138535E-09  -0.352007E-09
   0.243530E+02  -0.572494E-10  -0.810327E-11  -0.993056E-10   0.350725E-10   0.542775E-10  -0.375546E-09
   0.243835E+02  -0.555351E-10   0.288348E-11  -0.929308E-10   0.531076E-10  -0.333375E-10  -0.378994E-09
   0.244141E+02  -0.517483E-10   0.127650E-10  -0.831207E-10   0.699843E-10  -0.119524E-09  -0.362100E-09
   0.244446E+02  -0.462841E-10   0.211559E-10  -0.701117E-10   0.849975E-10  -0.199599E-09  -0.325773E-09
   0.244751E+02  -0.396034E-10   0.277985E-10  -0.543164E-10   0.975364E-10  -0.269271E-09  -0.271961E-09
   0.245056E+02  -0.321854E-10   0.325806E-10  -0.362009E-10   0.107108E-09  -0.324802E-09  -0.203492E-09
   0.245361E+02  -0.244827E-10   0.354947E-10  -0.162886E-10   0.113271E-09  -0.363152E-09  -0.123996E-09
   0.245667E+02  -0.169259E-10   0.366205E-10   0.479174E-11   0.115621E-09  -0.382220E-09  -0.377534E-10
   0.245972E+02  -0.992213E-11   0.361300E-10   0.262382E-10   0.113885E-09  -0.380992E-09   0.506001E-10
   0.246277E+02  -0.380804E-11   0.343166E-10   0.471735E-10   0.108017E-09  -0.359530E-09   0.136360E-09
   0.246582E+02   0.120637E-11   0.315392E-10   0.667642E-10   0.982239E-10  -0.318952E-09   0.214936E-09
   0.246887E+02   0.503215E-11   0.281484E-10   0.843179E-10   0.848580E-10  -0.261444E-09   0.282103E-09
   0.247192E+02   0.764241E-11   0.244632E-10   0.992404E-10   0.683026E-10  -0.190120E-09   0.334308E-09
   0.247498E+02   0.904447E-11   0.208130E-10   0.110930E-09   0.490098E-10  -0.108761E-09   0.368839E-09
   0.247803E+02   0.935609E-11   0.175612E-10   0.118779E-09   0.275908E-10  -0.216247E-10   0.383862E-09
   0.248108E+02   0.884572E-11   0.150121E-10   0.122324E-09   0.490727E-11   0.666811E-10   0.378515E-09
   0.248413E+02   0.786857E-11   0.133130E-10   0.121409E-09  -0.180575E-10   0.151419E-09   0.353032E-09
   0.248718E+02   0.673991E-11   0.124642E-10   0.116191E-09  -0.404004E-10   0.228028E-09   0.308764E-09
   0.249023E+02   0.570729E-11   0.124079E-10   0.106932E-09  -0.614153E-10   0.292377E-09   0.248075E-09
   0.249329E+02   0.499465E-11   0.130789E-10   0.938849E-10  -0.804601E-10   0.340972E-09   0.174244E-09
   0.249634E+02   0.484936E-11   0.143653E-10   0.773610E-10  -0.968176E-10   0.371191E-09   0.913197E-10
   0.249939E+02   0.550993E-11   0.160485E-10   0.579054E-10  -0.109740E-09   0.381484E-09   0.383468E-11
   0.250244E+02   0.712155E-11   0.178095E-10   0.363407E-10  -0.118660E-09   0.371396E-09  -0.835010E-10
   0.250549E+02   0.969043E-11   0.192920E-10   0.135685E-10  -0.123312E-09   0.341533E-09  -0.166006E-09
   0.250854E+02   0.131037E-10   0.201859E-10  -0.959110E-11  -0.123660E-09   0.293581E-09  -0.239242E-09
   0.251160E+02   0.171905E-10   0.202441E-10  -0.324181E-10  -0.119740E-09   0.230229E-09  -0.299320E-09
   0.251465E+02   0.217467E-10   0.192557E-10  -0.541698E-10  -0.111627E-09   0.154950E-09  -0.343122E-09
   0.251770E+02   0.265012E-10   0.170291E-10  -0.740233E-10  -0.995199E-10   0.717823E-10  -0.368387E-09
   0.252075E+02   0.310971E-10   0.134487E-10  -0.911581E-10  -0.838788E-10  -0.148176E-10  -0.373796E-09
   0.252380E+02   0.351375E-10   0.852889E-11  -0.104940E-09  -0.654043E-10  -0.100176E-09  -0.359084E-09
   0.252686E+02   0.382636E-10   0.240671E-11  -0.115016E-09  -0.448715E-10  -0.179679E-09  -0.325079E-09
   0.252991E+02   0.401736E-10  -0.471372E-11  -0.121199E-09  -0.229566E-10  -0.249011E-09  -0.273638E-09
   0.253296E+02   0.406024E-10  -0.125808E-10  -0.123315E-09  -0.291022E-12  -0.304358E-09  -0.207589E-09
   0.253601E+02   0.393143E-10  -0.208705E-10  -0.121209E-09   0.223863E-10  -0.342671E-09  -0.130629E-09
   0.253906E+02   0.361492E-10  -0.291696E-10  -0.114931E-09   0.442085E-10  -0.361896E-09  -0.470700E-10
   0.254211E+02   0.310708E-10  -0.370066E-10  -0.104810E-09   0.643661E-10  -0.361036E-09   0.384490E-10
   0.254517E+02   0.241853E-10  -0.439171E-10  -0.913255E-10   0.822541E-10  -0.340166E-09   0.121158E-09
   0.254822E+02   0.157051E-10  -0.494959E-10  -0.749443E-10   0.974154E-10  -0.300506E-09   0.196373E-09
   0.255127E+02   0.590229E-11  -0.533998E-10  -0.561363E-10   0.109409E-09  -0.244421E-09   0.259833E-09
   0.255432E+02  -0.489685E-11  -0.553142E-10  -0.354864E-10   0.117804E-09  -0.175230E-09   0.308011E-09
   0.255737E+02  -0.162680E-10  -0.549634E-10  -0.137259E-10   0.122307E-09  -0.969772E-10   0.338284E-09
   0.256042E+02  -0.276783E-10  -0.521833E-10   0.837854E-11   0.122840E-09  -0.142189E-10   0.349072E-09
   0.256348E+02  -0.385601E-10  -0.469840E-10   0.301283E-10   0.119487E-09   0.682551E-10   0.339963E-09
   0.256653E+02  -0.484029E-10  -0.395102E-10   0.509072E-10   0.112408E-09   0.145752E-09   0.311709E-09
   0.256958E+02  -0.567560E-10  -0.299894E-10   0.700856E-10   0.101831E-09   0.213922E-09   0.266102E-09
   0.257263E+02  -0.631845E-10  -0.186905E-10   0.870879E-10   0.880913E-10   0.268925E-09   0.205899E-09
   0.257568E+02  -0.672652E-10  -0.601034E-11   0.101408E-09   0.716515E-10   0.307682E-09   0.134749E-09
   0.257874E+02  -0.686760E-10   0.750791E-11   0.112669E-09   0.530485E-10   0.328146E-09   0.569455E-10
   0.258179E+02  -0.672734E-10   0.212490E-10   0.120612E-09   0.328203E-10   0.329399E-09  -0.229222E-10
   0.258484E+02  -0.630721E-10   0.346224E-10   0.125027E-09   0.114927E-10   0.311614E-09  -0.100216E-09
   0.258789E+02  -0.561777E-10   0.470835E-10   0.125729E-09  -0.103558E-10   0.276075E-09  -0.170472E-09
   0.259094E+02  -0.467613E-10   0.580969E-10   0.122632E-09  -0.320564E-10   0.225119E-09  -0.229718E-09
   0.259399E+02  -0.351306E-10   0.671214E-10   0.115852E-09  -0.528722E-10   0.161900E-09  -0.274726E-09
   0.259705E+02  -0.217259E-10   0.736833E-10   0.105684E-09  -0.722073E-10   0.901621E-10  -0.303082E-09
   0.260010E+02  -0.710888E-11   0.774423E-10   0.924776E-10  -0.896117E-10   0.141241E-10  -0.313263E-09
   0.260315E+02   0.812083E-11   0.782102E-10   0.765364E-10  -0.104696E-09  -0.617034E-10  -0.304795E-09
   0.260620E+02   0.233691E-10   0.759131E-10   0.581834E-10  -0.117031E-09  -0.132819E-09  -0.278329E-09
   0.260925E+02   0.380336E-10   0.705648E-10   0.378727E-10  -0.126175E-09  -0.195014E-09  -0.235585E-09
   0.261230E+02   0.514911E-10   0.622954E-10   0.161991E-10  -0.131805E-09  -0.244597E-09  -0.179269E-09
   0.261536E+02   0.631405E-10   0.513884E-10  -0.620383E-11  -0.133766E-09  -0.278672E-09  -0.112965E-09
   0.261841E+02   0.724709E-10   0.382572E-10  -0.287640E-10  -0.132023E-09  -0.295396E-09  -0.408451E-10
   0.262146E+02   0.790816E-10   0.234147E-10  -0.509127E-10  -0.126579E-09  -0.294029E-09   0.327010E-10
   0.262451E+02   0.826723E-10   0.740664E-11  -0.720845E-10  -0.117476E-09  -0.274847E-09   0.103281E-09
   0.262756E+02   0.830346E-10  -0.915478E-11  -0.916600E-10  -0.104854E-09  -0.239164E-09   0.166663E-09
   0.263062E+02   0.800917E-10  -0.255995E-10  -0.109035E-09  -0.889959E-10  -0.189328E-09   0.219072E-09
   0.263367E+02   0.739340E-10  -0.412516E-10  -0.123691E-09  -0.702983E-10  -0.128525E-09   0.257493E-09
   0.263672E+02   0.647996E-10  -0.554980E-10  -0.135194E-09  -0.492079E-10  -0.604954E-10   0.279802E-09
   0.263977E+02   0.530192E-10  -0.678135E-10  -0.143150E-09  -0.262061E-10   0.106630E-10   0.284798E-09
   0.264282E+02   0.389841E-10  -0.777400E-10  -0.147194E-09  -0.186425E-11   0.806802E-10   0.272280E-09
   0.264587E+02   0.231560E-10  -0.848736E-10  -0.147058E-09   0.231236E-10   0.145376E-09   0.243086E-09
   0.264893E+02   0.608306E-11  -0.888832E-10  -0.142650E-09   0.479997E-10   0.200918E-09   0.198997E-09
   0.265198E+02  -0.116075E-10  -0.895471E-10  -0.134040E-09   0.720432E-10   0.243975E-09   0.142620E-09
   0.265503E+02  -0.292375E-10  -0.867867E-10  -0.121374E-09   0.945910E-10   0.271882E-09   0.773085E-10
   0.265808E+02  -0.461303E-10  -0.806851E-10  -0.104850E-09   0.114971E-09   0.282849E-09   0.700647E-11
   0.266113E+02  -0.616705E-10  -0.714674E-10  -0.847874E-10   0.132464E-09   0.276089E-09  -0.639978E-10
   0.266418E+02  -0.753281E-10  -0.594448E-10  -0.617109E-10   0.146381E-09   0.251878E-09  -0.131305E-09
   0.266724E+02  -0.866307E-10  -0.449820E-10  -0.363240E-10   0.156179E-09   0.211601E-09  -0.190663E-09
   0.267029E+02  -0.951404E-10  -0.285201E-10  -0.940582E-11   0.161511E-09   0.157695E-09  -0.238310E-09
   0.267334E+02  -0.100492E-09  -0.106125E-10   0.182763E-10   0.162188E-09   0.934261E-10  -0.271221E-09
   0.267639E+02  -0.102462E-09   0.810049E-11   0.459717E-10   0.158099E-09   0.226807E-10  -0.287213E-09
   0.267944E+02  -0.100995E-09   0.269763E-10   0.728833E-10   0.149190E-09  -0.501725E-10  -0.285076E-09
   0.268250E+02  -0.961394E-10   0.454340E-10   0.981148E-10   0.135535E-09  -0.120526E-09  -0.264742E-09
   0.268555E+02  -0.879811E-10   0.629260E-10   0.120718E-09   0.117454E-09  -0.183889E-09  -0.227327E-09
   0.268860E+02  -0.766552E-10   0.788677E-10   0.139854E-09   0.955469E-10  -0.236176E-09  -0.175024E-09
   0.269165E+02  -0.624336E-10   0.926376E-10   0.154932E-09   0.705739E-10  -0.273921E-09  -0.111007E-09
   0.269470E+02  -0.457692E-10   0.103668E-09   0.165572E-09   0.432685E-10  -0.294571E-09  -0.392903E-10
   0.269775E+02  -0.272478E-10   0.111533E-09   0.171434E-09   0.143123E-10  -0.296739E-09   0.355932E-10
   0.270081E+02  -0.750521E-11   0.115971E-09   0.172159E-09  -0.155080E-10  -0.280215E-09   0.108997E-09
   0.270386E+02   0.128338E-10   0.116857E-09   0.167537E-09  -0.452021E-10  -0.245861E-09   0.176379E-09
   0.270691E+02   0.331748E-10   0.114152E-09   0.157663E-09  -0.737044E-10  -0.195610E-09   0.233471E-09
   0.270996E+02   0.529271E-10   0.107871E-09   0.142900E-09  -0.100074E-09  -0.132448E-09   0.276587E-09
   0.271301E+02   0.714667E-10   0.981068E-10   0.123717E-09  -0.123527E-09  -0.601791E-10   0.302927E-09
   0.271606E+02   0.881613E-10   0.850884E-10   0.100644E-09  -0.143342E-09   0.168574E-10   0.310671E-09
   0.271912E+02   0.102445E-09   0.691794E-10   0.743469E-10  -0.158837E-09   0.939609E-10   0.299048E-09
   0.272217E+02   0.113838E-09   0.508131E-10   0.456634E-10  -0.169462E-09   0.166278E-09   0.268470E-09
   0.272522E+02   0.121902E-09   0.304817E-10   0.155270E-10  -0.174869E-09   0.229155E-09   0.220608E-09
   0.272827E+02   0.126248E-09   0.879951E-11  -0.151113E-10  -0.174904E-09   0.278493E-09   0.158273E-09
   0.273132E+02   0.126644E-09  -0.134935E-10  -0.453149E-10  -0.169568E-09   0.310999E-09   0.852519E-10
   0.273438E+02   0.123068E-09  -0.356489E-10  -0.741631E-10  -0.159001E-09   0.324453E-09   0.610280E-11
   0.273743E+02   0.115623E-09  -0.570064E-10  -0.100745E-09  -0.143482E-09   0.317929E-09  -0.742082E-10
   0.274048E+02   0.104442E-09  -0.769449E-10  -0.124175E-09  -0.123469E-09   0.291779E-09  -0.150732E-09
   0.274353E+02   0.897263E-10  -0.947859E-10  -0.143670E-09  -0.996224E-10   0.247490E-09  -0.218794E-09
   0.274658E+02   0.718647E-10  -0.109823E-09  -0.158630E-09  -0.727398E-10   0.187618E-09  -0.274174E-09
   0.274963E+02   0.514589E-10  -0.121468E-09  -0.168631E-09  -0.436599E-10   0.115705E-09  -0.313380E-09
   0.275269E+02   0.292027E-10  -0.129336E-09  -0.173354E-09  -0.132409E-10   0.360610E-10  -0.333901E-09
   0.275574E+02   0.577122E-11  -0.133190E-09  -0.172577E-09   0.175690E-10  -0.465166E-10  -0.334357E-09
   0.275879E+02  -0.181680E-10  -0.132854E-09  -0.166278E-09   0.477191E-10  -0.127026E-09  -0.314600E-09
   0.276184E+02  -0.418786E-10  -0.128212E-09  -0.154708E-09   0.761742E-10  -0.200612E-09  -0.275729E-09
   0.276489E+02  -0.645441E-10  -0.119294E-09  -0.138325E-09   0.102037E-09  -0.262881E-09  -0.219940E-09
   0.276794E+02  -0.853468E-10  -0.106333E-09  -0.117684E-09   0.124550E-09  -0.310059E-09  -0.150343E-09
   0.277100E+02  -0.103549E-09  -0.897342E-10  -0.934176E-10   0.143035E-09  -0.339116E-09  -0.708747E-10
   0.277405E+02  -0.118511E-09  -0.700216E-10  -0.662840E-10   0.156901E-09  -0.348019E-09   0.138028E-10
   0.277710E+02  -0.129689E-09  -0.478271E-10  -0.371576E-10   0.165706E-09  -0.335971E-09   0.986134E-10
   0.278015E+02  -0.136663E-09  -0.238912E-10  -0.696907E-11   0.169186E-09  -0.303438E-09   0.178439E-09
   0.278320E+02  -0.139172E-09   0.971681E-12   0.233221E-10   0.167228E-09  -0.252092E-09   0.248374E-09
   0.278625E+02  -0.137126E-09   0.259340E-10   0.527255E-10   0.159893E-09  -0.184806E-09   0.303999E-09
   0.278931E+02  -0.130563E-09   0.501830E-10   0.802696E-10   0.147456E-09  -0.105507E-09   0.341741E-09
   0.279236E+02  -0.119635E-09   0.729051E-10   0.105097E-09   0.130387E-09  -0.188595E-10   0.359116E-09
   0.279541E+02  -0.104645E-09   0.932794E-10   0.126495E-09   0.109257E-09   0.700174E-10   0.354784E-09
   0.279846E+02  -0.860908E-10   0.110527E-09   0.143846E-09   0.846919E-10   0.155742E-09   0.328631E-09
   0.280151E+02  -0.646532E-10   0.123998E-09   0.156589E-09   0.574051E-10   0.232954E-09   0.281898E-09
   0.280457E+02  -0.411254E-10   0.133228E-09   0.164268E-09   0.282458E-10   0.296712E-09   0.217172E-09
   0.280762E+02  -0.163402E-10   0.137926E-09   0.166609E-09  -0.183144E-11   0.342834E-09   0.138234E-09
   0.281067E+02   0.884892E-11   0.137938E-09   0.163549E-09  -0.318448E-10   0.368188E-09   0.498548E-10
   0.281372E+02   0.335597E-10   0.133257E-09   0.155204E-09  -0.608489E-10   0.370973E-09  -0.424969E-10
   0.281677E+02   0.569061E-10   0.124050E-09   0.141833E-09  -0.879536E-10   0.350872E-09  -0.133116E-09
   0.281982E+02   0.780505E-10   0.110662E-09   0.123814E-09  -0.112310E-09   0.308935E-09  -0.216468E-09
   0.282288E+02   0.962471E-10   0.935976E-10   0.101677E-09  -0.133111E-09   0.247455E-09  -0.287392E-09
   0.282593E+02   0.110869E-09   0.734850E-10   0.761267E-10  -0.149649E-09   0.169942E-09  -0.341348E-09
   0.282898E+02   0.121419E-09   0.510441E-10   0.480020E-10  -0.161394E-09   0.809820E-10  -0.374773E-09
   0.283203E+02   0.127522E-09   0.270645E-10   0.181781E-10  -0.168006E-09  -0.140802E-10  -0.385336E-09
   0.283508E+02   0.128932E-09   0.241744E-11  -0.124770E-10  -0.169268E-09  -0.109461E-09  -0.372055E-09
   0.283813E+02   0.125587E-09  -0.219473E-10  -0.430525E-10  -0.165045E-09  -0.199239E-09  -0.335386E-09
   0.284119E+02   0.117665E-09  -0.450785E-10  -0.725468E-10  -0.155348E-09  -0.277728E-09  -0.277259E-09
   0.284424E+02   0.105552E-09  -0.661299E-10  -0.999270E-10  -0.140438E-09  -0.339854E-09  -0.200962E-09
   0.284729E+02   0.897544E-10  -0.843908E-10  -0.124268E-09  -0.120825E-09  -0.381433E-09  -0.110968E-09
   0.285034E+02   0.708570E-10  -0.992450E-10  -0.144839E-09  -0.971584E-10  -0.399470E-09  -0.127534E-10
   0.285339E+02   0.495528E-10  -0.110160E-09  -0.161055E-09  -0.701044E-10  -0.392472E-09   0.875322E-10
   0.285645E+02   0.266560E-10  -0.116742E-09  -0.172358E-09  -0.403559E-10  -0.360575E-09   0.183560E-09
   0.285950E+02   0.304912E-11  -0.118789E-09  -0.178209E-09  -0.875860E-11  -0.305470E-09   0.269231E-09
   0.286255E+02  -0.203872E-10  -0.116284E-09  -0.178231E-09   0.236190E-10  -0.230306E-09   0.338997E-09
   0.286560E+02  -0.428052E-10  -0.109367E-09  -0.172376E-09   0.556081E-10  -0.139573E-09   0.388229E-09
   0.286865E+02  -0.633906E-10  -0.983132E-10  -0.160895E-09   0.861492E-10  -0.387986E-10   0.413566E-09
   0.287170E+02  -0.813783E-10  -0.835579E-10  -0.144155E-09   0.114362E-09   0.658132E-10   0.413099E-09
   0.287476E+02  -0.961050E-10  -0.656981E-10  -0.122543E-09   0.139421E-09   0.167708E-09   0.386497E-09
   0.287781E+02  -0.107067E-09  -0.454501E-10  -0.965510E-10   0.160443E-09   0.260394E-09   0.335127E-09
   0.288086E+02  -0.113924E-09  -0.235796E-10  -0.669360E-10   0.176558E-09   0.337955E-09   0.261977E-09
   0.288391E+02  -0.116463E-09  -0.870937E-12  -0.347226E-10   0.187108E-09   0.395434E-09   0.171370E-09
   0.288696E+02  -0.114587E-09   0.218487E-10  -0.102854E-11   0.191755E-09   0.429039E-09   0.686723E-10
   0.289001E+02  -0.108365E-09   0.437033E-10   0.330989E-10   0.190403E-09   0.436340E-09  -0.399332E-10
   0.289307E+02  -0.980853E-10   0.638410E-10   0.666788E-10   0.183055E-09   0.416505E-09  -0.147783E-09
   0.289612E+02  -0.842235E-10   0.815382E-10   0.986860E-10   0.169797E-09   0.370382E-09  -0.248190E-09
   0.289917E+02  -0.673366E-10   0.962295E-10   0.128028E-09   0.150921E-09   0.300417E-09  -0.334831E-09
   0.290222E+02  -0.480084E-10   0.107441E-09   0.153673E-09   0.127006E-09   0.210588E-09  -0.402104E-09
   0.290527E+02  -0.269040E-10   0.114743E-09   0.174787E-09   0.988316E-10   0.106207E-09  -0.445566E-09
   0.290833E+02  -0.483650E-11   0.117819E-09   0.190734E-09   0.672484E-10  -0.649637E-11  -0.462258E-09
   0.291138E+02   0.172914E-10   0.116591E-09   0.200981E-09   0.331466E-10  -0.120791E-09  -0.450792E-09
   0.291443E+02   0.386412E-10   0.111229E-09   0.205086E-09  -0.245724E-11  -0.229752E-09  -0.411395E-09
   0.291748E+02   0.585123E-10   0.102026E-09   0.202822E-09  -0.384030E-10  -0.326633E-09  -0.345990E-09
   0.292053E+02   0.762931E-10   0.893020E-10   0.194246E-09  -0.735384E-10  -0.405324E-09  -0.258118E-09
   0.292358E+02   0.913445E-10   0.735081E-10   0.179639E-09  -0.106761E-09  -0.460707E-09  -0.152695E-09
   0.292664E+02   0.103125E-09   0.551984E-10   0.159364E-09  -0.137102E-09  -0.488911E-09  -0.357981E-10
   0.292969E+02   0.111228E-09   0.350725E-10   0.133935E-09  -0.163560E-09  -0.487628E-09   0.855908E-10
   0.293274E+02   0.115429E-09   0.138666E-10   0.104129E-09  -0.185190E-09  -0.456394E-09   0.204033E-09
   0.293579E+02   0.115631E-09  -0.770658E-11   0.709533E-10  -0.201283E-09  -0.396632E-09   0.312176E-09
   0.293884E+02   0.111810E-09  -0.289263E-10   0.354666E-10  -0.211419E-09  -0.311558E-09   0.403196E-09
   0.294189E+02   0.104066E-09  -0.490151E-10  -0.132318E-11  -0.215350E-09  -0.206027E-09   0.471254E-09
   0.294495E+02   0.927073E-10  -0.671894E-10  -0.384026E-10  -0.212910E-09  -0.861996E-10   0.511917E-09
   0.294800E+02   0.782543E-10  -0.827937E-10  -0.746741E-10  -0.204060E-09   0.409145E-10   0.522380E-09
   0.295105E+02   0.613141E-10  -0.953701E-10  -0.108982E-09  -0.188987E-09   0.167808E-09   0.501539E-09
   0.295410E+02   0.424842E-10  -0.104595E-09  -0.140217E-09  -0.168141E-09   0.286819E-09   0.450130E-09
   0.295715E+02   0.223743E-10  -0.110202E-09  -0.167418E-09  -0.142195E-09   0.390623E-09   0.370801E-09
   0.296021E+02   0.166816E-11  -0.112000E-09  -0.189811E-09  -0.111949E-09   0.472773E-09   0.267947E-09
   0.296326E+02  -0.188872E-10  -0.109948E-09  -0.206770E-09  -0.782580E-10   0.528072E-09   0.147389E-09
   0.296631E+02  -0.385524E-10  -0.104182E-09  -0.217765E-09  -0.420571E-10   0.552848E-09   0.160494E-10
   0.296936E+02  -0.566574E-10  -0.949905E-10  -0.222407E-09  -0.441050E-11   0.545191E-09  -0.118438E-09
   0.297241E+02  -0.726279E-10  -0.827716E-10  -0.220548E-09   0.335350E-10   0.505036E-09  -0.248184E-09
   0.297546E+02  -0.859849E-10  -0.679958E-10  -0.212279E-09   0.706829E-10   0.434158E-09  -0.365402E-09
   0.297852E+02  -0.963301E-10  -0.511962E-10  -0.197812E-09   0.106028E-09   0.336217E-09  -0.462786E-09
   0.298157E+02  -0.103356E-09  -0.329824E-10  -0.177441E-09   0.138557E-09   0.216708E-09  -0.534080E-09
   0.298462E+02  -0.106891E-09  -0.140316E-10  -0.151664E-09   0.167210E-09   0.825608E-10  -0.574608E-09
   0.298767E+02  -0.106934E-09   0.497959E-11  -0.121282E-09   0.191028E-09  -0.583629E-10  -0.581521E-09
   0.299072E+02  -0.103598E-09   0.234394E-10  -0.872857E-10   0.209330E-09  -0.197681E-09  -0.553920E-09
   0.299377E+02  -0.970529E-10   0.407746E-10  -0.506534E-10   0.221702E-09  -0.326941E-09  -0.493007E-09
   0.299683E+02  -0.875532E-10   0.563870E-10  -0.122902E-10   0.227816E-09  -0.438206E-09  -0.402082E-09
   0.299988E+02  -0.755442E-10   0.697038E-10   0.268311E-10   0.227351E-09  -0.524580E-09  -0.286296E-09
   0.300293E+02  -0.616424E-10   0.803331E-10   0.655453E-10   0.220108E-09  -0.580573E-09  -0.152351E-09
   0.300598E+02  -0.464643E-10   0.881213E-10   0.102571E-09   0.206208E-09  -0.602465E-09  -0.818575E-11
   0.300903E+02  -0.305121E-10   0.930198E-10   0.136732E-09   0.186112E-09  -0.588644E-09   0.137521E-09
   0.301208E+02  -0.142624E-10   0.949584E-10   0.167088E-09   0.160459E-09  -0.539710E-09   0.275958E-09
   0.301514E+02   0.170510E-11   0.939175E-10   0.192848E-09   0.129883E-09  -0.458402E-09   0.398712E-09
   0.301819E+02   0.167665E-10   0.900812E-10   0.213191E-09   0.950613E-10  -0.349476E-09   0.498259E-09
   0.302124E+02   0.304295E-10   0.838255E-10   0.227280E-09   0.569144E-10  -0.219430E-09   0.568487E-09
   0.302429E+02   0.423840E-10   0.755596E-10   0.234502E-09   0.166677E-10  -0.760728E-10   0.605085E-09
   0.302734E+02   0.523915E-10   0.656463E-10   0.234636E-09  -0.243720E-10   0.719643E-10   0.605803E-09
   0.303040E+02   0.602106E-10   0.544783E-10   0.227708E-09  -0.650422E-10   0.215763E-09   0.570606E-09
   0.303345E+02   0.656687E-10   0.425597E-10   0.213776E-09  -0.104252E-09   0.346740E-09   0.501665E-09
   0.303650E+02   0.687797E-10   0.304492E-10   0.192984E-09  -0.140772E-09   0.457155E-09   0.403094E-09
   0.303955E+02   0.697457E-10   0.186122E-10   0.165812E-09  -0.173262E-09   0.540430E-09   0.280678E-09
   0.304260E+02   0.688225E-10   0.735062E-11   0.133130E-09  -0.200547E-09   0.591476E-09   0.141679E-09
   0.304565E+02   0.662159E-10  -0.313492E-11   0.959849E-10  -0.221767E-09   0.607132E-09  -0.550027E-11
   0.304871E+02   0.620978E-10  -0.125984E-10   0.554296E-10  -0.236266E-09   0.586455E-09  -0.151913E-09
   0.305176E+02   0.567431E-10  -0.207767E-10   0.125785E-10  -0.243454E-09   0.530730E-09  -0.288652E-09
   0.305481E+02   0.505435E-10  -0.275190E-10  -0.312631E-10  -0.242860E-09   0.443428E-09  -0.407349E-09
   0.305786E+02   0.438829E-10  -0.328453E-10  -0.746032E-10  -0.234296E-09   0.330066E-09  -0.500783E-09
   0.306091E+02   0.370287E-10  -0.368828E-10  -0.115926E-09  -0.217949E-09   0.197772E-09  -0.563421E-09
   0.306396E+02   0.301825E-10  -0.397357E-10  -0.153839E-09  -0.194322E-09   0.547324E-10  -0.591696E-09
   0.306702E+02   0.235385E-10  -0.415268E-10  -0.187114E-09  -0.164105E-09  -0.902736E-10  -0.584136E-09
   0.307007E+02   0.172607E-10  -0.424453E-10  -0.214619E-09  -0.128128E-09  -0.228374E-09  -0.541495E-09
   0.307312E+02   0.114203E-10  -0.427236E-10  -0.235282E-09  -0.874483E-10  -0.351218E-09  -0.466724E-09
   0.307617E+02   0.595916E-11  -0.425592E-10  -0.248242E-09  -0.434046E-10  -0.451519E-09  -0.364690E-09
   0.307922E+02   0.795653E-12  -0.420592E-10  -0.252981E-09   0.248769E-11  -0.523423E-09  -0.241837E-09
   0.308228E+02  -0.414015E-11  -0.412728E-10  -0.249306E-09   0.487279E-10  -0.562845E-09  -0.105822E-09
   0.308533E+02  -0.889755E-11  -0.402457E-10  -0.237206E-09   0.938475E-10  -0.567730E-09   0.349853E-10
   0.308838E+02  -0.135535E-10  -0.390393E-10  -0.216860E-09   0.136289E-09  -0.538096E-09   0.172051E-09
   0.309143E+02  -0.182638E-10  -0.376448E-10  -0.188818E-09   0.174433E-09  -0.475970E-09   0.297102E-09
   0.309448E+02  -0.231714E-10  -0.359454E-10  -0.154068E-09   0.206815E-09  -0.385334E-09   0.402568E-09
   0.309753E+02  -0.283144E-10  -0.337215E-10  -0.113869E-09   0.232331E-09  -0.271910E-09   0.482081E-09
   0.310059E+02  -0.335920E-10  -0.307778E-10  -0.695224E-10   0.250175E-09  -0.142799E-09   0.530849E-09
   0.310364E+02  -0.388626E-10  -0.270141E-10  -0.223667E-10   0.259671E-09  -0.611417E-11   0.545925E-09
   0.310669E+02  -0.440325E-10  -0.223595E-10   0.260611E-10   0.260257E-09   0.129474E-09   0.526502E-09
   0.310974E+02  -0.489758E-10  -0.166499E-10   0.739799E-10   0.251700E-09   0.255379E-09   0.474029E-09
   0.311279E+02  -0.534337E-10  -0.972630E-11   0.119534E-09   0.234261E-09   0.363704E-09   0.392034E-09
   0.311584E+02  -0.570176E-10  -0.155686E-11   0.161078E-09   0.208656E-09   0.447654E-09   0.285858E-09
   0.311890E+02  -0.593575E-10   0.771554E-11   0.197271E-09   0.175813E-09   0.501929E-09   0.162403E-09
   0.312195E+02  -0.601818E-10   0.178772E-10   0.226923E-09   0.136734E-09   0.523146E-09   0.297358E-10
   0.312500E+02  -0.592114E-10   0.287067E-10   0.248884E-09   0.926187E-10   0.510065E-09  -0.103480E-09
   0.312805E+02  -0.561647E-10   0.398943E-10   0.262182E-09   0.450469E-10   0.463665E-09  -0.228496E-09
   0.313110E+02  -0.508111E-10   0.509772E-10   0.266326E-09  -0.413853E-11   0.387187E-09  -0.337024E-09
   0.313416E+02  -0.430918E-10   0.614021E-10   0.261330E-09  -0.531708E-10   0.285998E-09  -0.421940E-09
   0.313721E+02  -0.331158E-10   0.706579E-10   0.247436E-09  -0.100485E-09   0.167081E-09  -0.477859E-09
   0.314026E+02  -0.210370E-10   0.782759E-10   0.224997E-09  -0.144539E-09   0.384516E-10  -0.501390E-09
   0.314331E+02  -0.705339E-11   0.837840E-10   0.194665E-09  -0.183679E-09  -0.913347E-10  -0.491252E-09
   0.314636E+02   0.850864E-11   0.866239E-10   0.157586E-09  -0.216381E-09  -0.213687E-09  -0.448356E-09
   0.314941E+02   0.250613E-10   0.862734E-10   0.115254E-09  -0.241542E-09  -0.320551E-09  -0.375751E-09
   0.315247E+02   0.418133E-10   0.824611E-10   0.692090E-10  -0.258488E-09  -0.404902E-09  -0.278394E-09
   0.315552E+02   0.579748E-10   0.751827E-10   0.209316E-10  -0.266782E-09  -0.461170E-09  -0.162867E-09
   0.315857E+02   0.728975E-10   0.645922E-10  -0.280322E-10  -0.266120E-09  -0.485639E-09  -0.369800E-10
   0.316162E+02   0.859559E-10   0.508389E-10  -0.759879E-10  -0.256459E-09  -0.476703E-09   0.907616E-10
   0.316467E+02   0.964255E-10   0.341731E-10  -0.121195E-09  -0.238169E-09  -0.434942E-09   0.211683E-09
   0.316772E+02   0.103566E-09   0.151033E-10  -0.162079E-09  -0.212042E-09  -0.363181E-09   0.317443E-09
   0.317078E+02   0.106807E-09  -0.562287E-11  -0.197373E-09  -0.179134E-09  -0.266423E-09   0.400692E-09
   0.317383E+02   0.105805E-09  -0.271642E-10  -0.226075E-09  -0.140598E-09  -0.151457E-09   0.455713E-09
   0.317688E+02   0.100381E-09  -0.486602E-10  -0.247334E-09  -0.976657E-10  -0.262772E-10   0.478793E-09
   0.317993E+02   0.904904E-10  -0.692026E-10  -0.260459E-09  -0.517525E-10   0.100450E-09   0.468407E-09
   0.318298E+02   0.762750E-10  -0.878240E-10  -0.265071E-09  -0.445336E-11   0.219956E-09   0.425350E-09
   0.318604E+02   0.581211E-10  -0.103564E-09  -0.261184E-09   0.426248E-10   0.324026E-09   0.352682E-09
   0.318909E+02   0.366509E-10  -0.115560E-09  -0.249112E-09   0.880152E-10   0.405548E-09   0.255441E-09
   0.319214E+02   0.126732E-10  -0.123105E-09  -0.229349E-09   0.130384E-09   0.458925E-09   0.140312E-09
   0.319519E+02  -0.128610E-10  -0.125670E-09  -0.202564E-09   0.168471E-09   0.480487E-09   0.152441E-10
   0.319824E+02  -0.388808E-10  -0.122925E-09  -0.169659E-09   0.201141E-09   0.468814E-09  -0.111166E-09
   0.320129E+02  -0.642282E-10  -0.114789E-09  -0.131726E-09   0.227465E-09   0.424732E-09  -0.230339E-09
   0.320435E+02  -0.877402E-10  -0.101473E-09  -0.899587E-10   0.246748E-09   0.351163E-09  -0.334199E-09
   0.320740E+02  -0.108363E-09  -0.834561E-10  -0.456117E-10   0.258487E-09   0.252998E-09  -0.415629E-09
   0.321045E+02  -0.125209E-09  -0.613916E-10  -0.164331E-13   0.262372E-09   0.136836E-09  -0.469008E-09
   0.321350E+02  -0.137513E-09  -0.360359E-10   0.454408E-10   0.258341E-09   0.104837E-10  -0.490618E-09
   0.321655E+02  -0.144592E-09  -0.828906E-11   0.894051E-10   0.246606E-09  -0.117569E-09  -0.478852E-09
   0.321960E+02  -0.145917E-09   0.207374E-10   0.130639E-09   0.227606E-09  -0.238698E-09  -0.434321E-09
   0.322266E+02  -0.141246E-09   0.497619E-10   0.168033E-09   0.201923E-09  -0.344727E-09  -0.359802E-09
   0.322571E+02  -0.130695E-09   0.774834E-10   0.200566E-09   0.170256E-09  -0.428423E-09  -0.260016E-09
   0.322876E+02  -0.114663E-09   0.102709E-09   0.227286E-09   0.133462E-09  -0.483881E-09  -0.141398E-09
   0.323181E+02  -0.937552E-10   0.124379E-09   0.247382E-09   0.925924E-10  -0.506996E-09  -0.118103E-10
   0.323486E+02  -0.687547E-10   0.141554E-09   0.260265E-09   0.488388E-10  -0.495904E-09   0.120022E-09
   0.323792E+02  -0.406450E-10   0.153445E-09   0.265583E-09   0.343976E-11  -0.451073E-09   0.245246E-09
   0.324097E+02  -0.105848E-10   0.159497E-09   0.263167E-09  -0.423689E-10  -0.375140E-09   0.355420E-09
   0.324402E+02   0.201805E-10   0.159435E-09   0.252994E-09  -0.873286E-10  -0.272788E-09   0.442951E-09
   0.324707E+02   0.504002E-10   0.153250E-09   0.235244E-09  -0.130141E-09  -0.150542E-09   0.501603E-09
   0.325012E+02   0.788492E-10   0.141172E-09   0.210343E-09  -0.169535E-09  -0.163936E-10   0.526953E-09
   0.325317E+02   0.104362E-09   0.123686E-09   0.178939E-09  -0.204359E-09   0.120661E-09   0.516736E-09
   0.325623E+02   0.125910E-09   0.101523E-09   0.141804E-09  -0.233596E-09   0.251177E-09   0.471159E-09
   0.325928E+02   0.142667E-09   0.755998E-10   0.998286E-10  -0.256295E-09   0.366061E-09   0.393031E-09
   0.326233E+02   0.154014E-09   0.469561E-10   0.541066E-10  -0.271577E-09   0.457363E-09   0.287474E-09
   0.326538E+02   0.159544E-09   0.167254E-10   0.596916E-11  -0.278756E-09   0.518762E-09   0.161419E-09
   0.326843E+02   0.159092E-09  -0.139030E-10  -0.431192E-10  -0.277456E-09   0.545883E-09   0.231635E-10
   0.327148E+02   0.152736E-09  -0.437415E-10  -0.916921E-10  -0.267580E-09   0.536601E-09  -0.118117E-09
   0.327454E+02   0.140786E-09  -0.716466E-10  -0.138310E-09  -0.249234E-09   0.491200E-09  -0.252999E-09
   0.327759E+02   0.123791E-09  -0.965658E-10  -0.181519E-09  -0.222710E-09   0.412328E-09  -0.372402E-09
   0.328064E+02   0.102508E-09  -0.117613E-09  -0.219838E-09  -0.188544E-09   0.304876E-09  -0.468143E-09
   0.328369E+02   0.778249E-10  -0.134115E-09  -0.251813E-09  -0.147593E-09   0.175711E-09  -0.533504E-09
   0.328674E+02   0.506925E-10  -0.145594E-09  -0.276147E-09  -0.101077E-09   0.332408E-10  -0.563701E-09
   0.328979E+02   0.221025E-10  -0.151743E-09  -0.291867E-09  -0.504996E-10  -0.113090E-09  -0.556211E-09
   0.329285E+02  -0.691319E-11  -0.152426E-09  -0.298363E-09   0.253422E-11  -0.253380E-09  -0.511044E-09
   0.329590E+02  -0.353008E-10  -0.147712E-09  -0.295277E-09   0.564347E-10  -0.378017E-09  -0.430841E-09
   0.329895E+02  -0.620422E-10  -0.137903E-09  -0.282398E-09   0.109547E-09  -0.478405E-09  -0.320631E-09
   0.330200E+02  -0.862517E-10  -0.123520E-09  -0.259760E-09   0.160033E-09  -0.547443E-09  -0.187451E-09
   0.330505E+02  -0.107235E-09  -0.105202E-09  -0.227854E-09   0.205952E-09  -0.579944E-09  -0.400297E-10
   0.330811E+02  -0.124441E-09  -0.836211E-10  -0.187663E-09   0.245513E-09  -0.573139E-09   0.111688E-09
   0.331116E+02  -0.137391E-09  -0.595031E-10  -0.140504E-09   0.277230E-09  -0.526998E-09   0.257283E-09
   0.331421E+02  -0.145726E-09  -0.336978E-10  -0.878809E-10   0.299899E-09  -0.444234E-09   0.386636E-09
   0.331726E+02  -0.149323E-09  -0.712356E-11  -0.314809E-10   0.312526E-09  -0.330150E-09   0.490606E-09
   0.332031E+02  -0.148283E-09   0.193818E-10   0.267496E-10   0.314388E-09  -0.192339E-09   0.561739E-09
   0.332336E+02  -0.142810E-09   0.451261E-10   0.846520E-10   0.305200E-09  -0.400970E-10   0.594845E-09
   0.332642E+02  -0.133106E-09   0.694820E-10   0.140058E-09   0.285201E-09   0.116253E-09   0.587305E-09
   0.332947E+02  -0.119425E-09   0.917948E-10   0.190972E-09   0.255047E-09   0.266003E-09   0.539233E-09
   0.333252E+02  -0.102161E-09   0.111436E-09   0.235557E-09   0.215659E-09   0.398767E-09   0.453544E-09
   0.333557E+02  -0.818625E-10   0.127824E-09   0.272052E-09   0.168283E-09   0.505245E-09   0.335782E-09
   0.333862E+02  -0.591043E-10   0.140599E-09   0.298885E-09   0.114621E-09   0.577840E-09   0.193729E-09
   0.334167E+02  -0.344374E-10   0.149440E-09   0.314956E-09   0.567881E-10   0.611171E-09   0.369609E-10
   0.334473E+02  -0.846337E-11   0.154029E-09   0.319760E-09  -0.299161E-11   0.602570E-09  -0.123763E-09
   0.334778E+02   0.180790E-10   0.154126E-09   0.313207E-09  -0.626101E-10   0.552352E-09  -0.277351E-09
   0.335083E+02   0.443814E-10   0.149701E-09   0.295434E-09  -0.119991E-09   0.463711E-09  -0.413222E-09
   0.335388E+02   0.697325E-10   0.140918E-09   0.266912E-09  -0.172931E-09   0.342449E-09  -0.521998E-09
   0.335693E+02   0.935572E-10   0.127963E-09   0.228708E-09  -0.219220E-09   0.196571E-09  -0.596124E-09
   0.335999E+02   0.115261E-09   0.110963E-09   0.182505E-09  -0.257007E-09   0.356865E-10  -0.630331E-09
   0.336304E+02   0.134113E-09   0.901393E-10   0.130289E-09  -0.285033E-09  -0.129571E-09  -0.621860E-09
   0.336609E+02   0.149333E-09   0.659066E-10   0.740835E-10  -0.302524E-09  -0.288060E-09  -0.570665E-09
   0.336914E+02   0.160291E-09   0.389482E-10   0.158745E-10  -0.308973E-09  -0.428823E-09  -0.479631E-09
   0.337219E+02   0.166535E-09   0.998492E-11  -0.421935E-10  -0.304130E-09  -0.541955E-09  -0.354491E-09
   0.337524E+02   0.167676E-09  -0.202481E-10  -0.978126E-10  -0.288212E-09  -0.619358E-09  -0.203398E-09
   0.337830E+02   0.163365E-09  -0.508921E-10  -0.148748E-09  -0.262053E-09  -0.655273E-09  -0.363812E-10
   0.338135E+02   0.153419E-09  -0.809284E-10  -0.193120E-09  -0.226998E-09  -0.646730E-09   0.135290E-09
   0.338440E+02   0.137909E-09  -0.109301E-09  -0.229486E-09  -0.184652E-09  -0.593810E-09   0.299911E-09
   0.338745E+02   0.117077E-09  -0.135014E-09  -0.256739E-09  -0.136741E-09  -0.499629E-09   0.446154E-09
   0.339050E+02   0.912716E-10  -0.157065E-09  -0.274039E-09  -0.851627E-10  -0.370175E-09   0.563817E-09
   0.339355E+02   0.610190E-10  -0.174403E-09  -0.280929E-09  -0.320219E-10  -0.213953E-09   0.644603E-09
   0.339661E+02   0.272488E-10  -0.185998E-09  -0.277505E-09   0.204833E-10  -0.413218E-10   0.682751E-09
   0.339966E+02  -0.891370E-11  -0.191089E-09  -0.264379E-09   0.703615E-10   0.136274E-09   0.675352E-09
   0.340271E+02  -0.461841E-10  -0.189178E-09  -0.242486E-09   0.115917E-09   0.307019E-09   0.622479E-09
   0.340576E+02  -0.832031E-10  -0.180006E-09  -0.212959E-09   0.155688E-09   0.459477E-09   0.527218E-09
   0.340881E+02  -0.118538E-09  -0.163554E-09  -0.177177E-09   0.188401E-09   0.583363E-09   0.395451E-09
   0.341187E+02  -0.150722E-09  -0.140094E-09  -0.136808E-09   0.213093E-09   0.670157E-09   0.235455E-09
   0.341492E+02  -0.178325E-09  -0.110197E-09  -0.936921E-10   0.229264E-09   0.713621E-09   0.574718E-10
   0.341797E+02  -0.199984E-09  -0.747315E-10  -0.496044E-10   0.236895E-09   0.710336E-09  -0.126885E-09
   0.342102E+02  -0.214497E-09  -0.348901E-10  -0.614415E-11   0.236290E-09   0.659997E-09  -0.305498E-09
   0.342407E+02  -0.220925E-09   0.783866E-11   0.352494E-10   0.227956E-09   0.565345E-09  -0.466577E-09
   0.342712E+02  -0.218669E-09   0.517668E-10   0.732385E-10   0.212603E-09   0.431967E-09  -0.599299E-09
   0.343018E+02  -0.207487E-09   0.951240E-10   0.106596E-09   0.191247E-09   0.268065E-09  -0.694473E-09
   0.343323E+02  -0.187445E-09   0.136056E-09   0.134444E-09   0.165209E-09   0.840317E-10  -0.745198E-09
   0.343628E+02  -0.159017E-09   0.172663E-09   0.156357E-09   0.135902E-09  -0.108168E-09  -0.747407E-09
   0.343933E+02  -0.123168E-09   0.203090E-09   0.172309E-09   0.104562E-09  -0.295771E-09  -0.700283E-09
   0.344238E+02  -0.813298E-10   0.225796E-09   0.182380E-09   0.722193E-10  -0.466182E-09  -0.606413E-09
   0.344543E+02  -0.351997E-10   0.239644E-09   0.186696E-09   0.398779E-10  -0.607917E-09  -0.471542E-09
   0.344849E+02   0.133793E-10   0.243810E-09   0.185595E-09   0.856291E-11  -0.711280E-09  -0.304112E-09
   0.345154E+02   0.623911E-10   0.237784E-09   0.179712E-09  -0.208207E-10  -0.768900E-09  -0.114835E-09
   0.345459E+02   0.109627E-09   0.221457E-09   0.169842E-09  -0.477237E-10  -0.776356E-09   0.838588E-10
   0.345764E+02   0.152751E-09   0.195373E-09   0.156700E-09  -0.718925E-10  -0.732642E-09   0.278680E-09
   0.346069E+02   0.189732E-09   0.160587E-09   0.140804E-09  -0.931680E-10  -0.640303E-09   0.456470E-09
   0.346375E+02   0.218840E-09   0.118543E-09   0.122663E-09  -0.111354E-09  -0.505292E-09   0.605153E-09
   0.346680E+02   0.238633E-09   0.709631E-10   0.102874E-09  -0.126356E-09  -0.336557E-09   0.714681E-09
   0.346985E+02   0.247971E-09   0.199080E-10   0.819782E-10  -0.138302E-09  -0.145278E-09   0.777752E-09
   0.347290E+02   0.246208E-09  -0.322415E-10   0.602753E-10  -0.147423E-09   0.559671E-10   0.790162E-09
   0.347595E+02   0.233329E-09  -0.830086E-10   0.378900E-10  -0.153812E-09   0.253956E-09   0.751007E-09
   0.347900E+02   0.209878E-09  -0.130002E-09   0.149432E-10  -0.157396E-09   0.435656E-09   0.662766E-09
   0.348206E+02   0.176845E-09  -0.171057E-09  -0.828532E-11  -0.158104E-09   0.589086E-09   0.531131E-09
   0.348511E+02   0.135634E-09  -0.204175E-09  -0.315458E-10  -0.155965E-09   0.704030E-09   0.364631E-09
   0.348816E+02   0.881399E-10  -0.227640E-09  -0.547163E-10  -0.150979E-09   0.772665E-09   0.174214E-09
   0.349121E+02   0.366816E-10  -0.240243E-09  -0.776831E-10  -0.142959E-09   0.790251E-09  -0.273570E-10
   0.349426E+02  -0.162239E-10  -0.241393E-09  -0.100126E-09  -0.131588E-09   0.755614E-09  -0.226450E-09
   0.349731E+02  -0.680470E-10  -0.231069E-09  -0.121480E-09  -0.116646E-09   0.671227E-09  -0.409614E-09
   0.350037E+02  -0.116314E-09  -0.209764E-09  -0.141104E-09  -0.981220E-10   0.543009E-09  -0.564548E-09
   0.350342E+02  -0.158694E-09  -0.178468E-09  -0.158394E-09  -0.760880E-10   0.379854E-09  -0.680978E-09
   0.350647E+02  -0.193059E-09  -0.138804E-09  -0.172729E-09  -0.507102E-10   0.192956E-09  -0.751308E-09
   0.350952E+02  -0.217772E-09  -0.927509E-10  -0.183334E-09  -0.221805E-10  -0.491475E-11  -0.771059E-09
   0.351257E+02  -0.231675E-09  -0.426408E-10  -0.189360E-09   0.901774E-11  -0.200195E-09  -0.739257E-09
   0.351562E+02  -0.234179E-09   0.903128E-11  -0.190047E-09   0.421048E-10  -0.379571E-09  -0.658617E-09
   0.351868E+02  -0.225288E-09   0.596250E-10  -0.184866E-09   0.761041E-10  -0.531066E-09  -0.535256E-09
   0.352173E+02  -0.205573E-09   0.106682E-09  -0.173462E-09   0.109959E-09  -0.644825E-09  -0.378083E-09
   0.352478E+02  -0.176132E-09   0.147892E-09  -0.155629E-09   0.142531E-09  -0.713654E-09  -0.198164E-09
   0.352783E+02  -0.138573E-09   0.181235E-09  -0.131327E-09   0.172535E-09  -0.733505E-09  -0.799405E-11
   0.353088E+02  -0.949520E-10   0.205131E-09  -0.100822E-09   0.198538E-09  -0.703720E-09   0.179406E-09
   0.353394E+02  -0.476219E-10   0.218559E-09  -0.648033E-10   0.219114E-09  -0.626991E-09   0.351363E-09
   0.353699E+02   0.945281E-12   0.221091E-09  -0.243203E-10   0.233054E-09  -0.509178E-09   0.496350E-09
   0.354004E+02   0.483010E-10   0.212851E-09   0.193817E-10   0.239398E-09  -0.358944E-09   0.604810E-09
   0.354309E+02   0.921008E-10   0.194474E-09   0.648997E-10   0.237361E-09  -0.187087E-09   0.669849E-09
   0.354614E+02   0.130185E-09   0.167102E-09   0.110572E-09   0.226351E-09  -0.574506E-11   0.687656E-09
   0.354919E+02   0.160725E-09   0.132371E-09   0.154479E-09   0.206171E-09   0.172464E-09   0.657721E-09
   0.355225E+02   0.182371E-09   0.922784E-10   0.194647E-09   0.177148E-09   0.335322E-09   0.582795E-09
   0.355530E+02   0.194283E-09   0.490124E-10   0.229267E-09   0.140048E-09   0.471783E-09   0.468610E-09
   0.355835E+02   0.196097E-09   0.486426E-11   0.256714E-09   0.959182E-10   0.572598E-09   0.323536E-09
   0.356140E+02   0.187971E-09  -0.378038E-10   0.275461E-09   0.461049E-10   0.631002E-09   0.158160E-09
   0.356445E+02   0.170681E-09  -0.767145E-10   0.284164E-09  -0.759363E-11   0.643354E-09  -0.155074E-10
   0.356750E+02   0.145577E-09  -0.109936E-09   0.281963E-09  -0.629389E-10   0.609339E-09  -0.185025E-09
   0.357056E+02   0.114351E-09  -0.136028E-09   0.268669E-09  -0.117563E-09   0.531845E-09  -0.338358E-09
   0.357361E+02   0.788499E-10  -0.153989E-09   0.244600E-09  -0.169262E-09   0.416800E-09  -0.464598E-09
   0.357666E+02   0.410340E-10  -0.163194E-09   0.210348E-09  -0.215966E-09   0.272847E-09  -0.554753E-09
   0.357971E+02   0.310326E-11  -0.163433E-09   0.166876E-09  -0.255557E-09   0.110759E-09  -0.602435E-09
   0.358276E+02  -0.328004E-10  -0.155148E-09   0.115721E-09  -0.286018E-09  -0.572982E-10  -0.604377E-09
   0.358582E+02  -0.647958E-10  -0.139353E-09   0.590173E-10  -0.305787E-09  -0.218667E-09  -0.560792E-09
   0.358887E+02  -0.914489E-10  -0.117407E-09  -0.835960E-12  -0.313974E-09  -0.361287E-09  -0.475408E-09
   0.359192E+02  -0.111699E-09  -0.908170E-10  -0.614760E-10  -0.310241E-09  -0.474690E-09  -0.355059E-09
   0.359497E+02  -0.124785E-09  -0.612629E-10  -0.120593E-09  -0.294597E-09  -0.550706E-09  -0.209047E-09
   0.359802E+02  -0.130366E-09  -0.306142E-10  -0.175796E-09  -0.267415E-09  -0.583974E-09  -0.484339E-10
   0.360107E+02  -0.128648E-09  -0.752243E-12  -0.224670E-09  -0.229644E-09  -0.572259E-09   0.114763E-09
   0.360413E+02  -0.120311E-09   0.266598E-10  -0.265089E-09  -0.182889E-09  -0.516537E-09   0.268389E-09
   0.360718E+02  -0.106346E-09   0.502481E-10  -0.295472E-09  -0.129168E-09  -0.420960E-09   0.400911E-09
   0.361023E+02  -0.879872E-10   0.689116E-10  -0.314737E-09  -0.706356E-10  -0.292673E-09   0.502280E-09
   0.361328E+02  -0.667039E-10   0.818755E-10  -0.322139E-09  -0.956038E-11  -0.141280E-09   0.564741E-09
   0.361633E+02  -0.441164E-10   0.887927E-10  -0.317354E-09   0.515582E-10   0.218826E-10   0.583355E-09
   0.361938E+02  -0.218363E-10   0.897873E-10  -0.300716E-09   0.110112E-09   0.184475E-09   0.556355E-09
   0.362244E+02  -0.130380E-11   0.854028E-10  -0.273250E-09   0.163736E-09   0.334016E-09   0.485418E-09
   0.362549E+02   0.163100E-10   0.764807E-10  -0.236409E-09   0.210545E-09   0.458923E-09   0.375610E-09
   0.362854E+02   0.301060E-10   0.640467E-10  -0.191804E-09   0.249060E-09   0.549409E-09   0.234939E-09
   0.363159E+02   0.394330E-10   0.492810E-10  -0.141197E-09   0.278049E-09   0.598130E-09   0.737799E-10
   0.363464E+02   0.439418E-10   0.335230E-10  -0.866244E-10   0.296558E-09   0.600756E-09  -0.957800E-10
   0.363770E+02   0.437040E-10   0.181752E-10  -0.303644E-10   0.304144E-09   0.556401E-09  -0.260815E-09
   0.364075E+02   0.392013E-10   0.456567E-11   0.252597E-10   0.300975E-09   0.467745E-09  -0.408533E-09
   0.364380E+02   0.312922E-10  -0.628745E-11   0.782683E-10   0.287757E-09   0.340929E-09  -0.527241E-09
   0.364685E+02   0.209932E-10  -0.137057E-10   0.126942E-09   0.265448E-09   0.185173E-09  -0.607325E-09
   0.364990E+02   0.938146E-11  -0.172798E-10   0.169834E-09   0.235206E-09   0.120290E-10  -0.642081E-09
   0.365295E+02  -0.240826E-11  -0.168511E-10   0.205696E-09   0.198440E-09  -0.165537E-09  -0.628187E-09
   0.365601E+02  -0.131969E-10  -0.125719E-10   0.233651E-09   0.156812E-09  -0.334083E-09  -0.565949E-09
   0.365906E+02  -0.218979E-10  -0.496501E-11   0.253293E-09   0.112039E-09  -0.480684E-09  -0.459325E-09
   0.366211E+02  -0.276808E-10   0.516571E-11   0.264580E-09   0.656865E-10  -0.593897E-09  -0.315638E-09
   0.366516E+02  -0.299842E-10   0.168951E-10   0.267646E-09   0.191673E-10  -0.664578E-09  -0.145099E-09
   0.366821E+02  -0.284570E-10   0.292077E-10   0.262779E-09  -0.260785E-10  -0.686633E-09   0.398139E-10
   0.367126E+02  -0.229883E-10   0.409565E-10   0.250627E-09  -0.687034E-10  -0.657680E-09   0.225305E-09
   0.367432E+02  -0.138624E-10   0.509383E-10   0.232131E-09  -0.107657E-09  -0.579263E-09   0.397477E-09
   0.367737E+02  -0.177952E-11   0.581282E-10   0.208260E-09  -0.142274E-09  -0.456600E-09   0.543413E-09
   0.368042E+02   0.123306E-10   0.618474E-10   0.179838E-09  -0.172054E-09  -0.298162E-09   0.652047E-09
   0.368347E+02   0.275129E-10   0.617051E-10   0.147706E-09  -0.196479E-09  -0.115079E-09   0.714961E-09
   0.368652E+02   0.427867E-10   0.574563E-10   0.112884E-09  -0.215177E-09   0.796854E-10   0.726968E-09
   0.368958E+02   0.570199E-10   0.490522E-10   0.764467E-10  -0.228095E-09   0.272204E-09   0.686432E-09
   0.369263E+02   0.689985E-10   0.368411E-10   0.392046E-10  -0.235477E-09   0.448476E-09   0.595436E-09
   0.369568E+02   0.777040E-10   0.216151E-10   0.168491E-11  -0.237516E-09   0.595419E-09   0.459773E-09
   0.369873E+02   0.824952E-10   0.438289E-11  -0.356270E-10  -0.234219E-09   0.701883E-09   0.288593E-09
   0.370178E+02   0.830186E-10  -0.138296E-10  -0.720858E-10  -0.225560E-09   0.759486E-09   0.937926E-10
   0.370483E+02   0.791045E-10  -0.319497E-10  -0.106973E-09  -0.211689E-09   0.763299E-09  -0.110796E-09
   0.370789E+02   0.708564E-10  -0.488114E-10  -0.139715E-09  -0.192886E-09   0.712291E-09  -0.310422E-09
   0.371094E+02   0.587641E-10  -0.632962E-10  -0.169835E-09  -0.169331E-09   0.609422E-09  -0.490501E-09
   0.371399E+02   0.436257E-10  -0.745372E-10  -0.196733E-09  -0.141063E-09   0.461525E-09  -0.637635E-09
   0.371704E+02   0.263694E-10  -0.819649E-10  -0.219529E-09  -0.108259E-09   0.278945E-09  -0.740717E-09
   0.372009E+02   0.796160E-11  -0.852350E-10  -0.237298E-09  -0.714472E-10   0.747001E-10  -0.791936E-09
   0.372314E+02  -0.105719E-10  -0.841924E-10  -0.249317E-09  -0.313705E-10  -0.136662E-09  -0.787308E-09
   0.372620E+02  -0.281398E-10  -0.789415E-10  -0.254984E-09   0.112401E-10  -0.340108E-09  -0.726799E-09
   0.372925E+02  -0.436940E-10  -0.699271E-10  -0.253609E-09   0.555667E-10  -0.521087E-09  -0.614320E-09
   0.373230E+02  -0.564057E-10  -0.578951E-10  -0.244485E-09   0.100488E-09  -0.666562E-09  -0.457500E-09
   0.373535E+02  -0.657460E-10  -0.437305E-10  -0.227166E-09   0.144530E-09  -0.765938E-09  -0.267154E-09
   0.373840E+02  -0.714225E-10  -0.283356E-10  -0.201611E-09   0.186089E-09  -0.811796E-09  -0.565486E-10
   0.374146E+02  -0.733165E-10  -0.126446E-10  -0.168088E-09   0.223608E-09  -0.800471E-09   0.159481E-09
   0.374451E+02  -0.715489E-10   0.235368E-11  -0.127064E-09   0.255521E-09  -0.732374E-09   0.365617E-09
   0.374756E+02  -0.665644E-10   0.157289E-10  -0.792987E-10   0.280169E-09  -0.611945E-09   0.547170E-09
   0.375061E+02  -0.590752E-10   0.267790E-10  -0.260496E-10   0.295879E-09  -0.447355E-09   0.691100E-09
   0.375366E+02  -0.498892E-10   0.350145E-10   0.308654E-10   0.301283E-09  -0.249928E-09   0.786961E-09
   0.375671E+02  -0.398766E-10   0.404020E-10   0.893708E-10   0.295475E-09  -0.333250E-10   0.827587E-09
   0.375977E+02  -0.298668E-10   0.428972E-10   0.147227E-09   0.278048E-09   0.187305E-09   0.809530E-09
   0.376282E+02  -0.206835E-10   0.427603E-10   0.202139E-09   0.248896E-09   0.396237E-09   0.733429E-09
   0.376587E+02  -0.130425E-10   0.405228E-10   0.251595E-09   0.208310E-09   0.578344E-09   0.604170E-09
   0.376892E+02  -0.741102E-11   0.369434E-10   0.292947E-09   0.157268E-09   0.720305E-09   0.430537E-09
   0.377197E+02  -0.392286E-11   0.328525E-10   0.323808E-09   0.975153E-10   0.811519E-09   0.224553E-09
   0.377502E+02  -0.243673E-11   0.289877E-10   0.342310E-09   0.313288E-10   0.844841E-09   0.754630E-12
   0.377808E+02  -0.266389E-11   0.259631E-10   0.347092E-09  -0.387150E-10   0.817264E-09  -0.224756E-09
   0.378113E+02  -0.418810E-11   0.243328E-10   0.337241E-09  -0.109743E-09   0.730270E-09  -0.435560E-09
   0.378418E+02  -0.638127E-11   0.245571E-10   0.312455E-09  -0.178565E-09   0.589727E-09  -0.616184E-09
   0.378723E+02  -0.841401E-11   0.268392E-10   0.273243E-09  -0.241870E-09   0.405486E-09  -0.753237E-09
   0.379028E+02  -0.943186E-11   0.310323E-10   0.220917E-09  -0.296559E-09   0.190685E-09  -0.836429E-09
   0.379333E+02  -0.870795E-11   0.367220E-10   0.157392E-09  -0.339914E-09  -0.392026E-10  -0.859345E-09
   0.379639E+02  -0.564405E-11   0.433200E-10   0.850774E-10  -0.369587E-09  -0.267473E-09  -0.819970E-09
   0.379944E+02   0.236063E-12   0.500252E-10   0.693631E-11  -0.383643E-09  -0.477470E-09  -0.720910E-09
   0.380249E+02   0.914039E-11   0.557875E-10  -0.734984E-10  -0.380818E-09  -0.653916E-09  -0.569146E-09
   0.380554E+02   0.208316E-10   0.594677E-10  -0.152386E-09  -0.360809E-09  -0.783960E-09  -0.375391E-09
   0.380859E+02   0.346576E-10   0.601074E-10  -0.225980E-09  -0.324276E-09  -0.857952E-09  -0.153361E-09
   0.381165E+02   0.497694E-10   0.570360E-10  -0.290866E-09  -0.272619E-09  -0.870170E-09   0.810665E-10
   0.381470E+02   0.652384E-10   0.497575E-10  -0.343926E-09  -0.207833E-09  -0.819320E-09   0.310986E-09
   0.381775E+02   0.799521E-10   0.378901E-10  -0.382383E-09  -0.132606E-09  -0.708630E-09   0.519685E-09
   0.382080E+02   0.925249E-10   0.213410E-10  -0.404099E-09  -0.503571E-10  -0.545704E-09   0.691764E-09
   0.382385E+02   0.101456E-09   0.524068E-12  -0.407881E-09   0.350533E-10  -0.342138E-09   0.814327E-09
   0.382690E+02   0.105407E-09  -0.236403E-10  -0.393460E-09   0.119710E-09  -0.112689E-09   0.878101E-09
   0.382996E+02   0.103342E-09  -0.498877E-10  -0.361300E-09   0.199773E-09   0.125893E-09   0.878166E-09
   0.383301E+02   0.945166E-10  -0.766984E-10  -0.312622E-09   0.271434E-09   0.356127E-09   0.814315E-09
   0.383606E+02   0.785463E-10  -0.102286E-09  -0.249612E-09   0.331120E-09   0.561111E-09   0.691096E-09
   0.383911E+02   0.555695E-10  -0.124683E-09  -0.175355E-09   0.375934E-09   0.725809E-09   0.517457E-09
   0.384216E+02   0.263176E-10  -0.141983E-09  -0.934423E-10   0.403908E-09   0.838155E-09   0.306065E-09
   0.384521E+02  -0.801584E-11  -0.152539E-09  -0.764129E-11   0.413904E-09   0.889958E-09   0.723821E-10
   0.384827E+02  -0.459083E-10  -0.154954E-09   0.781524E-10   0.405497E-09   0.877538E-09  -0.166529E-09
   0.385132E+02  -0.854321E-10  -0.148040E-09   0.159963E-09   0.379061E-09   0.801912E-09  -0.393313E-09
   0.385437E+02  -0.124211E-09  -0.131142E-09   0.233790E-09   0.335994E-09   0.668676E-09  -0.591512E-09
   0.385742E+02  -0.159558E-09  -0.104279E-09   0.296254E-09   0.278618E-09   0.487685E-09  -0.746755E-09
   0.386047E+02  -0.188890E-09  -0.682954E-10   0.344697E-09   0.209919E-09   0.272318E-09  -0.847950E-09
   0.386353E+02  -0.209949E-09  -0.246359E-10   0.377210E-09   0.133236E-09   0.383319E-10  -0.888067E-09
   0.386658E+02  -0.220802E-09   0.247893E-10   0.392551E-09   0.521874E-10  -0.197290E-09  -0.864522E-09
   0.386963E+02  -0.219899E-09   0.775835E-10   0.390265E-09  -0.293167E-10  -0.417501E-09  -0.779351E-09
   0.387268E+02  -0.206250E-09   0.130890E-09   0.370913E-09  -0.107318E-09  -0.606467E-09  -0.639113E-09
   0.387573E+02  -0.179607E-09   0.181559E-09   0.336032E-09  -0.178240E-09  -0.750780E-09  -0.454337E-09
   0.387878E+02  -0.140530E-09   0.226379E-09   0.287813E-09  -0.239114E-09  -0.840391E-09  -0.238681E-09
   0.388184E+02  -0.903772E-10   0.262288E-09   0.228895E-09  -0.287523E-09  -0.869283E-09  -0.791242E-11
   0.388489E+02  -0.312468E-10   0.286550E-09   0.162389E-09  -0.321615E-09  -0.835857E-09   0.221246E-09
   0.388794E+02   0.340813E-10   0.296899E-09   0.918011E-10  -0.340358E-09  -0.742986E-09   0.432282E-09
   0.389099E+02   0.102206E-09   0.291821E-09   0.207771E-10  -0.343657E-09  -0.597854E-09   0.610052E-09
   0.389404E+02   0.169381E-09   0.270647E-09  -0.474181E-10  -0.332343E-09  -0.411431E-09   0.741944E-09
   0.389709E+02   0.231774E-09   0.233659E-09  -0.109952E-09  -0.307776E-09  -0.197586E-09   0.818768E-09
   0.390015E+02   0.285666E-09   0.182004E-09  -0.164336E-09  -0.271737E-09   0.278798E-10   0.835308E-09
   0.390320E+02   0.327580E-09   0.117682E-09  -0.208444E-09  -0.226535E-09   0.248236E-09   0.790777E-09
   0.390625E+02   0.354488E-09   0.435577E-10  -0.240812E-09  -0.175017E-09   0.447125E-09   0.689065E-09
   0.390930E+02   0.364081E-09  -0.367272E-10  -0.260904E-09  -0.120226E-09   0.609976E-09   0.538421E-09
   0.391235E+02   0.355009E-09  -0.118975E-09  -0.268989E-09  -0.649528E-10   0.725106E-09   0.350673E-09
   0.391541E+02   0.327009E-09  -0.198756E-09  -0.265814E-09  -0.116199E-10   0.784499E-09   0.140311E-09
   0.391846E+02   0.280843E-09  -0.271713E-09  -0.252486E-09   0.375981E-10   0.784383E-09  -0.765798E-10
   0.392151E+02   0.218200E-09  -0.333706E-09  -0.230580E-09   0.808068E-10   0.725520E-09  -0.283507E-09
   0.392456E+02   0.141710E-09  -0.380923E-09  -0.202107E-09   0.116662E-09   0.613193E-09  -0.464821E-09
   0.392761E+02   0.550208E-10  -0.410198E-09  -0.169197E-09   0.144475E-09   0.456842E-09  -0.607014E-09
   0.393066E+02  -0.374836E-10  -0.419368E-09  -0.133831E-09   0.164153E-09   0.269210E-09  -0.699865E-09
   0.393372E+02  -0.131048E-09  -0.407414E-09  -0.977880E-10   0.175923E-09   0.651736E-10  -0.737133E-09
   0.393677E+02  -0.220823E-09  -0.374389E-09  -0.627492E-10   0.180330E-09  -0.139411E-09  -0.716850E-09
   0.393982E+02  -0.302000E-09  -0.321418E-09  -0.301988E-10   0.178368E-09  -0.328832E-09  -0.641378E-09
   0.394287E+02  -0.370046E-09  -0.250773E-09  -0.113031E-11   0.171412E-09  -0.488630E-09  -0.517202E-09
   0.394592E+02  -0.421063E-09  -0.165827E-09   0.240747E-10   0.160854E-09  -0.606596E-09  -0.354491E-09
   0.394897E+02  -0.452093E-09  -0.707957E-10   0.454112E-10   0.147831E-09  -0.673738E-09  -0.166485E-09
   0.395203E+02  -0.461235E-09   0.295732E-10   0.630022E-10   0.133300E-09  -0.685172E-09   0.315107E-10
   0.395508E+02  -0.447648E-09   0.130207E-09   0.771533E-10   0.118186E-09  -0.640572E-09   0.223503E-09
   0.395813E+02  -0.411652E-09   0.225847E-09   0.885119E-10   0.103251E-09  -0.544044E-09   0.394157E-09
   0.396118E+02  -0.354894E-09   0.311358E-09   0.979504E-10   0.888096E-10  -0.403711E-09   0.529906E-09
   0.396423E+02  -0.280276E-09   0.382200E-09   0.106205E-09   0.746775E-10  -0.231098E-09   0.619930E-09
   0.396729E+02  -0.191616E-09   0.434743E-09   0.113646E-09   0.604399E-10  -0.402947E-10   0.656958E-09
   0.397034E+02  -0.933590E-10   0.466290E-09   0.120370E-09   0.457189E-10   0.153031E-09   0.637874E-09
   0.397339E+02   0.952163E-11   0.475131E-09   0.126389E-09   0.301702E-10   0.332829E-09   0.564118E-09
   0.397644E+02   0.111686E-09   0.460762E-09   0.131585E-09   0.133399E-10   0.484067E-09   0.441679E-09
   0.397949E+02   0.207816E-09   0.424022E-09   0.135504E-09  -0.526458E-11   0.594011E-09   0.280566E-09
   0.398254E+02   0.293014E-09   0.366983E-09   0.137337E-09  -0.258707E-10   0.653230E-09   0.939844E-10
   0.398560E+02   0.363050E-09   0.292735E-09   0.136196E-09  -0.482822E-10   0.656366E-09  -0.102688E-09
   0.398865E+02   0.414497E-09   0.205215E-09   0.131331E-09  -0.720304E-10   0.602586E-09  -0.293156E-09
   0.399170E+02   0.444920E-09   0.109054E-09   0.122050E-09  -0.965066E-10   0.495614E-09  -0.461463E-09
   0.399475E+02   0.453067E-09   0.932883E-11   0.107653E-09  -0.120839E-09   0.343527E-09  -0.593171E-09
   0.399780E+02   0.438949E-09  -0.888043E-10   0.876255E-10  -0.143752E-09   0.158283E-09  -0.676566E-09
   0.400085E+02   0.403741E-09  -0.180442E-09   0.619090E-10  -0.163680E-09  -0.451887E-10  -0.703746E-09
   0.400391E+02   0.349627E-09  -0.261126E-09   0.309755E-10  -0.179049E-09  -0.250209E-09  -0.671336E-09
   0.400696E+02   0.279723E-09  -0.326996E-09  -0.429363E-11  -0.188457E-09  -0.439683E-09  -0.580836E-09
   0.401001E+02   0.197971E-09  -0.375036E-09  -0.427158E-10  -0.190686E-09  -0.597547E-09  -0.438597E-09
   0.401306E+02   0.108877E-09  -0.403313E-09  -0.827854E-10  -0.184698E-09  -0.710143E-09  -0.255292E-09
   0.401611E+02   0.171496E-10  -0.411040E-09  -0.122618E-09  -0.169761E-09  -0.767301E-09  -0.450432E-10
   0.401917E+02  -0.725640E-10  -0.398496E-09  -0.160036E-09  -0.145652E-09  -0.763173E-09   0.175656E-09
   0.402222E+02  -0.155850E-09  -0.366968E-09  -0.192784E-09  -0.112744E-09  -0.696741E-09   0.389272E-09
   0.402527E+02  -0.228745E-09  -0.318716E-09  -0.218704E-09  -0.719611E-10  -0.571856E-09   0.578619E-09
   0.402832E+02  -0.288001E-09  -0.256850E-09  -0.235791E-09  -0.247332E-10  -0.396947E-09   0.728085E-09
   0.403137E+02  -0.331292E-09  -0.185070E-09  -0.242303E-09   0.269444E-10  -0.184554E-09   0.824815E-09
   0.403442E+02  -0.357277E-09  -0.107370E-09  -0.236998E-09   0.805257E-10   0.495612E-10   0.859856E-09
   0.403748E+02  -0.365566E-09  -0.277961E-10  -0.219356E-09   0.133112E-09   0.287667E-09   0.828915E-09
   0.404053E+02  -0.356668E-09   0.497350E-10  -0.189640E-09   0.181734E-09   0.511397E-09   0.732684E-09
   0.404358E+02  -0.331939E-09   0.121630E-09  -0.148816E-09   0.223559E-09   0.703068E-09   0.576864E-09
   0.404663E+02  -0.293454E-09   0.184809E-09  -0.984879E-10   0.256000E-09   0.847008E-09   0.371888E-09
   0.404968E+02  -0.243840E-09   0.236832E-09  -0.408603E-10   0.276829E-09   0.930822E-09   0.132310E-09
   0.405273E+02  -0.186109E-09   0.275980E-09   0.213018E-10   0.284338E-09   0.946561E-09  -0.124181E-09
   0.405579E+02  -0.123472E-09   0.301318E-09   0.848005E-10   0.277514E-09   0.891568E-09  -0.378213E-09
   0.405884E+02  -0.591299E-10   0.312703E-09   0.146221E-09   0.256170E-09   0.768685E-09  -0.610419E-09
   0.406189E+02   0.393999E-11   0.310712E-09   0.202185E-09   0.220955E-09   0.585904E-09  -0.802887E-09
   0.406494E+02   0.631239E-10   0.296505E-09   0.249526E-09   0.173269E-09   0.355831E-09  -0.940402E-09
   0.406799E+02   0.116259E-09   0.271699E-09   0.285387E-09   0.115218E-09   0.949015E-10  -0.101164E-08
   0.407104E+02   0.161690E-09   0.238232E-09   0.307396E-09   0.496376E-10  -0.177809E-09  -0.101015E-08
   0.407410E+02   0.198315E-09   0.198238E-09   0.313947E-09  -0.200249E-10  -0.442029E-09  -0.934994E-09
   0.407715E+02   0.225590E-09   0.153876E-09   0.304385E-09  -0.900215E-10  -0.677910E-09  -0.790895E-09
   0.408020E+02   0.243466E-09   0.107182E-09   0.278951E-09  -0.156604E-09  -0.867677E-09  -0.587901E-09
   0.408325E+02   0.252267E-09   0.599868E-10   0.238693E-09  -0.216143E-09  -0.996985E-09  -0.340483E-09
   0.408630E+02   0.252641E-09   0.138224E-10   0.185448E-09  -0.265248E-09  -0.105590E-08  -0.664471E-10
   0.408936E+02   0.245501E-09  -0.298547E-10   0.122091E-09  -0.301002E-09  -0.103963E-08   0.214329E-09
   0.409241E+02   0.231918E-09  -0.702397E-10   0.520034E-10  -0.321328E-09  -0.948962E-09   0.481370E-09
   0.409546E+02   0.212863E-09  -0.106778E-09  -0.209990E-10  -0.325061E-09  -0.790153E-09   0.715126E-09
   0.409851E+02   0.189208E-09  -0.139085E-09  -0.929767E-10  -0.311958E-09  -0.574578E-09   0.898423E-09
   0.410156E+02   0.161775E-09  -0.166936E-09  -0.160022E-09  -0.282660E-09  -0.317866E-09   0.101784E-08
   0.410461E+02   0.131252E-09  -0.190295E-09  -0.218397E-09  -0.238720E-09  -0.386439E-10   0.106470E-08
   0.410767E+02   0.980796E-10  -0.209177E-09  -0.264801E-09  -0.182652E-09   0.242865E-09   0.103563E-08
   0.411072E+02   0.625310E-10  -0.223448E-09  -0.296730E-09  -0.117775E-09   0.506256E-09   0.932806E-09
   0.411377E+02   0.249021E-10  -0.232801E-09  -0.312663E-09  -0.478392E-10   0.732456E-09   0.763782E-09
   0.411682E+02  -0.143960E-10  -0.236853E-09  -0.311986E-09   0.232549E-10   0.905121E-09   0.540944E-09
   0.411987E+02  -0.548790E-10  -0.235222E-09  -0.294962E-09   0.915316E-10   0.101177E-08   0.280603E-09
   0.412292E+02  -0.960218E-10  -0.227462E-09  -0.262891E-09   0.153123E-09   0.104473E-08   0.190541E-11
   0.412598E+02  -0.137133E-09  -0.212982E-09  -0.218099E-09   0.204717E-09   0.100177E-08  -0.274552E-09
   0.412903E+02  -0.177143E-09  -0.191162E-09  -0.163553E-09   0.243864E-09   0.886403E-09  -0.528268E-09
   0.413208E+02  -0.214598E-09  -0.161656E-09  -0.102505E-09   0.268913E-09   0.707675E-09  -0.740421E-09
   0.413513E+02  -0.247899E-09  -0.124523E-09  -0.384434E-10   0.278892E-09   0.479547E-09  -0.895477E-09
   0.413818E+02  -0.275428E-09  -0.801109E-10   0.249088E-10   0.273655E-09   0.219643E-09  -0.982485E-09
   0.414124E+02  -0.295437E-09  -0.290439E-10   0.838647E-10   0.254080E-09  -0.522621E-10  -0.995786E-09
   0.414429E+02  -0.306060E-09   0.275346E-10   0.135207E-09   0.222019E-09  -0.315727E-09  -0.935300E-09
   0.414734E+02  -0.305620E-09   0.878314E-10   0.176451E-09   0.179962E-09  -0.551155E-09  -0.806481E-09
   0.415039E+02  -0.292894E-09   0.149569E-09   0.205807E-09   0.130738E-09  -0.741266E-09  -0.619842E-09
   0.415344E+02  -0.267134E-09   0.210164E-09   0.222101E-09   0.774796E-10  -0.872321E-09  -0.390118E-09
   0.415649E+02  -0.228085E-09   0.266738E-09   0.224944E-09   0.236353E-10  -0.935120E-09  -0.135169E-09
   0.415955E+02  -0.176178E-09   0.316133E-09   0.215012E-09  -0.273262E-10  -0.925671E-09   0.125365E-09
   0.416260E+02  -0.112728E-09   0.355170E-09   0.193957E-09  -0.724422E-10  -0.845454E-09   0.371515E-09
   0.416565E+02  -0.399125E-10   0.381004E-09   0.163992E-09  -0.109499E-09  -0.701374E-09   0.584416E-09
   0.416870E+02   0.394482E-10   0.391329E-09   0.127610E-09  -0.136920E-09  -0.505365E-09   0.747857E-09
   0.417175E+02   0.122028E-09   0.384389E-09   0.875897E-10  -0.153746E-09  -0.273370E-09   0.849678E-09
   0.417480E+02   0.203949E-09   0.359059E-09   0.468787E-10  -0.159828E-09  -0.239486E-10   0.882652E-09
   0.417786E+02   0.280848E-09   0.315171E-09   0.821669E-11  -0.155894E-09   0.223130E-09   0.844901E-09
   0.418091E+02   0.348266E-09   0.253765E-09  -0.261596E-10  -0.143282E-09   0.448314E-09   0.740059E-09
   0.418396E+02   0.402090E-09   0.176990E-09  -0.544960E-10  -0.123664E-09   0.633788E-09   0.577078E-09
   0.418701E+02   0.438717E-09   0.878839E-10  -0.754335E-10  -0.990310E-10   0.764925E-09   0.369588E-09
   0.419006E+02   0.455144E-09  -0.964943E-11  -0.881599E-10  -0.717417E-10   0.831554E-09   0.134844E-09
   0.419312E+02   0.449268E-09  -0.110849E-09  -0.926722E-10  -0.443161E-10   0.828864E-09  -0.107749E-09
   0.419617E+02   0.420252E-09  -0.210388E-09  -0.897751E-10  -0.190124E-10   0.757731E-09  -0.338308E-09
   0.419922E+02   0.368609E-09  -0.302849E-09  -0.807873E-10   0.241909E-11   0.624567E-09  -0.538045E-09
   0.420227E+02   0.296066E-09  -0.383031E-09  -0.673039E-10   0.187010E-10   0.440825E-09  -0.690755E-09
   0.420532E+02   0.205489E-09  -0.446082E-09  -0.511605E-10   0.289964E-10   0.222073E-09  -0.784157E-09
   0.420837E+02   0.100966E-09  -0.487736E-09  -0.343815E-10   0.330263E-10  -0.132747E-10  -0.810898E-09
   0.421143E+02  -0.122608E-10  -0.504773E-09  -0.189652E-10   0.311681E-10  -0.245437E-09  -0.769208E-09
   0.421448E+02  -0.128227E-09  -0.495414E-09  -0.663623E-11   0.243818E-10  -0.455006E-09  -0.663149E-09
   0.421753E+02  -0.240737E-09  -0.459332E-09   0.127634E-11   0.140449E-10  -0.624730E-09  -0.502174E-09
   0.422058E+02  -0.343589E-09  -0.397546E-09   0.387401E-11   0.185136E-11  -0.740928E-09  -0.300098E-09
   0.422363E+02  -0.430724E-09  -0.312525E-09   0.786901E-12  -0.102339E-10  -0.794409E-09  -0.738637E-10
   0.422668E+02  -0.496685E-09  -0.208344E-09  -0.764520E-11  -0.201466E-10  -0.781070E-09   0.157798E-09
   0.422974E+02  -0.537211E-09  -0.904453E-10  -0.203458E-10  -0.260795E-10  -0.702160E-09   0.375759E-09
   0.423279E+02  -0.549539E-09   0.348680E-10  -0.357566E-10  -0.267485E-10  -0.564258E-09   0.561930E-09
   0.423584E+02  -0.532428E-09   0.160828E-09  -0.520872E-10  -0.213652E-10  -0.378901E-09   0.700780E-09
   0.423889E+02  -0.486221E-09   0.280465E-09  -0.673229E-10  -0.959805E-11  -0.161610E-09   0.780777E-09
   0.424194E+02  -0.412946E-09   0.386968E-09  -0.792612E-10   0.823650E-11   0.695225E-10   0.795321E-09
   0.424500E+02  -0.316279E-09   0.474156E-09  -0.858286E-10   0.310176E-10   0.295322E-09   0.743178E-09
   0.424805E+02  -0.201298E-09   0.536905E-09  -0.854434E-10   0.569664E-10   0.497033E-09   0.628563E-09
   0.425110E+02  -0.741506E-10   0.571410E-09  -0.771501E-10   0.839309E-10   0.657820E-09   0.460809E-09
   0.425415E+02   0.582213E-10   0.575349E-09  -0.606106E-10   0.109577E-09   0.764079E-09   0.253670E-09
   0.425720E+02   0.188377E-09   0.548122E-09  -0.361038E-10   0.131500E-09   0.806608E-09   0.243476E-10
   0.426025E+02   0.308877E-09   0.491041E-09  -0.456426E-11   0.147337E-09   0.781575E-09  -0.207889E-09
   0.426331E+02   0.412881E-09   0.407227E-09   0.323639E-10   0.154948E-09   0.690959E-09  -0.423475E-09
   0.426636E+02   0.494524E-09   0.301278E-09   0.723674E-10   0.152686E-09   0.542295E-09  -0.604317E-09
   0.426941E+02   0.549105E-09   0.179037E-09   0.112685E-09   0.139621E-09   0.347942E-09  -0.735307E-09
   0.427246E+02   0.573413E-09   0.474287E-10   0.150352E-09   0.115589E-09   0.123951E-09  -0.805505E-09
   0.427551E+02   0.566090E-09  -0.859813E-10   0.182339E-09   0.812085E-10  -0.111232E-09  -0.808889E-09
   0.427856E+02   0.527714E-09  -0.213586E-09   0.205751E-09   0.379753E-10  -0.338112E-09  -0.744847E-09
   0.428162E+02   0.460640E-09  -0.328200E-09   0.218157E-09  -0.117657E-10  -0.537722E-09  -0.618396E-09
   0.428467E+02   0.368859E-09  -0.423406E-09   0.217839E-09  -0.650359E-10  -0.693325E-09  -0.439808E-09
   0.428772E+02   0.257800E-09  -0.493940E-09   0.203904E-09  -0.118449E-09  -0.791810E-09  -0.223664E-09
   0.429077E+02   0.133998E-09  -0.536037E-09   0.176380E-09  -0.168408E-09  -0.824685E-09   0.123446E-10
   0.429382E+02   0.466863E-11  -0.547650E-09   0.136279E-09  -0.211381E-09  -0.788778E-09   0.248791E-09
   0.429687E+02  -0.122734E-09  -0.528537E-09   0.855227E-10  -0.244190E-09  -0.686516E-09   0.466078E-09
   0.429993E+02  -0.240950E-09  -0.480262E-09   0.267953E-10  -0.264204E-09  -0.525779E-09   0.645970E-09
   0.430298E+02  -0.343345E-09  -0.406105E-09  -0.365776E-10  -0.269490E-09  -0.319411E-09   0.773109E-09
   0.430603E+02  -0.424342E-09  -0.310867E-09  -0.100785E-09  -0.258983E-09  -0.841961E-10   0.836426E-09
   0.430908E+02  -0.479792E-09  -0.200507E-09  -0.161766E-09  -0.232639E-09   0.160627E-09   0.830097E-09
   0.431213E+02  -0.507155E-09  -0.816969E-10  -0.215502E-09  -0.191497E-09   0.394960E-09   0.753920E-09
   0.431519E+02  -0.505551E-09   0.385502E-10  -0.258324E-09  -0.137642E-09   0.599375E-09   0.613301E-09
   0.431824E+02  -0.475832E-09   0.153240E-09  -0.287193E-09  -0.740779E-10   0.756606E-09   0.418877E-09
   0.432129E+02  -0.420563E-09   0.255871E-09  -0.299920E-09  -0.453225E-11   0.852868E-09   0.185792E-09
   0.432434E+02  -0.343791E-09   0.340886E-09  -0.295341E-09   0.667828E-10   0.879055E-09  -0.672978E-10
   0.432739E+02  -0.250710E-09   0.403971E-09  -0.273433E-09   0.135483E-09   0.831728E-09  -0.319678E-09
   0.433044E+02  -0.147334E-09   0.442262E-09  -0.235275E-09   0.197340E-09   0.713515E-09  -0.550377E-09
   0.433350E+02  -0.400995E-10   0.454519E-09  -0.182928E-09   0.248518E-09   0.532887E-09  -0.739885E-09
   0.433655E+02   0.646012E-10   0.441156E-09  -0.119329E-09   0.285743E-09   0.303585E-09  -0.871695E-09
   0.433960E+02   0.160840E-09   0.404089E-09  -0.482021E-10   0.306504E-09   0.436459E-10  -0.933747E-09
   0.434265E+02   0.243444E-09   0.346519E-09   0.261267E-10   0.309292E-09  -0.226040E-09  -0.919541E-09
   0.434570E+02   0.308220E-09   0.272729E-09   0.990160E-10   0.293779E-09  -0.483415E-09  -0.828750E-09
   0.434875E+02   0.352200E-09   0.187850E-09   0.165878E-09   0.260894E-09  -0.707065E-09  -0.667376E-09
   0.435181E+02   0.373862E-09   0.975273E-10   0.222549E-09   0.212743E-09  -0.878063E-09  -0.447323E-09
   0.435486E+02   0.373213E-09   0.745377E-11   0.265601E-09   0.152410E-09  -0.981544E-09  -0.185401E-09
   0.435791E+02   0.351663E-09  -0.770380E-10   0.292526E-09   0.836823E-10  -0.100787E-08   0.979877E-10
   0.436096E+02   0.311842E-09  -0.151276E-09   0.301823E-09   0.107936E-10  -0.953472E-09   0.380417E-09
   0.436401E+02   0.257398E-09  -0.211528E-09   0.293040E-09  -0.617815E-10  -0.821211E-09   0.639237E-09
   0.436707E+02   0.192672E-09  -0.255239E-09   0.266858E-09  -0.129549E-09  -0.620175E-09   0.853356E-09
   0.437012E+02   0.122311E-09  -0.281107E-09   0.225124E-09  -0.188324E-09  -0.365073E-09   0.100492E-08
   0.437317E+02   0.509543E-10  -0.289032E-09   0.170690E-09  -0.234598E-09  -0.751219E-10   0.108083E-08
   0.437622E+02  -0.170207E-10  -0.280056E-09   0.107137E-09  -0.265725E-09   0.227511E-09   0.107380E-08
   0.437927E+02  -0.777811E-10  -0.256265E-09   0.385554E-10  -0.280008E-09   0.519388E-09   0.982885E-09
   0.438232E+02  -0.128313E-09  -0.220595E-09  -0.306296E-10  -0.276823E-09   0.777519E-09   0.813646E-09
   0.438538E+02  -0.166617E-09  -0.176531E-09  -0.959767E-10  -0.256740E-09   0.981165E-09   0.577890E-09
   0.438843E+02  -0.191776E-09  -0.127747E-09  -0.153392E-09  -0.221466E-09   0.111351E-08   0.292848E-09
   0.439148E+02  -0.203854E-09  -0.778037E-10  -0.199388E-09  -0.173672E-09   0.116310E-08  -0.200620E-10
   0.439453E+02  -0.203779E-09  -0.299636E-10  -0.231301E-09  -0.116847E-09   0.112490E-08  -0.336882E-09
   0.439758E+02  -0.193266E-09   0.129897E-10  -0.247536E-09  -0.550496E-10   0.100077E-08  -0.633089E-09
   0.440063E+02  -0.174653E-09   0.490018E-10  -0.247712E-09   0.748680E-11   0.799429E-09  -0.885589E-09
   0.440369E+02  -0.150582E-09   0.768811E-10  -0.232546E-09   0.667764E-10   0.535670E-09  -0.107458E-08
   0.440674E+02  -0.123719E-09   0.962462E-10  -0.203580E-09   0.119278E-09   0.229232E-09  -0.118514E-08
   0.440979E+02  -0.965858E-10   0.107449E-09  -0.163033E-09   0.161879E-09  -0.968308E-10  -0.120836E-08
   0.441284E+02  -0.713890E-10   0.111529E-09  -0.113886E-09   0.191981E-09  -0.417806E-09  -0.114189E-08
   0.441589E+02  -0.498149E-10   0.110097E-09  -0.598509E-10   0.207861E-09  -0.709127E-09  -0.990362E-09
   0.441895E+02  -0.328672E-10   0.105141E-09  -0.496372E-11   0.208997E-09  -0.948355E-09  -0.765120E-09
   0.442200E+02  -0.207720E-10   0.987650E-10   0.469017E-10   0.195978E-09  -0.111710E-08  -0.483451E-09
   0.442505E+02  -0.130160E-10   0.928891E-10   0.921931E-10   0.170272E-09  -0.120261E-08  -0.167160E-09
   0.442810E+02  -0.850697E-11   0.890456E-10   0.127748E-09   0.134257E-09  -0.119887E-08   0.159309E-09
   0.443115E+02  -0.570842E-11   0.882634E-10   0.151184E-09   0.912763E-10  -0.110702E-08   0.471023E-09
   0.443420E+02  -0.278859E-11   0.908994E-10   0.161378E-09   0.452547E-10  -0.934958E-09   0.744563E-09
   0.443726E+02   0.205742E-11   0.965293E-10   0.158525E-09   0.527872E-13  -0.696628E-09   0.959752E-09
   0.444031E+02   0.102828E-10   0.104100E-09   0.143796E-09  -0.409363E-10  -0.410825E-09   0.110108E-08
   0.444336E+02   0.229785E-10   0.112097E-09   0.119068E-09  -0.748398E-10  -0.997976E-10   0.115880E-08
   0.444641E+02   0.405452E-10   0.118844E-09   0.868480E-10  -0.993355E-10   0.212361E-09   0.112966E-08
   0.444946E+02   0.630018E-10   0.122230E-09   0.502474E-10  -0.112915E-09   0.501651E-09   0.101738E-08
   0.445251E+02   0.894781E-10   0.120182E-09   0.125975E-10  -0.115095E-09   0.746255E-09   0.832231E-09
   0.445557E+02   0.118354E-09   0.110979E-09  -0.229444E-10  -0.106302E-09   0.928323E-09   0.590078E-09
   0.445862E+02   0.147476E-09   0.934645E-10  -0.534819E-10  -0.876309E-10   0.103527E-08   0.310918E-09
   0.446167E+02   0.174353E-09   0.671197E-10  -0.763415E-10  -0.608966E-10   0.106063E-08   0.172277E-10
   0.446472E+02   0.196263E-09   0.321130E-10  -0.893826E-10  -0.288026E-10   0.100438E-08  -0.267787E-09
   0.446777E+02   0.210389E-09  -0.105335E-10  -0.915052E-10   0.530891E-11   0.872896E-09  -0.521873E-09
   0.447083E+02   0.214173E-09  -0.588142E-10  -0.827785E-10   0.380409E-10   0.678606E-09  -0.725465E-09
   0.447388E+02   0.205739E-09  -0.109914E-09  -0.641852E-10   0.663065E-10   0.439036E-09  -0.863468E-09
   0.447693E+02   0.184039E-09  -0.160560E-09  -0.374446E-10   0.873992E-10   0.175216E-09  -0.926632E-09
   0.447998E+02   0.148828E-09  -0.207176E-09  -0.501004E-11   0.991271E-10  -0.903037E-10  -0.912299E-09
   0.448303E+02   0.100827E-09  -0.245952E-09   0.300409E-10   0.100103E-09  -0.335523E-09  -0.824429E-09
   0.448608E+02   0.419624E-10  -0.273183E-09   0.643325E-10   0.899580E-10  -0.540854E-09  -0.672933E-09
   0.448914E+02  -0.247191E-10  -0.285781E-09   0.945571E-10   0.693437E-10  -0.690504E-09  -0.472626E-09
   0.449219E+02  -0.953783E-10  -0.281559E-09   0.117728E-09   0.398155E-10  -0.773587E-09  -0.242064E-09
   0.449524E+02  -0.165624E-09  -0.259317E-09   0.131372E-09   0.375158E-11  -0.785067E-09  -0.205986E-11
   0.449829E+02  -0.230669E-09  -0.218989E-09   0.133807E-09  -0.357555E-10  -0.726188E-09   0.226160E-09
   0.450134E+02  -0.285634E-09  -0.161865E-09   0.124420E-09  -0.752179E-10  -0.604279E-09   0.422819E-09
   0.450439E+02  -0.326032E-09  -0.906409E-10   0.103687E-09  -0.111219E-09  -0.432030E-09   0.571292E-09
   0.450745E+02  -0.348196E-09  -0.920170E-11   0.729362E-10  -0.140704E-09  -0.226278E-09   0.659487E-09
   0.451050E+02  -0.349519E-09   0.776735E-10   0.341784E-10  -0.161021E-09  -0.651501E-11   0.680777E-09
   0.451355E+02  -0.328618E-09   0.164530E-09  -0.985889E-11  -0.170011E-09   0.206764E-09   0.634515E-09
   0.451660E+02  -0.285582E-09   0.245506E-09  -0.557597E-10  -0.166321E-09   0.393858E-09   0.526100E-09
   0.451965E+02  -0.222148E-09   0.314812E-09  -0.997504E-10  -0.149735E-09   0.537611E-09   0.366416E-09
   0.452271E+02  -0.141580E-09   0.367266E-09  -0.138179E-09  -0.121207E-09   0.624814E-09   0.170823E-09
   0.452576E+02  -0.483093E-10   0.398616E-09  -0.167853E-09  -0.826689E-10   0.647298E-09  -0.420991E-10
   0.452881E+02   0.519263E-10   0.405775E-09  -0.186237E-09  -0.368467E-10   0.602729E-09  -0.252138E-09
   0.453186E+02   0.152844E-09   0.387148E-09  -0.191594E-09   0.129078E-10   0.494830E-09  -0.439261E-09
   0.453491E+02   0.247694E-09   0.342875E-09  -0.183208E-09   0.628336E-10   0.333039E-09  -0.585329E-09
   0.453796E+02   0.329894E-09   0.274913E-09  -0.161477E-09   0.109124E-09   0.131782E-09  -0.675642E-09
   0.454102E+02   0.393519E-09   0.186901E-09  -0.127817E-09   0.148286E-09  -0.906650E-10  -0.700266E-09
   0.454407E+02   0.433683E-09   0.839355E-10  -0.844398E-10   0.177339E-09  -0.313645E-09  -0.655038E-09
   0.454712E+02   0.446892E-09  -0.276879E-10  -0.342288E-10   0.193866E-09  -0.515915E-09  -0.542186E-09
   0.455017E+02   0.431368E-09  -0.140854E-09   0.192554E-10   0.196159E-09  -0.677710E-09  -0.370314E-09
   0.455322E+02   0.387203E-09  -0.248117E-09   0.718735E-10   0.183552E-09  -0.782655E-09  -0.153577E-09
   0.455627E+02   0.316512E-09  -0.342259E-09   0.119429E-09   0.156765E-09  -0.819148E-09   0.896124E-10
   0.455933E+02   0.223124E-09  -0.416680E-09   0.158150E-09   0.117684E-09  -0.781353E-09   0.338048E-09
   0.456238E+02   0.112552E-09  -0.465879E-09   0.184969E-09   0.690704E-10  -0.669889E-09   0.569462E-09
   0.456543E+02  -0.835470E-11  -0.486023E-09   0.197613E-09   0.143598E-10  -0.491942E-09   0.762495E-09
   0.456848E+02  -0.131866E-09  -0.475085E-09   0.194690E-09  -0.424197E-10  -0.260769E-09   0.898625E-09
   0.457153E+02  -0.249953E-09  -0.432984E-09   0.175932E-09  -0.968576E-10   0.538937E-11   0.963864E-09
   0.457458E+02  -0.354705E-09  -0.361949E-09   0.142419E-09  -0.144609E-09   0.284868E-09   0.950016E-09
   0.457764E+02  -0.439011E-09  -0.266110E-09   0.963568E-10  -0.181693E-09   0.554349E-09   0.855377E-09
   0.458069E+02  -0.497065E-09  -0.151346E-09   0.410601E-10  -0.204834E-09   0.790714E-09   0.685013E-09
   0.458374E+02  -0.524660E-09  -0.248285E-10  -0.192634E-10  -0.211776E-09   0.972998E-09   0.450522E-09
   0.458679E+02  -0.519661E-09   0.105296E-09  -0.798644E-10  -0.201684E-09   0.108422E-08   0.169188E-09
   0.458984E+02  -0.482086E-09   0.230474E-09  -0.136030E-09  -0.175126E-09   0.111288E-08  -0.137337E-09
   0.459290E+02  -0.414135E-09   0.342577E-09  -0.183530E-09  -0.133848E-09   0.105406E-08  -0.444744E-09
   0.459595E+02  -0.320196E-09   0.434328E-09  -0.218810E-09  -0.805649E-10   0.909977E-09  -0.728110E-09
   0.459900E+02  -0.206129E-09   0.499767E-09  -0.238913E-09  -0.186643E-10   0.689830E-09  -0.963936E-09
   0.460205E+02  -0.792064E-10   0.534530E-09  -0.241720E-09   0.476066E-10   0.409200E-09  -0.113198E-08
   0.460510E+02   0.522956E-10   0.536238E-09  -0.226369E-09   0.113383E-09   0.890295E-10  -0.121702E-08
   0.460815E+02   0.179762E-09   0.504853E-09  -0.193442E-09   0.173704E-09  -0.245962E-09  -0.121028E-08
   0.461121E+02   0.294808E-09   0.442500E-09  -0.144801E-09   0.223936E-09  -0.569300E-09  -0.111044E-08
   0.461426E+02   0.389936E-09   0.353479E-09  -0.835650E-10   0.260009E-09  -0.855077E-09  -0.923852E-09
   0.461731E+02   0.458987E-09   0.243766E-09  -0.139318E-10   0.278796E-09  -0.108025E-08  -0.664036E-09
   0.462036E+02   0.497501E-09   0.120920E-09   0.591055E-10   0.278519E-09  -0.122647E-08  -0.350380E-09
   0.462341E+02   0.503332E-09  -0.655248E-11   0.130332E-09   0.258890E-09  -0.128137E-08  -0.666594E-11
   0.462646E+02   0.476730E-09  -0.130073E-09   0.194730E-09   0.220939E-09  -0.123962E-08   0.340620E-09
   0.462952E+02   0.420046E-09  -0.241575E-09   0.247627E-09   0.166870E-09  -0.110353E-08   0.664327E-09
   0.463257E+02   0.337509E-09  -0.333894E-09   0.284907E-09   0.100102E-09  -0.883013E-09   0.938845E-09
   0.463562E+02   0.235113E-09  -0.400996E-09   0.303447E-09   0.252654E-10  -0.595003E-09   0.114229E-08
   0.463867E+02   0.120407E-09  -0.438909E-09   0.301718E-09  -0.521207E-10  -0.262049E-09   0.125850E-08
   0.464172E+02   0.137116E-11  -0.445822E-09   0.279842E-09  -0.126572E-09   0.896589E-10   0.127843E-08
   0.464478E+02  -0.113930E-09  -0.421984E-09   0.239330E-09  -0.192954E-09   0.432536E-09   0.120083E-08
   0.464783E+02  -0.217748E-09  -0.369570E-09   0.182850E-09  -0.246662E-09   0.739872E-09   0.103220E-08
   0.465088E+02  -0.303036E-09  -0.292744E-09   0.114224E-09  -0.283803E-09   0.987932E-09   0.786179E-09
   0.465393E+02  -0.364155E-09  -0.197554E-09   0.383366E-10  -0.301625E-09   0.115769E-08   0.482374E-09
   0.465698E+02  -0.397566E-09  -0.912513E-10  -0.393204E-10  -0.298907E-09   0.123629E-08   0.144980E-09
   0.466003E+02  -0.401662E-09   0.183918E-10  -0.113165E-09  -0.276007E-09   0.121825E-08  -0.199109E-09
   0.466309E+02  -0.376969E-09   0.123658E-09  -0.178014E-09  -0.234747E-09   0.110595E-08  -0.522608E-09
   0.466614E+02  -0.325954E-09   0.217143E-09  -0.229345E-09  -0.178240E-09   0.909368E-09  -0.800162E-09
   0.466919E+02  -0.253073E-09   0.292436E-09  -0.263652E-09  -0.110726E-09   0.645101E-09  -0.101037E-08
   0.467224E+02  -0.164338E-09   0.344766E-09  -0.278698E-09  -0.371608E-10   0.334951E-09  -0.113743E-08
   0.467529E+02  -0.665083E-10   0.371267E-09  -0.273693E-09   0.370769E-10   0.416601E-11  -0.117225E-08
   0.467834E+02   0.332993E-10   0.370829E-09  -0.249273E-09   0.106621E-09  -0.320488E-09  -0.111318E-08
   0.468140E+02   0.127909E-09   0.344233E-09  -0.207503E-09   0.166458E-09  -0.612891E-09  -0.966216E-09
   0.468445E+02   0.210476E-09   0.294107E-09  -0.151752E-09   0.212307E-09  -0.849769E-09  -0.744518E-09
   0.468750E+02   0.275459E-09   0.225113E-09  -0.864416E-10   0.241057E-09  -0.101261E-08  -0.467258E-09
   0.469055E+02   0.318935E-09   0.142877E-09  -0.165563E-10   0.250930E-09  -0.108919E-08  -0.158051E-09
   0.469360E+02   0.338641E-09   0.537096E-10   0.526410E-10   0.241528E-09  -0.107466E-08   0.157102E-09
   0.469666E+02   0.333926E-09  -0.357753E-10   0.115974E-09   0.213861E-09  -0.971786E-09   0.452093E-09
   0.469971E+02   0.305991E-09  -0.118965E-09   0.168717E-09   0.170335E-09  -0.790605E-09   0.702855E-09
   0.470276E+02   0.257971E-09  -0.189968E-09   0.207045E-09   0.114596E-09  -0.547520E-09   0.889297E-09
   0.470581E+02   0.194249E-09  -0.244086E-09   0.228322E-09   0.511242E-10  -0.263886E-09   0.996936E-09
   0.470886E+02   0.120339E-09  -0.278160E-09   0.231239E-09  -0.151190E-10   0.357707E-10   0.101805E-08
   0.471191E+02   0.423065E-10  -0.290608E-09   0.215820E-09  -0.789909E-10   0.325822E-09   0.952396E-09
   0.471497E+02  -0.335833E-10  -0.281688E-09   0.183549E-09  -0.135483E-09   0.581880E-09   0.807188E-09
   0.471802E+02  -0.101563E-09  -0.253553E-09   0.137353E-09  -0.180254E-09   0.782971E-09   0.596259E-09
   0.472107E+02  -0.157019E-09  -0.209835E-09   0.812274E-10  -0.210114E-09   0.913137E-09   0.338624E-09
   0.472412E+02  -0.196705E-09  -0.155049E-09   0.197203E-10  -0.223181E-09   0.962545E-09   0.568743E-10
   0.472717E+02  -0.218756E-09  -0.942971E-10  -0.424084E-10  -0.218808E-09   0.928213E-09  -0.224642E-09
   0.473022E+02  -0.222645E-09  -0.328175E-10  -0.100386E-09  -0.197541E-09   0.814258E-09  -0.481774E-09
   0.473328E+02  -0.209594E-09   0.241058E-10  -0.149659E-09  -0.161255E-09   0.631652E-09  -0.692590E-09
   0.473633E+02  -0.182262E-09   0.720308E-10  -0.186367E-09  -0.113124E-09   0.397349E-09  -0.839424E-09
   0.473938E+02  -0.144309E-09   0.107621E-09  -0.207801E-09  -0.573211E-10   0.132639E-09  -0.910536E-09
   0.474243E+02  -0.100057E-09   0.128688E-09  -0.212620E-09   0.145294E-11  -0.138921E-09  -0.901046E-09
   0.474548E+02  -0.543230E-10   0.134354E-09  -0.200861E-09   0.583910E-10  -0.393673E-09  -0.813140E-09
   0.474854E+02  -0.120048E-10   0.125310E-09  -0.173903E-09   0.108929E-09  -0.609854E-09  -0.655596E-09
   0.475159E+02   0.225476E-10   0.103790E-09  -0.134353E-09   0.149139E-09  -0.769192E-09  -0.442859E-09
   0.475464E+02   0.460092E-10   0.731916E-10  -0.857520E-10   0.176045E-09  -0.858187E-09  -0.193993E-09
   0.475769E+02   0.562614E-10   0.376575E-10  -0.322471E-10   0.187768E-09  -0.869388E-09   0.686311E-10
   0.476074E+02   0.524935E-10   0.178063E-11   0.216522E-10   0.183596E-09  -0.802379E-09   0.321279E-09
   0.476379E+02   0.353709E-10  -0.297371E-10   0.713509E-10   0.164114E-09  -0.663947E-09   0.541187E-09
   0.476685E+02   0.708620E-11  -0.526207E-10   0.112585E-09   0.131255E-09  -0.467373E-09   0.708790E-09
   0.476990E+02  -0.289017E-10  -0.635347E-10   0.141856E-09   0.881094E-10  -0.231025E-09   0.809490E-09
   0.477295E+02  -0.683372E-10  -0.604361E-10   0.156763E-09   0.386447E-10   0.233989E-10   0.834782E-09
   0.477600E+02  -0.106450E-09  -0.425690E-10   0.156067E-09  -0.127181E-10   0.272722E-09   0.782855E-09
   0.477905E+02  -0.138340E-09  -0.107222E-10   0.139808E-09  -0.613137E-10   0.494205E-09   0.658772E-09
   0.478210E+02  -0.159514E-09   0.327316E-10   0.109415E-09  -0.102598E-09   0.667550E-09   0.474130E-09
   0.478516E+02  -0.166430E-09   0.840886E-10   0.676626E-10  -0.132631E-09   0.776751E-09   0.246122E-09
   0.478821E+02  -0.156806E-09   0.138736E-09   0.183676E-10  -0.148504E-09   0.811670E-09  -0.393633E-11
   0.479126E+02  -0.129748E-09   0.191516E-09  -0.340061E-10  -0.148543E-09   0.769122E-09  -0.252632E-09
   0.479431E+02  -0.858821E-10   0.237054E-09  -0.847081E-10  -0.132398E-09   0.653115E-09  -0.476774E-09
   0.479736E+02  -0.274681E-10   0.270186E-09  -0.129055E-09  -0.101066E-09   0.474291E-09  -0.655491E-09
   0.480042E+02   0.416477E-10   0.286505E-09  -0.162787E-09  -0.568227E-10   0.248914E-09  -0.771936E-09
   0.480347E+02   0.116334E-09   0.282873E-09  -0.182379E-09  -0.308005E-11  -0.246351E-11  -0.814682E-09
   0.480652E+02   0.190626E-09   0.257751E-09  -0.185338E-09   0.557991E-10  -0.256636E-09  -0.778776E-09
   0.480957E+02   0.258194E-09   0.211386E-09  -0.170495E-09   0.114783E-09  -0.489720E-09  -0.666405E-09
   0.481262E+02   0.312869E-09   0.145911E-09  -0.138227E-09   0.168592E-09  -0.679403E-09  -0.486892E-09
   0.481567E+02   0.349245E-09   0.652642E-10  -0.905104E-10   0.212238E-09  -0.807056E-09  -0.255867E-09
   0.481873E+02   0.363211E-09  -0.251351E-10  -0.307124E-10   0.241542E-09  -0.859399E-09   0.608454E-11
   0.482178E+02   0.352299E-09  -0.118841E-09   0.367965E-10   0.253468E-09  -0.829770E-09   0.275140E-09
   0.482483E+02   0.315890E-09  -0.208857E-09   0.107000E-09   0.246249E-09  -0.718889E-09   0.526347E-09
   0.482788E+02   0.255307E-09  -0.288140E-09   0.174516E-09   0.219483E-09  -0.534878E-09   0.735876E-09
   0.483093E+02   0.173804E-09  -0.350097E-09   0.233918E-09   0.174243E-09  -0.292657E-09   0.883131E-09
   0.483398E+02   0.764409E-10  -0.389121E-09   0.280130E-09   0.113117E-09  -0.127846E-10   0.952646E-09
   0.483704E+02  -0.302118E-10  -0.401092E-09   0.308880E-09   0.401482E-10   0.280261E-09   0.935601E-09
   0.484009E+02  -0.138506E-09  -0.383783E-09   0.317191E-09  -0.394066E-10   0.560178E-09   0.830767E-09
   0.484314E+02  -0.240235E-09  -0.337153E-09   0.303778E-09  -0.119562E-09   0.801203E-09   0.644824E-09
   0.484619E+02  -0.327284E-09  -0.263546E-09   0.269180E-09  -0.194230E-09   0.980518E-09   0.391844E-09
   0.484924E+02  -0.392404E-09  -0.167632E-09   0.215622E-09  -0.257767E-09   0.108023E-08   0.920429E-10
   0.485229E+02  -0.429893E-09  -0.560085E-10   0.146752E-09  -0.305419E-09   0.108884E-08  -0.229786E-09
   0.485535E+02  -0.436143E-09   0.633274E-10   0.673668E-10  -0.333498E-09   0.100251E-08  -0.546149E-09
   0.485840E+02  -0.409769E-09   0.181671E-09  -0.168985E-10  -0.339771E-09   0.825726E-09  -0.829292E-09
   0.486145E+02  -0.351796E-09   0.290155E-09  -0.998725E-10  -0.323606E-09   0.571018E-09  -0.105380E-08
   0.486450E+02  -0.265641E-09   0.380396E-09  -0.175421E-09  -0.286179E-09   0.257875E-09  -0.119892E-08
   0.486755E+02  -0.156952E-09   0.445149E-09  -0.237977E-09  -0.230381E-09  -0.889791E-10  -0.125030E-08
   0.487061E+02  -0.332052E-10   0.478932E-09  -0.283041E-09  -0.160572E-09  -0.441640E-09  -0.120117E-08
   0.487366E+02   0.968610E-10   0.478436E-09  -0.307571E-09  -0.821843E-10  -0.771192E-09  -0.105291E-08
   0.487671E+02   0.223837E-09   0.442776E-09  -0.310207E-09  -0.120491E-11  -0.105005E-08  -0.815145E-09
   0.487976E+02   0.338290E-09   0.373647E-09  -0.291271E-09   0.763355E-10  -0.125433E-08  -0.505066E-09
   0.488281E+02   0.431514E-09   0.275269E-09  -0.252657E-09   0.144757E-09  -0.136585E-08  -0.146065E-09
   0.488586E+02   0.496190E-09   0.154068E-09  -0.197710E-09   0.199097E-09  -0.137368E-08   0.234062E-09
   0.488892E+02   0.526861E-09   0.182461E-10  -0.131028E-09   0.235436E-09  -0.127520E-08   0.605315E-09
   0.489197E+02   0.520370E-09  -0.122666E-09  -0.581672E-10   0.251308E-09  -0.107647E-08   0.938045E-09
   0.489502E+02   0.476259E-09  -0.258432E-09   0.148236E-10   0.245930E-09  -0.791711E-09   0.120542E-08
   0.489807E+02   0.396977E-09  -0.378940E-09   0.819470E-10   0.220271E-09  -0.442211E-09   0.138558E-08
   0.490112E+02   0.287752E-09  -0.475112E-09   0.137728E-09   0.176912E-09  -0.546790E-10   0.146351E-08
   0.490417E+02   0.156106E-09  -0.539684E-09   0.177565E-09   0.119875E-09   0.340906E-09   0.143233E-08
   0.490723E+02   0.112117E-10  -0.567694E-09   0.198144E-09   0.544380E-10   0.713826E-09   0.129397E-08
   0.491028E+02  -0.136750E-09  -0.556788E-09   0.197879E-09  -0.132810E-10   0.103524E-08   0.105894E-08
   0.491333E+02  -0.277286E-09  -0.507439E-09   0.177147E-09  -0.769616E-10   0.128047E-08   0.745290E-09
   0.491638E+02  -0.400403E-09  -0.422952E-09   0.138189E-09  -0.130745E-09   0.143078E-08   0.377194E-09
   0.491943E+02  -0.497377E-09  -0.309194E-09   0.848697E-10  -0.169779E-09   0.147490E-08  -0.168034E-10
   0.492249E+02  -0.561353E-09  -0.174166E-09   0.221953E-10  -0.190603E-09   0.141015E-08  -0.406052E-09
   0.492554E+02  -0.587890E-09  -0.274537E-10  -0.441225E-10  -0.191313E-09   0.124276E-08  -0.760534E-09
   0.492859E+02  -0.575345E-09   0.120521E-09  -0.108069E-09  -0.171679E-09   0.987184E-09  -0.105352E-08
   0.493164E+02  -0.524956E-09   0.259347E-09  -0.163809E-09  -0.133201E-09   0.664550E-09  -0.126369E-08
   0.493469E+02  -0.440673E-09   0.379373E-09  -0.206196E-09  -0.789493E-10   0.300797E-09  -0.137661E-08
   0.493774E+02  -0.328867E-09   0.472360E-09  -0.231109E-09  -0.132663E-10  -0.753522E-10  -0.138562E-08
   0.494080E+02  -0.197913E-09   0.532081E-09  -0.235687E-09   0.584679E-10  -0.434598E-09  -0.129238E-08
   0.494385E+02  -0.575852E-10   0.554858E-09  -0.218646E-09   0.130140E-09  -0.749432E-09  -0.110668E-08
   0.494690E+02   0.817471E-10   0.539902E-09  -0.180569E-09   0.195326E-09  -0.996383E-09  -0.845648E-09
   0.494995E+02   0.210019E-09   0.489321E-09  -0.123991E-09   0.247980E-09  -0.115801E-08  -0.532350E-09
   0.495300E+02   0.318252E-09   0.407840E-09  -0.531798E-10   0.283073E-09  -0.122449E-08  -0.193665E-09
   0.495605E+02   0.399177E-09   0.302369E-09   0.263415E-10   0.297074E-09  -0.119431E-08   0.142320E-09
   0.495911E+02   0.447739E-09   0.181455E-09   0.108321E-09   0.288148E-09  -0.107394E-08   0.448796E-09
   0.496216E+02   0.461446E-09   0.545897E-10   0.186226E-09   0.256226E-09  -0.876906E-09   0.702261E-09
   0.496521E+02   0.440466E-09  -0.685185E-10   0.253684E-09   0.203044E-09  -0.622649E-09   0.884203E-09
   0.496826E+02   0.387574E-09  -0.178616E-09   0.304967E-09   0.132066E-09  -0.334939E-09   0.982557E-09
   0.497131E+02   0.307996E-09  -0.267578E-09   0.335473E-09   0.482723E-10  -0.398797E-10   0.992823E-09
   0.497437E+02   0.209062E-09  -0.329106E-09   0.342091E-09  -0.421525E-10   0.236586E-09   0.918477E-09
   0.497742E+02   0.995571E-10  -0.359355E-09   0.323607E-09  -0.132281E-09   0.471107E-09   0.770359E-09
   0.498047E+02  -0.111529E-10  -0.357222E-09   0.280867E-09  -0.215095E-09   0.644808E-09   0.565446E-09
   0.498352E+02  -0.113957E-09  -0.324299E-09   0.216641E-09  -0.284142E-09   0.744797E-09   0.325368E-09
   0.498657E+02  -0.200710E-09  -0.264616E-09   0.135283E-09  -0.333960E-09   0.765385E-09   0.744603E-10
   0.498962E+02  -0.264835E-09  -0.184245E-09   0.424602E-10  -0.360336E-09   0.708594E-09  -0.162655E-09
   0.499268E+02  -0.301797E-09  -0.907670E-10  -0.550651E-10  -0.360642E-09   0.583743E-09  -0.363476E-09
   0.499573E+02  -0.309402E-09   0.734442E-11  -0.149863E-09  -0.334230E-09   0.406327E-09  -0.509661E-09
   0.499878E+02  -0.287990E-09   0.101391E-09  -0.234510E-09  -0.282673E-09   0.196426E-09  -0.588529E-09
   0.500183E+02  -0.240402E-09   0.183214E-09  -0.302285E-09  -0.209614E-09  -0.230848E-10  -0.594103E-09
