   0.000000E+00   0.895410E-12   0.514211E-13   0.190930E-12
   0.100000E+01  -0.327731E-10  -0.152638E-11  -0.812846E-11
   0.200000E+01  -0.351505E-10  -0.191529E-11  -0.802879E-11
   0.300000E+01  -0.124214E-10  -0.131915E-11  -0.122344E-11
   0.400000E+01  -0.329810E-13  -0.104215E-11   0.268513E-11
   0.500000E+01  -0.181254E-10  -0.183963E-11  -0.171996E-11
   0.600000E+01  -0.477323E-10  -0.303549E-11  -0.925940E-11
   0.700000E+01  -0.565358E-10  -0.346688E-11  -0.111828E-10
   0.800000E+01  -0.397006E-10  -0.297193E-11  -0.623348E-11
   0.900000E+01  -0.239129E-10  -0.251593E-11  -0.168575E-11
   0.100000E+02  -0.316879E-10  -0.288146E-11  -0.362190E-11
   0.110000E+02  -0.533559E-10  -0.368243E-11  -0.936071E-11
   0.120000E+02  -0.617100E-10  -0.394537E-11  -0.114984E-10
   0.130000E+02  -0.479544E-10  -0.341256E-11  -0.768595E-11
   0.140000E+02  -0.316677E-10  -0.283562E-11  -0.328199E-11
   0.150000E+02  -0.336806E-10  -0.293618E-11  -0.393151E-11
   0.160000E+02  -0.491586E-10  -0.346535E-11  -0.826715E-11
   0.170000E+02  -0.556531E-10  -0.358842E-11  -0.101606E-10
   0.180000E+02  -0.434890E-10  -0.301956E-11  -0.701043E-11
   0.190000E+02  -0.275865E-10  -0.237349E-11  -0.291357E-11
   0.200000E+02  -0.264252E-10  -0.230930E-11  -0.288934E-11
   0.210000E+02  -0.376337E-10  -0.265763E-11  -0.624514E-11
   0.220000E+02  -0.424159E-10  -0.268850E-11  -0.783770E-11
   0.230000E+02  -0.313372E-10  -0.211146E-11  -0.512094E-11
   0.240000E+02  -0.162863E-10  -0.144535E-11  -0.136668E-11
   0.250000E+02  -0.135823E-10  -0.129350E-11  -0.101372E-11
   0.260000E+02  -0.221417E-10  -0.153824E-11  -0.372416E-11
   0.270000E+02  -0.259090E-10  -0.153293E-11  -0.509635E-11
   0.280000E+02  -0.160610E-10  -0.993145E-12  -0.274373E-11
   0.290000E+02  -0.244425E-11  -0.366393E-12   0.619274E-12
   0.300000E+02   0.451712E-12  -0.206702E-12   0.104791E-11
   0.310000E+02  -0.697029E-11  -0.431540E-12  -0.130857E-11
   0.320000E+02  -0.107258E-10  -0.461615E-12  -0.261155E-11
   0.330000E+02  -0.266847E-11  -0.214887E-13  -0.657087E-12
   0.340000E+02   0.881588E-11   0.498796E-12   0.223658E-11
   0.350000E+02   0.107706E-10   0.589317E-12   0.253807E-11
   0.360000E+02   0.322365E-11   0.305493E-12   0.292372E-12
   0.370000E+02  -0.146598E-11   0.168064E-12  -0.110486E-11
   0.380000E+02   0.422565E-11   0.444703E-12   0.376706E-12
   0.390000E+02   0.131238E-10   0.804824E-12   0.273625E-11
   0.400000E+02   0.137464E-10   0.796677E-12   0.282792E-11
   0.410000E+02   0.606082E-11   0.468916E-12   0.670622E-12
   0.420000E+02   0.110018E-11   0.289860E-12  -0.698496E-12
   0.430000E+02   0.561554E-11   0.499745E-12   0.549807E-12
   0.440000E+02   0.131267E-10   0.794698E-12   0.260994E-11
   0.450000E+02   0.132439E-10   0.759943E-12   0.263202E-11
   0.460000E+02   0.593311E-11   0.438739E-12   0.630641E-12
   0.470000E+02   0.119292E-11   0.259582E-12  -0.637886E-12
   0.480000E+02   0.511563E-11   0.441431E-12   0.482526E-12
   0.490000E+02   0.117492E-10   0.702458E-12   0.233591E-11
   0.500000E+02   0.116139E-10   0.659071E-12   0.232092E-11
   0.510000E+02   0.471772E-11   0.350795E-12   0.461315E-12
   0.520000E+02   0.215687E-12   0.172646E-12  -0.716745E-12
   0.530000E+02   0.362841E-11   0.325337E-12   0.290127E-12
   0.540000E+02   0.944102E-11   0.547377E-12   0.194735E-11
   0.550000E+02   0.899259E-11   0.486334E-12   0.187436E-11
   0.560000E+02   0.241150E-11   0.184235E-12   0.122144E-12
   0.570000E+02  -0.181217E-11   0.109802E-13  -0.967891E-12
   0.580000E+02   0.134372E-11   0.151592E-12  -0.271668E-13
   0.590000E+02   0.669258E-11   0.359564E-12   0.150253E-11
   0.600000E+02   0.623874E-11   0.306063E-12   0.142367E-11
   0.610000E+02   0.193399E-12   0.319982E-13  -0.190808E-12
   0.620000E+02  -0.354993E-11  -0.117545E-12  -0.116241E-11
   0.630000E+02  -0.431339E-12   0.267226E-13  -0.246563E-12
   0.640000E+02   0.462753E-11   0.230952E-12   0.119033E-11
   0.650000E+02   0.421503E-11   0.187803E-12   0.111181E-11
   0.660000E+02  -0.136898E-11  -0.621534E-13  -0.384889E-12
   0.670000E+02  -0.474917E-11  -0.196108E-12  -0.126250E-11
   0.680000E+02  -0.178196E-11  -0.593957E-13  -0.388756E-12
   0.690000E+02   0.284008E-11   0.125705E-12   0.933791E-12
   0.700000E+02   0.223703E-11   0.724764E-13   0.813734E-12
   0.710000E+02  -0.318868E-11  -0.177536E-12  -0.624866E-12
   0.720000E+02  -0.651015E-11  -0.321375E-12  -0.146804E-11
   0.730000E+02  -0.395068E-11  -0.217329E-12  -0.684333E-12
   0.740000E+02   0.279780E-13  -0.743434E-13   0.484346E-12
   0.750000E+02  -0.909704E-12  -0.153814E-12   0.289862E-12
   0.760000E+02  -0.618309E-11  -0.405451E-12  -0.110134E-11
   0.770000E+02  -0.922020E-11  -0.540062E-12  -0.187557E-11
   0.780000E+02  -0.660250E-11  -0.430162E-12  -0.109791E-11
   0.790000E+02  -0.267145E-11  -0.280424E-12   0.261411E-13
   0.800000E+02  -0.336558E-11  -0.337956E-12  -0.140976E-12
   0.810000E+02  -0.800061E-11  -0.550131E-12  -0.140485E-11
   0.820000E+02  -0.103414E-10  -0.641809E-12  -0.204437E-11
   0.830000E+02  -0.728915E-11  -0.497502E-12  -0.121051E-11
   0.840000E+02  -0.307195E-11  -0.316735E-12  -0.745654E-13
   0.850000E+02  -0.326930E-11  -0.333217E-12  -0.173357E-12
   0.860000E+02  -0.710783E-11  -0.492726E-12  -0.128717E-11
   0.870000E+02  -0.866486E-11  -0.533763E-12  -0.177988E-11
   0.880000E+02  -0.513778E-11  -0.352210E-12  -0.881838E-12
   0.890000E+02  -0.650389E-12  -0.142533E-12   0.266523E-12
   0.900000E+02  -0.446735E-12  -0.125312E-12   0.221811E-12
   0.910000E+02  -0.366122E-11  -0.244049E-12  -0.770726E-12
   0.920000E+02  -0.464986E-11  -0.249396E-12  -0.115122E-11
   0.930000E+02  -0.878854E-12  -0.475649E-13  -0.222763E-12
   0.940000E+02   0.362635E-11   0.171981E-12   0.902506E-12
   0.950000E+02   0.393727E-11   0.201489E-12   0.868256E-12
   0.960000E+02   0.101315E-11   0.100208E-12  -0.549149E-13
   0.970000E+02   0.243991E-12   0.106272E-12  -0.376803E-12
   0.980000E+02   0.391011E-11   0.303296E-12   0.531046E-12
   0.990000E+02   0.806974E-11   0.505855E-12   0.158081E-11
   0.100000E+03   0.808620E-11   0.518151E-12   0.149649E-11
   0.101000E+03   0.501312E-11   0.402580E-12   0.573716E-12
   0.102000E+03   0.401199E-11   0.387223E-12   0.239342E-12
   0.103000E+03   0.712655E-11   0.545833E-12   0.105750E-11
   0.104000E+03   0.104869E-10   0.696027E-12   0.196104E-11
   0.105000E+03   0.973039E-11   0.653247E-12   0.174857E-11
   0.106000E+03   0.601984E-11   0.484559E-12   0.742801E-12
   0.107000E+03   0.434111E-11   0.411787E-12   0.318487E-12
   0.108000E+03   0.655754E-11   0.502908E-12   0.987039E-12
   0.109000E+03   0.889803E-11   0.581156E-12   0.170610E-11
   0.110000E+03   0.727732E-11   0.474417E-12   0.134775E-11
   0.111000E+03   0.297611E-11   0.255602E-12   0.263148E-12
   0.112000E+03   0.827185E-12   0.141769E-12  -0.219072E-12
   0.113000E+03   0.252442E-11   0.195562E-12   0.363461E-12
   0.114000E+03   0.436692E-11   0.243591E-12   0.987529E-12
   0.115000E+03   0.248400E-11   0.121362E-12   0.585333E-12
   0.116000E+03  -0.178927E-11  -0.978519E-13  -0.475960E-12
   0.117000E+03  -0.381086E-11  -0.205729E-12  -0.919768E-12
   0.118000E+03  -0.207013E-11  -0.146639E-12  -0.333802E-12
   0.119000E+03  -0.204086E-12  -0.905808E-13   0.277087E-12
   0.120000E+03  -0.187490E-11  -0.193808E-12  -0.962548E-13
   0.121000E+03  -0.569426E-11  -0.382195E-12  -0.107062E-11
   0.122000E+03  -0.720632E-11  -0.456142E-12  -0.141932E-11
   0.123000E+03  -0.508241E-11  -0.367474E-12  -0.778901E-12
   0.124000E+03  -0.290371E-11  -0.283349E-12  -0.137607E-12
   0.125000E+03  -0.413313E-11  -0.351884E-12  -0.448673E-12
   0.126000E+03  -0.732708E-11  -0.497578E-12  -0.131266E-11
   0.127000E+03  -0.820299E-11  -0.528835E-12  -0.154950E-11
   0.128000E+03  -0.560475E-11  -0.404658E-12  -0.841933E-12
   0.129000E+03  -0.306085E-11  -0.289580E-12  -0.162615E-12
   0.130000E+03  -0.384252E-11  -0.323698E-12  -0.411304E-12
   0.131000E+03  -0.644830E-11  -0.429646E-12  -0.117220E-11
   0.132000E+03  -0.675613E-11  -0.423105E-12  -0.130871E-11
   0.133000E+03  -0.377448E-11  -0.270082E-12  -0.547637E-12
   0.134000E+03  -0.985941E-12  -0.133065E-12   0.152350E-12
   0.135000E+03  -0.148179E-11  -0.144697E-12  -0.582066E-13
   0.136000E+03  -0.370277E-11  -0.225527E-12  -0.747501E-12
   0.137000E+03  -0.367467E-11  -0.197747E-12  -0.819421E-12
   0.138000E+03  -0.562353E-12  -0.341692E-13  -0.427934E-13
   0.139000E+03   0.218876E-11   0.103873E-12   0.635543E-12
   0.140000E+03   0.165253E-11   0.901629E-13   0.412482E-12
   0.141000E+03  -0.551204E-12   0.661876E-14  -0.264151E-12
   0.142000E+03  -0.568026E-12   0.267164E-13  -0.332950E-12
   0.143000E+03   0.231461E-11   0.173426E-12   0.402174E-12
   0.144000E+03   0.470282E-11   0.287762E-12   0.100842E-11
   0.145000E+03   0.382813E-11   0.249419E-12   0.726362E-12
   0.146000E+03   0.136421E-11   0.142145E-12   0.177393E-13
   0.147000E+03   0.106117E-11   0.136128E-12  -0.874629E-13
   0.148000E+03   0.354361E-11   0.252997E-12   0.579176E-12
   0.149000E+03   0.549822E-11   0.338972E-12   0.110470E-11
   0.150000E+03   0.431556E-11   0.280277E-12   0.773179E-12
   0.151000E+03   0.169548E-11   0.160109E-12   0.545853E-13
   0.152000E+03   0.124346E-11   0.141280E-12  -0.601177E-13
   0.153000E+03   0.346169E-11   0.240477E-12   0.563570E-12
   0.154000E+03   0.509891E-11   0.307519E-12   0.102903E-11
   0.155000E+03   0.370220E-11   0.235476E-12   0.663166E-12
   0.156000E+03   0.100460E-11   0.108033E-12  -0.543049E-13
   0.157000E+03   0.474785E-12   0.812400E-13  -0.169289E-12
   0.158000E+03   0.249593E-11   0.166858E-12   0.420018E-12
   0.159000E+03   0.388028E-11   0.218467E-12   0.833565E-12
   0.160000E+03   0.233858E-11   0.137003E-12   0.442017E-12
   0.161000E+03  -0.347667E-12   0.828903E-14  -0.262375E-12
   0.162000E+03  -0.832537E-12  -0.172465E-13  -0.359224E-12
   0.163000E+03   0.114731E-11   0.668557E-13   0.220907E-12
   0.164000E+03   0.244902E-11   0.116216E-12   0.610865E-12
   0.165000E+03   0.923720E-12   0.377946E-13   0.220109E-12
   0.166000E+03  -0.161007E-11  -0.812812E-13  -0.448945E-12
   0.167000E+03  -0.192606E-11  -0.960402E-13  -0.508560E-12
   0.168000E+03   0.124406E-12  -0.506389E-14   0.799116E-13
   0.169000E+03   0.143905E-11   0.489739E-13   0.461474E-12
   0.170000E+03  -0.109136E-14  -0.215773E-13   0.820187E-13
   0.171000E+03  -0.234479E-11  -0.128465E-12  -0.546835E-12
   0.172000E+03  -0.247909E-11  -0.131734E-12  -0.568445E-12
   0.173000E+03  -0.363349E-12  -0.346737E-13   0.267119E-13
   0.174000E+03   0.936328E-12   0.212746E-13   0.394791E-12
   0.175000E+03  -0.481000E-12  -0.470690E-13   0.152347E-13
   0.176000E+03  -0.273380E-11  -0.150444E-12  -0.591949E-12
   0.177000E+03  -0.280469E-11  -0.152422E-12  -0.597530E-12
   0.178000E+03  -0.732651E-12  -0.586203E-13  -0.152117E-13
   0.179000E+03   0.469588E-12  -0.771927E-14   0.325503E-12
   0.180000E+03  -0.986924E-12  -0.789038E-13  -0.642804E-13
   0.181000E+03  -0.320928E-11  -0.183726E-12  -0.660538E-12
   0.182000E+03  -0.328480E-11  -0.190456E-12  -0.663366E-12
   0.183000E+03  -0.131735E-11  -0.105944E-12  -0.106553E-12
   0.184000E+03  -0.234071E-12  -0.630185E-13   0.201241E-12
   0.185000E+03  -0.168272E-11  -0.133765E-12  -0.191544E-12
   0.186000E+03  -0.375178E-11  -0.229633E-12  -0.755474E-12
   0.187000E+03  -0.365312E-11  -0.225581E-12  -0.723671E-12
   0.188000E+03  -0.159197E-11  -0.133395E-12  -0.156932E-12
   0.189000E+03  -0.444354E-12  -0.832832E-13   0.150181E-12
   0.190000E+03  -0.173405E-11  -0.141519E-12  -0.220020E-12
   0.191000E+03  -0.352886E-11  -0.218907E-12  -0.732070E-12
   0.192000E+03  -0.315499E-11  -0.196065E-12  -0.649495E-12
   0.193000E+03  -0.915131E-12  -0.894211E-13  -0.587182E-13
   0.194000E+03   0.358757E-12  -0.271839E-13   0.258547E-12
   0.195000E+03  -0.743475E-12  -0.705604E-13  -0.838087E-13
   0.196000E+03  -0.227152E-11  -0.129812E-12  -0.544985E-12
   0.197000E+03  -0.165903E-11  -0.906762E-13  -0.417383E-12
   0.198000E+03   0.702191E-12   0.263336E-13   0.188852E-12
   0.199000E+03   0.202621E-11   0.951403E-13   0.505184E-12
   0.200000E+03   0.101382E-11   0.594957E-13   0.176164E-12
   0.201000E+03  -0.366520E-12   0.978221E-14  -0.252341E-12
   0.202000E+03   0.349935E-12   0.555411E-13  -0.100389E-12
   0.203000E+03   0.268824E-11   0.172498E-12   0.499531E-12
   0.204000E+03   0.390836E-11   0.236633E-12   0.791962E-12
   0.205000E+03   0.281739E-11   0.196356E-12   0.450834E-12
   0.206000E+03   0.140036E-11   0.142615E-12   0.264535E-13
   0.207000E+03   0.202491E-11   0.180486E-12   0.172001E-12
   0.208000E+03   0.413793E-11   0.282123E-12   0.733702E-12
   0.209000E+03   0.504434E-11   0.325340E-12   0.968783E-12
   0.210000E+03   0.365429E-11   0.262957E-12   0.579409E-12
   0.211000E+03   0.197611E-11   0.187159E-12   0.121285E-12
   0.212000E+03   0.230446E-11   0.200684E-12   0.225597E-12
   0.213000E+03   0.404067E-11   0.274961E-12   0.723899E-12
   0.214000E+03   0.455522E-11   0.291519E-12   0.890088E-12
   0.215000E+03   0.285534E-11   0.207104E-12   0.452965E-12
   0.216000E+03   0.944432E-12   0.112468E-12  -0.323917E-13
   0.217000E+03   0.101378E-11   0.104923E-12   0.370660E-13
   0.218000E+03   0.240743E-11   0.153833E-12   0.476028E-12
   0.219000E+03   0.257562E-11   0.145808E-12   0.578005E-12
   0.220000E+03   0.652834E-12   0.446742E-13   0.104479E-12
   0.221000E+03  -0.133638E-11  -0.574940E-13  -0.384749E-12
   0.222000E+03  -0.129963E-11  -0.683534E-13  -0.313508E-12
   0.223000E+03   0.284222E-13  -0.227563E-13   0.112115E-12
   0.224000E+03   0.142284E-12  -0.323797E-13   0.198269E-12
   0.225000E+03  -0.172617E-11  -0.128930E-12  -0.266898E-12
   0.226000E+03  -0.354203E-11  -0.219782E-12  -0.720876E-12
   0.227000E+03  -0.330615E-11  -0.216912E-12  -0.612728E-12
   0.228000E+03  -0.182396E-11  -0.158609E-12  -0.167102E-12
   0.229000E+03  -0.155794E-11  -0.154840E-12  -0.651364E-13
   0.230000E+03  -0.318840E-11  -0.233517E-12  -0.493943E-12
   0.231000E+03  -0.467831E-11  -0.302077E-12  -0.889976E-12
   0.232000E+03  -0.412213E-11  -0.276883E-12  -0.727410E-12
   0.233000E+03  -0.239145E-11  -0.199356E-12  -0.248255E-12
   0.234000E+03  -0.190316E-11  -0.177514E-12  -0.120365E-12
   0.235000E+03  -0.325109E-11  -0.235469E-12  -0.506590E-12
   0.236000E+03  -0.439706E-11  -0.280710E-12  -0.842728E-12
   0.237000E+03  -0.352601E-11  -0.233787E-12  -0.627375E-12
   0.238000E+03  -0.157059E-11  -0.138939E-12  -0.118724E-12
   0.239000E+03  -0.899999E-12  -0.102082E-12   0.290653E-13
   0.240000E+03  -0.202354E-11  -0.143592E-12  -0.323227E-12
   0.241000E+03  -0.290415E-11  -0.171146E-12  -0.611387E-12
   0.242000E+03  -0.181679E-11  -0.109527E-12  -0.358294E-12
   0.243000E+03   0.246187E-12  -0.584737E-14   0.162092E-12
   0.244000E+03   0.961989E-12   0.358965E-13   0.308989E-12
   0.245000E+03  -0.972305E-13  -0.114222E-14  -0.340846E-13
   0.246000E+03  -0.894572E-12  -0.246779E-13  -0.302952E-12
   0.247000E+03   0.214357E-12   0.370560E-13  -0.429059E-13
   0.248000E+03   0.219227E-11   0.135289E-12   0.459377E-12
   0.249000E+03   0.277449E-11   0.168974E-12   0.578719E-12
   0.250000E+03   0.161637E-11   0.124998E-12   0.221347E-12
   0.251000E+03   0.746516E-12   0.948094E-13  -0.506297E-13
   0.252000E+03   0.171672E-11   0.145365E-12   0.192470E-12
   0.253000E+03   0.343746E-11   0.225250E-12   0.649668E-12
   0.254000E+03   0.370657E-11   0.236657E-12   0.712075E-12
   0.255000E+03   0.228147E-11   0.172096E-12   0.312140E-12
   0.256000E+03   0.121047E-11   0.124968E-12   0.154022E-13
   0.257000E+03   0.197646E-11   0.159640E-12   0.231394E-12
   0.258000E+03   0.344224E-11   0.222342E-12   0.645921E-12
   0.259000E+03   0.344939E-11   0.216646E-12   0.662553E-12
   0.260000E+03   0.182672E-11   0.137833E-12   0.233558E-12
   0.261000E+03   0.619313E-12   0.791594E-13  -0.768205E-13
   0.262000E+03   0.123797E-11   0.102105E-12   0.120399E-12
   0.263000E+03   0.251079E-11   0.151757E-12   0.500810E-12
   0.264000E+03   0.233829E-11   0.134598E-12   0.483721E-12
   0.265000E+03   0.627057E-12   0.494899E-13   0.424964E-13
   0.266000E+03  -0.584823E-12  -0.106557E-13  -0.260662E-12
   0.267000E+03   0.325752E-13   0.119107E-13  -0.588707E-13
   0.268000E+03   0.126304E-11   0.601460E-13   0.311649E-12
   0.269000E+03   0.105697E-11   0.426336E-13   0.284312E-12
   0.270000E+03  -0.608634E-12  -0.387111E-13  -0.147932E-12
   0.271000E+03  -0.170649E-11  -0.915397E-13  -0.425693E-12
   0.272000E+03  -0.987146E-12  -0.618064E-13  -0.203913E-12
   0.273000E+03   0.291098E-12  -0.855218E-14   0.170085E-12
   0.274000E+03   0.129440E-12  -0.209917E-13   0.144103E-12
   0.275000E+03  -0.142571E-11  -0.941142E-13  -0.269642E-12
   0.276000E+03  -0.235889E-11  -0.136136E-12  -0.514880E-12
   0.277000E+03  -0.150129E-11  -0.967918E-13  -0.268334E-12
   0.278000E+03  -0.154089E-12  -0.373293E-13   0.111571E-12
   0.279000E+03  -0.267706E-12  -0.450186E-13   0.865414E-13
   0.280000E+03  -0.172784E-11  -0.111790E-12  -0.312407E-12
   0.281000E+03  -0.252735E-11  -0.146007E-12  -0.531547E-12
   0.282000E+03  -0.156932E-11  -0.100403E-12  -0.267544E-12
   0.283000E+03  -0.188896E-12  -0.377087E-13   0.112016E-12
   0.284000E+03  -0.284928E-12  -0.429770E-13   0.833642E-13
   0.285000E+03  -0.167866E-11  -0.105332E-12  -0.304597E-12
   0.286000E+03  -0.237763E-11  -0.133857E-12  -0.502183E-12
   0.287000E+03  -0.136256E-11  -0.849825E-13  -0.227247E-12
   0.288000E+03  -0.706631E-14  -0.235675E-13   0.142516E-12
   0.289000E+03  -0.160335E-12  -0.327462E-13   0.972840E-13
   0.290000E+03  -0.157366E-11  -0.982734E-13  -0.295361E-12
   0.291000E+03  -0.225197E-11  -0.128248E-12  -0.486482E-12
   0.292000E+03  -0.122850E-11  -0.804245E-13  -0.209955E-12
   0.293000E+03   0.104309E-12  -0.200065E-13   0.150565E-12
   0.294000E+03  -0.523237E-13  -0.281441E-13   0.993851E-13
   0.295000E+03  -0.139907E-11  -0.889728E-13  -0.281273E-12
   0.296000E+03  -0.196496E-11  -0.112074E-12  -0.448666E-12
   0.297000E+03  -0.854169E-12  -0.583089E-13  -0.156217E-12
   0.298000E+03   0.517592E-12   0.633165E-14   0.205931E-12
   0.299000E+03   0.405820E-12   0.315443E-14   0.157249E-12
   0.300000E+03  -0.836366E-12  -0.498460E-13  -0.204699E-12
   0.301000E+03  -0.126332E-11  -0.637073E-13  -0.343569E-12
   0.302000E+03  -0.535834E-13  -0.274180E-14  -0.328491E-13
   0.303000E+03   0.135172E-11   0.659675E-13   0.330581E-12
   0.304000E+03   0.126232E-11   0.661694E-13   0.281363E-12
   0.305000E+03   0.861965E-13   0.181872E-13  -0.675469E-13
   0.306000E+03  -0.254992E-12   0.971629E-14  -0.186068E-12
   0.307000E+03   0.987227E-12   0.730488E-13   0.132567E-12
   0.308000E+03   0.234765E-11   0.140002E-12   0.485109E-12
   0.309000E+03   0.219167E-11   0.136856E-12   0.421583E-12
   0.310000E+03   0.984160E-12   0.865098E-13   0.704943E-13
   0.311000E+03   0.625352E-12   0.756437E-13  -0.440647E-13
   0.312000E+03   0.179216E-11   0.133163E-12   0.265150E-12
   0.313000E+03   0.299438E-11   0.189520E-12   0.588335E-12
   0.314000E+03   0.265224E-11   0.173378E-12   0.490618E-12
   0.315000E+03   0.129283E-11   0.110766E-12   0.116852E-12
   0.316000E+03   0.809525E-12   0.887761E-13  -0.121170E-13
   0.317000E+03   0.182636E-11   0.134630E-12   0.275198E-12
   0.318000E+03   0.283909E-11   0.178348E-12   0.564758E-12
   0.319000E+03   0.231809E-11   0.150520E-12   0.435854E-12
   0.320000E+03   0.835886E-12   0.788041E-13   0.462045E-13
   0.321000E+03   0.262130E-12   0.491689E-13  -0.900441E-13
   0.322000E+03   0.115941E-11   0.862756E-13   0.181214E-12
   0.323000E+03   0.200761E-11   0.119425E-12   0.441460E-12
   0.324000E+03   0.132575E-11   0.809475E-13   0.283774E-12
   0.325000E+03  -0.270606E-12  -0.295101E-16  -0.121952E-12
   0.326000E+03  -0.932048E-12  -0.382891E-13  -0.267716E-12
   0.327000E+03  -0.142333E-12  -0.103322E-13  -0.136600E-13
   0.328000E+03   0.584877E-12   0.144861E-13   0.221896E-12
   0.329000E+03  -0.166668E-12  -0.281868E-13   0.491326E-13
   0.330000E+03  -0.173931E-11  -0.107731E-12  -0.350179E-12
   0.331000E+03  -0.232118E-11  -0.141258E-12  -0.477709E-12
   0.332000E+03  -0.146488E-11  -0.108621E-12  -0.212221E-12
   0.333000E+03  -0.693837E-12  -0.794125E-13   0.251961E-13
   0.334000E+03  -0.136528E-11  -0.115115E-12  -0.139104E-12
   0.335000E+03  -0.277828E-11  -0.183280E-12  -0.511106E-12
   0.336000E+03  -0.315635E-11  -0.202964E-12  -0.601551E-12
   0.337000E+03  -0.212156E-11  -0.157395E-12  -0.307670E-12
   0.338000E+03  -0.121052E-11  -0.116779E-12  -0.537574E-13
   0.339000E+03  -0.172541E-11  -0.140074E-12  -0.198012E-12
   0.340000E+03  -0.292374E-11  -0.193052E-12  -0.534618E-12
   0.341000E+03  -0.306299E-11  -0.196512E-12  -0.583173E-12
   0.342000E+03  -0.183186E-11  -0.136846E-12  -0.258711E-12
   0.343000E+03  -0.778483E-12  -0.848100E-13   0.117260E-13
   0.344000E+03  -0.115013E-11  -0.968582E-13  -0.114666E-12
   0.345000E+03  -0.216273E-11  -0.136909E-12  -0.420448E-12
   0.346000E+03  -0.210592E-11  -0.127301E-12  -0.433845E-12
   0.347000E+03  -0.732849E-12  -0.574718E-13  -0.872434E-13
   0.348000E+03   0.396229E-12   0.109246E-14   0.189519E-12
   0.349000E+03   0.856396E-13  -0.590484E-14   0.683026E-13
   0.350000E+03  -0.840167E-12  -0.405676E-13  -0.222250E-12
   0.351000E+03  -0.697038E-12  -0.261620E-13  -0.217904E-12
   0.352000E+03   0.708952E-12   0.458555E-13   0.133972E-12
   0.353000E+03   0.181409E-11   0.103992E-12   0.402575E-12
   0.354000E+03   0.147289E-11   0.959475E-13   0.274072E-12
   0.355000E+03   0.540313E-12   0.605468E-13  -0.138736E-13
   0.356000E+03   0.665239E-12   0.727371E-13  -0.654850E-14
   0.357000E+03   0.198745E-11   0.138827E-12   0.333460E-12
   0.358000E+03   0.294458E-11   0.187636E-12   0.575367E-12
   0.359000E+03   0.244452E-11   0.169112E-12   0.420141E-12
   0.360000E+03   0.137078E-11   0.122819E-12   0.113743E-12
   0.361000E+03   0.133481E-11   0.121658E-12   0.100641E-12
   0.362000E+03   0.242834E-11   0.170130E-12   0.404138E-12
   0.363000E+03   0.310714E-11   0.198820E-12   0.596818E-12
   0.364000E+03   0.235311E-11   0.161867E-12   0.398491E-12
   0.365000E+03   0.109217E-11   0.100965E-12   0.660068E-13
   0.366000E+03   0.899521E-12   0.871057E-13   0.336998E-13
   0.367000E+03   0.180981E-11   0.122013E-12   0.308955E-12
   0.368000E+03   0.228494E-11   0.136786E-12   0.465400E-12
   0.369000E+03   0.137237E-11   0.889804E-13   0.240032E-12
   0.370000E+03   0.372364E-13   0.222878E-13  -0.100020E-12
   0.371000E+03  -0.182654E-12   0.583803E-14  -0.130599E-12
   0.372000E+03   0.686498E-12   0.382913E-13   0.139382E-12
   0.373000E+03   0.110447E-11   0.504951E-13   0.283298E-12
   0.374000E+03   0.173942E-12   0.253154E-14   0.534282E-13
   0.375000E+03  -0.110827E-11  -0.604694E-13  -0.274301E-12
   0.376000E+03  -0.124342E-11  -0.712964E-13  -0.286189E-12
   0.377000E+03  -0.316323E-12  -0.341512E-13  -0.679046E-14
   0.378000E+03   0.132450E-12  -0.183048E-13   0.137579E-12
   0.379000E+03  -0.739959E-12  -0.611820E-13  -0.856323E-13
   0.380000E+03  -0.190642E-11  -0.116250E-12  -0.392094E-12
   0.381000E+03  -0.190657E-11  -0.118114E-12  -0.378493E-12
   0.382000E+03  -0.881509E-12  -0.736945E-13  -0.845047E-13
   0.383000E+03  -0.371363E-12  -0.524013E-13   0.641096E-13
   0.384000E+03  -0.116638E-11  -0.893375E-13  -0.150447E-12
   0.385000E+03  -0.221010E-11  -0.136572E-12  -0.435761E-12
   0.386000E+03  -0.207628E-11  -0.130065E-12  -0.398085E-12
   0.387000E+03  -0.953623E-12  -0.786719E-13  -0.903409E-13
   0.388000E+03  -0.375484E-12  -0.513999E-13   0.636718E-13
   0.389000E+03  -0.108203E-11  -0.812520E-13  -0.139609E-12
   0.390000E+03  -0.199792E-11  -0.119815E-12  -0.401919E-12
   0.391000E+03  -0.174149E-11  -0.105381E-12  -0.341243E-12
   0.392000E+03  -0.552078E-12  -0.491072E-13  -0.242979E-13
   0.393000E+03   0.481435E-13  -0.192666E-13   0.128049E-12
   0.394000E+03  -0.625131E-12  -0.462165E-13  -0.724550E-13
   0.395000E+03  -0.147637E-11  -0.808993E-13  -0.321666E-12
   0.396000E+03  -0.117139E-11  -0.642592E-13  -0.250102E-12
   0.397000E+03  -0.171791E-14  -0.100550E-13   0.613344E-13
   0.398000E+03   0.527475E-12   0.145873E-13   0.195830E-12
   0.399000E+03  -0.197988E-12  -0.166943E-13  -0.168026E-13
   0.400000E+03  -0.104470E-11  -0.524220E-13  -0.263124E-12
   0.401000E+03  -0.713616E-12  -0.349695E-13  -0.183741E-12
   0.402000E+03   0.451360E-12   0.192166E-13   0.126308E-12
   0.403000E+03   0.948767E-12   0.427958E-13   0.251673E-12
   0.404000E+03   0.215437E-12   0.115869E-13   0.363570E-13
   0.405000E+03  -0.591701E-12  -0.217760E-13  -0.199858E-12
   0.406000E+03  -0.212274E-12  -0.134099E-14  -0.108288E-12
   0.407000E+03   0.962037E-12   0.542105E-13   0.203082E-12
   0.408000E+03   0.143808E-11   0.777669E-13   0.321548E-12
   0.409000E+03   0.702750E-12   0.473093E-13   0.105183E-12
   0.410000E+03  -0.686354E-13   0.162475E-13  -0.120980E-12
   0.411000E+03   0.341703E-12   0.385231E-13  -0.197745E-13
   0.412000E+03   0.149470E-11   0.931916E-13   0.288049E-12
   0.413000E+03   0.190854E-11   0.113581E-12   0.393117E-12
   0.414000E+03   0.112246E-11   0.800510E-13   0.167942E-12
   0.415000E+03   0.330641E-12   0.468754E-13  -0.573139E-13
   0.416000E+03   0.708470E-12   0.659770E-13   0.428911E-13
   0.417000E+03   0.177103E-11   0.114168E-12   0.335316E-12
   0.418000E+03   0.205113E-11   0.125401E-12   0.414547E-12
   0.419000E+03   0.114576E-11   0.829087E-13   0.168470E-12
   0.420000E+03   0.276541E-12   0.426920E-13  -0.661074E-13
   0.421000E+03   0.587523E-12   0.557205E-13   0.268672E-13
   0.422000E+03   0.155705E-11   0.973697E-13   0.303592E-12
   0.423000E+03   0.173345E-11   0.102258E-12   0.362932E-12
   0.424000E+03   0.761636E-12   0.556045E-13   0.106199E-12
   0.425000E+03  -0.125526E-12   0.137063E-13  -0.126441E-12
   0.426000E+03   0.170619E-12   0.252892E-13  -0.312004E-13
   0.427000E+03   0.108549E-11   0.636688E-13   0.236497E-12
   0.428000E+03   0.118422E-11   0.642252E-13   0.280221E-12
   0.429000E+03   0.163714E-12   0.146140E-13   0.155486E-13
   0.430000E+03  -0.729415E-12  -0.282440E-13  -0.213598E-12
   0.431000E+03  -0.442517E-12  -0.179286E-13  -0.115901E-12
   0.432000E+03   0.414588E-12   0.164668E-13   0.141104E-12
   0.433000E+03   0.423119E-12   0.108846E-13   0.165493E-12
   0.434000E+03  -0.662952E-12  -0.441234E-13  -0.112040E-12
   0.435000E+03  -0.157047E-11  -0.897227E-13  -0.341401E-12
   0.436000E+03  -0.127579E-11  -0.801391E-13  -0.240332E-12
   0.437000E+03  -0.421878E-12  -0.457625E-13   0.140969E-13
   0.438000E+03  -0.412753E-12  -0.502655E-13   0.343110E-13
   0.439000E+03  -0.145256E-11  -0.101615E-12  -0.236959E-12
   0.440000E+03  -0.226137E-11  -0.140863E-12  -0.447495E-12
   0.441000E+03  -0.185754E-11  -0.124061E-12  -0.326630E-12
   0.442000E+03  -0.919105E-12  -0.830725E-13  -0.610927E-13
   0.443000E+03  -0.831192E-12  -0.807541E-13  -0.329937E-13
   0.444000E+03  -0.175356E-11  -0.123239E-12  -0.286940E-12
   0.445000E+03  -0.240170E-11  -0.151537E-12  -0.469026E-12
   0.446000E+03  -0.184008E-11  -0.123872E-12  -0.320943E-12
   0.447000E+03  -0.783990E-12  -0.738377E-13  -0.393649E-13
   0.448000E+03  -0.599117E-12  -0.634680E-13  -0.729763E-15
   0.449000E+03  -0.139949E-11  -0.968955E-13  -0.236757E-12
   0.450000E+03  -0.189534E-11  -0.114955E-12  -0.391845E-12
   0.451000E+03  -0.119720E-11  -0.780412E-13  -0.220089E-12
   0.452000E+03  -0.576445E-13  -0.215752E-13   0.719308E-13
   0.453000E+03   0.177387E-12  -0.682409E-14   0.113534E-12
   0.454000E+03  -0.558823E-12  -0.357585E-13  -0.113906E-12
   0.455000E+03  -0.967071E-12  -0.485821E-13  -0.252412E-12
   0.456000E+03  -0.197322E-12  -0.723316E-14  -0.672042E-13
   0.457000E+03   0.966615E-12   0.515395E-13   0.226524E-12
   0.458000E+03   0.119999E-11   0.673121E-13   0.264194E-12
   0.459000E+03   0.479059E-12   0.398892E-13   0.393307E-13
   0.460000E+03   0.105447E-12   0.290898E-13  -0.892529E-13
   0.461000E+03   0.884298E-12   0.709114E-13   0.100977E-12
   0.462000E+03   0.199843E-11   0.126994E-12   0.385872E-12
   0.463000E+03   0.214436E-11   0.137707E-12   0.407033E-12
   0.464000E+03   0.134251E-11   0.104770E-12   0.170287E-12
   0.465000E+03   0.899423E-12   0.883104E-13   0.356180E-13
   0.466000E+03   0.157889E-11   0.122551E-12   0.213894E-12
   0.467000E+03   0.253255E-11   0.167575E-12   0.472371E-12
   0.468000E+03   0.247724E-11   0.164295E-12   0.458478E-12
   0.469000E+03   0.147658E-11   0.116178E-12   0.189849E-12
   0.470000E+03   0.848224E-12   0.842409E-13   0.285886E-13
   0.471000E+03   0.133245E-11   0.102589E-12   0.177353E-12
   0.472000E+03   0.207367E-11   0.131947E-12   0.399659E-12
   0.473000E+03   0.182579E-11   0.115320E-12   0.352170E-12
   0.474000E+03   0.694474E-12   0.578506E-13   0.640270E-13
   0.475000E+03  -0.946659E-14   0.197994E-13  -0.104249E-12
   0.476000E+03   0.407294E-12   0.329473E-13   0.371625E-13
   0.477000E+03   0.106518E-11   0.570570E-13   0.244934E-12
   0.478000E+03   0.749156E-12   0.367098E-13   0.184046E-12
   0.479000E+03  -0.392634E-12  -0.210720E-13  -0.104573E-12
   0.480000E+03  -0.105547E-11  -0.565304E-13  -0.261702E-12
   0.481000E+03  -0.594820E-12  -0.402949E-13  -0.110539E-12
   0.482000E+03   0.823107E-13  -0.139006E-13   0.982954E-13
   0.483000E+03  -0.210906E-12  -0.314631E-13   0.376830E-13
   0.484000E+03  -0.128477E-11  -0.841001E-13  -0.239858E-12
   0.485000E+03  -0.184000E-11  -0.112411E-12  -0.376351E-12
   0.486000E+03  -0.127982E-11  -0.893408E-13  -0.207810E-12
   0.487000E+03  -0.538554E-12  -0.577874E-13   0.796697E-14
   0.488000E+03  -0.775303E-12  -0.706596E-13  -0.482919E-13
   0.489000E+03  -0.175777E-11  -0.117076E-12  -0.312349E-12
   0.490000E+03  -0.218752E-11  -0.137487E-12  -0.426658E-12
   0.491000E+03  -0.150855E-11  -0.106480E-12  -0.238629E-12
   0.492000E+03  -0.677599E-12  -0.679131E-13  -0.121426E-13
   0.493000E+03  -0.827502E-12  -0.736561E-13  -0.588360E-13
   0.494000E+03  -0.169051E-11  -0.111458E-12  -0.304234E-12
   0.495000E+03  -0.197669E-11  -0.122276E-12  -0.392833E-12
   0.496000E+03  -0.117428E-11  -0.826709E-13  -0.184105E-12
   0.497000E+03  -0.262020E-12  -0.374710E-13   0.522055E-13
   0.498000E+03  -0.345780E-12  -0.374732E-13   0.123084E-13
   0.499000E+03  -0.112348E-11  -0.691117E-13  -0.219369E-12
   0.500000E+03  -0.131454E-11  -0.738702E-13  -0.289643E-12
   0.501000E+03  -0.449336E-12  -0.301036E-13  -0.696522E-13
   0.502000E+03   0.475311E-12   0.166492E-13   0.165797E-12
   0.503000E+03   0.381958E-12   0.167104E-13   0.120976E-12
   0.504000E+03  -0.395475E-12  -0.153077E-13  -0.110472E-12
   0.505000E+03  -0.587611E-12  -0.216087E-13  -0.178320E-12
   0.506000E+03   0.238616E-12   0.181236E-13   0.356307E-13
   0.507000E+03   0.108285E-11   0.589319E-13   0.254466E-12
   0.508000E+03   0.912774E-12   0.538092E-13   0.193891E-12
   0.509000E+03   0.102992E-12   0.193032E-13  -0.415528E-13
   0.510000E+03  -0.922011E-13   0.121663E-13  -0.105499E-12
   0.511000E+03   0.710649E-12   0.501047E-13   0.106942E-12
   0.512000E+03   0.149357E-11   0.873188E-13   0.314016E-12
   0.513000E+03   0.126064E-11   0.786335E-13   0.241215E-12
   0.514000E+03   0.425138E-12   0.424406E-13   0.361467E-14
   0.515000E+03   0.228057E-12   0.347519E-13  -0.558671E-13
   0.516000E+03   0.100517E-11   0.708936E-13   0.154881E-12
   0.517000E+03   0.172078E-11   0.104177E-12   0.349417E-12
   0.518000E+03   0.141340E-11   0.910471E-13   0.262683E-12
   0.519000E+03   0.532834E-12   0.515756E-13   0.197587E-13
   0.520000E+03   0.306283E-12   0.410148E-13  -0.401405E-13
   0.521000E+03   0.102319E-11   0.723906E-13   0.162534E-12
   0.522000E+03   0.163283E-11   0.982776E-13   0.337218E-12
   0.523000E+03   0.121248E-11   0.770846E-13   0.229122E-12
   0.524000E+03   0.255744E-12   0.312753E-13  -0.253699E-13
   0.525000E+03  -0.138271E-13   0.163538E-13  -0.888439E-13
   0.526000E+03   0.656367E-12   0.439300E-13   0.107595E-12
   0.527000E+03   0.120321E-11   0.660305E-13   0.269898E-12
   0.528000E+03   0.735088E-12   0.422929E-13   0.152101E-12
   0.529000E+03  -0.224958E-12  -0.371581E-14  -0.100989E-12
   0.530000E+03  -0.469630E-12  -0.173492E-13  -0.156288E-12
   0.531000E+03   0.211913E-12   0.111459E-13   0.435872E-13
   0.532000E+03   0.745621E-12   0.333714E-13   0.201611E-12
   0.533000E+03   0.272651E-12   0.103801E-13   0.811201E-13
   0.534000E+03  -0.656489E-12  -0.332556E-13  -0.165056E-12
   0.535000E+03  -0.854375E-12  -0.440131E-13  -0.208918E-12
   0.536000E+03  -0.152568E-12  -0.140702E-13  -0.468045E-14
   0.537000E+03   0.367377E-12   0.799944E-14   0.148418E-12
   0.538000E+03  -0.116848E-12  -0.150289E-13   0.237336E-13
   0.539000E+03  -0.102727E-11  -0.575693E-13  -0.218059E-12
   0.540000E+03  -0.119931E-11  -0.675140E-13  -0.254856E-12
   0.541000E+03  -0.507586E-12  -0.391161E-13  -0.526968E-13
   0.542000E+03  -0.347530E-13  -0.206225E-13   0.882578E-13
   0.543000E+03  -0.553779E-12  -0.463433E-13  -0.460469E-13
   0.544000E+03  -0.144594E-11  -0.883451E-13  -0.284496E-12
   0.545000E+03  -0.156283E-11  -0.952351E-13  -0.309604E-12
   0.546000E+03  -0.825712E-12  -0.637068E-13  -0.999206E-13
   0.547000E+03  -0.330195E-12  -0.428854E-13   0.411878E-13
   0.548000E+03  -0.813805E-12  -0.655072E-13  -0.904889E-13
   0.549000E+03  -0.162645E-11  -0.102099E-12  -0.315286E-12
   0.550000E+03  -0.163796E-11  -0.102062E-12  -0.320687E-12
   0.551000E+03  -0.813249E-12  -0.641980E-13  -0.969654E-13
   0.552000E+03  -0.258194E-12  -0.382535E-13   0.500846E-13
   0.553000E+03  -0.675795E-12  -0.554533E-13  -0.739734E-13
   0.554000E+03  -0.138825E-11  -0.850579E-13  -0.281698E-12
   0.555000E+03  -0.128665E-11  -0.774994E-13  -0.266220E-12
   0.556000E+03  -0.380191E-12  -0.337760E-13  -0.296273E-13
   0.557000E+03   0.216046E-12  -0.423569E-14   0.120136E-12
   0.558000E+03  -0.165108E-12  -0.184938E-13  -0.133764E-14
   0.559000E+03  -0.815704E-12  -0.442686E-13  -0.198459E-12
   0.560000E+03  -0.642826E-12  -0.324856E-13  -0.169054E-12
   0.561000E+03   0.307302E-12   0.143104E-13   0.744287E-13
   0.562000E+03   0.915208E-12   0.455520E-13   0.222928E-12
   0.563000E+03   0.548014E-12   0.330560E-13   0.101739E-12
   0.564000E+03  -0.633527E-13   0.100048E-13  -0.869499E-13
   0.565000E+03   0.150614E-12   0.243127E-13  -0.472252E-13
   0.566000E+03   0.110389E-11   0.715992E-13   0.197603E-12
   0.567000E+03   0.167445E-11   0.101201E-12   0.337848E-12
   0.568000E+03   0.126618E-11   0.866031E-13   0.209040E-12
   0.569000E+03   0.632909E-12   0.619406E-13   0.198641E-13
   0.570000E+03   0.818707E-12   0.738033E-13   0.594686E-13
   0.571000E+03   0.169666E-11   0.115810E-12   0.293445E-12
   0.572000E+03   0.214379E-11   0.137246E-12   0.411801E-12
   0.573000E+03   0.160420E-11   0.113539E-12   0.260902E-12
   0.574000E+03   0.858402E-12   0.801311E-13   0.564677E-13
   0.575000E+03   0.928634E-12   0.825989E-13   0.813651E-13
   0.576000E+03   0.165125E-11   0.112837E-12   0.290777E-12
   0.577000E+03   0.190803E-11   0.120481E-12   0.375468E-12
   0.578000E+03   0.119098E-11   0.835738E-13   0.194073E-12
   0.579000E+03   0.316039E-12   0.397553E-13  -0.290070E-13
   0.580000E+03   0.290883E-12   0.343437E-13  -0.157463E-13
   0.581000E+03   0.916818E-12   0.576691E-13   0.179082E-12
   0.582000E+03   0.107346E-11   0.590206E-13   0.245766E-12
   0.583000E+03   0.286659E-12   0.177313E-13   0.524492E-13
   0.584000E+03  -0.607208E-12  -0.277024E-13  -0.170801E-12
   0.585000E+03  -0.624176E-12  -0.329853E-13  -0.152552E-12
   0.586000E+03   0.917700E-15  -0.940399E-14   0.424874E-13
   0.587000E+03   0.148616E-12  -0.769162E-14   0.105030E-12
   0.588000E+03  -0.619816E-12  -0.470017E-13  -0.867911E-13
   0.589000E+03  -0.144967E-11  -0.880770E-13  -0.297656E-12
   0.590000E+03  -0.138450E-11  -0.879490E-13  -0.263497E-12
   0.591000E+03  -0.697849E-12  -0.597898E-13  -0.593959E-13
   0.592000E+03  -0.508529E-12  -0.544372E-13   0.583031E-14
   0.593000E+03  -0.121841E-11  -0.893890E-13  -0.179392E-12
   0.594000E+03  -0.195147E-11  -0.124273E-12  -0.373966E-12
   0.595000E+03  -0.177399E-11  -0.116945E-12  -0.320270E-12
   0.596000E+03  -0.992962E-12  -0.819914E-13  -0.102642E-12
   0.597000E+03  -0.724080E-12  -0.701752E-13  -0.288389E-13
   0.598000E+03  -0.133504E-11  -0.975963E-13  -0.200684E-12
   0.599000E+03  -0.193501E-11  -0.123331E-12  -0.372697E-12
   0.600000E+03  -0.161901E-11  -0.106592E-12  -0.294945E-12
   0.601000E+03  -0.729592E-12  -0.636095E-13  -0.613614E-13
   0.602000E+03  -0.378058E-12  -0.449847E-13   0.217463E-13
   0.603000E+03  -0.896226E-12  -0.652322E-13  -0.137311E-12
   0.604000E+03  -0.137849E-11  -0.828029E-13  -0.288726E-12
   0.605000E+03  -0.950047E-12  -0.583630E-13  -0.190581E-12
   0.606000E+03   0.955840E-14  -0.996305E-14   0.533654E-13
   0.607000E+03   0.392989E-12   0.118430E-13   0.138226E-12
   0.608000E+03  -0.950543E-13  -0.582558E-14  -0.174694E-13
   0.609000E+03  -0.532535E-12  -0.206021E-13  -0.159403E-12
   0.610000E+03  -0.726976E-13   0.558838E-14  -0.533795E-13
   0.611000E+03   0.869348E-12   0.529070E-13   0.187228E-12
   0.612000E+03   0.119018E-11   0.707097E-13   0.258863E-12
   0.613000E+03   0.631460E-12   0.477182E-13   0.901858E-13
   0.614000E+03   0.136575E-12   0.275908E-13  -0.592009E-13
   0.615000E+03   0.535688E-12   0.482378E-13   0.393586E-13
   0.616000E+03   0.139203E-11   0.893117E-13   0.265706E-12
   0.617000E+03   0.161406E-11   0.100775E-12   0.319275E-12
   0.618000E+03   0.976457E-12   0.725711E-13   0.138027E-12
   0.619000E+03   0.430619E-12   0.484155E-13  -0.159482E-13
   0.620000E+03   0.776278E-12   0.647579E-13   0.776458E-13
   0.621000E+03   0.154846E-11   0.100093E-12   0.290661E-12
   0.622000E+03   0.166876E-11   0.105097E-12   0.325941E-12
   0.623000E+03   0.948614E-12   0.713404E-13   0.131567E-12
   0.624000E+03   0.348466E-12   0.427813E-13  -0.277150E-13
   0.625000E+03   0.635531E-12   0.542380E-13   0.595842E-13
   0.626000E+03   0.131479E-11   0.828152E-13   0.256995E-12
   0.627000E+03   0.132279E-11   0.800011E-13   0.271168E-12
   0.628000E+03   0.513869E-12   0.395773E-13   0.614822E-13
   0.629000E+03  -0.133909E-12   0.661284E-14  -0.103056E-12
   0.630000E+03   0.121503E-12   0.150257E-13  -0.183305E-13
   0.631000E+03   0.757555E-12   0.407358E-13   0.171460E-12
   0.632000E+03   0.721536E-12   0.356089E-13   0.176052E-12
   0.633000E+03  -0.984710E-13  -0.520810E-14  -0.356918E-13
   0.634000E+03  -0.716444E-12  -0.363697E-13  -0.192467E-12
   0.635000E+03  -0.421253E-12  -0.253535E-13  -0.986451E-13
   0.636000E+03   0.235793E-12   0.245538E-14   0.937557E-13
   0.637000E+03   0.213354E-12  -0.645085E-15   0.978553E-13
   0.638000E+03  -0.567064E-12  -0.381088E-13  -0.107980E-12
   0.639000E+03  -0.111280E-11  -0.643423E-13  -0.250418E-12
   0.640000E+03  -0.744509E-12  -0.482539E-13  -0.142472E-12
   0.641000E+03  -0.422684E-13  -0.165678E-13   0.561198E-13
   0.642000E+03  -0.363931E-13  -0.166331E-13   0.618727E-13
   0.643000E+03  -0.773206E-12  -0.506106E-13  -0.137624E-12
   0.644000E+03  -0.125401E-11  -0.726638E-13  -0.267237E-12
   0.645000E+03  -0.829495E-12  -0.529577E-13  -0.148326E-12
   0.646000E+03  -0.105430E-12  -0.193380E-13   0.522754E-13
   0.647000E+03  -0.100023E-12  -0.187929E-13   0.546645E-13
   0.648000E+03  -0.829467E-12  -0.524288E-13  -0.144913E-12
   0.649000E+03  -0.129041E-11  -0.742975E-13  -0.270010E-12
   0.650000E+03  -0.858596E-12  -0.553672E-13  -0.149447E-12
   0.651000E+03  -0.153118E-12  -0.234844E-13   0.453607E-13
   0.652000E+03  -0.166504E-12  -0.240241E-13   0.408898E-13
   0.653000E+03  -0.878875E-12  -0.564478E-13  -0.156793E-12
   0.654000E+03  -0.128768E-11  -0.751661E-13  -0.271122E-12
   0.655000E+03  -0.806436E-12  -0.531551E-13  -0.140963E-12
   0.656000E+03  -0.793767E-13  -0.194366E-13   0.554069E-13
   0.657000E+03  -0.790352E-13  -0.183291E-13   0.498388E-13
   0.658000E+03  -0.749351E-12  -0.475665E-13  -0.141677E-12
   0.659000E+03  -0.108664E-11  -0.616190E-13  -0.242041E-12
   0.660000E+03  -0.541869E-12  -0.353883E-13  -0.100040E-12
   0.661000E+03   0.213488E-12   0.702444E-15   0.988943E-13
   0.662000E+03   0.224466E-12   0.311955E-14   0.915782E-13
   0.663000E+03  -0.416667E-12  -0.241192E-13  -0.961063E-13
   0.664000E+03  -0.701162E-12  -0.351122E-13  -0.185829E-12
   0.665000E+03  -0.111163E-12  -0.607579E-14  -0.350673E-13
   0.666000E+03   0.659411E-12   0.315659E-13   0.164610E-12
   0.667000E+03   0.673139E-12   0.350079E-13   0.155021E-12
   0.668000E+03   0.540322E-13   0.960391E-14  -0.290153E-13
   0.669000E+03  -0.189242E-12   0.118188E-14  -0.109079E-12
   0.670000E+03   0.427773E-12   0.320046E-13   0.481943E-13
   0.671000E+03   0.118952E-11   0.696760E-13   0.245339E-12
   0.672000E+03   0.117725E-11   0.721932E-13   0.229481E-12
   0.673000E+03   0.546200E-12   0.462282E-13   0.442446E-13
   0.674000E+03   0.303752E-12   0.374767E-13  -0.321842E-13
   0.675000E+03   0.901066E-12   0.666903E-13   0.124386E-12
   0.676000E+03   0.160241E-11   0.100572E-12   0.310928E-12
   0.677000E+03   0.150866E-11   0.979514E-13   0.280081E-12
   0.678000E+03   0.806229E-12   0.668096E-13   0.841612E-13
   0.679000E+03   0.502429E-12   0.528536E-13   0.121463E-14
   0.680000E+03   0.102030E-11   0.757928E-13   0.147213E-12
   0.681000E+03   0.161163E-11   0.102080E-12   0.315116E-12
   0.682000E+03   0.140178E-11   0.917585E-13   0.264008E-12
   0.683000E+03   0.605871E-12   0.538704E-13   0.542763E-13
   0.684000E+03   0.223595E-12   0.334177E-13  -0.378737E-13
   0.685000E+03   0.644504E-12   0.485250E-13   0.941552E-13
   0.686000E+03   0.111103E-11   0.656264E-13   0.239978E-12
   0.687000E+03   0.783745E-12   0.469813E-13   0.167367E-12
   0.688000E+03  -0.823061E-13   0.382304E-14  -0.529637E-13
   0.689000E+03  -0.491162E-12  -0.190946E-13  -0.145889E-12
   0.690000E+03  -0.925464E-13  -0.576478E-14  -0.153169E-13
   0.691000E+03   0.334878E-12   0.906448E-14   0.122779E-12
   0.692000E+03  -0.243261E-13  -0.112179E-13   0.427058E-13
   0.693000E+03  -0.881245E-12  -0.536994E-13  -0.175674E-12
   0.694000E+03  -0.124423E-11  -0.738205E-13  -0.258398E-12
   0.695000E+03  -0.800479E-12  -0.574595E-13  -0.119395E-12
   0.696000E+03  -0.349087E-12  -0.404886E-13   0.200828E-13
   0.697000E+03  -0.682855E-12  -0.585205E-13  -0.592693E-13
   0.698000E+03  -0.148015E-11  -0.970177E-13  -0.268671E-12
   0.699000E+03  -0.175184E-11  -0.111370E-12  -0.335001E-12
   0.700000E+03  -0.121812E-11  -0.888976E-13  -0.181287E-12
   0.701000E+03  -0.695091E-12  -0.663097E-13  -0.332632E-13
   0.702000E+03  -0.954104E-12  -0.783621E-13  -0.104027E-12
   0.703000E+03  -0.164618E-11  -0.109369E-12  -0.296995E-12
   0.704000E+03  -0.178986E-11  -0.115111E-12  -0.341003E-12
   0.705000E+03  -0.113957E-11  -0.844594E-13  -0.168401E-12
   0.706000E+03  -0.526152E-12  -0.547895E-13  -0.885473E-14
   0.707000E+03  -0.697631E-12  -0.598363E-13  -0.687986E-13
   0.708000E+03  -0.127872E-11  -0.828178E-13  -0.244081E-12
   0.709000E+03  -0.129834E-11  -0.800942E-13  -0.266076E-12
   0.710000E+03  -0.546249E-12  -0.421930E-13  -0.766614E-13
   0.711000E+03   0.133180E-12  -0.708244E-14   0.909086E-13
   0.712000E+03   0.166257E-13  -0.737276E-14   0.371884E-13
   0.713000E+03  -0.495106E-12  -0.252270E-13  -0.126317E-12
   0.714000E+03  -0.443513E-12  -0.177582E-13  -0.134065E-12
   0.715000E+03   0.345456E-12   0.227517E-13   0.623474E-13
   0.716000E+03   0.101614E-11   0.578726E-13   0.226545E-12
   0.717000E+03   0.873466E-12   0.563969E-13   0.166753E-12
   0.718000E+03   0.345658E-12   0.373844E-13   0.204718E-14
   0.719000E+03   0.377798E-12   0.428768E-13  -0.548971E-14
   0.720000E+03   0.110648E-11   0.786352E-13   0.182420E-12
   0.721000E+03   0.166660E-11   0.105825E-12   0.326597E-12
   0.722000E+03   0.139834E-11   0.952365E-13   0.244272E-12
   0.723000E+03   0.767991E-12   0.681888E-13   0.641318E-13
   0.724000E+03   0.717291E-12   0.668835E-13   0.467237E-13
   0.725000E+03   0.134991E-11   0.955390E-13   0.221098E-12
   0.726000E+03   0.178764E-11   0.114488E-12   0.344565E-12
   0.727000E+03   0.139576E-11   0.954923E-13   0.241306E-12
   0.728000E+03   0.667572E-12   0.610928E-13   0.472966E-13
   0.729000E+03   0.535352E-12   0.531159E-13   0.202601E-13
   0.730000E+03   0.107090E-11   0.743498E-13   0.180290E-12
   0.731000E+03   0.138872E-11   0.848252E-13   0.282490E-12
   0.732000E+03   0.885646E-12   0.578933E-13   0.159369E-12
   0.733000E+03   0.865868E-13   0.178148E-13  -0.449056E-13
   0.734000E+03  -0.830181E-13   0.635687E-14  -0.749476E-13
   0.735000E+03   0.417335E-12   0.249433E-13   0.805573E-13
   0.736000E+03   0.692171E-12   0.330166E-13   0.174107E-12
   0.737000E+03   0.163119E-12   0.487965E-14   0.452783E-13
   0.738000E+03  -0.621947E-12  -0.342444E-13  -0.155298E-12
   0.739000E+03  -0.750701E-12  -0.431696E-13  -0.175830E-12
   0.740000E+03  -0.215096E-12  -0.219256E-13  -0.139222E-13
   0.741000E+03   0.818139E-13  -0.114442E-13   0.809564E-13
   0.742000E+03  -0.411697E-12  -0.362786E-13  -0.440710E-13
   0.743000E+03  -0.112595E-11  -0.702828E-13  -0.232145E-12
   0.744000E+03  -0.116459E-11  -0.730562E-13  -0.235656E-12
   0.745000E+03  -0.553628E-12  -0.462333E-13  -0.613938E-13
   0.746000E+03  -0.203110E-12  -0.311008E-13   0.394416E-13
   0.747000E+03  -0.636918E-12  -0.509575E-13  -0.781837E-13
   0.748000E+03  -0.126372E-11  -0.786926E-13  -0.251245E-12
   0.749000E+03  -0.120463E-11  -0.747846E-13  -0.236671E-12
   0.750000E+03  -0.521161E-12  -0.426214E-13  -0.506891E-13
   0.751000E+03  -0.130440E-12  -0.239159E-13   0.538119E-13
   0.752000E+03  -0.527497E-12  -0.406437E-13  -0.601560E-13
   0.753000E+03  -0.109808E-11  -0.645864E-13  -0.223261E-12
   0.754000E+03  -0.980043E-12  -0.570211E-13  -0.196955E-12
   0.755000E+03  -0.270352E-12  -0.231558E-13  -0.698417E-14
   0.756000E+03   0.106661E-12  -0.525276E-14   0.920051E-13
   0.757000E+03  -0.313571E-12  -0.238813E-13  -0.287025E-13
   0.758000E+03  -0.888253E-12  -0.491689E-13  -0.192482E-12
   0.759000E+03  -0.762021E-12  -0.422120E-13  -0.163409E-12
   0.760000E+03  -0.568402E-13  -0.905455E-14   0.253811E-13
   0.761000E+03   0.300564E-12   0.789659E-14   0.118523E-12
   0.762000E+03  -0.128564E-12  -0.109915E-13  -0.536309E-14
   0.763000E+03  -0.684594E-12  -0.352815E-13  -0.164802E-12
   0.764000E+03  -0.530663E-12  -0.269710E-13  -0.128905E-12
   0.765000E+03   0.180569E-12   0.651322E-14   0.607332E-13
   0.766000E+03   0.520982E-12   0.227007E-13   0.148387E-12
   0.767000E+03   0.818375E-13   0.332898E-14   0.209667E-13
   0.768000E+03  -0.456485E-12  -0.201446E-13  -0.134414E-12
   0.769000E+03  -0.273107E-12  -0.103163E-13  -0.914064E-13
   0.770000E+03   0.449905E-12   0.241152E-13   0.100242E-12
   0.771000E+03   0.782584E-12   0.405217E-13   0.184438E-12
   0.772000E+03   0.343271E-12   0.217179E-13   0.558027E-13
   0.773000E+03  -0.171432E-12  -0.207217E-15  -0.938864E-13
   0.774000E+03   0.399597E-13   0.112642E-13  -0.435616E-13
   0.775000E+03   0.765738E-12   0.461212E-13   0.148877E-12
   0.776000E+03   0.107638E-11   0.617500E-13   0.227516E-12
   0.777000E+03   0.619554E-12   0.422498E-13   0.951500E-13
   0.778000E+03   0.108505E-12   0.204225E-13  -0.517779E-13
   0.779000E+03   0.324348E-12   0.318298E-13   0.224147E-14
   0.780000E+03   0.102486E-11   0.650238E-13   0.190981E-12
   0.781000E+03   0.128113E-11   0.773554E-13   0.258786E-12
   0.782000E+03   0.771631E-12   0.543296E-13   0.116906E-12
   0.783000E+03   0.229192E-12   0.297784E-13  -0.330591E-13
   0.784000E+03   0.418742E-12   0.387323E-13   0.196031E-13
   0.785000E+03   0.107142E-11   0.686404E-13   0.201130E-12
   0.786000E+03   0.126008E-11   0.768660E-13   0.256406E-12
   0.787000E+03   0.691299E-12   0.500535E-13   0.104596E-12
   0.788000E+03   0.112867E-12   0.226688E-13  -0.485405E-13
   0.789000E+03   0.270078E-12   0.289127E-13   0.216445E-14
   0.790000E+03   0.866290E-12   0.549822E-13   0.175197E-12
   0.791000E+03   0.975647E-12   0.581335E-13   0.215912E-12
   0.792000E+03   0.331745E-12   0.260082E-13   0.511019E-13
   0.793000E+03  -0.302555E-12  -0.626467E-14  -0.109428E-12
   0.794000E+03  -0.196676E-12  -0.482260E-14  -0.651412E-13
   0.795000E+03   0.335278E-12   0.162442E-13   0.968198E-13
   0.796000E+03   0.379435E-12   0.150697E-13   0.124522E-12
   0.797000E+03  -0.299775E-12  -0.193402E-13  -0.468398E-13
   0.798000E+03  -0.930564E-12  -0.517389E-13  -0.204731E-12
   0.799000E+03  -0.809257E-12  -0.497458E-13  -0.155755E-12
   0.800000E+03  -0.278193E-12  -0.287917E-13   0.521812E-14
   0.801000E+03  -0.243452E-12  -0.302833E-13   0.282664E-13
   0.802000E+03  -0.907408E-12  -0.635716E-13  -0.142424E-12
   0.803000E+03  -0.148404E-11  -0.926772E-13  -0.290478E-12
   0.804000E+03  -0.129231E-11  -0.862118E-13  -0.228717E-12
   0.805000E+03  -0.701972E-12  -0.608642E-13  -0.594575E-13
   0.806000E+03  -0.614369E-12  -0.579033E-13  -0.311066E-13
   0.807000E+03  -0.120416E-11  -0.855474E-13  -0.191562E-12
   0.808000E+03  -0.167617E-11  -0.107509E-12  -0.321667E-12
   0.809000E+03  -0.137413E-11  -0.935558E-13  -0.240913E-12
   0.810000E+03  -0.694173E-12  -0.615542E-13  -0.587755E-13
   0.811000E+03  -0.530792E-12  -0.524622E-13  -0.216141E-13
   0.812000E+03  -0.102991E-11  -0.732523E-13  -0.169184E-12
   0.813000E+03  -0.138758E-11  -0.873102E-13  -0.279688E-12
   0.814000E+03  -0.972902E-12  -0.655865E-13  -0.179434E-12
   0.815000E+03  -0.208380E-12  -0.271539E-13   0.149982E-13
   0.816000E+03   0.182531E-13  -0.127157E-13   0.593461E-13
   0.817000E+03  -0.411120E-12  -0.280804E-13  -0.781881E-13
   0.818000E+03  -0.684785E-12  -0.363490E-13  -0.173434E-12
   0.819000E+03  -0.196798E-12  -0.959056E-14  -0.594708E-13
   0.820000E+03   0.605620E-12   0.320356E-13   0.140388E-12
   0.821000E+03   0.842476E-12   0.481163E-13   0.184219E-12
   0.822000E+03   0.422360E-12   0.338896E-13   0.479118E-13
   0.823000E+03   0.162980E-12   0.263957E-13  -0.424678E-13
   0.824000E+03   0.645670E-12   0.524784E-13   0.732062E-13
   0.825000E+03   0.140161E-11   0.911207E-13   0.265493E-12
   0.826000E+03   0.156157E-11   0.102401E-12   0.295388E-12
   0.827000E+03   0.106079E-11   0.825483E-13   0.146327E-12
   0.828000E+03   0.720859E-12   0.685260E-13   0.456294E-13
   0.829000E+03   0.109921E-11   0.861188E-13   0.146605E-12
   0.830000E+03   0.171278E-11   0.114073E-12   0.315114E-12
   0.831000E+03   0.171523E-11   0.114041E-12   0.317497E-12
   0.832000E+03   0.107857E-11   0.841973E-13   0.146698E-12
   0.833000E+03   0.630529E-12   0.616648E-13   0.316111E-13
   0.834000E+03   0.898952E-12   0.706087E-13   0.117476E-12
   0.835000E+03   0.137828E-11   0.886779E-13   0.263784E-12
   0.836000E+03   0.124052E-11   0.786096E-13   0.241351E-12
   0.837000E+03   0.496243E-12   0.407247E-13   0.530065E-13
   0.838000E+03  -0.150937E-13   0.129375E-13  -0.696324E-13
   0.839000E+03   0.208932E-12   0.182742E-13   0.115413E-13
   0.840000E+03   0.638690E-12   0.331578E-13   0.149519E-12
   0.841000E+03   0.456757E-12   0.206733E-13   0.118204E-12
   0.842000E+03  -0.298076E-12  -0.176494E-13  -0.716873E-13
   0.843000E+03  -0.782332E-12  -0.437520E-13  -0.187353E-12
   0.844000E+03  -0.521258E-12  -0.359049E-13  -0.982096E-13
   0.845000E+03  -0.667942E-13  -0.187395E-13   0.427329E-13
   0.846000E+03  -0.223838E-12  -0.286382E-13   0.130016E-13
   0.847000E+03  -0.925557E-12  -0.628340E-13  -0.168792E-12
   0.848000E+03  -0.132581E-11  -0.831849E-13  -0.268962E-12
   0.849000E+03  -0.977799E-12  -0.692569E-13  -0.164507E-12
   0.850000E+03  -0.454609E-12  -0.466554E-13  -0.141277E-13
   0.851000E+03  -0.547883E-12  -0.511932E-13  -0.364505E-13
   0.852000E+03  -0.116401E-11  -0.789615E-13  -0.205222E-12
   0.853000E+03  -0.145638E-11  -0.918824E-13  -0.286359E-12
   0.854000E+03  -0.100690E-11  -0.708591E-13  -0.164583E-12
   0.855000E+03  -0.408422E-12  -0.423698E-13  -0.392650E-14
   0.856000E+03  -0.438036E-12  -0.415665E-13  -0.188387E-13
   0.857000E+03  -0.976411E-12  -0.634824E-13  -0.175657E-12
   0.858000E+03  -0.117925E-11  -0.703273E-13  -0.240549E-12
   0.859000E+03  -0.658617E-12  -0.444793E-13  -0.106292E-12
   0.860000E+03  -0.253246E-13  -0.131743E-13   0.581347E-13
   0.861000E+03  -0.384369E-13  -0.106320E-13   0.431657E-13
   0.862000E+03  -0.551143E-12  -0.306783E-13  -0.109882E-12
   0.863000E+03  -0.722772E-12  -0.359367E-13  -0.167866E-12
   0.864000E+03  -0.197306E-12  -0.104741E-13  -0.321144E-13
   0.865000E+03   0.398467E-12   0.178142E-13   0.123804E-12
   0.866000E+03   0.331076E-12   0.162931E-13   0.967033E-13
   0.867000E+03  -0.214718E-12  -0.665153E-14  -0.624088E-13
   0.868000E+03  -0.393875E-12  -0.132527E-13  -0.119572E-12
   0.869000E+03   0.118820E-12   0.108357E-13   0.155136E-13
   0.870000E+03   0.674546E-12   0.364149E-13   0.163490E-12
   0.871000E+03   0.556342E-12   0.315107E-13   0.125748E-12
   0.872000E+03  -0.192800E-13   0.614937E-14  -0.382897E-13
   0.873000E+03  -0.202770E-12  -0.142552E-14  -0.938351E-13
   0.874000E+03   0.305063E-12   0.220529E-13   0.420690E-13
   0.875000E+03   0.837304E-12   0.464588E-13   0.185222E-12
   0.876000E+03   0.692016E-12   0.403340E-13   0.141413E-12
   0.877000E+03   0.110941E-12   0.147623E-13  -0.228145E-13
   0.878000E+03  -0.586794E-13   0.787335E-14  -0.732555E-13
   0.879000E+03   0.453694E-12   0.316232E-13   0.651966E-13
   0.880000E+03   0.964810E-12   0.550962E-13   0.203942E-12
   0.881000E+03   0.790499E-12   0.475887E-13   0.153787E-12
   0.882000E+03   0.198526E-12   0.213422E-13  -0.114776E-13
   0.883000E+03   0.330057E-13   0.143326E-13  -0.584837E-13
   0.884000E+03   0.535708E-12   0.371839E-13   0.799598E-13
   0.885000E+03   0.100880E-11   0.582964E-13   0.211233E-12
   0.886000E+03   0.788537E-12   0.479238E-13   0.151699E-12
   0.887000E+03   0.170957E-12   0.196895E-13  -0.172241E-13
   0.888000E+03  -0.962690E-15   0.116424E-13  -0.626999E-13
   0.889000E+03   0.488211E-12   0.333066E-13   0.750173E-13
   0.890000E+03   0.928229E-12   0.525642E-13   0.199794E-12
   0.891000E+03   0.675428E-12   0.405754E-13   0.133558E-12
   0.892000E+03   0.500228E-13   0.119955E-13  -0.354708E-13
   0.893000E+03  -0.112407E-12   0.441082E-14  -0.762734E-13
   0.894000E+03   0.372347E-12   0.257953E-13   0.625000E-13
   0.895000E+03   0.780391E-12   0.433616E-13   0.181048E-12
   0.896000E+03   0.489817E-12   0.293134E-13   0.107253E-12
   0.897000E+03  -0.153115E-12  -0.457745E-15  -0.635266E-13
   0.898000E+03  -0.320085E-12  -0.878419E-14  -0.102168E-12
   0.899000E+03   0.140599E-12   0.106018E-13   0.339527E-13
   0.900000E+03   0.490819E-12   0.240985E-13   0.141223E-12
   0.901000E+03   0.132943E-12   0.512315E-14   0.539401E-13
   0.902000E+03  -0.554132E-12  -0.285657E-13  -0.124186E-12
   0.903000E+03  -0.740321E-12  -0.393218E-13  -0.164207E-12
   0.904000E+03  -0.299001E-12  -0.218746E-13  -0.307402E-13
   0.905000E+03   0.192323E-13  -0.105236E-13   0.692005E-13
   0.906000E+03  -0.363825E-12  -0.311370E-13  -0.246230E-13
   0.907000E+03  -0.104447E-11  -0.648099E-13  -0.201762E-12
   0.908000E+03  -0.119626E-11  -0.738732E-13  -0.234561E-12
   0.909000E+03  -0.718228E-12  -0.540728E-13  -0.949089E-13
   0.910000E+03  -0.371802E-12  -0.402425E-13   0.728598E-14
   0.911000E+03  -0.716421E-12  -0.575737E-13  -0.827332E-13
   0.912000E+03  -0.132812E-11  -0.863792E-13  -0.248647E-12
   0.913000E+03  -0.138974E-11  -0.894292E-13  -0.265217E-12
   0.914000E+03  -0.828816E-12  -0.637379E-13  -0.112118E-12
   0.915000E+03  -0.416975E-12  -0.446353E-13  -0.190661E-14
   0.916000E+03  -0.693291E-12  -0.564867E-13  -0.834581E-13
   0.917000E+03  -0.121341E-11  -0.787624E-13  -0.234569E-12
   0.918000E+03  -0.117046E-11  -0.747180E-13  -0.232669E-12
   0.919000E+03  -0.520784E-12  -0.426628E-13  -0.652569E-13
   0.920000E+03  -0.449614E-13  -0.183524E-13   0.527771E-13
   0.921000E+03  -0.260310E-12  -0.252174E-13  -0.212521E-13
   0.922000E+03  -0.701971E-12  -0.418461E-13  -0.159290E-12
   0.923000E+03  -0.574275E-12  -0.320293E-13  -0.141691E-12
   0.924000E+03   0.137105E-12   0.456479E-14   0.361107E-13
   0.925000E+03   0.643109E-12   0.317511E-13   0.157050E-12
   0.926000E+03   0.448995E-12   0.270845E-13   0.848171E-13
   0.927000E+03   0.403440E-13   0.129069E-13  -0.467024E-13
   0.928000E+03   0.201206E-12   0.248873E-13  -0.209472E-13
   0.929000E+03   0.916118E-12   0.619353E-13   0.158610E-12
   0.930000E+03   0.138730E-11   0.873511E-13   0.272716E-12
   0.931000E+03   0.114256E-11   0.796334E-13   0.191422E-12
   0.932000E+03   0.688681E-12   0.621123E-13   0.544423E-13
   0.933000E+03   0.799532E-12   0.700592E-13   0.754043E-13
   0.934000E+03   0.143171E-11   0.101080E-12   0.243076E-12
   0.935000E+03   0.177977E-11   0.117945E-12   0.336153E-12
   0.936000E+03   0.139416E-11   0.100014E-12   0.230936E-12
   0.937000E+03   0.804604E-12   0.717308E-13   0.731045E-13
   0.938000E+03   0.781408E-12   0.685917E-13   0.745091E-13
   0.939000E+03   0.126514E-11   0.879900E-13   0.218485E-12
   0.940000E+03   0.145521E-11   0.933000E-13   0.284212E-12
   0.941000E+03   0.931443E-12   0.653480E-13   0.155570E-12
   0.942000E+03   0.244218E-12   0.295015E-13  -0.163257E-13
   0.943000E+03   0.151602E-12   0.206926E-13  -0.231917E-13
   0.944000E+03   0.568312E-12   0.351814E-13   0.110988E-12
   0.945000E+03   0.691136E-12   0.362367E-13   0.164564E-12
   0.946000E+03   0.124173E-12   0.571980E-14   0.281528E-13
   0.947000E+03  -0.565530E-12  -0.303491E-13  -0.142390E-12
   0.948000E+03  -0.635350E-12  -0.378024E-13  -0.142906E-12
   0.949000E+03  -0.198364E-12  -0.216555E-13  -0.494302E-14
   0.950000E+03  -0.611918E-13  -0.188184E-13   0.490344E-13
   0.951000E+03  -0.596070E-12  -0.464294E-13  -0.836410E-13
   0.952000E+03  -0.122025E-11  -0.778425E-13  -0.242566E-12
   0.953000E+03  -0.120725E-11  -0.796648E-13  -0.227857E-12
   0.954000E+03  -0.697545E-12  -0.581511E-13  -0.784984E-13
   0.955000E+03  -0.499980E-12  -0.503142E-13  -0.174453E-13
   0.956000E+03  -0.962352E-12  -0.722216E-13  -0.140455E-12
   0.957000E+03  -0.148636E-11  -0.965709E-13  -0.282647E-12
   0.958000E+03  -0.136216E-11  -0.907486E-13  -0.248558E-12
   0.959000E+03  -0.757779E-12  -0.622772E-13  -0.846052E-13
   0.960000E+03  -0.484486E-12  -0.483295E-13  -0.141886E-13
   0.961000E+03  -0.866430E-12  -0.639840E-13  -0.126286E-12
   0.962000E+03  -0.129088E-11  -0.813437E-13  -0.251811E-12
   0.963000E+03  -0.106494E-11  -0.685661E-13  -0.199824E-12
   0.964000E+03  -0.383464E-12  -0.343835E-13  -0.239924E-13
   0.965000E+03  -0.594854E-13  -0.161180E-13   0.520247E-13
   0.966000E+03  -0.394266E-12  -0.279495E-13  -0.541227E-13
   0.967000E+03  -0.762072E-12  -0.414951E-13  -0.169514E-12
   0.968000E+03  -0.486944E-12  -0.256645E-13  -0.107817E-12
   0.969000E+03   0.211696E-12   0.976914E-14   0.704728E-13
   0.970000E+03   0.521512E-12   0.274882E-13   0.141922E-12
   0.971000E+03   0.164351E-12   0.141701E-13   0.307482E-13
   0.972000E+03  -0.222603E-12  -0.148676E-14  -0.867950E-13
   0.973000E+03   0.202795E-13   0.108900E-13  -0.290308E-13
   0.974000E+03   0.655328E-12   0.410313E-13   0.137931E-12
   0.975000E+03   0.881976E-12   0.526166E-13   0.193122E-12
   0.976000E+03   0.455627E-12   0.341616E-13   0.694084E-13
   0.977000E+03   0.292540E-13   0.151236E-13  -0.528432E-13
   0.978000E+03   0.242879E-12   0.248595E-13   0.264933E-14
   0.979000E+03   0.832506E-12   0.517986E-13   0.162550E-12
   0.980000E+03   0.100074E-11   0.597550E-13   0.206713E-12
   0.981000E+03   0.530368E-12   0.385141E-13   0.754838E-13
   0.982000E+03   0.872328E-13   0.180995E-13  -0.472097E-13
   0.983000E+03   0.291402E-12   0.268984E-13   0.950975E-14
   0.984000E+03   0.853238E-12   0.521229E-13   0.165341E-12
   0.985000E+03   0.978624E-12   0.577149E-13   0.201105E-12
   0.986000E+03   0.476544E-12   0.346255E-13   0.644222E-13
   0.987000E+03   0.240291E-13   0.133256E-13  -0.576140E-13
   0.988000E+03   0.220521E-12   0.211922E-13   0.277198E-15
   0.989000E+03   0.751926E-12   0.442995E-13   0.151080E-12
   0.990000E+03   0.829972E-12   0.469073E-13   0.177139E-12
   0.991000E+03   0.292958E-12   0.214154E-13   0.339510E-13
   0.992000E+03  -0.167512E-12  -0.903199E-15  -0.876376E-13
   0.993000E+03   0.308038E-13   0.666564E-14  -0.273177E-13
   0.994000E+03   0.551505E-12   0.292356E-13   0.121643E-12
   0.995000E+03   0.611039E-12   0.312397E-13   0.142964E-12
   0.996000E+03   0.721374E-13   0.607346E-14  -0.923159E-15
   0.997000E+03  -0.365188E-12  -0.147126E-13  -0.116669E-12
   0.998000E+03  -0.139666E-12  -0.537503E-14  -0.496747E-13
   0.999000E+03   0.389929E-12   0.182338E-13   0.100623E-12
   0.100000E+04   0.446105E-12   0.208288E-13   0.119700E-12
   0.100100E+04  -0.844302E-13  -0.322366E-14  -0.231296E-13
   0.100200E+04  -0.495893E-12  -0.222942E-13  -0.132582E-12
   0.100300E+04  -0.250000E-12  -0.117746E-13  -0.602091E-13
   0.100400E+04   0.273204E-12   0.115877E-13   0.886326E-13
   0.100500E+04   0.305505E-12   0.130368E-13   0.101845E-12
   0.100600E+04  -0.240557E-12  -0.119459E-13  -0.440833E-13
   0.100700E+04  -0.654793E-12  -0.317887E-13  -0.152378E-12
   0.100800E+04  -0.424118E-12  -0.232607E-13  -0.813345E-13
   0.100900E+04   0.518049E-13  -0.392081E-14   0.580439E-13
   0.101000E+04   0.221101E-13  -0.729091E-14   0.577109E-13
   0.101100E+04  -0.562687E-12  -0.356143E-13  -0.962523E-13
   0.101200E+04  -0.977685E-12  -0.563436E-13  -0.203572E-12
   0.101300E+04  -0.732028E-12  -0.473172E-13  -0.128730E-12
   0.101400E+04  -0.250948E-12  -0.275094E-13   0.104682E-13
   0.101500E+04  -0.279619E-12  -0.303658E-13   0.774847E-14
   0.101600E+04  -0.840954E-12  -0.569251E-13  -0.143472E-12
   0.101700E+04  -0.120148E-11  -0.741675E-13  -0.240631E-12
   0.101800E+04  -0.892439E-12  -0.609115E-13  -0.154283E-12
   0.101900E+04  -0.361566E-12  -0.372239E-13  -0.825366E-14
   0.102000E+04  -0.346830E-12  -0.363220E-13  -0.657645E-14
   0.102100E+04  -0.846535E-12  -0.581875E-13  -0.148829E-12
   0.102200E+04  -0.112212E-11  -0.695989E-13  -0.230885E-12
   0.102300E+04  -0.728818E-12  -0.505012E-13  -0.129750E-12
   0.102400E+04  -0.136096E-12  -0.220056E-13   0.249436E-13
   0.102500E+04  -0.731112E-13  -0.169817E-13   0.317944E-13
   0.102600E+04  -0.513020E-12  -0.342944E-13  -0.101672E-12
   0.102700E+04  -0.712497E-12  -0.405091E-13  -0.169898E-12
   0.102800E+04  -0.250254E-12  -0.166365E-13  -0.562843E-13
   0.102900E+04   0.384335E-12   0.152997E-13   0.104125E-12
   0.103000E+04   0.472444E-12   0.228739E-13   0.112897E-12
   0.103100E+04   0.655615E-13   0.828776E-14  -0.154742E-13
   0.103200E+04  -0.902544E-13   0.503072E-14  -0.744902E-13
   0.103300E+04   0.401570E-12   0.309219E-13   0.457697E-13
   0.103400E+04   0.103266E-11   0.630778E-13   0.205079E-12
   0.103500E+04   0.109632E-11   0.696501E-13   0.208393E-12
   0.103600E+04   0.669114E-12   0.539513E-13   0.772267E-13
   0.103700E+04   0.498305E-12   0.494121E-13   0.186241E-13
   0.103800E+04   0.954186E-12   0.725257E-13   0.135442E-12
   0.103900E+04   0.150983E-11   0.995290E-13   0.282352E-12
   0.104000E+04   0.147318E-11   0.993124E-13   0.268165E-12
   0.104100E+04   0.948383E-12   0.765084E-13   0.121814E-12
   0.104200E+04   0.685176E-12   0.645908E-13   0.509422E-13
   0.104300E+04   0.102837E-11   0.787468E-13   0.151326E-12
   0.104400E+04   0.143550E-11   0.945141E-13   0.273035E-12
   0.104500E+04   0.123641E-11   0.821274E-13   0.230131E-12
   0.104600E+04   0.573834E-12   0.485764E-13   0.610905E-13
   0.104700E+04   0.210894E-12   0.284671E-13  -0.237241E-13
   0.104800E+04   0.472401E-12   0.362349E-13   0.654991E-13
   0.104900E+04   0.796594E-12   0.463387E-13   0.173560E-12
   0.105000E+04   0.522920E-12   0.291604E-13   0.117393E-12
   0.105100E+04  -0.182391E-12  -0.736430E-14  -0.579870E-13
   0.105200E+04  -0.553627E-12  -0.284403E-13  -0.141628E-12
   0.105300E+04  -0.288744E-12  -0.205715E-13  -0.501205E-13
   0.105400E+04   0.340156E-13  -0.100665E-13   0.568510E-13
   0.105500E+04  -0.233514E-12  -0.260926E-13  -0.143966E-15
   0.105600E+04  -0.902536E-12  -0.597843E-13  -0.169641E-12
   0.105700E+04  -0.120825E-11  -0.764150E-13  -0.240794E-12
   0.105800E+04  -0.874060E-12  -0.636501E-13  -0.137099E-12
   0.105900E+04  -0.494798E-12  -0.485963E-13  -0.226554E-13
   0.106000E+04  -0.705148E-12  -0.598839E-13  -0.729591E-13
   0.106100E+04  -0.129348E-11  -0.876620E-13  -0.230040E-12
   0.106200E+04  -0.149653E-11  -0.972791E-13  -0.283327E-12
   0.106300E+04  -0.106317E-11  -0.775468E-13  -0.163224E-12
   0.106400E+04  -0.603548E-12  -0.562828E-13  -0.379283E-13
   0.106500E+04  -0.737635E-12  -0.614945E-13  -0.787053E-13
   0.106600E+04  -0.123138E-11  -0.823680E-13  -0.221191E-12
   0.106700E+04  -0.132488E-11  -0.844575E-13  -0.255517E-12
   0.106800E+04  -0.793819E-12  -0.578416E-13  -0.119280E-12
   0.106900E+04  -0.263375E-12  -0.310544E-13   0.153542E-13
   0.107000E+04  -0.337555E-12  -0.313870E-13  -0.183425E-13
   0.107100E+04  -0.759351E-12  -0.469876E-13  -0.149524E-12
   0.107200E+04  -0.773043E-12  -0.436512E-13  -0.169254E-12
   0.107300E+04  -0.182436E-12  -0.128454E-13  -0.225958E-13
   0.107400E+04   0.371739E-12   0.160776E-13   0.114237E-12
   0.107500E+04   0.301952E-12   0.165457E-13   0.791680E-13
   0.107600E+04  -0.110819E-12   0.154042E-14  -0.503549E-13
   0.107700E+04  -0.114294E-12   0.510397E-14  -0.663180E-13
   0.107800E+04   0.459784E-12   0.343526E-13   0.786680E-13
   0.107900E+04   0.955346E-12   0.590371E-13   0.204319E-12
   0.108000E+04   0.803335E-12   0.534040E-13   0.153523E-12
   0.108100E+04   0.314601E-12   0.321018E-13   0.113699E-13
   0.108200E+04   0.248252E-12   0.300038E-13  -0.131177E-13
   0.108300E+04   0.755959E-12   0.538864E-13   0.122142E-12
   0.108400E+04   0.117267E-11   0.731644E-13   0.234112E-12
   0.108500E+04   0.944697E-12   0.625661E-13   0.170037E-12
   0.108600E+04   0.401555E-12   0.373468E-13   0.203524E-13
   0.108700E+04   0.296735E-12   0.320618E-13  -0.746949E-14
   0.108800E+04   0.758508E-12   0.525189E-13   0.122020E-12
   0.108900E+04   0.111315E-11   0.678253E-13   0.223236E-12
   0.109000E+04   0.825682E-12   0.535301E-13   0.148590E-12
   0.109100E+04   0.245779E-12   0.256995E-13  -0.579740E-14
   0.109200E+04   0.119734E-12   0.184824E-13  -0.343349E-13
   0.109300E+04   0.550236E-12   0.365172E-13   0.913704E-13
   0.109400E+04   0.854839E-12   0.485566E-13   0.183232E-12
   0.109500E+04   0.519728E-12   0.311765E-13   0.993491E-13
   0.109600E+04  -0.817726E-13   0.160764E-14  -0.578203E-13
   0.109700E+04  -0.207632E-12  -0.608687E-14  -0.840429E-13
   0.109800E+04   0.220834E-12   0.117149E-13   0.423384E-13
   0.109900E+04   0.512104E-12   0.233444E-13   0.130744E-12
   0.110000E+04   0.170948E-12   0.614558E-14   0.445086E-13
   0.110100E+04  -0.409774E-12  -0.218370E-13  -0.108400E-12
   0.110200E+04  -0.496098E-12  -0.269319E-13  -0.125891E-12
   0.110300E+04  -0.353030E-13  -0.670219E-14   0.661209E-14
   0.110400E+04   0.271790E-12   0.672315E-14   0.961021E-13
   0.110500E+04  -0.513757E-13  -0.853476E-14   0.112538E-13
   0.110600E+04  -0.592977E-12  -0.336213E-13  -0.134562E-12
   0.110700E+04  -0.627932E-12  -0.352769E-13  -0.141578E-12
   0.110800E+04  -0.129762E-12  -0.122686E-13  -0.232865E-14
   0.110900E+04   0.191513E-12   0.278325E-14   0.878369E-13
   0.111000E+04  -0.122326E-12  -0.112841E-13   0.288261E-14
   0.111100E+04  -0.641343E-12  -0.348730E-13  -0.138658E-12
   0.111200E+04  -0.649656E-12  -0.351472E-13  -0.139507E-12
   0.111300E+04  -0.146025E-12  -0.120147E-13   0.839520E-15
   0.111400E+04   0.152150E-12   0.150713E-14   0.850342E-13
   0.111500E+04  -0.193193E-12  -0.149206E-13  -0.737072E-14
   0.111600E+04  -0.731464E-12  -0.407312E-13  -0.152312E-12
   0.111700E+04  -0.750803E-12  -0.430132E-13  -0.154098E-12
   0.111800E+04  -0.266999E-12  -0.220540E-13  -0.175718E-13
   0.111900E+04   0.320293E-14  -0.105453E-13   0.595881E-13
   0.112000E+04  -0.355206E-12  -0.277436E-13  -0.368669E-13
   0.112100E+04  -0.875580E-12  -0.525238E-13  -0.178311E-12
   0.112200E+04  -0.859519E-12  -0.527638E-13  -0.172584E-12
   0.112300E+04  -0.348719E-12  -0.299760E-13  -0.316202E-13
   0.112400E+04  -0.639013E-13  -0.169817E-13   0.457654E-13
   0.112500E+04  -0.397644E-12  -0.319865E-13  -0.484738E-13
   0.112600E+04  -0.866399E-12  -0.531412E-13  -0.180913E-12
   0.112700E+04  -0.784916E-12  -0.490005E-13  -0.162817E-12
   0.112800E+04  -0.221417E-12  -0.223367E-13  -0.132536E-13
   0.112900E+04   0.982540E-13  -0.623318E-14   0.677020E-13
   0.113000E+04  -0.197336E-12  -0.179738E-13  -0.220061E-13
   0.113100E+04  -0.608670E-12  -0.350393E-13  -0.144380E-12
   0.113200E+04  -0.463549E-12  -0.266152E-13  -0.114143E-12
   0.113300E+04   0.144581E-12   0.337797E-14   0.427719E-13
   0.113400E+04   0.486400E-12   0.217040E-13   0.125408E-12
   0.113500E+04   0.212441E-12   0.120547E-13   0.378710E-13
   0.113600E+04  -0.161989E-12  -0.237406E-14  -0.773735E-13
   0.113700E+04   0.220118E-13   0.860399E-14  -0.386299E-13
   0.113800E+04   0.646152E-12   0.399368E-13   0.121381E-12
   0.113900E+04   0.978057E-12   0.582282E-13   0.200956E-12
   0.114000E+04   0.689753E-12   0.480819E-13   0.110278E-12
   0.114100E+04   0.311239E-12   0.332939E-13  -0.399587E-14
   0.114200E+04   0.487848E-12   0.434231E-13   0.361257E-13
   0.114300E+04   0.107768E-11   0.723806E-13   0.191375E-12
   0.114400E+04   0.134684E-11   0.866952E-13   0.259634E-12
   0.114500E+04   0.988937E-12   0.718537E-13   0.157148E-12
   0.114600E+04   0.547689E-12   0.521612E-13   0.344491E-13
   0.114700E+04   0.655447E-12   0.566028E-13   0.658156E-13
   0.114800E+04   0.115086E-11   0.783970E-13   0.206203E-12
   0.114900E+04   0.130487E-11   0.845278E-13   0.254334E-12
   0.115000E+04   0.837527E-12   0.617768E-13   0.133419E-12
   0.115100E+04   0.307195E-12   0.350414E-13  -0.208806E-14
   0.115200E+04   0.331656E-12   0.325815E-13   0.179443E-13
   0.115300E+04   0.729699E-12   0.468513E-13   0.142597E-12
   0.115400E+04   0.779864E-12   0.455111E-13   0.172050E-12
   0.115500E+04   0.232803E-12   0.170432E-13   0.373675E-13
   0.115600E+04  -0.336609E-12  -0.128220E-13  -0.102697E-12
   0.115700E+04  -0.327934E-12  -0.167602E-13  -0.827141E-13
   0.115800E+04   0.509611E-13  -0.372521E-14   0.392340E-13
   0.115900E+04   0.783017E-13  -0.615175E-14   0.633176E-13
   0.116000E+04  -0.470594E-12  -0.343946E-13  -0.726396E-13
   0.116100E+04  -0.100665E-11  -0.620257E-13  -0.205994E-12
   0.116200E+04  -0.945952E-12  -0.624923E-13  -0.175785E-12
   0.116300E+04  -0.521265E-12  -0.459554E-13  -0.467723E-13
   0.116400E+04  -0.454391E-12  -0.449199E-13  -0.185935E-13
   0.116500E+04  -0.947283E-12  -0.687441E-13  -0.146985E-12
   0.116600E+04  -0.139934E-11  -0.905036E-13  -0.265968E-12
   0.116700E+04  -0.124442E-11  -0.844921E-13  -0.219312E-12
   0.116800E+04  -0.739348E-12  -0.620084E-13  -0.782439E-13
   0.116900E+04  -0.604569E-12  -0.555297E-13  -0.418559E-13
   0.117000E+04  -0.101909E-11  -0.733997E-13  -0.159385E-12
   0.117100E+04  -0.137161E-11  -0.882380E-13  -0.261734E-12
   0.117200E+04  -0.111398E-11  -0.751790E-13  -0.197496E-12
   0.117300E+04  -0.525915E-12  -0.465676E-13  -0.440996E-13
   0.117400E+04  -0.325191E-12  -0.347696E-13   0.227694E-15
   0.117500E+04  -0.668249E-12  -0.471556E-13  -0.107320E-12
   0.117600E+04  -0.935111E-12  -0.560428E-13  -0.194986E-12
   0.117700E+04  -0.597126E-12  -0.375202E-13  -0.116523E-12
   0.117800E+04   0.437727E-13  -0.493230E-14   0.446108E-13
   0.117900E+04   0.274399E-12   0.961014E-14   0.914993E-13
   0.118000E+04  -0.385520E-13  -0.246012E-15  -0.121272E-13
   0.118100E+04  -0.268368E-12  -0.667870E-14  -0.923311E-13
   0.118200E+04   0.914976E-13   0.130238E-13  -0.863283E-14
   0.118300E+04   0.716748E-12   0.444547E-13   0.149426E-12
   0.118400E+04   0.902304E-12   0.560241E-13   0.186941E-12
   0.118500E+04   0.543325E-12   0.428686E-13   0.751733E-13
   0.118600E+04   0.277396E-12   0.333396E-13  -0.908330E-14
   0.118700E+04   0.590462E-12   0.490658E-13   0.690318E-13
   0.118800E+04   0.113591E-11   0.745038E-13   0.213821E-12
   0.118900E+04   0.121779E-11   0.786017E-13   0.232568E-12
   0.119000E+04   0.763368E-12   0.583102E-13   0.104746E-12
   0.119100E+04   0.426554E-12   0.430675E-13   0.110367E-13
   0.119200E+04   0.677059E-12   0.538646E-13   0.815249E-13
   0.119300E+04   0.114592E-11   0.739942E-13   0.214387E-12
   0.119400E+04   0.114083E-11   0.723695E-13   0.218033E-12
   0.119500E+04   0.612617E-12   0.469375E-13   0.784375E-13
   0.119600E+04   0.224772E-12   0.276240E-13  -0.212315E-13
   0.119700E+04   0.429275E-12   0.346866E-13   0.440556E-13
   0.119800E+04   0.838226E-12   0.505872E-13   0.167136E-12
   0.119900E+04   0.767716E-12   0.446501E-13   0.158624E-12
   0.120000E+04   0.194920E-12   0.161049E-13   0.115813E-13
   0.120100E+04  -0.206980E-12  -0.457011E-14  -0.883397E-13
   0.120200E+04  -0.481724E-14   0.207758E-14  -0.213961E-13
   0.120300E+04   0.393185E-12   0.175343E-13   0.997034E-13
   0.120400E+04   0.309296E-12   0.113041E-13   0.874260E-13
   0.120500E+04  -0.256480E-12  -0.164130E-13  -0.587372E-13
   0.120600E+04  -0.624835E-12  -0.348659E-13  -0.151381E-12
   0.120700E+04  -0.382932E-12  -0.255095E-13  -0.763363E-13
   0.120800E+04   0.417607E-13  -0.773761E-14   0.484391E-13
   0.120900E+04  -0.206523E-13  -0.117269E-13   0.376933E-13
   0.121000E+04  -0.547555E-12  -0.363062E-13  -0.102670E-12
   0.121100E+04  -0.855774E-12  -0.506152E-13  -0.183977E-12
   0.121200E+04  -0.554909E-12  -0.371866E-13  -0.980620E-13
   0.121300E+04  -0.916540E-13  -0.163107E-13   0.319371E-13
   0.121400E+04  -0.126423E-12  -0.177171E-13   0.234486E-13
   0.121500E+04  -0.613039E-12  -0.391642E-13  -0.111025E-12
   0.121600E+04  -0.865701E-12  -0.497622E-13  -0.181851E-12
   0.121700E+04  -0.518863E-12  -0.333435E-13  -0.873983E-13
   0.121800E+04  -0.395441E-13  -0.112417E-13   0.438110E-13
   0.121900E+04  -0.767602E-13  -0.126054E-13   0.322945E-13
   0.122000E+04  -0.556382E-12  -0.337105E-13  -0.102009E-12
   0.122100E+04  -0.785487E-12  -0.431904E-13  -0.167723E-12
   0.122200E+04  -0.421341E-12  -0.259986E-13  -0.694352E-13
   0.122300E+04   0.474719E-13  -0.470503E-14   0.586472E-13
   0.122400E+04  -0.192941E-13  -0.820941E-14   0.395628E-13
   0.122500E+04  -0.519862E-12  -0.313577E-13  -0.994555E-13
   0.122600E+04  -0.749560E-12  -0.418334E-13  -0.164437E-12
   0.122700E+04  -0.380314E-12  -0.249079E-13  -0.645683E-13
   0.122800E+04   0.840861E-13  -0.379766E-14   0.616059E-13
   0.122900E+04   0.115454E-13  -0.724101E-14   0.395861E-13
   0.123000E+04  -0.476441E-12  -0.294013E-13  -0.977006E-13
   0.123100E+04  -0.673527E-12  -0.379296E-13  -0.155757E-12
   0.123200E+04  -0.272320E-12  -0.189556E-13  -0.495529E-13
   0.123300E+04   0.208207E-12   0.366389E-14   0.781585E-13
   0.123400E+04   0.147046E-12   0.164154E-14   0.560681E-13
   0.123500E+04  -0.313032E-12  -0.183074E-13  -0.768306E-13
   0.123600E+04  -0.465111E-12  -0.238436E-13  -0.125747E-12
   0.123700E+04  -0.243313E-13  -0.210906E-14  -0.118026E-13
   0.123800E+04   0.474524E-12   0.223083E-13   0.117965E-12
   0.123900E+04   0.421966E-12   0.215783E-13   0.955688E-13
   0.124000E+04  -0.178179E-13   0.331712E-14  -0.339287E-13
   0.124100E+04  -0.137801E-12  -0.152173E-15  -0.756023E-13
   0.124200E+04   0.324347E-12   0.230253E-13   0.432490E-13
   0.124300E+04   0.819222E-12   0.476076E-13   0.171584E-12
   0.124400E+04   0.750424E-12   0.463333E-13   0.145087E-12
   0.124500E+04   0.304130E-12   0.277787E-13   0.149631E-13
   0.124600E+04   0.186790E-12   0.242112E-13  -0.239542E-13
   0.124700E+04   0.637307E-12   0.463926E-13   0.946304E-13
   0.124800E+04   0.109161E-11   0.683725E-13   0.215679E-12
   0.124900E+04   0.967241E-12   0.634941E-13   0.178734E-12
   0.125000E+04   0.473681E-12   0.414171E-13   0.413487E-13
   0.125100E+04   0.318462E-12   0.345343E-13  -0.150179E-14
   0.125200E+04   0.719325E-12   0.527200E-13   0.110468E-12
   0.125300E+04   0.110021E-11   0.695186E-13   0.218771E-12
   0.125400E+04   0.895014E-12   0.590624E-13   0.167299E-12
   0.125500E+04   0.337993E-12   0.322457E-13   0.202179E-13
   0.125600E+04   0.138155E-12   0.216603E-13  -0.273494E-13
   0.125700E+04   0.491009E-12   0.361916E-13   0.786318E-13
   0.125800E+04   0.805397E-12   0.485292E-13   0.175619E-12
   0.125900E+04   0.526806E-12   0.330865E-13   0.110899E-12
   0.126000E+04  -0.893803E-13   0.163798E-14  -0.455607E-13
   0.126100E+04  -0.331520E-12  -0.128807E-13  -0.983241E-13
   0.126200E+04  -0.191408E-13  -0.186581E-14   0.184840E-14
   0.126300E+04   0.250943E-12   0.740923E-14   0.903538E-13
   0.126400E+04  -0.589781E-13  -0.987105E-14   0.190030E-13
   0.126500E+04  -0.675295E-12  -0.413010E-13  -0.137021E-12
   0.126600E+04  -0.892585E-12  -0.544051E-13  -0.183796E-12
   0.126700E+04  -0.554257E-12  -0.416909E-13  -0.786345E-13
   0.126800E+04  -0.267090E-12  -0.308161E-13   0.110477E-13
   0.126900E+04  -0.551829E-12  -0.457930E-13  -0.582481E-13
   0.127000E+04  -0.111506E-11  -0.733645E-13  -0.205729E-12
   0.127100E+04  -0.125708E-11  -0.813840E-13  -0.238852E-12
   0.127200E+04  -0.846017E-12  -0.635151E-13  -0.121589E-12
   0.127300E+04  -0.499941E-12  -0.479460E-13  -0.243435E-13
   0.127400E+04  -0.723988E-12  -0.580309E-13  -0.861325E-13
   0.127500E+04  -0.120617E-11  -0.797513E-13  -0.220816E-12
   0.127600E+04  -0.125309E-11  -0.813036E-13  -0.237395E-12
   0.127700E+04  -0.757020E-12  -0.574456E-13  -0.106389E-12
   0.127800E+04  -0.345893E-12  -0.367905E-13  -0.829896E-15
   0.127900E+04  -0.508064E-12  -0.419478E-13  -0.549828E-13
   0.128000E+04  -0.912906E-12  -0.581112E-13  -0.177382E-12
   0.128100E+04  -0.873968E-12  -0.538430E-13  -0.178762E-12
   0.128200E+04  -0.307981E-12  -0.250268E-13  -0.362567E-13
   0.128300E+04   0.147424E-12  -0.728415E-15   0.745447E-13
   0.128400E+04   0.204765E-13  -0.285880E-14   0.241230E-13
   0.128500E+04  -0.340501E-12  -0.158965E-13  -0.909643E-13
   0.128600E+04  -0.256881E-12  -0.882464E-14  -0.834380E-13
   0.128700E+04   0.330471E-12   0.213686E-13   0.629990E-13
   0.128800E+04   0.775944E-12   0.452779E-13   0.170572E-12
   0.128900E+04   0.626619E-12   0.418684E-13   0.114961E-12
   0.129000E+04   0.250686E-12   0.275892E-13  -0.182586E-14
   0.129100E+04   0.321089E-12   0.332581E-13   0.583426E-14
   0.129200E+04   0.874742E-12   0.609389E-13   0.147997E-12
   0.129300E+04   0.125838E-11   0.808475E-13   0.244757E-12
   0.129400E+04   0.103547E-11   0.725273E-13   0.176450E-12
   0.129500E+04   0.590112E-12   0.529558E-13   0.496082E-13
   0.129600E+04   0.588074E-12   0.526042E-13   0.477549E-13
   0.129700E+04   0.104842E-11   0.729756E-13   0.175523E-12
   0.129800E+04   0.131959E-11   0.847522E-13   0.252784E-12
   0.129900E+04   0.990602E-12   0.689030E-13   0.166378E-12
   0.130000E+04   0.464935E-12   0.432826E-13   0.280016E-13
   0.130100E+04   0.397728E-12   0.377075E-13   0.183000E-13
   0.130200E+04   0.783433E-12   0.524512E-13   0.135095E-12
   0.130300E+04   0.967084E-12   0.581248E-13   0.197048E-12
   0.130400E+04   0.562270E-12   0.370222E-13   0.973622E-13
   0.130500E+04  -0.596724E-14   0.814334E-14  -0.466370E-13
   0.130600E+04  -0.906836E-13   0.959955E-15  -0.566583E-13
   0.130700E+04   0.277946E-12   0.145549E-13   0.584083E-13
   0.130800E+04   0.438173E-12   0.191457E-13   0.115480E-12
   0.130900E+04   0.225964E-13  -0.216765E-14   0.131077E-13
   0.131000E+04  -0.527392E-12  -0.296834E-13  -0.126781E-12
   0.131100E+04  -0.575599E-12  -0.344575E-13  -0.128758E-12
   0.131200E+04  -0.176357E-12  -0.185340E-13  -0.827001E-14
   0.131300E+04   0.346151E-14  -0.119458E-13   0.502976E-13
   0.131400E+04  -0.383899E-12  -0.307230E-13  -0.489625E-13
   0.131500E+04  -0.881489E-12  -0.544958E-13  -0.179690E-12
   0.131600E+04  -0.864637E-12  -0.548779E-13  -0.169509E-12
   0.131700E+04  -0.411332E-12  -0.349959E-13  -0.403024E-13
   0.131800E+04  -0.192487E-12  -0.250678E-13   0.225175E-13
   0.131900E+04  -0.536386E-12  -0.402868E-13  -0.714241E-13
   0.132000E+04  -0.972489E-12  -0.597740E-13  -0.191773E-12
   0.132100E+04  -0.889688E-12  -0.558621E-13  -0.169666E-12
   0.132200E+04  -0.389526E-12  -0.327583E-13  -0.333831E-13
   0.132300E+04  -0.144450E-12  -0.206627E-13   0.311995E-13
   0.132400E+04  -0.460195E-12  -0.336526E-13  -0.601214E-13
   0.132500E+04  -0.850893E-12  -0.501471E-13  -0.172704E-12
   0.132600E+04  -0.718803E-12  -0.431541E-13  -0.141221E-12
   0.132700E+04  -0.189409E-12  -0.180206E-13  -0.446523E-15
   0.132800E+04   0.627413E-13  -0.504048E-14   0.631922E-13
   0.132900E+04  -0.246882E-12  -0.173406E-13  -0.286356E-13
   0.133000E+04  -0.619376E-12  -0.328574E-13  -0.137569E-12
   0.133100E+04  -0.472126E-12  -0.254441E-13  -0.102297E-12
   0.133200E+04   0.465782E-13  -0.152187E-14   0.360970E-13
   0.133300E+04   0.265230E-12   0.895589E-14   0.916782E-13
   0.133400E+04  -0.718260E-13  -0.547158E-14  -0.646521E-14
   0.133500E+04  -0.445820E-12  -0.215694E-13  -0.114925E-12
   0.133600E+04  -0.286498E-12  -0.137391E-13  -0.758950E-13
   0.133700E+04   0.232436E-12   0.102575E-13   0.627137E-13
   0.133800E+04   0.435837E-12   0.201208E-13   0.114164E-12
   0.133900E+04   0.894973E-13   0.533485E-14   0.134922E-13
   0.134000E+04  -0.272509E-12  -0.100829E-13  -0.917763E-13
   0.134100E+04  -0.923824E-13  -0.103014E-14  -0.473405E-13
   0.134200E+04   0.433559E-12   0.236778E-13   0.927118E-13
   0.134300E+04   0.628713E-12   0.335926E-13   0.141396E-12
   0.134400E+04   0.279524E-12   0.190736E-13   0.395879E-13
   0.134500E+04  -0.676226E-13   0.467555E-14  -0.617005E-13
   0.134600E+04   0.130260E-12   0.148117E-13  -0.121854E-13
   0.134700E+04   0.654300E-12   0.396065E-13   0.127908E-12
   0.134800E+04   0.828059E-12   0.485789E-13   0.171729E-12
   0.134900E+04   0.459722E-12   0.330552E-13   0.662181E-13
   0.135000E+04   0.107846E-12   0.181391E-13  -0.342235E-13
   0.135100E+04   0.300465E-12   0.275571E-13   0.165707E-13
   0.135200E+04   0.797263E-12   0.504464E-13   0.152447E-12
   0.135300E+04   0.923851E-12   0.564148E-13   0.187085E-12
   0.135400E+04   0.511353E-12   0.378418E-13   0.736907E-13
   0.135500E+04   0.130694E-12   0.204117E-13  -0.299980E-13
   0.135600E+04   0.295629E-12   0.272396E-13   0.181219E-13
   0.135700E+04   0.746999E-12   0.466970E-13   0.146493E-12
   0.135800E+04   0.816331E-12   0.488115E-13   0.170153E-12
   0.135900E+04   0.360294E-12   0.272671E-13   0.491293E-13
   0.136000E+04  -0.385222E-13   0.830882E-14  -0.556751E-13
   0.136100E+04   0.115620E-12   0.141220E-13  -0.698236E-14
   0.136200E+04   0.540057E-12   0.318568E-13   0.117359E-12
   0.136300E+04   0.568646E-12   0.315866E-13   0.133101E-12
   0.136400E+04   0.816889E-13   0.811593E-14   0.672088E-14
   0.136500E+04  -0.327357E-12  -0.117907E-13  -0.979214E-13
   0.136600E+04  -0.181136E-12  -0.689607E-14  -0.485080E-13
   0.136700E+04   0.214248E-12   0.869770E-14   0.708241E-13
   0.136800E+04   0.196320E-12   0.517803E-14   0.768174E-13
   0.136900E+04  -0.327236E-12  -0.211890E-13  -0.568686E-13
   0.137000E+04  -0.745753E-12  -0.424794E-13  -0.162208E-12
   0.137100E+04  -0.593286E-12  -0.377047E-13  -0.110469E-12
   0.137200E+04  -0.195552E-12  -0.218673E-13   0.873373E-14
   0.137300E+04  -0.213667E-12  -0.249226E-13   0.127319E-13
   0.137400E+04  -0.720294E-12  -0.498839E-13  -0.119179E-12
   0.137500E+04  -0.109610E-11  -0.684403E-13  -0.216553E-12
   0.137600E+04  -0.891047E-12  -0.602315E-13  -0.155125E-12
   0.137700E+04  -0.449752E-12  -0.410766E-13  -0.297360E-13
   0.137800E+04  -0.429335E-12  -0.408161E-13  -0.217899E-13
   0.137900E+04  -0.882123E-12  -0.616442E-13  -0.146143E-12
   0.138000E+04  -0.118225E-11  -0.750045E-13  -0.230355E-12
   0.138100E+04  -0.898101E-12  -0.613722E-13  -0.155147E-12
   0.138200E+04  -0.393990E-12  -0.374681E-13  -0.206802E-13
   0.138300E+04  -0.322241E-12  -0.329730E-13  -0.687061E-14
   0.138400E+04  -0.714377E-12  -0.492114E-13  -0.122619E-12
   0.138500E+04  -0.938526E-12  -0.573935E-13  -0.193652E-12
   0.138600E+04  -0.581918E-12  -0.388428E-13  -0.105777E-12
   0.138700E+04  -0.275345E-13  -0.111130E-13   0.357464E-13
   0.138800E+04   0.787600E-13  -0.360718E-14   0.528709E-13
   0.138900E+04  -0.273263E-12  -0.167424E-13  -0.572774E-13
   0.139000E+04  -0.447184E-12  -0.216112E-13  -0.118964E-12
   0.139100E+04  -0.509353E-13  -0.558092E-15  -0.235258E-13
   0.139200E+04   0.513865E-12   0.279990E-13   0.118705E-12
   0.139300E+04   0.610653E-12   0.351626E-13   0.132154E-12
   0.139400E+04   0.254765E-12   0.218295E-13   0.208159E-13
   0.139500E+04   0.904750E-13   0.173740E-13  -0.375193E-13
   0.139600E+04   0.489729E-12   0.384979E-13   0.603528E-13
   0.139700E+04   0.102994E-11   0.656576E-13   0.198570E-12
   0.139800E+04   0.107998E-11   0.700424E-13   0.203281E-12
   0.139900E+04   0.677664E-12   0.535564E-13   0.846923E-13
   0.140000E+04   0.474547E-12   0.460078E-13   0.224470E-13
   0.140100E+04   0.824259E-12   0.633139E-13   0.114575E-12
   0.140200E+04   0.128538E-11   0.849491E-13   0.240078E-12
   0.140300E+04   0.123299E-11   0.821794E-13   0.226928E-12
   0.140400E+04   0.727614E-12   0.578992E-13   0.914914E-13
   0.140500E+04   0.431173E-12   0.426436E-13   0.157386E-13
   0.140600E+04   0.686880E-12   0.522962E-13   0.940344E-13
   0.140700E+04   0.104487E-11   0.663039E-13   0.202339E-12
   0.140800E+04   0.893468E-12   0.566424E-13   0.171897E-12
   0.140900E+04   0.315307E-12   0.271304E-13   0.250684E-13
   0.141000E+04  -0.248483E-13   0.834615E-14  -0.554158E-13
   0.141100E+04   0.196563E-12   0.152838E-13   0.192921E-13
   0.141200E+04   0.514874E-12   0.267613E-13   0.120954E-12
   0.141300E+04   0.328995E-12   0.152288E-13   0.837159E-13
   0.141400E+04  -0.257424E-12  -0.146078E-13  -0.641698E-13
   0.141500E+04  -0.578123E-12  -0.321651E-13  -0.139426E-12
   0.141600E+04  -0.330824E-12  -0.234358E-13  -0.589808E-13
   0.141700E+04   0.383074E-14  -0.103384E-13   0.446093E-13
   0.141800E+04  -0.165422E-12  -0.200294E-13   0.833945E-14
   0.141900E+04  -0.714847E-12  -0.469754E-13  -0.133802E-12
   0.142000E+04  -0.977616E-12  -0.606253E-13  -0.198207E-12
   0.142100E+04  -0.672740E-12  -0.479354E-13  -0.107580E-12
   0.142200E+04  -0.295559E-12  -0.314633E-13   0.151219E-14
   0.142300E+04  -0.426033E-12  -0.378605E-13  -0.307378E-13
   0.142400E+04  -0.920131E-12  -0.607395E-13  -0.164585E-12
   0.142500E+04  -0.111171E-11  -0.696687E-13  -0.216411E-12
   0.142600E+04  -0.742404E-12  -0.526873E-13  -0.114994E-12
   0.142700E+04  -0.322057E-12  -0.330074E-13  -0.834938E-15
   0.142800E+04  -0.417283E-12  -0.366102E-13  -0.300828E-13
   0.142900E+04  -0.860818E-12  -0.559551E-13  -0.156653E-12
   0.143000E+04  -0.984783E-12  -0.604541E-13  -0.196477E-12
   0.143100E+04  -0.552770E-12  -0.391530E-13  -0.842865E-13
   0.143200E+04  -0.910201E-13  -0.161291E-13   0.351534E-13
   0.143300E+04  -0.156735E-12  -0.171051E-13   0.859816E-14
   0.143400E+04  -0.563412E-12  -0.337630E-13  -0.112358E-12
   0.143500E+04  -0.642945E-12  -0.354693E-13  -0.143564E-12
   0.143600E+04  -0.179125E-12  -0.121029E-13  -0.253835E-13
   0.143700E+04   0.288384E-12   0.116306E-13   0.937649E-13
   0.143800E+04   0.212859E-12   0.103126E-13   0.637427E-13
   0.143900E+04  -0.201312E-12  -0.711410E-14  -0.587171E-13
   0.144000E+04  -0.286416E-12  -0.100295E-13  -0.896412E-13
   0.144100E+04   0.157459E-12   0.112093E-13   0.256847E-13
   0.144200E+04   0.585680E-12   0.320323E-13   0.136903E-12
   0.144300E+04   0.470422E-12   0.280976E-13   0.987040E-13
   0.144400E+04   0.369892E-13   0.927046E-14  -0.264705E-13
   0.144500E+04  -0.511644E-13   0.581286E-14  -0.556837E-13
   0.144600E+04   0.382078E-12   0.261668E-13   0.593132E-13
   0.144700E+04   0.780667E-12   0.452445E-13   0.164975E-12
   0.144800E+04   0.632732E-12   0.394851E-13   0.120299E-12
   0.144900E+04   0.184434E-12   0.197169E-13  -0.653234E-14
   0.145000E+04   0.959657E-13   0.160114E-13  -0.334028E-13
   0.145100E+04   0.520337E-12   0.357117E-13   0.816621E-13
   0.145200E+04   0.889934E-12   0.531830E-13   0.181987E-12
   0.145300E+04   0.707793E-12   0.455244E-13   0.130725E-12
   0.145400E+04   0.239446E-12   0.243998E-13   0.146694E-14
   0.145500E+04   0.140880E-12   0.196290E-13  -0.247527E-13
   0.145600E+04   0.542454E-12   0.374950E-13   0.878264E-13
   0.145700E+04   0.866755E-12   0.519369E-13   0.179775E-12
   0.145800E+04   0.633893E-12   0.408792E-13   0.118840E-12
   0.145900E+04   0.130730E-12   0.170081E-13  -0.156540E-13
   0.146000E+04   0.110780E-13   0.101036E-13  -0.434452E-13
   0.146100E+04   0.385136E-12   0.256143E-13   0.654685E-13
   0.146200E+04   0.668038E-12   0.372363E-13   0.149411E-12
   0.146300E+04   0.397881E-12   0.237858E-13   0.809501E-13
   0.146400E+04  -0.118257E-12  -0.110133E-14  -0.550738E-13
   0.146500E+04  -0.231080E-12  -0.785027E-14  -0.796499E-13
   0.146600E+04   0.146999E-12   0.794482E-14   0.310200E-13
   0.146700E+04   0.421142E-12   0.194831E-13   0.112607E-12
   0.146800E+04   0.144133E-12   0.615245E-14   0.419216E-13
   0.146900E+04  -0.360572E-12  -0.177906E-13  -0.914442E-13
   0.147000E+04  -0.450754E-12  -0.231694E-13  -0.110265E-12
   0.147100E+04  -0.610785E-13  -0.657341E-14   0.314681E-14
   0.147200E+04   0.206197E-12   0.491105E-14   0.823792E-13
   0.147300E+04  -0.794900E-13  -0.860188E-14   0.889000E-14
   0.147400E+04  -0.578838E-12  -0.322897E-13  -0.123167E-12
   0.147500E+04  -0.658414E-12  -0.375358E-13  -0.138823E-12
   0.147600E+04  -0.274522E-12  -0.218973E-13  -0.264455E-13
   0.147700E+04  -0.317086E-13  -0.123103E-13   0.465104E-13
   0.147800E+04  -0.335793E-12  -0.271870E-13  -0.322045E-13
   0.147900E+04  -0.824796E-12  -0.504587E-13  -0.162531E-12
   0.148000E+04  -0.872173E-12  -0.538498E-13  -0.171424E-12
   0.148100E+04  -0.459639E-12  -0.362518E-13  -0.540751E-13
   0.148200E+04  -0.201264E-12  -0.251839E-13   0.196127E-13
   0.148300E+04  -0.485257E-12  -0.382826E-13  -0.577030E-13
   0.148400E+04  -0.931050E-12  -0.585785E-13  -0.180863E-12
   0.148500E+04  -0.919120E-12  -0.580774E-13  -0.178749E-12
   0.148600E+04  -0.454301E-12  -0.367471E-13  -0.528267E-13
   0.148700E+04  -0.158381E-12  -0.225199E-13   0.250413E-13
   0.148800E+04  -0.402712E-12  -0.323263E-13  -0.476532E-13
   0.148900E+04  -0.790929E-12  -0.485264E-13  -0.161221E-12
   0.149000E+04  -0.712910E-12  -0.435939E-13  -0.146983E-12
   0.149100E+04  -0.196723E-12  -0.185843E-13  -0.126925E-13
   0.149200E+04   0.129675E-12  -0.173181E-14   0.681920E-13
   0.149300E+04  -0.871155E-13  -0.917930E-14  -0.176473E-14
   0.149400E+04  -0.435367E-12  -0.226425E-13  -0.108487E-12
   0.149500E+04  -0.315117E-12  -0.151152E-13  -0.859697E-13
   0.149600E+04   0.223223E-12   0.113254E-13   0.519020E-13
   0.149700E+04   0.548474E-12   0.283737E-13   0.130687E-12
   0.149800E+04   0.328581E-12   0.209690E-13   0.587028E-13
   0.149900E+04  -0.739429E-14   0.824683E-14  -0.452487E-13
   0.150000E+04   0.130464E-12   0.167330E-13  -0.178750E-13
   0.150100E+04   0.668365E-12   0.432212E-13   0.120602E-12
   0.150200E+04   0.970286E-12   0.591422E-13   0.194491E-12
   0.150300E+04   0.723287E-12   0.502887E-13   0.117446E-12
   0.150400E+04   0.371211E-12   0.364299E-13   0.124408E-13
   0.150500E+04   0.492173E-12   0.434732E-13   0.396489E-13
   0.150600E+04   0.989156E-12   0.670817E-13   0.172533E-12
   0.150700E+04   0.122307E-11   0.785403E-13   0.234530E-12
   0.150800E+04   0.901930E-12   0.646323E-13   0.144972E-12
   0.150900E+04   0.485096E-12   0.458230E-13   0.310379E-13
   0.151000E+04   0.539083E-12   0.474066E-13   0.496740E-13
   0.151100E+04   0.945332E-12   0.640174E-13   0.168267E-12
   0.151200E+04   0.106649E-11   0.671704E-13   0.210301E-12
   0.151300E+04   0.639195E-12   0.453280E-13   0.102280E-12
   0.151400E+04   0.146430E-12   0.204487E-13  -0.228487E-13
   0.151500E+04   0.148269E-12   0.177446E-13  -0.103641E-13
   0.151600E+04   0.503941E-12   0.307580E-13   0.100946E-12
   0.151700E+04   0.570844E-12   0.305376E-13   0.133289E-12
   0.151800E+04   0.103707E-12   0.621690E-14   0.182782E-13
   0.151900E+04  -0.400014E-12  -0.195737E-13  -0.107192E-12
   0.152000E+04  -0.390584E-12  -0.220027E-13  -0.913646E-13
   0.152100E+04  -0.296524E-13  -0.844697E-14   0.211986E-13
   0.152200E+04   0.377781E-13  -0.803263E-14   0.521766E-13
   0.152300E+04  -0.414998E-12  -0.308767E-13  -0.614989E-13
   0.152400E+04  -0.878572E-12  -0.538576E-13  -0.179473E-12
   0.152500E+04  -0.816489E-12  -0.527579E-13  -0.153548E-12
   0.152600E+04  -0.412117E-12  -0.359550E-13  -0.341888E-13
   0.152700E+04  -0.311832E-12  -0.326825E-13   0.300419E-16
   0.152800E+04  -0.723088E-12  -0.522498E-13  -0.108481E-12
   0.152900E+04  -0.112537E-11  -0.710951E-13  -0.216122E-12
   0.153000E+04  -0.996575E-12  -0.656897E-13  -0.178518E-12
   0.153100E+04  -0.540879E-12  -0.453409E-13  -0.518420E-13
   0.153200E+04  -0.402773E-12  -0.391179E-13  -0.142210E-13
   0.153300E+04  -0.766783E-12  -0.551818E-13  -0.117018E-12
   0.153400E+04  -0.109952E-11  -0.693308E-13  -0.213082E-12
   0.153500E+04  -0.894039E-12  -0.587739E-13  -0.162067E-12
   0.153600E+04  -0.377689E-12  -0.339857E-13  -0.263020E-13
   0.153700E+04  -0.195556E-12  -0.241398E-13   0.161062E-13
   0.153800E+04  -0.511146E-12  -0.364316E-13  -0.803287E-13
   0.153900E+04  -0.779443E-12  -0.460960E-13  -0.165182E-12
   0.154000E+04  -0.509359E-12  -0.311097E-13  -0.102297E-12
   0.154100E+04   0.482842E-13  -0.315267E-14   0.398161E-13
   0.154200E+04   0.247710E-12   0.845010E-14   0.831031E-13
   0.154300E+04  -0.535042E-13  -0.253882E-14  -0.120350E-13
   0.154400E+04  -0.298333E-12  -0.107370E-13  -0.919022E-13
   0.154500E+04  -0.108375E-13   0.518009E-14  -0.244876E-13
   0.154600E+04   0.535391E-12   0.323393E-13   0.115602E-12
   0.154700E+04   0.694530E-12   0.412445E-13   0.150453E-12
   0.154800E+04   0.346997E-12   0.267352E-13   0.466231E-13
   0.154900E+04   0.664569E-13   0.152564E-13  -0.381065E-13
   0.155000E+04   0.321350E-12   0.281747E-13   0.255876E-13
   0.155100E+04   0.822835E-12   0.521167E-13   0.158512E-12
   0.155200E+04   0.927645E-12   0.576164E-13   0.183449E-12
   0.155300E+04   0.534431E-12   0.401311E-13   0.721680E-13
   0.155400E+04   0.224561E-12   0.263366E-13  -0.153285E-13
   0.155500E+04   0.451573E-12   0.369622E-13   0.460823E-13
   0.155600E+04   0.909366E-12   0.579434E-13   0.172287E-12
   0.155700E+04   0.959473E-12   0.600532E-13   0.187334E-12
   0.155800E+04   0.521172E-12   0.396211E-13   0.687489E-13
   0.155900E+04   0.183375E-12   0.235911E-13  -0.212857E-13
   0.156000E+04   0.382842E-12   0.319048E-13   0.377511E-13
   0.156100E+04   0.795068E-12   0.496741E-13   0.156619E-12
   0.156200E+04   0.787169E-12   0.479402E-13   0.160817E-12
   0.156300E+04   0.300980E-12   0.240731E-13   0.339938E-13
   0.156400E+04  -0.650414E-13   0.549732E-14  -0.591718E-13
   0.156500E+04   0.111085E-12   0.115706E-13  -0.241817E-14
   0.156600E+04   0.488796E-12   0.267807E-13   0.110377E-12
   0.156700E+04   0.443006E-12   0.226171E-13   0.106671E-12
   0.156800E+04  -0.610781E-13  -0.242135E-14  -0.235791E-13
   0.156900E+04  -0.416899E-12  -0.205188E-13  -0.113507E-12
   0.157000E+04  -0.220604E-12  -0.131829E-13  -0.517783E-13
   0.157100E+04   0.167127E-12   0.305919E-14   0.623496E-13
   0.157200E+04   0.125360E-12  -0.215875E-15   0.576650E-13
   0.157300E+04  -0.359811E-12  -0.235908E-13  -0.700056E-13
   0.157400E+04  -0.674691E-12  -0.388859E-13  -0.151792E-12
   0.157500E+04  -0.433288E-12  -0.284006E-13  -0.812103E-13
   0.157600E+04  -0.159983E-13  -0.964223E-14   0.372583E-13
   0.157700E+04  -0.401876E-13  -0.110276E-13   0.336877E-13
   0.157800E+04  -0.500312E-12  -0.323555E-13  -0.905122E-13
   0.157900E+04  -0.776355E-12  -0.451295E-13  -0.164693E-12
   0.158000E+04  -0.499245E-12  -0.323414E-13  -0.870870E-13
   0.158100E+04  -0.672110E-13  -0.123418E-13   0.329702E-13
   0.158200E+04  -0.931503E-13  -0.135198E-13   0.270046E-13
   0.158300E+04  -0.552491E-12  -0.349652E-13  -0.981574E-13
   0.158400E+04  -0.818189E-12  -0.477946E-13  -0.170073E-12
   0.158500E+04  -0.533418E-12  -0.352483E-13  -0.908287E-13
   0.158600E+04  -0.106137E-12  -0.157775E-13   0.270266E-13
   0.158700E+04  -0.137808E-12  -0.171126E-13   0.179138E-13
   0.158800E+04  -0.583842E-12  -0.375394E-13  -0.105739E-12
   0.158900E+04  -0.815767E-12  -0.482943E-13  -0.170884E-12
   0.159000E+04  -0.497116E-12  -0.336277E-13  -0.851232E-13
   0.159100E+04  -0.513071E-13  -0.126553E-13   0.346891E-13
   0.159200E+04  -0.699741E-13  -0.126104E-13   0.256519E-13
   0.159300E+04  -0.487677E-12  -0.308528E-13  -0.939657E-13
   0.159400E+04  -0.673657E-12  -0.385833E-13  -0.150316E-12
   0.159500E+04  -0.311849E-12  -0.210210E-13  -0.564883E-13
   0.159600E+04   0.158213E-12   0.198043E-14   0.662982E-13
   0.159700E+04   0.153694E-12   0.355772E-14   0.576712E-13
   0.159800E+04  -0.240551E-12  -0.128591E-13  -0.585660E-13
   0.159900E+04  -0.392765E-12  -0.185306E-13  -0.108095E-12
   0.160000E+04  -0.712683E-14   0.375512E-15  -0.951122E-14
   0.160100E+04   0.463193E-12   0.234679E-13   0.112120E-12
   0.160200E+04   0.448304E-12   0.246091E-13   0.998119E-13
   0.160300E+04   0.564154E-13   0.839582E-14  -0.163354E-13
   0.160400E+04  -0.776884E-13   0.372891E-14  -0.612024E-13
   0.160500E+04   0.321006E-12   0.234447E-13   0.409600E-13
   0.160600E+04   0.782948E-12   0.463175E-13   0.160714E-12
   0.160700E+04   0.747424E-12   0.465416E-13   0.143751E-12
   0.160800E+04   0.342930E-12   0.295987E-13   0.258458E-13
   0.160900E+04   0.206467E-12   0.245176E-13  -0.172811E-13
   0.161000E+04   0.593812E-12   0.433088E-13   0.847700E-13
   0.161100E+04   0.102110E-11   0.640830E-13   0.198650E-12
   0.161200E+04   0.937030E-12   0.613516E-13   0.172807E-12
   0.161300E+04   0.488577E-12   0.413044E-13   0.482863E-13
   0.161400E+04   0.313701E-12   0.329955E-13   0.106133E-14
   0.161500E+04   0.651050E-12   0.478009E-13   0.965381E-13
   0.161600E+04   0.100765E-11   0.636110E-13   0.198486E-12
   0.161700E+04   0.846348E-12   0.556468E-13   0.159038E-12
   0.161800E+04   0.333550E-12   0.308727E-13   0.246082E-13
   0.161900E+04   0.105831E-12   0.181466E-13  -0.291726E-13
   0.162000E+04   0.383002E-12   0.280339E-13   0.576979E-13
   0.162100E+04   0.665180E-12   0.383782E-13   0.146579E-12
   0.162200E+04   0.434730E-12   0.256045E-13   0.944311E-13
   0.162300E+04  -0.117986E-12  -0.208639E-14  -0.460381E-13
   0.162400E+04  -0.357761E-12  -0.159792E-13  -0.995596E-13
   0.162500E+04  -0.884975E-13  -0.676300E-14  -0.125013E-13
   0.162600E+04   0.175881E-12   0.265882E-14   0.727299E-13
   0.162700E+04  -0.688086E-13  -0.106722E-13   0.167926E-13
   0.162800E+04  -0.611271E-12  -0.375596E-13  -0.121861E-12
   0.162900E+04  -0.817519E-12  -0.493372E-13  -0.168258E-12
   0.163000E+04  -0.513326E-12  -0.377227E-13  -0.746931E-13
   0.163100E+04  -0.225327E-12  -0.262390E-13   0.130385E-13
   0.163200E+04  -0.445095E-12  -0.373180E-13  -0.407930E-13
   0.163300E+04  -0.943221E-12  -0.610156E-13  -0.172562E-12
   0.163400E+04  -0.108967E-11  -0.689380E-13  -0.208189E-12
   0.163500E+04  -0.732399E-12  -0.538538E-13  -0.105972E-12
   0.163600E+04  -0.408113E-12  -0.396824E-13  -0.145113E-13
   0.163700E+04  -0.591766E-12  -0.479697E-13  -0.650784E-13
   0.163800E+04  -0.103267E-11  -0.677040E-13  -0.188259E-12
   0.163900E+04  -0.110358E-11  -0.706161E-13  -0.210689E-12
   0.164000E+04  -0.675402E-12  -0.505936E-13  -0.968352E-13
   0.164100E+04  -0.297103E-12  -0.321962E-13   0.150102E-14
   0.164200E+04  -0.430125E-12  -0.364059E-13  -0.430713E-13
   0.164300E+04  -0.805565E-12  -0.514122E-13  -0.155972E-12
   0.164400E+04  -0.800528E-12  -0.491707E-13  -0.164891E-12
   0.164500E+04  -0.308155E-12  -0.245978E-13  -0.402932E-13
   0.164600E+04   0.112217E-12  -0.273060E-14   0.632780E-13
   0.164700E+04   0.134541E-13  -0.392569E-14   0.225314E-13
   0.164800E+04  -0.318783E-12  -0.156935E-13  -0.831002E-13
   0.164900E+04  -0.268387E-12  -0.104180E-13  -0.829145E-13
   0.165000E+04   0.248304E-12   0.158557E-13   0.464006E-13
   0.165100E+04   0.663149E-12   0.377133E-13   0.147888E-12
   0.165200E+04   0.545996E-12   0.356318E-13   0.102879E-12
   0.165300E+04   0.200829E-12   0.229140E-13  -0.412856E-14
   0.165400E+04   0.236883E-12   0.267308E-13  -0.420437E-14
   0.165500E+04   0.714626E-12   0.498616E-13   0.119631E-12
   0.165600E+04   0.105948E-11   0.666638E-13   0.208438E-12
   0.165700E+04   0.863670E-12   0.589113E-13   0.149223E-12
   0.165800E+04   0.456270E-12   0.413752E-13   0.328535E-13
   0.165900E+04   0.444847E-12   0.413090E-13   0.274648E-13
   0.166000E+04   0.867741E-12   0.604128E-13   0.143898E-12
   0.166100E+04   0.114010E-11   0.724018E-13   0.220489E-12
   0.166200E+04   0.869555E-12   0.596441E-13   0.148525E-12
   0.166300E+04   0.403734E-12   0.377717E-13   0.238977E-13
   0.166400E+04   0.345774E-12   0.339032E-13   0.133673E-13
   0.166500E+04   0.713607E-12   0.488465E-13   0.122028E-12
   0.166600E+04   0.915966E-12   0.560292E-13   0.186356E-12
   0.166700E+04   0.578585E-12   0.386642E-13   0.102525E-12
   0.166800E+04   0.679375E-13   0.132930E-13  -0.285282E-13
   0.166900E+04  -0.181016E-13   0.685029E-14  -0.416436E-13
   0.167000E+04   0.318070E-12   0.192583E-13   0.625412E-13
   0.167100E+04   0.480078E-12   0.237552E-13   0.118973E-12
   0.167200E+04   0.112825E-12   0.449404E-14   0.289871E-13
   0.167300E+04  -0.398955E-12  -0.210870E-13  -0.101544E-12
   0.167400E+04  -0.464655E-12  -0.263753E-13  -0.109469E-12
   0.167500E+04  -0.109339E-12  -0.125420E-13  -0.158583E-14
   0.167600E+04   0.633547E-13  -0.676125E-14   0.551854E-13
   0.167700E+04  -0.284807E-12  -0.241601E-13  -0.330536E-13
   0.167800E+04  -0.753375E-12  -0.466019E-13  -0.155988E-12
   0.167900E+04  -0.760905E-12  -0.479203E-13  -0.152859E-12
   0.168000E+04  -0.355388E-12  -0.303837E-13  -0.366184E-13
   0.168100E+04  -0.146607E-12  -0.214856E-13   0.242666E-13
   0.168200E+04  -0.454975E-12  -0.355421E-13  -0.590768E-13
   0.168300E+04  -0.864782E-12  -0.537253E-13  -0.171995E-12
   0.168400E+04  -0.805369E-12  -0.504314E-13  -0.156481E-12
   0.168500E+04  -0.349068E-12  -0.291659E-13  -0.319215E-13
   0.168600E+04  -0.111962E-12  -0.177968E-13   0.316845E-13
   0.168700E+04  -0.395621E-12  -0.297571E-13  -0.492986E-13
   0.168800E+04  -0.767728E-12  -0.453891E-13  -0.155679E-12
   0.168900E+04  -0.667545E-12  -0.395628E-13  -0.132137E-12
   0.169000E+04  -0.191562E-12  -0.170465E-13  -0.452315E-14
   0.169100E+04   0.380038E-13  -0.614397E-14   0.556254E-13
   0.169200E+04  -0.259928E-12  -0.193003E-13  -0.298115E-13
   0.169300E+04  -0.631925E-12  -0.355913E-13  -0.136284E-12
   0.169400E+04  -0.520182E-12  -0.296667E-13  -0.109816E-12
   0.169500E+04  -0.390119E-13  -0.695731E-14   0.185522E-13
   0.169600E+04   0.184710E-12   0.389906E-14   0.760921E-13
   0.169700E+04  -0.114709E-12  -0.906421E-14  -0.108158E-13
   0.169800E+04  -0.471441E-12  -0.244685E-13  -0.114059E-12
   0.169900E+04  -0.337400E-12  -0.173521E-13  -0.823964E-13
   0.170000E+04   0.153889E-12   0.607298E-14   0.477265E-13
   0.170100E+04   0.373432E-12   0.170722E-13   0.103016E-12
   0.170200E+04   0.730685E-13   0.437469E-14   0.148585E-13
   0.170300E+04  -0.269818E-12  -0.102247E-13  -0.852487E-13
   0.170400E+04  -0.119262E-12  -0.235009E-14  -0.493192E-13
   0.170500E+04   0.371302E-12   0.209256E-13   0.806588E-13
   0.170600E+04   0.573192E-12   0.309623E-13   0.131355E-12
   0.170700E+04   0.259644E-12   0.175369E-13   0.399471E-13
   0.170800E+04  -0.778457E-13   0.313030E-14  -0.582229E-13
   0.170900E+04   0.846178E-13   0.115634E-13  -0.184663E-13
   0.171000E+04   0.572005E-12   0.347277E-13   0.111358E-12
   0.171100E+04   0.753871E-12   0.438400E-13   0.157516E-12
   0.171200E+04   0.423165E-12   0.295515E-13   0.626544E-13
   0.171300E+04   0.844248E-13   0.149546E-13  -0.342984E-13
   0.171400E+04   0.249057E-12   0.233051E-13   0.792054E-14
   0.171500E+04   0.720553E-12   0.454583E-13   0.135622E-12
   0.171600E+04   0.866987E-12   0.524792E-13   0.174779E-12
   0.171700E+04   0.501295E-12   0.359073E-13   0.735757E-13
   0.171800E+04   0.141751E-12   0.195408E-13  -0.253834E-13
   0.171900E+04   0.288989E-12   0.262571E-13   0.160280E-13
   0.172000E+04   0.727490E-12   0.460902E-13   0.138783E-12
   0.172100E+04   0.825808E-12   0.500940E-13   0.168986E-12
   0.172200E+04   0.417203E-12   0.307118E-13   0.604231E-13
   0.172300E+04   0.325414E-13   0.123621E-13  -0.409129E-13
   0.172400E+04   0.159980E-12   0.174019E-13  -0.429120E-15
   0.172500E+04   0.563177E-12   0.348444E-13   0.117141E-12
   0.172600E+04   0.609096E-12   0.354787E-13   0.137632E-12
   0.172700E+04   0.149626E-12   0.124578E-13   0.200518E-13
   0.172800E+04  -0.270984E-12  -0.908837E-14  -0.861374E-13
   0.172900E+04  -0.171972E-12  -0.681149E-14  -0.489016E-13
   0.173000E+04   0.197511E-12   0.804311E-14   0.629692E-13
   0.173100E+04   0.209013E-12   0.656671E-14   0.763533E-13
   0.173200E+04  -0.267103E-12  -0.173942E-13  -0.445250E-13
   0.173300E+04  -0.679732E-12  -0.385926E-13  -0.148094E-12
   0.173400E+04  -0.563816E-12  -0.354569E-13  -0.106580E-12
   0.173500E+04  -0.186380E-12  -0.199785E-13   0.620372E-14
   0.173600E+04  -0.171887E-12  -0.208298E-13   0.181725E-13
   0.173700E+04  -0.630223E-12  -0.433203E-13  -0.100897E-12
   0.173800E+04  -0.100312E-11  -0.619930E-13  -0.197243E-12
   0.173900E+04  -0.842057E-12  -0.560863E-13  -0.147512E-12
   0.174000E+04  -0.432161E-12  -0.383621E-13  -0.305270E-13
   0.174100E+04  -0.392395E-12  -0.371396E-13  -0.169682E-13
   0.174200E+04  -0.810605E-12  -0.566644E-13  -0.131029E-12
   0.174300E+04  -0.112007E-11  -0.711098E-13  -0.216540E-12
   0.174400E+04  -0.889369E-12  -0.605500E-13  -0.154710E-12
   0.174500E+04  -0.423545E-12  -0.387063E-13  -0.297037E-13
   0.174600E+04  -0.338068E-12  -0.337672E-13  -0.111342E-13
   0.174700E+04  -0.700153E-12  -0.490470E-13  -0.117431E-12
   0.174800E+04  -0.935175E-12  -0.583606E-13  -0.190158E-12
   0.174900E+04  -0.628708E-12  -0.425745E-13  -0.115078E-12
   0.175000E+04  -0.105557E-12  -0.163652E-13   0.183744E-13
   0.175100E+04   0.217743E-13  -0.786668E-14   0.416228E-13
   0.175200E+04  -0.294441E-12  -0.195645E-13  -0.582047E-13
   0.175300E+04  -0.472447E-12  -0.249491E-13  -0.120598E-12
   0.175400E+04  -0.114328E-12  -0.560716E-14  -0.358045E-13
   0.175500E+04   0.436576E-12   0.229270E-13   0.101753E-12
   0.175600E+04   0.571248E-12   0.325824E-13   0.124670E-12
   0.175700E+04   0.260611E-12   0.216075E-13   0.254405E-13
   0.175800E+04   0.926143E-13   0.167630E-13  -0.336286E-13
   0.175900E+04   0.449392E-12   0.358107E-13   0.527975E-13
   0.176000E+04   0.971348E-12   0.625281E-13   0.185734E-12
   0.176100E+04   0.105459E-11   0.689939E-13   0.199256E-12
   0.176200E+04   0.688108E-12   0.540929E-13   0.910115E-13
   0.176300E+04   0.464857E-12   0.447120E-13   0.247223E-13
   0.176400E+04   0.753052E-12   0.581236E-13   0.101569E-12
   0.176500E+04   0.118353E-11   0.780099E-13   0.219324E-12
   0.176600E+04   0.116624E-11   0.773853E-13   0.215308E-12
   0.176700E+04   0.713699E-12   0.562804E-13   0.933879E-13
   0.176800E+04   0.422846E-12   0.416289E-13   0.184070E-13
   0.176900E+04   0.642163E-12   0.496544E-13   0.861499E-13
   0.177000E+04   0.986877E-12   0.633259E-13   0.189934E-12
   0.177100E+04   0.878116E-12   0.563002E-13   0.169829E-12
   0.177200E+04   0.352916E-12   0.298634E-13   0.361398E-13
   0.177300E+04   0.148833E-13   0.113093E-13  -0.446362E-13
   0.177400E+04   0.194936E-12   0.160675E-13   0.183578E-13
   0.177500E+04   0.493297E-12   0.264565E-13   0.114200E-12
   0.177600E+04   0.341199E-12   0.166670E-13   0.856030E-13
   0.177700E+04  -0.202094E-12  -0.109501E-13  -0.511034E-13
   0.177800E+04  -0.529101E-12  -0.289497E-13  -0.128330E-12
   0.177900E+04  -0.329068E-12  -0.229055E-13  -0.606476E-13
   0.178000E+04  -0.189562E-13  -0.113602E-13   0.364314E-13
   0.178100E+04  -0.159289E-12  -0.197757E-13   0.798619E-14
   0.178200E+04  -0.670024E-12  -0.448460E-13  -0.123873E-12
   0.178300E+04  -0.940347E-12  -0.589687E-13  -0.190578E-12
   0.178400E+04  -0.679119E-12  -0.486330E-13  -0.112006E-12
   0.178500E+04  -0.319682E-12  -0.331762E-13  -0.802604E-14
   0.178600E+04  -0.414624E-12  -0.377617E-13  -0.311817E-13
   0.178700E+04  -0.864844E-12  -0.582760E-13  -0.153912E-12
   0.178800E+04  -0.105794E-11  -0.670794E-13  -0.207052E-12
   0.178900E+04  -0.722489E-12  -0.515573E-13  -0.115792E-12
   0.179000E+04  -0.306702E-12  -0.317134E-13  -0.400123E-14
   0.179100E+04  -0.354052E-12  -0.323237E-13  -0.215445E-13
   0.179200E+04  -0.747102E-12  -0.485272E-13  -0.135564E-12
   0.179300E+04  -0.873812E-12  -0.528028E-13  -0.176749E-12
   0.179400E+04  -0.483424E-12  -0.335223E-13  -0.758476E-13
   0.179500E+04  -0.379295E-13  -0.112916E-13   0.395033E-13
   0.179600E+04  -0.697939E-13  -0.103700E-13   0.224978E-13
   0.179700E+04  -0.442653E-12  -0.251132E-13  -0.886665E-13
   0.179800E+04  -0.545719E-12  -0.282056E-13  -0.124844E-12
   0.179900E+04  -0.149017E-12  -0.904132E-14  -0.224657E-13
   0.180000E+04   0.274811E-12   0.114105E-13   0.876657E-13
   0.180100E+04   0.210688E-12   0.997016E-14   0.630865E-13
   0.180200E+04  -0.179144E-12  -0.626634E-14  -0.512989E-13
   0.180300E+04  -0.281035E-12  -0.976206E-14  -0.857454E-13
   0.180400E+04   0.113578E-12   0.900999E-14   0.174735E-13
   0.180500E+04   0.516470E-12   0.282039E-13   0.123413E-12
   0.180600E+04   0.423046E-12   0.250174E-13   0.925863E-13
   0.180700E+04   0.156633E-13   0.745656E-14  -0.245683E-13
   0.180800E+04  -0.912342E-13   0.312985E-14  -0.581476E-13
   0.180900E+04   0.291708E-12   0.207295E-13   0.442054E-13
   0.181000E+04   0.665297E-12   0.379671E-13   0.144418E-12
   0.181100E+04   0.539292E-12   0.327766E-13   0.106836E-12
   0.181200E+04   0.117147E-12   0.141880E-13  -0.123751E-13
   0.181300E+04   0.122958E-13   0.974624E-14  -0.435640E-13
   0.181400E+04   0.391964E-12   0.270386E-13   0.596565E-13
   0.181500E+04   0.743444E-12   0.430621E-13   0.155625E-12
   0.181600E+04   0.589198E-12   0.363039E-13   0.112233E-12
   0.181700E+04   0.153067E-12   0.167671E-13  -0.877685E-14
   0.181800E+04   0.478878E-13   0.120109E-13  -0.379695E-13
   0.181900E+04   0.420182E-12   0.286625E-13   0.653436E-13
   0.182000E+04   0.745196E-12   0.431101E-13   0.156242E-12
   0.182100E+04   0.558416E-12   0.343913E-13   0.106256E-12
   0.182200E+04   0.103316E-12   0.134162E-13  -0.174841E-13
   0.182300E+04  -0.799946E-14   0.777496E-14  -0.458548E-13
   0.182400E+04   0.352358E-12   0.233376E-13   0.565328E-13
   0.182500E+04   0.651247E-12   0.362056E-13   0.142284E-12
   0.182600E+04   0.439668E-12   0.261863E-13   0.871221E-13
   0.182700E+04  -0.203464E-13   0.502041E-14  -0.366504E-13
   0.182800E+04  -0.121746E-12  -0.390614E-16  -0.611164E-13
   0.182900E+04   0.239865E-12   0.156701E-13   0.428479E-13
   0.183000E+04   0.520142E-12   0.276676E-13   0.124871E-12
   0.183100E+04   0.285284E-12   0.164790E-13   0.648488E-13
   0.183200E+04  -0.183327E-12  -0.523479E-14  -0.596116E-13
   0.183300E+04  -0.283260E-12  -0.104917E-13  -0.817889E-13
   0.183400E+04   0.663051E-13   0.413877E-14   0.211063E-13
   0.183500E+04   0.310332E-12   0.135845E-13   0.958178E-13
   0.183600E+04   0.327577E-13  -0.715051E-15   0.269141E-13
   0.183700E+04  -0.460516E-12  -0.246783E-13  -0.101710E-12
   0.183800E+04  -0.565047E-12  -0.309263E-13  -0.123255E-12
   0.183900E+04  -0.218542E-12  -0.167726E-13  -0.202569E-13
   0.184000E+04   0.133854E-13  -0.790712E-14   0.512040E-13
   0.184100E+04  -0.273396E-12  -0.225658E-13  -0.207812E-13
   0.184200E+04  -0.757178E-12  -0.460679E-13  -0.147816E-12
   0.184300E+04  -0.837769E-12  -0.511950E-13  -0.164313E-12
   0.184400E+04  -0.471590E-12  -0.359959E-13  -0.581271E-13
   0.184500E+04  -0.230002E-12  -0.263153E-13   0.129290E-13
   0.184600E+04  -0.499936E-12  -0.395492E-13  -0.583717E-13
   0.184700E+04  -0.942214E-12  -0.602152E-13  -0.178774E-12
   0.184800E+04  -0.963333E-12  -0.614400E-13  -0.184414E-12
   0.184900E+04  -0.542557E-12  -0.423932E-13  -0.692762E-13
   0.185000E+04  -0.260344E-12  -0.294214E-13   0.648773E-14
   0.185100E+04  -0.488231E-12  -0.392662E-13  -0.599764E-13
   0.185200E+04  -0.870209E-12  -0.556717E-13  -0.170688E-12
   0.185300E+04  -0.819206E-12  -0.520375E-13  -0.163476E-12
   0.185400E+04  -0.336253E-12  -0.285385E-13  -0.382119E-13
   0.185500E+04  -0.962440E-14  -0.119255E-13   0.429371E-13
   0.185600E+04  -0.195094E-12  -0.182669E-13  -0.183963E-13
   0.185700E+04  -0.520867E-12  -0.306122E-13  -0.119747E-12
   0.185800E+04  -0.407901E-12  -0.227551E-13  -0.101009E-12
   0.185900E+04   0.120285E-12   0.405253E-14   0.319093E-13
   0.186000E+04   0.468342E-12   0.226925E-13   0.115026E-12
   0.186100E+04   0.297744E-12   0.178916E-13   0.547874E-13
   0.186200E+04  -0.282413E-14   0.742124E-14  -0.416711E-13
   0.186300E+04   0.137822E-12   0.171373E-13  -0.163388E-13
   0.186400E+04   0.673054E-12   0.446386E-13   0.118696E-12
   0.186500E+04   0.999414E-12   0.622910E-13   0.197450E-12
   0.186600E+04   0.794726E-12   0.554961E-13   0.130997E-12
   0.186700E+04   0.464523E-12   0.428465E-13   0.310599E-13
   0.186800E+04   0.573296E-12   0.499681E-13   0.536887E-13
   0.186900E+04   0.105305E-11   0.734386E-13   0.180894E-12
   0.187000E+04   0.129337E-11   0.851381E-13   0.244877E-12
   0.187100E+04   0.988992E-12   0.711264E-13   0.161366E-12
   0.187200E+04   0.564197E-12   0.509800E-13   0.469260E-13
   0.187300E+04   0.582336E-12   0.506269E-13   0.566439E-13
   0.187400E+04   0.962669E-12   0.664257E-13   0.168325E-12
   0.187500E+04   0.109535E-11   0.704375E-13   0.213874E-12
   0.187600E+04   0.693685E-12   0.495036E-13   0.113992E-12
   0.187700E+04   0.195719E-12   0.237098E-13  -0.109994E-13
   0.187800E+04   0.156038E-12   0.185801E-13  -0.856852E-14
   0.187900E+04   0.476265E-12   0.297948E-13   0.939430E-13
   0.188000E+04   0.546897E-12   0.295791E-13   0.128236E-12
   0.188100E+04   0.101809E-12   0.578267E-14   0.205157E-13
   0.188200E+04  -0.406785E-12  -0.208838E-13  -0.104986E-12
   0.188300E+04  -0.435801E-12  -0.254886E-13  -0.987976E-13
   0.188400E+04  -0.105816E-12  -0.134405E-13   0.575862E-14
   0.188500E+04  -0.302045E-13  -0.127610E-13   0.394457E-13
   0.188600E+04  -0.457205E-12  -0.348371E-13  -0.664844E-13
   0.188700E+04  -0.921508E-12  -0.583835E-13  -0.184092E-12
   0.188800E+04  -0.891282E-12  -0.589832E-13  -0.166910E-12
   0.188900E+04  -0.508188E-12  -0.430149E-13  -0.539655E-13
   0.189000E+04  -0.388283E-12  -0.386530E-13  -0.151081E-13
   0.189100E+04  -0.761536E-12  -0.564869E-13  -0.113921E-12
   0.189200E+04  -0.115018E-11  -0.746836E-13  -0.218908E-12
   0.189300E+04  -0.103466E-11  -0.694043E-13  -0.186849E-12
   0.189400E+04  -0.578401E-12  -0.480668E-13  -0.625854E-13
   0.189500E+04  -0.400350E-12  -0.390466E-13  -0.165551E-13
   0.189600E+04  -0.712169E-12  -0.521367E-13  -0.107134E-12
   0.189700E+04  -0.102339E-11  -0.648977E-13  -0.199246E-12
   0.189800E+04  -0.826219E-12  -0.539836E-13  -0.152844E-12
   0.189900E+04  -0.305471E-12  -0.278261E-13  -0.184956E-13
   0.190000E+04  -0.836369E-13  -0.151044E-13   0.326873E-13
   0.190100E+04  -0.355838E-12  -0.250028E-13  -0.528172E-13
   0.190200E+04  -0.620356E-12  -0.345953E-13  -0.136709E-12
   0.190300E+04  -0.380594E-12  -0.209619E-13  -0.820742E-13
   0.190400E+04   0.159528E-12   0.664186E-14   0.552305E-13
   0.190500E+04   0.375811E-12   0.193436E-13   0.103776E-12
   0.190600E+04   0.894186E-13   0.849494E-14   0.147760E-13
   0.190700E+04  -0.187504E-12  -0.258233E-14  -0.705394E-13
   0.190800E+04   0.326067E-13   0.880779E-14  -0.180699E-13
   0.190900E+04   0.533503E-12   0.331986E-13   0.112369E-12
   0.191000E+04   0.697587E-12   0.422711E-13   0.150718E-12
   0.191100E+04   0.366699E-12   0.283088E-13   0.537913E-13
   0.191200E+04   0.610719E-13   0.148144E-13  -0.348117E-13
   0.191300E+04   0.252737E-12   0.236425E-13   0.148065E-13
   0.191400E+04   0.707906E-12   0.445888E-13   0.137815E-12
   0.191500E+04   0.815008E-12   0.498019E-13   0.165473E-12
   0.191600E+04   0.439472E-12   0.327893E-13   0.608310E-13
   0.191700E+04   0.112251E-12   0.175469E-13  -0.295944E-13
   0.191800E+04   0.289483E-12   0.251068E-13   0.198381E-13
   0.191900E+04   0.716595E-12   0.442229E-13   0.138699E-12
   0.192000E+04   0.783944E-12   0.470959E-13   0.158824E-12
   0.192100E+04   0.377573E-12   0.281744E-13   0.489309E-13
   0.192200E+04   0.381736E-13   0.118902E-13  -0.417779E-13
   0.192300E+04   0.206689E-12   0.185490E-13   0.819250E-14
   0.192400E+04   0.609151E-12   0.359813E-13   0.123118E-12
   0.192500E+04   0.639031E-12   0.365178E-13   0.135699E-12
   0.192600E+04   0.203946E-12   0.156308E-13   0.205145E-13
   0.192700E+04  -0.144154E-12  -0.164201E-14  -0.703073E-13
   0.192800E+04   0.230343E-13   0.454044E-14  -0.189589E-13
   0.192900E+04   0.414788E-12   0.213167E-13   0.940865E-13
   0.193000E+04   0.428472E-12   0.211900E-13   0.102604E-12
   0.193100E+04  -0.882034E-14   0.461544E-15  -0.133558E-13
   0.193200E+04  -0.337645E-12  -0.155347E-13  -0.995019E-13
   0.193300E+04  -0.145406E-12  -0.767044E-14  -0.423162E-13
   0.193400E+04   0.259096E-12   0.103790E-13   0.727872E-13
   0.193500E+04   0.276403E-12   0.112054E-13   0.806096E-13
   0.193600E+04  -0.148564E-12  -0.820647E-14  -0.336234E-13
   0.193700E+04  -0.451122E-12  -0.223994E-13  -0.113934E-12
   0.193800E+04  -0.235343E-12  -0.130212E-13  -0.513104E-13
   0.193900E+04   0.173225E-12   0.554579E-14   0.641848E-13
   0.194000E+04   0.180442E-12   0.614109E-14   0.688337E-13
   0.194100E+04  -0.250303E-12  -0.135315E-13  -0.468819E-13
   0.194200E+04  -0.550124E-12  -0.279919E-13  -0.125629E-12
   0.194300E+04  -0.339832E-12  -0.196859E-13  -0.630260E-13
   0.194400E+04   0.418726E-13  -0.340784E-14   0.469030E-13
   0.194500E+04   0.130415E-13  -0.546430E-14   0.433113E-13
   0.194600E+04  -0.437853E-12  -0.268093E-13  -0.767552E-13
   0.194700E+04  -0.734944E-12  -0.416489E-13  -0.154118E-12
   0.194800E+04  -0.517535E-12  -0.333848E-13  -0.894324E-13
   0.194900E+04  -0.141551E-12  -0.176446E-13   0.185066E-13
   0.195000E+04  -0.180293E-12  -0.202555E-13   0.110589E-13
   0.195100E+04  -0.621894E-12  -0.409765E-13  -0.108476E-12
   0.195200E+04  -0.883814E-12  -0.536665E-13  -0.179125E-12
   0.195300E+04  -0.624104E-12  -0.426517E-13  -0.106585E-12
   0.195400E+04  -0.217192E-12  -0.245039E-13   0.542638E-14
   0.195500E+04  -0.230304E-12  -0.248219E-13   0.700298E-16
   0.195600E+04  -0.631230E-12  -0.424391E-13  -0.113670E-12
   0.195700E+04  -0.832935E-12  -0.510236E-13  -0.173475E-12
   0.195800E+04  -0.512646E-12  -0.358336E-13  -0.901674E-13
   0.195900E+04  -0.624522E-13  -0.143131E-13   0.278451E-13
   0.196000E+04  -0.427144E-13  -0.117805E-13   0.257500E-13
   0.196100E+04  -0.400934E-12  -0.261398E-13  -0.817855E-13
   0.196200E+04  -0.545869E-12  -0.308616E-13  -0.131208E-12
   0.196300E+04  -0.173377E-12  -0.120682E-13  -0.383851E-13
   0.196400E+04   0.308182E-12   0.120274E-13   0.838833E-13
   0.196500E+04   0.346285E-12   0.164409E-13   0.830397E-13
   0.196600E+04   0.132932E-13   0.415351E-14  -0.206733E-13
   0.196700E+04  -0.965313E-13   0.180825E-14  -0.627664E-13
   0.196800E+04   0.301949E-12   0.223962E-13   0.357381E-13
   0.196900E+04   0.785043E-12   0.470000E-13   0.157872E-12
   0.197000E+04   0.809035E-12   0.510308E-13   0.153575E-12
   0.197100E+04   0.465637E-12   0.383093E-13   0.485515E-13
   0.197200E+04   0.350343E-12   0.354487E-13   0.780143E-14
   0.197300E+04   0.728036E-12   0.544370E-13   0.104846E-12
   0.197400E+04   0.116034E-11   0.756699E-13   0.218676E-12
   0.197500E+04   0.111425E-11   0.750783E-13   0.202098E-12
   0.197600E+04   0.702212E-12   0.574284E-13   0.864772E-13
   0.197700E+04   0.521225E-12   0.493204E-13   0.372325E-13
   0.197800E+04   0.816496E-12   0.617572E-13   0.122412E-12
   0.197900E+04   0.113802E-11   0.746606E-13   0.217500E-12
   0.198000E+04   0.969760E-12   0.650064E-13   0.179381E-12
   0.198100E+04   0.452889E-12   0.392483E-13   0.466049E-13
   0.198200E+04   0.192679E-12   0.246457E-13  -0.137087E-13
   0.198300E+04   0.417614E-12   0.315108E-13   0.615825E-13
   0.198400E+04   0.664003E-12   0.390708E-13   0.144093E-12
   0.198500E+04   0.426626E-12   0.247351E-13   0.936089E-13
   0.198600E+04  -0.132230E-12  -0.405617E-14  -0.456331E-13
   0.198700E+04  -0.404990E-12  -0.198879E-13  -0.105991E-12
   0.198800E+04  -0.182725E-12  -0.133487E-13  -0.297122E-13
   0.198900E+04   0.565820E-13  -0.593607E-14   0.509843E-13
   0.199000E+04  -0.182092E-12  -0.198433E-13  -0.118079E-14
   0.199100E+04  -0.717233E-12  -0.467713E-13  -0.136584E-12
   0.199200E+04  -0.941375E-12  -0.593123E-13  -0.187530E-12
   0.199300E+04  -0.666525E-12  -0.490522E-13  -0.101897E-12
   0.199400E+04  -0.384918E-12  -0.382189E-13  -0.156483E-13
   0.199500E+04  -0.580979E-12  -0.485833E-13  -0.629739E-13
   0.199600E+04  -0.105421E-11  -0.709871E-13  -0.188902E-12
   0.199700E+04  -0.119774E-11  -0.780318E-13  -0.225811E-12
   0.199800E+04  -0.844154E-12  -0.622488E-13  -0.127144E-12
   0.199900E+04  -0.498569E-12  -0.464890E-13  -0.322759E-13
   0.200000E+04  -0.633663E-12  -0.520167E-13  -0.720326E-13
   0.200100E+04  -0.103025E-11  -0.688303E-13  -0.186170E-12
   0.200200E+04  -0.108354E-11  -0.696482E-13  -0.207495E-12
   0.200300E+04  -0.647966E-12  -0.480571E-13  -0.952724E-13
   0.200400E+04  -0.241571E-12  -0.275626E-13   0.774480E-14
   0.200500E+04  -0.324616E-12  -0.288786E-13  -0.257124E-13
   0.200600E+04  -0.658899E-12  -0.411101E-13  -0.130071E-12
   0.200700E+04  -0.642248E-12  -0.371038E-13  -0.138712E-12
   0.200800E+04  -0.151846E-12  -0.115850E-13  -0.169304E-13
   0.200900E+04   0.280603E-12   0.111804E-13   0.890331E-13
   0.201000E+04   0.207092E-12   0.109749E-13   0.554455E-13
   0.201100E+04  -0.114773E-12  -0.377738E-15  -0.467668E-13
   0.201200E+04  -0.845495E-13   0.424156E-14  -0.514911E-13
   0.201300E+04   0.398852E-12   0.290394E-13   0.700713E-13
   0.201400E+04   0.790888E-12   0.489887E-13   0.168298E-12
   0.201500E+04   0.656740E-12   0.443808E-13   0.123109E-12
   0.201600E+04   0.276079E-12   0.281937E-13   0.111996E-13
   0.201700E+04   0.253572E-12   0.280870E-13  -0.744236E-15
   0.201800E+04   0.677085E-12   0.480000E-13   0.111825E-12
   0.201900E+04   0.996453E-12   0.627907E-13   0.197368E-12
   0.202000E+04   0.791593E-12   0.533678E-13   0.139771E-12
   0.202100E+04   0.358998E-12   0.333641E-13   0.203957E-13
   0.202200E+04   0.298972E-12   0.301876E-13   0.471606E-14
   0.202300E+04   0.679355E-12   0.468770E-13   0.111687E-12
   0.202400E+04   0.941999E-12   0.579457E-13   0.187486E-12
   0.202500E+04   0.682346E-12   0.450074E-13   0.120239E-12
   0.202600E+04   0.214682E-12   0.224918E-13  -0.379311E-14
   0.202700E+04   0.134485E-12   0.175672E-13  -0.204427E-13
   0.202800E+04   0.488233E-12   0.322580E-13   0.834009E-13
   0.202900E+04   0.708886E-12   0.406176E-13   0.151508E-12
   0.203000E+04   0.407613E-12   0.249600E-13   0.763146E-13
   0.203100E+04  -0.821540E-13   0.658149E-15  -0.507771E-13
   0.203200E+04  -0.167346E-12  -0.509635E-14  -0.664805E-13
   0.203300E+04   0.180133E-12   0.899464E-14   0.370664E-13
   0.203400E+04   0.386599E-12   0.167117E-13   0.101734E-12
   0.203500E+04   0.788926E-13   0.105163E-14   0.243135E-13
   0.203600E+04  -0.393178E-12  -0.219036E-13  -0.992120E-13
   0.203700E+04  -0.443152E-12  -0.252917E-13  -0.107294E-12
   0.203800E+04  -0.649258E-13  -0.886875E-14   0.198912E-14
   0.203900E+04   0.159207E-12   0.672220E-15   0.683092E-13
   0.204000E+04  -0.128805E-12  -0.130411E-13  -0.722154E-14
   0.204100E+04  -0.562681E-12  -0.331629E-13  -0.123995E-12
   0.204200E+04  -0.562290E-12  -0.330785E-13  -0.122150E-12
   0.204300E+04  -0.143472E-12  -0.135780E-13  -0.565927E-14
   0.204400E+04   0.102193E-12  -0.192053E-14   0.628730E-13
   0.204500E+04  -0.169658E-12  -0.140060E-13  -0.113773E-13
   0.204600E+04  -0.577387E-12  -0.323169E-13  -0.123447E-12
   0.204700E+04  -0.546670E-12  -0.304162E-13  -0.115134E-12
   0.204800E+04  -0.113306E-12  -0.995999E-14   0.404625E-14
   0.204900E+04   0.123389E-12   0.130705E-14   0.695069E-13
   0.205000E+04  -0.167578E-12  -0.121344E-13  -0.963990E-14
   0.205100E+04  -0.589802E-12  -0.321752E-13  -0.124323E-12
   0.205200E+04  -0.571891E-12  -0.322819E-13  -0.117545E-12
   0.205300E+04  -0.161314E-12  -0.142051E-13  -0.273633E-14
   0.205400E+04   0.454848E-13  -0.519924E-14   0.556945E-13
   0.205500E+04  -0.262554E-12  -0.197982E-13  -0.278712E-13
   0.205600E+04  -0.676134E-12  -0.394653E-13  -0.140682E-12
   0.205700E+04  -0.635612E-12  -0.383901E-13  -0.128775E-12
   0.205800E+04  -0.210062E-12  -0.193696E-13  -0.114795E-13
   0.205900E+04   0.104859E-14  -0.974611E-14   0.458909E-13
   0.206000E+04  -0.294312E-12  -0.231338E-13  -0.370884E-13
   0.206100E+04  -0.672381E-12  -0.403480E-13  -0.143609E-12
   0.206200E+04  -0.584093E-12  -0.361159E-13  -0.122466E-12
   0.206300E+04  -0.120518E-12  -0.142924E-13   0.110777E-14
   0.206400E+04   0.114299E-12  -0.247217E-14   0.606718E-13
   0.206500E+04  -0.154475E-12  -0.135314E-13  -0.193258E-13
   0.206600E+04  -0.489881E-12  -0.277304E-13  -0.118302E-12
   0.206700E+04  -0.353507E-12  -0.203099E-13  -0.878739E-13
   0.206800E+04   0.142808E-12   0.392847E-14   0.410774E-13
   0.206900E+04   0.392326E-12   0.172802E-13   0.101408E-12
   0.207000E+04   0.138962E-12   0.773542E-14   0.227607E-13
   0.207100E+04  -0.166428E-12  -0.432555E-14  -0.704207E-13
   0.207200E+04   0.393768E-14   0.536693E-14  -0.326333E-13
   0.207300E+04   0.517012E-12   0.310060E-13   0.994948E-13
   0.207400E+04   0.762365E-12   0.446421E-13   0.157958E-12
   0.207500E+04   0.501263E-12   0.349836E-13   0.773345E-13
   0.207600E+04   0.197617E-12   0.229988E-13  -0.142748E-13
   0.207700E+04   0.369274E-12   0.325666E-13   0.258518E-13
   0.207800E+04   0.863797E-12   0.570388E-13   0.155712E-12
   0.207900E+04   0.106808E-11   0.682733E-13   0.206675E-12
   0.208000E+04   0.759561E-12   0.555557E-13   0.118004E-12
   0.208100E+04   0.413122E-12   0.402485E-13   0.209542E-13
   0.208200E+04   0.536680E-12   0.458450E-13   0.553703E-13
   0.208300E+04   0.962005E-12   0.651609E-13   0.174548E-12
   0.208400E+04   0.107837E-11   0.702742E-13   0.210216E-12
   0.208500E+04   0.682218E-12   0.512613E-13   0.106814E-12
   0.208600E+04   0.258831E-12   0.298061E-13  -0.150596E-14
   0.208700E+04   0.305319E-12   0.289230E-13   0.219272E-13
   0.208800E+04   0.640568E-12   0.411406E-13   0.126264E-12
   0.208900E+04   0.663444E-12   0.394134E-13   0.145097E-12
   0.209000E+04   0.196650E-12   0.153046E-13   0.295355E-13
   0.209100E+04  -0.262317E-12  -0.896226E-14  -0.830138E-13
   0.209200E+04  -0.232654E-12  -0.113401E-13  -0.601786E-13
   0.209300E+04   0.817868E-13  -0.530918E-15   0.411147E-13
   0.209400E+04   0.804210E-13  -0.358204E-14   0.546073E-13
   0.209500E+04  -0.392477E-12  -0.278630E-13  -0.627643E-13
   0.209600E+04  -0.827295E-12  -0.505418E-13  -0.170297E-12
   0.209700E+04  -0.757391E-12  -0.502527E-13  -0.139416E-12
   0.209800E+04  -0.407744E-12  -0.367413E-13  -0.326854E-13
   0.209900E+04  -0.378911E-12  -0.371098E-13  -0.161996E-13
   0.210000E+04  -0.807449E-12  -0.578778E-13  -0.127618E-12
   0.210100E+04  -0.117421E-11  -0.758090E-13  -0.223479E-12
   0.210200E+04  -0.102780E-11  -0.702854E-13  -0.179234E-12
   0.210300E+04  -0.613496E-12  -0.520253E-13  -0.628907E-13
   0.210400E+04  -0.530303E-12  -0.480650E-13  -0.399999E-13
   0.210500E+04  -0.894575E-12  -0.639781E-13  -0.142591E-12
   0.210600E+04  -0.117736E-11  -0.760653E-13  -0.224426E-12
   0.210700E+04  -0.942337E-12  -0.644181E-13  -0.165001E-12
   0.210800E+04  -0.454929E-12  -0.407254E-13  -0.377062E-13
   0.210900E+04  -0.312956E-12  -0.320331E-13  -0.758312E-14
   0.211000E+04  -0.614047E-12  -0.431141E-13  -0.101312E-12
   0.211100E+04  -0.821084E-12  -0.499273E-13  -0.170247E-12
   0.211200E+04  -0.513094E-12  -0.332664E-13  -0.979982E-13
   0.211300E+04   0.257967E-13  -0.566307E-14   0.369856E-13
   0.211400E+04   0.200398E-12   0.593794E-14   0.705276E-13
   0.211500E+04  -0.686151E-13  -0.248049E-14  -0.187800E-13
   0.211600E+04  -0.238137E-12  -0.671937E-14  -0.803782E-13
   0.211700E+04   0.957098E-13   0.115686E-13  -0.240936E-14
   0.211800E+04   0.630595E-12   0.390194E-13   0.131701E-12
   0.211900E+04   0.776052E-12   0.489272E-13   0.159053E-12
   0.212000E+04   0.472579E-12   0.381333E-13   0.637396E-13
   0.212100E+04   0.269336E-12   0.309844E-13  -0.190724E-14
   0.212200E+04   0.553637E-12   0.449890E-13   0.693966E-13
   0.212300E+04   0.100883E-11   0.662542E-13   0.189948E-12
   0.212400E+04   0.105707E-11   0.689997E-13   0.199680E-12
   0.212500E+04   0.667804E-12   0.517747E-13   0.899739E-13
   0.212600E+04   0.402124E-12   0.396611E-13   0.160509E-13
   0.212700E+04   0.630543E-12   0.493198E-13   0.805229E-13
   0.212800E+04   0.101612E-11   0.657298E-13   0.190221E-12
   0.212900E+04   0.985171E-12   0.631827E-13   0.186248E-12
   0.213000E+04   0.529013E-12   0.412636E-13   0.658700E-13
   0.213100E+04   0.217667E-12   0.255499E-13  -0.134236E-13
   0.213200E+04   0.405793E-12   0.319987E-13   0.465330E-13
   0.213300E+04   0.738930E-12   0.447383E-13   0.147760E-12
   0.213400E+04   0.649573E-12   0.383206E-13   0.133042E-12
   0.213500E+04   0.151355E-12   0.134198E-13   0.564700E-14
   0.213600E+04  -0.177015E-12  -0.387290E-14  -0.747505E-13
   0.213700E+04   0.373716E-14   0.176468E-14  -0.143613E-13
   0.213800E+04   0.322597E-12   0.136889E-13   0.842634E-13
   0.213900E+04   0.218174E-12   0.668506E-14   0.656558E-13
   0.214000E+04  -0.275705E-12  -0.176663E-13  -0.613034E-13
   0.214100E+04  -0.574798E-12  -0.330093E-13  -0.135393E-12
   0.214200E+04  -0.357457E-12  -0.248332E-13  -0.676389E-13
   0.214300E+04  -0.117784E-13  -0.106079E-13   0.348011E-13
   0.214400E+04  -0.930217E-13  -0.153290E-13   0.182935E-13
   0.214500E+04  -0.548129E-12  -0.365827E-13  -0.102827E-12
   0.214600E+04  -0.789227E-12  -0.478788E-13  -0.166187E-12
   0.214700E+04  -0.513588E-12  -0.356061E-13  -0.878787E-13
   0.214800E+04  -0.126034E-12  -0.180339E-13   0.204725E-13
   0.214900E+04  -0.174431E-12  -0.198364E-13   0.739729E-14
   0.215000E+04  -0.585984E-12  -0.377049E-13  -0.107197E-12
   0.215100E+04  -0.770114E-12  -0.450652E-13  -0.160014E-12
   0.215200E+04  -0.444518E-12  -0.293355E-13  -0.725436E-13
   0.215300E+04  -0.316101E-13  -0.970079E-14   0.389582E-13
   0.215400E+04  -0.717963E-13  -0.105562E-13   0.252133E-13
   0.215500E+04  -0.471999E-12  -0.276642E-13  -0.882445E-13
   0.215600E+04  -0.638115E-12  -0.342843E-13  -0.137147E-12
   0.215700E+04  -0.306642E-12  -0.187303E-13  -0.481652E-13
   0.215800E+04   0.854850E-13  -0.876617E-15   0.583777E-13
   0.215900E+04   0.993964E-14  -0.446757E-14   0.362811E-13
   0.216000E+04  -0.414350E-12  -0.238262E-13  -0.822456E-13
   0.216100E+04  -0.584355E-12  -0.315074E-13  -0.130959E-12
   0.216200E+04  -0.251833E-12  -0.163694E-13  -0.410299E-13
   0.216300E+04   0.131557E-12   0.978380E-15   0.631460E-13
   0.216400E+04   0.448220E-13  -0.304372E-14   0.375388E-13
   0.216500E+04  -0.374861E-12  -0.220377E-13  -0.804954E-13
   0.216600E+04  -0.522299E-12  -0.284516E-13  -0.124115E-12
   0.216700E+04  -0.167316E-12  -0.119139E-13  -0.295138E-13
   0.216800E+04   0.224843E-12   0.635347E-14   0.751913E-13
   0.216900E+04   0.142737E-12   0.315638E-14   0.487128E-13
   0.217000E+04  -0.257745E-12  -0.143046E-13  -0.663018E-13
   0.217100E+04  -0.370813E-12  -0.184697E-13  -0.102744E-12
   0.217200E+04   0.139151E-13   0.116325E-15  -0.218577E-14
   0.217300E+04   0.417296E-12   0.195618E-13   0.103513E-12
   0.217400E+04   0.338298E-12   0.171087E-13   0.760180E-13
   0.217500E+04  -0.476373E-13   0.846347E-15  -0.365843E-13
   0.217600E+04  -0.133798E-12  -0.159579E-14  -0.669148E-13
   0.217700E+04   0.270683E-12   0.183565E-13   0.381086E-13
   0.217800E+04   0.673336E-12   0.381655E-13   0.143029E-12
   0.217900E+04   0.583946E-12   0.355157E-13   0.112583E-12
   0.218000E+04   0.197152E-12   0.193572E-13   0.201980E-15
   0.218100E+04   0.119698E-12   0.173338E-13  -0.267066E-13
   0.218200E+04   0.522330E-12   0.370851E-13   0.794407E-13
   0.218300E+04   0.899336E-12   0.554006E-13   0.179636E-12
   0.218400E+04   0.771767E-12   0.504168E-13   0.141809E-12
   0.218500E+04   0.354015E-12   0.320044E-13   0.248184E-13
   0.218600E+04   0.253846E-12   0.279441E-13  -0.376644E-14
   0.218700E+04   0.623621E-12   0.451047E-13   0.984456E-13
   0.218800E+04   0.946308E-12   0.597399E-13   0.189285E-12
   0.218900E+04   0.755217E-12   0.504845E-13   0.140067E-12
   0.219000E+04   0.284210E-12   0.280944E-13   0.149611E-13
   0.219100E+04   0.141460E-12   0.204467E-13  -0.185129E-13
   0.219200E+04   0.461120E-12   0.336492E-13   0.768321E-13
   0.219300E+04   0.715765E-12   0.434589E-13   0.155852E-12
   0.219400E+04   0.451797E-12   0.290396E-13   0.934091E-13
   0.219500E+04  -0.767199E-13   0.209659E-14  -0.409323E-13
   0.219600E+04  -0.259316E-12  -0.918934E-14  -0.793932E-13
   0.219700E+04   0.237435E-13   0.904831E-15   0.107716E-13
   0.219800E+04   0.238601E-12   0.800461E-14   0.823183E-13
   0.219900E+04  -0.544650E-13  -0.813346E-14   0.138809E-13
   0.220000E+04  -0.585413E-12  -0.352335E-13  -0.120425E-12
   0.220100E+04  -0.748778E-12  -0.454644E-13  -0.154053E-12
   0.220200E+04  -0.445453E-12  -0.340561E-13  -0.599158E-13
   0.220300E+04  -0.218071E-12  -0.257378E-13   0.122879E-13
   0.220400E+04  -0.491656E-12  -0.400645E-13  -0.547431E-13
   0.220500E+04  -0.978854E-12  -0.640042E-13  -0.182008E-12
   0.220600E+04  -0.107916E-11  -0.700021E-13  -0.204165E-12
   0.220700E+04  -0.715120E-12  -0.543120E-13  -0.999462E-13
   0.220800E+04  -0.439221E-12  -0.421379E-13  -0.216471E-13
   0.220900E+04  -0.662421E-12  -0.524231E-13  -0.825781E-13
   0.221000E+04  -0.108042E-11  -0.713939E-13  -0.198943E-12
   0.221100E+04  -0.109783E-11  -0.717501E-13  -0.206679E-12
   0.221200E+04  -0.658603E-12  -0.507383E-13  -0.902933E-13
   0.221300E+04  -0.324456E-12  -0.340072E-13  -0.449769E-14
   0.221400E+04  -0.491768E-12  -0.398606E-13  -0.584688E-13
   0.221500E+04  -0.839247E-12  -0.537584E-13  -0.163627E-12
   0.221600E+04  -0.776913E-12  -0.486481E-13  -0.157300E-12
   0.221700E+04  -0.270520E-12  -0.228029E-13  -0.298466E-13
   0.221800E+04   0.108427E-12  -0.240170E-14   0.615396E-13
   0.221900E+04  -0.227362E-13  -0.520979E-14   0.116849E-13
   0.222000E+04  -0.326359E-12  -0.159588E-13  -0.861938E-13
   0.222100E+04  -0.217475E-12  -0.776950E-14  -0.707773E-13
   0.222200E+04   0.317639E-12   0.201790E-13   0.619682E-13
   0.222300E+04   0.698332E-12   0.411959E-13   0.152522E-12
   0.222400E+04   0.554479E-12   0.378993E-13   0.994670E-13
   0.222500E+04   0.238112E-12   0.260898E-13   0.176346E-15
   0.222600E+04   0.329267E-12   0.324869E-13   0.145220E-13
   0.222700E+04   0.824961E-12   0.573414E-13   0.141630E-12
   0.222800E+04   0.114109E-11   0.739282E-13   0.220770E-12
   0.222900E+04   0.923740E-12   0.655389E-13   0.154961E-12
   0.223000E+04   0.539166E-12   0.484668E-13   0.455746E-13
   0.223100E+04   0.560893E-12   0.491117E-13   0.505811E-13
   0.223200E+04   0.970395E-12   0.672379E-13   0.164375E-12
   0.223300E+04   0.118535E-11   0.765397E-13   0.226089E-12
   0.223400E+04   0.874066E-12   0.615347E-13   0.144405E-12
   0.223500E+04   0.419032E-12   0.392173E-13   0.250501E-13
   0.223600E+04   0.383466E-12   0.353289E-13   0.232687E-13
   0.223700E+04   0.726467E-12   0.484832E-13   0.127337E-12
   0.223800E+04   0.862258E-12   0.522622E-13   0.175258E-12
   0.223900E+04   0.480580E-12   0.323285E-13   0.812750E-13
   0.224000E+04  -0.169195E-13   0.671004E-14  -0.439122E-13
   0.224100E+04  -0.734955E-13   0.921312E-15  -0.470002E-13
   0.224200E+04   0.249362E-12   0.126250E-13   0.546005E-13
   0.224300E+04   0.360832E-12   0.151321E-13   0.975527E-13
   0.224400E+04  -0.322301E-13  -0.515489E-14   0.877828E-15
   0.224500E+04  -0.513914E-12  -0.295985E-13  -0.120721E-12
   0.224600E+04  -0.537309E-12  -0.331793E-13  -0.116555E-12
   0.224700E+04  -0.185507E-12  -0.192649E-13  -0.987422E-14
   0.224800E+04  -0.539493E-13  -0.147871E-13   0.348276E-13
   0.224900E+04  -0.418219E-12  -0.325557E-13  -0.584892E-13
   0.225000E+04  -0.848184E-12  -0.532840E-13  -0.171122E-12
   0.225100E+04  -0.806811E-12  -0.524061E-13  -0.155023E-12
   0.225200E+04  -0.398595E-12  -0.342973E-13  -0.392144E-13
   0.225300E+04  -0.223788E-12  -0.261791E-13   0.106789E-13
   0.225400E+04  -0.541631E-12  -0.401995E-13  -0.766513E-13
   0.225500E+04  -0.909323E-12  -0.565390E-13  -0.178836E-12
   0.225600E+04  -0.800058E-12  -0.510796E-13  -0.150567E-12
   0.225700E+04  -0.338422E-12  -0.290786E-13  -0.263521E-13
   0.225800E+04  -0.128167E-12  -0.179549E-13   0.273699E-13
   0.225900E+04  -0.412886E-12  -0.292829E-13  -0.561089E-13
   0.226000E+04  -0.739495E-12  -0.429253E-13  -0.151296E-12
   0.226100E+04  -0.592543E-12  -0.353058E-13  -0.115929E-12
   0.226200E+04  -0.114084E-12  -0.123371E-13   0.104981E-13
   0.226300E+04   0.939663E-13  -0.118037E-14   0.618107E-13
   0.226400E+04  -0.192282E-12  -0.124878E-13  -0.233225E-13
   0.226500E+04  -0.509628E-12  -0.258286E-13  -0.116434E-12
   0.226600E+04  -0.357107E-12  -0.184780E-13  -0.790618E-13
   0.226700E+04   0.104020E-12   0.278603E-14   0.439058E-13
   0.226800E+04   0.276574E-12   0.112841E-13   0.871513E-13
   0.226900E+04  -0.370260E-13  -0.209593E-14  -0.394056E-14
   0.227000E+04  -0.357404E-12  -0.160160E-13  -0.967392E-13
   0.227100E+04  -0.196619E-12  -0.842815E-14  -0.563216E-13
   0.227200E+04   0.260833E-12   0.126288E-13   0.662353E-13
   0.227300E+04   0.415430E-12   0.202428E-13   0.105101E-12
   0.227400E+04   0.895953E-13   0.623247E-14   0.111414E-13
   0.227500E+04  -0.223859E-12  -0.737263E-14  -0.794024E-13
   0.227600E+04  -0.488616E-13   0.965174E-15  -0.348986E-13
   0.227700E+04   0.409860E-12   0.222511E-13   0.880665E-13
   0.227800E+04   0.552496E-12   0.295239E-13   0.123660E-12
   0.227900E+04   0.221097E-12   0.154972E-13   0.281893E-13
   0.228000E+04  -0.801782E-13   0.272326E-14  -0.589484E-13
   0.228100E+04   0.110954E-12   0.120715E-13  -0.984303E-14
   0.228200E+04   0.568913E-12   0.335186E-13   0.113300E-12
   0.228300E+04   0.693899E-12   0.400478E-13   0.144758E-12
   0.228400E+04   0.347930E-12   0.252926E-13   0.463665E-13
   0.228500E+04   0.468493E-13   0.123892E-13  -0.393007E-13
   0.228600E+04   0.240061E-12   0.216481E-13   0.120772E-13
   0.228700E+04   0.682495E-12   0.421253E-13   0.132949E-12
   0.228800E+04   0.775020E-12   0.467645E-13   0.157860E-12
   0.228900E+04   0.398824E-12   0.300231E-13   0.540002E-13
   0.229000E+04   0.803130E-13   0.155330E-13  -0.331709E-13
   0.229100E+04   0.256755E-12   0.231356E-13   0.171710E-13
   0.229200E+04   0.666912E-12   0.412636E-13   0.132802E-12
   0.229300E+04   0.716061E-12   0.431403E-13   0.149325E-12
   0.229400E+04   0.305576E-12   0.241342E-13   0.394974E-13
   0.229500E+04  -0.301803E-13   0.815441E-14  -0.489072E-13
   0.229600E+04   0.130157E-12   0.142389E-13   0.650115E-15
   0.229700E+04   0.507564E-12   0.300304E-13   0.110978E-12
   0.229800E+04   0.513118E-12   0.291338E-13   0.119078E-12
   0.229900E+04   0.704950E-13   0.802564E-14   0.370185E-14
   0.230000E+04  -0.278031E-12  -0.908899E-14  -0.851318E-13
   0.230100E+04  -0.129730E-12  -0.422914E-14  -0.357902E-13
   0.230200E+04   0.215552E-12   0.912938E-14   0.689383E-13
   0.230300E+04   0.174578E-12   0.490979E-14   0.674445E-13
   0.230400E+04  -0.302450E-12  -0.189091E-13  -0.546839E-13
   0.230500E+04  -0.658344E-12  -0.371174E-13  -0.143812E-12
   0.230600E+04  -0.502948E-12  -0.321757E-13  -0.920088E-13
   0.230700E+04  -0.155479E-12  -0.185484E-13   0.126743E-13
   0.230800E+04  -0.197845E-12  -0.224437E-13   0.919808E-14
   0.230900E+04  -0.661161E-12  -0.451325E-13  -0.111576E-12
   0.231000E+04  -0.980142E-12  -0.610094E-13  -0.193789E-12
   0.231100E+04  -0.779531E-12  -0.531501E-13  -0.133656E-12
   0.231200E+04  -0.395865E-12  -0.367937E-13  -0.239762E-13
   0.231300E+04  -0.406571E-12  -0.379751E-13  -0.244590E-13
   0.231400E+04  -0.823099E-12  -0.570958E-13  -0.138710E-12
   0.231500E+04  -0.107384E-11  -0.682760E-13  -0.209015E-12
   0.231600E+04  -0.801085E-12  -0.554291E-13  -0.136282E-12
   0.231700E+04  -0.360242E-12  -0.347340E-13  -0.183346E-13
   0.231800E+04  -0.324532E-12  -0.321067E-13  -0.135431E-13
   0.231900E+04  -0.685601E-12  -0.470608E-13  -0.119938E-12
   0.232000E+04  -0.865367E-12  -0.533877E-13  -0.177957E-12
   0.232100E+04  -0.523052E-12  -0.357556E-13  -0.931004E-13
   0.232200E+04  -0.318086E-13  -0.111899E-13   0.320534E-13
   0.232300E+04   0.401932E-13  -0.544170E-14   0.406864E-13
   0.232400E+04  -0.279339E-12  -0.171822E-13  -0.597527E-13
   0.232500E+04  -0.407340E-12  -0.199879E-13  -0.108210E-12
   0.232600E+04  -0.211524E-13   0.619140E-15  -0.150580E-13
   0.232700E+04   0.488403E-12   0.267442E-13   0.112397E-12
   0.232800E+04   0.559113E-12   0.328476E-13   0.119105E-12
   0.232900E+04   0.238858E-12   0.211701E-13   0.181370E-13
   0.233000E+04   0.116297E-12   0.184308E-13  -0.279154E-13
   0.233100E+04   0.497125E-12   0.383695E-13   0.658760E-13
   0.233200E+04   0.974957E-12   0.623854E-13   0.187898E-12
   0.233300E+04   0.995781E-12   0.653141E-13   0.185329E-12
   0.233400E+04   0.628678E-12   0.503910E-13   0.770223E-13
   0.233500E+04   0.467169E-12   0.445721E-13   0.268639E-13
   0.233600E+04   0.798137E-12   0.606710E-13   0.114624E-12
   0.233700E+04   0.119788E-11   0.791521E-13   0.223984E-12
   0.233800E+04   0.112007E-11   0.751048E-13   0.204211E-12
   0.233900E+04   0.656887E-12   0.529069E-13   0.802365E-13
   0.234000E+04   0.411702E-12   0.402392E-13   0.181384E-13
   0.234100E+04   0.659918E-12   0.496976E-13   0.939508E-13
   0.234200E+04   0.967337E-12   0.614352E-13   0.188044E-12
   0.234300E+04   0.798162E-12   0.510252E-13   0.152365E-12
   0.234400E+04   0.265086E-12   0.237340E-13   0.173728E-13
   0.234500E+04  -0.244775E-13   0.743874E-14  -0.498922E-13
   0.234600E+04   0.188202E-12   0.140460E-13   0.218218E-13
   0.234700E+04   0.456033E-12   0.231760E-13   0.109198E-12
   0.234800E+04   0.253199E-12   0.108510E-13   0.669065E-13
   0.234900E+04  -0.288115E-12  -0.168147E-13  -0.691685E-13
   0.235000E+04  -0.559003E-12  -0.319126E-13  -0.131496E-12
   0.235100E+04  -0.320561E-12  -0.234776E-13  -0.541845E-13
   0.235200E+04  -0.351609E-13  -0.126496E-13   0.353789E-13
   0.235300E+04  -0.219948E-12  -0.230896E-13  -0.558102E-14
   0.235400E+04  -0.723937E-12  -0.478724E-13  -0.135858E-12
   0.235500E+04  -0.936994E-12  -0.590301E-13  -0.187495E-12
   0.235600E+04  -0.639582E-12  -0.464663E-13  -0.998589E-13
   0.235700E+04  -0.308238E-12  -0.319905E-13  -0.412222E-14
   0.235800E+04  -0.450471E-12  -0.388763E-13  -0.402503E-13
   0.235900E+04  -0.896434E-12  -0.593703E-13  -0.161709E-12
   0.236000E+04  -0.103553E-11  -0.654812E-13  -0.200314E-12
   0.236100E+04  -0.668485E-12  -0.480571E-13  -0.100898E-12
   0.236200E+04  -0.286764E-12  -0.296772E-13   0.146940E-14
   0.236300E+04  -0.388912E-12  -0.333248E-13  -0.304646E-13
   0.236400E+04  -0.786560E-12  -0.504414E-13  -0.144919E-12
   0.236500E+04  -0.867695E-12  -0.528873E-13  -0.173349E-12
   0.236600E+04  -0.450695E-12  -0.321914E-13  -0.655417E-13
   0.236700E+04  -0.387876E-13  -0.114348E-13   0.401979E-13
   0.236800E+04  -0.120097E-12  -0.132063E-13   0.964811E-14
   0.236900E+04  -0.488891E-12  -0.282543E-13  -0.100437E-12
   0.237000E+04  -0.534269E-12  -0.285112E-13  -0.121738E-12
   0.237100E+04  -0.940812E-13  -0.636798E-14  -0.941383E-14
   0.237200E+04   0.316161E-12   0.144933E-13   0.948885E-13
   0.237300E+04   0.218687E-12   0.118160E-13   0.599476E-13
   0.237400E+04  -0.163389E-12  -0.447167E-14  -0.525871E-13
   0.237500E+04  -0.218656E-12  -0.620868E-14  -0.744006E-13
   0.237600E+04   0.200529E-12   0.138219E-13   0.349267E-13
   0.237700E+04   0.573736E-12   0.320083E-13   0.131915E-12
   0.237800E+04   0.439337E-12   0.269499E-13   0.895399E-13
   0.237900E+04   0.381962E-13   0.929091E-14  -0.256181E-13
   0.238000E+04  -0.229195E-13   0.681324E-14  -0.463645E-13
   0.238100E+04   0.382233E-12   0.256790E-13   0.618800E-13
   0.238200E+04   0.723980E-12   0.419036E-13   0.152983E-12
   0.238300E+04   0.556493E-12   0.348996E-13   0.104122E-12
   0.238400E+04   0.140266E-12   0.162477E-13  -0.127799E-13
   0.238500E+04   0.788766E-13   0.135518E-13  -0.313498E-13
   0.238600E+04   0.476865E-12   0.319181E-13   0.771235E-13
   0.238700E+04   0.793554E-12   0.468028E-13   0.163576E-12
   0.238800E+04   0.596807E-12   0.382107E-13   0.109014E-12
   0.238900E+04   0.165355E-12   0.185416E-13  -0.959162E-14
   0.239000E+04   0.994907E-13   0.152453E-13  -0.267683E-13
   0.239100E+04   0.483063E-12   0.324700E-13   0.805119E-13
   0.239200E+04   0.765695E-12   0.452005E-13   0.160547E-12
   0.239300E+04   0.529894E-12   0.340924E-13   0.983874E-13
   0.239400E+04   0.735626E-13   0.124620E-13  -0.238065E-13
   0.239500E+04  -0.448513E-14   0.780075E-14  -0.411752E-13
   0.239600E+04   0.361549E-12   0.235435E-13   0.641190E-13
   0.239700E+04   0.613452E-12   0.343389E-13   0.138133E-12
   0.239800E+04   0.347727E-12   0.214018E-13   0.698517E-13
   0.239900E+04  -0.121355E-12  -0.128205E-14  -0.539496E-13
   0.240000E+04  -0.198837E-12  -0.635951E-14  -0.695236E-13
   0.240100E+04   0.163249E-12   0.893602E-14   0.358591E-13
   0.240200E+04   0.400887E-12   0.190997E-13   0.106512E-12
   0.240300E+04   0.125330E-12   0.597206E-14   0.355784E-13
   0.240400E+04  -0.335296E-12  -0.160037E-13  -0.860614E-13
   0.240500E+04  -0.394320E-12  -0.199951E-13  -0.966947E-13
   0.240600E+04  -0.247529E-13  -0.419922E-14   0.106721E-13
   0.240700E+04   0.203249E-12   0.566007E-14   0.785888E-13
   0.240800E+04  -0.832246E-13  -0.787911E-14   0.458868E-14
   0.240900E+04  -0.541745E-12  -0.298725E-13  -0.116323E-12
   0.241000E+04  -0.593918E-12  -0.339983E-13  -0.124571E-12
   0.241100E+04  -0.231833E-12  -0.192556E-13  -0.185607E-13
   0.241200E+04  -0.264820E-13  -0.111239E-13   0.435804E-13
   0.241300E+04  -0.327936E-12  -0.257198E-13  -0.347919E-13
   0.241400E+04  -0.774653E-12  -0.471159E-13  -0.153609E-12
   0.241500E+04  -0.796729E-12  -0.494905E-13  -0.155528E-12
   0.241600E+04  -0.410126E-12  -0.331092E-13  -0.453335E-13
   0.241700E+04  -0.193004E-12  -0.238498E-13   0.169481E-13
   0.241800E+04  -0.477236E-12  -0.369390E-13  -0.603878E-13
   0.241900E+04  -0.883665E-12  -0.555662E-13  -0.172493E-12
   0.242000E+04  -0.849933E-12  -0.542534E-13  -0.164048E-12
   0.242100E+04  -0.414416E-12  -0.343618E-13  -0.458516E-13
   0.242200E+04  -0.162286E-12  -0.221594E-13   0.203076E-13
   0.242300E+04  -0.408864E-12  -0.321426E-13  -0.525973E-13
   0.242400E+04  -0.759760E-12  -0.468116E-13  -0.155424E-12
   0.242500E+04  -0.661637E-12  -0.411343E-13  -0.135208E-12
   0.242600E+04  -0.175185E-12  -0.175545E-13  -0.872715E-14
   0.242700E+04   0.108306E-12  -0.267426E-14   0.607082E-13
   0.242800E+04  -0.109381E-12  -0.102221E-13  -0.910664E-14
   0.242900E+04  -0.418530E-12  -0.219773E-13  -0.104750E-12
   0.243000E+04  -0.274374E-12  -0.132827E-13  -0.755832E-13
   0.243100E+04   0.241146E-12   0.124221E-13   0.558353E-13
   0.243200E+04   0.531257E-12   0.282109E-13   0.124814E-12
   0.243300E+04   0.314003E-12   0.210079E-13   0.537906E-13
   0.243400E+04   0.129781E-13   0.962463E-14  -0.398921E-13
   0.243500E+04   0.164780E-12   0.184034E-13  -0.790542E-14
   0.243600E+04   0.669856E-12   0.432490E-13   0.122134E-12
   0.243700E+04   0.930932E-12   0.573528E-13   0.185204E-12
   0.243800E+04   0.684737E-12   0.485059E-13   0.108893E-12
   0.243900E+04   0.366423E-12   0.359076E-13   0.139514E-13
   0.244000E+04   0.499188E-12   0.431059E-13   0.452799E-13
   0.244100E+04   0.961809E-12   0.649416E-13   0.169371E-12
   0.244200E+04   0.115606E-11   0.746303E-13   0.220801E-12
   0.244300E+04   0.839413E-12   0.609906E-13   0.132700E-12
   0.244400E+04   0.460346E-12   0.437773E-13   0.294832E-13
   0.244500E+04   0.529086E-12   0.457788E-13   0.525848E-13
   0.244600E+04   0.903624E-12   0.608081E-13   0.162706E-12
   0.244700E+04   0.988817E-12   0.624178E-13   0.194800E-12
   0.244800E+04   0.570634E-12   0.411585E-13   0.890630E-13
   0.244900E+04   0.119750E-12   0.182042E-13  -0.247111E-13
   0.245000E+04   0.138995E-12   0.161473E-13  -0.748088E-14
   0.245100E+04   0.464659E-12   0.276812E-13   0.954989E-13
   0.245200E+04   0.497395E-12   0.259695E-13   0.118165E-12
   0.245300E+04   0.415800E-13   0.232850E-14   0.580266E-14
   0.245400E+04  -0.418004E-12  -0.213678E-13  -0.108015E-12
   0.245500E+04  -0.389028E-12  -0.229484E-13  -0.872189E-13
   0.245600E+04  -0.557911E-13  -0.106901E-13   0.173293E-13
   0.245700E+04  -0.198838E-13  -0.116137E-13   0.391053E-13
   0.245800E+04  -0.458620E-12  -0.336154E-13  -0.714245E-13
   0.245900E+04  -0.875393E-12  -0.542817E-13  -0.177345E-12
   0.246000E+04  -0.790811E-12  -0.520483E-13  -0.146049E-12
   0.246100E+04  -0.410676E-12  -0.362474E-13  -0.341464E-13
   0.246200E+04  -0.338471E-12  -0.340761E-13  -0.848019E-14
   0.246300E+04  -0.732825E-12  -0.526092E-13  -0.113293E-12
   0.246400E+04  -0.108531E-11  -0.688584E-13  -0.208354E-12
   0.246500E+04  -0.929153E-12  -0.618026E-13  -0.164487E-12
   0.246600E+04  -0.490640E-12  -0.417459E-13  -0.438365E-13
   0.246700E+04  -0.374394E-12  -0.360310E-13  -0.133714E-13
   0.246800E+04  -0.720952E-12  -0.509869E-13  -0.112166E-12
   0.246900E+04  -0.101143E-11  -0.631597E-13  -0.197011E-12
   0.247000E+04  -0.791636E-12  -0.520474E-13  -0.142208E-12
   0.247100E+04  -0.305639E-12  -0.286765E-13  -0.148677E-13
   0.247200E+04  -0.155105E-12  -0.201738E-13   0.187959E-13
   0.247300E+04  -0.460203E-12  -0.319077E-13  -0.746424E-13
   0.247400E+04  -0.693172E-12  -0.400767E-13  -0.149346E-12
   0.247500E+04  -0.416923E-12  -0.251013E-13  -0.840359E-13
   0.247600E+04   0.102302E-12   0.829580E-15   0.483395E-13
   0.247700E+04   0.263786E-12   0.105748E-13   0.819644E-13
   0.247800E+04  -0.316784E-13  -0.228357E-15  -0.108163E-13
   0.247900E+04  -0.245761E-12  -0.724739E-14  -0.812642E-13
   0.248000E+04   0.427757E-13   0.830039E-14  -0.123511E-13
   0.248100E+04   0.545864E-12   0.330516E-13   0.117164E-12
   0.248200E+04   0.664182E-12   0.398188E-13   0.141921E-12
   0.248300E+04   0.321764E-12   0.254198E-13   0.404228E-13
   0.248400E+04   0.728079E-13   0.152301E-13  -0.347304E-13
   0.248500E+04   0.330086E-12   0.279522E-13   0.306500E-13
   0.248600E+04   0.789838E-12   0.496091E-13   0.153224E-12
   0.248700E+04   0.855295E-12   0.530295E-13   0.168343E-12
   0.248800E+04   0.468905E-12   0.357285E-13   0.596736E-13
   0.248900E+04   0.192906E-12   0.233958E-13  -0.179627E-13
   0.249000E+04   0.425568E-12   0.341049E-13   0.455462E-13
   0.249100E+04   0.845915E-12   0.531238E-13   0.162046E-12
   0.249200E+04   0.861578E-12   0.534716E-13   0.168088E-12
   0.249300E+04   0.435433E-12   0.335791E-13   0.529758E-13
   0.249400E+04   0.137888E-12   0.195145E-13  -0.262262E-13
   0.249500E+04   0.351291E-12   0.286161E-13   0.362114E-13
   0.249600E+04   0.735960E-12   0.452342E-13   0.147043E-12
   0.249700E+04   0.703288E-12   0.424776E-13   0.143931E-12
   0.249800E+04   0.237048E-12   0.197289E-13   0.219044E-13
   0.249900E+04  -0.824113E-13   0.363114E-14  -0.594389E-13
   0.250000E+04   0.114446E-12   0.111008E-13   0.182234E-14
   0.250100E+04   0.472592E-12   0.258666E-13   0.108038E-12
   0.250200E+04   0.408764E-12   0.212394E-13   0.983420E-13
   0.250300E+04  -0.738457E-13  -0.258988E-14  -0.268105E-13
   0.250400E+04  -0.388368E-12  -0.186935E-13  -0.106010E-12
   0.250500E+04  -0.180741E-12  -0.107978E-13  -0.416837E-13
   0.250600E+04   0.178516E-12   0.418860E-14   0.641525E-13
   0.250700E+04   0.112972E-12  -0.901838E-16   0.524981E-13
   0.250800E+04  -0.354040E-12  -0.225412E-13  -0.705636E-13
   0.250900E+04  -0.630683E-12  -0.360417E-13  -0.142120E-12
   0.251000E+04  -0.381660E-12  -0.252343E-13  -0.695922E-13
   0.251100E+04   0.356348E-14  -0.800144E-14   0.400100E-13
   0.251200E+04  -0.470290E-13  -0.106205E-13   0.291382E-13
   0.251300E+04  -0.490904E-12  -0.311806E-13  -0.906758E-13
   0.251400E+04  -0.730722E-12  -0.422777E-13  -0.154957E-12
   0.251500E+04  -0.448415E-12  -0.293099E-13  -0.758543E-13
   0.251600E+04  -0.509729E-13  -0.110362E-13   0.349092E-13
   0.251700E+04  -0.105673E-12  -0.136869E-13   0.212887E-13
   0.251800E+04  -0.550923E-12  -0.345797E-13  -0.998408E-13
   0.251900E+04  -0.782072E-12  -0.458528E-13  -0.162195E-12
   0.252000E+04  -0.492622E-12  -0.331166E-13  -0.815804E-13
   0.252100E+04  -0.989770E-13  -0.152604E-13   0.272098E-13
   0.252200E+04  -0.157708E-12  -0.179318E-13   0.108731E-13
   0.252300E+04  -0.588458E-12  -0.377101E-13  -0.108452E-12
   0.252400E+04  -0.785703E-12  -0.468683E-13  -0.164038E-12
   0.252500E+04  -0.462768E-12  -0.320063E-13  -0.770424E-13
   0.252600E+04  -0.507351E-13  -0.126597E-13   0.336795E-13
   0.252700E+04  -0.962041E-13  -0.139679E-13   0.175259E-13
   0.252800E+04  -0.498222E-12  -0.315547E-13  -0.976614E-13
   0.252900E+04  -0.648840E-12  -0.376090E-13  -0.144375E-12
   0.253000E+04  -0.281294E-12  -0.196859E-13  -0.491080E-13
   0.253100E+04   0.157218E-12   0.188573E-14   0.649985E-13
   0.253200E+04   0.128216E-12   0.227242E-14   0.497359E-13
   0.253300E+04  -0.248186E-12  -0.133240E-13  -0.616423E-13
   0.253400E+04  -0.362001E-12  -0.170129E-13  -0.100983E-12
   0.253500E+04   0.344614E-13   0.278510E-14   0.131097E-16
   0.253600E+04   0.479365E-12   0.250537E-13   0.114236E-12
   0.253700E+04   0.443520E-12   0.253330E-13   0.961199E-13
   0.253800E+04   0.668548E-13   0.970360E-14  -0.155814E-13
   0.253900E+04  -0.375980E-13   0.625180E-14  -0.519534E-13
   0.254000E+04   0.360966E-12   0.259019E-13   0.504851E-13
   0.254100E+04   0.788756E-12   0.471721E-13   0.161210E-12
   0.254200E+04   0.727179E-12   0.460672E-13   0.137601E-12
   0.254300E+04   0.334807E-12   0.294438E-13   0.236661E-13
   0.254400E+04   0.225083E-12   0.253701E-13  -0.114889E-13
   0.254500E+04   0.609794E-12   0.439295E-13   0.903613E-13
   0.254600E+04   0.100231E-11   0.630638E-13   0.195145E-12
   0.254700E+04   0.893969E-12   0.591453E-13   0.163088E-12
   0.254800E+04   0.460642E-12   0.396787E-13   0.431576E-13
   0.254900E+04   0.315115E-12   0.326366E-13   0.435692E-14
   0.255000E+04   0.651288E-12   0.473656E-13   0.998297E-13
   0.255100E+04   0.973333E-12   0.615296E-13   0.192679E-12
   0.255200E+04   0.786583E-12   0.521963E-13   0.146770E-12
   0.255300E+04   0.286389E-12   0.276981E-13   0.163614E-13
   0.255400E+04   0.853400E-13   0.159542E-13  -0.296821E-13
   0.255500E+04   0.360687E-12   0.256810E-13   0.568835E-13
   0.255600E+04   0.611178E-12   0.345929E-13   0.137127E-12
   0.255700E+04   0.360976E-12   0.208976E-13   0.795849E-13
   0.255800E+04  -0.172876E-12  -0.600759E-14  -0.557310E-13
   0.255900E+04  -0.380871E-12  -0.184869E-13  -0.100705E-12
   0.256000E+04  -0.109399E-12  -0.910422E-14  -0.133902E-13
   0.256100E+04   0.127316E-12  -0.831036E-15   0.638105E-13
   0.256200E+04  -0.132534E-12  -0.147776E-13   0.324673E-14
   0.256300E+04  -0.651226E-12  -0.405237E-13  -0.129449E-12
   0.256400E+04  -0.820807E-12  -0.504897E-13  -0.166558E-12
   0.256500E+04  -0.509501E-12  -0.382971E-13  -0.719962E-13
   0.256600E+04  -0.244237E-12  -0.275775E-13   0.852538E-14
   0.256700E+04  -0.474460E-12  -0.389264E-13  -0.490841E-13
   0.256800E+04  -0.944237E-12  -0.611137E-13  -0.174065E-12
   0.256900E+04  -0.104876E-11  -0.667270E-13  -0.199454E-12
   0.257000E+04  -0.678044E-12  -0.504316E-13  -0.950300E-13
   0.257100E+04  -0.370777E-12  -0.364615E-13  -0.958261E-14
   0.257200E+04  -0.563375E-12  -0.448638E-13  -0.634774E-13
   0.257300E+04  -0.981273E-12  -0.635474E-13  -0.180774E-12
   0.257400E+04  -0.102135E-11  -0.650993E-13  -0.195039E-12
   0.257500E+04  -0.592286E-12  -0.449276E-13  -0.813074E-13
   0.257600E+04  -0.241235E-12  -0.275881E-13   0.924805E-14
   0.257700E+04  -0.390748E-12  -0.325272E-13  -0.398109E-13
   0.257800E+04  -0.750238E-12  -0.470250E-13  -0.147904E-12
   0.257900E+04  -0.722356E-12  -0.440158E-13  -0.149984E-12
   0.258000E+04  -0.236974E-12  -0.198778E-13  -0.268354E-13
   0.258100E+04   0.150212E-12   0.487476E-15   0.680523E-13
   0.258200E+04   0.311192E-13  -0.171922E-14   0.223529E-13
   0.258300E+04  -0.288489E-12  -0.132059E-13  -0.788929E-13
   0.258400E+04  -0.219182E-12  -0.742369E-14  -0.725010E-13
   0.258500E+04   0.286652E-12   0.181515E-13   0.547101E-13
   0.258600E+04   0.665691E-12   0.383136E-13   0.147135E-12
   0.258700E+04   0.526470E-12   0.350687E-13   0.969748E-13
   0.258800E+04   0.191300E-12   0.223953E-13  -0.609313E-14
   0.258900E+04   0.241939E-12   0.263376E-13  -0.848917E-15
   0.259000E+04   0.704575E-12   0.483828E-13   0.119969E-12
   0.259100E+04   0.101245E-11   0.633484E-13   0.199444E-12
   0.259200E+04   0.797861E-12   0.546797E-13   0.135712E-12
   0.259300E+04   0.406746E-12   0.377251E-13   0.244517E-13
   0.259400E+04   0.416536E-12   0.383683E-13   0.255157E-13
   0.259500E+04   0.829831E-12   0.568426E-13   0.139785E-12
   0.259600E+04   0.107011E-11   0.673379E-13   0.207783E-12
   0.259700E+04   0.786376E-12   0.540395E-13   0.132201E-12
   0.259800E+04   0.343968E-12   0.332836E-13   0.138417E-13
   0.259900E+04   0.315747E-12   0.308256E-13   0.111397E-13
   0.260000E+04   0.683113E-12   0.458997E-13   0.119126E-12
   0.260100E+04   0.862057E-12   0.522760E-13   0.176324E-12
   0.260200E+04   0.518872E-12   0.349251E-13   0.901447E-13
   0.260300E+04   0.377573E-13   0.111482E-13  -0.336010E-13
   0.260400E+04  -0.127633E-13   0.662374E-14  -0.379140E-13
   0.260500E+04   0.328927E-12   0.197169E-13   0.666610E-13
   0.260600E+04   0.472370E-12   0.238415E-13   0.116899E-12
   0.260700E+04   0.100107E-12   0.463856E-14   0.247672E-13
   0.260800E+04  -0.387338E-12  -0.198373E-13  -0.994388E-13
   0.260900E+04  -0.427242E-12  -0.240760E-13  -0.100464E-12
   0.261000E+04  -0.764319E-13  -0.104374E-13   0.587904E-14
   0.261100E+04   0.708738E-13  -0.562432E-14   0.552413E-13
   0.261200E+04  -0.285936E-12  -0.232699E-13  -0.356701E-13
   0.261300E+04  -0.733254E-12  -0.448364E-13  -0.152721E-12
   0.261400E+04  -0.719377E-12  -0.454288E-13  -0.143452E-12
   0.261500E+04  -0.323149E-12  -0.284551E-13  -0.296104E-13
   0.261600E+04  -0.142774E-12  -0.207661E-13   0.233917E-13
   0.261700E+04  -0.460443E-12  -0.351132E-13  -0.626074E-13
   0.261800E+04  -0.848888E-12  -0.523768E-13  -0.169512E-12
   0.261900E+04  -0.768879E-12  -0.483724E-13  -0.147974E-12
   0.262000E+04  -0.323448E-12  -0.277636E-13  -0.260957E-13
   0.262100E+04  -0.115777E-12  -0.176830E-13   0.294920E-13
   0.262200E+04  -0.408960E-12  -0.299625E-13  -0.541009E-13
   0.262300E+04  -0.760668E-12  -0.447604E-13  -0.154612E-12
   0.262400E+04  -0.643066E-12  -0.384955E-13  -0.125697E-12
   0.262500E+04  -0.182541E-12  -0.170500E-13  -0.171816E-14
   0.262600E+04   0.144279E-13  -0.775264E-14   0.497798E-13
   0.262700E+04  -0.292474E-12  -0.212127E-13  -0.381315E-13
   0.262800E+04  -0.640125E-12  -0.363128E-13  -0.137955E-12
   0.262900E+04  -0.506016E-12  -0.294711E-13  -0.105196E-12
   0.263000E+04  -0.364694E-13  -0.747219E-14   0.202086E-13
   0.263100E+04   0.157139E-12   0.196558E-14   0.695182E-13
   0.263200E+04  -0.148965E-12  -0.111630E-13  -0.194741E-13
   0.263300E+04  -0.478316E-12  -0.251505E-13  -0.115566E-12
   0.263400E+04  -0.318269E-12  -0.168029E-13  -0.770386E-13
   0.263500E+04   0.164862E-12   0.620906E-14   0.506594E-13
   0.263600E+04   0.357232E-12   0.160087E-13   0.982058E-13
   0.263700E+04   0.532277E-13   0.336593E-14   0.852372E-14
   0.263800E+04  -0.258010E-12  -0.944132E-14  -0.836173E-13
   0.263900E+04  -0.755729E-13   0.246792E-15  -0.396860E-13
   0.264000E+04   0.412888E-12   0.237285E-13   0.890826E-13
   0.264100E+04   0.590747E-12   0.328908E-13   0.132749E-12
   0.264200E+04   0.270841E-12   0.192804E-13   0.394133E-13
   0.264300E+04  -0.439838E-13   0.586005E-14  -0.524455E-13
   0.264400E+04   0.138098E-12   0.150311E-13  -0.701542E-14
   0.264500E+04   0.612349E-12   0.374521E-13   0.119538E-12
   0.264600E+04   0.763137E-12   0.450952E-13   0.157455E-12
   0.264700E+04   0.422312E-12   0.303211E-13   0.601363E-13
   0.264800E+04   0.103102E-12   0.164831E-13  -0.309511E-13
   0.264900E+04   0.283346E-12   0.252795E-13   0.162534E-13
   0.265000E+04   0.737967E-12   0.464070E-13   0.140017E-12
   0.265100E+04   0.852067E-12   0.518658E-13   0.170771E-12
   0.265200E+04   0.478051E-12   0.349759E-13   0.675575E-13
   0.265300E+04   0.140981E-12   0.196572E-13  -0.249042E-13
   0.265400E+04   0.305347E-12   0.269978E-13   0.217880E-13
   0.265500E+04   0.726128E-12   0.457531E-13   0.140422E-12
   0.265600E+04   0.789978E-12   0.479840E-13   0.161814E-12
   0.265700E+04   0.371076E-12   0.280634E-13   0.508734E-13
   0.265800E+04   0.734946E-14   0.105942E-13  -0.442889E-13
   0.265900E+04   0.150138E-12   0.160889E-13   0.104356E-14
   0.266000E+04   0.533442E-12   0.322340E-13   0.113959E-12
   0.266100E+04   0.543496E-12   0.309064E-13   0.125273E-12
   0.266200E+04   0.748372E-13   0.736658E-14   0.544730E-14
   0.266300E+04  -0.320431E-12  -0.129574E-13  -0.938293E-13
   0.266400E+04  -0.199152E-12  -0.962657E-14  -0.505697E-13
   0.266500E+04   0.158233E-12   0.459981E-14   0.579720E-13
   0.266600E+04   0.141356E-12   0.175738E-14   0.634554E-13
   0.266700E+04  -0.336943E-12  -0.222018E-13  -0.584899E-13
   0.266800E+04  -0.717330E-12  -0.416552E-13  -0.154031E-12
   0.266900E+04  -0.572257E-12  -0.369153E-13  -0.105422E-12
   0.267000E+04  -0.200449E-12  -0.215504E-13   0.503509E-14
   0.267100E+04  -0.208549E-12  -0.233358E-13   0.100353E-13
   0.267200E+04  -0.663385E-12  -0.454003E-13  -0.109126E-12
   0.267300E+04  -0.997335E-12  -0.617608E-13  -0.196234E-12
   0.267400E+04  -0.799158E-12  -0.535029E-13  -0.137921E-12
   0.267500E+04  -0.387566E-12  -0.351765E-13  -0.218371E-13
   0.267600E+04  -0.367221E-12  -0.345714E-13  -0.145528E-13
   0.267700E+04  -0.785649E-12  -0.540055E-13  -0.129316E-12
   0.267800E+04  -0.106637E-11  -0.670520E-13  -0.207475E-12
   0.267900E+04  -0.811635E-12  -0.552773E-13  -0.139512E-12
   0.268000E+04  -0.355844E-12  -0.338175E-13  -0.175363E-13
   0.268100E+04  -0.298242E-12  -0.301810E-13  -0.664019E-14
   0.268200E+04  -0.666788E-12  -0.458514E-13  -0.114554E-12
   0.268300E+04  -0.879225E-12  -0.542208E-13  -0.180853E-12
   0.268400E+04  -0.555663E-12  -0.377283E-13  -0.100776E-12
   0.268500E+04  -0.493761E-13  -0.124148E-13   0.285097E-13
   0.268600E+04   0.446458E-13  -0.564116E-14   0.432349E-13
   0.268700E+04  -0.281745E-12  -0.180188E-13  -0.587250E-13
   0.268800E+04  -0.439774E-12  -0.226360E-13  -0.115035E-12
   0.268900E+04  -0.666568E-13  -0.269731E-14  -0.255446E-13
   0.269000E+04   0.465691E-12   0.248598E-13   0.107608E-12
   0.269100E+04   0.565721E-12   0.327038E-13   0.121854E-12
   0.269200E+04   0.243462E-12   0.209234E-13   0.203167E-13
   0.269300E+04   0.932663E-13   0.166577E-13  -0.330404E-13
   0.269400E+04   0.462088E-12   0.360567E-13   0.574971E-13
   0.269500E+04   0.962516E-12   0.615370E-13   0.185418E-12
   0.269600E+04   0.100918E-11   0.659858E-13   0.189868E-12
   0.269700E+04   0.630889E-12   0.502047E-13   0.792455E-13
   0.269800E+04   0.427279E-12   0.415189E-13   0.189323E-13
   0.269900E+04   0.731452E-12   0.556075E-13   0.100498E-12
   0.270000E+04   0.114639E-11   0.747622E-13   0.214226E-12
   0.270100E+04   0.110026E-11   0.727526E-13   0.202490E-12
   0.270200E+04   0.644835E-12   0.514809E-13   0.797673E-13
   0.270300E+04   0.383001E-12   0.382859E-13   0.123742E-13
   0.270400E+04   0.627390E-12   0.477426E-13   0.863382E-13
   0.270500E+04   0.964642E-12   0.613420E-13   0.187405E-12
   0.270600E+04   0.833616E-12   0.534327E-13   0.160656E-12
   0.270700E+04   0.310826E-12   0.272154E-13   0.270552E-13
   0.270800E+04   0.684872E-14   0.105256E-13  -0.452590E-13
   0.270900E+04   0.217515E-12   0.172276E-13   0.249558E-13
   0.271000E+04   0.513477E-12   0.280374E-13   0.119046E-12
   0.271100E+04   0.340860E-12   0.175357E-13   0.841933E-13
   0.271200E+04  -0.204188E-12  -0.102526E-13  -0.531555E-13
   0.271300E+04  -0.506909E-12  -0.272806E-13  -0.123764E-12
   0.271400E+04  -0.288041E-12  -0.203356E-13  -0.511125E-13
   0.271500E+04   0.101251E-13  -0.918730E-14   0.424387E-13
   0.271600E+04  -0.156391E-12  -0.187810E-13   0.679613E-14
   0.271700E+04  -0.672194E-12  -0.442783E-13  -0.126153E-12
   0.271800E+04  -0.921518E-12  -0.576707E-13  -0.186722E-12
   0.271900E+04  -0.645292E-12  -0.467126E-13  -0.103832E-12
   0.272000E+04  -0.301005E-12  -0.318859E-13  -0.393208E-14
   0.272100E+04  -0.423716E-12  -0.377704E-13  -0.345063E-13
   0.272200E+04  -0.879421E-12  -0.587498E-13  -0.158322E-12
   0.272300E+04  -0.105176E-11  -0.668367E-13  -0.205331E-12
   0.272400E+04  -0.701443E-12  -0.506764E-13  -0.109792E-12
   0.272500E+04  -0.300089E-12  -0.313712E-13  -0.195549E-14
   0.272600E+04  -0.373569E-12  -0.331329E-13  -0.265778E-13
   0.272700E+04  -0.770822E-12  -0.497089E-13  -0.141405E-12
   0.272800E+04  -0.877197E-12  -0.533251E-13  -0.176557E-12
   0.272900E+04  -0.473801E-12  -0.335750E-13  -0.717999E-13
   0.273000E+04  -0.442996E-13  -0.120249E-13   0.392342E-13
   0.273100E+04  -0.102326E-12  -0.122810E-13   0.151246E-13
   0.273200E+04  -0.478449E-12  -0.273539E-13  -0.966736E-13
   0.273300E+04  -0.560570E-12  -0.297694E-13  -0.126762E-12
   0.273400E+04  -0.150582E-12  -0.101334E-13  -0.205954E-13
   0.273500E+04   0.258918E-12   0.976471E-14   0.854175E-13
   0.273600E+04   0.173267E-12   0.752523E-14   0.545559E-13
   0.273700E+04  -0.212714E-12  -0.844766E-14  -0.591382E-13
   0.273800E+04  -0.286366E-12  -0.106479E-13  -0.861811E-13
   0.273900E+04   0.127027E-12   0.906098E-14   0.217254E-13
   0.274000E+04   0.519295E-12   0.279935E-13   0.124090E-12
   0.274100E+04   0.407870E-12   0.242668E-13   0.875513E-13
   0.274200E+04   0.920428E-14   0.736134E-14  -0.280092E-13
   0.274300E+04  -0.631452E-13   0.490315E-14  -0.529652E-13
   0.274400E+04   0.344841E-12   0.240618E-13   0.553048E-13
   0.274500E+04   0.711530E-12   0.414422E-13   0.152723E-12
   0.274600E+04   0.566227E-12   0.356320E-13   0.109294E-12
   0.274700E+04   0.145402E-12   0.170405E-13  -0.961295E-14
   0.274800E+04   0.630767E-13   0.134008E-13  -0.343855E-13
   0.274900E+04   0.454801E-12   0.311326E-13   0.723405E-13
   0.275000E+04   0.788977E-12   0.464344E-13   0.163641E-12
   0.275100E+04   0.608619E-12   0.385127E-13   0.113299E-12
   0.275200E+04   0.168920E-12   0.185961E-13  -0.810604E-14
   0.275300E+04   0.814102E-13   0.142772E-13  -0.316215E-13
   0.275400E+04   0.461113E-12   0.310349E-13   0.744296E-13
   0.275500E+04   0.766162E-12   0.445982E-13   0.160256E-12
   0.275600E+04   0.553365E-12   0.347720E-13   0.103470E-12
   0.275700E+04   0.958521E-13   0.135447E-13  -0.203127E-13
   0.275800E+04   0.185652E-14   0.833099E-14  -0.430048E-13
   0.275900E+04   0.367092E-12   0.237996E-13   0.616296E-13
   0.276000E+04   0.643058E-12   0.355334E-13   0.141720E-12
   0.276100E+04   0.403973E-12   0.242621E-13   0.794885E-13
   0.276200E+04  -0.586211E-13   0.280093E-14  -0.443296E-13
   0.276300E+04  -0.143122E-12  -0.189071E-14  -0.632203E-13
   0.276400E+04   0.222166E-12   0.136071E-13   0.426716E-13
   0.276500E+04   0.479062E-12   0.244132E-13   0.118847E-12
   0.276600E+04   0.218690E-12   0.121110E-13   0.520763E-13
   0.276700E+04  -0.248465E-12  -0.959516E-14  -0.717103E-13
   0.276800E+04  -0.327591E-12  -0.141955E-13  -0.876891E-13
   0.276900E+04   0.282404E-13   0.392631E-15   0.174100E-13
   0.277000E+04   0.251715E-12   0.882165E-14   0.865688E-13
   0.277100E+04  -0.455271E-13  -0.616535E-14   0.118384E-13
   0.277200E+04  -0.527643E-12  -0.293472E-13  -0.114408E-12
   0.277300E+04  -0.600042E-12  -0.339973E-13  -0.127766E-12
   0.277400E+04  -0.237451E-12  -0.190675E-13  -0.209306E-13
   0.277500E+04  -0.187915E-13  -0.106446E-13   0.461080E-13
   0.277600E+04  -0.318807E-12  -0.255141E-13  -0.306765E-13
   0.277700E+04  -0.783643E-12  -0.476204E-13  -0.153962E-12
   0.277800E+04  -0.822762E-12  -0.503371E-13  -0.160555E-12
   0.277900E+04  -0.431922E-12  -0.335632E-13  -0.489374E-13
   0.278000E+04  -0.199029E-12  -0.238797E-13   0.185595E-13
   0.278100E+04  -0.483735E-12  -0.374616E-13  -0.577923E-13
   0.278200E+04  -0.914581E-12  -0.574258E-13  -0.175807E-12
   0.278300E+04  -0.905484E-12  -0.572448E-13  -0.173622E-12
   0.278400E+04  -0.471874E-12  -0.376315E-13  -0.552357E-13
   0.278500E+04  -0.208329E-12  -0.254714E-13   0.151997E-13
   0.278600E+04  -0.458669E-12  -0.362754E-13  -0.575561E-13
   0.278700E+04  -0.835889E-12  -0.525036E-13  -0.166884E-12
   0.278800E+04  -0.761633E-12  -0.479994E-13  -0.152943E-12
   0.278900E+04  -0.272864E-12  -0.244585E-13  -0.256041E-13
   0.279000E+04   0.294807E-13  -0.906629E-14   0.492949E-13
   0.279100E+04  -0.181793E-12  -0.166041E-13  -0.187878E-13
   0.279200E+04  -0.504757E-12  -0.289049E-13  -0.118939E-12
   0.279300E+04  -0.370707E-12  -0.203252E-13  -0.937597E-13
   0.279400E+04   0.160461E-12   0.632712E-14   0.407422E-13
   0.279500E+04   0.481868E-12   0.235779E-13   0.117188E-12
   0.279600E+04   0.284608E-12   0.175163E-13   0.501037E-13
   0.279700E+04  -0.131656E-13   0.708430E-14  -0.450756E-13
   0.279800E+04   0.147719E-12   0.174507E-13  -0.134333E-13
   0.279900E+04   0.683815E-12   0.446224E-13   0.122741E-12
   0.280000E+04   0.981873E-12   0.607430E-13   0.194457E-12
   0.280100E+04   0.751430E-12   0.527488E-13   0.121324E-12
   0.280200E+04   0.427386E-12   0.404063E-13   0.233212E-13
   0.280300E+04   0.559832E-12   0.484584E-13   0.528639E-13
   0.280400E+04   0.104201E-11   0.717099E-13   0.181356E-12
   0.280500E+04   0.125472E-11   0.818840E-13   0.238242E-12
   0.280600E+04   0.927638E-12   0.668626E-13   0.148486E-12
   0.280700E+04   0.516552E-12   0.476215E-13   0.373224E-13
   0.280800E+04   0.569115E-12   0.491221E-13   0.559013E-13
   0.280900E+04   0.962219E-12   0.656133E-13   0.170691E-12
   0.281000E+04   0.107459E-11   0.687195E-13   0.210368E-12
   0.281100E+04   0.654856E-12   0.471212E-13   0.105001E-12
   0.281200E+04   0.174867E-12   0.225499E-13  -0.159560E-13
   0.281300E+04   0.174921E-12   0.197397E-13  -0.367296E-14
   0.281400E+04   0.513053E-12   0.321506E-13   0.102915E-12
   0.281500E+04   0.565348E-12   0.312485E-13   0.131724E-12
   0.281600E+04   0.986958E-13   0.647332E-14   0.179050E-13
   0.281700E+04  -0.400573E-12  -0.197730E-13  -0.105143E-12
   0.281800E+04  -0.400848E-12  -0.230439E-13  -0.911451E-13
   0.281900E+04  -0.628743E-13  -0.106399E-13   0.156450E-13
   0.282000E+04  -0.126002E-13  -0.112070E-13   0.426088E-13
   0.282100E+04  -0.465799E-12  -0.346274E-13  -0.701394E-13
   0.282200E+04  -0.924838E-12  -0.580839E-13  -0.185884E-12
   0.282300E+04  -0.870379E-12  -0.577092E-13  -0.161627E-12
   0.282400E+04  -0.483511E-12  -0.417027E-13  -0.472001E-13
   0.282500E+04  -0.391327E-12  -0.387534E-13  -0.154826E-13
   0.282600E+04  -0.790771E-12  -0.579196E-13  -0.121042E-12
   0.282700E+04  -0.117283E-11  -0.759178E-13  -0.223840E-12
   0.282800E+04  -0.103196E-11  -0.695645E-13  -0.184483E-12
   0.282900E+04  -0.571458E-12  -0.481333E-13  -0.587110E-13
   0.283000E+04  -0.420469E-12  -0.404720E-13  -0.197797E-13
   0.283100E+04  -0.756940E-12  -0.547996E-13  -0.116861E-12
   0.283200E+04  -0.105960E-11  -0.672446E-13  -0.206439E-12
   0.283300E+04  -0.835645E-12  -0.551668E-13  -0.152538E-12
   0.283400E+04  -0.309822E-12  -0.288546E-13  -0.166459E-13
   0.283500E+04  -0.113666E-12  -0.173855E-13   0.275894E-13
   0.283600E+04  -0.407503E-12  -0.282954E-13  -0.638968E-13
   0.283700E+04  -0.659269E-12  -0.372506E-13  -0.144482E-12
   0.283800E+04  -0.389087E-12  -0.221620E-13  -0.817267E-13
   0.283900E+04   0.158018E-12   0.574659E-14   0.573407E-13
   0.284000E+04   0.349448E-12   0.172267E-13   0.989302E-13
   0.284100E+04   0.430286E-13   0.542902E-14   0.412803E-14
   0.284200E+04  -0.217442E-12  -0.476717E-14  -0.772717E-13
   0.284300E+04   0.386304E-13   0.852510E-14  -0.157363E-13
   0.284400E+04   0.552752E-12   0.337703E-13   0.117517E-12
   0.284500E+04   0.698227E-12   0.421716E-13   0.149991E-12
   0.284600E+04   0.353773E-12   0.278094E-13   0.484626E-13
   0.284700E+04   0.715786E-13   0.158009E-13  -0.348572E-13
   0.284800E+04   0.305928E-12   0.271635E-13   0.251595E-13
   0.284900E+04   0.778618E-12   0.494237E-13   0.151846E-12
   0.285000E+04   0.866448E-12   0.539696E-13   0.173567E-12
   0.285100E+04   0.470522E-12   0.359606E-13   0.631323E-13
   0.285200E+04   0.155031E-12   0.211498E-13  -0.241084E-13
   0.285300E+04   0.361695E-12   0.300907E-13   0.333210E-13
   0.285400E+04   0.794913E-12   0.495904E-13   0.153818E-12
   0.285500E+04   0.834711E-12   0.511672E-13   0.166623E-12
   0.285600E+04   0.401595E-12   0.307697E-13   0.499939E-13
   0.285700E+04   0.675534E-13   0.144161E-13  -0.384693E-13
   0.285800E+04   0.258703E-12   0.219311E-13   0.184104E-13
   0.285900E+04   0.661589E-12   0.393449E-13   0.134032E-12
   0.286000E+04   0.660940E-12   0.384152E-13   0.138869E-12
   0.286100E+04   0.198404E-12   0.160459E-13   0.169962E-13
   0.286200E+04  -0.145053E-12  -0.133067E-14  -0.715438E-13
   0.286300E+04   0.421953E-13   0.551198E-14  -0.136888E-13
   0.286400E+04   0.430295E-12   0.219470E-13   0.992739E-13
   0.286500E+04   0.409774E-12   0.200419E-13   0.993265E-13
   0.286600E+04  -0.569329E-13  -0.237437E-14  -0.236900E-13
   0.286700E+04  -0.381648E-12  -0.185737E-13  -0.107654E-12
   0.286800E+04  -0.169216E-12  -0.100685E-13  -0.439992E-13
   0.286900E+04   0.232698E-12   0.772945E-14   0.711026E-13
   0.287000E+04   0.218906E-12   0.703811E-14   0.709352E-13
   0.287100E+04  -0.229971E-12  -0.136267E-13  -0.493813E-13
   0.287200E+04  -0.521741E-12  -0.275057E-13  -0.126322E-12
   0.287300E+04  -0.279591E-12  -0.170018E-13  -0.562145E-13
   0.287400E+04   0.131618E-12   0.172738E-14   0.600337E-13
   0.287500E+04   0.112953E-12   0.119492E-14   0.574370E-13
   0.287600E+04  -0.335600E-12  -0.193067E-13  -0.634121E-13
   0.287700E+04  -0.617839E-12  -0.329859E-13  -0.137706E-12
   0.287800E+04  -0.374342E-12  -0.230554E-13  -0.665799E-13
   0.287900E+04   0.171040E-13  -0.605350E-14   0.451627E-13
   0.288000E+04  -0.290272E-13  -0.853233E-14   0.357308E-13
   0.288100E+04  -0.486910E-12  -0.298070E-13  -0.875199E-13
   0.288200E+04  -0.754440E-12  -0.428449E-13  -0.158186E-12
   0.288300E+04  -0.493394E-12  -0.320266E-13  -0.830363E-13
   0.288400E+04  -0.101618E-12  -0.149921E-13   0.277958E-13
   0.288500E+04  -0.157606E-12  -0.180103E-13   0.144718E-13
   0.288600E+04  -0.612039E-12  -0.392186E-13  -0.109341E-12
   0.288700E+04  -0.854455E-12  -0.510488E-13  -0.175150E-12
   0.288800E+04  -0.562597E-12  -0.384972E-13  -0.942775E-13
   0.288900E+04  -0.150057E-12  -0.198875E-13   0.187733E-13
   0.289000E+04  -0.188014E-12  -0.211936E-13   0.626297E-14
   0.289100E+04  -0.607774E-12  -0.397556E-13  -0.112633E-12
   0.289200E+04  -0.796347E-12  -0.479849E-13  -0.168538E-12
   0.289300E+04  -0.451452E-12  -0.318494E-13  -0.781385E-13
   0.289400E+04  -0.308270E-14  -0.104309E-13   0.396189E-13
   0.289500E+04  -0.136763E-13  -0.928939E-14   0.294641E-13
   0.289600E+04  -0.393814E-12  -0.248201E-13  -0.836213E-13
   0.289700E+04  -0.527571E-12  -0.293282E-13  -0.129325E-12
   0.289800E+04  -0.132569E-12  -0.972406E-14  -0.296996E-13
   0.289900E+04   0.344991E-12   0.141445E-13   0.919335E-13
   0.290000E+04   0.351228E-12   0.170733E-13   0.827712E-13
   0.290100E+04  -0.473796E-14   0.351167E-14  -0.266253E-13
   0.290200E+04  -0.104992E-12   0.120172E-14  -0.652586E-13
   0.290300E+04   0.313685E-12   0.223792E-13   0.395732E-13
   0.290400E+04   0.791500E-12   0.466562E-13   0.160741E-12
   0.290500E+04   0.785457E-12   0.493751E-13   0.148424E-12
   0.290600E+04   0.423942E-12   0.357890E-13   0.386582E-13
   0.290700E+04   0.323619E-12   0.334036E-13   0.240175E-14
   0.290800E+04   0.725227E-12   0.532845E-13   0.106392E-12
   0.290900E+04   0.115478E-11   0.744021E-13   0.219572E-12
   0.291000E+04   0.108236E-11   0.728021E-13   0.195547E-12
   0.291100E+04   0.658261E-12   0.547670E-13   0.762713E-13
   0.291200E+04   0.498871E-12   0.476539E-13   0.327194E-13
   0.291300E+04   0.822579E-12   0.613356E-13   0.125560E-12
   0.291400E+04   0.114339E-11   0.742765E-13   0.220190E-12
   0.291500E+04   0.950938E-12   0.637734E-13   0.174896E-12
   0.291600E+04   0.426904E-12   0.380380E-13   0.394089E-13
   0.291700E+04   0.195816E-12   0.251041E-13  -0.136860E-13
   0.291800E+04   0.456160E-12   0.338900E-13   0.706605E-13
   0.291900E+04   0.704607E-12   0.418061E-13   0.153250E-12
   0.292000E+04   0.439950E-12   0.263760E-13   0.950201E-13
   0.292100E+04  -0.134142E-12  -0.314068E-14  -0.484023E-13
   0.292200E+04  -0.388447E-12  -0.182901E-13  -0.103488E-12
   0.292300E+04  -0.141270E-12  -0.107488E-13  -0.200978E-13
   0.292400E+04   0.919320E-13  -0.363693E-14   0.591752E-13
   0.292500E+04  -0.179194E-12  -0.190248E-13  -0.159793E-14
   0.292600E+04  -0.732902E-12  -0.469317E-13  -0.141613E-12
   0.292700E+04  -0.941956E-12  -0.590617E-13  -0.187735E-12
   0.292800E+04  -0.646354E-12  -0.481237E-13  -0.956944E-13
   0.292900E+04  -0.374711E-12  -0.378774E-13  -0.115999E-13
   0.293000E+04  -0.605177E-12  -0.498665E-13  -0.678885E-13
   0.293100E+04  -0.109677E-11  -0.732450E-13  -0.198318E-12
   0.293200E+04  -0.122408E-11  -0.798038E-13  -0.230131E-12
   0.293300E+04  -0.848714E-12  -0.632526E-13  -0.124898E-12
   0.293400E+04  -0.511834E-12  -0.479546E-13  -0.320583E-13
   0.293500E+04  -0.679097E-12  -0.549262E-13  -0.804528E-13
   0.293600E+04  -0.109129E-11  -0.725390E-13  -0.198622E-12
   0.293700E+04  -0.112652E-11  -0.727959E-13  -0.214579E-12
   0.293800E+04  -0.668537E-12  -0.504446E-13  -0.958429E-13
   0.293900E+04  -0.269517E-12  -0.303296E-13   0.517908E-14
   0.294000E+04  -0.380347E-12  -0.327428E-13  -0.362423E-13
   0.294100E+04  -0.722911E-12  -0.451911E-13  -0.143307E-12
   0.294200E+04  -0.680732E-12  -0.400323E-13  -0.145229E-12
   0.294300E+04  -0.162778E-12  -0.133441E-13  -0.161175E-13
   0.294400E+04   0.265729E-12   0.931257E-14   0.882758E-13
   0.294500E+04   0.168785E-12   0.834349E-14   0.473726E-13
   0.294600E+04  -0.154996E-12  -0.274013E-14  -0.564212E-13
   0.294700E+04  -0.929588E-13   0.351240E-14  -0.533078E-13
   0.294800E+04   0.421407E-12   0.297323E-13   0.760699E-13
   0.294900E+04   0.810244E-12   0.496066E-13   0.172653E-12
   0.295000E+04   0.654289E-12   0.443458E-13   0.120333E-12
   0.295100E+04   0.277432E-12   0.289160E-13   0.797741E-14
   0.295200E+04   0.295721E-12   0.312768E-13   0.573197E-14
   0.295300E+04   0.757791E-12   0.533873E-13   0.127695E-12
   0.295400E+04   0.107541E-11   0.683410E-13   0.211950E-12
   0.295500E+04   0.842595E-12   0.577677E-13   0.146142E-12
   0.295600E+04   0.402138E-12   0.374737E-13   0.242490E-13
   0.295700E+04   0.369271E-12   0.355530E-13   0.158500E-13
   0.295800E+04   0.775493E-12   0.533814E-13   0.129954E-12
   0.295900E+04   0.102597E-11   0.638146E-13   0.202653E-12
   0.296000E+04   0.730143E-12   0.491172E-13   0.125885E-12
   0.296100E+04   0.247619E-12   0.257766E-13  -0.165658E-14
   0.296200E+04   0.187846E-12   0.215961E-13  -0.119782E-13
   0.296300E+04   0.560968E-12   0.369738E-13   0.980037E-13
   0.296400E+04   0.764095E-12   0.443593E-13   0.162159E-12
   0.296500E+04   0.422765E-12   0.266960E-13   0.768943E-13
   0.296600E+04  -0.853260E-13   0.130387E-14  -0.541354E-13
   0.296700E+04  -0.154712E-12  -0.409062E-14  -0.641989E-13
   0.296800E+04   0.206253E-12   0.102135E-13   0.444400E-13
   0.296900E+04   0.389915E-12   0.165443E-13   0.104147E-12
   0.297000E+04   0.394673E-13  -0.134365E-14   0.161578E-13
   0.297100E+04  -0.451151E-12  -0.254457E-13  -0.111295E-12
   0.297200E+04  -0.484958E-12  -0.284925E-13  -0.113665E-12
   0.297300E+04  -0.932545E-13  -0.118855E-13   0.587666E-15
   0.297400E+04   0.109296E-12  -0.364305E-14   0.619789E-13
   0.297500E+04  -0.216559E-12  -0.192035E-13  -0.233562E-13
   0.297600E+04  -0.660206E-12  -0.397874E-13  -0.142494E-12
   0.297700E+04  -0.633625E-12  -0.385686E-13  -0.133170E-12
   0.297800E+04  -0.192693E-12  -0.181888E-13  -0.103240E-13
   0.297900E+04   0.388234E-13  -0.723911E-14   0.543607E-13
   0.298000E+04  -0.262357E-12  -0.205218E-13  -0.283648E-13
   0.298100E+04  -0.669228E-12  -0.384915E-13  -0.140987E-12
   0.298200E+04  -0.601558E-12  -0.346305E-13  -0.123361E-12
   0.298300E+04  -0.138021E-12  -0.126727E-13   0.340217E-14
   0.298400E+04   0.896636E-13  -0.173801E-14   0.656434E-13
   0.298500E+04  -0.225408E-12  -0.160132E-13  -0.212448E-13
   0.298600E+04  -0.638452E-12  -0.350706E-13  -0.135001E-12
   0.298700E+04  -0.572591E-12  -0.322745E-13  -0.116832E-12
   0.298800E+04  -0.122123E-12  -0.117890E-13   0.738253E-14
   0.298900E+04   0.797760E-13  -0.269325E-14   0.633236E-13
   0.299000E+04  -0.255490E-12  -0.184089E-13  -0.285937E-13
   0.299100E+04  -0.668599E-12  -0.379305E-13  -0.142086E-12
   0.299200E+04  -0.591166E-12  -0.349753E-13  -0.120820E-12
   0.299300E+04  -0.136199E-12  -0.144350E-13   0.394527E-14
   0.299400E+04   0.615311E-13  -0.537599E-14   0.573045E-13
   0.299500E+04  -0.267743E-12  -0.203883E-13  -0.351016E-13
   0.299600E+04  -0.651456E-12  -0.379494E-13  -0.143184E-12
   0.299700E+04  -0.532843E-12  -0.323633E-13  -0.113674E-12
   0.299800E+04  -0.467484E-13  -0.952894E-14   0.162241E-13
   0.299900E+04   0.168655E-12   0.131007E-14   0.707521E-13
   0.300000E+04  -0.138381E-12  -0.116829E-13  -0.193281E-13
   0.300100E+04  -0.482644E-12  -0.264864E-13  -0.120253E-12
   0.300200E+04  -0.319279E-12  -0.179775E-13  -0.819098E-13
   0.300300E+04   0.195713E-12   0.700018E-14   0.527119E-13
   0.300400E+04   0.422389E-12   0.191447E-13   0.107378E-12
   0.300500E+04   0.128638E-12   0.750759E-14   0.183099E-13
   0.300600E+04  -0.186893E-12  -0.529604E-14  -0.769558E-13
   0.300700E+04   0.882168E-14   0.531361E-14  -0.315100E-13
   0.300800E+04   0.538573E-12   0.315270E-13   0.105851E-12
   0.300900E+04   0.760519E-12   0.439291E-13   0.158435E-12
   0.301000E+04   0.461646E-12   0.323931E-13   0.678364E-13
   0.301100E+04   0.153228E-12   0.200819E-13  -0.248314E-13
   0.301200E+04   0.356121E-12   0.310369E-13   0.240338E-13
   0.301300E+04   0.872290E-12   0.565126E-13   0.159926E-12
   0.301400E+04   0.105819E-11   0.669589E-13   0.205783E-12
   0.301500E+04   0.718882E-12   0.529463E-13   0.108355E-12
   0.301600E+04   0.376509E-12   0.380273E-13   0.118983E-13
   0.301700E+04   0.539258E-12   0.456645E-13   0.565134E-13
   0.301800E+04   0.990449E-12   0.663481E-13   0.182381E-12
   0.301900E+04   0.108889E-11   0.707102E-13   0.212861E-12
   0.302000E+04   0.661455E-12   0.503210E-13   0.100536E-12
   0.302100E+04   0.243486E-12   0.293267E-13  -0.687602E-14
   0.302200E+04   0.332515E-12   0.307909E-13   0.274906E-13
   0.302300E+04   0.696500E-12   0.447165E-13   0.139123E-12
   0.302400E+04   0.700911E-12   0.422860E-13   0.152712E-12
   0.302500E+04   0.197580E-12   0.163642E-13   0.273268E-13
   0.302600E+04  -0.264989E-12  -0.827538E-14  -0.858906E-13
   0.302700E+04  -0.203151E-12  -0.924197E-14  -0.539878E-13
   0.302800E+04   0.130915E-12   0.252122E-14   0.529140E-13
   0.302900E+04   0.104697E-12  -0.170969E-14   0.600083E-13
   0.303000E+04  -0.408775E-12  -0.281054E-13  -0.678002E-13
   0.303100E+04  -0.850482E-12  -0.514379E-13  -0.176419E-12
   0.303200E+04  -0.752092E-12  -0.500475E-13  -0.137029E-12
   0.303300E+04  -0.386410E-12  -0.358416E-13  -0.253479E-13
   0.303400E+04  -0.384460E-12  -0.375044E-13  -0.156574E-13
   0.303500E+04  -0.853461E-12  -0.603630E-13  -0.137442E-12
   0.303600E+04  -0.122598E-11  -0.788846E-13  -0.234083E-12
   0.303700E+04  -0.105044E-11  -0.722355E-13  -0.181196E-12
   0.303800E+04  -0.620126E-12  -0.532774E-13  -0.600166E-13
   0.303900E+04  -0.563312E-12  -0.505619E-13  -0.439768E-13
   0.304000E+04  -0.966238E-12  -0.684561E-13  -0.156680E-12
   0.304100E+04  -0.125234E-11  -0.810178E-13  -0.238881E-12
   0.304200E+04  -0.986120E-12  -0.681502E-13  -0.170536E-12
   0.304300E+04  -0.480597E-12  -0.436142E-13  -0.382286E-13
   0.304400E+04  -0.361202E-12  -0.358609E-13  -0.144766E-13
   0.304500E+04  -0.694619E-12  -0.484399E-13  -0.117279E-12
   0.304600E+04  -0.897363E-12  -0.551745E-13  -0.185248E-12
   0.304700E+04  -0.551203E-12  -0.367802E-13  -0.102932E-12
   0.304800E+04   0.119747E-13  -0.784274E-14   0.379572E-13
   0.304900E+04   0.171043E-12   0.340145E-14   0.661861E-13
   0.305000E+04  -0.121270E-12  -0.579440E-14  -0.306543E-13
   0.305100E+04  -0.276850E-12  -0.920941E-14  -0.895507E-13
   0.305200E+04   0.102846E-12   0.114094E-13  -0.194223E-15
   0.305300E+04   0.666825E-12   0.405943E-13   0.140520E-12
   0.305400E+04   0.800413E-12   0.504692E-13   0.163079E-12
   0.305500E+04   0.478233E-12   0.392882E-13   0.610886E-13
   0.305600E+04   0.294123E-12   0.334052E-13  -0.750396E-15
   0.305700E+04   0.627366E-12   0.500475E-13   0.826519E-13
   0.305800E+04   0.111016E-11   0.730082E-13   0.209586E-12
   0.305900E+04   0.114018E-11   0.752551E-13   0.213397E-12
   0.306000E+04   0.722471E-12   0.568273E-13   0.953591E-13
   0.306100E+04   0.464389E-12   0.449766E-13   0.233343E-13
   0.306200E+04   0.729498E-12   0.562509E-13   0.978359E-13
   0.306300E+04   0.113077E-11   0.734372E-13   0.211853E-12
   0.306400E+04   0.107113E-11   0.696210E-13   0.200197E-12
   0.306500E+04   0.577798E-12   0.458420E-13   0.701684E-13
   0.306600E+04   0.266278E-12   0.297858E-13  -0.830307E-14
   0.306700E+04   0.483477E-12   0.372845E-13   0.605644E-13
   0.306800E+04   0.825170E-12   0.503257E-13   0.164970E-12
   0.306900E+04   0.701340E-12   0.422811E-13   0.141672E-12
   0.307000E+04   0.161261E-12   0.151972E-13   0.401116E-14
   0.307100E+04  -0.172573E-12  -0.286821E-14  -0.762727E-13
   0.307200E+04   0.301659E-13   0.323552E-14  -0.813442E-14
   0.307300E+04   0.349831E-12   0.148490E-13   0.922350E-13
   0.307400E+04   0.205079E-12   0.575938E-14   0.639374E-13
   0.307500E+04  -0.333365E-12  -0.210198E-13  -0.737350E-13
   0.307600E+04  -0.638614E-12  -0.372503E-13  -0.147761E-12
   0.307700E+04  -0.399421E-12  -0.286598E-13  -0.723142E-13
   0.307800E+04  -0.518647E-13  -0.146542E-13   0.319006E-13
   0.307900E+04  -0.169026E-12  -0.210869E-13   0.633483E-14
   0.308000E+04  -0.660373E-12  -0.441138E-13  -0.124062E-12
   0.308100E+04  -0.897651E-12  -0.555498E-13  -0.185606E-12
   0.308200E+04  -0.591129E-12  -0.421919E-13  -0.981596E-13
   0.308300E+04  -0.193319E-12  -0.241930E-13   0.131497E-13
   0.308400E+04  -0.267168E-12  -0.268794E-13  -0.740365E-14
   0.308500E+04  -0.701032E-12  -0.454312E-13  -0.128924E-12
   0.308600E+04  -0.866288E-12  -0.517689E-13  -0.177304E-12
   0.308700E+04  -0.497312E-12  -0.339893E-13  -0.786404E-13
   0.308800E+04  -0.649607E-13  -0.132077E-13   0.371529E-13
   0.308900E+04  -0.121813E-12  -0.142471E-13   0.172450E-13
   0.309000E+04  -0.533305E-12  -0.311540E-13  -0.101211E-12
   0.309100E+04  -0.668765E-12  -0.357887E-13  -0.143470E-12
   0.309200E+04  -0.286046E-12  -0.175172E-13  -0.418639E-13
   0.309300E+04   0.126160E-12   0.155143E-14   0.689379E-13
   0.309400E+04   0.283038E-13  -0.273019E-14   0.394758E-13
   0.309500E+04  -0.415605E-12  -0.226786E-13  -0.856146E-13
   0.309600E+04  -0.563293E-12  -0.291610E-13  -0.129132E-12
   0.309700E+04  -0.187432E-12  -0.119768E-13  -0.279483E-13
   0.309800E+04   0.208233E-12   0.600226E-14   0.790910E-13
   0.309900E+04   0.917632E-13   0.743416E-15   0.448392E-13
   0.310000E+04  -0.354227E-12  -0.193740E-13  -0.807785E-13
   0.310100E+04  -0.485808E-12  -0.251280E-13  -0.120129E-12
   0.310200E+04  -0.944811E-13  -0.708976E-14  -0.153863E-13
   0.310300E+04   0.302843E-12   0.113027E-13   0.909439E-13
   0.310400E+04   0.185282E-12   0.647567E-14   0.548643E-13
   0.310500E+04  -0.245127E-12  -0.123719E-13  -0.681826E-13
   0.310600E+04  -0.345081E-12  -0.160885E-13  -0.100598E-12
   0.310700E+04   0.723017E-13   0.373744E-14   0.957924E-14
   0.310800E+04   0.475917E-12   0.229735E-13   0.116019E-12
   0.310900E+04   0.356591E-12   0.185324E-13   0.780415E-13
   0.311000E+04  -0.631627E-13   0.539668E-15  -0.432055E-13
   0.311100E+04  -0.139632E-12  -0.179029E-14  -0.700136E-13
   0.311200E+04   0.294080E-12   0.191027E-13   0.440183E-13
   0.311300E+04   0.694870E-12   0.385681E-13   0.149209E-12
   0.311400E+04   0.566529E-12   0.340896E-13   0.108484E-12
   0.311500E+04   0.150865E-12   0.166114E-13  -0.115719E-13
   0.311600E+04   0.888797E-13   0.151452E-13  -0.338299E-13
   0.311700E+04   0.524786E-12   0.361505E-13   0.819880E-13
   0.311800E+04   0.903180E-12   0.544005E-13   0.182839E-12
   0.311900E+04   0.742645E-12   0.480971E-13   0.135667E-12
   0.312000E+04   0.306258E-12   0.292078E-13   0.128808E-13
   0.312100E+04   0.232895E-12   0.266330E-13  -0.891508E-14
   0.312200E+04   0.643515E-12   0.456794E-13   0.104290E-12
   0.312300E+04   0.970155E-12   0.604731E-13   0.196053E-12
   0.312400E+04   0.747357E-12   0.499989E-13   0.137578E-12
   0.312500E+04   0.261826E-12   0.274657E-13   0.749891E-14
   0.312600E+04   0.152339E-12   0.218705E-13  -0.178012E-13
   0.312700E+04   0.516618E-12   0.373498E-13   0.893509E-13
   0.312800E+04   0.771840E-12   0.470980E-13   0.168634E-12
   0.312900E+04   0.466018E-12   0.305829E-13   0.949809E-13
   0.313000E+04  -0.895252E-13   0.233982E-14  -0.466228E-13
   0.313100E+04  -0.249418E-12  -0.786824E-14  -0.787476E-13
   0.313200E+04   0.710239E-13   0.391553E-14   0.219887E-13
   0.313300E+04   0.281608E-12   0.106511E-13   0.929624E-13
   0.313400E+04  -0.570692E-13  -0.781319E-14   0.127211E-13
   0.313500E+04  -0.618476E-12  -0.364954E-13  -0.129298E-12
   0.313600E+04  -0.762669E-12  -0.459725E-13  -0.157069E-12
   0.313700E+04  -0.425595E-12  -0.331654E-13  -0.529841E-13
   0.313800E+04  -0.205440E-12  -0.254011E-13   0.180416E-13
   0.313900E+04  -0.525793E-12  -0.421154E-13  -0.610317E-13
   0.314000E+04  -0.104261E-11  -0.675912E-13  -0.195771E-12
   0.314100E+04  -0.112210E-11  -0.727379E-13  -0.211669E-12
   0.314200E+04  -0.723230E-12  -0.555563E-13  -0.973325E-13
   0.314300E+04  -0.454198E-12  -0.438744E-13  -0.202951E-13
   0.314400E+04  -0.723680E-12  -0.565191E-13  -0.933161E-13
   0.314500E+04  -0.117030E-11  -0.770337E-13  -0.217024E-12
   0.314600E+04  -0.116591E-11  -0.765714E-13  -0.218376E-12
   0.314700E+04  -0.690977E-12  -0.540564E-13  -0.918781E-13
   0.314800E+04  -0.361423E-12  -0.376336E-13  -0.717654E-14
   0.314900E+04  -0.569551E-12  -0.454041E-13  -0.724153E-13
   0.315000E+04  -0.937250E-12  -0.602086E-13  -0.183432E-12
   0.315100E+04  -0.844353E-12  -0.536333E-13  -0.169175E-12
   0.315200E+04  -0.295294E-12  -0.257598E-13  -0.305510E-13
   0.315300E+04   0.849902E-13  -0.519981E-14   0.604961E-13
   0.315400E+04  -0.792886E-13  -0.933015E-14   0.518304E-15
   0.315500E+04  -0.392444E-12  -0.201766E-13  -0.101369E-12
   0.315600E+04  -0.241436E-12  -0.962943E-14  -0.759642E-13
   0.315700E+04   0.345700E-12   0.211137E-13   0.695076E-13
   0.315800E+04   0.734461E-12   0.428793E-13   0.160733E-12
   0.315900E+04   0.564098E-12   0.388359E-13   0.986666E-13
   0.316000E+04   0.246516E-12   0.276389E-13  -0.298215E-14
   0.316100E+04   0.387787E-12   0.371126E-13   0.230478E-13
   0.316200E+04   0.938291E-12   0.650960E-13   0.163531E-12
   0.316300E+04   0.125659E-11   0.820218E-13   0.242264E-12
   0.316400E+04   0.999047E-12   0.717232E-13   0.164930E-12
   0.316500E+04   0.596065E-12   0.537226E-13   0.501365E-13
   0.316600E+04   0.651621E-12   0.560143E-13   0.640300E-13
   0.316700E+04   0.110277E-11   0.762341E-13   0.188981E-12
   0.316800E+04   0.130981E-11   0.851982E-13   0.248652E-12
   0.316900E+04   0.950053E-12   0.677460E-13   0.154242E-12
   0.317000E+04   0.468719E-12   0.439211E-13   0.284539E-13
   0.317100E+04   0.458598E-12   0.410383E-13   0.344108E-13
   0.317200E+04   0.834507E-12   0.556665E-13   0.148280E-12
   0.317300E+04   0.954102E-12   0.585640E-13   0.192795E-12
   0.317400E+04   0.516551E-12   0.356671E-13   0.849368E-13
   0.317500E+04  -0.144377E-13   0.796116E-14  -0.477095E-13
   0.317600E+04  -0.534471E-13   0.251688E-14  -0.442532E-13
   0.317700E+04   0.294111E-12   0.150540E-13   0.657389E-13
   0.317800E+04   0.382546E-12   0.161880E-13   0.104029E-12
   0.317900E+04  -0.706140E-13  -0.737997E-14  -0.725100E-14
   0.318000E+04  -0.588039E-12  -0.341439E-13  -0.136605E-12
   0.318100E+04  -0.595625E-12  -0.375959E-13  -0.126163E-12
   0.318200E+04  -0.220292E-12  -0.229671E-13  -0.114199E-13
   0.318300E+04  -0.110136E-12  -0.197068E-13   0.287128E-13
   0.318400E+04  -0.528179E-12  -0.402375E-13  -0.781877E-13
   0.318500E+04  -0.983821E-12  -0.625186E-13  -0.196778E-12
   0.318600E+04  -0.915871E-12  -0.607067E-13  -0.172542E-12
   0.318700E+04  -0.474414E-12  -0.411350E-13  -0.471963E-13
   0.318800E+04  -0.311048E-12  -0.334474E-13  -0.464561E-15
   0.318900E+04  -0.670130E-12  -0.492689E-13  -0.994291E-13
   0.319000E+04  -0.104835E-11  -0.660359E-13  -0.205023E-12
   0.319100E+04  -0.897232E-12  -0.585027E-13  -0.166062E-12
   0.319200E+04  -0.388915E-12  -0.339896E-13  -0.302144E-13
   0.319300E+04  -0.177523E-12  -0.222703E-13   0.222533E-13
   0.319400E+04  -0.489420E-12  -0.342536E-13  -0.705155E-13
   0.319500E+04  -0.810947E-12  -0.470633E-13  -0.166274E-12
   0.319600E+04  -0.608509E-12  -0.362451E-13  -0.117691E-12
   0.319700E+04  -0.761553E-13  -0.101314E-13   0.215903E-13
   0.319800E+04   0.131934E-12   0.154037E-14   0.712437E-13
   0.319900E+04  -0.189404E-12  -0.111695E-13  -0.247839E-13
   0.320000E+04  -0.513329E-12  -0.248179E-13  -0.120640E-12
   0.320100E+04  -0.317879E-12  -0.154481E-13  -0.723479E-13
   0.320200E+04   0.185980E-12   0.802616E-14   0.614113E-13
   0.320300E+04   0.350400E-12   0.164539E-13   0.101540E-12
   0.320400E+04  -0.346615E-14   0.133307E-14  -0.118462E-14
   0.320500E+04  -0.334610E-12  -0.132046E-13  -0.971557E-13
   0.320600E+04  -0.136536E-12  -0.403847E-14  -0.465709E-13
   0.320700E+04   0.356118E-12   0.186768E-13   0.855100E-13
   0.320800E+04   0.495120E-12   0.257020E-13   0.119940E-12
   0.320900E+04   0.123586E-12   0.956372E-14   0.135127E-13
   0.321000E+04  -0.204425E-12  -0.496089E-14  -0.806118E-13
   0.321100E+04   0.366319E-14   0.462685E-14  -0.264635E-13
   0.321200E+04   0.491943E-12   0.271787E-13   0.105083E-12
   0.321300E+04   0.612979E-12   0.334601E-13   0.135163E-12
   0.321400E+04   0.230874E-12   0.169287E-13   0.264191E-13
   0.321500E+04  -0.892972E-13   0.284176E-14  -0.648947E-13
   0.321600E+04   0.130067E-12   0.130014E-13  -0.690331E-14
   0.321700E+04   0.612671E-12   0.353335E-13   0.123895E-12
   0.321800E+04   0.713539E-12   0.407287E-13   0.149304E-12
   0.321900E+04   0.318404E-12   0.236295E-13   0.379622E-13
   0.322000E+04   0.264016E-14   0.973819E-14  -0.509710E-13
   0.322100E+04   0.228123E-12   0.201160E-13   0.100881E-13
   0.322200E+04   0.698434E-12   0.417680E-13   0.139082E-12
   0.322300E+04   0.771633E-12   0.457204E-13   0.158640E-12
   0.322400E+04   0.354543E-12   0.273330E-13   0.432822E-13
   0.322500E+04   0.312543E-13   0.126305E-13  -0.453011E-13
   0.322600E+04   0.247435E-12   0.219144E-13   0.160430E-13
   0.322700E+04   0.689036E-12   0.414953E-13   0.140229E-12
   0.322800E+04   0.721741E-12   0.429398E-13   0.151695E-12
   0.322900E+04   0.276766E-12   0.228358E-13   0.315167E-13
   0.323000E+04  -0.538632E-13   0.748506E-14  -0.563013E-13
   0.323100E+04   0.154783E-12   0.160158E-13   0.600081E-14
   0.323200E+04   0.565846E-12   0.335237E-13   0.125282E-12
   0.323300E+04   0.549951E-12   0.318145E-13   0.127294E-12
   0.323400E+04   0.634646E-13   0.876235E-14  -0.190664E-15
   0.323500E+04  -0.290680E-12  -0.874966E-14  -0.903406E-13
   0.323600E+04  -0.104918E-12  -0.243971E-14  -0.301998E-13
   0.323700E+04   0.263902E-12   0.117991E-13   0.815738E-13
   0.323800E+04   0.193797E-12   0.619018E-14   0.725517E-13
   0.323900E+04  -0.330967E-12  -0.198552E-13  -0.622549E-13
   0.324000E+04  -0.693483E-12  -0.385411E-13  -0.152618E-12
   0.324100E+04  -0.501439E-12  -0.321972E-13  -0.899815E-13
   0.324200E+04  -0.132565E-12  -0.178032E-13   0.213430E-13
   0.324300E+04  -0.206344E-12  -0.232173E-13   0.983442E-14
   0.324400E+04  -0.717872E-12  -0.481768E-13  -0.123684E-12
   0.324500E+04  -0.104217E-11  -0.644782E-13  -0.206770E-12
   0.324600E+04  -0.803725E-12  -0.551524E-13  -0.135545E-12
   0.324700E+04  -0.398790E-12  -0.380196E-13  -0.193792E-13
   0.324800E+04  -0.441402E-12  -0.407395E-13  -0.281681E-13
   0.324900E+04  -0.905542E-12  -0.621285E-13  -0.155124E-12
   0.325000E+04  -0.116011E-11  -0.737150E-13  -0.226013E-12
   0.325100E+04  -0.848423E-12  -0.593938E-13  -0.142053E-12
   0.325200E+04  -0.385488E-12  -0.378704E-13  -0.176937E-13
   0.325300E+04  -0.379092E-12  -0.365618E-13  -0.209807E-13
   0.325400E+04  -0.781970E-12  -0.533478E-13  -0.139128E-12
   0.325500E+04  -0.957870E-12  -0.595374E-13  -0.196338E-12
   0.325600E+04  -0.569600E-12  -0.399258E-13  -0.990875E-13
   0.325700E+04  -0.502569E-13  -0.140550E-13   0.332831E-13
   0.325800E+04  -0.154723E-15  -0.901551E-14   0.348822E-13
   0.325900E+04  -0.350907E-12  -0.217595E-13  -0.755289E-13
   0.326000E+04  -0.463118E-12  -0.235321E-13  -0.121048E-12
   0.326100E+04  -0.213422E-13  -0.221517E-15  -0.138852E-13
   0.326200E+04   0.522882E-12   0.277388E-13   0.121695E-12
   0.326300E+04   0.578586E-12   0.337305E-13   0.122390E-12
   0.326400E+04   0.237609E-12   0.219520E-13   0.133955E-13
   0.326500E+04   0.143206E-12   0.213164E-13  -0.272175E-13
   0.326600E+04   0.587728E-12   0.447123E-13   0.822613E-13
   0.326700E+04   0.109925E-11   0.705740E-13   0.212230E-12
   0.326800E+04   0.109570E-11   0.726474E-13   0.201871E-12
   0.326900E+04   0.694675E-12   0.564723E-13   0.832009E-13
   0.327000E+04   0.547663E-12   0.515466E-13   0.362182E-13
   0.327100E+04   0.928331E-12   0.699397E-13   0.137329E-12
   0.327200E+04   0.134666E-11   0.891045E-13   0.252000E-12
   0.327300E+04   0.122949E-11   0.830658E-13   0.221845E-12
   0.327400E+04   0.719946E-12   0.586523E-13   0.855727E-13
   0.327500E+04   0.480313E-12   0.461974E-13   0.254997E-13
   0.327600E+04   0.771072E-12   0.574845E-13   0.113780E-12
   0.327700E+04   0.108940E-11   0.694593E-13   0.212038E-12
   0.327800E+04   0.871938E-12   0.564746E-13   0.164545E-12
   0.327900E+04   0.283041E-12   0.262323E-13   0.158073E-13
   0.328000E+04  -0.103974E-13   0.935013E-14  -0.508330E-13
   0.328100E+04   0.235510E-12   0.170294E-13   0.318471E-13
   0.328200E+04   0.505639E-12   0.257629E-13   0.121844E-12
   0.328300E+04   0.247920E-12   0.103893E-13   0.665358E-13
   0.328400E+04  -0.353076E-12  -0.205553E-13  -0.838761E-13
   0.328500E+04  -0.629779E-12  -0.364626E-13  -0.145773E-12
   0.328600E+04  -0.359188E-12  -0.270728E-13  -0.576701E-13
   0.328700E+04  -0.711117E-13  -0.165755E-13   0.344219E-13
   0.328800E+04  -0.307094E-12  -0.297295E-13  -0.190651E-13
   0.328900E+04  -0.863214E-12  -0.572148E-13  -0.162374E-12
   0.329000E+04  -0.107267E-11  -0.685098E-13  -0.211905E-12
   0.329100E+04  -0.734111E-12  -0.543346E-13  -0.112046E-12
   0.329200E+04  -0.391102E-12  -0.394822E-13  -0.125409E-13
   0.329300E+04  -0.572819E-12  -0.481527E-13  -0.594623E-13
   0.329400E+04  -0.105525E-11  -0.701531E-13  -0.191345E-12
   0.329500E+04  -0.117367E-11  -0.751293E-13  -0.224917E-12
   0.329600E+04  -0.750706E-12  -0.549850E-13  -0.110912E-12
   0.329700E+04  -0.345159E-12  -0.352844E-13  -0.304796E-14
   0.329800E+04  -0.473650E-12  -0.396734E-13  -0.437994E-13
   0.329900E+04  -0.890750E-12  -0.569413E-13  -0.165729E-12
   0.330000E+04  -0.932587E-12  -0.567460E-13  -0.185706E-12
   0.330100E+04  -0.445672E-12  -0.321585E-13  -0.608145E-13
   0.330200E+04  -0.508457E-14  -0.966014E-14   0.510538E-13
   0.330300E+04  -0.116053E-12  -0.125062E-13   0.107931E-13
   0.330400E+04  -0.511274E-12  -0.284340E-13  -0.108162E-12
   0.330500E+04  -0.524630E-12  -0.267995E-13  -0.122303E-12
   0.330600E+04  -0.219385E-13  -0.141714E-14   0.577922E-14
   0.330700E+04   0.408346E-12   0.205304E-13   0.114589E-12
   0.330800E+04   0.271501E-12   0.160241E-13   0.681704E-13
   0.330900E+04  -0.146417E-12  -0.194737E-14  -0.547765E-13
   0.331000E+04  -0.177817E-12  -0.250427E-14  -0.706404E-13
   0.331100E+04   0.296920E-12   0.202453E-13   0.533895E-13
   0.331200E+04   0.684207E-12   0.391744E-13   0.153913E-12
   0.331300E+04   0.505541E-12   0.320223E-13   0.993254E-13
   0.331400E+04   0.643559E-13   0.123841E-13  -0.267138E-13
   0.331500E+04   0.223016E-13   0.106938E-13  -0.420549E-13
   0.331600E+04   0.476468E-12   0.317875E-13   0.798877E-13
   0.331700E+04   0.824428E-12   0.482103E-13   0.173127E-12
   0.331800E+04   0.605023E-12   0.385579E-13   0.110715E-12
   0.331900E+04   0.142191E-12   0.173751E-13  -0.180651E-13
   0.332000E+04   0.939387E-13   0.149345E-13  -0.320669E-13
   0.332100E+04   0.535324E-12   0.350881E-13   0.891966E-13
   0.332200E+04   0.854073E-12   0.499309E-13   0.177017E-12
   0.332300E+04   0.604257E-12   0.386873E-13   0.108725E-12
   0.332400E+04   0.127687E-12   0.166174E-13  -0.213234E-13
   0.332500E+04   0.767851E-13   0.136845E-13  -0.334326E-13
   0.332600E+04   0.504580E-12   0.327634E-13   0.867794E-13
   0.332700E+04   0.790836E-12   0.456442E-13   0.168311E-12
   0.332800E+04   0.507120E-12   0.323691E-13   0.932660E-13
   0.332900E+04   0.143136E-13   0.904227E-14  -0.387284E-13
   0.333000E+04  -0.405320E-13   0.536986E-14  -0.494514E-13
   0.333100E+04   0.373999E-12   0.232859E-13   0.694333E-13
   0.333200E+04   0.630991E-12   0.343580E-13   0.144929E-12
   0.333300E+04   0.320943E-12   0.195566E-13   0.642328E-13
   0.333400E+04  -0.175807E-12  -0.410707E-14  -0.676918E-13
   0.333500E+04  -0.218718E-12  -0.724294E-14  -0.743579E-13
   0.333600E+04   0.199714E-12   0.109413E-13   0.460949E-13
   0.333700E+04   0.443026E-12   0.214944E-13   0.118184E-12
   0.333800E+04   0.117908E-12   0.603789E-14   0.337102E-13
   0.333900E+04  -0.377297E-12  -0.176228E-13  -0.973392E-13
   0.334000E+04  -0.407602E-12  -0.202809E-13  -0.100067E-12
   0.334100E+04   0.135655E-13  -0.199755E-14   0.215063E-13
   0.334200E+04   0.242670E-12   0.795307E-14   0.899525E-13
   0.334300E+04  -0.981023E-13  -0.826403E-14   0.153502E-14
   0.334400E+04  -0.596013E-12  -0.324008E-13  -0.129549E-12
   0.334500E+04  -0.624293E-12  -0.356834E-13  -0.130648E-12
   0.334600E+04  -0.214895E-12  -0.188160E-13  -0.112247E-13
   0.334700E+04  -0.107345E-13  -0.107007E-13   0.509328E-13
   0.334800E+04  -0.365654E-12  -0.278324E-13  -0.416985E-13
   0.334900E+04  -0.848766E-12  -0.511310E-13  -0.169978E-12
   0.335000E+04  -0.844550E-12  -0.525092E-13  -0.164164E-12
   0.335100E+04  -0.410744E-12  -0.340175E-13  -0.406303E-13
   0.335200E+04  -0.196629E-12  -0.248935E-13   0.211255E-13
   0.335300E+04  -0.535629E-12  -0.406414E-13  -0.708600E-13
   0.335400E+04  -0.978358E-12  -0.612637E-13  -0.192409E-12
   0.335500E+04  -0.917810E-12  -0.590271E-13  -0.176123E-12
   0.335600E+04  -0.434709E-12  -0.370304E-13  -0.446534E-13
   0.335700E+04  -0.183937E-12  -0.247891E-13   0.210483E-13
   0.335800E+04  -0.480645E-12  -0.370305E-13  -0.657950E-13
   0.335900E+04  -0.860916E-12  -0.531877E-13  -0.176787E-12
   0.336000E+04  -0.729585E-12  -0.461582E-13  -0.147577E-12
   0.336100E+04  -0.191152E-12  -0.201605E-13  -0.723493E-14
   0.336200E+04   0.954045E-13  -0.487264E-14   0.622129E-13
   0.336300E+04  -0.164859E-12  -0.140700E-13  -0.203874E-13
   0.336400E+04  -0.492611E-12  -0.264986E-13  -0.122268E-12
   0.336500E+04  -0.304579E-12  -0.156554E-13  -0.821877E-13
   0.336600E+04   0.270828E-12   0.130994E-13   0.643368E-13
   0.336700E+04   0.570489E-12   0.298738E-13   0.134233E-12
   0.336800E+04   0.319130E-12   0.217623E-13   0.518629E-13
   0.336900E+04   0.104577E-13   0.106203E-13  -0.459095E-13
   0.337000E+04   0.215437E-12   0.223352E-13  -0.111164E-14
   0.337100E+04   0.783073E-12   0.505158E-13   0.144546E-12
   0.337200E+04   0.104872E-11   0.652585E-13   0.207507E-12
   0.337300E+04   0.758992E-12   0.547135E-13   0.118100E-12
   0.337400E+04   0.422726E-12   0.414235E-13   0.173629E-13
   0.337500E+04   0.598468E-12   0.506685E-13   0.598935E-13
   0.337600E+04   0.111291E-11   0.750272E-13   0.197816E-12
   0.337700E+04   0.130058E-11   0.845910E-13   0.247239E-12
   0.337800E+04   0.929766E-12   0.684989E-13   0.144377E-12
   0.337900E+04   0.522531E-12   0.497914E-13   0.339407E-13
   0.338000E+04   0.622942E-12   0.529308E-13   0.665916E-13
   0.338100E+04   0.103614E-11   0.694873E-13   0.188362E-12
   0.338200E+04   0.110136E-11   0.700081E-13   0.216130E-12
   0.338300E+04   0.617896E-12   0.454839E-13   0.938546E-13
   0.338400E+04   0.130413E-12   0.203753E-13  -0.282559E-13
   0.338500E+04   0.173596E-12   0.188465E-13  -0.250825E-14
   0.338600E+04   0.529268E-12   0.312758E-13   0.110690E-12
   0.338700E+04   0.533368E-12   0.278625E-13   0.127443E-12
   0.338800E+04   0.572042E-14   0.448639E-15  -0.259205E-14
   0.338900E+04  -0.494292E-12  -0.257757E-13  -0.125263E-12
   0.339000E+04  -0.443632E-12  -0.270773E-13  -0.962358E-13
   0.339100E+04  -0.814360E-13  -0.139961E-13   0.182563E-13
   0.339200E+04  -0.723186E-13  -0.164044E-13   0.342624E-13
   0.339300E+04  -0.576593E-12  -0.416431E-13  -0.928850E-13
   0.339400E+04  -0.102438E-11  -0.641338E-13  -0.205918E-12
   0.339500E+04  -0.908846E-12  -0.609570E-13  -0.164776E-12
   0.339600E+04  -0.491918E-12  -0.437421E-13  -0.418304E-13
   0.339700E+04  -0.437743E-12  -0.423592E-13  -0.207925E-13
   0.339800E+04  -0.885062E-12  -0.631647E-13  -0.140265E-12
   0.339900E+04  -0.125278E-11  -0.800773E-13  -0.239739E-12
   0.340000E+04  -0.105023E-11  -0.709462E-13  -0.183442E-12
   0.340100E+04  -0.561701E-12  -0.484575E-13  -0.497672E-13
   0.340200E+04  -0.450169E-12  -0.424497E-13  -0.219844E-13
   0.340300E+04  -0.833079E-12  -0.583363E-13  -0.132684E-12
   0.340400E+04  -0.111994E-11  -0.696822E-13  -0.218546E-12
   0.340500E+04  -0.838271E-12  -0.552773E-13  -0.148553E-12
   0.340600E+04  -0.294894E-12  -0.288992E-13  -0.714173E-14
   0.340700E+04  -0.149172E-12  -0.201629E-13   0.234030E-13
   0.340800E+04  -0.493579E-12  -0.331954E-13  -0.827461E-13
   0.340900E+04  -0.725412E-12  -0.409054E-13  -0.158947E-12
   0.341000E+04  -0.389649E-12  -0.229299E-13  -0.788478E-13
   0.341100E+04   0.183117E-12   0.571692E-14   0.668288E-13
   0.341200E+04   0.334783E-12   0.153675E-13   0.963402E-13
   0.341300E+04  -0.464983E-14   0.291966E-14  -0.989802E-14
   0.341400E+04  -0.222106E-12  -0.403988E-14  -0.823816E-13
   0.341500E+04   0.119346E-12   0.139467E-13   0.353848E-15
   0.341600E+04   0.666165E-12   0.406575E-13   0.141418E-12
   0.341700E+04   0.763918E-12   0.465305E-13   0.160082E-12
   0.341800E+04   0.369403E-12   0.298686E-13   0.438213E-13
   0.341900E+04   0.112336E-12   0.193703E-13  -0.338333E-13
   0.342000E+04   0.418366E-12   0.342542E-13   0.449915E-13
   0.342100E+04   0.915263E-12   0.574648E-13   0.178089E-12
   0.342200E+04   0.951134E-12   0.593787E-13   0.185530E-12
   0.342300E+04   0.503355E-12   0.390835E-13   0.605655E-13
   0.342400E+04   0.211037E-12   0.257214E-13  -0.207716E-13
   0.342500E+04   0.485018E-12   0.379685E-13   0.550701E-13
   0.342600E+04   0.935835E-12   0.580811E-13   0.180942E-12
   0.342700E+04   0.917444E-12   0.566857E-13   0.178506E-12
   0.342800E+04   0.428781E-12   0.337749E-13   0.470560E-13
   0.342900E+04   0.115865E-12   0.187514E-13  -0.353871E-13
   0.343000E+04   0.371140E-12   0.294387E-13   0.396664E-13
   0.343100E+04   0.786023E-12   0.472026E-13   0.159778E-12
   0.343200E+04   0.720541E-12   0.429010E-13   0.148298E-12
   0.343300E+04   0.196138E-12   0.175183E-13   0.107519E-13
   0.343400E+04  -0.133287E-12   0.848068E-15  -0.727105E-13
   0.343500E+04   0.108241E-12   0.100702E-13   0.168948E-14
   0.343600E+04   0.496621E-12   0.259831E-13   0.116977E-12
   0.343700E+04   0.401795E-12   0.200052E-13   0.990152E-13
   0.343800E+04  -0.131136E-12  -0.577938E-14  -0.402108E-13
   0.343900E+04  -0.443558E-12  -0.214509E-13  -0.119110E-12
   0.344000E+04  -0.181919E-12  -0.110129E-13  -0.398274E-13
   0.344100E+04   0.209021E-12   0.526383E-14   0.751604E-13
   0.344200E+04   0.107668E-12  -0.797753E-15   0.540348E-13
   0.344300E+04  -0.414774E-12  -0.257532E-13  -0.842126E-13
   0.344400E+04  -0.690915E-12  -0.391030E-13  -0.155734E-12
   0.344500E+04  -0.387094E-12  -0.257466E-13  -0.680772E-13
   0.344600E+04   0.301740E-13  -0.713911E-14   0.506250E-13
   0.344700E+04  -0.567227E-13  -0.115137E-13   0.300419E-13
   0.344800E+04  -0.555753E-12  -0.345706E-13  -0.104893E-12
   0.344900E+04  -0.793692E-12  -0.454797E-13  -0.168734E-12
   0.345000E+04  -0.456173E-12  -0.299684E-13  -0.743631E-13
   0.345100E+04  -0.289595E-13  -0.104783E-13   0.449319E-13
   0.345200E+04  -0.123696E-12  -0.151712E-13   0.207055E-13
   0.345300E+04  -0.626361E-12  -0.388065E-13  -0.116000E-12
   0.345400E+04  -0.855194E-12  -0.499518E-13  -0.177709E-12
   0.345500E+04  -0.508987E-12  -0.345701E-13  -0.814728E-13
   0.345600E+04  -0.849791E-13  -0.153801E-13   0.358490E-13
   0.345700E+04  -0.184343E-12  -0.200854E-13   0.863396E-14
   0.345800E+04  -0.673260E-12  -0.427229E-13  -0.126442E-12
   0.345900E+04  -0.868710E-12  -0.519285E-13  -0.181417E-12
   0.346000E+04  -0.489644E-12  -0.345557E-13  -0.789489E-13
   0.346100E+04  -0.474502E-13  -0.138688E-13   0.400627E-13
   0.346200E+04  -0.131621E-12  -0.170023E-13   0.131795E-13
   0.346300E+04  -0.586955E-12  -0.370749E-13  -0.116898E-12
   0.346400E+04  -0.729674E-12  -0.427653E-13  -0.161804E-12
   0.346500E+04  -0.301031E-12  -0.219790E-13  -0.502079E-13
   0.346600E+04   0.171455E-12   0.127137E-14   0.726316E-13
   0.346700E+04   0.108865E-12   0.289768E-15   0.473105E-13
   0.346800E+04  -0.312963E-12  -0.171832E-13  -0.775939E-13
   0.346900E+04  -0.410171E-12  -0.198904E-13  -0.113500E-12
   0.347000E+04   0.538137E-13   0.324109E-14   0.491974E-14
   0.347100E+04   0.536923E-12   0.275718E-13   0.128404E-12
   0.347200E+04   0.473216E-12   0.270326E-13   0.101100E-12
   0.347300E+04   0.607995E-13   0.103745E-13  -0.222512E-13
   0.347400E+04  -0.164784E-13   0.880074E-14  -0.529733E-13
   0.347500E+04   0.454474E-12   0.322307E-13   0.679253E-13
   0.347600E+04   0.915979E-12   0.552465E-13   0.186971E-12
   0.347700E+04   0.815538E-12   0.524048E-13   0.151982E-12
   0.347800E+04   0.375997E-12   0.337112E-13   0.243348E-13
   0.347900E+04   0.285043E-12   0.307282E-13  -0.647264E-14
   0.348000E+04   0.735669E-12   0.525651E-13   0.112883E-12
   0.348100E+04   0.115504E-11   0.730375E-13   0.224852E-12
   0.348200E+04   0.100039E-11   0.669315E-13   0.180211E-12
   0.348300E+04   0.513186E-12   0.449148E-13   0.456934E-13
   0.348400E+04   0.380387E-12   0.384930E-13   0.106043E-13
   0.348500E+04   0.774963E-12   0.559679E-13   0.122558E-12
   0.348600E+04   0.111306E-11   0.707336E-13   0.220763E-12
   0.348700E+04   0.866516E-12   0.582090E-13   0.159912E-12
   0.348800E+04   0.298502E-12   0.299962E-13   0.126213E-13
   0.348900E+04   0.975316E-13   0.177624E-13  -0.316848E-13
   0.349000E+04   0.420487E-12   0.293632E-13   0.696132E-13
   0.349100E+04   0.678407E-12   0.382967E-13   0.153701E-12
   0.349200E+04   0.362398E-12   0.210405E-13   0.801926E-13
   0.349300E+04  -0.242960E-12  -0.987185E-14  -0.724673E-13
   0.349400E+04  -0.453486E-12  -0.231241E-13  -0.115949E-12
   0.349500E+04  -0.136593E-12  -0.120713E-13  -0.142668E-13
   0.349600E+04   0.107117E-12  -0.374999E-14   0.665247E-13
   0.349700E+04  -0.215136E-12  -0.209204E-13  -0.955077E-14
   0.349800E+04  -0.798032E-12  -0.501158E-13  -0.158268E-12
   0.349900E+04  -0.961433E-12  -0.602501E-13  -0.192277E-12
   0.350000E+04  -0.596718E-12  -0.458024E-13  -0.820774E-13
   0.350100E+04  -0.316254E-12  -0.343573E-13   0.313215E-14
   0.350200E+04  -0.597804E-12  -0.480264E-13  -0.683450E-13
   0.350300E+04  -0.111741E-11  -0.725817E-13  -0.206921E-12
   0.350400E+04  -0.120109E-11  -0.773192E-13  -0.226688E-12
   0.350500E+04  -0.764837E-12  -0.578888E-13  -0.104752E-12
   0.350600E+04  -0.431556E-12  -0.423329E-13  -0.131444E-13
   0.350700E+04  -0.661948E-12  -0.519444E-13  -0.788228E-13
   0.350800E+04  -0.111205E-11  -0.715887E-13  -0.206594E-12
   0.350900E+04  -0.111386E-11  -0.708976E-13  -0.212038E-12
   0.351000E+04  -0.608461E-12  -0.467447E-13  -0.789994E-13
   0.351100E+04  -0.229601E-12  -0.277110E-13   0.176122E-13
   0.351200E+04  -0.420610E-12  -0.342790E-13  -0.443377E-13
   0.351300E+04  -0.816179E-12  -0.502615E-13  -0.163814E-12
   0.351400E+04  -0.751684E-12  -0.453323E-13  -0.157405E-12
   0.351500E+04  -0.190324E-12  -0.172868E-13  -0.150878E-13
   0.351600E+04   0.224379E-12   0.483401E-14   0.856514E-13
   0.351700E+04   0.636539E-13   0.106781E-14   0.269885E-13
   0.351800E+04  -0.291927E-12  -0.119083E-13  -0.854464E-13
   0.351900E+04  -0.186886E-12  -0.432667E-14  -0.704747E-13
   0.352000E+04   0.391660E-12   0.249207E-13   0.754198E-13
   0.352100E+04   0.792879E-12   0.465236E-13   0.172700E-12
   0.352200E+04   0.606133E-12   0.413389E-13   0.108573E-12
   0.352300E+04   0.228861E-12   0.266745E-13  -0.651848E-14
   0.352400E+04   0.307274E-12   0.317191E-13   0.618971E-14
   0.352500E+04   0.831731E-12   0.565675E-13   0.143870E-12
   0.352600E+04   0.114958E-11   0.720847E-13   0.225998E-12
   0.352700E+04   0.876954E-12   0.607194E-13   0.146519E-12
   0.352800E+04   0.435974E-12   0.411637E-13   0.221856E-13
   0.352900E+04   0.466698E-12   0.423486E-13   0.298830E-13
   0.353000E+04   0.934118E-12   0.630679E-13   0.159832E-12
   0.353100E+04   0.117678E-11   0.736410E-13   0.229147E-12
   0.353200E+04   0.829979E-12   0.573520E-13   0.137010E-12
   0.353300E+04   0.335624E-12   0.338468E-13   0.550311E-14
   0.353400E+04   0.327050E-12   0.318098E-13   0.951839E-14
   0.353500E+04   0.746512E-12   0.490170E-13   0.132921E-12
   0.353600E+04   0.926537E-12   0.554963E-13   0.191134E-12
   0.353700E+04   0.521926E-12   0.353956E-13   0.887205E-13
   0.353800E+04  -0.748930E-14   0.916464E-14  -0.473122E-13
   0.353900E+04  -0.366312E-13   0.513288E-14  -0.444258E-13
   0.354000E+04   0.355115E-12   0.201617E-13   0.751096E-13
   0.354100E+04   0.497418E-12   0.242535E-13   0.125721E-12
   0.354200E+04   0.669410E-13   0.262911E-14   0.178655E-13
   0.354300E+04  -0.459307E-12  -0.234926E-13  -0.116685E-12
   0.354400E+04  -0.467825E-12  -0.264063E-13  -0.108441E-12
   0.354500E+04  -0.631512E-13  -0.104936E-13   0.135148E-13
   0.354600E+04   0.796788E-13  -0.598236E-14   0.623244E-13
   0.354700E+04  -0.340913E-12  -0.265970E-13  -0.456220E-13
   0.354800E+04  -0.829933E-12  -0.502278E-13  -0.173631E-12
   0.354900E+04  -0.784291E-12  -0.496219E-13  -0.155036E-12
   0.355000E+04  -0.332510E-12  -0.302685E-13  -0.254283E-13
   0.355100E+04  -0.154118E-12  -0.226172E-13   0.272068E-13
   0.355200E+04  -0.530891E-12  -0.395213E-13  -0.751213E-13
   0.355300E+04  -0.954036E-12  -0.583387E-13  -0.191644E-12
   0.355400E+04  -0.835482E-12  -0.526640E-13  -0.159473E-12
   0.355500E+04  -0.330348E-12  -0.293449E-13  -0.212180E-13
   0.355600E+04  -0.122368E-12  -0.190627E-13   0.341332E-13
   0.355700E+04  -0.471605E-12  -0.336384E-13  -0.653894E-13
   0.355800E+04  -0.853882E-12  -0.497321E-13  -0.174699E-12
   0.355900E+04  -0.695574E-12  -0.417277E-13  -0.134693E-12
   0.356000E+04  -0.177768E-12  -0.178225E-13   0.504749E-14
   0.356100E+04   0.141010E-13  -0.877504E-14   0.549914E-13
   0.356200E+04  -0.352855E-12  -0.249045E-13  -0.497648E-13
   0.356300E+04  -0.731347E-12  -0.414251E-13  -0.158356E-12
   0.356400E+04  -0.554834E-12  -0.327814E-13  -0.114063E-12
   0.356500E+04  -0.269900E-13  -0.821441E-14   0.272258E-13
   0.356600E+04   0.161993E-12   0.109454E-14   0.748607E-13
   0.356700E+04  -0.202096E-12  -0.145112E-13  -0.306984E-13
   0.356800E+04  -0.558179E-12  -0.296591E-13  -0.134716E-12
   0.356900E+04  -0.351754E-12  -0.192724E-13  -0.838551E-13
   0.357000E+04   0.192005E-12   0.649608E-14   0.600049E-13
   0.357100E+04   0.382232E-12   0.164350E-13   0.106060E-12
   0.357200E+04   0.256966E-13   0.179103E-14   0.692200E-15
   0.357300E+04  -0.304298E-12  -0.115743E-13  -0.978079E-13
   0.357400E+04  -0.687982E-13   0.642074E-15  -0.402223E-13
   0.357500E+04   0.483361E-12   0.271552E-13   0.105154E-12
   0.357600E+04   0.661023E-12   0.367124E-13   0.147485E-12
   0.357700E+04   0.293526E-12   0.215912E-13   0.393887E-13
   0.357800E+04  -0.324605E-13   0.827043E-14  -0.571365E-13
   0.357900E+04   0.207176E-12   0.203650E-13   0.306849E-14
   0.358000E+04   0.741283E-12   0.455580E-13   0.145548E-12
   0.358100E+04   0.880754E-12   0.527233E-13   0.179929E-12
   0.358200E+04   0.479850E-12   0.353698E-13   0.655269E-13
   0.358300E+04   0.139874E-12   0.207394E-13  -0.317650E-13
   0.358400E+04   0.370154E-12   0.317928E-13   0.291089E-13
   0.358500E+04   0.876660E-12   0.551153E-13   0.167443E-12
   0.358600E+04   0.971429E-12   0.595848E-13   0.193214E-12
   0.358700E+04   0.532142E-12   0.397927E-13   0.721679E-13
   0.358800E+04   0.172598E-12   0.235792E-13  -0.263762E-13
   0.358900E+04   0.385267E-12   0.330867E-13   0.340804E-13
   0.359000E+04   0.852245E-12   0.536920E-13   0.166403E-12
   0.359100E+04   0.887352E-12   0.542935E-13   0.181097E-12
   0.359200E+04   0.393760E-12   0.307457E-13   0.507458E-13
   0.359300E+04   0.418300E-15   0.117622E-13  -0.514503E-13
   0.359400E+04   0.184869E-12   0.188647E-13   0.675183E-14
   0.359500E+04   0.605327E-12   0.361795E-13   0.131759E-12
   0.359600E+04   0.575491E-12   0.323757E-13   0.134225E-12
   0.359700E+04   0.224430E-13   0.438761E-14  -0.678041E-14
   0.359800E+04  -0.407764E-12  -0.179855E-13  -0.113861E-12
   0.359900E+04  -0.245964E-12  -0.131827E-13  -0.577498E-13
   0.360000E+04   0.149912E-12   0.240781E-14   0.631025E-13
   0.360100E+04   0.963998E-13  -0.252012E-14   0.601775E-13
   0.360200E+04  -0.460692E-12  -0.304484E-13  -0.819882E-13
   0.360300E+04  -0.868724E-12  -0.514575E-13  -0.183948E-12
   0.360400E+04  -0.675921E-12  -0.447664E-13  -0.121233E-12
   0.360500E+04  -0.258920E-12  -0.275107E-13   0.243197E-14
   0.360600E+04  -0.295359E-12  -0.306811E-13   0.106764E-15
   0.360700E+04  -0.817074E-12  -0.557870E-13  -0.137368E-12
   0.360800E+04  -0.116437E-11  -0.726683E-13  -0.228375E-12
   0.360900E+04  -0.905270E-12  -0.615032E-13  -0.153713E-12
   0.361000E+04  -0.437754E-12  -0.404344E-13  -0.228565E-13
   0.361100E+04  -0.434769E-12  -0.402835E-13  -0.213316E-13
   0.361200E+04  -0.905901E-12  -0.616056E-13  -0.152016E-12
   0.361300E+04  -0.118443E-11  -0.739727E-13  -0.231199E-12
   0.361400E+04  -0.857949E-12  -0.584799E-13  -0.144956E-12
   0.361500E+04  -0.344230E-12  -0.341597E-13  -0.818692E-14
   0.361600E+04  -0.308462E-12  -0.314171E-13  -0.434614E-14
   0.361700E+04  -0.734454E-12  -0.495235E-13  -0.129331E-12
   0.361800E+04  -0.946081E-12  -0.575217E-13  -0.196927E-12
   0.361900E+04  -0.550275E-12  -0.373780E-13  -0.984813E-13
   0.362000E+04   0.133936E-13  -0.922531E-14   0.453177E-13
   0.362100E+04   0.840816E-13  -0.340984E-14   0.524804E-13
   0.362200E+04  -0.299637E-12  -0.182312E-13  -0.665572E-13
   0.362300E+04  -0.454123E-12  -0.223261E-13  -0.123469E-12
   0.362400E+04  -0.568080E-14   0.150806E-14  -0.148788E-13
   0.362500E+04   0.584810E-12   0.320743E-13   0.132898E-12
   0.362600E+04   0.660049E-12   0.389729E-13   0.139240E-12
   0.362700E+04   0.278772E-12   0.246547E-13   0.204529E-13
   0.362800E+04   0.130535E-12   0.207557E-13  -0.334455E-13
   0.362900E+04   0.570759E-12   0.437481E-13   0.757726E-13
   0.363000E+04   0.112066E-11   0.716343E-13   0.216801E-12
   0.363100E+04   0.112971E-11   0.741839E-13   0.210989E-12
   0.363200E+04   0.678518E-12   0.547077E-13   0.807342E-13
   0.363300E+04   0.464515E-12   0.452893E-13   0.179721E-13
   0.363400E+04   0.830003E-12   0.621483E-13   0.116700E-12
   0.363500E+04   0.128655E-11   0.832298E-13   0.242269E-12
   0.363600E+04   0.119744E-11   0.790950E-13   0.219440E-12
   0.363700E+04   0.665894E-12   0.539775E-13   0.768234E-13
   0.363800E+04   0.390960E-12   0.398304E-13   0.691847E-14
   0.363900E+04   0.692839E-12   0.517663E-13   0.976262E-13
   0.364000E+04   0.106734E-11   0.670582E-13   0.209766E-12
   0.364100E+04   0.890666E-12   0.569529E-13   0.171418E-12
   0.364200E+04   0.291497E-12   0.269125E-13   0.180344E-13
   0.364300E+04  -0.257994E-13   0.919009E-14  -0.565623E-13
   0.364400E+04   0.239745E-12   0.181127E-13   0.300345E-13
   0.364500E+04   0.569457E-12   0.303932E-13   0.134445E-12
   0.364600E+04   0.351497E-12   0.178466E-13   0.879562E-13
   0.364700E+04  -0.263579E-12  -0.131644E-13  -0.678437E-13
   0.364800E+04  -0.571279E-12  -0.305333E-13  -0.138887E-12
   0.364900E+04  -0.294238E-12  -0.211034E-13  -0.491345E-13
   0.365000E+04   0.331353E-13  -0.885282E-14   0.536655E-13
   0.365100E+04  -0.186824E-12  -0.212031E-13   0.454888E-14
   0.365200E+04  -0.777717E-12  -0.504825E-13  -0.147933E-12
   0.365300E+04  -0.103162E-11  -0.643540E-13  -0.208824E-12
   0.365400E+04  -0.693973E-12  -0.507206E-13  -0.108280E-12
   0.365500E+04  -0.317339E-12  -0.344980E-13   0.117072E-14
   0.365600E+04  -0.490077E-12  -0.428312E-13  -0.425794E-13
   0.365700E+04  -0.101499E-11  -0.671968E-13  -0.185000E-12
   0.365800E+04  -0.118325E-11  -0.752047E-13  -0.230760E-12
   0.365900E+04  -0.762134E-12  -0.556773E-13  -0.115980E-12
   0.366000E+04  -0.319841E-12  -0.342322E-13   0.264095E-14
   0.366100E+04  -0.434844E-12  -0.376976E-13  -0.339396E-13
   0.366200E+04  -0.891913E-12  -0.569475E-13  -0.165768E-12
   0.366300E+04  -0.985189E-12  -0.598752E-13  -0.197990E-12
   0.366400E+04  -0.505092E-12  -0.363507E-13  -0.730111E-13
   0.366500E+04  -0.330659E-13  -0.125158E-13   0.487788E-13
   0.366600E+04  -0.133867E-12  -0.145817E-13   0.121559E-13
   0.366700E+04  -0.571902E-12  -0.326277E-13  -0.117142E-12
   0.366800E+04  -0.643391E-12  -0.347539E-13  -0.144726E-12
   0.366900E+04  -0.159582E-12  -0.116877E-13  -0.189398E-13
   0.367000E+04   0.290646E-12   0.103945E-13   0.972788E-13
   0.367100E+04   0.163819E-12   0.657239E-14   0.540547E-13
   0.367200E+04  -0.279099E-12  -0.119537E-13  -0.761174E-13
   0.367300E+04  -0.337039E-12  -0.135158E-13  -0.995144E-13
   0.367400E+04   0.152294E-12   0.976598E-14   0.284163E-13
   0.367500E+04   0.585332E-12   0.309474E-13   0.140773E-12
   0.367600E+04   0.434360E-12   0.258446E-13   0.919845E-13
   0.367700E+04  -0.165070E-13   0.676074E-14  -0.391153E-13
   0.367800E+04  -0.680905E-13   0.528382E-14  -0.592963E-13
   0.367900E+04   0.417904E-12   0.281788E-13   0.694331E-13
   0.368000E+04   0.825381E-12   0.479252E-13   0.176731E-12
   0.368100E+04   0.642602E-12   0.410683E-13   0.121433E-12
   0.368200E+04   0.174882E-12   0.208330E-13  -0.117248E-13
   0.368300E+04   0.116950E-12   0.185058E-13  -0.306141E-13
   0.368400E+04   0.582110E-12   0.396342E-13   0.959434E-13
   0.368500E+04   0.943371E-12   0.562294E-13   0.194519E-12
   0.368600E+04   0.708550E-12   0.458707E-13   0.129100E-12
   0.368700E+04   0.208178E-12   0.231038E-13  -0.889366E-14
   0.368800E+04   0.135752E-12   0.192634E-13  -0.278536E-13
   0.368900E+04   0.581077E-12   0.388271E-13   0.968652E-13
   0.369000E+04   0.905063E-12   0.531808E-13   0.188544E-12
   0.369100E+04   0.630881E-12   0.404975E-13   0.115512E-12
   0.369200E+04   0.108711E-12   0.161260E-13  -0.252746E-13
   0.369300E+04   0.272746E-13   0.111566E-13  -0.434860E-13
   0.369400E+04   0.453996E-12   0.291280E-13   0.792382E-13
   0.369500E+04   0.742712E-12   0.412654E-13   0.163995E-12
   0.369600E+04   0.436910E-12   0.268002E-13   0.845301E-13
   0.369700E+04  -0.924945E-13   0.201690E-14  -0.564532E-13
   0.369800E+04  -0.164843E-12  -0.250956E-14  -0.706148E-13
   0.369900E+04   0.259993E-12   0.153560E-13   0.531265E-13
   0.370000E+04   0.525280E-12   0.263080E-13   0.133041E-12
   0.370100E+04   0.193636E-12   0.104944E-13   0.480991E-13
   0.370200E+04  -0.343193E-12  -0.148415E-13  -0.932740E-13
   0.370300E+04  -0.412161E-12  -0.195735E-13  -0.104735E-12
   0.370400E+04   0.718704E-15  -0.288100E-14   0.176884E-13
   0.370500E+04   0.230957E-12   0.560704E-14   0.900086E-13
   0.370600E+04  -0.134988E-12  -0.126341E-13  -0.262329E-14
   0.370700E+04  -0.679020E-12  -0.388533E-13  -0.144984E-12
   0.370800E+04  -0.731443E-12  -0.429206E-13  -0.151923E-12
   0.370900E+04  -0.303564E-12  -0.252429E-13  -0.264069E-13
   0.371000E+04  -0.712661E-13  -0.161622E-13   0.446405E-13
   0.371100E+04  -0.431270E-12  -0.335744E-13  -0.488178E-13
   0.371200E+04  -0.946192E-12  -0.578620E-13  -0.186186E-12
   0.371300E+04  -0.953101E-12  -0.591503E-13  -0.184189E-12
   0.371400E+04  -0.487173E-12  -0.388991E-13  -0.523710E-13
   0.371500E+04  -0.231879E-12  -0.278016E-13   0.203049E-13
   0.371600E+04  -0.564942E-12  -0.429180E-13  -0.708613E-13
   0.371700E+04  -0.103115E-11  -0.638735E-13  -0.200213E-12
   0.371800E+04  -0.977868E-12  -0.613521E-13  -0.187129E-12
   0.371900E+04  -0.466399E-12  -0.380940E-13  -0.482094E-13
   0.372000E+04  -0.186891E-12  -0.251051E-13   0.257665E-13
   0.372100E+04  -0.494650E-12  -0.383097E-13  -0.638514E-13
   0.372200E+04  -0.912660E-12  -0.561669E-13  -0.185579E-12
   0.372300E+04  -0.795545E-12  -0.495852E-13  -0.160890E-12
   0.372400E+04  -0.229529E-12  -0.224627E-13  -0.131782E-13
   0.372500E+04   0.873335E-13  -0.627216E-14   0.647789E-13
   0.372600E+04  -0.181757E-12  -0.161971E-13  -0.203615E-13
   0.372700E+04  -0.543334E-12  -0.300119E-13  -0.132388E-12
   0.372800E+04  -0.363437E-12  -0.191969E-13  -0.957347E-13
   0.372900E+04   0.246032E-12   0.111328E-13   0.592954E-13
   0.373000E+04   0.581446E-12   0.292419E-13   0.138501E-12
   0.373100E+04   0.327398E-12   0.209595E-13   0.544942E-13
   0.373200E+04  -0.527997E-14   0.931812E-14  -0.516268E-13
   0.373300E+04   0.204497E-12   0.221583E-13  -0.761815E-14
   0.373400E+04   0.816929E-12   0.529139E-13   0.148832E-12
   0.373500E+04   0.112175E-11   0.694189E-13   0.221891E-12
   0.373600E+04   0.825789E-12   0.585502E-13   0.130270E-12
   0.373700E+04   0.459558E-12   0.443665E-13   0.203140E-13
   0.373800E+04   0.633890E-12   0.542831E-13   0.613389E-13
   0.373900E+04   0.118302E-11   0.804179E-13   0.208572E-12
   0.374000E+04   0.139113E-11   0.901864E-13   0.264719E-12
   0.374100E+04   0.988738E-12   0.715842E-13   0.154811E-12
   0.374200E+04   0.529756E-12   0.500453E-13   0.310601E-13
   0.374300E+04   0.621253E-12   0.531953E-13   0.610572E-13
   0.374400E+04   0.107822E-11   0.724589E-13   0.194271E-12
   0.374500E+04   0.118194E-11   0.750329E-13   0.232512E-12
   0.374600E+04   0.683072E-12   0.496550E-13   0.106404E-12
   0.374700E+04   0.151733E-12   0.224662E-13  -0.274781E-13
   0.374800E+04   0.186095E-12   0.208489E-13  -0.435396E-14
   0.374900E+04   0.582234E-12   0.355798E-13   0.119612E-12
   0.375000E+04   0.622310E-12   0.339966E-13   0.146236E-12
   0.375100E+04   0.790330E-13   0.578961E-14   0.122403E-13
   0.375200E+04  -0.464521E-12  -0.224360E-13  -0.122057E-12
   0.375300E+04  -0.425834E-12  -0.241233E-13  -0.960293E-13
   0.375400E+04  -0.333547E-13  -0.966992E-14   0.274574E-13
   0.375500E+04  -0.536964E-14  -0.117498E-13   0.500557E-13
   0.375600E+04  -0.544714E-12  -0.394845E-13  -0.848660E-13
   0.375700E+04  -0.105183E-11  -0.654121E-13  -0.212539E-12
   0.375800E+04  -0.957443E-12  -0.635089E-13  -0.176005E-12
   0.375900E+04  -0.513994E-12  -0.452854E-13  -0.446628E-13
   0.376000E+04  -0.441658E-12  -0.435888E-13  -0.172116E-13
   0.376100E+04  -0.921930E-12  -0.666525E-13  -0.144212E-12
   0.376200E+04  -0.134268E-11  -0.864866E-13  -0.257251E-12
   0.376300E+04  -0.115105E-11  -0.778567E-13  -0.203700E-12
   0.376400E+04  -0.624854E-12  -0.535078E-13  -0.596975E-13
   0.376500E+04  -0.485747E-12  -0.464399E-13  -0.241035E-13
   0.376600E+04  -0.892784E-12  -0.638811E-13  -0.141115E-12
   0.376700E+04  -0.122038E-11  -0.771746E-13  -0.238503E-12
   0.376800E+04  -0.931811E-12  -0.618051E-13  -0.167940E-12
   0.376900E+04  -0.330766E-12  -0.318155E-13  -0.123907E-13
   0.377000E+04  -0.141742E-12  -0.205402E-13   0.288939E-13
   0.377100E+04  -0.502815E-12  -0.343714E-13  -0.822330E-13
   0.377200E+04  -0.775055E-12  -0.439825E-13  -0.169848E-12
   0.377300E+04  -0.435779E-12  -0.253665E-13  -0.895979E-13
   0.377400E+04   0.188579E-12   0.638834E-14   0.693037E-13
   0.377500E+04   0.372352E-12   0.176902E-13   0.107527E-12
   0.377600E+04  -0.207342E-14   0.287675E-14  -0.721199E-14
   0.377700E+04  -0.282440E-12  -0.806296E-14  -0.954361E-13
   0.377800E+04   0.440378E-13   0.877144E-14  -0.160444E-13
   0.377900E+04   0.636600E-12   0.380245E-13   0.137193E-12
   0.378000E+04   0.776233E-12   0.465490E-13   0.166484E-12
   0.378100E+04   0.367101E-12   0.295212E-13   0.456699E-13
   0.378200E+04   0.683894E-13   0.170001E-13  -0.435932E-13
   0.378300E+04   0.373703E-12   0.319056E-13   0.346047E-13
   0.378400E+04   0.922215E-12   0.580430E-13   0.180800E-12
   0.378500E+04   0.100183E-11   0.627033E-13   0.198875E-12
   0.378600E+04   0.542083E-12   0.422547E-13   0.695615E-13
   0.378700E+04   0.211786E-12   0.271392E-13  -0.227784E-13
   0.378800E+04   0.485488E-12   0.393452E-13   0.525690E-13
   0.378900E+04   0.981157E-12   0.617094E-13   0.190243E-12
   0.379000E+04   0.993229E-12   0.618757E-13   0.195771E-12
   0.379100E+04   0.477650E-12   0.374947E-13   0.569864E-13
   0.379200E+04   0.114727E-12   0.196051E-13  -0.387322E-13
   0.379300E+04   0.361599E-12   0.294527E-13   0.344234E-13
   0.379400E+04   0.815608E-12   0.489416E-13   0.165345E-12
   0.379500E+04   0.776698E-12   0.459307E-13   0.161062E-12
   0.379600E+04   0.224855E-12   0.191199E-13   0.160418E-13
   0.379700E+04  -0.150552E-12  -0.484596E-16  -0.798631E-13
   0.379800E+04   0.893180E-13   0.887477E-14  -0.596263E-14
   0.379900E+04   0.522318E-12   0.269567E-13   0.121162E-12
   0.380000E+04   0.455965E-12   0.224395E-13   0.110543E-12
   0.380100E+04  -0.104254E-12  -0.477359E-14  -0.363862E-13
   0.380200E+04  -0.459690E-12  -0.227530E-13  -0.127262E-12
   0.380300E+04  -0.190672E-12  -0.118758E-13  -0.466683E-13
   0.380400E+04   0.259044E-12   0.788991E-14   0.830081E-13
   0.380500E+04   0.200726E-12   0.478601E-14   0.721463E-13
   0.380600E+04  -0.339554E-12  -0.205381E-13  -0.718045E-13
   0.380700E+04  -0.657544E-12  -0.359705E-13  -0.154747E-12
   0.380800E+04  -0.352960E-12  -0.227048E-13  -0.666163E-13
   0.380900E+04   0.111564E-12  -0.150832E-14   0.649773E-13
   0.381000E+04   0.534717E-13  -0.396013E-14   0.522780E-13
   0.381100E+04  -0.480987E-12  -0.287304E-13  -0.913844E-13
   0.381200E+04  -0.783716E-12  -0.436875E-13  -0.170666E-12
   0.381300E+04  -0.472500E-12  -0.307238E-13  -0.806923E-13
   0.381400E+04  -0.219504E-13  -0.107902E-13   0.470781E-13
   0.381500E+04  -0.987576E-13  -0.144045E-13   0.287459E-13
   0.381600E+04  -0.630124E-12  -0.389460E-13  -0.115203E-12
   0.381700E+04  -0.905103E-12  -0.523235E-13  -0.188449E-12
   0.381800E+04  -0.566542E-12  -0.377855E-13  -0.927709E-13
   0.381900E+04  -0.109000E-12  -0.172661E-13   0.349441E-13
   0.382000E+04  -0.187995E-12  -0.207103E-13   0.137707E-13
   0.382100E+04  -0.704779E-12  -0.442469E-13  -0.128741E-12
   0.382200E+04  -0.943776E-12  -0.555909E-13  -0.194952E-12
   0.382300E+04  -0.570716E-12  -0.390940E-13  -0.928431E-13
   0.382400E+04  -0.984521E-13  -0.175278E-13   0.356741E-13
   0.382500E+04  -0.170334E-12  -0.202007E-13   0.129216E-13
   0.382600E+04  -0.661172E-12  -0.419364E-13  -0.126388E-12
   0.382700E+04  -0.850611E-12  -0.501975E-13  -0.183319E-12
   0.382800E+04  -0.427472E-12  -0.304319E-13  -0.721167E-13
   0.382900E+04   0.761721E-13  -0.635768E-14   0.601553E-13
   0.383000E+04   0.271972E-13  -0.686012E-14   0.387591E-13
   0.383100E+04  -0.425214E-12  -0.256745E-13  -0.948997E-13
   0.383200E+04  -0.557587E-12  -0.301153E-13  -0.140957E-12
   0.383300E+04  -0.818915E-13  -0.670138E-14  -0.199430E-13
   0.383400E+04   0.451290E-12   0.199494E-13   0.116134E-12
   0.383500E+04   0.418779E-12   0.213148E-13   0.954832E-13
   0.383600E+04  -0.803310E-14   0.458551E-14  -0.341594E-13
   0.383700E+04  -0.104092E-12   0.249084E-14  -0.723708E-13
   0.383800E+04   0.396404E-12   0.275500E-13   0.541984E-13
   0.383900E+04   0.927631E-12   0.545292E-13   0.189295E-12
   0.384000E+04   0.879172E-12   0.555001E-13   0.164697E-12
   0.384100E+04   0.444370E-12   0.385555E-13   0.343882E-13
   0.384200E+04   0.346976E-12   0.362204E-13  -0.131888E-14
   0.384300E+04   0.828056E-12   0.598104E-13   0.124234E-12
   0.384400E+04   0.130662E-11   0.834303E-13   0.250568E-12
   0.384500E+04   0.118687E-11   0.798588E-13   0.213394E-12
   0.384600E+04   0.685242E-12   0.581737E-13   0.730846E-13
   0.384700E+04   0.523890E-12   0.506597E-13   0.296139E-13
   0.384800E+04   0.919546E-12   0.674298E-13   0.142891E-12
   0.384900E+04   0.128014E-11   0.822367E-13   0.248974E-12
   0.385000E+04   0.103280E-11   0.692967E-13   0.189165E-12
   0.385100E+04   0.427013E-12   0.396159E-13   0.321619E-13
   0.385200E+04   0.190613E-12   0.259686E-13  -0.210262E-13
   0.385300E+04   0.517513E-12   0.374125E-13   0.830159E-13
   0.385400E+04   0.799674E-12   0.468380E-13   0.175934E-12
   0.385500E+04   0.478006E-12   0.289841E-13   0.102830E-12
   0.385600E+04  -0.174601E-12  -0.410715E-14  -0.611836E-13
   0.385700E+04  -0.430824E-12  -0.196847E-13  -0.115286E-12
   0.385800E+04  -0.120505E-12  -0.977295E-14  -0.126589E-13
   0.385900E+04   0.135346E-12  -0.204219E-14   0.746879E-13
   0.386000E+04  -0.205018E-12  -0.208789E-13  -0.348162E-14
   0.386100E+04  -0.843863E-12  -0.530181E-13  -0.165299E-12
   0.386200E+04  -0.105549E-11  -0.657707E-13  -0.210366E-12
   0.386300E+04  -0.695962E-12  -0.524473E-13  -0.989303E-13
   0.386400E+04  -0.402014E-12  -0.415597E-13  -0.711950E-14
   0.386500E+04  -0.700739E-12  -0.568938E-13  -0.809599E-13
   0.386600E+04  -0.127181E-11  -0.841426E-13  -0.232259E-12
   0.386700E+04  -0.139201E-11  -0.906959E-13  -0.261226E-12
   0.386800E+04  -0.942631E-12  -0.710203E-13  -0.134943E-12
   0.386900E+04  -0.574443E-12  -0.543271E-13  -0.332272E-13
   0.387000E+04  -0.799832E-12  -0.638156E-13  -0.978088E-13
   0.387100E+04  -0.127831E-11  -0.843462E-13  -0.234666E-12
   0.387200E+04  -0.129224E-11  -0.836361E-13  -0.245291E-12
   0.387300E+04  -0.748967E-12  -0.573742E-13  -0.103770E-12
   0.387400E+04  -0.310974E-12  -0.352741E-13   0.693416E-14
   0.387500E+04  -0.472401E-12  -0.396329E-13  -0.498365E-13
   0.387600E+04  -0.870873E-12  -0.542901E-13  -0.173901E-12
   0.387700E+04  -0.795535E-12  -0.473655E-13  -0.168343E-12
   0.387800E+04  -0.182575E-12  -0.160381E-13  -0.148442E-13
   0.387900E+04   0.291519E-12   0.920299E-14   0.100050E-12
   0.388000E+04   0.149905E-12   0.682437E-14   0.445739E-13
   0.388100E+04  -0.223091E-12  -0.598739E-14  -0.749906E-13
   0.388200E+04  -0.122811E-12   0.231431E-14  -0.633263E-13
   0.388300E+04   0.486897E-12   0.331411E-13   0.904334E-13
   0.388400E+04   0.917864E-12   0.553674E-13   0.196589E-12
   0.388500E+04   0.714621E-12   0.485418E-13   0.129037E-12
   0.388600E+04   0.289486E-12   0.314439E-13   0.127671E-14
   0.388700E+04   0.348059E-12   0.359908E-13   0.834844E-14
   0.388800E+04   0.904612E-12   0.627230E-13   0.154777E-12
   0.388900E+04   0.126054E-11   0.799321E-13   0.247957E-12
   0.389000E+04   0.977047E-12   0.677383E-13   0.166482E-12
   0.389100E+04   0.486250E-12   0.457213E-13   0.293279E-13
   0.389200E+04   0.488176E-12   0.455738E-13   0.298634E-13
   0.389300E+04   0.974457E-12   0.669032E-13   0.166127E-12
   0.389400E+04   0.124070E-11   0.778471E-13   0.243651E-12
   0.389500E+04   0.870785E-12   0.596704E-13   0.147025E-12
   0.389600E+04   0.319823E-12   0.331072E-13   0.136043E-14
   0.389700E+04   0.281590E-12   0.296129E-13  -0.181984E-14
   0.389800E+04   0.721898E-12   0.475619E-13   0.128401E-12
   0.389900E+04   0.926662E-12   0.545204E-13   0.194960E-12
   0.390000E+04   0.498761E-12   0.325208E-13   0.877516E-13
   0.390100E+04  -0.860959E-13   0.324918E-14  -0.624856E-13
   0.390200E+04  -0.140125E-12  -0.199693E-14  -0.660579E-13
   0.390300E+04   0.280290E-12   0.142869E-13   0.615865E-13
   0.390400E+04   0.456599E-12   0.195704E-13   0.121932E-12
   0.390500E+04   0.139675E-13  -0.304566E-14   0.108951E-13
   0.390600E+04  -0.552547E-12  -0.310058E-13  -0.135421E-12
   0.390700E+04  -0.566281E-12  -0.336060E-13  -0.130210E-12
   0.390800E+04  -0.111657E-12  -0.147495E-13   0.359537E-14
   0.390900E+04   0.847486E-13  -0.741387E-14   0.654387E-13
   0.391000E+04  -0.330114E-12  -0.274660E-13  -0.427263E-13
   0.391100E+04  -0.840619E-12  -0.513006E-13  -0.179148E-12
   0.391200E+04  -0.780336E-12  -0.486514E-13  -0.159724E-12
   0.391300E+04  -0.262692E-12  -0.249032E-13  -0.150219E-13
   0.391400E+04  -0.253739E-13  -0.138082E-13   0.518278E-13
   0.391500E+04  -0.403580E-12  -0.305995E-13  -0.519368E-13
   0.391600E+04  -0.863619E-12  -0.508396E-13  -0.179471E-12
   0.391700E+04  -0.748736E-12  -0.446192E-13  -0.149349E-12
   0.391800E+04  -0.198361E-12  -0.185434E-13   0.785243E-15
   0.391900E+04   0.418201E-13  -0.691754E-14   0.658383E-13
   0.392000E+04  -0.343688E-12  -0.242266E-13  -0.413494E-13
   0.392100E+04  -0.801034E-12  -0.450088E-13  -0.168541E-12
   0.392200E+04  -0.678032E-12  -0.392106E-13  -0.136081E-12
   0.392300E+04  -0.131933E-12  -0.138957E-13   0.129228E-13
   0.392400E+04   0.905699E-13  -0.331107E-14   0.728488E-13
   0.392500E+04  -0.305819E-12  -0.211887E-13  -0.377790E-13
   0.392600E+04  -0.754075E-12  -0.417110E-13  -0.162840E-12
   0.392700E+04  -0.616094E-12  -0.355752E-13  -0.126463E-12
   0.392800E+04  -0.721256E-13  -0.108118E-13   0.217424E-13
   0.392900E+04   0.132191E-12  -0.143675E-14   0.761355E-13
   0.393000E+04  -0.271837E-12  -0.198025E-13  -0.376911E-13
   0.393100E+04  -0.698699E-12  -0.391586E-13  -0.158635E-12
   0.393200E+04  -0.523577E-12  -0.308102E-13  -0.114445E-12
   0.393300E+04   0.467033E-13  -0.408626E-14   0.380982E-13
   0.393400E+04   0.261867E-12   0.665081E-14   0.922859E-13
   0.393500E+04  -0.125611E-12  -0.101004E-13  -0.202642E-13
   0.393600E+04  -0.515158E-12  -0.269405E-13  -0.134177E-12
   0.393700E+04  -0.295705E-12  -0.157729E-13  -0.809334E-13
   0.393800E+04   0.301555E-12   0.129939E-13   0.760080E-13
   0.393900E+04   0.524819E-12   0.249185E-13   0.129582E-12
   0.394000E+04   0.149594E-12   0.951654E-14   0.178412E-13
   0.394100E+04  -0.208736E-12  -0.516027E-14  -0.896776E-13
   0.394200E+04   0.456852E-13   0.827090E-14  -0.285638E-13
   0.394300E+04   0.656127E-12   0.381869E-13   0.130803E-12
   0.394400E+04   0.869139E-12   0.500056E-13   0.181027E-12
   0.394500E+04   0.484113E-12   0.343268E-13   0.667896E-13
   0.394600E+04   0.132821E-12   0.200474E-13  -0.379267E-13
   0.394700E+04   0.397776E-12   0.340607E-13   0.275218E-13
   0.394800E+04   0.997631E-12   0.636096E-13   0.186047E-12
   0.394900E+04   0.117569E-11   0.737699E-13   0.229656E-12
   0.395000E+04   0.751034E-12   0.557939E-13   0.108806E-12
   0.395100E+04   0.367538E-12   0.390266E-13   0.968414E-15
   0.395200E+04   0.593399E-12   0.497892E-13   0.627197E-13
   0.395300E+04   0.112595E-11   0.744646E-13   0.210884E-12
   0.395400E+04   0.121035E-11   0.781944E-13   0.237882E-12
   0.395500E+04   0.689209E-12   0.531938E-13   0.100637E-12
   0.395600E+04   0.221188E-12   0.294955E-13  -0.195186E-13
   0.395700E+04   0.364486E-12   0.332532E-13   0.306481E-13
   0.395800E+04   0.802640E-12   0.506705E-13   0.163352E-12
   0.395900E+04   0.790326E-12   0.476394E-13   0.173013E-12
   0.396000E+04   0.195888E-12   0.175361E-13   0.234842E-13
   0.396100E+04  -0.313357E-12  -0.946753E-14  -0.101326E-12
   0.396200E+04  -0.200230E-12  -0.841061E-14  -0.537926E-13
   0.396300E+04   0.195928E-12   0.585006E-14   0.719031E-13
   0.396400E+04   0.136903E-12  -0.291134E-15   0.718184E-13
   0.396500E+04  -0.479630E-12  -0.319143E-13  -0.824323E-13
   0.396600E+04  -0.972533E-12  -0.581192E-13  -0.203258E-12
   0.396700E+04  -0.823295E-12  -0.548258E-13  -0.148107E-12
   0.396800E+04  -0.396230E-12  -0.381290E-13  -0.178617E-13
   0.396900E+04  -0.427874E-12  -0.416692E-13  -0.157956E-13
   0.397000E+04  -0.997452E-12  -0.695677E-13  -0.163726E-12
   0.397100E+04  -0.141438E-11  -0.905578E-13  -0.271275E-12
   0.397200E+04  -0.117988E-11  -0.814887E-13  -0.201176E-12
   0.397300E+04  -0.681508E-12  -0.595207E-13  -0.605827E-13
   0.397400E+04  -0.651611E-12  -0.581100E-13  -0.514874E-13
   0.397500E+04  -0.114493E-11  -0.802777E-13  -0.188816E-12
   0.397600E+04  -0.146144E-11  -0.943457E-13  -0.279450E-12
   0.397700E+04  -0.112252E-11  -0.781040E-13  -0.191541E-12
   0.397800E+04  -0.539163E-12  -0.498248E-13  -0.385404E-13
   0.397900E+04  -0.439880E-12  -0.428604E-13  -0.211712E-13
   0.398000E+04  -0.855632E-12  -0.592046E-13  -0.147603E-12
   0.398100E+04  -0.107714E-11  -0.667393E-13  -0.222058E-12
   0.398200E+04  -0.644580E-12  -0.440204E-13  -0.117845E-12
   0.398300E+04   0.979241E-14  -0.102342E-13   0.457805E-13
   0.398400E+04   0.161516E-12   0.135842E-14   0.694911E-13
   0.398500E+04  -0.200115E-12  -0.105493E-13  -0.488232E-13
   0.398600E+04  -0.362094E-12  -0.138937E-13  -0.111903E-12
   0.398700E+04   0.113294E-12   0.117001E-13   0.104466E-14
   0.398800E+04   0.773792E-12   0.462171E-13   0.165224E-12
   0.398900E+04   0.903108E-12   0.568158E-13   0.183540E-12
   0.399000E+04   0.513797E-12   0.431248E-13   0.604701E-13
   0.399100E+04   0.323023E-12   0.371829E-13  -0.533190E-14
   0.399200E+04   0.747000E-12   0.583202E-13   0.100983E-12
   0.399300E+04   0.131811E-11   0.860542E-13   0.249919E-12
   0.399400E+04   0.133724E-11   0.887362E-13   0.248383E-12
   0.399500E+04   0.849464E-12   0.677809E-13   0.109225E-12
   0.399600E+04   0.580598E-12   0.556408E-13   0.332619E-13
   0.399700E+04   0.923312E-12   0.703984E-13   0.128880E-12
   0.399800E+04   0.138867E-11   0.904768E-13   0.260659E-12
   0.399900E+04   0.128936E-11   0.848474E-13   0.238459E-12
   0.400000E+04   0.701269E-12   0.565522E-13   0.831663E-13
   0.400100E+04   0.360748E-12   0.387077E-13  -0.186390E-14
   0.400200E+04   0.639848E-12   0.484873E-13   0.859111E-13
   0.400300E+04   0.102900E-11   0.632883E-13   0.205392E-12
   0.400400E+04   0.849504E-12   0.523795E-13   0.168861E-12
   0.400500E+04   0.202504E-12   0.199141E-13   0.415861E-14
   0.400600E+04  -0.169404E-12  -0.687088E-15  -0.837281E-13
   0.400700E+04   0.850933E-13   0.686732E-14   0.187115E-14
   0.400800E+04   0.439552E-12   0.192976E-13   0.115006E-12
   0.400900E+04   0.228206E-12   0.655921E-14   0.713445E-13
   0.401000E+04  -0.421106E-12  -0.259183E-13  -0.939864E-13
   0.401100E+04  -0.761510E-12  -0.445307E-13  -0.174773E-12
   0.401200E+04  -0.465937E-12  -0.341594E-13  -0.809052E-13
   0.401300E+04  -0.809109E-13  -0.190746E-13   0.362654E-13
   0.401400E+04  -0.261916E-12  -0.289046E-13  -0.462795E-14
   0.401500E+04  -0.856900E-12  -0.571538E-13  -0.161631E-12
   0.401600E+04  -0.111657E-11  -0.701425E-13  -0.227682E-12
   0.401700E+04  -0.738224E-12  -0.538827E-13  -0.119218E-12
   0.401800E+04  -0.286970E-12  -0.334889E-13   0.742181E-14
   0.401900E+04  -0.407004E-12  -0.380864E-13  -0.258382E-13
   0.402000E+04  -0.923693E-12  -0.602422E-13  -0.170506E-12
   0.402100E+04  -0.108933E-11  -0.665311E-13  -0.219520E-12
   0.402200E+04  -0.629215E-12  -0.444255E-13  -0.966273E-13
   0.402300E+04  -0.127909E-12  -0.200033E-13   0.367110E-13
   0.402400E+04  -0.216525E-12  -0.217648E-13   0.610229E-14
   0.402500E+04  -0.695593E-12  -0.411351E-13  -0.133024E-12
   0.402600E+04  -0.817848E-12  -0.448241E-13  -0.173513E-12
   0.402700E+04  -0.335898E-12  -0.217266E-13  -0.464108E-13
   0.402800E+04   0.148624E-12   0.125324E-14   0.820994E-13
   0.402900E+04   0.229804E-13  -0.334504E-14   0.423145E-13
   0.403000E+04  -0.481033E-12  -0.251207E-13  -0.102001E-12
   0.403100E+04  -0.609269E-12  -0.302040E-13  -0.142261E-12
   0.403200E+04  -0.137100E-12  -0.848691E-14  -0.159820E-13
   0.403300E+04   0.316922E-12   0.122564E-13   0.105958E-12
   0.403400E+04   0.154633E-12   0.518308E-14   0.577934E-13
   0.403500E+04  -0.365173E-12  -0.179861E-13  -0.894746E-13
   0.403600E+04  -0.485273E-12  -0.231084E-13  -0.126629E-12
   0.403700E+04  -0.477538E-14  -0.111580E-14   0.219668E-14
   0.403800E+04   0.441245E-12   0.193948E-13   0.121655E-12
   0.403900E+04   0.268229E-12   0.121110E-13   0.698715E-13
   0.404000E+04  -0.241485E-12  -0.102108E-13  -0.755546E-13
   0.404100E+04  -0.331883E-12  -0.134968E-13  -0.105648E-12
   0.404200E+04   0.171668E-12   0.100700E-13   0.283459E-13
   0.404300E+04   0.617617E-12   0.310492E-13   0.146695E-12
   0.404400E+04   0.436209E-12   0.237436E-13   0.917198E-13
   0.404500E+04  -0.658461E-13   0.203905E-14  -0.522322E-13
   0.404600E+04  -0.133092E-12   0.454982E-16  -0.763677E-13
   0.404700E+04   0.384504E-12   0.244951E-13   0.612575E-13
   0.404800E+04   0.821548E-12   0.453122E-13   0.177091E-12
   0.404900E+04   0.624934E-12   0.375476E-13   0.118055E-12
   0.405000E+04   0.125195E-12   0.161721E-13  -0.249066E-13
   0.405100E+04   0.748263E-13   0.151414E-13  -0.437374E-13
   0.405200E+04   0.597202E-12   0.399195E-13   0.962693E-13
   0.405300E+04   0.101289E-11   0.597456E-13   0.207771E-12
   0.405400E+04   0.786446E-12   0.504892E-13   0.142562E-12
   0.405500E+04   0.272618E-12   0.282687E-13  -0.174137E-14
   0.405600E+04   0.219844E-12   0.268267E-13  -0.181037E-13
   0.405700E+04   0.723028E-12   0.501894E-13   0.120553E-12
   0.405800E+04   0.108770E-11   0.667646E-13   0.222926E-12
   0.405900E+04   0.796912E-12   0.532711E-13   0.145862E-12
   0.406000E+04   0.232347E-12   0.272303E-13  -0.587969E-14
   0.406100E+04   0.141961E-12   0.225336E-13  -0.256873E-13
   0.406200E+04   0.594965E-12   0.420118E-13   0.106364E-12
   0.406300E+04   0.882389E-12   0.532147E-13   0.195091E-12
   0.406400E+04   0.504370E-12   0.335028E-13   0.102077E-12
   0.406500E+04  -0.131211E-12   0.171928E-14  -0.610158E-13
   0.406600E+04  -0.273859E-12  -0.777858E-14  -0.874919E-13
   0.406700E+04   0.126924E-12   0.731828E-14   0.368037E-13
   0.406800E+04   0.354705E-12   0.143396E-13   0.114287E-12
   0.406900E+04  -0.713303E-13  -0.855153E-14   0.117255E-13
   0.407000E+04  -0.721954E-12  -0.416293E-13  -0.153312E-12
   0.407100E+04  -0.852480E-12  -0.508137E-13  -0.175760E-12
   0.407200E+04  -0.437797E-12  -0.349235E-13  -0.485224E-13
   0.407300E+04  -0.204369E-12  -0.270912E-13   0.280558E-13
   0.407400E+04  -0.614004E-12  -0.483329E-13  -0.739265E-13
   0.407500E+04  -0.121653E-11  -0.780039E-13  -0.230992E-12
   0.407600E+04  -0.127485E-11  -0.823859E-13  -0.240037E-12
   0.407700E+04  -0.791450E-12  -0.615977E-13  -0.101400E-12
   0.407800E+04  -0.504351E-12  -0.494010E-13  -0.183899E-13
   0.407900E+04  -0.857368E-12  -0.661033E-13  -0.113706E-12
   0.408000E+04  -0.138018E-11  -0.901864E-13  -0.258142E-12
   0.408100E+04  -0.134332E-11  -0.882467E-13  -0.250611E-12
   0.408200E+04  -0.775150E-12  -0.615361E-13  -0.985497E-13
   0.408300E+04  -0.422235E-12  -0.441944E-13  -0.755571E-14
   0.408400E+04  -0.707742E-12  -0.555956E-13  -0.945532E-13
   0.408500E+04  -0.114058E-11  -0.732661E-13  -0.224525E-12
   0.408600E+04  -0.100039E-11  -0.642178E-13  -0.198770E-12
   0.408700E+04  -0.343822E-12  -0.310647E-13  -0.323023E-13
   0.408800E+04   0.718148E-13  -0.857215E-14   0.666228E-13
   0.408900E+04  -0.157508E-12  -0.153378E-13  -0.133762E-13
   0.409000E+04  -0.520455E-12  -0.279381E-13  -0.131573E-12
   0.409100E+04  -0.305225E-12  -0.136889E-13  -0.915692E-13
   0.409200E+04   0.404014E-12   0.235208E-13   0.842244E-13
   0.409300E+04   0.838736E-12   0.482111E-13   0.184863E-12
   0.409400E+04   0.611644E-12   0.422911E-13   0.104036E-12
   0.409500E+04   0.251606E-12   0.298784E-13  -0.124582E-13
   0.409600E+04   0.461682E-12   0.433471E-13   0.293144E-13
   0.409700E+04   0.113359E-11   0.778144E-13   0.200138E-12
   0.409800E+04   0.149230E-11   0.974374E-13   0.287267E-12
   0.409900E+04   0.117021E-11   0.848217E-13   0.189943E-12
   0.410000E+04   0.714973E-12   0.648525E-13   0.590908E-13
   0.410100E+04   0.824029E-12   0.698690E-13   0.866034E-13
   0.410200E+04   0.137299E-11   0.947138E-13   0.237976E-12
   0.410300E+04   0.159139E-11   0.104174E-12   0.300897E-12
   0.410400E+04   0.113944E-11   0.822860E-13   0.181782E-12
   0.410500E+04   0.583602E-12   0.547169E-13   0.366033E-13
   0.410600E+04   0.607989E-12   0.530552E-13   0.535641E-13
   0.410700E+04   0.106183E-11   0.708710E-13   0.190799E-12
   0.410800E+04   0.117186E-11   0.728377E-13   0.235033E-12
   0.410900E+04   0.623685E-12   0.442056E-13   0.994792E-13
   0.411000E+04   0.412913E-14   0.116473E-13  -0.544809E-13
   0.411100E+04  -0.126938E-13   0.640614E-14  -0.416286E-13
   0.411200E+04   0.399123E-12   0.211030E-13   0.895096E-13
   0.411300E+04   0.464498E-12   0.203787E-13   0.125022E-12
   0.411400E+04  -0.107673E-12  -0.950636E-14  -0.154320E-13
   0.411500E+04  -0.714966E-12  -0.412753E-13  -0.166015E-12
   0.411600E+04  -0.698391E-12  -0.444547E-13  -0.145524E-12
   0.411700E+04  -0.258364E-12  -0.276374E-13  -0.967105E-14
   0.411800E+04  -0.171895E-12  -0.262396E-13   0.271058E-13
   0.411900E+04  -0.705312E-12  -0.528356E-13  -0.108692E-12
   0.412000E+04  -0.123930E-11  -0.793604E-13  -0.246505E-12
   0.412100E+04  -0.112999E-11  -0.760499E-13  -0.209161E-12
   0.412200E+04  -0.605764E-12  -0.528589E-13  -0.598344E-13
   0.412300E+04  -0.448714E-12  -0.455894E-13  -0.140159E-13
   0.412400E+04  -0.904053E-12  -0.660005E-13  -0.139030E-12
   0.412500E+04  -0.133779E-11  -0.853947E-13  -0.260045E-12
   0.412600E+04  -0.112035E-11  -0.745728E-13  -0.203748E-12
   0.412700E+04  -0.505069E-12  -0.445477E-13  -0.401041E-13
   0.412800E+04  -0.277198E-12  -0.313541E-13   0.148260E-13
   0.412900E+04  -0.662832E-12  -0.461390E-13  -0.100475E-12
   0.413000E+04  -0.101806E-11  -0.600020E-13  -0.207924E-12
   0.413100E+04  -0.730826E-12  -0.445983E-13  -0.138816E-12
   0.413200E+04  -0.779186E-13  -0.118973E-13   0.303523E-13
   0.413300E+04   0.156926E-12   0.219996E-14   0.838771E-13
   0.413400E+04  -0.229592E-12  -0.125585E-13  -0.333066E-13
   0.413500E+04  -0.582959E-12  -0.270353E-13  -0.139926E-12
   0.413600E+04  -0.307939E-12  -0.137053E-13  -0.719432E-13
   0.413700E+04   0.300702E-12   0.149603E-13   0.886129E-13
   0.413800E+04   0.471947E-12   0.241877E-13   0.128636E-12
   0.413900E+04   0.372688E-13   0.573740E-14   0.190215E-14
   0.414000E+04  -0.332462E-12  -0.104374E-13  -0.106047E-12
   0.414100E+04  -0.626863E-13   0.202355E-14  -0.366937E-13
   0.414200E+04   0.522959E-12   0.290794E-13   0.120219E-12
   0.414300E+04   0.654387E-12   0.359110E-13   0.151889E-12
   0.414400E+04   0.190473E-12   0.155971E-13   0.195265E-13
   0.414500E+04  -0.182760E-12  -0.112744E-14  -0.872650E-13
   0.414600E+04   0.916550E-13   0.113142E-13  -0.148123E-13
   0.414700E+04   0.664844E-12   0.376868E-13   0.140273E-12
   0.414800E+04   0.768678E-12   0.432060E-13   0.165826E-12
   0.414900E+04   0.287190E-12   0.220514E-13   0.300715E-13
   0.415000E+04  -0.818981E-13   0.544383E-14  -0.740804E-13
   0.415100E+04   0.199046E-12   0.180352E-13   0.177814E-14
   0.415200E+04   0.757134E-12   0.434880E-13   0.154424E-12
   0.415300E+04   0.829165E-12   0.472896E-13   0.172988E-12
   0.415400E+04   0.326953E-12   0.249650E-13   0.332543E-13
   0.415500E+04  -0.387064E-13   0.839514E-14  -0.683380E-13
   0.415600E+04   0.250982E-12   0.213880E-13   0.114042E-13
   0.415700E+04   0.798848E-12   0.464541E-13   0.162613E-12
   0.415800E+04   0.844771E-12   0.491234E-13   0.175393E-12
   0.415900E+04   0.324677E-12   0.259016E-13   0.323557E-13
   0.416000E+04  -0.411327E-13   0.902869E-14  -0.673071E-13
   0.416100E+04   0.246927E-12   0.214743E-13   0.142805E-13
   0.416200E+04   0.771328E-12   0.449665E-13   0.161453E-12
   0.416300E+04   0.780598E-12   0.455803E-13   0.166506E-12
   0.416400E+04   0.237751E-12   0.210871E-13   0.194930E-13
   0.416500E+04  -0.128895E-12   0.398261E-14  -0.780040E-13
   0.416600E+04   0.157040E-12   0.160386E-13   0.570809E-14
   0.416700E+04   0.654367E-12   0.378537E-13   0.148520E-12
   0.416800E+04   0.618753E-12   0.358498E-13   0.144661E-12
   0.416900E+04   0.392388E-13   0.894226E-14  -0.860733E-14
   0.417000E+04  -0.349470E-12  -0.102601E-13  -0.107763E-12
   0.417100E+04  -0.948539E-13  -0.125497E-14  -0.275542E-13
   0.417200E+04   0.341612E-12   0.156878E-13   0.104096E-12
   0.417300E+04   0.231415E-12   0.809833E-14   0.851018E-13
   0.417400E+04  -0.398948E-12  -0.228798E-13  -0.777869E-13
   0.417500E+04  -0.799429E-12  -0.436210E-13  -0.177367E-12
   0.417600E+04  -0.539503E-12  -0.346820E-13  -0.944895E-13
   0.417700E+04  -0.107313E-12  -0.178406E-13   0.358577E-13
   0.417800E+04  -0.227140E-12  -0.256134E-13   0.130132E-13
   0.417900E+04  -0.846191E-12  -0.556867E-13  -0.148993E-12
   0.418000E+04  -0.120481E-11  -0.738886E-13  -0.240416E-12
   0.418100E+04  -0.893486E-12  -0.616592E-13  -0.147940E-12
   0.418200E+04  -0.422456E-12  -0.418145E-13  -0.125377E-13
   0.418300E+04  -0.508599E-12  -0.466108E-13  -0.326444E-13
   0.418400E+04  -0.107385E-11  -0.726329E-13  -0.187093E-12
   0.418500E+04  -0.135279E-11  -0.854772E-13  -0.264410E-12
   0.418600E+04  -0.960021E-12  -0.677369E-13  -0.157775E-12
   0.418700E+04  -0.428023E-12  -0.433104E-13  -0.141373E-13
   0.418800E+04  -0.464233E-12  -0.440407E-13  -0.292330E-13
   0.418900E+04  -0.963106E-12  -0.651939E-13  -0.174308E-12
   0.419000E+04  -0.115205E-11  -0.719471E-13  -0.235925E-12
   0.419100E+04  -0.668811E-12  -0.479220E-13  -0.113589E-12
   0.419200E+04  -0.676955E-13  -0.180840E-13   0.399095E-13
   0.419300E+04  -0.479802E-13  -0.140260E-13   0.313458E-13
   0.419400E+04  -0.480238E-12  -0.300347E-13  -0.103660E-12
   0.419500E+04  -0.588976E-12  -0.312269E-13  -0.150618E-12
   0.419600E+04  -0.370428E-13  -0.240682E-14  -0.157644E-13
   0.419700E+04   0.601125E-12   0.305425E-13   0.142686E-12
   0.419800E+04   0.637973E-12   0.365913E-13   0.134831E-12
   0.419900E+04   0.228901E-12   0.226453E-13   0.358573E-14
   0.420000E+04   0.151354E-12   0.235969E-13  -0.357752E-13
   0.420100E+04   0.714740E-12   0.532103E-13   0.103178E-12
   0.420200E+04   0.132270E-11   0.844488E-13   0.256424E-12
   0.420300E+04   0.129965E-11   0.867873E-13   0.237404E-12
   0.420400E+04   0.828600E-12   0.684432E-13   0.965574E-13
   0.420500E+04   0.691001E-12   0.645066E-13   0.501748E-13
   0.420600E+04   0.117084E-11   0.874951E-13   0.177660E-12
   0.420700E+04   0.165338E-11   0.109460E-12   0.309804E-12
   0.420800E+04   0.148071E-11   0.100828E-12   0.264475E-12
   0.420900E+04   0.871555E-12   0.718617E-13   0.101144E-12
   0.421000E+04   0.620217E-12   0.587141E-13   0.387617E-13
   0.421100E+04   0.991661E-12   0.732676E-13   0.150917E-12
   0.421200E+04   0.135308E-11   0.866416E-13   0.263294E-12
   0.421300E+04   0.105747E-11   0.695115E-13   0.196857E-12
   0.421400E+04   0.348883E-12   0.331895E-13   0.179872E-13
   0.421500E+04   0.267965E-13   0.142098E-13  -0.532891E-13
   0.421600E+04   0.336588E-12   0.238164E-13   0.507237E-13
   0.421700E+04   0.632463E-12   0.327011E-13   0.151783E-12
   0.421800E+04   0.283062E-12   0.122583E-13   0.750783E-13
   0.421900E+04  -0.443122E-12  -0.251636E-13  -0.106160E-12
   0.422000E+04  -0.747794E-12  -0.431684E-13  -0.172083E-12
   0.422100E+04  -0.412796E-12  -0.318278E-13  -0.623645E-13
   0.422200E+04  -0.101587E-12  -0.213323E-13   0.400030E-13
   0.422300E+04  -0.430846E-12  -0.396700E-13  -0.356389E-13
   0.422400E+04  -0.110663E-11  -0.733197E-13  -0.208969E-12
   0.422500E+04  -0.133061E-11  -0.858298E-13  -0.260075E-12
   0.422600E+04  -0.910863E-12  -0.684480E-13  -0.135765E-12
   0.422700E+04  -0.527976E-12  -0.522092E-13  -0.235679E-13
   0.422800E+04  -0.784627E-12  -0.645700E-13  -0.900352E-13
   0.422900E+04  -0.136378E-11  -0.910386E-13  -0.248226E-12
   0.423000E+04  -0.147023E-11  -0.953513E-13  -0.278841E-12
   0.423100E+04  -0.940338E-12  -0.701043E-13  -0.136232E-12
   0.423200E+04  -0.471872E-12  -0.472020E-13  -0.123860E-13
   0.423300E+04  -0.652208E-12  -0.534612E-13  -0.693842E-13
   0.423400E+04  -0.113991E-11  -0.732580E-13  -0.213381E-12
   0.423500E+04  -0.114223E-11  -0.703984E-13  -0.225610E-12
   0.423600E+04  -0.524019E-12  -0.388310E-13  -0.680189E-13
   0.423700E+04  -0.129508E-14  -0.114871E-13   0.627560E-13
   0.423800E+04  -0.148101E-12  -0.147977E-13   0.869845E-14
   0.423900E+04  -0.600421E-12  -0.322025E-13  -0.129913E-12
   0.424000E+04  -0.567746E-12  -0.275473E-13  -0.134946E-12
   0.424100E+04   0.600994E-13   0.416613E-14   0.246381E-13
   0.424200E+04   0.554445E-12   0.294268E-13   0.148629E-12
   0.424300E+04   0.360057E-12   0.226237E-13   0.841092E-13
   0.424400E+04  -0.132043E-12   0.164426E-14  -0.614585E-13
   0.424500E+04  -0.129056E-12   0.304292E-14  -0.698218E-13
   0.424600E+04   0.459672E-12   0.312768E-13   0.840829E-13
   0.424700E+04   0.897325E-12   0.526377E-13   0.197418E-12
   0.424800E+04   0.647323E-12   0.422811E-13   0.122375E-12
   0.424900E+04   0.121319E-12   0.188251E-13  -0.277184E-13
   0.425000E+04   0.104888E-12   0.183552E-13  -0.364748E-13
   0.425100E+04   0.662001E-12   0.441175E-13   0.113760E-12
   0.425200E+04   0.104615E-11   0.620394E-13   0.217320E-12
   0.425300E+04   0.742145E-12   0.483044E-13   0.132172E-12
   0.425400E+04   0.185535E-12   0.226290E-13  -0.217950E-13
   0.425500E+04   0.155999E-12   0.208261E-13  -0.298104E-13
   0.425600E+04   0.690304E-12   0.448979E-13   0.118279E-12
   0.425700E+04   0.103107E-11   0.602538E-13   0.213805E-12
   0.425800E+04   0.683297E-12   0.439601E-13   0.120322E-12
   0.425900E+04   0.105515E-12   0.167630E-13  -0.359449E-13
   0.426000E+04   0.712101E-13   0.142236E-13  -0.419623E-13
   0.426100E+04   0.590701E-12   0.371818E-13   0.105074E-12
   0.426200E+04   0.896966E-12   0.506082E-13   0.193813E-12
   0.426300E+04   0.515658E-12   0.324616E-13   0.935284E-13
   0.426400E+04  -0.727280E-13   0.444643E-14  -0.634537E-13
   0.426500E+04  -0.102292E-12   0.177934E-14  -0.661947E-13
   0.426600E+04   0.410513E-12   0.241085E-13   0.806869E-13
   0.426700E+04   0.690250E-12   0.360418E-13   0.163470E-12
   0.426800E+04   0.285191E-12   0.165995E-13   0.576057E-13
   0.426900E+04  -0.300327E-12  -0.113367E-13  -0.981087E-13
   0.427000E+04  -0.306706E-12  -0.127037E-13  -0.945900E-13
   0.427100E+04   0.222778E-12   0.109762E-13   0.561585E-13
   0.427200E+04   0.501373E-12   0.236452E-13   0.137571E-12
   0.427300E+04   0.936019E-13   0.475445E-14   0.300588E-13
   0.427400E+04  -0.479884E-12  -0.223338E-13  -0.122664E-12
   0.427500E+04  -0.469871E-12  -0.230645E-13  -0.114271E-12
   0.427600E+04   0.559079E-13   0.857323E-16   0.362990E-13
   0.427700E+04   0.306457E-12   0.110117E-13   0.111087E-12
   0.427800E+04  -0.130727E-12  -0.981270E-14  -0.319861E-14
   0.427900E+04  -0.715716E-12  -0.382680E-13  -0.157450E-12
   0.428000E+04  -0.709136E-12  -0.402501E-13  -0.148139E-12
   0.428100E+04  -0.201167E-12  -0.190277E-13  -0.794315E-15
   0.428200E+04   0.179520E-13  -0.103325E-13   0.662748E-13
   0.428300E+04  -0.436262E-12  -0.322084E-13  -0.528694E-13
   0.428400E+04  -0.100393E-11  -0.596793E-13  -0.203623E-12
   0.428500E+04  -0.960666E-12  -0.595369E-13  -0.186342E-12
   0.428600E+04  -0.427222E-12  -0.366193E-13  -0.347661E-13
   0.428700E+04  -0.199795E-12  -0.269602E-13   0.311942E-13
   0.428800E+04  -0.637530E-12  -0.473769E-13  -0.874924E-13
   0.428900E+04  -0.115952E-11  -0.718667E-13  -0.230476E-12
   0.429000E+04  -0.105350E-11  -0.677620E-13  -0.201408E-12
   0.429100E+04  -0.468274E-12  -0.412055E-13  -0.416661E-13
   0.429200E+04  -0.205333E-12  -0.284966E-13   0.274775E-13
   0.429300E+04  -0.599922E-12  -0.453790E-13  -0.863382E-13
   0.429400E+04  -0.105259E-11  -0.650257E-13  -0.217554E-12
   0.429500E+04  -0.865060E-12  -0.554420E-13  -0.173549E-12
   0.429600E+04  -0.214663E-12  -0.241182E-13  -0.340454E-14
   0.429700E+04   0.921062E-13  -0.762929E-14   0.703893E-13
   0.429800E+04  -0.256238E-12  -0.206680E-13  -0.378250E-13
   0.429900E+04  -0.642286E-12  -0.355937E-13  -0.157420E-12
   0.430000E+04  -0.381843E-12  -0.210461E-13  -0.995671E-13
   0.430100E+04   0.319787E-12   0.141860E-13   0.790712E-13
   0.430200E+04   0.651073E-12   0.332011E-13   0.154851E-12
   0.430300E+04   0.322596E-12   0.221706E-13   0.484999E-13
   0.430400E+04  -0.324819E-13   0.936815E-14  -0.647857E-13
   0.430500E+04   0.256015E-12   0.255666E-13  -0.216532E-16
   0.430600E+04   0.958311E-12   0.610016E-13   0.179262E-12
   0.430700E+04   0.126209E-11   0.787967E-13   0.249168E-12
   0.430800E+04   0.900783E-12   0.660259E-13   0.136959E-12
   0.430900E+04   0.519563E-12   0.512413E-13   0.215315E-13
   0.431000E+04   0.770048E-12   0.641997E-13   0.829815E-13
   0.431100E+04   0.139782E-11   0.940993E-13   0.250818E-12
   0.431200E+04   0.159525E-11   0.104534E-12   0.301991E-12
   0.431300E+04   0.112597E-11   0.841283E-13   0.171714E-12
   0.431400E+04   0.651354E-12   0.621033E-13   0.432700E-13
   0.431500E+04   0.804383E-12   0.671709E-13   0.916644E-13
   0.431600E+04   0.130489E-11   0.873158E-13   0.239119E-12
   0.431700E+04   0.135212E-11   0.867224E-13   0.263849E-12
   0.431800E+04   0.746479E-12   0.561590E-13   0.110325E-12
   0.431900E+04   0.173685E-12   0.263294E-13  -0.322152E-13
   0.432000E+04   0.253017E-12   0.254153E-13   0.707833E-14
   0.432100E+04   0.677214E-12   0.400459E-13   0.142891E-12
   0.432200E+04   0.644888E-12   0.342373E-13   0.153285E-12
   0.432300E+04  -0.169600E-13  -0.655307E-16  -0.998625E-14
   0.432400E+04  -0.606544E-12  -0.313842E-13  -0.153347E-12
   0.432500E+04  -0.521549E-12  -0.322795E-13  -0.110679E-12
   0.432600E+04  -0.951934E-13  -0.173165E-13   0.255611E-13
   0.432700E+04  -0.127324E-12  -0.224276E-13   0.339161E-13
   0.432800E+04  -0.764409E-12  -0.544625E-13  -0.126471E-12
   0.432900E+04  -0.129134E-11  -0.813582E-13  -0.258224E-12
   0.433000E+04  -0.112625E-11  -0.766886E-13  -0.200655E-12
   0.433100E+04  -0.630615E-12  -0.564304E-13  -0.537567E-13
   0.433200E+04  -0.603768E-12  -0.565892E-13  -0.385998E-13
   0.433300E+04  -0.116618E-11  -0.828529E-13  -0.188697E-12
   0.433400E+04  -0.158948E-11  -0.102520E-12  -0.302901E-12
   0.433500E+04  -0.131114E-11  -0.900158E-13  -0.225749E-12
   0.433600E+04  -0.718913E-12  -0.625426E-13  -0.643125E-13
   0.433700E+04  -0.610764E-12  -0.561400E-13  -0.390229E-13
   0.433800E+04  -0.108323E-11  -0.755379E-13  -0.176440E-12
   0.433900E+04  -0.139849E-11  -0.877180E-13  -0.272468E-12
   0.434000E+04  -0.101538E-11  -0.681166E-13  -0.177324E-12
   0.434100E+04  -0.345940E-12  -0.349880E-13  -0.472681E-14
   0.434200E+04  -0.182473E-12  -0.240366E-13   0.264734E-13
   0.434300E+04  -0.595018E-12  -0.388043E-13  -0.102817E-12
   0.434400E+04  -0.837825E-12  -0.460756E-13  -0.185953E-12
   0.434500E+04  -0.394673E-12  -0.226287E-13  -0.796500E-13
   0.434600E+04   0.296680E-12   0.120466E-13   0.954187E-13
   0.434700E+04   0.452470E-12   0.227822E-13   0.122572E-12
   0.434800E+04   0.343268E-13   0.768993E-14  -0.881930E-14
   0.434900E+04  -0.200420E-12   0.545584E-15  -0.889552E-13
   0.435000E+04   0.239451E-12   0.232155E-13   0.188047E-13
   0.435100E+04   0.888070E-12   0.546721E-13   0.186280E-12
   0.435200E+04   0.969115E-12   0.600869E-13   0.198713E-12
   0.435300E+04   0.479136E-12   0.394992E-13   0.545340E-13
   0.435400E+04   0.194550E-12   0.279937E-13  -0.318907E-13
   0.435500E+04   0.589717E-12   0.468880E-13   0.710096E-13
   0.435600E+04   0.117436E-11   0.739381E-13   0.228307E-12
   0.435700E+04   0.117600E-11   0.742457E-13   0.226475E-12
   0.435800E+04   0.617240E-12   0.489030E-13   0.711850E-13
   0.435900E+04   0.285276E-12   0.335434E-13  -0.203809E-13
   0.436000E+04   0.635130E-12   0.487383E-13   0.777554E-13
   0.436100E+04   0.115581E-11   0.713839E-13   0.224757E-12
   0.436200E+04   0.108415E-11   0.670259E-13   0.209572E-12
   0.436300E+04   0.471189E-12   0.380677E-13   0.456642E-13
   0.436400E+04   0.112994E-12   0.205698E-13  -0.473839E-13
   0.436500E+04   0.441335E-12   0.340202E-13   0.500023E-13
   0.436600E+04   0.921305E-12   0.541206E-13   0.190473E-12
   0.436700E+04   0.797164E-12   0.466302E-13   0.165132E-12
   0.436800E+04   0.147200E-12   0.151504E-13  -0.499976E-14
   0.436900E+04  -0.223703E-12  -0.378349E-14  -0.980000E-13
   0.437000E+04   0.954174E-13   0.850346E-14  -0.232913E-15
   0.437100E+04   0.550665E-12   0.269705E-13   0.135485E-12
   0.437200E+04   0.398539E-12   0.180114E-13   0.103460E-12
   0.437300E+04  -0.254040E-12  -0.134387E-13  -0.674551E-13
   0.437400E+04  -0.596421E-12  -0.306106E-13  -0.153664E-12
   0.437500E+04  -0.243709E-12  -0.161053E-13  -0.485342E-13
   0.437600E+04   0.226828E-12   0.386726E-14   0.888657E-13
   0.437700E+04   0.816916E-13  -0.389388E-14   0.557220E-13
   0.437800E+04  -0.544471E-12  -0.331751E-13  -0.111395E-12
   0.437900E+04  -0.835970E-12  -0.469721E-13  -0.187382E-12
   0.438000E+04  -0.434654E-12  -0.291861E-13  -0.727526E-13
   0.438100E+04   0.587683E-13  -0.722593E-14   0.672213E-13
   0.438200E+04  -0.783867E-13  -0.138530E-13   0.328373E-13
   0.438300E+04  -0.682430E-12  -0.414479E-13  -0.131370E-12
   0.438400E+04  -0.931498E-12  -0.526266E-13  -0.198653E-12
   0.438500E+04  -0.493970E-12  -0.325668E-13  -0.767107E-13
   0.438600E+04   0.490884E-14  -0.100485E-13   0.627378E-13
   0.438700E+04  -0.148367E-12  -0.176333E-13   0.227540E-13
   0.438800E+04  -0.760792E-12  -0.462996E-13  -0.144191E-12
   0.438900E+04  -0.999558E-12  -0.577997E-13  -0.208863E-12
   0.439000E+04  -0.550546E-12  -0.377060E-13  -0.843792E-13
   0.439100E+04  -0.547522E-13  -0.153600E-13   0.529070E-13
   0.439200E+04  -0.213900E-12  -0.229245E-13   0.939279E-14
   0.439300E+04  -0.811462E-12  -0.505397E-13  -0.155723E-12
   0.439400E+04  -0.101382E-11  -0.600343E-13  -0.212859E-12
   0.439500E+04  -0.531745E-12  -0.380660E-13  -0.820744E-13
   0.439600E+04  -0.225485E-13  -0.146082E-13   0.556202E-13
   0.439700E+04  -0.171701E-12  -0.210023E-13   0.109945E-13
   0.439800E+04  -0.734741E-12  -0.460766E-13  -0.149063E-12
   0.439900E+04  -0.876444E-12  -0.515778E-13  -0.194463E-12
   0.440000E+04  -0.335278E-12  -0.254738E-13  -0.527456E-13
   0.440100E+04   0.210800E-12   0.119042E-14   0.896271E-13
   0.440200E+04   0.884064E-13  -0.253746E-14   0.470431E-13
   0.440300E+04  -0.433021E-12  -0.244375E-13  -0.106510E-12
   0.440400E+04  -0.517494E-12  -0.261957E-13  -0.140649E-12
   0.440500E+04   0.706262E-13   0.311243E-14   0.995870E-14
   0.440600E+04   0.636194E-12   0.316747E-13   0.154173E-12
   0.440700E+04   0.520746E-12   0.291599E-13   0.110631E-12
   0.440800E+04   0.191436E-13   0.888281E-14  -0.395256E-13
   0.440900E+04  -0.333711E-13   0.910587E-14  -0.660317E-13
   0.441000E+04   0.571403E-12   0.394949E-13   0.889449E-13
   0.441100E+04   0.112082E-11   0.673825E-13   0.229534E-12
   0.441200E+04   0.971933E-12   0.630618E-13   0.178771E-12
   0.441300E+04   0.445893E-12   0.410297E-13   0.250852E-13
   0.441400E+04   0.378488E-12   0.396650E-13  -0.119479E-14
   0.441500E+04   0.952678E-12   0.675975E-13   0.150672E-12
   0.441600E+04   0.144078E-11   0.914950E-13   0.280622E-12
   0.441700E+04   0.121651E-11   0.823294E-13   0.216346E-12
   0.441800E+04   0.626302E-12   0.556774E-13   0.532857E-13
   0.441900E+04   0.504475E-12   0.498630E-13   0.213021E-13
   0.442000E+04   0.100746E-11   0.723398E-13   0.163700E-12
   0.442100E+04   0.139245E-11   0.890252E-13   0.276191E-12
   0.442200E+04   0.105030E-11   0.715376E-13   0.191181E-12
   0.442300E+04   0.354318E-12   0.366564E-13   0.113268E-13
   0.442400E+04   0.142141E-12   0.231189E-13  -0.331770E-13
   0.442500E+04   0.552803E-12   0.380679E-13   0.953060E-13
   0.442600E+04   0.838809E-12   0.476307E-13   0.190417E-12
   0.442700E+04   0.413726E-12   0.245757E-13   0.904711E-13
   0.442800E+04  -0.326187E-12  -0.134565E-13  -0.954456E-13
   0.442900E+04  -0.551560E-12  -0.283693E-13  -0.139180E-12
   0.443000E+04  -0.153283E-12  -0.145057E-13  -0.112650E-13
   0.443100E+04   0.109452E-12  -0.621380E-14   0.785868E-13
   0.443200E+04  -0.327192E-12  -0.295696E-13  -0.252599E-13
   0.443300E+04  -0.104042E-11  -0.656461E-13  -0.206468E-12
   0.443400E+04  -0.120632E-11  -0.766024E-13  -0.238292E-12
   0.443500E+04  -0.745935E-12  -0.582312E-13  -0.993884E-13
   0.443600E+04  -0.433495E-12  -0.456831E-13  -0.335411E-14
   0.443700E+04  -0.815117E-12  -0.643595E-13  -0.100656E-12
   0.443800E+04  -0.144579E-11  -0.944228E-13  -0.268569E-12
   0.443900E+04  -0.150884E-11  -0.983961E-13  -0.282155E-12
   0.444000E+04  -0.954210E-12  -0.733738E-13  -0.127909E-12
   0.444100E+04  -0.568214E-12  -0.550534E-13  -0.226240E-13
   0.444200E+04  -0.877004E-12  -0.679663E-13  -0.111065E-12
   0.444300E+04  -0.141287E-11  -0.912889E-13  -0.264045E-12
   0.444400E+04  -0.136679E-11  -0.879062E-13  -0.258600E-12
   0.444500E+04  -0.717833E-12  -0.562382E-13  -0.891360E-13
   0.444600E+04  -0.264550E-12  -0.326072E-13   0.243547E-13
   0.444700E+04  -0.514274E-12  -0.408331E-13  -0.574090E-13
   0.444800E+04  -0.978242E-12  -0.592502E-13  -0.199165E-12
   0.444900E+04  -0.854869E-12  -0.510359E-13  -0.179948E-12
   0.445000E+04  -0.148429E-12  -0.155571E-13  -0.129937E-14
   0.445100E+04   0.335915E-12   0.107439E-13   0.114809E-12
   0.445200E+04   0.112722E-12   0.502306E-14   0.352461E-13
   0.445300E+04  -0.310476E-12  -0.104112E-13  -0.991622E-13
   0.445400E+04  -0.145379E-12   0.444158E-15  -0.707239E-13
   0.445500E+04   0.573527E-12   0.367836E-13   0.110848E-12
   0.445600E+04   0.103303E-11   0.618403E-13   0.221336E-12
   0.445700E+04   0.770575E-12   0.537860E-13   0.133951E-12
   0.445800E+04   0.313681E-12   0.356768E-13  -0.479753E-14
   0.445900E+04   0.438794E-12   0.428326E-13   0.196272E-13
   0.446000E+04   0.108528E-11   0.733503E-13   0.190048E-12
   0.446100E+04   0.143995E-11   0.908261E-13   0.281606E-12
   0.446200E+04   0.107302E-11   0.753338E-13   0.175815E-12
   0.446300E+04   0.538908E-12   0.513454E-13   0.261649E-13
   0.446400E+04   0.602810E-12   0.535741E-13   0.440274E-13
   0.446500E+04   0.117262E-11   0.784813E-13   0.203637E-12
   0.446600E+04   0.142756E-11   0.892308E-13   0.277994E-12
   0.446700E+04   0.964852E-12   0.672204E-13   0.155804E-12
   0.446800E+04   0.364214E-12   0.382391E-13  -0.277992E-14
   0.446900E+04   0.381602E-12   0.366701E-13   0.108688E-13
   0.447000E+04   0.896206E-12   0.576390E-13   0.163032E-12
   0.447100E+04   0.107992E-11   0.638810E-13   0.224751E-12
   0.447200E+04   0.553564E-12   0.377813E-13   0.913105E-13
   0.447300E+04  -0.826697E-13   0.602181E-14  -0.714700E-13
   0.447400E+04  -0.844411E-13   0.247832E-14  -0.582458E-13
   0.447500E+04   0.400918E-12   0.211526E-13   0.897707E-13
   0.447600E+04   0.543049E-12   0.248000E-13   0.142769E-12
   0.447700E+04  -0.943576E-14  -0.281600E-14   0.352384E-14
   0.447800E+04  -0.634967E-12  -0.339851E-13  -0.156314E-12
   0.447900E+04  -0.602767E-12  -0.354610E-13  -0.135096E-12
   0.448000E+04  -0.898811E-13  -0.146600E-13   0.178767E-13
   0.448100E+04   0.671291E-13  -0.921851E-14   0.712537E-13
   0.448200E+04  -0.460300E-12  -0.344830E-13  -0.656385E-13
   0.448300E+04  -0.103407E-11  -0.621298E-13  -0.216307E-12
   0.448400E+04  -0.938593E-12  -0.596348E-13  -0.183152E-12
   0.448500E+04  -0.376967E-12  -0.354573E-13  -0.227524E-13
   0.448600E+04  -0.184901E-12  -0.269650E-13   0.335607E-13
   0.448700E+04  -0.663035E-12  -0.481182E-13  -0.972162E-13
   0.448800E+04  -0.115783E-11  -0.700336E-13  -0.233987E-12
   0.448900E+04  -0.975594E-12  -0.615034E-13  -0.184600E-12
   0.449000E+04  -0.353053E-12  -0.327736E-13  -0.144373E-13
   0.449100E+04  -0.129198E-12  -0.213941E-13   0.444211E-13
   0.449200E+04  -0.576587E-12  -0.399542E-13  -0.833164E-13
   0.449300E+04  -0.102400E-11  -0.587750E-13  -0.211588E-12
   0.449400E+04  -0.797357E-12  -0.477349E-13  -0.153362E-12
   0.449500E+04  -0.164632E-12  -0.186901E-13   0.175835E-13
   0.449600E+04   0.360505E-13  -0.907169E-14   0.692225E-13
   0.449700E+04  -0.432931E-12  -0.294972E-13  -0.646979E-13
   0.449800E+04  -0.874277E-12  -0.486779E-13  -0.191579E-12
   0.449900E+04  -0.626785E-12  -0.369109E-13  -0.128265E-12
   0.450000E+04   0.120854E-13  -0.752787E-14   0.433974E-13
   0.450100E+04   0.200687E-12   0.166939E-14   0.905864E-13
   0.450200E+04  -0.271814E-12  -0.187753E-13  -0.455482E-13
   0.450300E+04  -0.689266E-12  -0.366090E-13  -0.167362E-12
   0.450400E+04  -0.405981E-12  -0.227307E-13  -0.961020E-13
   0.450500E+04   0.252698E-12   0.823703E-14   0.787511E-13
   0.450600E+04   0.443711E-12   0.183204E-13   0.124177E-12
   0.450700E+04  -0.178275E-13  -0.833976E-15  -0.113341E-13
   0.450800E+04  -0.400620E-12  -0.162991E-13  -0.125842E-12
   0.450900E+04  -0.780794E-13   0.133680E-15  -0.457474E-13
   0.451000E+04   0.595501E-12   0.324374E-13   0.131652E-12
   0.451100E+04   0.776643E-12   0.425119E-13   0.173411E-12
   0.451200E+04   0.307572E-12   0.232010E-13   0.356080E-13
   0.451300E+04  -0.644485E-13   0.821878E-14  -0.754289E-13
   0.451400E+04   0.269792E-12   0.250764E-13   0.901177E-14
   0.451500E+04   0.930244E-12   0.566151E-13   0.184449E-12
   0.451600E+04   0.107573E-11   0.647970E-13   0.218580E-12
   0.451700E+04   0.575142E-12   0.435821E-13   0.749503E-13
   0.451800E+04   0.188202E-12   0.271535E-13  -0.365407E-13
   0.451900E+04   0.503842E-12   0.420710E-13   0.472620E-13
   0.452000E+04   0.111790E-11   0.701816E-13   0.215047E-12
   0.452100E+04   0.119768E-11   0.740624E-13   0.236491E-12
   0.452200E+04   0.645143E-12   0.493996E-13   0.839246E-13
   0.452300E+04   0.233945E-12   0.310387E-13  -0.289310E-13
   0.452400E+04   0.528002E-12   0.441664E-13   0.545078E-13
   0.452500E+04   0.109119E-11   0.688517E-13   0.214531E-12
   0.452600E+04   0.109345E-11   0.676614E-13   0.221665E-12
   0.452700E+04   0.469263E-12   0.379377E-13   0.569076E-13
   0.452800E+04   0.107965E-13   0.156561E-13  -0.613742E-13
   0.452900E+04   0.263112E-12   0.252403E-13   0.179782E-13
   0.453000E+04   0.761918E-12   0.452969E-13   0.167594E-12
   0.453100E+04   0.679693E-12   0.382917E-13   0.158832E-12
   0.453200E+04  -0.182643E-13   0.302603E-14  -0.190205E-13
   0.453300E+04  -0.520352E-12  -0.232726E-13  -0.142855E-12
   0.453400E+04  -0.294951E-12  -0.163860E-13  -0.658959E-13
   0.453500E+04   0.172275E-12   0.146926E-14   0.782495E-13
   0.453600E+04   0.586537E-13  -0.715779E-14   0.623338E-13
   0.453700E+04  -0.644987E-12  -0.425125E-13  -0.117107E-12
   0.453800E+04  -0.111772E-11  -0.670266E-13  -0.234291E-12
   0.453900E+04  -0.849920E-12  -0.574457E-13  -0.148533E-12
   0.454000E+04  -0.351421E-12  -0.370613E-13  -0.115774E-15
   0.454100E+04  -0.438350E-12  -0.430725E-13  -0.143624E-13
   0.454200E+04  -0.109237E-11  -0.745316E-13  -0.186965E-12
   0.454300E+04  -0.148363E-11  -0.934770E-13  -0.289524E-12
   0.454400E+04  -0.112666E-11  -0.777632E-13  -0.187863E-12
   0.454500E+04  -0.557612E-12  -0.519677E-13  -0.292872E-13
   0.454600E+04  -0.587491E-12  -0.532152E-13  -0.373934E-13
   0.454700E+04  -0.117155E-11  -0.794690E-13  -0.200310E-12
   0.454800E+04  -0.147140E-11  -0.923610E-13  -0.287157E-12
   0.454900E+04  -0.102413E-11  -0.706741E-13  -0.170003E-12
   0.455000E+04  -0.388679E-12  -0.399677E-13  -0.244024E-14
   0.455100E+04  -0.367634E-12  -0.370361E-13  -0.563073E-14
   0.455200E+04  -0.889256E-12  -0.587189E-13  -0.160062E-12
   0.455300E+04  -0.110875E-11  -0.664208E-13  -0.232921E-12
   0.455400E+04  -0.587876E-12  -0.400361E-13  -0.103010E-12
   0.455500E+04   0.925136E-13  -0.605840E-14   0.699946E-13
   0.455600E+04   0.142004E-12  -0.629798E-15   0.682092E-13
   0.455700E+04  -0.336702E-12  -0.190660E-13  -0.803756E-13
   0.455800E+04  -0.491193E-12  -0.223581E-13  -0.140793E-12
   0.455900E+04   0.894133E-13   0.827339E-14   0.869067E-15
   0.456000E+04   0.796544E-12   0.448227E-13   0.177752E-12
   0.456100E+04   0.845259E-12   0.511079E-13   0.173971E-12
   0.456200E+04   0.364362E-12   0.328639E-13   0.249954E-13
   0.456300E+04   0.213144E-12   0.294769E-13  -0.323039E-13
   0.456400E+04   0.778683E-12   0.587457E-13   0.109323E-12
   0.456500E+04   0.142996E-11   0.915873E-13   0.276861E-12
   0.456600E+04   0.139125E-11   0.920342E-13   0.257119E-12
   0.456700E+04   0.819143E-12   0.669697E-13   0.932362E-13
   0.456800E+04   0.582661E-12   0.564112E-13   0.243417E-13
   0.456900E+04   0.105241E-11   0.778566E-13   0.152355E-12
   0.457000E+04   0.158577E-11   0.102121E-12   0.300261E-12
   0.457100E+04   0.142470E-11   0.942018E-13   0.259304E-12
   0.457200E+04   0.754063E-12   0.621624E-13   0.803351E-13
   0.457300E+04   0.444729E-12   0.459283E-13   0.305083E-14
   0.457400E+04   0.840044E-12   0.616704E-13   0.121802E-12
   0.457500E+04   0.127815E-11   0.793400E-13   0.254106E-12
   0.457600E+04   0.101669E-11   0.646844E-13   0.195350E-12
   0.457700E+04   0.270723E-12   0.271817E-13   0.456914E-14
   0.457800E+04  -0.837354E-13   0.707517E-14  -0.772924E-13
   0.457900E+04   0.272496E-12   0.195646E-13   0.372118E-13
   0.458000E+04   0.660349E-12   0.339177E-13   0.160635E-12
   0.458100E+04   0.353006E-12   0.165873E-13   0.925767E-13
   0.458200E+04  -0.407136E-12  -0.217835E-13  -0.100300E-12
   0.458300E+04  -0.743279E-12  -0.409855E-13  -0.176719E-12
   0.458400E+04  -0.364094E-12  -0.270971E-13  -0.568554E-13
   0.458500E+04   0.324785E-13  -0.117046E-13   0.666584E-13
   0.458600E+04  -0.265199E-12  -0.277035E-13  -0.232186E-14
   0.458700E+04  -0.987778E-12  -0.632972E-13  -0.189566E-12
   0.458800E+04  -0.125829E-11  -0.783058E-13  -0.253635E-12
   0.458900E+04  -0.813013E-12  -0.600317E-13  -0.122285E-12
   0.459000E+04  -0.367277E-12  -0.407962E-13   0.705103E-14
   0.459100E+04  -0.615841E-12  -0.527037E-13  -0.570671E-13
   0.459200E+04  -0.126182E-11  -0.827096E-13  -0.232689E-12
   0.459300E+04  -0.142878E-11  -0.906520E-13  -0.278369E-12
   0.459400E+04  -0.882131E-12  -0.651545E-13  -0.129710E-12
   0.459500E+04  -0.357041E-12  -0.395235E-13   0.106740E-13
   0.459600E+04  -0.535600E-12  -0.454995E-13  -0.446973E-13
   0.459700E+04  -0.109882E-11  -0.692892E-13  -0.207247E-12
   0.459800E+04  -0.117481E-11  -0.710801E-13  -0.236399E-12
   0.459900E+04  -0.557892E-12  -0.407894E-13  -0.756062E-13
   0.460000E+04   0.950105E-15  -0.123816E-13   0.681650E-13
   0.460100E+04  -0.163257E-12  -0.168863E-13   0.122683E-13
   0.460200E+04  -0.707360E-12  -0.396030E-13  -0.147820E-12
   0.460300E+04  -0.762989E-12  -0.409882E-13  -0.172406E-12
   0.460400E+04  -0.149277E-12  -0.119047E-13  -0.121231E-13
   0.460500E+04   0.376263E-12   0.138316E-13   0.123550E-12
   0.460600E+04   0.177027E-12   0.691834E-14   0.590706E-13
   0.460700E+04  -0.372849E-12  -0.163794E-13  -0.101869E-12
   0.460800E+04  -0.410371E-12  -0.169271E-13  -0.120935E-12
   0.460900E+04   0.211240E-12   0.125771E-13   0.421508E-13
   0.461000E+04   0.716606E-12   0.373314E-13   0.173169E-12
   0.461100E+04   0.489552E-12   0.289747E-13   0.102181E-12
   0.461200E+04  -0.668425E-13   0.519722E-14  -0.592671E-13
   0.461300E+04  -0.921191E-13   0.509600E-14  -0.736007E-13
   0.461400E+04   0.530810E-12   0.346144E-13   0.913253E-13
   0.461500E+04   0.101103E-11   0.581714E-13   0.217144E-12
   0.461600E+04   0.751326E-12   0.481773E-13   0.139299E-12
   0.461700E+04   0.179857E-12   0.233910E-13  -0.236258E-13
   0.461800E+04   0.151721E-12   0.226362E-13  -0.354938E-13
   0.461900E+04   0.754912E-12   0.505478E-13   0.127776E-12
   0.462000E+04   0.118620E-11   0.710130E-13   0.244344E-12
   0.462100E+04   0.870299E-12   0.574453E-13   0.155656E-12
   0.462200E+04   0.261524E-12   0.297836E-13  -0.125139E-13
   0.462300E+04   0.210026E-12   0.266557E-13  -0.254851E-13
   0.462400E+04   0.776597E-12   0.515651E-13   0.133098E-12
   0.462500E+04   0.114894E-11   0.681226E-13   0.238621E-12
   0.462600E+04   0.775692E-12   0.508923E-13   0.138966E-12
   0.462700E+04   0.135987E-12   0.208871E-13  -0.332080E-13
   0.462800E+04   0.714893E-13   0.162564E-13  -0.454485E-13
   0.462900E+04   0.613180E-12   0.391449E-13   0.110377E-12
   0.463000E+04   0.939743E-12   0.528666E-13   0.207004E-12
   0.463100E+04   0.525004E-12   0.332463E-13   0.991071E-13
   0.463200E+04  -0.127040E-12   0.241399E-14  -0.737729E-13
   0.463300E+04  -0.185161E-12  -0.208677E-14  -0.818557E-13
   0.463400E+04   0.349335E-12   0.203034E-13   0.742739E-13
   0.463500E+04   0.644350E-12   0.323910E-13   0.164428E-12
   0.463600E+04   0.197448E-12   0.110887E-13   0.498315E-13
   0.463700E+04  -0.464612E-12  -0.205407E-13  -0.123570E-12
   0.463800E+04  -0.522930E-12  -0.257178E-13  -0.129180E-12
   0.463900E+04  -0.101526E-13  -0.540790E-14   0.238121E-13
   0.464000E+04   0.236711E-12   0.317503E-14   0.103485E-12
   0.464100E+04  -0.251299E-12  -0.210790E-13  -0.204056E-13
   0.464200E+04  -0.915202E-12  -0.532370E-13  -0.193652E-12
   0.464300E+04  -0.944023E-12  -0.568069E-13  -0.192018E-12
   0.464400E+04  -0.404898E-12  -0.345812E-13  -0.339351E-13
   0.464500E+04  -0.149163E-12  -0.247497E-13   0.451130E-13
   0.464600E+04  -0.623394E-12  -0.475356E-13  -0.787625E-13
   0.464700E+04  -0.124372E-11  -0.767842E-13  -0.244552E-12
   0.464800E+04  -0.120766E-11  -0.762529E-13  -0.230477E-12
   0.464900E+04  -0.612320E-12  -0.500714E-13  -0.631814E-13
   0.465000E+04  -0.318701E-12  -0.369608E-13   0.193963E-13
   0.465100E+04  -0.750507E-12  -0.562081E-13  -0.100065E-12
   0.465200E+04  -0.130261E-11  -0.807420E-13  -0.254506E-12
   0.465300E+04  -0.118510E-11  -0.749127E-13  -0.225496E-12
   0.465400E+04  -0.526129E-12  -0.443083E-13  -0.481416E-13
   0.465500E+04  -0.194749E-12  -0.280875E-13   0.375378E-13
   0.465600E+04  -0.589891E-12  -0.444615E-13  -0.788196E-13
   0.465700E+04  -0.108425E-11  -0.653323E-13  -0.223989E-12
   0.465800E+04  -0.898997E-12  -0.554583E-13  -0.182674E-12
   0.465900E+04  -0.189542E-12  -0.215286E-13   0.231709E-14
   0.466000E+04   0.171873E-12  -0.272797E-14   0.899242E-13
   0.466100E+04  -0.186867E-12  -0.160224E-13  -0.228055E-13
   0.466200E+04  -0.619422E-12  -0.325499E-13  -0.157155E-12
   0.466300E+04  -0.364440E-12  -0.180352E-13  -0.102297E-12
   0.466400E+04   0.390211E-12   0.192471E-13   0.902648E-13
   0.466500E+04   0.767887E-12   0.399450E-13   0.178316E-12
   0.466600E+04   0.424766E-12   0.284813E-13   0.667053E-13
   0.466700E+04   0.270457E-13   0.146145E-13  -0.602041E-13
   0.466800E+04   0.316934E-12   0.315459E-13   0.355103E-14
   0.466900E+04   0.107113E-11   0.691100E-13   0.197157E-12
   0.467000E+04   0.140673E-11   0.875351E-13   0.276899E-12
   0.467100E+04   0.100894E-11   0.726428E-13   0.155532E-12
   0.467200E+04   0.566590E-12   0.553505E-13   0.234798E-13
   0.467300E+04   0.806267E-12   0.681148E-13   0.823682E-13
   0.467400E+04   0.147260E-11   0.991315E-13   0.262630E-12
   0.467500E+04   0.168010E-11   0.108444E-12   0.319722E-12
   0.467600E+04   0.114824E-11   0.837010E-13   0.175281E-12
   0.467700E+04   0.596083E-12   0.577026E-13   0.271728E-13
   0.467800E+04   0.742719E-12   0.629609E-13   0.741968E-13
   0.467900E+04   0.130525E-11   0.864371E-13   0.238918E-12
   0.468000E+04   0.139288E-11   0.876539E-13   0.275445E-12
   0.468100E+04   0.749962E-12   0.551506E-13   0.112408E-12
   0.468200E+04   0.115748E-12   0.226807E-13  -0.469699E-13
   0.468300E+04   0.197984E-12   0.225041E-13  -0.752052E-14
   0.468400E+04   0.690542E-12   0.407851E-13   0.146413E-12
   0.468500E+04   0.704766E-12   0.372435E-13   0.169281E-12
   0.468600E+04   0.134063E-13   0.167497E-14  -0.245492E-14
   0.468700E+04  -0.627885E-12  -0.314871E-13  -0.160933E-12
   0.468800E+04  -0.530801E-12  -0.309330E-13  -0.116227E-12
   0.468900E+04  -0.321179E-13  -0.119951E-13   0.389964E-13
   0.469000E+04  -0.225020E-13  -0.151890E-13   0.588126E-13
   0.469100E+04  -0.702364E-12  -0.496110E-13  -0.112737E-12
   0.469200E+04  -0.129948E-11  -0.800734E-13  -0.263141E-12
   0.469300E+04  -0.114259E-11  -0.759223E-13  -0.207253E-12
   0.469400E+04  -0.593992E-12  -0.534870E-13  -0.449585E-13
   0.469500E+04  -0.540509E-12  -0.529898E-13  -0.212673E-13
   0.469600E+04  -0.115311E-11  -0.821703E-13  -0.183979E-12
   0.469700E+04  -0.164604E-11  -0.105325E-12  -0.316584E-12
   0.469800E+04  -0.137215E-11  -0.930814E-13  -0.240175E-12
   0.469900E+04  -0.726060E-12  -0.634158E-13  -0.631529E-13
   0.470000E+04  -0.593869E-12  -0.565778E-13  -0.300961E-13
   0.470100E+04  -0.111633E-11  -0.788526E-13  -0.180389E-12
   0.470200E+04  -0.149187E-11  -0.937202E-13  -0.293048E-12
   0.470300E+04  -0.109633E-11  -0.729157E-13  -0.195184E-12
   0.470400E+04  -0.358060E-12  -0.362079E-13  -0.395230E-14
   0.470500E+04  -0.165787E-12  -0.242575E-13   0.358839E-13
   0.470600E+04  -0.633161E-12  -0.422304E-13  -0.107303E-12
   0.470700E+04  -0.943152E-12  -0.528129E-13  -0.208265E-12
   0.470800E+04  -0.491321E-12  -0.285311E-13  -0.996094E-13
   0.470900E+04   0.265552E-12   0.949187E-14   0.937435E-13
   0.471000E+04   0.440609E-12   0.205088E-13   0.127709E-12
   0.471100E+04  -0.498259E-13   0.678070E-15  -0.211175E-13
   0.471200E+04  -0.369983E-12  -0.115834E-13  -0.122741E-12
   0.471300E+04   0.708475E-13   0.109860E-13  -0.141877E-13
   0.471400E+04   0.794898E-12   0.465840E-13   0.173350E-12
   0.471500E+04   0.921276E-12   0.547071E-13   0.197343E-12
   0.471600E+04   0.393000E-12   0.325048E-13   0.419440E-13
   0.471700E+04   0.553011E-13   0.186422E-13  -0.600598E-13
   0.471800E+04   0.475906E-12   0.393130E-13   0.479565E-13
   0.471900E+04   0.115221E-11   0.716535E-13   0.227817E-12
   0.472000E+04   0.121124E-11   0.755653E-13   0.239069E-12
   0.472100E+04   0.626792E-12   0.496029E-13   0.743207E-13
   0.472200E+04   0.256189E-12   0.330034E-13  -0.303420E-13
   0.472300E+04   0.644589E-12   0.509760E-13   0.754061E-13
   0.472400E+04   0.126362E-11   0.794726E-13   0.246238E-12
   0.472500E+04   0.124648E-11   0.785618E-13   0.243464E-12
   0.472600E+04   0.595374E-12   0.479515E-13   0.676362E-13
   0.472700E+04   0.178227E-12   0.273403E-13  -0.422613E-13
   0.472800E+04   0.519408E-12   0.411518E-13   0.580881E-13
   0.472900E+04   0.107060E-11   0.646837E-13   0.217413E-12
   0.473000E+04   0.978242E-12   0.588001E-13   0.200285E-12
   0.473100E+04   0.276663E-12   0.247130E-13   0.159466E-13
   0.473200E+04  -0.157792E-12   0.241712E-14  -0.942402E-13
   0.473300E+04   0.172086E-12   0.149689E-13   0.669653E-14
   0.473400E+04   0.691794E-12   0.363891E-13   0.160339E-12
   0.473500E+04   0.558481E-12   0.280595E-13   0.134122E-12
   0.473600E+04  -0.159468E-12  -0.709110E-14  -0.535700E-13
   0.473700E+04  -0.572859E-12  -0.282567E-13  -0.158096E-12
   0.473800E+04  -0.208215E-12  -0.133426E-13  -0.490911E-13
   0.473900E+04   0.332749E-12   0.103070E-13   0.107806E-12
   0.474000E+04   0.211097E-12   0.392017E-14   0.816672E-13
   0.474100E+04  -0.480745E-12  -0.288012E-13  -0.101954E-12
   0.474200E+04  -0.848462E-12  -0.469237E-13  -0.196746E-12
   0.474300E+04  -0.443292E-12  -0.293767E-13  -0.791945E-13
   0.474400E+04   0.111054E-12  -0.440594E-14   0.789255E-13
   0.474500E+04  -0.140436E-13  -0.103905E-13   0.496430E-13
   0.474600E+04  -0.699019E-12  -0.425875E-13  -0.133764E-12
   0.474700E+04  -0.104411E-11  -0.598958E-13  -0.223415E-12
   0.474800E+04  -0.623346E-12  -0.420939E-13  -0.102381E-12
   0.474900E+04  -0.761243E-13  -0.177811E-13   0.526905E-13
   0.475000E+04  -0.212593E-12  -0.242189E-13   0.184810E-13
   0.475100E+04  -0.881748E-12  -0.552096E-13  -0.163154E-12
   0.475200E+04  -0.118133E-11  -0.697198E-13  -0.243439E-12
   0.475300E+04  -0.716445E-12  -0.491479E-13  -0.113748E-12
   0.475400E+04  -0.150598E-12  -0.232898E-13   0.427583E-13
   0.475500E+04  -0.280011E-12  -0.287570E-13   0.660851E-14
   0.475600E+04  -0.922066E-12  -0.578446E-13  -0.171671E-12
   0.475700E+04  -0.116881E-11  -0.691926E-13  -0.241770E-12
   0.475800E+04  -0.652731E-12  -0.454143E-13  -0.102608E-12
   0.475900E+04  -0.597448E-13  -0.173641E-13   0.565610E-13
   0.476000E+04  -0.173701E-12  -0.212070E-13   0.198551E-13
   0.476100E+04  -0.784249E-12  -0.481101E-13  -0.154347E-12
   0.476200E+04  -0.980681E-12  -0.566294E-13  -0.214896E-12
   0.476300E+04  -0.421640E-12  -0.304574E-13  -0.680593E-13
   0.476400E+04   0.190021E-12  -0.101460E-14   0.919758E-13
   0.476500E+04   0.890242E-13  -0.346141E-14   0.542570E-13
   0.476600E+04  -0.483832E-12  -0.275553E-13  -0.114428E-12
   0.476700E+04  -0.617265E-12  -0.319161E-13  -0.162583E-12
   0.476800E+04  -0.133841E-14  -0.179043E-14  -0.490575E-14
   0.476900E+04   0.638537E-12   0.302618E-13   0.158426E-12
   0.477000E+04   0.551243E-12   0.296236E-13   0.120590E-12
   0.477100E+04   0.557784E-14   0.773765E-14  -0.436926E-13
   0.477200E+04  -0.862599E-13   0.602602E-14  -0.825502E-13
   0.477300E+04   0.557588E-12   0.380499E-13   0.815784E-13
   0.477400E+04   0.119354E-11   0.705039E-13   0.243489E-12
   0.477500E+04   0.108645E-11   0.694444E-13   0.200924E-12
   0.477600E+04   0.530420E-12   0.472508E-13   0.359433E-13
   0.477700E+04   0.433458E-12   0.449244E-13  -0.364306E-15
   0.477800E+04   0.104658E-11   0.745584E-13   0.161169E-12
   0.477900E+04   0.161028E-11   0.102248E-12   0.310766E-12
   0.478000E+04   0.141082E-11   0.951625E-13   0.251812E-12
   0.478100E+04   0.771801E-12   0.669927E-13   0.744379E-13
   0.478200E+04   0.598190E-12   0.584186E-13   0.289663E-13
   0.478300E+04   0.111032E-11   0.800318E-13   0.176035E-12
   0.478400E+04   0.153581E-11   0.975189E-13   0.301843E-12
   0.478500E+04   0.118961E-11   0.797819E-13   0.216873E-12
   0.478600E+04   0.434071E-12   0.427067E-13   0.211223E-13
   0.478700E+04   0.177894E-12   0.273472E-13  -0.345904E-13
   0.478800E+04   0.611836E-12   0.429052E-13   0.102015E-12
   0.478900E+04   0.945548E-12   0.541172E-13   0.212136E-12
   0.479000E+04   0.513730E-12   0.307276E-13   0.111639E-12
   0.479100E+04  -0.291157E-12  -0.996233E-14  -0.913083E-13
   0.479200E+04  -0.561563E-12  -0.268821E-13  -0.146325E-12
   0.479300E+04  -0.136836E-12  -0.121914E-13  -0.947715E-14
   0.479400E+04   0.175717E-12  -0.199199E-14   0.958228E-13
   0.479500E+04  -0.270417E-12  -0.257923E-13  -0.921886E-14
   0.479600E+04  -0.105643E-11  -0.651900E-13  -0.208992E-12
   0.479700E+04  -0.127946E-11  -0.793671E-13  -0.254309E-12
   0.479800E+04  -0.808725E-12  -0.617924E-13  -0.109520E-12
   0.479900E+04  -0.464235E-12  -0.490234E-13  -0.168187E-14
   0.480000E+04  -0.868901E-12  -0.693781E-13  -0.103178E-12
   0.480100E+04  -0.157591E-11  -0.103151E-12  -0.290607E-12
   0.480200E+04  -0.168921E-11  -0.109907E-12  -0.316434E-12
   0.480300E+04  -0.111168E-11  -0.847571E-13  -0.154033E-12
   0.480400E+04  -0.679604E-12  -0.650879E-13  -0.347191E-13
   0.480500E+04  -0.995598E-12  -0.783670E-13  -0.125035E-12
   0.480600E+04  -0.158822E-11  -0.103866E-12  -0.294455E-12
   0.480700E+04  -0.157048E-11  -0.101673E-12  -0.297584E-12
   0.480800E+04  -0.878205E-12  -0.684364E-13  -0.116630E-12
   0.480900E+04  -0.360301E-12  -0.420483E-13   0.136806E-13
   0.481000E+04  -0.595516E-12  -0.488046E-13  -0.665445E-13
   0.481100E+04  -0.108752E-11  -0.669048E-13  -0.219637E-12
   0.481200E+04  -0.961730E-12  -0.572374E-13  -0.203115E-12
   0.481300E+04  -0.190731E-12  -0.183704E-13  -0.884743E-14
   0.481400E+04   0.363003E-12   0.111398E-13   0.124867E-12
   0.481500E+04   0.147050E-12   0.634169E-14   0.452790E-13
   0.481600E+04  -0.313964E-12  -0.956779E-14  -0.102218E-12
   0.481700E+04  -0.156129E-12   0.189887E-14  -0.778705E-13
   0.481800E+04   0.611033E-12   0.401899E-13   0.116631E-12
   0.481900E+04   0.111171E-11   0.659987E-13   0.239412E-12
   0.482000E+04   0.823379E-12   0.559797E-13   0.145540E-12
   0.482100E+04   0.306795E-12   0.354748E-13  -0.103963E-13
   0.482200E+04   0.424740E-12   0.432973E-13   0.104277E-13
   0.482300E+04   0.113694E-11   0.774917E-13   0.197700E-12
   0.482400E+04   0.155294E-11   0.977987E-13   0.305723E-12
   0.482500E+04   0.117168E-11   0.816057E-13   0.195676E-12
   0.482600E+04   0.580110E-12   0.554521E-13   0.292534E-13
   0.482700E+04   0.635135E-12   0.580704E-13   0.433112E-13
   0.482800E+04   0.126850E-11   0.863805E-13   0.219494E-12
   0.482900E+04   0.158127E-11   0.997342E-13   0.309642E-12
   0.483000E+04   0.109727E-11   0.765612E-13   0.181815E-12
   0.483100E+04   0.427909E-12   0.444732E-13   0.444088E-14
   0.483200E+04   0.420775E-12   0.418400E-13   0.116338E-13
   0.483300E+04   0.979147E-12   0.644065E-13   0.176885E-12
   0.483400E+04   0.119898E-11   0.714003E-13   0.250312E-12
   0.483500E+04   0.632552E-12   0.426037E-13   0.107614E-12
   0.483600E+04  -0.840272E-13   0.675933E-14  -0.760390E-13
   0.483700E+04  -0.115201E-12   0.167411E-14  -0.698754E-13
   0.483800E+04   0.411598E-12   0.217134E-13   0.910204E-13
   0.483900E+04   0.587687E-12   0.259886E-13   0.155245E-12
   0.484000E+04  -0.426607E-14  -0.419423E-14   0.660279E-14
   0.484100E+04  -0.703111E-12  -0.388748E-13  -0.172933E-12
   0.484200E+04  -0.688009E-12  -0.409869E-13  -0.156487E-12
   0.484300E+04  -0.121531E-12  -0.179322E-13   0.114812E-13
   0.484400E+04   0.790414E-13  -0.110987E-13   0.774365E-13
   0.484500E+04  -0.475741E-12  -0.378727E-13  -0.670562E-13
   0.484600E+04  -0.110123E-11  -0.671426E-13  -0.233486E-12
   0.484700E+04  -0.992863E-12  -0.626457E-13  -0.199182E-12
   0.484800E+04  -0.350290E-12  -0.337210E-13  -0.183149E-13
   0.484900E+04  -0.101451E-12  -0.224953E-13   0.531330E-13
   0.485000E+04  -0.609324E-12  -0.452066E-13  -0.857511E-13
   0.485100E+04  -0.116585E-11  -0.695680E-13  -0.239998E-12
   0.485200E+04  -0.981547E-12  -0.599775E-13  -0.191020E-12
   0.485300E+04  -0.291785E-12  -0.276189E-13  -0.248359E-14
   0.485400E+04  -0.343728E-13  -0.153833E-13   0.673219E-13
   0.485500E+04  -0.544584E-12  -0.383162E-13  -0.748133E-13
   0.485600E+04  -0.108654E-11  -0.625345E-13  -0.226717E-12
   0.485700E+04  -0.876939E-12  -0.522146E-13  -0.172210E-12
   0.485800E+04  -0.176434E-12  -0.194083E-13   0.176221E-13
   0.485900E+04   0.728775E-13  -0.730235E-14   0.833538E-13
   0.486000E+04  -0.440052E-12  -0.301300E-13  -0.612315E-13
   0.486100E+04  -0.961719E-12  -0.533765E-13  -0.208921E-12
   0.486200E+04  -0.724508E-12  -0.418796E-13  -0.147965E-12
   0.486300E+04  -0.172195E-13  -0.884531E-14   0.425679E-13
   0.486400E+04   0.217148E-12   0.253050E-14   0.102912E-12
   0.486500E+04  -0.303633E-12  -0.207297E-13  -0.451466E-13
   0.486600E+04  -0.806547E-12  -0.432342E-13  -0.188985E-12
   0.486700E+04  -0.539973E-12  -0.304496E-13  -0.121383E-12
   0.486800E+04   0.179251E-12   0.327114E-14   0.706683E-13
   0.486900E+04   0.408420E-12   0.147886E-13   0.127394E-12
   0.487000E+04  -0.105677E-12  -0.761373E-14  -0.213347E-13
   0.487100E+04  -0.573007E-12  -0.278546E-13  -0.158025E-12
   0.487200E+04  -0.261949E-12  -0.123529E-13  -0.808268E-13
   0.487300E+04   0.479947E-12   0.231374E-13   0.114867E-12
   0.487400E+04   0.710203E-12   0.354894E-13   0.169374E-12
   0.487500E+04   0.205759E-12   0.143487E-13   0.209336E-13
   0.487600E+04  -0.226192E-12  -0.345118E-14  -0.108117E-12
   0.487700E+04   0.124557E-12   0.146275E-13  -0.216504E-13
   0.487800E+04   0.877981E-12   0.512423E-13   0.176202E-12
   0.487900E+04   0.109118E-11   0.631596E-13   0.225800E-12
   0.488000E+04   0.572256E-12   0.414714E-13   0.739853E-13
   0.488100E+04   0.147911E-12   0.240403E-13  -0.516373E-13
   0.488200E+04   0.509579E-12   0.426660E-13   0.398212E-13
   0.488300E+04   0.124609E-11   0.785315E-13   0.235793E-12
   0.488400E+04   0.141280E-11   0.881084E-13   0.276478E-12
   0.488500E+04   0.845318E-12   0.635507E-13   0.116572E-12
   0.488600E+04   0.386274E-12   0.434267E-13  -0.118930E-13
   0.488700E+04   0.707393E-12   0.587187E-13   0.764120E-13
   0.488800E+04   0.136821E-11   0.892529E-13   0.260798E-12
   0.488900E+04   0.142486E-11   0.913470E-13   0.281796E-12
   0.489000E+04   0.742633E-12   0.583545E-13   0.102291E-12
   0.489100E+04   0.184015E-12   0.299168E-13  -0.406574E-13
   0.489200E+04   0.409842E-12   0.370415E-13   0.343320E-13
   0.489300E+04   0.963198E-12   0.593848E-13   0.201009E-12
   0.489400E+04   0.911511E-12   0.540567E-13   0.202413E-12
   0.489500E+04   0.150661E-12   0.156905E-13   0.982968E-14
   0.489600E+04  -0.447070E-12  -0.159155E-13  -0.136742E-12
   0.489700E+04  -0.246840E-12  -0.111304E-13  -0.629492E-13
   0.489800E+04   0.266198E-12   0.839262E-14   0.970942E-13
   0.489900E+04   0.166516E-12   0.126417E-15   0.882323E-13
   0.490000E+04  -0.617598E-12  -0.398029E-13  -0.109366E-12
   0.490100E+04  -0.119995E-11  -0.709379E-13  -0.251881E-12
   0.490200E+04  -0.967735E-12  -0.645521E-13  -0.171139E-12
   0.490300E+04  -0.431499E-12  -0.433196E-13  -0.842526E-14
   0.490400E+04  -0.509009E-12  -0.493635E-13  -0.168101E-13
   0.490500E+04  -0.124203E-11  -0.852915E-13  -0.207686E-12
   0.490600E+04  -0.173564E-11  -0.110420E-12  -0.334497E-12
   0.490700E+04  -0.140442E-11  -0.973823E-13  -0.236336E-12
   0.490800E+04  -0.787107E-12  -0.701442E-13  -0.621305E-13
   0.490900E+04  -0.793423E-12  -0.704213E-13  -0.626643E-13
   0.491000E+04  -0.143350E-11  -0.993718E-13  -0.240483E-12
   0.491100E+04  -0.180254E-11  -0.115904E-12  -0.346095E-12
   0.491200E+04  -0.134263E-11  -0.939794E-13  -0.225921E-12
   0.491300E+04  -0.622022E-12  -0.590012E-13  -0.367420E-13
   0.491400E+04  -0.544339E-12  -0.525238E-13  -0.273749E-13
   0.491500E+04  -0.108983E-11  -0.744273E-13  -0.191863E-12
   0.491600E+04  -0.134365E-11  -0.831381E-13  -0.277802E-12
   0.491700E+04  -0.772301E-12  -0.535933E-13  -0.138338E-12
   0.491800E+04   0.310431E-13  -0.122158E-13   0.628848E-13
   0.491900E+04   0.170870E-12  -0.244714E-15   0.795268E-13
   0.492000E+04  -0.306295E-12  -0.165859E-13  -0.745785E-13
   0.492100E+04  -0.482302E-12  -0.197896E-13  -0.145572E-12
   0.492200E+04   0.146398E-12   0.137114E-13   0.546917E-14
   0.492300E+04   0.960681E-12   0.563271E-13   0.207837E-12
   0.492400E+04   0.107587E-11   0.673113E-13   0.218230E-12
   0.492500E+04   0.568375E-12   0.489879E-13   0.588968E-13
   0.492600E+04   0.361849E-12   0.428876E-13  -0.146105E-13
   0.492700E+04   0.933342E-12   0.713810E-13   0.129208E-12
   0.492800E+04   0.164520E-11   0.106329E-12   0.313989E-12
   0.492900E+04   0.163422E-11   0.108396E-12   0.301583E-12
   0.493000E+04   0.101607E-11   0.820026E-13   0.124456E-12
   0.493100E+04   0.723525E-12   0.691184E-13   0.404178E-13
   0.493200E+04   0.120364E-11   0.905716E-13   0.172706E-12
   0.493300E+04   0.179222E-11   0.116826E-12   0.337650E-12
   0.493400E+04   0.163922E-11   0.109089E-12   0.300611E-12
   0.493500E+04   0.895125E-12   0.734443E-13   0.103366E-12
   0.493600E+04   0.503201E-12   0.525154E-13   0.623453E-14
   0.493700E+04   0.887031E-12   0.662742E-13   0.125525E-12
   0.493800E+04   0.136339E-11   0.845074E-13   0.271895E-12
   0.493900E+04   0.109884E-11   0.692546E-13   0.215011E-12
   0.494000E+04   0.275243E-12   0.279531E-13   0.529188E-14
   0.494100E+04  -0.161421E-12   0.319057E-14  -0.960703E-13
   0.494200E+04   0.182328E-12   0.134825E-13   0.189475E-13
   0.494300E+04   0.602930E-12   0.277890E-13   0.155151E-12
   0.494400E+04   0.287100E-12   0.930122E-14   0.873638E-13
   0.494500E+04  -0.547199E-12  -0.326974E-13  -0.124349E-12
   0.494600E+04  -0.949044E-12  -0.553502E-13  -0.217478E-12
   0.494700E+04  -0.556713E-12  -0.416906E-13  -0.925725E-13
   0.494800E+04  -0.991636E-13  -0.240734E-13   0.484405E-13
   0.494900E+04  -0.376721E-12  -0.388641E-13  -0.157625E-13
   0.495000E+04  -0.114249E-11  -0.755813E-13  -0.216856E-12
   0.495100E+04  -0.144466E-11  -0.913950E-13  -0.291827E-12
   0.495200E+04  -0.951897E-12  -0.706902E-13  -0.149473E-12
   0.495300E+04  -0.413055E-12  -0.466010E-13   0.281200E-14
   0.495400E+04  -0.610647E-12  -0.545892E-13  -0.513012E-13
   0.495500E+04  -0.126937E-11  -0.829852E-13  -0.235283E-12
   0.495600E+04  -0.144283E-11  -0.895282E-13  -0.286953E-12
   0.495700E+04  -0.838059E-12  -0.606978E-13  -0.124995E-12
   0.495800E+04  -0.228291E-12  -0.308914E-13   0.368669E-13
   0.495900E+04  -0.377603E-12  -0.346696E-13  -0.125374E-13
   0.496000E+04  -0.978677E-12  -0.588381E-13  -0.187814E-12
   0.496100E+04  -0.108694E-11  -0.613377E-13  -0.227047E-12
   0.496200E+04  -0.444864E-12  -0.304978E-13  -0.583698E-13
   0.496300E+04   0.153703E-12  -0.172179E-14   0.988510E-13
   0.496400E+04  -0.303655E-13  -0.814709E-14   0.398671E-13
   0.496500E+04  -0.648611E-12  -0.342077E-13  -0.139342E-12
   0.496600E+04  -0.749350E-12  -0.371701E-13  -0.175490E-12
   0.496700E+04  -0.106027E-12  -0.680127E-14  -0.537070E-14
   0.496800E+04   0.463961E-12   0.201221E-13   0.145394E-12
   0.496900E+04   0.237252E-12   0.109195E-13   0.766197E-13
   0.497000E+04  -0.406360E-12  -0.174155E-13  -0.107165E-12
   0.497100E+04  -0.511771E-12  -0.217634E-13  -0.142108E-12
   0.497200E+04   0.121504E-12   0.719338E-14   0.273670E-13
   0.497300E+04   0.661699E-12   0.321866E-13   0.171394E-12
   0.497400E+04   0.406834E-12   0.215294E-13   0.956360E-13
   0.497500E+04  -0.234658E-12  -0.656679E-14  -0.873265E-13
   0.497600E+04  -0.313242E-12  -0.938468E-14  -0.114928E-12
   0.497700E+04   0.336421E-12   0.206349E-13   0.589570E-13
   0.497800E+04   0.863719E-12   0.452663E-13   0.199409E-12
   0.497900E+04   0.588289E-12   0.338082E-13   0.118083E-12
   0.498000E+04  -0.503971E-13   0.595543E-14  -0.639059E-13
   0.498100E+04  -0.105595E-12   0.435880E-14  -0.847756E-13
   0.498200E+04   0.555765E-12   0.351149E-13   0.927162E-13
   0.498300E+04   0.106669E-11   0.592242E-13   0.229151E-12
   0.498400E+04   0.768879E-12   0.469576E-13   0.142301E-12
   0.498500E+04   0.130362E-12   0.192610E-13  -0.387482E-13
   0.498600E+04   0.914382E-13   0.184165E-13  -0.538316E-13
   0.498700E+04   0.751611E-12   0.489495E-13   0.125139E-12
   0.498800E+04   0.123038E-11   0.713294E-13   0.254927E-12
   0.498900E+04   0.896473E-12   0.572539E-13   0.160526E-12
   0.499000E+04   0.249138E-12   0.292136E-13  -0.204764E-13
   0.499100E+04   0.219679E-12   0.289344E-13  -0.301239E-13
   0.499200E+04   0.867306E-12   0.587246E-13   0.149126E-12
   0.499300E+04   0.129127E-11   0.778084E-13   0.268903E-12
   0.499400E+04   0.884891E-12   0.590160E-13   0.160947E-12
   0.499500E+04   0.182158E-12   0.267257E-13  -0.280222E-13
   0.499600E+04   0.112918E-12   0.228592E-13  -0.408863E-13
   0.499700E+04   0.703378E-12   0.481760E-13   0.130717E-12
   0.499800E+04   0.103608E-11   0.608963E-13   0.233969E-12
   0.499900E+04   0.528915E-12   0.348962E-13   0.107316E-12
   0.500000E+04  -0.249287E-12  -0.354838E-14  -0.934674E-13
   0.500100E+04  -0.366420E-12  -0.119196E-13  -0.111457E-12
   0.500200E+04   0.176899E-12   0.959188E-14   0.537595E-13
   0.500300E+04   0.449597E-12   0.184421E-13   0.145598E-12
   0.500400E+04  -0.110500E-12  -0.109359E-13   0.832416E-14
   0.500500E+04  -0.910096E-12  -0.513441E-13  -0.195377E-12
   0.500600E+04  -0.102337E-11  -0.604183E-13  -0.210546E-12
   0.500700E+04  -0.477945E-12  -0.392773E-13  -0.446924E-13
   0.500800E+04  -0.211431E-12  -0.305461E-13   0.434537E-13
   0.500900E+04  -0.759164E-12  -0.585514E-13  -0.944582E-13
   0.501000E+04  -0.150346E-11  -0.950963E-13  -0.288779E-12
   0.501100E+04  -0.153195E-11  -0.985670E-13  -0.287957E-12
   0.501200E+04  -0.908382E-12  -0.718511E-13  -0.109193E-12
   0.501300E+04  -0.582852E-12  -0.582575E-13  -0.144341E-13
   0.501400E+04  -0.106565E-11  -0.810565E-13  -0.144908E-12
   0.501500E+04  -0.171399E-11  -0.110929E-12  -0.323854E-12
   0.501600E+04  -0.162714E-11  -0.106758E-12  -0.302792E-12
   0.501700E+04  -0.902130E-12  -0.729134E-13  -0.108021E-12
   0.501800E+04  -0.498404E-12  -0.531329E-13  -0.397549E-14
   0.501900E+04  -0.899427E-12  -0.694984E-13  -0.124363E-12
   0.502000E+04  -0.143822E-11  -0.916335E-13  -0.285570E-12
   0.502100E+04  -0.122839E-11  -0.791337E-13  -0.242836E-12
   0.502200E+04  -0.402315E-12  -0.380487E-13  -0.319620E-13
   0.502300E+04   0.716688E-13  -0.125463E-13   0.803169E-13
   0.502400E+04  -0.260743E-12  -0.233060E-13  -0.316213E-13
   0.502500E+04  -0.706377E-12  -0.386403E-13  -0.176902E-12
   0.502600E+04  -0.393625E-12  -0.188239E-13  -0.114601E-12
   0.502700E+04   0.506143E-12   0.280726E-13   0.109269E-12
   0.502800E+04   0.100975E-11   0.568245E-13   0.224562E-12
   0.502900E+04   0.686366E-12   0.475673E-13   0.112619E-12
   0.503000E+04   0.253110E-12   0.330997E-13  -0.289737E-13
   0.503100E+04   0.569538E-12   0.527525E-13   0.372756E-13
   0.503200E+04   0.143127E-11   0.969575E-13   0.256256E-12
   0.503300E+04   0.184569E-11   0.119832E-12   0.355440E-12
   0.503400E+04   0.140839E-11   0.102496E-12   0.223589E-12
   0.503500E+04   0.863218E-12   0.790797E-13   0.653248E-13
   0.503600E+04   0.106460E-11   0.891582E-13   0.115855E-12
   0.503700E+04   0.178652E-11   0.122693E-12   0.313144E-12
   0.503800E+04   0.203734E-11   0.134038E-12   0.384357E-12
   0.503900E+04   0.144158E-11   0.105474E-12   0.226142E-12
   0.504000E+04   0.763394E-12   0.718460E-13   0.487209E-13
   0.504100E+04   0.842747E-12   0.721013E-13   0.830062E-13
   0.504200E+04   0.142750E-11   0.952797E-13   0.259120E-12
   0.504300E+04   0.152922E-11   0.961507E-13   0.304497E-12
   0.504400E+04   0.805868E-12   0.585969E-13   0.124690E-12
   0.504500E+04   0.430194E-13   0.183746E-13  -0.642159E-13
   0.504600E+04   0.629179E-13   0.135845E-13  -0.362346E-13
   0.504700E+04   0.582945E-12   0.319525E-13   0.130130E-12
   0.504800E+04   0.615518E-12   0.284052E-13   0.162245E-12
   0.504900E+04  -0.148635E-12  -0.116297E-13  -0.254671E-13
   0.505000E+04  -0.903565E-12  -0.515085E-13  -0.211257E-12
   0.505100E+04  -0.847304E-12  -0.541291E-13  -0.174562E-12
   0.505200E+04  -0.296180E-12  -0.333529E-13  -0.303706E-14
   0.505300E+04  -0.239550E-12  -0.343569E-13   0.302778E-13
   0.505400E+04  -0.955578E-12  -0.703112E-13  -0.151543E-12
   0.505500E+04  -0.161904E-11  -0.103716E-12  -0.321305E-12
   0.505600E+04  -0.144903E-11  -0.984700E-13  -0.264050E-12
   0.505700E+04  -0.796221E-12  -0.700712E-13  -0.766362E-13
   0.505800E+04  -0.652517E-12  -0.639049E-13  -0.325241E-13
   0.505900E+04  -0.126604E-11  -0.918282E-13  -0.200100E-12
   0.506000E+04  -0.179310E-11  -0.115481E-12  -0.346877E-12
   0.506100E+04  -0.147385E-11  -0.996801E-13  -0.263496E-12
   0.506200E+04  -0.693335E-12  -0.615510E-13  -0.559395E-13
   0.506300E+04  -0.448117E-12  -0.469237E-13   0.162307E-14
   0.506400E+04  -0.961145E-12  -0.668217E-13  -0.151592E-12
   0.506500E+04  -0.137554E-11  -0.824912E-13  -0.278948E-12
   0.506600E+04  -0.954295E-12  -0.598050E-13  -0.177143E-12
   0.506700E+04  -0.113614E-12  -0.172509E-13   0.393350E-13
   0.506800E+04   0.150831E-12  -0.673700E-15   0.967132E-13
   0.506900E+04  -0.354797E-12  -0.199643E-13  -0.575055E-13
   0.507000E+04  -0.758461E-12  -0.358182E-13  -0.182378E-12
   0.507100E+04  -0.342386E-12  -0.148580E-13  -0.801841E-13
   0.507200E+04   0.454464E-12   0.237760E-13   0.127639E-12
   0.507300E+04   0.648711E-12   0.352058E-13   0.169976E-12
   0.507400E+04   0.843983E-13   0.114596E-13   0.431484E-14
   0.507500E+04  -0.349510E-12  -0.742213E-14  -0.123881E-12
   0.507600E+04   0.410476E-13   0.107736E-13  -0.235018E-13
   0.507700E+04   0.787972E-12   0.456044E-13   0.175782E-12
   0.507800E+04   0.915532E-12   0.526604E-13   0.204670E-12
   0.507900E+04   0.303217E-12   0.256730E-13   0.302366E-13
   0.508000E+04  -0.144669E-12   0.536637E-14  -0.978225E-13
   0.508100E+04   0.240506E-12   0.227219E-13   0.470108E-14
   0.508200E+04   0.959497E-12   0.558243E-13   0.199632E-12
   0.508300E+04   0.104180E-11   0.604731E-13   0.219154E-12
   0.508400E+04   0.399447E-12   0.318293E-13   0.393915E-13
   0.508500E+04  -0.505604E-13   0.111066E-13  -0.863152E-13
   0.508600E+04   0.334186E-12   0.280215E-13   0.191208E-13
   0.508700E+04   0.102509E-11   0.593313E-13   0.209415E-12
   0.508800E+04   0.106015E-11   0.612997E-13   0.218973E-12
   0.508900E+04   0.386702E-12   0.307724E-13   0.335359E-13
   0.509000E+04  -0.640862E-13   0.964039E-14  -0.897015E-13
   0.509100E+04   0.324726E-12   0.264653E-13   0.193095E-13
   0.509200E+04   0.995732E-12   0.566974E-13   0.206315E-12
   0.509300E+04   0.994961E-12   0.569593E-13   0.207926E-12
   0.509400E+04   0.302709E-12   0.255490E-13   0.190404E-13
   0.509500E+04  -0.138962E-12   0.477988E-14  -0.100016E-12
   0.509600E+04   0.259639E-12   0.219421E-13   0.133850E-13
   0.509700E+04   0.913301E-12   0.512691E-13   0.197314E-12
   0.509800E+04   0.878357E-12   0.499266E-13   0.191179E-12
   0.509900E+04   0.168923E-12   0.177561E-13  -0.756444E-15
   0.510000E+04  -0.263450E-12  -0.258499E-14  -0.115392E-12
   0.510100E+04   0.141726E-12   0.147658E-13   0.201525E-14
   0.510200E+04   0.770683E-12   0.427137E-13   0.181737E-12
   0.510300E+04   0.690027E-12   0.389002E-13   0.166038E-12
   0.510400E+04  -0.534604E-13   0.458210E-14  -0.317075E-13
   0.510500E+04  -0.501238E-12  -0.174545E-13  -0.146269E-12
   0.510600E+04  -0.123296E-12  -0.290747E-14  -0.311978E-13
   0.510700E+04   0.441170E-12   0.200162E-13   0.136546E-12
   0.510800E+04   0.277216E-12   0.101208E-13   0.103720E-12
   0.510900E+04  -0.525174E-12  -0.289339E-13  -0.105115E-12
   0.511000E+04  -0.991663E-12  -0.533423E-13  -0.220933E-12
   0.511100E+04  -0.618825E-12  -0.399609E-13  -0.104862E-12
   0.511200E+04  -0.734797E-13  -0.183628E-13   0.584911E-13
   0.511300E+04  -0.259450E-12  -0.293418E-13   0.189855E-13
   0.511400E+04  -0.105298E-11  -0.677243E-13  -0.189500E-12
   0.511500E+04  -0.147144E-11  -0.893080E-13  -0.295643E-12
   0.511600E+04  -0.104085E-11  -0.722881E-13  -0.168644E-12
   0.511700E+04  -0.454635E-12  -0.474766E-13  -0.355679E-15
   0.511800E+04  -0.604238E-12  -0.551412E-13  -0.373609E-13
   0.511900E+04  -0.133362E-11  -0.886932E-13  -0.236675E-12
   0.512000E+04  -0.165568E-11  -0.103820E-12  -0.325483E-12
   0.512100E+04  -0.112903E-11  -0.803170E-13  -0.181717E-12
   0.512200E+04  -0.474061E-12  -0.503008E-13  -0.448105E-14
   0.512300E+04  -0.567865E-12  -0.533825E-13  -0.363338E-13
   0.512400E+04  -0.121983E-11  -0.813342E-13  -0.224730E-12
   0.512500E+04  -0.143639E-11  -0.894792E-13  -0.295035E-12
   0.512600E+04  -0.806302E-12  -0.589441E-13  -0.133458E-12
   0.512700E+04  -0.741891E-13  -0.229286E-13   0.542486E-13
   0.512800E+04  -0.102112E-12  -0.203699E-13   0.297794E-13
   0.512900E+04  -0.668117E-12  -0.417004E-13  -0.145412E-12
   0.513000E+04  -0.778237E-12  -0.423992E-13  -0.196165E-12
   0.513100E+04  -0.564125E-13  -0.536004E-14  -0.179781E-13
   0.513200E+04   0.727712E-12   0.350464E-13   0.176710E-12
   0.513300E+04   0.729910E-12   0.408014E-13   0.154550E-12
   0.513400E+04   0.206061E-12   0.230899E-13  -0.135424E-13
   0.513500E+04   0.149840E-12   0.262749E-13  -0.520934E-13
   0.513600E+04   0.898533E-12   0.653600E-13   0.133309E-12
   0.513700E+04   0.165395E-11   0.104390E-12   0.322826E-12
   0.513800E+04   0.158909E-11   0.106113E-12   0.287925E-12
   0.513900E+04   0.996711E-12   0.835705E-13   0.109452E-12
   0.514000E+04   0.875182E-12   0.814402E-13   0.639691E-13
   0.514100E+04   0.152786E-11   0.113030E-12   0.236562E-12
   0.514200E+04   0.213171E-11   0.141023E-12   0.400602E-12
   0.514300E+04   0.188084E-11   0.129157E-12   0.333039E-12
   0.514400E+04   0.111158E-11   0.929229E-13   0.125827E-12
   0.514500E+04   0.837884E-12   0.783667E-13   0.586212E-13
   0.514600E+04   0.134129E-11   0.982542E-13   0.209508E-12
   0.514700E+04   0.178061E-11   0.114469E-12   0.346414E-12
   0.514800E+04   0.136698E-11   0.912832E-13   0.250977E-12
   0.514900E+04   0.467268E-12   0.453768E-13   0.235842E-13
   0.515000E+04   0.973768E-13   0.229264E-13  -0.558236E-13
   0.515100E+04   0.511523E-12   0.356886E-13   0.827889E-13
   0.515200E+04   0.854519E-12   0.451654E-13   0.202940E-12
   0.515300E+04   0.361881E-12   0.168873E-13   0.926593E-13
   0.515400E+04  -0.566699E-12  -0.309657E-13  -0.138645E-12
   0.515500E+04  -0.918888E-12  -0.524955E-13  -0.211811E-12
   0.515600E+04  -0.477545E-12  -0.378200E-13  -0.667336E-13
   0.515700E+04  -0.120369E-12  -0.266399E-13   0.541516E-13
   0.515800E+04  -0.591976E-12  -0.526111E-13  -0.554947E-13
   0.515900E+04  -0.146066E-11  -0.960778E-13  -0.277356E-12
   0.516000E+04  -0.171580E-11  -0.111147E-12  -0.332689E-12
   0.516100E+04  -0.117355E-11  -0.893901E-13  -0.170500E-12
   0.516200E+04  -0.729804E-12  -0.713151E-13  -0.381775E-13
   0.516300E+04  -0.110732E-11  -0.895932E-13  -0.135901E-12
   0.516400E+04  -0.184487E-11  -0.123298E-12  -0.336949E-12
   0.516500E+04  -0.193989E-11  -0.127075E-12  -0.364328E-12
   0.516600E+04  -0.124829E-11  -0.945447E-13  -0.177451E-12
   0.516700E+04  -0.687254E-12  -0.673346E-13  -0.291392E-13
   0.516800E+04  -0.956297E-12  -0.770119E-13  -0.112996E-12
   0.516900E+04  -0.156114E-11  -0.100978E-12  -0.293131E-12
   0.517000E+04  -0.150482E-11  -0.940972E-13  -0.293838E-12
   0.517100E+04  -0.683892E-12  -0.520977E-13  -0.851179E-13
   0.517200E+04  -0.407744E-13  -0.181737E-13   0.740295E-13
   0.517300E+04  -0.256260E-12  -0.232938E-13  -0.432745E-14
   0.517400E+04  -0.804580E-12  -0.433545E-13  -0.175565E-12
   0.517500E+04  -0.691235E-12  -0.331318E-13  -0.164836E-12
   0.517600E+04   0.152666E-12   0.100705E-13   0.483410E-13
   0.517700E+04   0.764790E-12   0.418688E-13   0.199759E-12
   0.517800E+04   0.485858E-12   0.320280E-13   0.107597E-12
   0.517900E+04  -0.123672E-12   0.640633E-14  -0.743623E-13
   0.518000E+04  -0.633666E-13   0.111222E-13  -0.706555E-13
   0.518100E+04   0.715175E-12   0.486188E-13   0.132418E-12
   0.518200E+04   0.124257E-11   0.744864E-13   0.268067E-12
   0.518300E+04   0.883507E-12   0.594026E-13   0.161103E-12
   0.518400E+04   0.222184E-12   0.299421E-13  -0.278019E-13
   0.518500E+04   0.247381E-12   0.314818E-13  -0.262047E-13
   0.518600E+04   0.973807E-12   0.649654E-13   0.170176E-12
   0.518700E+04   0.142226E-11   0.856737E-13   0.291566E-12
   0.518800E+04   0.986391E-12   0.656870E-13   0.170584E-12
   0.518900E+04   0.279803E-12   0.329229E-13  -0.240026E-13
   0.519000E+04   0.281439E-12   0.322856E-13  -0.224141E-13
   0.519100E+04   0.970574E-12   0.630735E-13   0.169885E-12
   0.519200E+04   0.135540E-11   0.799339E-13   0.279655E-12
   0.519300E+04   0.856236E-12   0.560814E-13   0.146901E-12
   0.519400E+04   0.114790E-12   0.206740E-13  -0.518423E-13
   0.519500E+04   0.100574E-12   0.182411E-13  -0.494625E-13
   0.519600E+04   0.760427E-12   0.467354E-13   0.139444E-12
   0.519700E+04   0.109474E-11   0.605852E-13   0.239242E-12
   0.519800E+04   0.554179E-12   0.344585E-13   0.981196E-13
   0.519900E+04  -0.191898E-12  -0.125800E-14  -0.997585E-13
   0.520000E+04  -0.188195E-12  -0.281811E-14  -0.910104E-13
   0.520100E+04   0.473410E-12   0.257827E-13   0.993685E-13
   0.520200E+04   0.781640E-12   0.383359E-13   0.192672E-12
   0.520300E+04   0.218461E-12   0.110435E-13   0.455766E-13
   0.520400E+04  -0.513679E-12  -0.238901E-13  -0.149021E-12
   0.520500E+04  -0.467088E-12  -0.227711E-13  -0.130140E-12
   0.520600E+04   0.230630E-12   0.877948E-14   0.675026E-13
   0.520700E+04   0.552268E-12   0.234782E-13   0.161419E-12
   0.520800E+04   0.366134E-15  -0.198695E-14   0.147022E-13
   0.520900E+04  -0.700991E-12  -0.346505E-13  -0.173358E-12
   0.521000E+04  -0.617137E-12  -0.313405E-13  -0.145368E-12
   0.521100E+04   0.912158E-13   0.927979E-15   0.547246E-13
   0.521200E+04   0.387349E-12   0.143217E-13   0.141957E-12
   0.521300E+04  -0.200958E-12  -0.136194E-13  -0.132815E-13
   0.521400E+04  -0.925599E-12  -0.489613E-13  -0.205010E-12
   0.521500E+04  -0.859883E-12  -0.485688E-13  -0.178608E-12
   0.521600E+04  -0.186006E-12  -0.197797E-13   0.150009E-13
   0.521700E+04   0.645913E-13  -0.963655E-14   0.913961E-13
   0.521800E+04  -0.546304E-12  -0.389459E-13  -0.699459E-13
   0.521900E+04  -0.125054E-11  -0.731522E-13  -0.257223E-12
   0.522000E+04  -0.114390E-11  -0.704998E-13  -0.221598E-12
   0.522100E+04  -0.445976E-12  -0.401755E-13  -0.241413E-13
   0.522200E+04  -0.191861E-12  -0.293228E-13   0.496119E-13
   0.522300E+04  -0.786001E-12  -0.570971E-13  -0.111673E-12
   0.522400E+04  -0.143564E-11  -0.877812E-13  -0.289387E-12
   0.522500E+04  -0.125460E-11  -0.804620E-13  -0.239546E-12
   0.522600E+04  -0.498153E-12  -0.459851E-13  -0.329337E-13
   0.522700E+04  -0.206413E-12  -0.317690E-13   0.436458E-13
   0.522800E+04  -0.753394E-12  -0.556678E-13  -0.112586E-12
   0.522900E+04  -0.132509E-11  -0.810878E-13  -0.276966E-12
   0.523000E+04  -0.105440E-11  -0.680049E-13  -0.210647E-12
   0.523100E+04  -0.229896E-12  -0.286970E-13   0.637714E-14
   0.523200E+04   0.107591E-12  -0.104919E-13   0.870190E-13
   0.523300E+04  -0.382497E-12  -0.296610E-13  -0.622630E-13
   0.523400E+04  -0.865308E-12  -0.487163E-13  -0.210870E-12
   0.523500E+04  -0.496327E-12  -0.287993E-13  -0.125864E-12
   0.523600E+04   0.397866E-12   0.159182E-13   0.102635E-12
   0.523700E+04   0.771427E-12   0.377343E-13   0.186496E-12
   0.523800E+04   0.314509E-12   0.216815E-13   0.409184E-13
   0.523900E+04  -0.117356E-12   0.618697E-14  -0.976344E-13
   0.524000E+04   0.300893E-12   0.293115E-13  -0.154510E-14
   0.524100E+04   0.120971E-11   0.754715E-13   0.230000E-12
   0.524200E+04   0.156163E-11   0.968546E-13   0.308597E-12
   0.524300E+04   0.107621E-11   0.796315E-13   0.157916E-12
   0.524400E+04   0.624552E-12   0.626896E-13   0.191142E-13
   0.524500E+04   0.100781E-11   0.828671E-13   0.113414E-12
   0.524600E+04   0.183349E-11   0.123100E-12   0.332477E-12
   0.524700E+04   0.205660E-11   0.135742E-12   0.388419E-12
   0.524800E+04   0.143100E-11   0.108486E-12   0.214258E-12
   0.524900E+04   0.847391E-12   0.810380E-13   0.564181E-13
   0.525000E+04   0.108815E-11   0.894721E-13   0.130507E-12
   0.525100E+04   0.173684E-11   0.116013E-12   0.320708E-12
   0.525200E+04   0.176294E-11   0.114213E-12   0.342034E-12
   0.525300E+04   0.964631E-12   0.742019E-13   0.138835E-12
   0.525400E+04   0.255413E-12   0.368451E-13  -0.366652E-13
   0.525500E+04   0.394495E-12   0.370688E-13   0.245503E-13
   0.525600E+04   0.932791E-12   0.555280E-13   0.197460E-12
   0.525700E+04   0.845510E-12   0.460854E-13   0.198332E-12
   0.525800E+04  -0.313282E-13   0.712456E-15  -0.183441E-13
   0.525900E+04  -0.765335E-12  -0.388152E-13  -0.195240E-12
   0.526000E+04  -0.622469E-12  -0.387703E-13  -0.130204E-12
   0.526100E+04  -0.858138E-13  -0.201314E-13   0.424885E-13
   0.526200E+04  -0.176756E-12  -0.289364E-13   0.401425E-13
   0.526300E+04  -0.102541E-11  -0.717186E-13  -0.173287E-12
   0.526400E+04  -0.168486E-11  -0.106125E-12  -0.336249E-12
   0.526500E+04  -0.144856E-11  -0.997726E-13  -0.253930E-12
   0.526600E+04  -0.832544E-12  -0.751683E-13  -0.695491E-13
   0.526700E+04  -0.851879E-12  -0.780008E-13  -0.640249E-13
   0.526800E+04  -0.160087E-11  -0.113105E-12  -0.263464E-12
   0.526900E+04  -0.211854E-11  -0.137516E-12  -0.402215E-12
   0.527000E+04  -0.172779E-11  -0.120319E-12  -0.293215E-12
   0.527100E+04  -0.979760E-12  -0.857675E-13  -0.889915E-13
   0.527200E+04  -0.885551E-12  -0.794717E-13  -0.690385E-13
   0.527300E+04  -0.150668E-11  -0.104856E-12  -0.250088E-12
   0.527400E+04  -0.187100E-11  -0.118545E-12  -0.363003E-12
   0.527500E+04  -0.133121E-11  -0.910703E-13  -0.228583E-12
   0.527600E+04  -0.470450E-12  -0.481341E-13  -0.793728E-14
   0.527700E+04  -0.291150E-12  -0.348658E-13   0.219261E-13
   0.527800E+04  -0.819794E-12  -0.530673E-13  -0.145877E-12
   0.527900E+04  -0.107515E-11  -0.591201E-13  -0.239275E-12
   0.528000E+04  -0.444547E-12  -0.254531E-13  -0.880201E-13
   0.528100E+04   0.453304E-12   0.203564E-13   0.137404E-12
   0.528200E+04   0.624553E-12   0.335447E-13   0.162448E-12
   0.528300E+04   0.812165E-13   0.142063E-13  -0.932734E-14
   0.528400E+04  -0.180866E-12   0.673305E-14  -0.102009E-12
   0.528500E+04   0.422850E-12   0.373977E-13   0.468007E-13
   0.528600E+04   0.124502E-11   0.773110E-13   0.258539E-12
   0.528700E+04   0.130730E-11   0.826171E-13   0.262463E-12
   0.528800E+04   0.666371E-12   0.558502E-13   0.737272E-13
   0.528900E+04   0.337160E-12   0.426393E-13  -0.271429E-13
   0.529000E+04   0.877671E-12   0.681335E-13   0.114627E-12
   0.529100E+04   0.160912E-11   0.101815E-12   0.311852E-12
   0.529200E+04   0.156121E-11   0.999437E-13   0.296147E-12
   0.529300E+04   0.825716E-12   0.665658E-13   0.923266E-13
   0.529400E+04   0.429921E-12   0.479689E-13  -0.158934E-13
   0.529500E+04   0.905154E-12   0.682315E-13   0.118618E-12
   0.529600E+04   0.154664E-11   0.957322E-13   0.301280E-12
   0.529700E+04   0.139779E-11   0.873671E-13   0.267368E-12
   0.529800E+04   0.586471E-12   0.488139E-13   0.516098E-13
   0.529900E+04   0.148684E-12   0.267405E-13  -0.598818E-13
   0.530000E+04   0.584977E-12   0.438015E-13   0.715121E-13
   0.530100E+04   0.116357E-11   0.671397E-13   0.243673E-12
   0.530200E+04   0.943214E-12   0.543842E-13   0.195946E-12
   0.530300E+04   0.889880E-13   0.129598E-13  -0.267947E-13
   0.530400E+04  -0.355304E-12  -0.101058E-13  -0.136292E-12
   0.530500E+04   0.786961E-13   0.632805E-14  -0.274889E-14
   0.530600E+04   0.632643E-12   0.281829E-13   0.164348E-12
   0.530700E+04   0.382947E-12   0.140016E-13   0.108998E-12
   0.530800E+04  -0.466017E-12  -0.268314E-13  -0.113349E-12
   0.530900E+04  -0.862957E-12  -0.468820E-13  -0.212410E-12
   0.531000E+04  -0.374328E-12  -0.267162E-13  -0.677282E-13
   0.531100E+04   0.211582E-12  -0.195614E-14   0.103313E-12
   0.531200E+04  -0.140371E-13  -0.134266E-13   0.489848E-13
   0.531300E+04  -0.809932E-12  -0.499551E-13  -0.165064E-12
   0.531400E+04  -0.111998E-11  -0.638569E-13  -0.247066E-12
   0.531500E+04  -0.549011E-12  -0.376983E-13  -0.866286E-13
   0.531600E+04   0.804519E-13  -0.910210E-14   0.901605E-13
   0.531700E+04  -0.129215E-12  -0.186760E-13   0.351767E-13
   0.531800E+04  -0.900334E-12  -0.535134E-13  -0.175878E-12
   0.531900E+04  -0.116751E-11  -0.652162E-13  -0.249003E-12
   0.532000E+04  -0.565687E-12  -0.375660E-13  -0.823309E-13
   0.532100E+04   0.565473E-13  -0.949878E-14   0.909407E-13
   0.532200E+04  -0.182739E-12  -0.210878E-13   0.271496E-13
   0.532300E+04  -0.968221E-12  -0.576182E-13  -0.187829E-12
   0.532400E+04  -0.122345E-11  -0.697787E-13  -0.257564E-12
   0.532500E+04  -0.608550E-12  -0.420804E-13  -0.877897E-13
   0.532600E+04   0.721092E-14  -0.143012E-13   0.823345E-13
   0.532700E+04  -0.242301E-12  -0.260289E-13   0.137010E-13
   0.532800E+04  -0.101189E-11  -0.614796E-13  -0.199237E-12
   0.532900E+04  -0.122530E-11  -0.714504E-13  -0.259977E-12
   0.533000E+04  -0.574915E-12  -0.418221E-13  -0.832892E-13
   0.533100E+04   0.503248E-13  -0.131387E-13   0.860354E-13
   0.533200E+04  -0.194061E-12  -0.239536E-13   0.147840E-13
   0.533300E+04  -0.928414E-12  -0.569216E-13  -0.193030E-12
   0.533400E+04  -0.107648E-11  -0.628348E-13  -0.240819E-12
   0.533500E+04  -0.365365E-12  -0.291420E-13  -0.528828E-13
   0.533600E+04   0.293916E-12   0.258182E-14   0.119970E-12
   0.533700E+04   0.768925E-13  -0.538547E-14   0.501859E-13
   0.533800E+04  -0.604427E-12  -0.343132E-13  -0.149091E-12
   0.533900E+04  -0.676518E-12  -0.351754E-13  -0.181799E-12
   0.534000E+04   0.970580E-13   0.288727E-14   0.178955E-13
   0.534100E+04   0.783994E-12   0.373095E-13   0.193433E-12
   0.534200E+04   0.582139E-12   0.313836E-13   0.123483E-12
   0.534300E+04  -0.627209E-13   0.538331E-14  -0.694120E-13
   0.534400E+04  -0.807185E-13   0.811884E-14  -0.900167E-13
   0.534500E+04   0.725696E-12   0.485301E-13   0.117094E-12
   0.534600E+04   0.140116E-11   0.828315E-13   0.289308E-12
   0.534700E+04   0.116651E-11   0.753389E-13   0.211718E-12
   0.534800E+04   0.504553E-12   0.482021E-13   0.168841E-13
   0.534900E+04   0.485713E-12   0.504802E-13  -0.294237E-16
   0.535000E+04   0.127091E-11   0.894178E-13   0.206398E-12
   0.535100E+04   0.187967E-11   0.119736E-12   0.367117E-12
   0.535200E+04   0.155018E-11   0.106149E-12   0.272509E-12
   0.535300E+04   0.797693E-12   0.722218E-13   0.641053E-13
   0.535400E+04   0.694783E-12   0.674373E-13   0.371359E-13
   0.535500E+04   0.137416E-11   0.981201E-13   0.228585E-12
   0.535600E+04   0.183992E-11   0.118320E-12   0.364877E-12
   0.535700E+04   0.135211E-11   0.934695E-13   0.242517E-12
   0.535800E+04   0.457259E-12   0.483981E-13   0.116054E-13
   0.535900E+04   0.229953E-12   0.330011E-13  -0.328110E-13
   0.536000E+04   0.781811E-12   0.533499E-13   0.139165E-12
   0.536100E+04   0.111417E-11   0.639791E-13   0.252045E-12
   0.536200E+04   0.517485E-12   0.318294E-13   0.110281E-12
   0.536300E+04  -0.434452E-12  -0.173436E-13  -0.128266E-12
   0.536400E+04  -0.680799E-12  -0.346524E-13  -0.171924E-12
   0.536500E+04  -0.148864E-12  -0.159473E-13  -0.141739E-14
   0.536600E+04   0.149575E-12  -0.720989E-14   0.103959E-12
   0.536700E+04  -0.465076E-12  -0.400122E-13  -0.432769E-13
   0.536800E+04  -0.138676E-11  -0.870876E-13  -0.276378E-12
   0.536900E+04  -0.156368E-11  -0.999692E-13  -0.306042E-12
   0.537000E+04  -0.960458E-12  -0.762043E-13  -0.123170E-12
   0.537100E+04  -0.603480E-12  -0.624470E-13  -0.109877E-13
   0.537200E+04  -0.114617E-11  -0.891636E-13  -0.149559E-12
   0.537300E+04  -0.195532E-11  -0.128020E-12  -0.364285E-12
   0.537400E+04  -0.199286E-11  -0.131339E-12  -0.369225E-12
   0.537500E+04  -0.126283E-11  -0.985373E-13  -0.165846E-12
   0.537600E+04  -0.805073E-12  -0.768606E-13  -0.409249E-13
   0.537700E+04  -0.124383E-11  -0.953956E-13  -0.166382E-12
   0.537800E+04  -0.191628E-11  -0.124451E-12  -0.359278E-12
   0.537900E+04  -0.179756E-11  -0.117024E-12  -0.337013E-12
   0.538000E+04  -0.932702E-12  -0.745485E-13  -0.111945E-12
   0.538100E+04  -0.377615E-12  -0.451818E-13   0.251344E-13
   0.538200E+04  -0.729577E-12  -0.568901E-13  -0.899478E-13
   0.538300E+04  -0.129605E-11  -0.785838E-13  -0.265950E-12
   0.538400E+04  -0.106203E-11  -0.635502E-13  -0.223026E-12
   0.538500E+04  -0.108668E-12  -0.147725E-13   0.165461E-13
   0.538600E+04   0.494412E-12   0.188409E-13   0.158511E-12
   0.538700E+04   0.174063E-12   0.101145E-13   0.458880E-13
   0.538800E+04  -0.353237E-12  -0.900930E-14  -0.123051E-12
   0.538900E+04  -0.851313E-13   0.765387E-14  -0.719309E-13
   0.539000E+04   0.865004E-12   0.559178E-13   0.167772E-12
   0.539100E+04   0.142152E-11   0.867675E-13   0.299902E-12
   0.539200E+04   0.104000E-11   0.741797E-13   0.175557E-12
   0.539300E+04   0.458966E-12   0.507468E-13  -0.518596E-15
   0.539400E+04   0.663923E-12   0.617134E-13   0.435023E-13
   0.539500E+04   0.151050E-11   0.101744E-12   0.267061E-12
   0.539600E+04   0.192675E-11   0.122545E-12   0.374053E-12
   0.539700E+04   0.141017E-11   0.100450E-12   0.226308E-12
   0.539800E+04   0.729379E-12   0.694941E-13   0.365525E-13
   0.539900E+04   0.851316E-12   0.738499E-13   0.715776E-13
   0.540000E+04   0.159156E-11   0.106127E-12   0.279860E-12
   0.540100E+04   0.187181E-11   0.117706E-12   0.363372E-12
   0.540200E+04   0.122573E-11   0.866953E-13   0.193570E-12
   0.540300E+04   0.452233E-12   0.486565E-13  -0.879951E-14
   0.540400E+04   0.504227E-12   0.472352E-13   0.189469E-13
   0.540500E+04   0.116285E-11   0.735641E-13   0.215555E-12
   0.540600E+04   0.134621E-11   0.789332E-13   0.281789E-12
   0.540700E+04   0.621577E-12   0.429565E-13   0.982891E-13
   0.540800E+04  -0.188955E-12   0.209574E-14  -0.107653E-12
   0.540900E+04  -0.153754E-12  -0.117054E-14  -0.790031E-13
   0.541000E+04   0.470980E-12   0.225399E-13   0.112708E-12
   0.541100E+04   0.602893E-12   0.246822E-13   0.167802E-12
   0.541200E+04  -0.150469E-12  -0.129808E-13  -0.224523E-13
   0.541300E+04  -0.937712E-12  -0.524311E-13  -0.222998E-12
   0.541400E+04  -0.846392E-12  -0.520680E-13  -0.182052E-12
   0.541500E+04  -0.173177E-12  -0.245427E-13   0.180279E-13
   0.541600E+04  -0.860866E-14  -0.190096E-13   0.757208E-13
   0.541700E+04  -0.714494E-12  -0.524801E-13  -0.108900E-12
   0.541800E+04  -0.141752E-11  -0.860087E-13  -0.294497E-12
   0.541900E+04  -0.122595E-11  -0.789279E-13  -0.234852E-12
   0.542000E+04  -0.472749E-12  -0.454969E-13  -0.222150E-13
   0.542100E+04  -0.251126E-12  -0.349808E-13   0.413266E-13
   0.542200E+04  -0.890495E-12  -0.629993E-13  -0.134911E-12
   0.542300E+04  -0.149861E-11  -0.899097E-13  -0.303961E-12
   0.542400E+04  -0.120834E-11  -0.763026E-13  -0.226049E-12
   0.542500E+04  -0.389340E-12  -0.381166E-13  -0.341848E-14
   0.542600E+04  -0.134430E-12  -0.245126E-13   0.619548E-13
   0.542700E+04  -0.737972E-12  -0.495119E-13  -0.110850E-12
   0.542800E+04  -0.128986E-11  -0.728613E-13  -0.269599E-12
   0.542900E+04  -0.950862E-12  -0.567237E-13  -0.181809E-12
   0.543000E+04  -0.127962E-12  -0.188474E-13   0.400678E-13
   0.543100E+04   0.922928E-13  -0.784212E-14   0.953318E-13
   0.543200E+04  -0.538198E-12  -0.351080E-13  -0.849569E-13
   0.543300E+04  -0.107991E-11  -0.586431E-13  -0.241092E-12
   0.543400E+04  -0.715234E-12  -0.415433E-13  -0.146737E-12
   0.543500E+04   0.109832E-12  -0.358035E-14   0.750682E-13
   0.543600E+04   0.306485E-12   0.627397E-14   0.123215E-12
   0.543700E+04  -0.337586E-12  -0.218045E-13  -0.613728E-13
   0.543800E+04  -0.859915E-12  -0.446247E-13  -0.212876E-12
   0.543900E+04  -0.463488E-12  -0.260302E-13  -0.110903E-12
   0.544000E+04   0.373199E-12   0.128453E-13   0.112386E-12
   0.544100E+04   0.564939E-12   0.232174E-13   0.156852E-12
   0.544200E+04  -0.653458E-13  -0.319366E-14  -0.267147E-13
   0.544300E+04  -0.539588E-12  -0.226352E-13  -0.167888E-12
   0.544400E+04  -0.906184E-13  -0.522498E-15  -0.541222E-13
   0.544500E+04   0.764991E-12   0.400992E-13   0.172228E-12
   0.544600E+04   0.945489E-12   0.505654E-13   0.212089E-12
   0.544700E+04   0.312274E-12   0.244467E-13   0.268101E-13
   0.544800E+04  -0.137080E-12   0.649521E-14  -0.107852E-12
   0.544900E+04   0.338218E-12   0.301058E-13   0.134255E-13
   0.545000E+04   0.118633E-11   0.705557E-13   0.238673E-12
   0.545100E+04   0.133024E-11   0.793365E-13   0.270186E-12
   0.545200E+04   0.668462E-12   0.517007E-13   0.795709E-13
   0.545300E+04   0.214769E-12   0.331113E-13  -0.528930E-13
   0.545400E+04   0.680955E-12   0.555522E-13   0.702605E-13
   0.545500E+04   0.148050E-11   0.926444E-13   0.287589E-12
   0.545600E+04   0.154480E-11   0.963315E-13   0.303608E-12
   0.545700E+04   0.813942E-12   0.639659E-13   0.101099E-12
   0.545800E+04   0.320529E-12   0.420314E-13  -0.346921E-13
   0.545900E+04   0.747429E-12   0.611402E-13   0.857593E-13
   0.546000E+04   0.147159E-11   0.930279E-13   0.291162E-12
   0.546100E+04   0.143024E-11   0.897510E-13   0.287767E-12
   0.546200E+04   0.602979E-12   0.505307E-13   0.690806E-13
   0.546300E+04   0.410924E-13   0.228916E-13  -0.748495E-13
   0.546400E+04   0.401009E-12   0.363228E-13   0.379170E-13
   0.546500E+04   0.102734E-11   0.610040E-13   0.227040E-12
   0.546600E+04   0.867278E-12   0.493981E-13   0.201346E-12
   0.546700E+04  -0.567814E-13   0.288504E-14  -0.342982E-13
   0.546800E+04  -0.671436E-12  -0.295816E-13  -0.184442E-12
   0.546900E+04  -0.342800E-12  -0.191999E-13  -0.739681E-13
   0.547000E+04   0.243551E-12   0.284434E-14   0.108251E-12
   0.547100E+04   0.414670E-13  -0.109530E-13   0.730660E-13
   0.547200E+04  -0.893309E-12  -0.579608E-13  -0.165182E-12
   0.547300E+04  -0.147610E-11  -0.887568E-13  -0.307867E-12
   0.547400E+04  -0.110082E-11  -0.756474E-13  -0.187725E-12
   0.547500E+04  -0.480393E-12  -0.508824E-13  -0.140072E-14
   0.547600E+04  -0.647878E-12  -0.613068E-13  -0.344848E-13
   0.547700E+04  -0.151147E-11  -0.102719E-12  -0.262477E-12
   0.547800E+04  -0.197950E-11  -0.125532E-12  -0.384429E-12
   0.547900E+04  -0.148194E-11  -0.103881E-12  -0.242580E-12
   0.548000E+04  -0.765782E-12  -0.717400E-13  -0.425981E-13
   0.548100E+04  -0.853390E-12  -0.755676E-13  -0.668605E-13
   0.548200E+04  -0.161592E-11  -0.109481E-12  -0.280475E-12
   0.548300E+04  -0.195241E-11  -0.123428E-12  -0.379763E-12
   0.548400E+04  -0.132597E-11  -0.930433E-13  -0.215913E-12
   0.548500E+04  -0.514301E-12  -0.537374E-13  -0.287684E-14
   0.548600E+04  -0.526260E-12  -0.513842E-13  -0.191822E-13
   0.548700E+04  -0.119533E-11  -0.783765E-13  -0.219460E-12
   0.548800E+04  -0.141327E-11  -0.843553E-13  -0.297857E-12
   0.548900E+04  -0.679574E-12  -0.467533E-13  -0.115272E-12
   0.549000E+04   0.195324E-12  -0.266910E-14   0.105682E-12
   0.549100E+04   0.216858E-12   0.262336E-14   0.905754E-13
   0.549200E+04  -0.406993E-12  -0.211644E-13  -0.103961E-12
   0.549300E+04  -0.555296E-12  -0.227659E-13  -0.168868E-12
   0.549400E+04   0.240335E-12   0.190450E-13   0.260781E-13
   0.549500E+04   0.113659E-11   0.654279E-13   0.249640E-12
   0.549600E+04   0.114735E-11   0.710750E-13   0.230377E-12
   0.549700E+04   0.513107E-12   0.469302E-13   0.343335E-13
   0.549800E+04   0.360963E-12   0.445794E-13  -0.276856E-13
   0.549900E+04   0.112695E-11   0.838843E-13   0.165501E-12
   0.550000E+04   0.193986E-11   0.124649E-12   0.374995E-12
   0.550100E+04   0.182804E-11   0.121981E-12   0.333498E-12
   0.550200E+04   0.106936E-11   0.884575E-13   0.117276E-12
   0.550300E+04   0.803105E-12   0.765564E-13   0.398439E-13
   0.550400E+04   0.144303E-11   0.105717E-12   0.215203E-12
   0.550500E+04   0.210216E-11   0.135460E-12   0.399203E-12
   0.550600E+04   0.183031E-11   0.121894E-12   0.330117E-12
   0.550700E+04   0.939428E-12   0.788863E-13   0.936840E-13
   0.550800E+04   0.569814E-12   0.587740E-13   0.372988E-14
   0.550900E+04   0.110252E-11   0.795912E-13   0.164911E-12
   0.551000E+04   0.163170E-11   0.100249E-12   0.327311E-12
   0.551100E+04   0.123207E-11   0.781629E-13   0.235630E-12
   0.551200E+04   0.253267E-12   0.289007E-13  -0.141148E-13
   0.551300E+04  -0.164182E-12   0.469644E-14  -0.107930E-12
   0.551400E+04   0.323992E-12   0.218556E-13   0.487206E-13
   0.551500E+04   0.789881E-12   0.383512E-13   0.199645E-12
   0.551600E+04   0.332912E-12   0.128531E-13   0.960582E-13
   0.551700E+04  -0.658143E-12  -0.371939E-13  -0.155422E-12
   0.551800E+04  -0.104215E-11  -0.595252E-13  -0.240595E-12
   0.551900E+04  -0.513426E-12  -0.396728E-13  -0.753587E-13
   0.552000E+04  -0.251420E-13  -0.209124E-13   0.773505E-13
   0.552100E+04  -0.456353E-12  -0.436390E-13  -0.252003E-13
   0.552200E+04  -0.138166E-11  -0.887222E-13  -0.266255E-12
   0.552300E+04  -0.166120E-11  -0.103964E-12  -0.331845E-12
   0.552400E+04  -0.102976E-11  -0.768828E-13  -0.148696E-12
   0.552500E+04  -0.468086E-12  -0.522666E-13   0.131439E-13
   0.552600E+04  -0.835592E-12  -0.697925E-13  -0.832659E-13
   0.552700E+04  -0.166939E-11  -0.108514E-12  -0.310824E-12
   0.552800E+04  -0.182557E-11  -0.115689E-12  -0.354751E-12
   0.552900E+04  -0.107168E-11  -0.800263E-13  -0.151008E-12
   0.553000E+04  -0.411855E-12  -0.474523E-13   0.242214E-13
   0.553100E+04  -0.690430E-12  -0.574073E-13  -0.610302E-13
   0.553200E+04  -0.141920E-11  -0.882777E-13  -0.271796E-12
   0.553300E+04  -0.146219E-11  -0.878688E-13  -0.295007E-12
   0.553400E+04  -0.623634E-12  -0.464505E-13  -0.767056E-13
   0.553500E+04   0.738800E-13  -0.106952E-13   0.101806E-12
   0.553600E+04  -0.191263E-12  -0.191605E-13   0.150737E-13
   0.553700E+04  -0.900705E-12  -0.491386E-13  -0.193264E-12
   0.553800E+04  -0.923568E-12  -0.487196E-13  -0.211537E-12
   0.553900E+04  -0.947141E-13  -0.920937E-14   0.516865E-14
   0.554000E+04   0.556373E-12   0.229714E-13   0.172722E-12
   0.554100E+04   0.243236E-12   0.112487E-13   0.746666E-13
   0.554200E+04  -0.479933E-12  -0.200350E-13  -0.135646E-12
   0.554300E+04  -0.491533E-12  -0.196148E-13  -0.148940E-12
   0.554400E+04   0.332864E-12   0.191945E-13   0.685675E-13
   0.554500E+04   0.947600E-12   0.492753E-13   0.228133E-12
   0.554600E+04   0.596667E-12   0.355613E-13   0.121477E-12
   0.554700E+04  -0.130818E-12   0.401928E-14  -0.884525E-13
   0.554800E+04  -0.122287E-12   0.541830E-14  -0.946930E-13
   0.554900E+04   0.705639E-12   0.444682E-13   0.125433E-12
   0.555000E+04   0.128977E-11   0.732032E-13   0.278467E-12
   0.555100E+04   0.902300E-12   0.578178E-13   0.163961E-12
   0.555200E+04   0.164671E-12   0.256858E-13  -0.461044E-13
   0.555300E+04   0.178822E-12   0.269847E-13  -0.475155E-13
   0.555400E+04   0.987846E-12   0.645217E-13   0.171416E-12
   0.555500E+04   0.151424E-11   0.897213E-13   0.313225E-12
   0.555600E+04   0.106261E-11   0.703857E-13   0.186192E-12
   0.555700E+04   0.290164E-12   0.356434E-13  -0.280562E-13
   0.555800E+04   0.289909E-12   0.352872E-13  -0.278607E-13
   0.555900E+04   0.106429E-11   0.701683E-13   0.187338E-12
   0.556000E+04   0.151914E-11   0.907898E-13   0.315636E-12
   0.556100E+04   0.988324E-12   0.661951E-13   0.173429E-12
   0.556200E+04   0.163741E-12   0.271892E-13  -0.482939E-13
   0.556300E+04   0.133248E-12   0.236180E-13  -0.497425E-13
   0.556400E+04   0.866611E-12   0.551684E-13   0.160150E-12
   0.556500E+04   0.125973E-11   0.720292E-13   0.276534E-12
   0.556600E+04   0.675054E-12   0.444004E-13   0.123900E-12
   0.556700E+04  -0.169487E-12   0.397600E-14  -0.991779E-13
   0.556800E+04  -0.201726E-12  -0.292643E-15  -0.969946E-13
   0.556900E+04   0.510331E-12   0.296311E-13   0.110993E-12
   0.557000E+04   0.854474E-12   0.437415E-13   0.217463E-12
   0.557100E+04   0.225320E-12   0.137034E-13   0.557961E-13
   0.557200E+04  -0.633555E-12  -0.279001E-13  -0.167982E-12
   0.557300E+04  -0.669629E-12  -0.333500E-13  -0.163189E-12
   0.557400E+04   0.967883E-14  -0.645359E-14   0.397854E-13
   0.557500E+04   0.289780E-12   0.304026E-14   0.132320E-12
   0.557600E+04  -0.390547E-12  -0.306468E-13  -0.408877E-13
   0.557700E+04  -0.125022E-11  -0.728670E-13  -0.264041E-12
   0.557800E+04  -0.125105E-11  -0.765571E-13  -0.250500E-12
   0.557900E+04  -0.543269E-12  -0.476965E-13  -0.422727E-13
   0.558000E+04  -0.253521E-12  -0.367727E-13   0.488644E-13
   0.558100E+04  -0.910077E-12  -0.681112E-13  -0.123250E-12
   0.558200E+04  -0.170255E-11  -0.105711E-12  -0.334687E-12
   0.558300E+04  -0.160979E-11  -0.103304E-12  -0.303362E-12
   0.558400E+04  -0.822822E-12  -0.687791E-13  -0.823361E-13
   0.558500E+04  -0.477125E-12  -0.530559E-13   0.143357E-13
   0.558600E+04  -0.106750E-11  -0.789479E-13  -0.150112E-12
   0.558700E+04  -0.175739E-11  -0.109336E-12  -0.344263E-12
   0.558800E+04  -0.154699E-11  -0.990900E-13  -0.291535E-12
   0.558900E+04  -0.670164E-12  -0.582203E-13  -0.564629E-13
   0.559000E+04  -0.269955E-12  -0.380282E-13   0.449612E-13
   0.559100E+04  -0.804310E-12  -0.595341E-13  -0.113923E-12
   0.559200E+04  -0.140688E-11  -0.841193E-13  -0.293576E-12
   0.559300E+04  -0.109618E-11  -0.674568E-13  -0.222434E-12
   0.559400E+04  -0.146990E-12  -0.215183E-13   0.238535E-13
   0.559500E+04   0.290091E-12   0.192357E-14   0.127408E-12
   0.559600E+04  -0.208348E-12  -0.166311E-13  -0.287839E-13
   0.559700E+04  -0.748855E-12  -0.372816E-13  -0.197681E-12
   0.559800E+04  -0.367932E-12  -0.164021E-13  -0.112743E-12
   0.559900E+04   0.623349E-12   0.325331E-13   0.140265E-12
   0.560000E+04   0.107239E-11   0.577805E-13   0.242865E-12
   0.560100E+04   0.591045E-12   0.414324E-13   0.879534E-13
   0.560200E+04   0.930509E-13   0.240850E-13  -0.713280E-13
   0.560300E+04   0.512868E-12   0.476614E-13   0.242274E-13
   0.560400E+04   0.149444E-11   0.963205E-13   0.276975E-12
   0.560500E+04   0.188119E-11   0.118068E-12   0.367488E-12
   0.560600E+04   0.132435E-11   0.969244E-13   0.199378E-12
   0.560700E+04   0.764259E-12   0.747935E-13   0.329846E-13
   0.560800E+04   0.111170E-11   0.924038E-13   0.121035E-12
   0.560900E+04   0.196966E-11   0.131835E-12   0.354657E-12
   0.561000E+04   0.218217E-11   0.141121E-12   0.414301E-12
   0.561100E+04   0.144702E-11   0.106798E-12   0.215610E-12
   0.561200E+04   0.741572E-12   0.730752E-13   0.280328E-13
   0.561300E+04   0.964093E-12   0.805866E-13   0.999094E-13
   0.561400E+04   0.168342E-11   0.109940E-12   0.312471E-12
   0.561500E+04   0.174158E-11   0.108853E-12   0.345563E-12
   0.561600E+04   0.870821E-12   0.651651E-13   0.124414E-12
   0.561700E+04   0.703743E-13   0.239925E-13  -0.755479E-13
   0.561800E+04   0.217164E-12   0.251087E-13  -0.121678E-13
   0.561900E+04   0.848099E-12   0.479053E-13   0.186492E-12
   0.562000E+04   0.812808E-12   0.407050E-13   0.201854E-12
   0.562100E+04  -0.114086E-12  -0.653855E-14  -0.295002E-13
   0.562200E+04  -0.911852E-12  -0.477275E-13  -0.226195E-12
   0.562300E+04  -0.733305E-12  -0.446506E-13  -0.153929E-12
   0.562400E+04  -0.844792E-13  -0.201725E-13   0.478480E-13
   0.562500E+04  -0.116474E-12  -0.261937E-13   0.606394E-13
   0.562600E+04  -0.101576E-11  -0.709670E-13  -0.168211E-12
   0.562700E+04  -0.173933E-11  -0.107252E-12  -0.351248E-12
   0.562800E+04  -0.146636E-11  -0.979957E-13  -0.261367E-12
   0.562900E+04  -0.741840E-12  -0.679403E-13  -0.485322E-13
   0.563000E+04  -0.715127E-12  -0.690286E-13  -0.305326E-13
   0.563100E+04  -0.153390E-11  -0.107744E-12  -0.249252E-12
   0.563200E+04  -0.213454E-11  -0.135799E-12  -0.411562E-12
   0.563300E+04  -0.172329E-11  -0.117304E-12  -0.297759E-12
   0.563400E+04  -0.882715E-12  -0.787509E-13  -0.679539E-13
   0.563500E+04  -0.758468E-12  -0.719672E-13  -0.386564E-13
   0.563600E+04  -0.145977E-11  -0.101667E-12  -0.240921E-12
   0.563700E+04  -0.190631E-11  -0.118790E-12  -0.376727E-12
   0.563800E+04  -0.133777E-11  -0.891443E-13  -0.235065E-12
   0.563900E+04  -0.380818E-12  -0.416093E-13   0.125621E-13
   0.564000E+04  -0.182185E-12  -0.284314E-13   0.500533E-13
   0.564100E+04  -0.814472E-12  -0.527609E-13  -0.143203E-12
   0.564200E+04  -0.117876E-11  -0.645531E-13  -0.264065E-12
   0.564300E+04  -0.542945E-12  -0.308030E-13  -0.109334E-12
   0.564400E+04   0.428696E-12   0.177393E-13   0.139292E-12
   0.564500E+04   0.593526E-12   0.287534E-13   0.167079E-12
   0.564600E+04  -0.802174E-13   0.957298E-15  -0.354675E-13
   0.564700E+04  -0.468452E-12  -0.139979E-13  -0.159004E-12
   0.564800E+04   0.143965E-12   0.167874E-13  -0.604667E-14
   0.564900E+04   0.106761E-11   0.618353E-13   0.234016E-12
   0.565000E+04   0.116948E-11   0.691964E-13   0.248990E-12
   0.565100E+04   0.451424E-12   0.387363E-13   0.390214E-13
   0.565200E+04   0.458778E-13   0.221475E-13  -0.838473E-13
   0.565300E+04   0.635160E-12   0.507512E-13   0.689025E-13
   0.565400E+04   0.149890E-11   0.917794E-13   0.299139E-12
   0.565500E+04   0.151845E-11   0.940888E-13   0.298364E-12
   0.565600E+04   0.737468E-12   0.595242E-13   0.781262E-13
   0.565700E+04   0.301181E-12   0.403457E-13  -0.459550E-13
   0.565800E+04   0.858004E-12   0.662509E-13   0.105420E-12
   0.565900E+04   0.165299E-11   0.102790E-12   0.324687E-12
   0.566000E+04   0.157904E-11   0.992694E-13   0.306532E-12
   0.566100E+04   0.720695E-12   0.593987E-13   0.736840E-13
   0.566200E+04   0.236664E-12   0.361148E-13  -0.546660E-13
   0.566300E+04   0.743415E-12   0.577081E-13   0.918619E-13
   0.566400E+04   0.145454E-11   0.882973E-13   0.296932E-12
   0.566500E+04   0.127810E-11   0.779071E-13   0.259218E-12
   0.566600E+04   0.342660E-12   0.323949E-13   0.132216E-13
   0.566700E+04  -0.177702E-12   0.560835E-14  -0.118037E-12
   0.566800E+04   0.302136E-12   0.245181E-13   0.269356E-13
   0.566900E+04   0.963492E-12   0.516944E-13   0.222933E-12
   0.567000E+04   0.727610E-12   0.376463E-13   0.172359E-12
   0.567100E+04  -0.234761E-12  -0.975732E-14  -0.787942E-13
   0.567200E+04  -0.734164E-12  -0.356446E-13  -0.203677E-12
   0.567300E+04  -0.215481E-12  -0.141418E-13  -0.493518E-13
   0.567400E+04   0.469443E-12   0.156962E-13   0.150094E-12
   0.567500E+04   0.248039E-12   0.417043E-14   0.995802E-13
   0.567600E+04  -0.679091E-12  -0.399850E-13  -0.145821E-12
   0.567700E+04  -0.111841E-11  -0.618657E-13  -0.257744E-12
   0.567800E+04  -0.548324E-12  -0.369858E-13  -0.925520E-13
   0.567900E+04   0.151003E-12  -0.561493E-14   0.107807E-12
   0.568000E+04  -0.792649E-13  -0.170330E-13   0.523099E-13
   0.568100E+04  -0.100364E-11  -0.612014E-13  -0.193995E-12
   0.568200E+04  -0.142083E-11  -0.828187E-13  -0.300705E-12
   0.568300E+04  -0.835294E-12  -0.580772E-13  -0.132125E-12
   0.568400E+04  -0.142817E-12  -0.273139E-13   0.645017E-13
   0.568500E+04  -0.376926E-12  -0.383562E-13   0.459837E-14
   0.568600E+04  -0.126573E-11  -0.797192E-13  -0.236539E-12
   0.568700E+04  -0.161127E-11  -0.967095E-13  -0.328820E-12
   0.568800E+04  -0.960730E-12  -0.677694E-13  -0.147904E-12
   0.568900E+04  -0.237485E-12  -0.344860E-13   0.513649E-13
   0.569000E+04  -0.451843E-12  -0.434566E-13  -0.938183E-14
   0.569100E+04  -0.129037E-11  -0.811894E-13  -0.243463E-12
   0.569200E+04  -0.155227E-11  -0.928846E-13  -0.319849E-12
   0.569300E+04  -0.824613E-12  -0.588902E-13  -0.124943E-12
   0.569400E+04  -0.592820E-13  -0.221667E-13   0.787332E-13
   0.569500E+04  -0.246374E-12  -0.284390E-13   0.184875E-13
   0.569600E+04  -0.103404E-11  -0.625168E-13  -0.208305E-12
   0.569700E+04  -0.122037E-11  -0.696125E-13  -0.270173E-12
   0.569800E+04  -0.431721E-12  -0.319134E-13  -0.642290E-13
   0.569900E+04   0.354213E-12   0.644343E-14   0.139923E-12
   0.570000E+04   0.171370E-12   0.908573E-15   0.761172E-13
   0.570100E+04  -0.585909E-12  -0.312231E-13  -0.146778E-12
   0.570200E+04  -0.710798E-12  -0.347388E-13  -0.196184E-12
   0.570300E+04   0.133533E-12   0.659727E-14   0.205274E-13
   0.570400E+04   0.942472E-12   0.473177E-13   0.226537E-12
   0.570500E+04   0.768137E-12   0.434365E-13   0.161140E-12
   0.570600E+04   0.390359E-13   0.135912E-13  -0.569596E-13
   0.570700E+04  -0.385595E-13   0.129920E-13  -0.952180E-13
   0.570800E+04   0.836244E-12   0.564435E-13   0.128953E-12
   0.570900E+04   0.163685E-11   0.975943E-13   0.332648E-12
   0.571000E+04   0.143598E-11   0.932089E-13   0.261224E-12
   0.571100E+04   0.692313E-12   0.628965E-13   0.423736E-13
   0.571200E+04   0.604271E-12   0.612062E-13   0.697478E-14
   0.571300E+04   0.143312E-11   0.101139E-12   0.226710E-12
   0.571400E+04   0.213357E-11   0.135672E-12   0.413236E-12
   0.571500E+04   0.180610E-11   0.122894E-12   0.319374E-12
   0.571600E+04   0.945312E-12   0.838931E-13   0.827860E-13
   0.571700E+04   0.745294E-12   0.728817E-13   0.331109E-13
   0.571800E+04   0.143283E-11   0.101489E-12   0.231954E-12
   0.571900E+04   0.195385E-11   0.122843E-12   0.387457E-12
   0.572000E+04   0.144845E-11   0.973942E-13   0.262280E-12
   0.572100E+04   0.454543E-12   0.484135E-13   0.544151E-14
   0.572200E+04   0.160488E-12   0.296983E-13  -0.550749E-13
   0.572300E+04   0.750509E-12   0.507359E-13   0.130580E-12
   0.572400E+04   0.115274E-11   0.638770E-13   0.265302E-12
   0.572500E+04   0.541368E-12   0.313767E-13   0.120608E-12
   0.572600E+04  -0.504134E-12  -0.214005E-13  -0.143402E-12
   0.572700E+04  -0.801574E-12  -0.409583E-13  -0.200409E-12
   0.572800E+04  -0.210857E-12  -0.199930E-13  -0.124607E-13
   0.572900E+04   0.174572E-12  -0.727067E-14   0.117603E-12
   0.573000E+04  -0.442492E-12  -0.392583E-13  -0.307520E-13
   0.573100E+04  -0.144676E-11  -0.889815E-13  -0.287462E-12
   0.573200E+04  -0.166613E-11  -0.103538E-12  -0.328736E-12
   0.573300E+04  -0.100571E-11  -0.778839E-13  -0.128730E-12
   0.573400E+04  -0.578919E-12  -0.617983E-13   0.441904E-14
   0.573500E+04  -0.115111E-11  -0.901905E-13  -0.141105E-12
   0.573600E+04  -0.206661E-11  -0.133990E-12  -0.384364E-12
   0.573700E+04  -0.215780E-11  -0.140260E-12  -0.403035E-12
   0.573800E+04  -0.136999E-11  -0.105715E-12  -0.182367E-12
   0.573900E+04  -0.836064E-12  -0.811443E-13  -0.355696E-13
   0.574000E+04  -0.129607E-11  -0.100566E-12  -0.166953E-12
   0.574100E+04  -0.206538E-11  -0.133853E-12  -0.387003E-12
   0.574200E+04  -0.199013E-11  -0.128825E-12  -0.376762E-12
   0.574300E+04  -0.105708E-11  -0.840187E-13  -0.132744E-12
   0.574400E+04  -0.412474E-12  -0.506697E-13   0.281908E-13
   0.574500E+04  -0.764812E-12  -0.613112E-13  -0.893543E-13
   0.574600E+04  -0.140062E-11  -0.847226E-13  -0.287332E-12
   0.574700E+04  -0.118633E-11  -0.700479E-13  -0.251589E-12
   0.574800E+04  -0.157111E-12  -0.183413E-13   0.861340E-14
   0.574900E+04   0.525595E-12   0.184332E-13   0.172402E-12
   0.575000E+04   0.188851E-12   0.951857E-14   0.540729E-13
   0.575100E+04  -0.418750E-12  -0.121799E-13  -0.138694E-12
   0.575200E+04  -0.178462E-12   0.340172E-14  -0.956841E-13
   0.575300E+04   0.830723E-12   0.530615E-13   0.161854E-12
   0.575400E+04   0.143763E-11   0.844896E-13   0.310068E-12
   0.575500E+04   0.101193E-11   0.692767E-13   0.174300E-12
   0.575600E+04   0.344599E-12   0.427133E-13  -0.268085E-13
   0.575700E+04   0.544398E-12   0.545797E-13   0.138396E-13
   0.575800E+04   0.148842E-11   0.995001E-13   0.262944E-12
   0.575900E+04   0.199002E-11   0.124176E-12   0.392569E-12
   0.576000E+04   0.145211E-11   0.101584E-12   0.237238E-12
   0.576100E+04   0.699770E-12   0.686337E-13   0.248025E-13
   0.576200E+04   0.829212E-12   0.746594E-13   0.586558E-13
   0.576300E+04   0.167789E-11   0.112550E-12   0.294371E-12
   0.576400E+04   0.205093E-11   0.128677E-12   0.401549E-12
   0.576500E+04   0.138880E-11   0.977946E-13   0.224867E-12
   0.576600E+04   0.549176E-12   0.583325E-13   0.101718E-14
   0.576700E+04   0.610328E-12   0.587136E-13   0.284814E-13
   0.576800E+04   0.136539E-11   0.896174E-13   0.250718E-12
   0.576900E+04   0.161020E-11   0.968944E-13   0.334715E-12
   0.577000E+04   0.825585E-12   0.572917E-13   0.135888E-12
   0.577100E+04  -0.928895E-13   0.113119E-13  -0.992314E-13
   0.577200E+04  -0.782373E-13   0.717447E-14  -0.758331E-13
   0.577300E+04   0.624372E-12   0.339327E-13   0.138669E-12
   0.577400E+04   0.804004E-12   0.371002E-13   0.209281E-12
   0.577500E+04  -0.213606E-13  -0.491516E-14   0.159746E-14
   0.577600E+04  -0.925989E-12  -0.502137E-13  -0.229598E-12
   0.577700E+04  -0.861950E-12  -0.514256E-13  -0.194752E-12
   0.577800E+04  -0.116528E-12  -0.214418E-13   0.272122E-13
   0.577900E+04   0.925324E-13  -0.150798E-13   0.995869E-13
   0.578000E+04  -0.679804E-12  -0.522301E-13  -0.101644E-12
   0.578100E+04  -0.148145E-11  -0.898310E-13  -0.314104E-12
   0.578200E+04  -0.129099E-11  -0.819555E-13  -0.254969E-12
   0.578300E+04  -0.445774E-12  -0.441879E-13  -0.162034E-13
   0.578400E+04  -0.175595E-12  -0.322445E-13   0.628335E-13
   0.578500E+04  -0.889404E-12  -0.644380E-13  -0.131627E-12
   0.578600E+04  -0.160546E-11  -0.961872E-13  -0.329052E-12
   0.578700E+04  -0.132268E-11  -0.823757E-13  -0.252251E-12
   0.578800E+04  -0.421817E-12  -0.406964E-13  -0.496382E-14
   0.578900E+04  -0.139779E-12  -0.274304E-13   0.717527E-13
   0.579000E+04  -0.846580E-12  -0.591368E-13  -0.125147E-12
   0.579100E+04  -0.152751E-11  -0.893959E-13  -0.316496E-12
   0.579200E+04  -0.119555E-11  -0.732659E-13  -0.229627E-12
   0.579300E+04  -0.267073E-12  -0.298267E-13   0.215088E-13
   0.579400E+04   0.176761E-13  -0.156446E-13   0.949980E-13
   0.579500E+04  -0.677212E-12  -0.460350E-13  -0.102449E-12
   0.579600E+04  -0.131561E-11  -0.738116E-13  -0.285474E-12
   0.579700E+04  -0.934989E-12  -0.551509E-13  -0.188128E-12
   0.579800E+04   0.103956E-13  -0.107415E-13   0.650249E-13
   0.579900E+04   0.282769E-12   0.308378E-14   0.132558E-12
   0.580000E+04  -0.412038E-12  -0.270099E-13  -0.674248E-13
   0.580100E+04  -0.101340E-11  -0.527001E-13  -0.242795E-12
   0.580200E+04  -0.585974E-12  -0.314796E-13  -0.134958E-12
   0.580300E+04   0.372976E-12   0.138304E-13   0.119886E-12
   0.580400E+04   0.624562E-12   0.266978E-13   0.180148E-12
   0.580500E+04  -0.837872E-13  -0.427800E-14  -0.246859E-13
   0.580600E+04  -0.663554E-12  -0.292520E-13  -0.195118E-12
   0.580700E+04  -0.200746E-12  -0.640023E-14  -0.787888E-13
   0.580800E+04   0.770144E-12   0.398757E-13   0.177698E-12
   0.580900E+04   0.101121E-11   0.529896E-13   0.233155E-12
   0.581000E+04   0.307447E-12   0.230767E-13   0.276945E-13
   0.581100E+04  -0.233474E-12   0.726479E-15  -0.133655E-12
   0.581200E+04   0.272376E-12   0.263023E-13  -0.660422E-14
   0.581300E+04   0.124914E-11   0.734086E-13   0.251062E-12
   0.581400E+04   0.146140E-11   0.854963E-13   0.299007E-12
   0.581500E+04   0.736562E-12   0.547101E-13   0.890344E-13
   0.581600E+04   0.206370E-12   0.329458E-13  -0.673390E-13
   0.581700E+04   0.727253E-12   0.594235E-13   0.665715E-13
   0.581800E+04   0.168066E-11   0.105595E-12   0.321564E-12
   0.581900E+04   0.182838E-11   0.114351E-12   0.357160E-12
   0.582000E+04   0.103376E-11   0.791724E-13   0.135503E-12
   0.582100E+04   0.449807E-12   0.530197E-13  -0.261320E-13
   0.582200E+04   0.909520E-12   0.743752E-13   0.101989E-12
   0.582300E+04   0.176033E-11   0.113291E-12   0.340923E-12
   0.582400E+04   0.176814E-11   0.112616E-12   0.351395E-12
   0.582500E+04   0.833562E-12   0.672052E-13   0.106013E-12
   0.582600E+04   0.130421E-12   0.310274E-13  -0.725285E-13
   0.582700E+04   0.473881E-12   0.423655E-13   0.394840E-13
   0.582800E+04   0.119152E-11   0.711757E-13   0.256211E-12
   0.582900E+04   0.106855E-11   0.616496E-13   0.242736E-12
   0.583000E+04   0.472143E-13   0.104275E-13  -0.169639E-13
   0.583100E+04  -0.689413E-12  -0.285480E-13  -0.197176E-12
   0.583200E+04  -0.364769E-12  -0.191141E-13  -0.844077E-13
   0.583300E+04   0.311611E-12   0.694048E-14   0.125274E-12
   0.583400E+04   0.138510E-12  -0.540980E-14   0.100396E-12
   0.583500E+04  -0.896060E-12  -0.572788E-13  -0.162689E-12
   0.583600E+04  -0.159327E-11  -0.939892E-13  -0.333895E-12
   0.583700E+04  -0.121245E-11  -0.811356E-13  -0.209364E-12
   0.583800E+04  -0.502457E-12  -0.524673E-13   0.428554E-14
   0.583900E+04  -0.655202E-12  -0.626941E-13  -0.216988E-13
   0.584000E+04  -0.163954E-11  -0.110937E-12  -0.279093E-12
   0.584100E+04  -0.223963E-11  -0.141588E-12  -0.433264E-12
   0.584200E+04  -0.174604E-11  -0.121486E-12  -0.289093E-12
   0.584300E+04  -0.941953E-12  -0.858737E-13  -0.626317E-13
   0.584400E+04  -0.100854E-11  -0.890461E-13  -0.794483E-13
   0.584500E+04  -0.187526E-11  -0.128467E-12  -0.320133E-12
   0.584600E+04  -0.231617E-11  -0.148172E-12  -0.446949E-12
   0.584700E+04  -0.165930E-11  -0.116780E-12  -0.274801E-12
   0.584800E+04  -0.725543E-12  -0.713811E-13  -0.297731E-13
   0.584900E+04  -0.686425E-12  -0.660098E-13  -0.343211E-13
   0.585000E+04  -0.143169E-11  -0.964209E-13  -0.257730E-12
   0.585100E+04  -0.172316E-11  -0.105990E-12  -0.358773E-12
   0.585200E+04  -0.921981E-12  -0.646366E-13  -0.161528E-12
   0.585300E+04   0.117292E-12  -0.109317E-13   0.988056E-13
   0.585400E+04   0.232490E-12   0.124531E-14   0.102917E-12
   0.585500E+04  -0.432566E-12  -0.227558E-13  -0.108442E-12
   0.585600E+04  -0.634938E-12  -0.263255E-13  -0.192220E-12
   0.585700E+04   0.228866E-12   0.191198E-13   0.177693E-13
   0.585800E+04   0.127566E-11   0.739327E-13   0.278215E-12
   0.585900E+04   0.135952E-11   0.849396E-13   0.274350E-12
   0.586000E+04   0.660106E-12   0.587536E-13   0.572857E-13
   0.586100E+04   0.422739E-12   0.517360E-13  -0.288423E-13
   0.586200E+04   0.121566E-11   0.909454E-13   0.172209E-12
   0.586300E+04   0.213590E-11   0.136396E-12   0.410729E-12
   0.586400E+04   0.206937E-11   0.137004E-12   0.379637E-12
   0.586500E+04   0.124463E-11   0.101866E-12   0.142938E-12
   0.586600E+04   0.911637E-12   0.873400E-13   0.461085E-13
   0.586700E+04   0.159484E-11   0.118132E-12   0.233575E-12
   0.586800E+04   0.235948E-11   0.152675E-12   0.446796E-12
   0.586900E+04   0.211571E-11   0.141152E-12   0.384894E-12
   0.587000E+04   0.114052E-11   0.951163E-13   0.124688E-12
   0.587100E+04   0.692948E-12   0.714493E-13   0.138346E-13
   0.587200E+04   0.125857E-11   0.930394E-13   0.185942E-12
   0.587300E+04   0.187309E-11   0.116921E-12   0.374203E-12
   0.587400E+04   0.146995E-11   0.943961E-13   0.283870E-12
   0.587500E+04   0.372433E-12   0.392650E-13   0.409717E-14
   0.587600E+04  -0.152239E-12   0.891314E-14  -0.115573E-12
   0.587700E+04   0.344433E-12   0.246227E-13   0.479620E-13
   0.587800E+04   0.871915E-12   0.423110E-13   0.220408E-12
   0.587900E+04   0.389260E-12   0.145816E-13   0.113763E-12
   0.588000E+04  -0.734102E-12  -0.424796E-13  -0.170440E-12
   0.588100E+04  -0.122452E-11  -0.710405E-13  -0.281162E-12
   0.588200E+04  -0.673335E-12  -0.516135E-13  -0.106307E-12
   0.588300E+04  -0.102149E-12  -0.298634E-13   0.715603E-13
   0.588400E+04  -0.534852E-12  -0.527095E-13  -0.303043E-13
   0.588500E+04  -0.156659E-11  -0.102728E-12  -0.300029E-12
   0.588600E+04  -0.192492E-11  -0.122230E-12  -0.386571E-12
   0.588700E+04  -0.124087E-11  -0.934101E-13  -0.188711E-12
   0.588800E+04  -0.560615E-12  -0.628845E-13   0.424086E-14
   0.588900E+04  -0.885302E-12  -0.765629E-13  -0.838599E-13
   0.589000E+04  -0.177606E-11  -0.115767E-12  -0.331041E-12
   0.589100E+04  -0.196920E-11  -0.123590E-12  -0.387855E-12
   0.589200E+04  -0.114226E-11  -0.845431E-13  -0.165390E-12
   0.589300E+04  -0.366842E-12  -0.463515E-13   0.401728E-13
   0.589400E+04  -0.617661E-12  -0.536455E-13  -0.399248E-13
   0.589500E+04  -0.141891E-11  -0.862303E-13  -0.273131E-12
   0.589600E+04  -0.151613E-11  -0.880025E-13  -0.311910E-12
   0.589700E+04  -0.633790E-12  -0.458770E-13  -0.799262E-13
   0.589800E+04   0.136175E-12  -0.832368E-14   0.120741E-12
   0.589900E+04  -0.142350E-12  -0.176445E-13   0.311310E-13
   0.590000E+04  -0.942121E-12  -0.507533E-13  -0.202827E-12
   0.590100E+04  -0.100815E-11  -0.513765E-13  -0.233735E-12
   0.590200E+04  -0.111267E-12  -0.879384E-14   0.216292E-14
   0.590300E+04   0.628614E-12   0.269348E-13   0.195333E-12
   0.590400E+04   0.303125E-12   0.146916E-13   0.944304E-13
   0.590500E+04  -0.517073E-12  -0.203123E-13  -0.142936E-12
   0.590600E+04  -0.577981E-12  -0.216974E-13  -0.169908E-12
   0.590700E+04   0.307537E-12   0.193579E-13   0.655966E-13
   0.590800E+04   0.997636E-12   0.517554E-13   0.247972E-12
   0.590900E+04   0.615013E-12   0.358520E-13   0.134305E-12
   0.591000E+04  -0.226802E-12  -0.102316E-14  -0.106227E-12
   0.591100E+04  -0.277030E-12  -0.251425E-14  -0.127843E-12
   0.591200E+04   0.607924E-12   0.381808E-13   0.109547E-12
   0.591300E+04   0.126321E-11   0.687698E-13   0.284166E-12
   0.591400E+04   0.840127E-12   0.508055E-13   0.161153E-12
   0.591500E+04  -0.888939E-14   0.134020E-13  -0.795457E-13
   0.591600E+04  -0.389455E-13   0.127272E-13  -0.938385E-13
   0.591700E+04   0.851126E-12   0.536984E-13   0.146600E-12
   0.591800E+04   0.147695E-11   0.831035E-13   0.314632E-12
   0.591900E+04   0.101982E-11   0.637697E-13   0.183805E-12
   0.592000E+04   0.167912E-12   0.263193E-13  -0.558611E-13
   0.592100E+04   0.155156E-12   0.263191E-13  -0.630927E-13
   0.592200E+04   0.103862E-11   0.666616E-13   0.178332E-12
   0.592300E+04   0.161832E-11   0.935447E-13   0.336842E-12
   0.592400E+04   0.111183E-11   0.716442E-13   0.195790E-12
   0.592500E+04   0.246289E-12   0.334565E-13  -0.440862E-13
   0.592600E+04   0.242439E-12   0.338106E-13  -0.448833E-13
   0.592700E+04   0.110747E-11   0.730145E-13   0.196306E-12
   0.592800E+04   0.162014E-11   0.960348E-13   0.342375E-12
   0.592900E+04   0.103108E-11   0.690098E-13   0.185858E-12
   0.593000E+04   0.106487E-12   0.263233E-13  -0.618935E-13
   0.593100E+04   0.572932E-13   0.224269E-13  -0.658579E-13
   0.593200E+04   0.847167E-12   0.556106E-13   0.164714E-12
   0.593300E+04   0.124166E-11   0.702585E-13   0.288783E-12
   0.593400E+04   0.532503E-12   0.346371E-13   0.109632E-12
   0.593500E+04  -0.468606E-12  -0.143463E-13  -0.149579E-12
   0.593600E+04  -0.556162E-12  -0.221234E-13  -0.155934E-12
   0.593700E+04   0.191242E-12   0.771580E-14   0.694289E-13
   0.593800E+04   0.522302E-12   0.185552E-13   0.180914E-12
   0.593900E+04  -0.239423E-12  -0.201499E-13  -0.924150E-14
   0.594000E+04  -0.124854E-11  -0.700667E-13  -0.268520E-12
   0.594100E+04  -0.131358E-11  -0.772455E-13  -0.267913E-12
   0.594200E+04  -0.556352E-12  -0.472064E-13  -0.405594E-13
   0.594300E+04  -0.239243E-12  -0.370228E-13   0.647834E-13
   0.594400E+04  -0.999410E-12  -0.753241E-13  -0.129007E-12
   0.594500E+04  -0.195340E-11  -0.121841E-12  -0.379137E-12
   0.594600E+04  -0.192363E-11  -0.123127E-12  -0.360524E-12
   0.594700E+04  -0.107809E-11  -0.868885E-13  -0.118844E-12
   0.594800E+04  -0.695124E-12  -0.711820E-13  -0.686005E-14
   0.594900E+04  -0.137912E-11  -0.103366E-12  -0.192245E-12
   0.595000E+04  -0.221486E-11  -0.141768E-12  -0.423208E-12
   0.595100E+04  -0.204153E-11  -0.133616E-12  -0.379202E-12
   0.595200E+04  -0.107073E-11  -0.885343E-13  -0.117871E-12
   0.595300E+04  -0.591283E-12  -0.650801E-13   0.528575E-14
   0.595400E+04  -0.117134E-11  -0.890430E-13  -0.167180E-12
   0.595500E+04  -0.186575E-11  -0.117478E-12  -0.374926E-12
   0.595600E+04  -0.153575E-11  -0.987322E-13  -0.303122E-12
   0.595700E+04  -0.440502E-12  -0.447340E-13  -0.221770E-13
   0.595800E+04   0.121315E-12  -0.145496E-13   0.109924E-12
   0.595900E+04  -0.377782E-12  -0.319863E-13  -0.530351E-13
   0.596000E+04  -0.957631E-12  -0.522536E-13  -0.241134E-12
   0.596100E+04  -0.498983E-12  -0.244782E-13  -0.144802E-12
   0.596200E+04   0.689325E-12   0.369118E-13   0.152409E-12
   0.596300E+04   0.129186E-11   0.715979E-13   0.288735E-12
   0.596400E+04   0.812336E-12   0.567878E-13   0.127301E-12
   0.596500E+04   0.258536E-12   0.384314E-13  -0.540157E-13
   0.596600E+04   0.729184E-12   0.665612E-13   0.487198E-13
   0.596700E+04   0.187163E-11   0.124749E-12   0.339893E-12
   0.596800E+04   0.236244E-11   0.152114E-12   0.455673E-12
   0.596900E+04   0.174418E-11   0.127482E-12   0.269913E-12
   0.597000E+04   0.105904E-11   0.985679E-13   0.695172E-13
   0.597100E+04   0.139462E-11   0.115450E-12   0.154401E-12
   0.597200E+04   0.236744E-11   0.160867E-12   0.419372E-12
   0.597300E+04   0.265731E-11   0.174321E-12   0.500781E-12
   0.597400E+04   0.184746E-11   0.136343E-12   0.283505E-12
   0.597500E+04   0.100477E-11   0.954833E-13   0.613336E-13
   0.597600E+04   0.119130E-11   0.100501E-12   0.127059E-12
   0.597700E+04   0.198360E-11   0.132390E-12   0.364060E-12
   0.597800E+04   0.206603E-11   0.131104E-12   0.409278E-12
   0.597900E+04   0.107121E-11   0.797207E-13   0.160494E-12
   0.598000E+04   0.998211E-13   0.285982E-13  -0.797884E-13
   0.598100E+04   0.192682E-12   0.256992E-13  -0.250363E-13
   0.598200E+04   0.885202E-12   0.501767E-13   0.196559E-12
   0.598300E+04   0.861374E-12   0.419089E-13   0.221704E-12
   0.598400E+04  -0.203164E-12  -0.140964E-13  -0.401062E-13
   0.598500E+04  -0.117969E-11  -0.661282E-13  -0.278819E-12
   0.598600E+04  -0.105209E-11  -0.672362E-13  -0.214842E-12
   0.598700E+04  -0.327343E-12  -0.401794E-13   0.119903E-13
   0.598800E+04  -0.322965E-12  -0.452601E-13   0.382070E-13
   0.598900E+04  -0.132357E-11  -0.958058E-13  -0.215443E-12
   0.599000E+04  -0.217788E-11  -0.139162E-12  -0.432427E-12
   0.599100E+04  -0.190003E-11  -0.129823E-12  -0.341227E-12
   0.599200E+04  -0.104303E-11  -0.928002E-13  -0.939477E-13
   0.599300E+04  -0.927103E-12  -0.887340E-13  -0.542962E-13
   0.599400E+04  -0.179629E-11  -0.129184E-12  -0.289965E-12
   0.599500E+04  -0.247362E-11  -0.160133E-12  -0.477292E-12
   0.599600E+04  -0.199855E-11  -0.136931E-12  -0.351808E-12
   0.599700E+04  -0.966573E-12  -0.864838E-13  -0.770568E-13
   0.599800E+04  -0.703448E-12  -0.701013E-13  -0.173942E-13
   0.599900E+04  -0.142340E-11  -0.986280E-13  -0.231087E-12
   0.600000E+04  -0.193708E-11  -0.117910E-12  -0.390131E-12
   0.600100E+04  -0.131610E-11  -0.847632E-13  -0.238609E-12
   0.600200E+04  -0.194474E-12  -0.276651E-13   0.492756E-13
   0.600300E+04   0.106870E-12  -0.771857E-14   0.110625E-12
   0.600400E+04  -0.587636E-12  -0.342958E-13  -0.101750E-12
   0.600500E+04  -0.107186E-11  -0.527134E-13  -0.254921E-12
   0.600600E+04  -0.444975E-12  -0.208528E-13  -0.100892E-12
   0.600700E+04   0.631100E-12   0.321407E-13   0.177470E-12
   0.600800E+04   0.855473E-12   0.466844E-13   0.221749E-12
   0.600900E+04   0.102403E-12   0.158766E-13  -0.202048E-14
   0.601000E+04  -0.405723E-12  -0.510886E-14  -0.156309E-12
   0.601100E+04   0.192971E-12   0.236875E-13  -0.353884E-14
   0.601200E+04   0.119487E-11   0.710587E-13   0.261959E-12
   0.601300E+04   0.131212E-11   0.781875E-13   0.284941E-12
   0.601400E+04   0.471651E-12   0.409327E-13   0.453237E-13
   0.601500E+04  -0.789764E-13   0.159393E-13  -0.112952E-12
   0.601600E+04   0.491272E-12   0.419020E-13   0.389504E-13
   0.601700E+04   0.143872E-11   0.857211E-13   0.295717E-12
   0.601800E+04   0.148199E-11   0.886665E-13   0.304132E-12
   0.601900E+04   0.589004E-12   0.482373E-13   0.556914E-13
   0.602000E+04   0.219536E-13   0.216111E-13  -0.101469E-12
   0.602100E+04   0.577101E-12   0.459002E-13   0.518930E-13
   0.602200E+04   0.147431E-11   0.864323E-13   0.300282E-12
   0.602300E+04   0.144580E-11   0.851908E-13   0.294096E-12
   0.602400E+04   0.506087E-12   0.418578E-13   0.375735E-13
   0.602500E+04  -0.661179E-13   0.143971E-13  -0.116673E-12
   0.602600E+04   0.489757E-12   0.382944E-13   0.407228E-13
   0.602700E+04   0.135485E-11   0.770349E-13   0.283664E-12
   0.602800E+04   0.127189E-11   0.729323E-13   0.265628E-12
   0.602900E+04   0.299008E-12   0.275654E-13   0.302038E-14
   0.603000E+04  -0.268695E-12  -0.235481E-15  -0.147163E-12
   0.603100E+04   0.298286E-12   0.239121E-13   0.154935E-13
   0.603200E+04   0.114898E-11   0.622777E-13   0.255752E-12
   0.603300E+04   0.103851E-11   0.576422E-13   0.230726E-12
   0.603400E+04   0.616685E-13   0.128215E-13  -0.323789E-13
   0.603500E+04  -0.482136E-12  -0.135740E-13  -0.174719E-12
   0.603600E+04   0.977068E-13   0.110247E-13  -0.649146E-14
   0.603700E+04   0.920339E-12   0.478342E-13   0.228424E-12
   0.603800E+04   0.761796E-12   0.408390E-13   0.192586E-12
   0.603900E+04  -0.240989E-12  -0.539581E-14  -0.749289E-13
   0.604000E+04  -0.786658E-12  -0.326612E-13  -0.214071E-12
   0.604100E+04  -0.228883E-12  -0.107216E-13  -0.469020E-13
   0.604200E+04   0.522322E-12   0.205590E-13   0.174166E-12
   0.604300E+04   0.274662E-12   0.728624E-14   0.119320E-12
   0.604400E+04  -0.777598E-12  -0.427907E-13  -0.157493E-12
   0.604500E+04  -0.132152E-11  -0.708877E-13  -0.293245E-12
   0.604600E+04  -0.756969E-12  -0.492658E-13  -0.122361E-12
   0.604700E+04  -0.340078E-13  -0.199930E-13   0.920356E-13
   0.604800E+04  -0.325002E-12  -0.360572E-13   0.254755E-13
   0.604900E+04  -0.138325E-11  -0.869765E-13  -0.254187E-12
   0.605000E+04  -0.188019E-11  -0.112879E-12  -0.380142E-12
   0.605100E+04  -0.125337E-11  -0.875960E-13  -0.197381E-12
   0.605200E+04  -0.487743E-12  -0.548793E-13   0.215314E-13
   0.605300E+04  -0.739373E-12  -0.671720E-13  -0.430236E-13
   0.605400E+04  -0.172051E-11  -0.112306E-12  -0.311500E-12
   0.605500E+04  -0.209934E-11  -0.130410E-12  -0.415854E-12
   0.605600E+04  -0.135736E-11  -0.974284E-13  -0.212929E-12
   0.605700E+04  -0.512882E-12  -0.586870E-13   0.156959E-13
   0.605800E+04  -0.700144E-12  -0.656054E-13  -0.434932E-13
   0.605900E+04  -0.158558E-11  -0.103845E-12  -0.298278E-12
   0.606000E+04  -0.183145E-11  -0.113193E-12  -0.378945E-12
   0.606100E+04  -0.961415E-12  -0.715001E-13  -0.153884E-12
   0.606200E+04  -0.258885E-13  -0.256107E-13   0.866218E-13
   0.606300E+04  -0.138347E-12  -0.261036E-13   0.350308E-13
   0.606400E+04  -0.923557E-12  -0.568562E-13  -0.204621E-12
   0.606500E+04  -0.104214E-11  -0.576290E-13  -0.261889E-12
   0.606600E+04  -0.599125E-13  -0.811727E-14  -0.166977E-13
   0.606700E+04   0.945274E-12   0.437509E-13   0.233077E-12
   0.606800E+04   0.884631E-12   0.485899E-13   0.186854E-12
   0.606900E+04   0.172069E-12   0.240648E-13  -0.400687E-13
   0.607000E+04   0.138260E-12   0.295331E-13  -0.786970E-13
   0.607100E+04   0.116397E-11   0.823924E-13   0.177168E-12
   0.607200E+04   0.213915E-11   0.133085E-12   0.421122E-12
   0.607300E+04   0.200355E-11   0.133673E-12   0.360323E-12
   0.607400E+04   0.121802E-11   0.104122E-12   0.122845E-12
   0.607500E+04   0.111205E-11   0.103628E-12   0.774635E-13
   0.607600E+04   0.201814E-11   0.147107E-12   0.317275E-12
   0.607700E+04   0.279932E-11   0.183693E-12   0.528242E-12
   0.607800E+04   0.243214E-11   0.167516E-12   0.426787E-12
   0.607900E+04   0.143616E-11   0.121894E-12   0.155894E-12
   0.608000E+04   0.115163E-11   0.107024E-12   0.862637E-13
   0.608100E+04   0.187021E-11   0.136015E-12   0.299212E-12
   0.608200E+04   0.242730E-11   0.156511E-12   0.472902E-12
   0.608300E+04   0.182835E-11   0.123832E-12   0.331418E-12
   0.608400E+04   0.641912E-12   0.637160E-13   0.306132E-13
   0.608500E+04   0.214527E-12   0.370162E-13  -0.578895E-13
   0.608600E+04   0.800385E-12   0.554410E-13   0.136205E-12
   0.608700E+04   0.121473E-11   0.658703E-13   0.285013E-12
   0.608800E+04   0.495862E-12   0.252099E-13   0.121340E-12
   0.608900E+04  -0.742781E-12  -0.386801E-13  -0.186799E-12
   0.609000E+04  -0.115896E-11  -0.651596E-13  -0.268966E-12
   0.609100E+04  -0.547657E-12  -0.449578E-13  -0.681357E-13
   0.609200E+04  -0.122776E-12  -0.328179E-13   0.802045E-13
   0.609300E+04  -0.818891E-12  -0.707883E-13  -0.833258E-13
   0.609400E+04  -0.198080E-11  -0.129088E-12  -0.379071E-12
   0.609500E+04  -0.227054E-11  -0.147148E-12  -0.437762E-12
   0.609600E+04  -0.152867E-11  -0.117725E-12  -0.214851E-12
   0.609700E+04  -0.993242E-12  -0.967360E-13  -0.522526E-13
   0.609800E+04  -0.156948E-11  -0.125003E-12  -0.200935E-12
   0.609900E+04  -0.256315E-11  -0.171035E-12  -0.470155E-12
   0.610000E+04  -0.264593E-11  -0.174751E-12  -0.492966E-12
   0.610100E+04  -0.170728E-11  -0.131206E-12  -0.237933E-12
   0.610200E+04  -0.100866E-11  -0.974502E-13  -0.530571E-13
   0.610300E+04  -0.142363E-11  -0.112865E-12  -0.180236E-12
   0.610400E+04  -0.221933E-11  -0.144200E-12  -0.417656E-12
   0.610500E+04  -0.208184E-11  -0.132199E-12  -0.401673E-12
   0.610600E+04  -0.956594E-12  -0.748648E-13  -0.115372E-12
   0.610700E+04  -0.134511E-12  -0.310357E-13   0.860282E-13
   0.610800E+04  -0.460270E-12  -0.390053E-13  -0.308313E-13
   0.610900E+04  -0.116110E-11  -0.636476E-13  -0.252946E-12
   0.611000E+04  -0.932428E-12  -0.460215E-13  -0.219201E-12
   0.611100E+04   0.231736E-12   0.135630E-13   0.740933E-13
   0.611200E+04   0.101862E-11   0.550279E-13   0.265912E-12
   0.611300E+04   0.619151E-12   0.416379E-13   0.132609E-12
   0.611400E+04  -0.146801E-12   0.110078E-13  -0.100478E-12
   0.611500E+04   0.258561E-13   0.226962E-13  -0.730893E-13
   0.611600E+04   0.110646E-11   0.751747E-13   0.207486E-12
   0.611700E+04   0.176941E-11   0.107869E-12   0.376229E-12
   0.611800E+04   0.124180E-11   0.855626E-13   0.219317E-12
   0.611900E+04   0.382510E-12   0.475904E-13  -0.273397E-13
   0.612000E+04   0.486390E-12   0.531631E-13  -0.663761E-14
   0.612100E+04   0.147964E-11   0.989380E-13   0.261883E-12
   0.612200E+04   0.202314E-11   0.123756E-12   0.409293E-12
   0.612300E+04   0.138128E-11   0.940356E-13   0.232021E-12
   0.612400E+04   0.450342E-12   0.507810E-13  -0.237011E-13
   0.612500E+04   0.510652E-12   0.525613E-13  -0.481918E-14
   0.612600E+04   0.144125E-11   0.938607E-13   0.256111E-12
   0.612700E+04   0.188773E-11   0.112698E-12   0.386020E-12
   0.612800E+04   0.115134E-11   0.770385E-13   0.191585E-12
   0.612900E+04   0.165545E-12   0.295798E-13  -0.707602E-13
   0.613000E+04   0.196716E-12   0.283841E-13  -0.520007E-13
   0.613100E+04   0.107968E-11   0.660516E-13   0.202894E-12
   0.613200E+04   0.144963E-11   0.801772E-13   0.317822E-12
   0.613300E+04   0.648726E-12   0.406186E-13   0.110596E-12
   0.613400E+04  -0.351681E-12  -0.812096E-14  -0.152076E-12
   0.613500E+04  -0.301767E-12  -0.866408E-14  -0.125869E-12
   0.613600E+04   0.585067E-12   0.293200E-13   0.131031E-12
   0.613700E+04   0.929997E-12   0.425957E-13   0.238916E-12
   0.613800E+04   0.114077E-12   0.271114E-14   0.264777E-13
   0.613900E+04  -0.852851E-12  -0.438626E-13  -0.229143E-12
   0.614000E+04  -0.734211E-12  -0.399802E-13  -0.187629E-12
   0.614100E+04   0.211612E-12   0.277951E-14   0.803889E-13
   0.614200E+04   0.589882E-12   0.201300E-13   0.191412E-12
   0.614300E+04  -0.189299E-12  -0.156512E-13  -0.168460E-13
   0.614400E+04  -0.109166E-11  -0.574047E-13  -0.259676E-12
   0.614500E+04  -0.903720E-12  -0.490795E-13  -0.202837E-12
   0.614600E+04   0.712469E-13  -0.417000E-14   0.706045E-13
   0.614700E+04   0.430509E-12   0.126307E-13   0.174992E-12
   0.614800E+04  -0.378059E-12  -0.249402E-13  -0.412671E-13
   0.614900E+04  -0.129006E-11  -0.685188E-13  -0.285011E-12
   0.615000E+04  -0.110947E-11  -0.626172E-13  -0.227232E-12
   0.615100E+04  -0.174066E-12  -0.217210E-13   0.385408E-13
   0.615200E+04   0.119867E-12  -0.966796E-14   0.127419E-12
   0.615300E+04  -0.730792E-12  -0.502519E-13  -0.992491E-13
   0.615400E+04  -0.163050E-11  -0.937761E-13  -0.339783E-12
   0.615500E+04  -0.141008E-11  -0.861595E-13  -0.272437E-12
   0.615600E+04  -0.455153E-12  -0.441728E-13  -0.386794E-14
   0.615700E+04  -0.166094E-12  -0.318509E-13   0.798861E-13
   0.615800E+04  -0.100194E-11  -0.709651E-13  -0.147685E-12
   0.615900E+04  -0.183669E-11  -0.110418E-12  -0.376447E-12
   0.616000E+04  -0.152691E-11  -0.972868E-13  -0.291647E-12
   0.616100E+04  -0.505207E-12  -0.505052E-13  -0.127588E-13
   0.616200E+04  -0.176803E-12  -0.344341E-13   0.730511E-13
   0.616300E+04  -0.959699E-12  -0.691383E-13  -0.149130E-12
   0.616400E+04  -0.170121E-11  -0.102422E-12  -0.361565E-12
   0.616500E+04  -0.128511E-11  -0.826016E-13  -0.256910E-12
   0.616600E+04  -0.188374E-12  -0.305381E-13   0.330992E-13
   0.616700E+04   0.184257E-12  -0.104782E-13   0.121378E-12
   0.616800E+04  -0.539312E-12  -0.403314E-13  -0.943367E-13
   0.616900E+04  -0.117747E-11  -0.665155E-13  -0.288321E-12
   0.617000E+04  -0.641709E-12  -0.385517E-13  -0.160821E-12
   0.617100E+04   0.543739E-12   0.204750E-13   0.143621E-12
   0.617200E+04   0.968917E-12   0.458144E-13   0.237002E-12
   0.617300E+04   0.299936E-12   0.209658E-13   0.282482E-13
   0.617400E+04  -0.258625E-12   0.423934E-15  -0.150150E-12
   0.617500E+04   0.354214E-12   0.335854E-13  -0.600830E-14
   0.617600E+04   0.157308E-11   0.957426E-13   0.304668E-12
   0.617700E+04   0.198864E-11   0.122136E-12   0.394284E-12
   0.617800E+04   0.130396E-11   0.975143E-13   0.182714E-12
   0.617900E+04   0.738328E-12   0.765176E-13   0.737052E-14
   0.618000E+04   0.131762E-11   0.106745E-12   0.151133E-12
   0.618100E+04   0.243609E-11   0.161849E-12   0.446586E-12
   0.618200E+04   0.269392E-11   0.177757E-12   0.508292E-12
   0.618300E+04   0.184088E-11   0.141288E-12   0.268876E-12
   0.618400E+04   0.111605E-11   0.107675E-12   0.713603E-13
   0.618500E+04   0.151286E-11   0.122911E-12   0.189486E-12
   0.618600E+04   0.239226E-11   0.159543E-12   0.445652E-12
   0.618700E+04   0.237863E-11   0.155426E-12   0.459464E-12
   0.618800E+04   0.128584E-11   0.101045E-12   0.179709E-12
   0.618900E+04   0.383775E-12   0.533114E-13  -0.429523E-13
   0.619000E+04   0.632482E-12   0.565671E-13   0.557619E-13
   0.619100E+04   0.134887E-11   0.811792E-13   0.285920E-12
   0.619200E+04   0.116768E-11   0.655331E-13   0.269540E-12
   0.619300E+04  -0.437012E-13   0.279590E-14  -0.304256E-13
   0.619400E+04  -0.989560E-12  -0.487525E-13  -0.256576E-12
   0.619500E+04  -0.744387E-12  -0.463538E-13  -0.154158E-12
   0.619600E+04  -0.369449E-13  -0.218837E-13   0.745615E-13
   0.619700E+04  -0.227554E-12  -0.369183E-13   0.532790E-13
   0.619800E+04  -0.140434E-11  -0.964121E-13  -0.242508E-12
   0.619900E+04  -0.225455E-11  -0.141435E-12  -0.450423E-12
   0.620000E+04  -0.189126E-11  -0.131103E-12  -0.326067E-12
   0.620100E+04  -0.108703E-11  -0.993596E-13  -0.835407E-13
   0.620200E+04  -0.119222E-11  -0.107305E-12  -0.962630E-13
   0.620300E+04  -0.224584E-11  -0.157543E-12  -0.375154E-12
   0.620400E+04  -0.291489E-11  -0.190075E-12  -0.552254E-12
   0.620500E+04  -0.234881E-11  -0.165598E-12  -0.393103E-12
   0.620600E+04  -0.136370E-11  -0.120120E-12  -0.123492E-12
   0.620700E+04  -0.130450E-11  -0.114768E-12  -0.114718E-12
   0.620800E+04  -0.217108E-11  -0.150743E-12  -0.366070E-12
   0.620900E+04  -0.262078E-11  -0.167886E-12  -0.506167E-12
   0.621000E+04  -0.184295E-11  -0.128715E-12  -0.311187E-12
   0.621100E+04  -0.691082E-12  -0.707032E-13  -0.172111E-13
   0.621200E+04  -0.494885E-12  -0.541028E-13   0.876925E-14
   0.621300E+04  -0.121124E-11  -0.783279E-13  -0.220078E-12
   0.621400E+04  -0.149372E-11  -0.835692E-13  -0.330287E-12
   0.621500E+04  -0.581814E-12  -0.351314E-13  -0.110900E-12
   0.621600E+04   0.628366E-12   0.274377E-13   0.190605E-12
   0.621700E+04   0.826080E-12   0.449732E-13   0.212262E-12
   0.621800E+04   0.106170E-12   0.206022E-13  -0.187065E-13
   0.621900E+04  -0.174018E-12   0.144606E-13  -0.125620E-12
   0.622000E+04   0.699663E-12   0.587520E-13   0.900554E-13
   0.622100E+04   0.179274E-11   0.112103E-12   0.370121E-12
   0.622200E+04   0.182343E-11   0.117214E-12   0.359550E-12
   0.622300E+04   0.954354E-12   0.812240E-13   0.102707E-12
   0.622400E+04   0.570102E-12   0.662016E-13  -0.174355E-13
   0.622500E+04   0.134644E-11   0.102649E-12   0.186711E-12
   0.622600E+04   0.230487E-11   0.146747E-12   0.445099E-12
   0.622700E+04   0.217524E-11   0.141291E-12   0.406224E-12
   0.622800E+04   0.116818E-11   0.955275E-13   0.127591E-12
   0.622900E+04   0.683928E-12   0.724445E-13  -0.393552E-14
   0.623000E+04   0.136134E-11   0.101083E-12   0.188621E-12
   0.623100E+04   0.218796E-11   0.136153E-12   0.425598E-12
   0.623200E+04   0.191399E-11   0.121367E-12   0.361007E-12
   0.623300E+04   0.798601E-12   0.681669E-13   0.656690E-13
   0.623400E+04   0.251115E-12   0.399196E-13  -0.710797E-13
   0.623500E+04   0.866306E-12   0.635562E-13   0.115609E-12
   0.623600E+04   0.159518E-11   0.920104E-13   0.336004E-12
   0.623700E+04   0.121054E-11   0.700458E-13   0.250192E-12
   0.623800E+04   0.242790E-13   0.117178E-13  -0.568366E-13
   0.623900E+04  -0.540880E-12  -0.187160E-13  -0.192497E-12
   0.624000E+04   0.697647E-13   0.400827E-14  -0.329421E-14
   0.624100E+04   0.773045E-12   0.312334E-13   0.211563E-12
   0.624200E+04   0.362487E-12   0.852937E-14   0.117994E-12
   0.624300E+04  -0.804146E-12  -0.480640E-13  -0.186194E-12
   0.624400E+04  -0.129869E-11  -0.740543E-13  -0.306831E-12
   0.624500E+04  -0.609899E-12  -0.460805E-13  -0.102414E-12
   0.624600E+04   0.147900E-12  -0.140894E-13   0.119211E-12
   0.624700E+04  -0.206524E-12  -0.312545E-13   0.310126E-13
   0.624800E+04  -0.127061E-11  -0.795545E-13  -0.256433E-12
   0.624900E+04  -0.162014E-11  -0.950074E-13  -0.349222E-12
   0.625000E+04  -0.800560E-12  -0.573550E-13  -0.120485E-12
   0.625100E+04   0.326491E-13  -0.188472E-13   0.111382E-12
   0.625200E+04  -0.279048E-12  -0.317371E-13   0.259563E-13
   0.625300E+04  -0.128448E-11  -0.756687E-13  -0.252733E-12
   0.625400E+04  -0.155691E-11  -0.865143E-13  -0.329976E-12
   0.625500E+04  -0.692239E-12  -0.465515E-13  -0.924788E-13
   0.625600E+04   0.118910E-12  -0.991066E-14   0.131922E-12
   0.625700E+04  -0.251352E-12  -0.273347E-13   0.309008E-13
   0.625800E+04  -0.129117E-11  -0.750408E-13  -0.255841E-12
   0.625900E+04  -0.155584E-11  -0.872394E-13  -0.329912E-12
   0.626000E+04  -0.678280E-12  -0.474453E-13  -0.889915E-13
   0.626100E+04   0.119288E-12  -0.114099E-13   0.130413E-12
   0.626200E+04  -0.271115E-12  -0.294827E-13   0.219923E-13
   0.626300E+04  -0.129737E-11  -0.764060E-13  -0.263042E-12
   0.626400E+04  -0.151518E-11  -0.864048E-13  -0.326431E-12
   0.626500E+04  -0.600671E-12  -0.447614E-13  -0.780423E-13
   0.626600E+04   0.198836E-12  -0.822829E-14   0.138481E-12
   0.626700E+04  -0.194109E-12  -0.257466E-13   0.252245E-13
   0.626800E+04  -0.118178E-11  -0.699960E-13  -0.253944E-12
   0.626900E+04  -0.132274E-11  -0.753379E-13  -0.301450E-12
   0.627000E+04  -0.342232E-12  -0.293583E-13  -0.405721E-13
   0.627100E+04   0.482961E-12   0.969711E-14   0.177123E-12
   0.627200E+04   0.104622E-12  -0.589704E-14   0.619568E-13
   0.627300E+04  -0.833082E-12  -0.466404E-13  -0.209396E-12
   0.627400E+04  -0.889140E-12  -0.466931E-13  -0.239640E-12
   0.627500E+04   0.165872E-12   0.447139E-14   0.353193E-13
   0.627600E+04   0.102893E-11   0.473780E-13   0.256795E-12
   0.627700E+04   0.680088E-12   0.353728E-13   0.143279E-12
   0.627800E+04  -0.196858E-12  -0.482298E-15  -0.117141E-12
   0.627900E+04  -0.170813E-12   0.502833E-14  -0.129483E-12
   0.628000E+04   0.936152E-12   0.599755E-13   0.156455E-12
   0.628100E+04   0.179559E-11   0.103672E-12   0.375155E-12
   0.628200E+04   0.142214E-11   0.910964E-13   0.254689E-12
   0.628300E+04   0.546431E-12   0.556190E-13  -0.399389E-14
   0.628400E+04   0.593813E-12   0.623297E-13  -0.747958E-14
   0.628500E+04   0.169032E-11   0.116818E-12   0.280418E-12
   0.628600E+04   0.247746E-11   0.156637E-12   0.486464E-12
   0.628700E+04   0.199753E-11   0.137618E-12   0.346901E-12
   0.628800E+04   0.102242E-11   0.948735E-13   0.742288E-13
   0.628900E+04   0.971604E-12   0.933724E-13   0.599985E-13
   0.629000E+04   0.192589E-11   0.136800E-12   0.327528E-12
   0.629100E+04   0.250722E-11   0.161784E-12   0.497875E-12
   0.629200E+04   0.179552E-11   0.125797E-12   0.317323E-12
   0.629300E+04   0.612742E-12   0.664753E-13   0.114185E-13
   0.629400E+04   0.383368E-12   0.497145E-13  -0.282571E-13
   0.629500E+04   0.115762E-11   0.786694E-13   0.211571E-12
   0.629600E+04   0.155120E-11   0.902321E-13   0.349016E-12
   0.629700E+04   0.684399E-12   0.437195E-13   0.141041E-12
   0.629800E+04  -0.583572E-12  -0.218826E-13  -0.176363E-12
   0.629900E+04  -0.846238E-12  -0.418450E-13  -0.216266E-12
   0.630000E+04  -0.105302E-12  -0.155165E-13   0.203973E-13
   0.630100E+04   0.238030E-12  -0.674395E-14   0.146976E-12
   0.630200E+04  -0.655417E-12  -0.542897E-13  -0.685211E-13
   0.630300E+04  -0.188440E-11  -0.117205E-12  -0.378517E-12
   0.630400E+04  -0.205708E-11  -0.131429E-12  -0.399987E-12
   0.630500E+04  -0.122737E-11  -0.987667E-13  -0.148005E-12
   0.630600E+04  -0.816414E-12  -0.841344E-13  -0.143941E-13
   0.630700E+04  -0.162688E-11  -0.124789E-12  -0.220769E-12
   0.630800E+04  -0.271836E-11  -0.178027E-12  -0.508569E-12
   0.630900E+04  -0.271354E-11  -0.180333E-12  -0.498713E-12
   0.631000E+04  -0.171523E-11  -0.135622E-12  -0.219701E-12
   0.631100E+04  -0.116112E-11  -0.109596E-12  -0.676548E-13
   0.631200E+04  -0.181763E-11  -0.138049E-12  -0.253710E-12
   0.631300E+04  -0.271014E-11  -0.176927E-12  -0.509328E-12
   0.631400E+04  -0.248248E-11  -0.163797E-12  -0.460794E-12
   0.631500E+04  -0.129082E-11  -0.105097E-12  -0.150910E-12
   0.631600E+04  -0.590392E-12  -0.674825E-13   0.198447E-13
   0.631700E+04  -0.111027E-11  -0.852184E-13  -0.148861E-12
   0.631800E+04  -0.183931E-11  -0.112602E-12  -0.378074E-12
   0.631900E+04  -0.143837E-11  -0.877912E-13  -0.298701E-12
   0.632000E+04  -0.111757E-12  -0.192322E-13   0.332359E-13
   0.632100E+04   0.670386E-12   0.256236E-13   0.213525E-12
   0.632200E+04   0.212290E-12   0.135706E-13   0.518242E-13
   0.632300E+04  -0.447993E-12  -0.896779E-14  -0.164630E-12
   0.632400E+04   0.364627E-14   0.185122E-13  -0.732186E-13
   0.632500E+04   0.131560E-11   0.855683E-13   0.256849E-12
   0.632600E+04   0.201280E-11   0.124762E-12   0.419617E-12
   0.632700E+04   0.144545E-11   0.105038E-12   0.237184E-12
   0.632800E+04   0.687865E-12   0.744038E-13   0.667740E-14
   0.632900E+04   0.103522E-11   0.925926E-13   0.851389E-13
   0.633000E+04   0.219551E-11   0.147737E-12   0.391394E-12
   0.633100E+04   0.269780E-11   0.173140E-12   0.519567E-12
   0.633200E+04   0.194544E-11   0.140501E-12   0.305618E-12
   0.633300E+04   0.104873E-11   0.994030E-13   0.563486E-13
   0.633400E+04   0.127530E-11   0.108034E-12   0.121313E-12
   0.633500E+04   0.228091E-11   0.151927E-12   0.404947E-12
   0.633600E+04   0.259007E-11   0.164203E-12   0.499820E-12
   0.633700E+04   0.165688E-11   0.119067E-12   0.255385E-12
   0.633800E+04   0.630512E-12   0.680672E-13  -0.112846E-13
   0.633900E+04   0.756141E-12   0.684604E-13   0.428976E-13
   0.634000E+04   0.164118E-11   0.103591E-12   0.308879E-12
   0.634100E+04   0.180609E-11   0.106386E-12   0.377957E-12
   0.634200E+04   0.752470E-12   0.532176E-13   0.112509E-12
   0.634300E+04  -0.336315E-12  -0.278900E-14  -0.161153E-12
   0.634400E+04  -0.240419E-12  -0.550180E-14  -0.107092E-12
   0.634500E+04   0.599780E-12   0.262860E-13   0.152314E-12
   0.634600E+04   0.703104E-12   0.254823E-13   0.207768E-12
   0.634700E+04  -0.379455E-12  -0.291901E-13  -0.649197E-13
   0.634800E+04  -0.142966E-11  -0.828580E-13  -0.330061E-12
   0.634900E+04  -0.125260E-11  -0.803578E-13  -0.258813E-12
   0.635000E+04  -0.337081E-12  -0.426580E-13   0.131095E-13
   0.635100E+04  -0.170779E-12  -0.373697E-13   0.750735E-13
   0.635200E+04  -0.116402E-11  -0.844209E-13  -0.185644E-12
   0.635300E+04  -0.207613E-11  -0.128247E-12  -0.426426E-12
   0.635400E+04  -0.174337E-11  -0.115103E-12  -0.326725E-12
   0.635500E+04  -0.699072E-12  -0.677075E-13  -0.346241E-13
   0.635600E+04  -0.428582E-12  -0.533750E-13   0.399281E-13
   0.635700E+04  -0.130019E-11  -0.903652E-13  -0.203546E-12
   0.635800E+04  -0.205802E-11  -0.123050E-12  -0.417059E-12
   0.635900E+04  -0.158171E-11  -0.100233E-12  -0.290984E-12
   0.636000E+04  -0.455364E-12  -0.470455E-13   0.129213E-13
   0.636100E+04  -0.156477E-12  -0.301127E-13   0.865273E-13
   0.636200E+04  -0.998079E-12  -0.648336E-13  -0.155803E-12
   0.636300E+04  -0.169692E-11  -0.943422E-13  -0.358505E-12
   0.636400E+04  -0.116988E-11  -0.694086E-13  -0.221912E-12
   0.636500E+04  -0.497407E-13  -0.174895E-13   0.788258E-13
   0.636600E+04   0.196940E-12  -0.437867E-14   0.138004E-12
   0.636700E+04  -0.681200E-12  -0.420745E-13  -0.113949E-12
   0.636800E+04  -0.136638E-11  -0.717418E-13  -0.312616E-12
   0.636900E+04  -0.809626E-12  -0.457711E-13  -0.167814E-12
   0.637000E+04   0.303594E-12   0.561583E-14   0.131099E-12
   0.637100E+04   0.507683E-12   0.163863E-13   0.178910E-12
   0.637200E+04  -0.397871E-12  -0.231257E-13  -0.800431E-13
   0.637300E+04  -0.106619E-11  -0.525451E-13  -0.273652E-12
   0.637400E+04  -0.479708E-12  -0.255114E-13  -0.120675E-12
   0.637500E+04   0.631159E-12   0.257542E-13   0.177039E-12
   0.637600E+04   0.807742E-12   0.355167E-13   0.216210E-12
   0.637700E+04  -0.100136E-12  -0.359019E-14  -0.449093E-13
   0.637800E+04  -0.722328E-12  -0.301141E-13  -0.227756E-12
   0.637900E+04  -0.788701E-13   0.543626E-15  -0.613417E-13
   0.638000E+04   0.105163E-11   0.538248E-13   0.239417E-12
   0.638100E+04   0.121594E-11   0.640799E-13   0.273039E-12
   0.638200E+04   0.312187E-12   0.260501E-13   0.113544E-13
   0.638300E+04  -0.268236E-12   0.217000E-14  -0.161092E-12
   0.638400E+04   0.418096E-12   0.354552E-13   0.165832E-13
   0.638500E+04   0.154911E-11   0.894298E-13   0.317408E-12
   0.638600E+04   0.168133E-11   0.988427E-13   0.342667E-12
   0.638700E+04   0.760045E-12   0.604030E-13   0.775219E-13
   0.638800E+04   0.191921E-12   0.370156E-13  -0.888498E-13
   0.638900E+04   0.879485E-12   0.697493E-13   0.933457E-13
   0.639000E+04   0.196020E-11   0.120464E-12   0.385761E-12
   0.639100E+04   0.200904E-11   0.125074E-12   0.394359E-12
   0.639200E+04   0.102500E-11   0.828777E-13   0.118984E-12
   0.639300E+04   0.427957E-12   0.571200E-13  -0.471178E-13
   0.639400E+04   0.107025E-11   0.860534E-13   0.132724E-12
   0.639500E+04   0.204016E-11   0.128938E-12   0.406980E-12
   0.639600E+04   0.193009E-11   0.122608E-12   0.386090E-12
   0.639700E+04   0.800545E-12   0.696504E-13   0.860596E-13
   0.639800E+04   0.967237E-13   0.348467E-13  -0.935734E-13
   0.639900E+04   0.631453E-12   0.546579E-13   0.726735E-13
   0.640000E+04   0.144989E-11   0.862093E-13   0.321224E-12
   0.640100E+04   0.116412E-11   0.673234E-13   0.267438E-12
   0.640200E+04  -0.102332E-12   0.397017E-14  -0.562887E-13
   0.640300E+04  -0.876017E-12  -0.371652E-13  -0.243657E-12
   0.640400E+04  -0.380773E-12  -0.210492E-13  -0.798052E-13
   0.640500E+04   0.383653E-12   0.713201E-14   0.159454E-12
   0.640600E+04   0.391332E-13  -0.148147E-13   0.926008E-13
   0.640700E+04  -0.124349E-11  -0.790180E-13  -0.234673E-12
   0.640800E+04  -0.197600E-11  -0.118065E-12  -0.412070E-12
   0.640900E+04  -0.142263E-11  -0.985984E-13  -0.236053E-12
   0.641000E+04  -0.621684E-12  -0.674757E-13   0.684697E-14
   0.641100E+04  -0.932097E-12  -0.860004E-13  -0.595636E-13
   0.641200E+04  -0.213107E-11  -0.143881E-12  -0.375212E-12
   0.641300E+04  -0.271797E-11  -0.173066E-12  -0.526287E-12
   0.641400E+04  -0.200343E-11  -0.142368E-12  -0.321799E-12
   0.641500E+04  -0.107043E-11  -0.100938E-12  -0.600991E-13
   0.641600E+04  -0.126432E-11  -0.109788E-12  -0.113013E-12
   0.641700E+04  -0.231574E-11  -0.156695E-12  -0.407117E-12
   0.641800E+04  -0.271484E-11  -0.173157E-12  -0.525786E-12
   0.641900E+04  -0.181659E-11  -0.129877E-12  -0.290162E-12
   0.642000E+04  -0.741460E-12  -0.776447E-13  -0.884888E-14
   0.642100E+04  -0.814363E-12  -0.766029E-13  -0.477941E-13
   0.642200E+04  -0.171876E-11  -0.112537E-12  -0.320129E-12
   0.642300E+04  -0.194147E-11  -0.117001E-12  -0.407779E-12
   0.642400E+04  -0.888254E-12  -0.631800E-13  -0.145427E-12
   0.642500E+04   0.282201E-12  -0.364051E-14   0.147997E-12
   0.642600E+04   0.271257E-12   0.282892E-14   0.113726E-12
   0.642700E+04  -0.550097E-12  -0.268486E-13  -0.146452E-12
   0.642800E+04  -0.662534E-12  -0.239094E-13  -0.212548E-12
   0.642900E+04   0.473948E-12   0.356806E-13   0.664398E-13
   0.643000E+04   0.165555E-11   0.968283E-13   0.359900E-12
   0.643100E+04   0.160441E-11   0.101454E-12   0.315178E-12
   0.643200E+04   0.745655E-12   0.691333E-13   0.488213E-13
   0.643300E+04   0.610101E-12   0.695074E-13  -0.164119E-13
   0.643400E+04   0.169110E-11   0.124548E-12   0.257520E-12
   0.643500E+04   0.274460E-11   0.176964E-12   0.529235E-12
   0.643600E+04   0.251357E-11   0.169212E-12   0.452121E-12
   0.643700E+04   0.147654E-11   0.123362E-12   0.157085E-12
   0.643800E+04   0.118136E-11   0.110462E-12   0.704512E-13
   0.643900E+04   0.208917E-11   0.151789E-12   0.320027E-12
   0.644000E+04   0.293241E-11   0.189357E-12   0.557041E-12
   0.644100E+04   0.248240E-11   0.166768E-12   0.442470E-12
   0.644200E+04   0.126334E-11   0.107820E-12   0.119915E-12
   0.644300E+04   0.822959E-12   0.833801E-13   0.156168E-13
   0.644400E+04   0.157648E-11   0.112734E-12   0.244304E-12
   0.644500E+04   0.223094E-11   0.136975E-12   0.449589E-12
   0.644600E+04   0.159397E-11   0.101589E-12   0.301858E-12
   0.644700E+04   0.244580E-12   0.330634E-13  -0.406537E-13
   0.644800E+04  -0.266152E-12   0.256207E-14  -0.151107E-12
   0.644900E+04   0.428026E-12   0.271618E-13   0.715777E-13
   0.645000E+04   0.100229E-11   0.463725E-13   0.262256E-12
   0.645100E+04   0.293734E-12   0.685843E-14   0.995153E-13
   0.645200E+04  -0.106881E-11  -0.626260E-13  -0.244746E-12
   0.645300E+04  -0.153237E-11  -0.906259E-13  -0.343423E-12
   0.645400E+04  -0.777443E-12  -0.619660E-13  -0.108547E-12
   0.645500E+04  -0.157673E-12  -0.384235E-13   0.868596E-13
   0.645600E+04  -0.807293E-12  -0.722318E-13  -0.703066E-13
   0.645700E+04  -0.205462E-11  -0.132946E-12  -0.395787E-12
   0.645800E+04  -0.235503E-11  -0.149671E-12  -0.464311E-12
   0.645900E+04  -0.144371E-11  -0.109838E-12  -0.202596E-12
   0.646000E+04  -0.705424E-12  -0.767814E-13   0.815955E-14
   0.646100E+04  -0.124341E-11  -0.101446E-12  -0.136196E-12
   0.646200E+04  -0.233917E-11  -0.151246E-12  -0.438207E-12
   0.646300E+04  -0.245269E-11  -0.155354E-12  -0.473728E-12
   0.646400E+04  -0.137106E-11  -0.103490E-12  -0.183578E-12
   0.646500E+04  -0.509626E-12  -0.605558E-13   0.431121E-13
   0.646600E+04  -0.943559E-12  -0.765723E-13  -0.893695E-13
   0.646700E+04  -0.191273E-11  -0.117299E-12  -0.371510E-12
   0.646800E+04  -0.188525E-11  -0.112244E-12  -0.381176E-12
   0.646900E+04  -0.699016E-12  -0.533167E-13  -0.731540E-13
   0.647000E+04   0.203881E-12  -0.673771E-14   0.156286E-12
   0.647100E+04  -0.221684E-12  -0.215445E-13   0.202423E-13
   0.647200E+04  -0.117457E-11  -0.619525E-13  -0.260078E-12
   0.647300E+04  -0.112886E-11  -0.576047E-13  -0.264455E-12
   0.647400E+04   0.376692E-13  -0.160794E-14   0.403596E-13
   0.647500E+04   0.874457E-12   0.401164E-13   0.254633E-12
   0.647600E+04   0.382278E-12   0.209278E-13   0.103465E-12
   0.647700E+04  -0.593429E-12  -0.215333E-13  -0.179731E-12
   0.647800E+04  -0.543126E-12  -0.180019E-13  -0.178976E-12
   0.647900E+04   0.599866E-12   0.356908E-13   0.123762E-12
   0.648000E+04   0.136605E-11   0.728310E-13   0.323284E-12
   0.648100E+04   0.801271E-12   0.490648E-13   0.156693E-12
   0.648200E+04  -0.198747E-12   0.457263E-14  -0.129106E-12
   0.648300E+04  -0.134115E-12   0.833946E-14  -0.120993E-12
   0.648400E+04   0.100856E-11   0.621017E-13   0.184419E-12
   0.648500E+04   0.173613E-11   0.978604E-13   0.375730E-12
   0.648600E+04   0.112892E-11   0.724895E-13   0.200051E-12
   0.648700E+04   0.121309E-12   0.276410E-13  -0.846178E-13
   0.648800E+04   0.197274E-12   0.315119E-13  -0.693937E-13
   0.648900E+04   0.131968E-11   0.836852E-13   0.235011E-12
   0.649000E+04   0.198102E-11   0.115690E-12   0.412997E-12
   0.649100E+04   0.130525E-11   0.864521E-13   0.223625E-12
   0.649200E+04   0.269610E-12   0.395416E-13  -0.632451E-13
   0.649300E+04   0.341553E-12   0.423763E-13  -0.432694E-13
   0.649400E+04   0.143097E-11   0.921291E-13   0.258182E-12
   0.649500E+04   0.201339E-11   0.119493E-12   0.420852E-12
   0.649600E+04   0.125349E-11   0.850859E-13   0.215196E-12
   0.649700E+04   0.168851E-12   0.341995E-13  -0.776522E-13
   0.649800E+04   0.211486E-12   0.336684E-13  -0.577898E-13
   0.649900E+04   0.124459E-11   0.788761E-13   0.236046E-12
   0.650000E+04   0.173481E-11   0.100387E-12   0.380727E-12
   0.650100E+04   0.891001E-12   0.607981E-13   0.158903E-12
   0.650200E+04  -0.232900E-12   0.678361E-14  -0.137916E-12
   0.650300E+04  -0.207622E-12   0.397426E-14  -0.115886E-12
   0.650400E+04   0.779676E-12   0.456013E-13   0.172128E-12
   0.650500E+04   0.118850E-11   0.621716E-13   0.300585E-12
   0.650600E+04   0.273961E-12   0.183960E-13   0.648086E-13
   0.650700E+04  -0.876513E-12  -0.378982E-13  -0.234002E-12
   0.650800E+04  -0.862647E-12  -0.428251E-13  -0.209495E-12
   0.650900E+04   0.758166E-13  -0.554896E-14   0.708357E-13
   0.651000E+04   0.398593E-12   0.498054E-14   0.180617E-12
   0.651100E+04  -0.578626E-12  -0.430878E-13  -0.692094E-13
   0.651200E+04  -0.172257E-11  -0.995321E-13  -0.365355E-12
   0.651300E+04  -0.165950E-11  -0.101896E-12  -0.328611E-12
   0.651400E+04  -0.690094E-12  -0.625585E-13  -0.427933E-13
   0.651500E+04  -0.367702E-12  -0.512956E-13   0.623382E-13
   0.651600E+04  -0.132621E-11  -0.975251E-13  -0.188585E-12
   0.651700E+04  -0.238848E-11  -0.148707E-12  -0.470565E-12
   0.651800E+04  -0.220190E-11  -0.143132E-12  -0.410402E-12
   0.651900E+04  -0.112144E-11  -0.956831E-13  -0.106710E-12
   0.652000E+04  -0.713114E-12  -0.769399E-13   0.773621E-14
   0.652100E+04  -0.156909E-11  -0.114717E-12  -0.230316E-12
   0.652200E+04  -0.248161E-11  -0.155335E-12  -0.486845E-12
   0.652300E+04  -0.212835E-11  -0.138612E-12  -0.396598E-12
   0.652400E+04  -0.918493E-12  -0.819262E-13  -0.729261E-13
   0.652500E+04  -0.423602E-12  -0.560625E-13   0.499643E-13
   0.652600E+04  -0.118655E-11  -0.865393E-13  -0.177463E-12
   0.652700E+04  -0.196486E-11  -0.118079E-12  -0.411440E-12
   0.652800E+04  -0.146471E-11  -0.917853E-13  -0.294441E-12
   0.652900E+04  -0.147486E-12  -0.273810E-13   0.458165E-13
   0.653000E+04   0.410840E-12   0.413105E-14   0.173987E-12
   0.653100E+04  -0.286218E-12  -0.208225E-13  -0.463431E-13
   0.653200E+04  -0.968256E-12  -0.459718E-13  -0.263164E-12
   0.653300E+04  -0.374853E-12  -0.140954E-13  -0.127786E-12
   0.653400E+04   0.983550E-12   0.530411E-13   0.218410E-12
   0.653500E+04   0.153718E-11   0.851791E-13   0.341284E-12
   0.653600E+04   0.845828E-12   0.616369E-13   0.119665E-12
   0.653700E+04   0.208443E-12   0.398222E-13  -0.861449E-13
   0.653800E+04   0.842170E-12   0.744024E-13   0.615849E-13
   0.653900E+04   0.217384E-11   0.140207E-12   0.405033E-12
   0.654000E+04   0.263070E-11   0.166705E-12   0.509470E-12
   0.654100E+04   0.182770E-11   0.135916E-12   0.268685E-12
   0.654200E+04   0.109741E-11   0.106888E-12   0.520701E-13
   0.654300E+04   0.162150E-11   0.132476E-12   0.187671E-12
   0.654400E+04   0.277269E-11   0.184808E-12   0.502783E-12
   0.654500E+04   0.298508E-11   0.193826E-12   0.563973E-12
   0.654600E+04   0.194048E-11   0.145253E-12   0.282204E-12
   0.654700E+04   0.101772E-11   0.100993E-12   0.382353E-13
   0.654800E+04   0.137296E-11   0.113077E-12   0.152225E-12
   0.654900E+04   0.232769E-11   0.151129E-12   0.437092E-12
   0.655000E+04   0.231623E-11   0.144790E-12   0.459418E-12
   0.655100E+04   0.107448E-11   0.822037E-13   0.144747E-12
   0.655200E+04   0.163250E-13   0.271353E-13  -0.117146E-12
   0.655300E+04   0.269661E-12   0.306457E-13  -0.145666E-13
   0.655400E+04   0.111020E-11   0.604273E-13   0.252349E-12
   0.655500E+04   0.979341E-12   0.464766E-13   0.251897E-12
   0.655600E+04  -0.332180E-12  -0.205146E-13  -0.754314E-13
   0.655700E+04  -0.138203E-11  -0.754058E-13  -0.332140E-12
   0.655800E+04  -0.108011E-11  -0.688876E-13  -0.216890E-12
   0.655900E+04  -0.204401E-12  -0.359306E-13   0.557138E-13
   0.656000E+04  -0.312385E-12  -0.467794E-13   0.547736E-13
   0.656100E+04  -0.156399E-11  -0.108674E-12  -0.265194E-12
   0.656200E+04  -0.249270E-11  -0.155363E-12  -0.499808E-12
   0.656300E+04  -0.204590E-11  -0.139134E-12  -0.358012E-12
   0.656400E+04  -0.104952E-11  -0.970713E-13  -0.675980E-13
   0.656500E+04  -0.105361E-11  -0.991323E-13  -0.572197E-13
   0.656600E+04  -0.216869E-11  -0.150498E-12  -0.358286E-12
   0.656700E+04  -0.291152E-11  -0.184444E-12  -0.561161E-12
   0.656800E+04  -0.227544E-11  -0.155602E-12  -0.386879E-12
   0.656900E+04  -0.113520E-11  -0.103276E-12  -0.764966E-13
   0.657000E+04  -0.102433E-11  -0.963171E-13  -0.543754E-13
   0.657100E+04  -0.199126E-11  -0.136593E-12  -0.335166E-12
   0.657200E+04  -0.252961E-11  -0.156157E-12  -0.502699E-12
   0.657300E+04  -0.168398E-11  -0.112393E-12  -0.291198E-12
   0.657400E+04  -0.392705E-12  -0.482858E-13   0.421166E-13
   0.657500E+04  -0.189161E-12  -0.332627E-13   0.739775E-13
   0.657600E+04  -0.106948E-11  -0.668584E-13  -0.195510E-12
   0.657700E+04  -0.150315E-11  -0.797604E-13  -0.343649E-12
   0.657800E+04  -0.576348E-12  -0.311672E-13  -0.116113E-12
   0.657900E+04   0.721208E-12   0.333076E-13   0.216062E-12
   0.658000E+04   0.865861E-12   0.443769E-13   0.232541E-12
   0.658100E+04  -0.791427E-13   0.539375E-14  -0.506249E-13
   0.658200E+04  -0.550280E-12  -0.121222E-13  -0.202757E-12
   0.658300E+04   0.337817E-12   0.320665E-13   0.214108E-13
   0.658400E+04   0.155692E-11   0.908535E-13   0.339588E-12
   0.658500E+04   0.159719E-11   0.953573E-13   0.335244E-12
   0.658600E+04   0.572487E-12   0.509412E-13   0.385668E-13
   0.658700E+04   0.633329E-13   0.298653E-13  -0.115172E-12
   0.658800E+04   0.913947E-12   0.706607E-13   0.107629E-12
   0.658900E+04   0.205425E-11   0.124403E-12   0.412925E-12
   0.659000E+04   0.199097E-11   0.122862E-12   0.388840E-12
   0.659100E+04   0.890305E-12   0.736384E-13   0.801881E-13
   0.659200E+04   0.347158E-12   0.496259E-13  -0.737038E-13
   0.659300E+04   0.116063E-11   0.873491E-13   0.148269E-12
   0.659400E+04   0.221714E-11   0.135856E-12   0.440063E-12
   0.659500E+04   0.204064E-11   0.127527E-12   0.394686E-12
   0.659600E+04   0.850096E-12   0.722272E-13   0.716398E-13
   0.659700E+04   0.254864E-12   0.435655E-13  -0.858442E-13
   0.659800E+04   0.101127E-11   0.763326E-13   0.131215E-12
   0.659900E+04   0.196835E-11   0.118070E-12   0.406067E-12
   0.660000E+04   0.167397E-11   0.102307E-12   0.338055E-12
   0.660100E+04   0.401854E-12   0.413431E-13   0.170682E-14
   0.660200E+04  -0.228713E-12   0.912060E-14  -0.156963E-12
   0.660300E+04   0.488758E-12   0.380394E-13   0.573367E-13
   0.660400E+04   0.136273E-11   0.737571E-13   0.316571E-12
   0.660500E+04   0.969229E-12   0.512884E-13   0.227437E-12
   0.660600E+04  -0.353182E-12  -0.136093E-13  -0.118382E-12
   0.660700E+04  -0.964570E-12  -0.454679E-13  -0.269926E-12
   0.660800E+04  -0.203357E-12  -0.136915E-13  -0.445402E-13
   0.660900E+04   0.692480E-12   0.249179E-13   0.217474E-12
   0.661000E+04   0.310089E-12   0.517588E-14   0.126955E-12
   0.661100E+04  -0.968978E-12  -0.557585E-13  -0.211597E-12
   0.661200E+04  -0.150062E-11  -0.823424E-13  -0.345642E-12
   0.661300E+04  -0.672150E-12  -0.460831E-13  -0.105954E-12
   0.661400E+04   0.238824E-12  -0.564046E-14   0.156389E-12
   0.661500E+04  -0.159846E-12  -0.255926E-13   0.583601E-13
   0.661600E+04  -0.143703E-11  -0.867968E-13  -0.281551E-12
   0.661700E+04  -0.193870E-11  -0.113066E-12  -0.408370E-12
   0.661800E+04  -0.109031E-11  -0.769982E-13  -0.164339E-12
   0.661900E+04  -0.192755E-12  -0.376488E-13   0.919861E-13
   0.662000E+04  -0.603405E-12  -0.577484E-13  -0.133844E-13
   0.662100E+04  -0.183916E-11  -0.115947E-12  -0.347559E-12
   0.662200E+04  -0.224711E-11  -0.136398E-12  -0.455531E-12
   0.662300E+04  -0.130782E-11  -0.943839E-13  -0.194503E-12
   0.662400E+04  -0.358908E-12  -0.506915E-13   0.669473E-13
   0.662500E+04  -0.728738E-12  -0.667781E-13  -0.370343E-13
   0.662600E+04  -0.188219E-11  -0.118979E-12  -0.358994E-12
   0.662700E+04  -0.216506E-11  -0.131384E-12  -0.443379E-12
   0.662800E+04  -0.111049E-11  -0.816164E-13  -0.161768E-12
   0.662900E+04  -0.915232E-13  -0.321098E-13   0.107670E-12
   0.663000E+04  -0.408973E-12  -0.432720E-13   0.704077E-14
   0.663100E+04  -0.147982E-11  -0.895149E-13  -0.302537E-12
   0.663200E+04  -0.165206E-11  -0.951214E-13  -0.365849E-12
   0.663300E+04  -0.509899E-12  -0.398982E-13  -0.686463E-13
   0.663400E+04   0.545111E-12   0.126510E-13   0.202782E-12
   0.663500E+04   0.247587E-12   0.383436E-14   0.100184E-12
   0.663600E+04  -0.768143E-12  -0.384993E-13  -0.201040E-12
   0.663700E+04  -0.854568E-12  -0.389771E-13  -0.246671E-12
   0.663800E+04   0.348336E-12   0.199725E-13   0.623273E-13
   0.663900E+04   0.140768E-11   0.734124E-13   0.331057E-12
   0.664000E+04   0.109406E-11   0.643468E-13   0.221150E-12
   0.664100E+04   0.963944E-13   0.232586E-13  -0.770333E-13
   0.664200E+04   0.622922E-13   0.257624E-13  -0.109385E-12
   0.664300E+04   0.129955E-11   0.872266E-13   0.208697E-12
   0.664400E+04   0.234245E-11   0.141094E-12   0.473594E-12
   0.664500E+04   0.198808E-11   0.131085E-12   0.355046E-12
   0.664600E+04   0.964938E-12   0.888899E-13   0.552764E-13
   0.664700E+04   0.908701E-12   0.892726E-13   0.256476E-13
   0.664800E+04   0.207396E-11   0.145292E-12   0.336003E-12
   0.664900E+04   0.297219E-11   0.189607E-12   0.576042E-12
   0.665000E+04   0.243972E-11   0.167738E-12   0.426149E-12
   0.665100E+04   0.125218E-11   0.113243E-12   0.101665E-12
   0.665200E+04   0.103615E-11   0.100288E-12   0.513894E-13
   0.665300E+04   0.199884E-11   0.140083E-12   0.331287E-12
   0.665400E+04   0.264308E-11   0.165685E-12   0.527138E-12
   0.665500E+04   0.186309E-11   0.126063E-12   0.333684E-12
   0.665600E+04   0.494364E-12   0.578713E-13  -0.181789E-13
   0.665700E+04   0.153890E-12   0.346917E-13  -0.825295E-13
   0.665800E+04   0.989029E-12   0.646922E-13   0.180141E-12
   0.665900E+04   0.147770E-11   0.796815E-13   0.348545E-12
   0.666000E+04   0.560214E-12   0.309171E-13   0.129610E-12
   0.666100E+04  -0.871616E-12  -0.420735E-13  -0.230826E-12
   0.666200E+04  -0.120790E-11  -0.658329E-13  -0.289096E-12
   0.666300E+04  -0.358173E-12  -0.348049E-13  -0.213015E-13
   0.666400E+04   0.127979E-12  -0.186433E-13   0.144067E-12
   0.666500E+04  -0.773300E-12  -0.647665E-13  -0.756488E-13
   0.666600E+04  -0.212793E-11  -0.132013E-12  -0.422416E-12
   0.666700E+04  -0.234300E-11  -0.147870E-12  -0.456877E-12
   0.666800E+04  -0.138538E-11  -0.109392E-12  -0.170797E-12
   0.666900E+04  -0.824869E-12  -0.870599E-13   0.177024E-14
   0.667000E+04  -0.164140E-11  -0.126233E-12  -0.209637E-12
   0.667100E+04  -0.285492E-11  -0.183700E-12  -0.534086E-12
   0.667200E+04  -0.288960E-11  -0.187800E-12  -0.536683E-12
   0.667300E+04  -0.176973E-11  -0.138207E-12  -0.224909E-12
   0.667400E+04  -0.108392E-11  -0.106189E-12  -0.379771E-13
   0.667500E+04  -0.176739E-11  -0.135030E-12  -0.233896E-12
   0.667600E+04  -0.279582E-11  -0.179556E-12  -0.529192E-12
   0.667700E+04  -0.261303E-11  -0.169063E-12  -0.493991E-12
   0.667800E+04  -0.130126E-11  -0.105824E-12  -0.151470E-12
   0.667900E+04  -0.467127E-12  -0.618437E-13   0.544264E-13
   0.668000E+04  -0.100366E-11  -0.785898E-13  -0.122167E-12
   0.668100E+04  -0.185122E-11  -0.109711E-12  -0.387073E-12
   0.668200E+04  -0.148530E-11  -0.865289E-13  -0.318009E-12
   0.668300E+04  -0.535363E-13  -0.146588E-13   0.445771E-13
   0.668400E+04   0.821316E-12   0.332047E-13   0.252431E-12
   0.668500E+04   0.297223E-12   0.181409E-13   0.735702E-13
   0.668600E+04  -0.521533E-12  -0.114491E-13  -0.185493E-12
   0.668700E+04  -0.135926E-12   0.116709E-13  -0.109186E-12
   0.668800E+04   0.124627E-11   0.789299E-13   0.245576E-12
   0.668900E+04   0.199512E-11   0.117598E-12   0.427927E-12
   0.669000E+04   0.133392E-11   0.925358E-13   0.222561E-12
   0.669100E+04   0.427307E-12   0.557143E-13  -0.487080E-13
   0.669200E+04   0.758494E-12   0.739171E-13   0.247280E-13
   0.669300E+04   0.205693E-11   0.135334E-12   0.368894E-12
   0.669400E+04   0.267019E-11   0.165597E-12   0.527304E-12
   0.669500E+04   0.186570E-11   0.131249E-12   0.297110E-12
   0.669600E+04   0.852895E-12   0.864016E-13   0.122301E-13
   0.669700E+04   0.109753E-11   0.973601E-13   0.779234E-13
   0.669800E+04   0.227738E-11   0.150193E-12   0.405524E-12
   0.669900E+04   0.273113E-11   0.170168E-12   0.535918E-12
   0.670000E+04   0.177571E-11   0.125993E-12   0.279935E-12
   0.670100E+04   0.659786E-12   0.734615E-13  -0.176031E-13
   0.670200E+04   0.822216E-12   0.775654E-13   0.411439E-13
   0.670300E+04   0.188430E-11   0.121756E-12   0.351808E-12
   0.670400E+04   0.217793E-11   0.131015E-12   0.453162E-12
   0.670500E+04   0.107437E-11   0.766160E-13   0.170718E-12
   0.670600E+04  -0.135029E-12   0.164114E-13  -0.139241E-12
   0.670700E+04  -0.359552E-13   0.143863E-13  -0.859748E-13
   0.670800E+04   0.940457E-12   0.517377E-13   0.211252E-12
   0.670900E+04   0.112496E-11   0.535991E-13   0.290363E-12
   0.671000E+04  -0.531271E-13  -0.587270E-14  -0.762495E-14
   0.671100E+04  -0.126061E-11  -0.667546E-13  -0.315188E-12
   0.671200E+04  -0.111148E-11  -0.663004E-13  -0.249483E-12
   0.671300E+04  -0.925290E-13  -0.258181E-13   0.548577E-13
   0.671400E+04   0.123757E-12  -0.202209E-13   0.134844E-12
   0.671500E+04  -0.979996E-12  -0.728481E-13  -0.153627E-12
   0.671600E+04  -0.203974E-11  -0.122573E-12  -0.433859E-12
   0.671700E+04  -0.171393E-11  -0.109256E-12  -0.334076E-12
   0.671800E+04  -0.560326E-12  -0.581425E-13  -0.720616E-14
   0.671900E+04  -0.263202E-12  -0.450823E-13   0.813330E-13
   0.672000E+04  -0.128621E-11  -0.909094E-13  -0.197537E-12
   0.672100E+04  -0.222748E-11  -0.132566E-12  -0.456686E-12
   0.672200E+04  -0.178044E-11  -0.111570E-12  -0.333728E-12
   0.672300E+04  -0.565016E-12  -0.563566E-13   0.175826E-14
   0.672400E+04  -0.269252E-12  -0.431392E-13   0.834763E-13
   0.672500E+04  -0.129370E-11  -0.894791E-13  -0.200888E-12
   0.672600E+04  -0.218584E-11  -0.129152E-12  -0.451461E-12
   0.672700E+04  -0.166003E-11  -0.103938E-12  -0.312623E-12
   0.672800E+04  -0.390260E-12  -0.447318E-13   0.310177E-13
   0.672900E+04  -0.737914E-13  -0.287544E-13   0.111291E-12
   0.673000E+04  -0.106694E-11  -0.721588E-13  -0.171136E-12
   0.673100E+04  -0.188833E-11  -0.107574E-12  -0.408153E-12
   0.673200E+04  -0.128423E-11  -0.779983E-13  -0.253199E-12
   0.673300E+04   0.223878E-13  -0.162765E-13   0.952504E-13
   0.673400E+04   0.338857E-12   0.649966E-15   0.170209E-12
   0.673500E+04  -0.636978E-12  -0.409936E-13  -0.112528E-12
   0.673600E+04  -0.139518E-11  -0.726131E-13  -0.336744E-12
   0.673700E+04  -0.720525E-12  -0.389814E-13  -0.166387E-12
   0.673800E+04   0.609692E-12   0.245353E-13   0.185122E-12
   0.673900E+04   0.906197E-12   0.410299E-13   0.251817E-12
   0.674000E+04  -0.785524E-13  -0.903785E-15  -0.353013E-13
   0.674100E+04  -0.806018E-12  -0.313779E-13  -0.252052E-12
   0.674200E+04  -0.978972E-13   0.328736E-14  -0.726988E-13
   0.674300E+04   0.122031E-11   0.657601E-13   0.275683E-12
   0.674400E+04   0.147188E-11   0.799537E-13   0.330149E-12
   0.674500E+04   0.469981E-12   0.373948E-13   0.381764E-13
   0.674600E+04  -0.220354E-12   0.914786E-14  -0.168640E-12
   0.674700E+04   0.532812E-12   0.465169E-13   0.231131E-13
   0.674800E+04   0.184504E-11   0.109149E-12   0.370637E-12
   0.674900E+04   0.204625E-11   0.121141E-12   0.413033E-12
   0.675000E+04   0.101109E-11   0.770514E-13   0.114542E-12
   0.675100E+04   0.335726E-12   0.497050E-13  -0.849093E-13
   0.675200E+04   0.110921E-11   0.884769E-13   0.116442E-12
   0.675300E+04   0.238614E-11   0.149768E-12   0.459748E-12
   0.675400E+04   0.249497E-11   0.156961E-12   0.484629E-12
   0.675500E+04   0.136205E-11   0.106646E-12   0.170066E-12
   0.675600E+04   0.610527E-12   0.730454E-13  -0.367674E-13
   0.675700E+04   0.129215E-11   0.104151E-12   0.155127E-12
   0.675800E+04   0.241317E-11   0.154198E-12   0.473275E-12
   0.675900E+04   0.231288E-11   0.146838E-12   0.460224E-12
   0.676000E+04   0.977411E-12   0.813379E-13   0.111093E-12
   0.676100E+04   0.637543E-13   0.339666E-13  -0.118659E-12
   0.676200E+04   0.597700E-12   0.524214E-13   0.532330E-13
   0.676300E+04   0.155223E-11   0.901461E-13   0.343708E-12
   0.676400E+04   0.128741E-11   0.718979E-13   0.300356E-12
   0.676500E+04  -0.155478E-12  -0.826564E-15  -0.664706E-13
   0.676600E+04  -0.110435E-11  -0.514071E-13  -0.296899E-12
   0.676700E+04  -0.581806E-12  -0.344786E-13  -0.121909E-12
   0.676800E+04   0.337124E-12   0.122713E-14   0.162147E-12
   0.676900E+04   0.293600E-13  -0.187780E-13   0.107513E-12
   0.677000E+04  -0.140652E-11  -0.904514E-13  -0.259519E-12
   0.677100E+04  -0.228111E-11  -0.136404E-12  -0.474120E-12
   0.677200E+04  -0.166498E-11  -0.113428E-12  -0.280376E-12
   0.677300E+04  -0.682092E-12  -0.725336E-13   0.120435E-13
   0.677400E+04  -0.941022E-12  -0.877672E-13  -0.402697E-13
   0.677500E+04  -0.229019E-11  -0.152959E-12  -0.395945E-12
   0.677600E+04  -0.302696E-11  -0.190257E-12  -0.586175E-12
   0.677700E+04  -0.226923E-11  -0.158487E-12  -0.368114E-12
   0.677800E+04  -0.118199E-11  -0.110222E-12  -0.630515E-13
   0.677900E+04  -0.134750E-11  -0.118007E-12  -0.107479E-12
   0.678000E+04  -0.255273E-11  -0.172708E-12  -0.443191E-12
   0.678100E+04  -0.308217E-11  -0.195930E-12  -0.597577E-12
   0.678200E+04  -0.211019E-11  -0.149332E-12  -0.342752E-12
   0.678300E+04  -0.855917E-12  -0.883574E-13  -0.141366E-13
   0.678400E+04  -0.886456E-12  -0.851868E-13  -0.433502E-13
   0.678500E+04  -0.193187E-11  -0.128115E-12  -0.356175E-12
   0.678600E+04  -0.226022E-11  -0.137702E-12  -0.475497E-12
   0.678700E+04  -0.109357E-11  -0.774901E-13  -0.186593E-12
   0.678800E+04   0.301331E-12  -0.518781E-14   0.162467E-12
   0.678900E+04   0.369939E-12   0.704222E-14   0.144553E-12
   0.679000E+04  -0.572712E-12  -0.276806E-13  -0.152551E-12
   0.679100E+04  -0.790557E-12  -0.300110E-13  -0.249960E-12
   0.679200E+04   0.443880E-12   0.343670E-13   0.531432E-13
   0.679300E+04   0.182557E-11   0.106247E-12   0.397881E-12
   0.679400E+04   0.182656E-11   0.114670E-12   0.364430E-12
   0.679500E+04   0.816988E-12   0.750514E-13   0.559515E-13
   0.679600E+04   0.541574E-12   0.670703E-13  -0.463578E-13
   0.679700E+04   0.168222E-11   0.123315E-12   0.245094E-12
   0.679800E+04   0.290524E-11   0.183859E-12   0.562495E-12
   0.679900E+04   0.272039E-11   0.179870E-12   0.495589E-12
   0.680000E+04   0.155775E-11   0.129486E-12   0.163769E-12
   0.680100E+04   0.116529E-11   0.112258E-12   0.492148E-13
   0.680200E+04   0.216781E-11   0.157944E-12   0.323807E-12
   0.680300E+04   0.319304E-11   0.204841E-12   0.608838E-12
   0.680400E+04   0.278490E-11   0.185804E-12   0.503026E-12
   0.680500E+04   0.143570E-11   0.121963E-12   0.142503E-12
   0.680600E+04   0.902045E-12   0.934042E-13   0.114614E-13
   0.680700E+04   0.175719E-11   0.127670E-12   0.267203E-12
   0.680800E+04   0.259328E-11   0.161516E-12   0.520878E-12
   0.680900E+04   0.198646E-11   0.129204E-12   0.379910E-12
   0.681000E+04   0.484561E-12   0.541972E-13  -0.427556E-14
   0.681100E+04  -0.154415E-12   0.164916E-13  -0.147148E-12
   0.681200E+04   0.589730E-12   0.412914E-13   0.936060E-13
   0.681300E+04   0.128064E-11   0.644158E-13   0.320532E-12
   0.681400E+04   0.539282E-12   0.226820E-13   0.152482E-12
   0.681500E+04  -0.101912E-11  -0.569064E-13  -0.241385E-12
   0.681600E+04  -0.162942E-11  -0.937460E-13  -0.375098E-12
   0.681700E+04  -0.827319E-12  -0.651606E-13  -0.121873E-12
   0.681800E+04  -0.895539E-13  -0.374298E-13   0.110079E-12
   0.681900E+04  -0.769100E-12  -0.729971E-13  -0.524507E-13
   0.682000E+04  -0.220317E-11  -0.143091E-12  -0.426364E-12
   0.682100E+04  -0.263163E-11  -0.167444E-12  -0.526588E-12
   0.682200E+04  -0.164574E-11  -0.125699E-12  -0.241553E-12
   0.682300E+04  -0.753819E-12  -0.853558E-13   0.119059E-13
   0.682400E+04  -0.127699E-11  -0.107560E-12  -0.130006E-12
   0.682500E+04  -0.251026E-11  -0.162221E-12  -0.471296E-12
   0.682600E+04  -0.271226E-11  -0.170616E-12  -0.530692E-12
   0.682700E+04  -0.154043E-11  -0.115724E-12  -0.214086E-12
   0.682800E+04  -0.533529E-12  -0.662677E-13   0.533531E-13
   0.682900E+04  -0.969321E-12  -0.811143E-13  -0.804086E-13
   0.683000E+04  -0.208777E-11  -0.127644E-12  -0.404071E-12
   0.683100E+04  -0.215893E-11  -0.127959E-12  -0.439022E-12
   0.683200E+04  -0.903862E-12  -0.681942E-13  -0.108346E-12
   0.683300E+04   0.111635E-12  -0.181451E-13   0.155067E-12
   0.683400E+04  -0.339180E-12  -0.338163E-13   0.124607E-13
   0.683500E+04  -0.143126E-11  -0.791094E-13  -0.307698E-12
   0.683600E+04  -0.143900E-11  -0.762019E-13  -0.328257E-12
   0.683700E+04  -0.147174E-12  -0.144063E-13   0.103629E-13
   0.683800E+04   0.843591E-12   0.345244E-13   0.266010E-12
   0.683900E+04   0.345914E-12   0.162157E-13   0.110901E-12
   0.684000E+04  -0.758820E-12  -0.305581E-13  -0.211150E-12
   0.684100E+04  -0.749354E-12  -0.279230E-13  -0.224554E-12
   0.684200E+04   0.534457E-12   0.325176E-13   0.114711E-12
   0.684300E+04   0.146722E-11   0.779678E-13   0.357464E-12
   0.684400E+04   0.903715E-12   0.558889E-13   0.187606E-12
   0.684500E+04  -0.225481E-12   0.708201E-14  -0.137216E-12
   0.684600E+04  -0.214200E-12   0.852359E-14  -0.145329E-12
   0.684700E+04   0.103764E-11   0.658448E-13   0.190663E-12
   0.684800E+04   0.188464E-11   0.105568E-12   0.415637E-12
   0.684900E+04   0.123387E-11   0.779025E-13   0.227349E-12
   0.685000E+04   0.733442E-13   0.265387E-13  -0.101077E-12
   0.685100E+04   0.965867E-13   0.279139E-13  -0.101500E-12
   0.685200E+04   0.134081E-11   0.846513E-13   0.236289E-12
   0.685300E+04   0.213421E-11   0.121882E-12   0.450069E-12
   0.685400E+04   0.142709E-11   0.916195E-13   0.249732E-12
   0.685500E+04   0.255328E-12   0.395749E-13  -0.781108E-13
   0.685600E+04   0.294517E-12   0.412645E-13  -0.700184E-13
   0.685700E+04   0.152217E-11   0.966630E-13   0.267742E-12
   0.685800E+04   0.224997E-11   0.130425E-12   0.468101E-12
   0.685900E+04   0.148024E-11   0.971865E-13   0.255065E-12
   0.686000E+04   0.296603E-12   0.447484E-13  -0.713188E-13
   0.686100E+04   0.347064E-12   0.468728E-13  -0.544135E-13
   0.686200E+04   0.153742E-11   0.997037E-13   0.280525E-12
   0.686300E+04   0.215689E-11   0.126699E-12   0.460418E-12
   0.686400E+04   0.126303E-11   0.853189E-13   0.224034E-12
   0.686500E+04  -0.349249E-14   0.263561E-13  -0.113444E-12
   0.686600E+04  -0.121525E-13   0.228327E-13  -0.100425E-12
   0.686700E+04   0.107869E-11   0.677193E-13   0.220198E-12
   0.686800E+04   0.154123E-11   0.836146E-13   0.370390E-12
   0.686900E+04   0.493981E-12   0.312158E-13   0.104781E-12
   0.687000E+04  -0.857632E-12  -0.349185E-13  -0.244905E-12
   0.687100E+04  -0.892752E-12  -0.416430E-13  -0.230668E-12
   0.687200E+04   0.168411E-12   0.109392E-14   0.874904E-13
   0.687300E+04   0.572253E-12   0.141230E-13   0.225028E-12
   0.687400E+04  -0.520772E-12  -0.404890E-13  -0.512483E-13
   0.687500E+04  -0.186051E-11  -0.106258E-12  -0.397147E-12
   0.687600E+04  -0.184504E-11  -0.110660E-12  -0.370177E-12
   0.687700E+04  -0.750520E-12  -0.659297E-13  -0.461157E-13
   0.687800E+04  -0.342825E-12  -0.517287E-13   0.870211E-13
   0.687900E+04  -0.141105E-11  -0.103800E-12  -0.189855E-12
   0.688000E+04  -0.266311E-11  -0.163907E-12  -0.520670E-12
   0.688100E+04  -0.252516E-11  -0.160918E-12  -0.470411E-12
   0.688200E+04  -0.133508E-11  -0.109917E-12  -0.131790E-12
   0.688300E+04  -0.868716E-12  -0.909404E-13   0.430745E-14
   0.688400E+04  -0.185812E-11  -0.136945E-12  -0.265651E-12
   0.688500E+04  -0.296461E-11  -0.187388E-12  -0.572796E-12
   0.688600E+04  -0.264211E-11  -0.172370E-12  -0.489593E-12
   0.688700E+04  -0.129257E-11  -0.110023E-12  -0.126082E-12
   0.688800E+04  -0.705371E-12  -0.811762E-13   0.234796E-13
   0.688900E+04  -0.156068E-11  -0.116541E-12  -0.229826E-12
   0.689000E+04  -0.248039E-11  -0.153882E-12  -0.505869E-12
   0.689100E+04  -0.195263E-11  -0.125043E-12  -0.386009E-12
   0.689200E+04  -0.444944E-12  -0.513355E-13   0.215367E-14
   0.689300E+04   0.244783E-12  -0.139696E-13   0.162223E-12
   0.689400E+04  -0.503762E-12  -0.406488E-13  -0.783232E-13
   0.689500E+04  -0.126779E-11  -0.668256E-13  -0.327054E-12
   0.689600E+04  -0.570880E-12  -0.260887E-13  -0.174569E-12
   0.689700E+04   0.104638E-11   0.563288E-13   0.232480E-12
   0.689800E+04   0.176779E-11   0.977727E-13   0.393699E-12
   0.689900E+04   0.102621E-11   0.728219E-13   0.151609E-12
   0.690000E+04   0.289169E-12   0.483827E-13  -0.892322E-13
   0.690100E+04   0.100395E-11   0.897745E-13   0.723705E-13
   0.690200E+04   0.256464E-11   0.168494E-12   0.472143E-12
   0.690300E+04   0.314080E-11   0.200618E-12   0.606435E-12
   0.690400E+04   0.221937E-11   0.162935E-12   0.332811E-12
   0.690500E+04   0.131752E-11   0.125134E-12   0.685686E-13
   0.690600E+04   0.186824E-11   0.152868E-12   0.209350E-12
   0.690700E+04   0.322168E-11   0.216325E-12   0.577442E-12
   0.690800E+04   0.354826E-11   0.231599E-12   0.669007E-12
   0.690900E+04   0.238678E-11   0.177363E-12   0.356122E-12
   0.691000E+04   0.128652E-11   0.124427E-12   0.650431E-13
   0.691100E+04   0.164756E-11   0.137036E-12   0.181893E-12
   0.691200E+04   0.276997E-11   0.183443E-12   0.514307E-12
   0.691300E+04   0.283245E-11   0.180391E-12   0.559955E-12
   0.691400E+04   0.143649E-11   0.109475E-12   0.207741E-12
   0.691500E+04   0.167687E-12   0.431472E-13  -0.106324E-12
   0.691600E+04   0.390195E-12   0.440562E-13  -0.634314E-14
   0.691700E+04   0.135014E-11   0.781299E-13   0.299950E-12
   0.691800E+04   0.123515E-11   0.627225E-13   0.312043E-12
   0.691900E+04  -0.286033E-12  -0.172152E-13  -0.633175E-13
   0.692000E+04  -0.158700E-11  -0.870378E-13  -0.379508E-12
   0.692100E+04  -0.133844E-11  -0.854361E-13  -0.270632E-12
   0.692200E+04  -0.351486E-12  -0.490799E-13   0.397623E-13
   0.692300E+04  -0.437639E-12  -0.607857E-13   0.517244E-13
   0.692400E+04  -0.187327E-11  -0.133371E-12  -0.312384E-12
   0.692500E+04  -0.300555E-11  -0.191188E-12  -0.598138E-12
   0.692600E+04  -0.255192E-11  -0.175249E-12  -0.451993E-12
   0.692700E+04  -0.138695E-11  -0.125372E-12  -0.114330E-12
   0.692800E+04  -0.132125E-11  -0.124575E-12  -0.842243E-13
   0.692900E+04  -0.257235E-11  -0.183008E-12  -0.422685E-12
   0.693000E+04  -0.345528E-11  -0.223307E-12  -0.666307E-12
   0.693100E+04  -0.272918E-11  -0.188161E-12  -0.472839E-12
   0.693200E+04  -0.133040E-11  -0.120379E-12  -0.990255E-13
   0.693300E+04  -0.107350E-11  -0.103736E-12  -0.438403E-13
   0.693400E+04  -0.212726E-11  -0.146721E-12  -0.353695E-12
   0.693500E+04  -0.278418E-11  -0.171105E-12  -0.558315E-12
   0.693600E+04  -0.184762E-11  -0.121448E-12  -0.327434E-12
   0.693700E+04  -0.311020E-12  -0.431746E-13   0.667832E-13
   0.693800E+04   0.132944E-13  -0.203974E-13   0.126713E-12
   0.693900E+04  -0.992053E-12  -0.598050E-13  -0.179082E-12
   0.694000E+04  -0.159447E-11  -0.820791E-13  -0.373328E-12
   0.694100E+04  -0.631159E-12  -0.326852E-13  -0.136011E-12
   0.694200E+04   0.867968E-12   0.421691E-13   0.249291E-12
   0.694300E+04   0.111459E-11   0.599475E-13   0.290694E-12
   0.694400E+04   0.524848E-13   0.166104E-13  -0.264371E-13
   0.694500E+04  -0.568148E-12  -0.813254E-14  -0.219634E-12
   0.694600E+04   0.364745E-12   0.377258E-13   0.172006E-13
   0.694700E+04   0.177128E-11   0.105803E-12   0.386336E-12
   0.694800E+04   0.188377E-11   0.114697E-12   0.401078E-12
   0.694900E+04   0.711200E-12   0.634224E-13   0.644940E-13
   0.695000E+04   0.268871E-13   0.327525E-13  -0.134691E-12
   0.695100E+04   0.896072E-12   0.726636E-13   0.964891E-13
   0.695200E+04   0.219143E-11   0.132819E-12   0.446804E-12
   0.695300E+04   0.216687E-11   0.132960E-12   0.435140E-12
   0.695400E+04   0.894684E-12   0.749616E-13   0.819020E-13
   0.695500E+04   0.166240E-12   0.402809E-13  -0.119082E-12
   0.695600E+04   0.994372E-12   0.764012E-13   0.110805E-12
   0.695700E+04   0.220127E-11   0.130698E-12   0.446338E-12
   0.695800E+04   0.206281E-11   0.124000E-12   0.412248E-12
   0.695900E+04   0.716501E-12   0.612489E-13   0.467301E-13
   0.696000E+04  -0.265100E-13   0.248648E-13  -0.151061E-12
   0.696100E+04   0.794490E-12   0.599413E-13   0.831154E-13
   0.696200E+04   0.194924E-11   0.111319E-12   0.409739E-12
   0.696300E+04   0.173093E-11   0.100371E-12   0.358619E-12
   0.696400E+04   0.337196E-12   0.346316E-13  -0.152450E-13
   0.696500E+04  -0.401913E-12  -0.246682E-14  -0.207629E-12
   0.696600E+04   0.428562E-12   0.324995E-13   0.326121E-13
   0.696700E+04   0.155578E-11   0.827632E-13   0.353830E-12
   0.696800E+04   0.129457E-11   0.705905E-13   0.292007E-12
   0.696900E+04  -0.104262E-12   0.544566E-14  -0.824402E-13
   0.697000E+04  -0.805905E-12  -0.294830E-13  -0.263221E-12
   0.697100E+04   0.487031E-13   0.663217E-14  -0.144496E-13
   0.697200E+04   0.114489E-11   0.554102E-13   0.300319E-12
   0.697300E+04   0.827052E-12   0.406523E-13   0.224953E-12
   0.697400E+04  -0.595294E-12  -0.257288E-13  -0.153647E-12
   0.697500E+04  -0.128362E-11  -0.608257E-13  -0.327576E-12
   0.697600E+04  -0.437438E-12  -0.266494E-13  -0.769249E-13
   0.697700E+04   0.590571E-12   0.170645E-13   0.223639E-12
   0.697800E+04   0.186346E-12  -0.332163E-14   0.128374E-12
   0.697900E+04  -0.126845E-11  -0.721628E-13  -0.256672E-12
   0.698000E+04  -0.192535E-11  -0.106146E-12  -0.420922E-12
   0.698100E+04  -0.104676E-11  -0.705131E-13  -0.161471E-12
   0.698200E+04  -0.351208E-13  -0.275870E-13   0.133577E-12
   0.698300E+04  -0.475540E-12  -0.497730E-13   0.264433E-13
   0.698400E+04  -0.192173E-11  -0.118392E-12  -0.359188E-12
   0.698500E+04  -0.251428E-11  -0.149484E-12  -0.509936E-12
   0.698600E+04  -0.156978E-11  -0.110564E-12  -0.238079E-12
   0.698700E+04  -0.529059E-12  -0.654671E-13   0.573595E-13
   0.698800E+04  -0.942039E-12  -0.848083E-13  -0.519158E-13
   0.698900E+04  -0.230111E-11  -0.147143E-12  -0.425197E-12
   0.699000E+04  -0.274681E-11  -0.168772E-12  -0.548595E-12
   0.699100E+04  -0.166142E-11  -0.120535E-12  -0.251941E-12
   0.699200E+04  -0.530913E-12  -0.684785E-13   0.536330E-13
   0.699300E+04  -0.870867E-12  -0.815830E-13  -0.506598E-13
   0.699400E+04  -0.210954E-11  -0.135315E-12  -0.406482E-12
   0.699500E+04  -0.238285E-11  -0.145667E-12  -0.498628E-12
   0.699600E+04  -0.113396E-11  -0.862730E-13  -0.173543E-12
   0.699700E+04   0.108552E-12  -0.252316E-13   0.146158E-12
   0.699800E+04  -0.139495E-12  -0.302745E-13   0.507236E-13
   0.699900E+04  -0.125035E-11  -0.745396E-13  -0.285552E-12
   0.700000E+04  -0.136254E-11  -0.742839E-13  -0.347735E-12
   0.700100E+04   0.208246E-13  -0.576473E-14   0.132299E-14
   0.700200E+04   0.133844E-11   0.617898E-13   0.329753E-12
   0.700300E+04   0.114806E-11   0.628805E-13   0.239238E-12
   0.700400E+04   0.134331E-12   0.268496E-13  -0.797490E-13
   0.700500E+04   0.144133E-12   0.361444E-13  -0.115096E-12
   0.700600E+04   0.159647E-11   0.110178E-12   0.250222E-12
   0.700700E+04   0.288401E-11   0.177188E-12   0.572446E-12
   0.700800E+04   0.260376E-11   0.173502E-12   0.464171E-12
   0.700900E+04   0.150387E-11   0.131547E-12   0.133204E-12
   0.701000E+04   0.142801E-11   0.133583E-12   0.907597E-13
   0.701100E+04   0.272990E-11   0.195812E-12   0.435950E-12
   0.701200E+04   0.376913E-11   0.244949E-12   0.715555E-12
   0.701300E+04   0.319562E-11   0.220238E-12   0.555678E-12
   0.701400E+04   0.183526E-11   0.158477E-12   0.184029E-12
   0.701500E+04   0.154113E-11   0.142976E-12   0.113130E-12
   0.701600E+04   0.260867E-11   0.187358E-12   0.425370E-12
   0.701700E+04   0.336142E-11   0.216359E-12   0.657441E-12
   0.701800E+04   0.248912E-11   0.170718E-12   0.446284E-12
   0.701900E+04   0.878888E-12   0.900058E-13   0.360357E-13
   0.702000E+04   0.384190E-12   0.578269E-13  -0.614667E-13
   0.702100E+04   0.124754E-11   0.858121E-13   0.220587E-12
   0.702200E+04   0.177285E-11   0.982817E-13   0.412399E-12
   0.702300E+04   0.705495E-12   0.389940E-13   0.165249E-12
   0.702400E+04  -0.100144E-11  -0.491334E-13  -0.259248E-12
   0.702500E+04  -0.150263E-11  -0.828459E-13  -0.351677E-12
   0.702600E+04  -0.625002E-12  -0.539977E-13  -0.640268E-13
   0.702700E+04  -0.102085E-12  -0.404085E-13   0.124150E-12
   0.702800E+04  -0.114787E-11  -0.967285E-13  -0.124216E-12
   0.702900E+04  -0.275327E-11  -0.177486E-12  -0.531843E-12
   0.703000E+04  -0.308379E-11  -0.199810E-12  -0.592198E-12
   0.703100E+04  -0.203109E-11  -0.158473E-12  -0.274960E-12
   0.703200E+04  -0.135885E-11  -0.132761E-12  -0.676785E-13
   0.703300E+04  -0.223800E-11  -0.175537E-12  -0.295076E-12
   0.703400E+04  -0.360956E-11  -0.239289E-12  -0.665454E-12
   0.703500E+04  -0.365990E-11  -0.242360E-12  -0.677290E-12
   0.703600E+04  -0.235014E-11  -0.182836E-12  -0.318846E-12
   0.703700E+04  -0.146841E-11  -0.140967E-12  -0.842654E-13
   0.703800E+04  -0.213082E-11  -0.166700E-12  -0.283271E-12
   0.703900E+04  -0.322066E-11  -0.209607E-12  -0.608096E-12
   0.704000E+04  -0.294913E-11  -0.189461E-12  -0.563076E-12
   0.704100E+04  -0.136237E-11  -0.109128E-12  -0.158177E-12
   0.704200E+04  -0.292625E-12  -0.518213E-13   0.102042E-12
   0.704300E+04  -0.815000E-12  -0.660087E-13  -0.798866E-13
   0.704400E+04  -0.175640E-11  -0.984581E-13  -0.380560E-12
   0.704500E+04  -0.134170E-11  -0.692579E-13  -0.308224E-12
   0.704600E+04   0.315046E-12   0.155069E-13   0.108673E-12
   0.704700E+04   0.135240E-11   0.708548E-13   0.358020E-12
   0.704800E+04   0.745945E-12   0.505003E-13   0.156336E-12
   0.704900E+04  -0.266139E-12   0.112236E-13  -0.155994E-12
   0.705000E+04   0.910748E-13   0.339071E-13  -0.888268E-13
   0.705100E+04   0.165255E-11   0.110787E-12   0.314108E-12
   0.705200E+04   0.253802E-11   0.155921E-12   0.535207E-12
   0.705300E+04   0.176800E-11   0.124503E-12   0.303752E-12
   0.705400E+04   0.626155E-12   0.749775E-13  -0.270617E-13
   0.705500E+04   0.868393E-12   0.874610E-13   0.272810E-13
   0.705600E+04   0.227502E-11   0.152176E-12   0.407055E-12
   0.705700E+04   0.295958E-11   0.183390E-12   0.591991E-12
   0.705800E+04   0.200405E-11   0.139371E-12   0.327717E-12
   0.705900E+04   0.743960E-12   0.809693E-13  -0.184326E-13
   0.706000E+04   0.908512E-12   0.869478E-13   0.308154E-13
   0.706100E+04   0.220849E-11   0.144101E-12   0.396781E-12
   0.706200E+04   0.273834E-11   0.165554E-12   0.554085E-12
   0.706300E+04   0.163498E-11   0.111968E-12   0.263502E-12
   0.706400E+04   0.285636E-12   0.466607E-13  -0.936045E-13
   0.706500E+04   0.397588E-12   0.476350E-13  -0.463430E-13
   0.706600E+04   0.162007E-11   0.990492E-13   0.309327E-12
   0.706700E+04   0.203613E-11   0.113545E-12   0.444683E-12
   0.706800E+04   0.840539E-12   0.543939E-13   0.136324E-12
   0.706900E+04  -0.531757E-12  -0.129313E-13  -0.221274E-12
   0.707000E+04  -0.403252E-12  -0.118568E-13  -0.165371E-12
   0.707100E+04   0.807809E-12   0.385609E-13   0.189611E-12
   0.707200E+04   0.117321E-11   0.504079E-13   0.311842E-12
   0.707300E+04  -0.484154E-13  -0.984790E-14  -0.481440E-14
   0.707400E+04  -0.136601E-11  -0.736170E-13  -0.351018E-12
   0.707500E+04  -0.112632E-11  -0.650319E-13  -0.271032E-12
   0.707600E+04   0.182497E-12  -0.654282E-14   0.101922E-12
   0.707700E+04   0.607966E-12   0.120667E-13   0.230559E-12
   0.707800E+04  -0.547635E-12  -0.415096E-13  -0.779293E-13
   0.707900E+04  -0.175557E-11  -0.972236E-13  -0.403081E-12
   0.708000E+04  -0.139429E-11  -0.804957E-13  -0.297744E-12
   0.708100E+04  -0.170435E-13  -0.167045E-13   0.870967E-13
   0.708200E+04   0.409402E-12   0.331550E-14   0.210808E-12
   0.708300E+04  -0.761571E-12  -0.509232E-13  -0.104661E-12
   0.708400E+04  -0.195790E-11  -0.107397E-12  -0.426935E-12
   0.708500E+04  -0.157879E-11  -0.917605E-13  -0.315604E-12
   0.708600E+04  -0.223153E-12  -0.305597E-13   0.643374E-13
   0.708700E+04   0.147571E-12  -0.139715E-13   0.172886E-12
   0.708800E+04  -0.105557E-11  -0.701472E-13  -0.151996E-12
   0.708900E+04  -0.222844E-11  -0.126151E-12  -0.468550E-12
   0.709000E+04  -0.181018E-11  -0.109675E-12  -0.347234E-12
   0.709100E+04  -0.456968E-12  -0.495773E-13   0.306293E-13
   0.709200E+04  -0.121716E-12  -0.351447E-13   0.126555E-12
   0.709300E+04  -0.132419E-11  -0.910498E-13  -0.202926E-12
   0.709400E+04  -0.242044E-11  -0.142520E-12  -0.505034E-12
   0.709500E+04  -0.189222E-11  -0.119362E-12  -0.361604E-12
   0.709600E+04  -0.463888E-12  -0.537754E-13   0.276613E-13
   0.709700E+04  -0.927052E-13  -0.354803E-13   0.123433E-12
   0.709800E+04  -0.123895E-11  -0.866328E-13  -0.201060E-12
   0.709900E+04  -0.222280E-11  -0.130906E-12  -0.482922E-12
   0.710000E+04  -0.156606E-11  -0.998647E-13  -0.314958E-12
   0.710100E+04  -0.535009E-13  -0.283133E-13   0.864000E-13
   0.710200E+04   0.362144E-12  -0.564635E-14   0.182973E-12
   0.710300E+04  -0.714739E-12  -0.510333E-13  -0.134185E-12
   0.710400E+04  -0.156906E-11  -0.865631E-13  -0.392330E-12
   0.710500E+04  -0.767288E-12  -0.459130E-13  -0.196311E-12
   0.710600E+04   0.840243E-12   0.329741E-13   0.219717E-12
   0.710700E+04   0.130177E-11   0.605886E-13   0.318212E-12
   0.710800E+04   0.285176E-12   0.206450E-13   0.795667E-14
   0.710900E+04  -0.457473E-12  -0.703942E-14  -0.228108E-12
   0.711000E+04   0.466368E-12   0.422557E-13  -0.612968E-14
   0.711100E+04   0.214208E-11   0.127593E-12   0.422456E-12
   0.711200E+04   0.261227E-11   0.158626E-12   0.519643E-12
   0.711300E+04   0.159326E-11   0.120461E-12   0.208929E-12
   0.711400E+04   0.858477E-12   0.933776E-13  -0.199160E-13
   0.711500E+04   0.175477E-11   0.140074E-12   0.204462E-12
   0.711600E+04   0.331338E-11   0.217483E-12   0.615302E-12
   0.711700E+04   0.358856E-11   0.235875E-12   0.677586E-12
   0.711800E+04   0.235776E-11   0.182828E-12   0.331880E-12
   0.711900E+04   0.142084E-11   0.139516E-12   0.753326E-13
   0.712000E+04   0.208396E-11   0.167018E-12   0.267335E-12
   0.712100E+04   0.333800E-11   0.221261E-12   0.628314E-12
   0.712200E+04   0.326970E-11   0.214901E-12   0.630341E-12
   0.712300E+04   0.173415E-11   0.139446E-12   0.234192E-12
   0.712400E+04   0.559817E-12   0.771970E-13  -0.554785E-13
   0.712500E+04   0.100178E-11   0.866330E-13   0.106395E-12
   0.712600E+04   0.199845E-11   0.121428E-12   0.424994E-12
   0.712700E+04   0.166506E-11   0.961418E-13   0.378872E-12
   0.712800E+04  -0.607955E-13   0.672981E-14  -0.498319E-13
   0.712900E+04  -0.131549E-11  -0.625316E-13  -0.347545E-12
   0.713000E+04  -0.895222E-12  -0.555562E-13  -0.183373E-12
   0.713100E+04   0.750162E-13  -0.218791E-13   0.130808E-12
   0.713200E+04  -0.280852E-12  -0.469211E-13   0.765113E-13
   0.713300E+04  -0.196482E-11  -0.132295E-12  -0.346926E-12
   0.713400E+04  -0.309408E-11  -0.193086E-12  -0.620178E-12
   0.713500E+04  -0.252051E-11  -0.175863E-12  -0.427354E-12
   0.713600E+04  -0.142646E-11  -0.132773E-12  -0.959304E-13
   0.713700E+04  -0.166955E-11  -0.148324E-12  -0.139168E-12
   0.713800E+04  -0.318461E-11  -0.221011E-12  -0.539046E-12
   0.713900E+04  -0.406770E-11  -0.264946E-12  -0.770164E-12
   0.714000E+04  -0.322652E-11  -0.229271E-12  -0.531735E-12
   0.714100E+04  -0.190105E-11  -0.168826E-12  -0.166790E-12
   0.714200E+04  -0.193232E-11  -0.167484E-12  -0.183545E-12
   0.714300E+04  -0.319302E-11  -0.221077E-12  -0.546221E-12
   0.714400E+04  -0.376393E-11  -0.243146E-12  -0.724568E-12
   0.714500E+04  -0.261089E-11  -0.185483E-12  -0.433315E-12
   0.714600E+04  -0.102956E-11  -0.105408E-12  -0.303839E-13
   0.714700E+04  -0.843524E-12  -0.861251E-13  -0.184610E-13
   0.714800E+04  -0.186970E-11  -0.121383E-12  -0.345207E-12
   0.714900E+04  -0.218619E-11  -0.125259E-12  -0.478234E-12
   0.715000E+04  -0.827510E-12  -0.531758E-13  -0.150102E-12
   0.715100E+04   0.854401E-12   0.348723E-13   0.266218E-12
   0.715200E+04   0.106267E-11   0.570543E-13   0.275429E-12
   0.715300E+04   0.485553E-13   0.227962E-13  -0.512906E-13
   0.715400E+04  -0.253589E-12   0.184016E-13  -0.177886E-12
   0.715500E+04   0.106084E-11   0.854692E-13   0.146373E-12
   0.715600E+04   0.259370E-11   0.162060E-12   0.535237E-12
   0.715700E+04   0.258915E-11   0.168829E-12   0.503514E-12
   0.715800E+04   0.138225E-11   0.119760E-12   0.144109E-12
   0.715900E+04   0.931524E-12   0.102695E-12  -0.123973E-14
   0.716000E+04   0.208499E-11   0.156663E-12   0.302118E-12
   0.716100E+04   0.339462E-11   0.217294E-12   0.653892E-12
   0.716200E+04   0.313599E-11   0.206660E-12   0.577142E-12
   0.716300E+04   0.171672E-11   0.142228E-12   0.184217E-12
   0.716400E+04   0.111176E-11   0.112780E-12   0.208869E-13
   0.716500E+04   0.211112E-11   0.154766E-12   0.305486E-12
   0.716600E+04   0.321955E-11   0.201641E-12   0.624494E-12
   0.716700E+04   0.274509E-11   0.176945E-12   0.509727E-12
   0.716800E+04   0.116345E-11   0.101261E-12   0.921643E-13
   0.716900E+04   0.458190E-12   0.636951E-13  -0.800924E-13
   0.717000E+04   0.135560E-11   0.976411E-13   0.193768E-12
   0.717100E+04   0.231291E-11   0.134274E-12   0.487070E-12
   0.717200E+04   0.167399E-11   0.988402E-13   0.341244E-12
   0.717300E+04  -0.134736E-13   0.154308E-13  -0.933222E-13
   0.717400E+04  -0.753723E-12  -0.260476E-13  -0.265613E-12
   0.717500E+04   0.120503E-12   0.525122E-14   0.853626E-14
   0.717600E+04   0.102383E-11   0.386247E-13   0.290422E-12
   0.717700E+04   0.337301E-12   0.105591E-14   0.131537E-12
   0.717800E+04  -0.132437E-11  -0.802792E-13  -0.299288E-12
   0.717900E+04  -0.196138E-11  -0.115294E-12  -0.449836E-12
   0.718000E+04  -0.970384E-12  -0.760318E-13  -0.153486E-12
   0.718100E+04   0.218104E-13  -0.349420E-13   0.139616E-12
   0.718200E+04  -0.564293E-12  -0.630548E-13  -0.808067E-14
   0.718300E+04  -0.205172E-11  -0.130408E-12  -0.410005E-12
   0.718400E+04  -0.245176E-11  -0.147958E-12  -0.515709E-12
   0.718500E+04  -0.124556E-11  -0.924898E-13  -0.180161E-12
   0.718600E+04  -0.117996E-12  -0.398536E-13   0.131905E-12
   0.718700E+04  -0.615123E-12  -0.597702E-13  -0.716684E-14
   0.718800E+04  -0.199233E-11  -0.118973E-12  -0.392079E-12
   0.718900E+04  -0.225935E-11  -0.128182E-12  -0.471896E-12
   0.719000E+04  -0.967399E-12  -0.675938E-13  -0.120552E-12
   0.719100E+04   0.152475E-12  -0.155431E-13   0.184873E-12
   0.719200E+04  -0.403128E-12  -0.398122E-13   0.282830E-13
   0.719300E+04  -0.181200E-11  -0.102983E-12  -0.364638E-12
   0.719400E+04  -0.206796E-11  -0.114145E-12  -0.439973E-12
   0.719500E+04  -0.775292E-12  -0.553019E-13  -0.874019E-13
   0.719600E+04   0.300078E-12  -0.632664E-14   0.205957E-12
   0.719700E+04  -0.305814E-12  -0.335028E-13   0.349920E-13
   0.719800E+04  -0.171080E-11  -0.969373E-13  -0.357867E-12
   0.719900E+04  -0.191412E-11  -0.106012E-12  -0.420168E-12
   0.720000E+04  -0.585446E-12  -0.456316E-13  -0.597583E-13
   0.720100E+04   0.475201E-12   0.284755E-14   0.226675E-12
   0.720200E+04  -0.149762E-12  -0.247008E-13   0.467227E-13
   0.720300E+04  -0.151466E-11  -0.854584E-13  -0.339633E-12
   0.720400E+04  -0.162718E-11  -0.892266E-13  -0.382091E-12
   0.720500E+04  -0.228020E-12  -0.243047E-13  -0.781750E-14
   0.720600E+04   0.844958E-12   0.260083E-13   0.276319E-12
   0.720700E+04   0.219382E-12  -0.465534E-15   0.905079E-13
   0.720800E+04  -0.109548E-11  -0.579296E-13  -0.287761E-12
   0.720900E+04  -0.111387E-11  -0.562932E-13  -0.310110E-12
   0.721000E+04   0.357965E-12   0.133285E-13   0.780914E-13
   0.721100E+04   0.145240E-11   0.663945E-13   0.361621E-12
   0.721200E+04   0.847492E-12   0.431077E-13   0.174489E-12
   0.721300E+04  -0.387033E-12  -0.799894E-14  -0.188976E-12
   0.721400E+04  -0.283460E-12   0.208424E-14  -0.184782E-12
   0.721500E+04   0.127287E-11   0.781628E-13   0.220764E-12
   0.721600E+04   0.237635E-11   0.133596E-12   0.502663E-12
   0.721700E+04   0.175609E-11   0.110991E-12   0.309114E-12
   0.721800E+04   0.549428E-12   0.624166E-13  -0.472235E-13
   0.721900E+04   0.713818E-12   0.767101E-13  -0.252568E-13
   0.722000E+04   0.228676E-11   0.154816E-12   0.388150E-12
   0.722100E+04   0.331778E-11   0.207195E-12   0.656921E-12
   0.722200E+04   0.257464E-11   0.177520E-12   0.440943E-12
   0.722300E+04   0.125343E-11   0.120523E-12   0.691820E-13
   0.722400E+04   0.130426E-11   0.125180E-12   0.800595E-13
   0.722500E+04   0.270208E-11   0.189889E-12   0.468842E-12
   0.722600E+04   0.346880E-11   0.223614E-12   0.691696E-12
   0.722700E+04   0.242151E-11   0.171868E-12   0.422100E-12
   0.722800E+04   0.820077E-12   0.924093E-13   0.588322E-14
   0.722900E+04   0.616691E-12   0.752413E-13  -0.197703E-13
   0.723000E+04   0.174481E-11   0.118160E-12   0.326563E-12
   0.723100E+04   0.222476E-11   0.130993E-12   0.498618E-12
   0.723200E+04   0.937550E-12   0.623971E-13   0.186478E-12
   0.723300E+04  -0.801989E-12  -0.276223E-13  -0.249027E-12
   0.723400E+04  -0.106771E-11  -0.505893E-13  -0.277707E-12
   0.723500E+04   0.880152E-15  -0.122366E-13   0.618573E-13
   0.723600E+04   0.401858E-12  -0.383422E-14   0.217273E-12
   0.723700E+04  -0.926960E-12  -0.741607E-13  -0.105708E-12
   0.723800E+04  -0.261523E-11  -0.160668E-12  -0.530854E-12
   0.723900E+04  -0.276123E-11  -0.175990E-12  -0.534512E-12
   0.724000E+04  -0.157774E-11  -0.129309E-12  -0.175111E-12
   0.724100E+04  -0.109150E-11  -0.113292E-12  -0.113992E-13
   0.724200E+04  -0.231248E-11  -0.174632E-12  -0.322696E-12
   0.724300E+04  -0.381951E-11  -0.248600E-12  -0.718375E-12
   0.724400E+04  -0.373619E-11  -0.248892E-12  -0.681622E-12
   0.724500E+04  -0.234270E-11  -0.187541E-12  -0.289471E-12
   0.724600E+04  -0.167998E-11  -0.157666E-12  -0.104635E-12
   0.724700E+04  -0.269716E-11  -0.203079E-12  -0.389588E-12
   0.724800E+04  -0.392206E-11  -0.256746E-12  -0.739303E-12
   0.724900E+04  -0.351307E-11  -0.234191E-12  -0.645824E-12
   0.725000E+04  -0.183256E-11  -0.151710E-12  -0.207725E-12
   0.725100E+04  -0.949316E-12  -0.104270E-12   0.580577E-14
   0.725200E+04  -0.175815E-11  -0.133446E-12  -0.251967E-12
   0.725300E+04  -0.273222E-11  -0.169411E-12  -0.560864E-12
   0.725400E+04  -0.205291E-11  -0.128211E-12  -0.419447E-12
   0.725500E+04  -0.152999E-12  -0.292420E-13   0.546322E-13
   0.725600E+04   0.872582E-12   0.307282E-13   0.286221E-12
   0.725700E+04   0.171554E-12   0.111171E-13   0.419468E-13
   0.725800E+04  -0.691393E-12  -0.170640E-13  -0.246513E-12
   0.725900E+04   0.717326E-13   0.289033E-13  -0.861305E-13
   0.726000E+04   0.196606E-11   0.127221E-12   0.387856E-12
   0.726100E+04   0.288771E-11   0.180738E-12   0.597726E-12
   0.726200E+04   0.204007E-11   0.150927E-12   0.325899E-12
   0.726300E+04   0.103047E-11   0.110362E-12   0.160530E-13
   0.726400E+04   0.162174E-11   0.141000E-12   0.153399E-12
   0.726500E+04   0.327383E-11   0.220119E-12   0.588260E-12
   0.726600E+04   0.390052E-11   0.252529E-12   0.745681E-12
   0.726700E+04   0.278174E-11   0.203651E-12   0.428039E-12
   0.726800E+04   0.156792E-11   0.147692E-12   0.908503E-13
   0.726900E+04   0.197619E-11   0.163935E-12   0.207113E-12
   0.727000E+04   0.339406E-11   0.226049E-12   0.607171E-12
   0.727100E+04   0.373489E-11   0.238957E-12   0.715381E-12
   0.727200E+04   0.235270E-11   0.171780E-12   0.353755E-12
   0.727300E+04   0.949273E-12   0.101331E-12  -0.863051E-14
   0.727400E+04   0.120624E-11   0.105389E-12   0.910909E-13
   0.727500E+04   0.244380E-11   0.154564E-12   0.464511E-12
   0.727600E+04   0.257265E-11   0.153583E-12   0.535098E-12
   0.727700E+04   0.101280E-11   0.744517E-13   0.142961E-12
   0.727800E+04  -0.491359E-12  -0.417660E-14  -0.231191E-12
   0.727900E+04  -0.297358E-12  -0.627983E-14  -0.135530E-12
   0.728000E+04   0.852004E-12   0.360856E-13   0.223707E-12
   0.728100E+04   0.874417E-12   0.282994E-13   0.271308E-12
   0.728200E+04  -0.734486E-12  -0.538163E-13  -0.132404E-12
   0.728300E+04  -0.218258E-11  -0.129121E-12  -0.494065E-12
   0.728400E+04  -0.186745E-11  -0.123280E-12  -0.373112E-12
   0.728500E+04  -0.602568E-12  -0.717311E-13   0.501116E-14
   0.728600E+04  -0.477866E-12  -0.698981E-13   0.637990E-13
   0.728700E+04  -0.194094E-11  -0.139892E-12  -0.319720E-12
   0.728800E+04  -0.316741E-11  -0.199341E-12  -0.642497E-12
   0.728900E+04  -0.259935E-11  -0.175771E-12  -0.475942E-12
   0.729000E+04  -0.111435E-11  -0.107263E-12  -0.630335E-13
   0.729100E+04  -0.802606E-12  -0.893538E-13   0.203223E-13
   0.729200E+04  -0.205783E-11  -0.142350E-12  -0.332556E-12
   0.729300E+04  -0.303739E-11  -0.183891E-12  -0.611894E-12
   0.729400E+04  -0.224192E-11  -0.144657E-12  -0.404140E-12
   0.729500E+04  -0.615692E-12  -0.657181E-13   0.296108E-13
   0.729600E+04  -0.239017E-12  -0.419527E-13   0.116098E-12
   0.729700E+04  -0.143796E-11  -0.906769E-13  -0.232463E-12
   0.729800E+04  -0.234171E-11  -0.128621E-12  -0.498015E-12
   0.729900E+04  -0.150157E-11  -0.889081E-13  -0.280901E-12
   0.730000E+04   0.851273E-13  -0.144798E-13   0.142164E-12
   0.730100E+04   0.369373E-12   0.227545E-14   0.204829E-12
   0.730200E+04  -0.885863E-12  -0.510128E-13  -0.157591E-12
   0.730300E+04  -0.177224E-11  -0.892061E-13  -0.417120E-12
   0.730400E+04  -0.899919E-12  -0.486107E-13  -0.189880E-12
   0.730500E+04   0.659727E-12   0.238566E-13   0.227556E-12
   0.730600E+04   0.866563E-12   0.359910E-13   0.271360E-12
   0.730700E+04  -0.440960E-12  -0.209515E-13  -0.102729E-12
   0.730800E+04  -0.131721E-11  -0.598274E-13  -0.356907E-12
   0.730900E+04  -0.421003E-12  -0.189728E-13  -0.120985E-12
   0.731000E+04   0.111459E-11   0.519325E-13   0.291335E-12
   0.731100E+04   0.126358E-11   0.613075E-13   0.320109E-12
   0.731200E+04  -0.656382E-13   0.350676E-14  -0.595240E-13
   0.731300E+04  -0.901838E-12  -0.333347E-13  -0.302445E-12
   0.731400E+04   0.388439E-13   0.966796E-14  -0.540370E-13
   0.731500E+04   0.156175E-11   0.800383E-13   0.354995E-12
   0.731600E+04   0.166206E-11   0.873965E-13   0.370236E-12
   0.731700E+04   0.325342E-12   0.299112E-13  -0.122084E-13
   0.731800E+04  -0.448888E-12  -0.288295E-14  -0.239448E-12
   0.731900E+04   0.563741E-12   0.450206E-13   0.270520E-13
   0.732000E+04   0.210141E-11   0.117758E-12   0.438562E-12
   0.732100E+04   0.217209E-11   0.125221E-12   0.444680E-12
   0.732200E+04   0.828833E-12   0.684409E-13   0.605371E-13
   0.732300E+04   0.931242E-13   0.378702E-13  -0.154617E-12
   0.732400E+04   0.113258E-11   0.870116E-13   0.122158E-12
   0.732500E+04   0.263016E-11   0.157741E-12   0.526695E-12
   0.732600E+04   0.261965E-11   0.161401E-12   0.515513E-12
   0.732700E+04   0.122541E-11   0.102272E-12   0.123612E-12
   0.732800E+04   0.482146E-12   0.709860E-13  -0.853547E-13
   0.732900E+04   0.148601E-11   0.117155E-12   0.192767E-12
   0.733000E+04   0.285420E-11   0.179233E-12   0.576177E-12
   0.733100E+04   0.264532E-11   0.169697E-12   0.528078E-12
   0.733200E+04   0.106186E-11   0.966311E-13   0.104514E-12
   0.733300E+04   0.162772E-12   0.519216E-13  -0.124626E-12
   0.733400E+04   0.986894E-12   0.826113E-13   0.128520E-12
   0.733500E+04   0.210385E-11   0.125287E-12   0.468017E-12
   0.733600E+04   0.161804E-11   0.953487E-13   0.367918E-12
   0.733700E+04  -0.171098E-12   0.642736E-14  -0.910335E-13
   0.733800E+04  -0.117054E-11  -0.472872E-13  -0.330941E-12
   0.733900E+04  -0.403204E-12  -0.216486E-13  -0.811768E-13
   0.734000E+04   0.633351E-12   0.161538E-13   0.244466E-12
   0.734100E+04   0.599537E-13  -0.184354E-13   0.125283E-12
   0.734200E+04  -0.175525E-11  -0.108884E-12  -0.338829E-12
   0.734300E+04  -0.270046E-11  -0.159956E-12  -0.565022E-12
   0.734400E+04  -0.185759E-11  -0.129944E-12  -0.299196E-12
   0.734500E+04  -0.776734E-12  -0.883550E-13   0.303315E-13
   0.734600E+04  -0.130764E-11  -0.118456E-12  -0.888720E-13
   0.734700E+04  -0.301197E-11  -0.200583E-12  -0.537295E-12
   0.734800E+04  -0.376793E-11  -0.239131E-12  -0.728993E-12
   0.734900E+04  -0.272599E-11  -0.195671E-12  -0.428384E-12
   0.735000E+04  -0.149165E-11  -0.142373E-12  -0.787444E-13
   0.735100E+04  -0.188202E-11  -0.160995E-12  -0.183364E-12
   0.735200E+04  -0.338500E-11  -0.228344E-12  -0.602324E-12
   0.735300E+04  -0.386848E-11  -0.248246E-12  -0.746598E-12
   0.735400E+04  -0.255373E-11  -0.185651E-12  -0.399557E-12
   0.735500E+04  -0.110443E-11  -0.115713E-12  -0.198037E-13
   0.735600E+04  -0.130883E-11  -0.119140E-12  -0.102034E-12
   0.735700E+04  -0.258689E-11  -0.169749E-12  -0.487112E-12
   0.735800E+04  -0.280240E-11  -0.171271E-12  -0.584361E-12
   0.735900E+04  -0.124943E-11  -0.921698E-13  -0.196599E-12
   0.736000E+04   0.354982E-12  -0.101793E-13   0.203400E-12
   0.736100E+04   0.261056E-12  -0.411589E-14   0.131702E-12
   0.736200E+04  -0.874767E-12  -0.439415E-13  -0.231594E-12
   0.736300E+04  -0.910015E-12  -0.329437E-13  -0.293877E-12
   0.736400E+04   0.782599E-12   0.563792E-13   0.121297E-12
   0.736500E+04   0.242101E-11   0.142435E-12   0.524635E-12
   0.736600E+04   0.228128E-11   0.146898E-12   0.440414E-12
   0.736700E+04   0.108973E-11   0.102972E-12   0.681709E-13
   0.736800E+04   0.100036E-11   0.108359E-12   0.314481E-14
   0.736900E+04   0.257867E-11   0.188101E-12   0.404148E-12
   0.737000E+04   0.399866E-11   0.258554E-12   0.769482E-12
   0.737100E+04   0.357857E-11   0.243197E-12   0.634777E-12
   0.737200E+04   0.212345E-11   0.179132E-12   0.220430E-12
   0.737300E+04   0.180510E-11   0.165656E-12   0.125121E-12
   0.737400E+04   0.313584E-11   0.226129E-12   0.491502E-12
   0.737500E+04   0.425384E-11   0.275485E-12   0.807122E-12
   0.737600E+04   0.351871E-11   0.238767E-12   0.618840E-12
   0.737700E+04   0.180051E-11   0.155651E-12   0.165025E-12
   0.737800E+04   0.126962E-11   0.125290E-12   0.437074E-13
   0.737900E+04   0.237364E-11   0.168319E-12   0.379021E-12
   0.738000E+04   0.321742E-11   0.198444E-12   0.648539E-12
   0.738100E+04   0.221299E-11   0.143303E-12   0.412887E-12
   0.738200E+04   0.303843E-12   0.460614E-13  -0.698119E-13
   0.738300E+04  -0.340998E-12   0.590479E-14  -0.202255E-12
   0.738400E+04   0.655788E-12   0.402819E-13   0.120068E-12
   0.738500E+04   0.136079E-11   0.611118E-13   0.363951E-12
   0.738600E+04   0.236777E-12  -0.159936E-14   0.103667E-12
   0.738700E+04  -0.169849E-11  -0.101032E-12  -0.382700E-12
   0.738800E+04  -0.227584E-11  -0.137627E-12  -0.498319E-12
   0.738900E+04  -0.118735E-11  -0.969199E-13  -0.158006E-12
   0.739000E+04  -0.406729E-12  -0.689774E-13   0.942146E-13
   0.739100E+04  -0.142813E-11  -0.122153E-12  -0.154893E-12
   0.739200E+04  -0.317327E-11  -0.207141E-12  -0.609887E-12
   0.739300E+04  -0.348872E-11  -0.225310E-12  -0.677585E-12
   0.739400E+04  -0.214807E-11  -0.166228E-12  -0.294433E-12
   0.739500E+04  -0.116995E-11  -0.122424E-12  -0.158860E-13
   0.739600E+04  -0.200278E-11  -0.160371E-12  -0.241836E-12
   0.739700E+04  -0.350006E-11  -0.227400E-12  -0.657824E-12
   0.739800E+04  -0.351475E-11  -0.224713E-12  -0.672469E-12
   0.739900E+04  -0.189616E-11  -0.145283E-12  -0.242633E-12
   0.740000E+04  -0.711555E-12  -0.845691E-13   0.642082E-13
   0.740100E+04  -0.137780E-11  -0.108676E-12  -0.141323E-12
   0.740200E+04  -0.269672E-11  -0.163181E-12  -0.529309E-12
   0.740300E+04  -0.253299E-11  -0.149567E-12  -0.511570E-12
   0.740400E+04  -0.798782E-12  -0.630218E-13  -0.629769E-13
   0.740500E+04   0.413512E-12   0.132823E-15   0.241705E-12
   0.740600E+04  -0.262834E-12  -0.242459E-13   0.272701E-13
   0.740700E+04  -0.157254E-11  -0.795353E-13  -0.360177E-12
   0.740800E+04  -0.139328E-11  -0.676369E-13  -0.336398E-12
   0.740900E+04   0.304427E-12   0.143902E-13   0.106373E-12
   0.741000E+04   0.141704E-11   0.705084E-13   0.388895E-12
   0.741100E+04   0.641493E-12   0.396896E-13   0.152865E-12
   0.741200E+04  -0.709232E-12  -0.191727E-13  -0.239499E-12
   0.741300E+04  -0.539629E-12  -0.964611E-14  -0.210967E-12
   0.741400E+04   0.110382E-11   0.676338E-13   0.225239E-12
   0.741500E+04   0.209701E-11   0.115896E-12   0.483684E-12
   0.741600E+04   0.120228E-11   0.773543E-13   0.223547E-12
   0.741700E+04  -0.202254E-12   0.140225E-13  -0.175293E-12
   0.741800E+04  -0.416271E-13   0.214720E-13  -0.141368E-12
   0.741900E+04   0.156397E-11   0.957782E-13   0.291673E-12
   0.742000E+04   0.246796E-11   0.139180E-12   0.532096E-12
   0.742100E+04   0.149255E-11   0.965430E-13   0.255615E-12
   0.742200E+04   0.727935E-13   0.322942E-13  -0.141952E-12
   0.742300E+04   0.255085E-12   0.405087E-13  -0.966790E-13
   0.742400E+04   0.184116E-11   0.113576E-12   0.336511E-12
   0.742500E+04   0.266266E-11   0.152712E-12   0.559946E-12
   0.742600E+04   0.160588E-11   0.105782E-12   0.266894E-12
   0.742700E+04   0.167899E-12   0.402012E-13  -0.129952E-12
   0.742800E+04   0.370332E-12   0.490323E-13  -0.736306E-13
   0.742900E+04   0.193740E-11   0.121019E-12   0.359732E-12
   0.743000E+04   0.267496E-11   0.155830E-12   0.565864E-12
   0.743100E+04   0.152654E-11   0.103593E-12   0.254311E-12
   0.743200E+04   0.477153E-13   0.344688E-13  -0.146125E-12
   0.743300E+04   0.241122E-12   0.412192E-13  -0.844030E-13
   0.743400E+04   0.176628E-11   0.110199E-12   0.344793E-12
   0.743500E+04   0.241151E-11   0.140207E-12   0.532450E-12
   0.743600E+04   0.117062E-11   0.828673E-13   0.203054E-12
   0.743700E+04  -0.361525E-12   0.927162E-14  -0.202582E-12
   0.743800E+04  -0.216044E-12   0.105330E-13  -0.142589E-12
   0.743900E+04   0.120709E-11   0.710741E-13   0.270764E-12
   0.744000E+04   0.170216E-11   0.909245E-13   0.428568E-12
   0.744100E+04   0.336805E-12   0.253688E-13   0.750211E-13
   0.744200E+04  -0.124850E-11  -0.529275E-13  -0.336004E-12
   0.744300E+04  -0.113005E-11  -0.555342E-13  -0.274401E-12
   0.744400E+04   0.218460E-12  -0.138244E-14   0.127041E-12
   0.744500E+04   0.594643E-12   0.104028E-13   0.259168E-12
   0.744600E+04  -0.850125E-12  -0.603309E-13  -0.111981E-12
   0.744700E+04  -0.241866E-11  -0.138158E-12  -0.517302E-12
   0.744800E+04  -0.223123E-11  -0.137081E-12  -0.438354E-12
   0.744900E+04  -0.845872E-12  -0.804157E-13  -0.305492E-13
   0.745000E+04  -0.477097E-12  -0.680471E-13   0.938026E-13
   0.745100E+04  -0.190094E-11  -0.136664E-12  -0.279502E-12
   0.745200E+04  -0.336478E-11  -0.208053E-12  -0.666383E-12
   0.745300E+04  -0.302483E-11  -0.197670E-12  -0.558435E-12
   0.745400E+04  -0.151201E-11  -0.132046E-12  -0.131170E-12
   0.745500E+04  -0.104637E-11  -0.111245E-12   0.163236E-14
   0.745600E+04  -0.233522E-11  -0.168862E-12  -0.355041E-12
   0.745700E+04  -0.358353E-11  -0.225016E-12  -0.704821E-12
   0.745800E+04  -0.299856E-11  -0.197934E-12  -0.552498E-12
   0.745900E+04  -0.129389E-11  -0.118301E-12  -0.955629E-13
   0.746000E+04  -0.696765E-12  -0.866214E-13   0.506472E-13
   0.746100E+04  -0.184119E-11  -0.132979E-12  -0.288618E-12
   0.746200E+04  -0.288187E-11  -0.174949E-12  -0.603210E-12
   0.746300E+04  -0.206848E-11  -0.132580E-12  -0.409534E-12
   0.746400E+04  -0.191280E-12  -0.401838E-13   0.741457E-13
   0.746500E+04   0.514339E-12   0.104517E-14   0.230874E-12
   0.746600E+04  -0.520752E-12  -0.363581E-13  -0.955252E-13
   0.746700E+04  -0.141056E-11  -0.682546E-13  -0.383219E-12
   0.746800E+04  -0.448289E-12  -0.165035E-13  -0.160600E-12
   0.746900E+04   0.150922E-11   0.819267E-13   0.335444E-12
   0.747000E+04   0.223129E-11   0.126287E-12   0.489193E-12
   0.747100E+04   0.121629E-11   0.919550E-13   0.163678E-12
   0.747200E+04   0.379192E-12   0.637448E-13  -0.110128E-12
   0.747300E+04   0.136663E-11   0.116457E-12   0.123802E-12
   0.747400E+04   0.324788E-11   0.209665E-12   0.608408E-12
   0.747500E+04   0.380408E-11   0.243551E-12   0.730687E-12
   0.747600E+04   0.261505E-11   0.197568E-12   0.375606E-12
   0.747700E+04   0.163443E-11   0.158145E-12   0.848652E-13
   0.747800E+04   0.245055E-11   0.196894E-12   0.298850E-12
   0.747900E+04   0.405914E-11   0.269767E-12   0.740131E-12
   0.748000E+04   0.426044E-11   0.278304E-12   0.799782E-12
   0.748100E+04   0.273223E-11   0.207465E-12   0.387841E-12
   0.748200E+04   0.148630E-11   0.147209E-12   0.603531E-13
   0.748300E+04   0.206551E-11   0.167252E-12   0.244390E-12
   0.748400E+04   0.339135E-11   0.219758E-12   0.641972E-12
   0.748500E+04   0.326920E-11   0.206097E-12   0.645519E-12
   0.748600E+04   0.145558E-11   0.114817E-12   0.186232E-12
   0.748700E+04   0.748752E-14   0.382737E-13  -0.168262E-12
   0.748800E+04   0.423454E-12   0.445478E-13  -0.402135E-14
   0.748900E+04   0.156378E-11   0.833214E-13   0.363342E-12
   0.749000E+04   0.125360E-11   0.571769E-13   0.330960E-12
   0.749100E+04  -0.666635E-12  -0.411742E-13  -0.147485E-12
   0.749200E+04  -0.210189E-11  -0.117472E-12  -0.494231E-12
   0.749300E+04  -0.161289E-11  -0.106536E-12  -0.311458E-12
   0.749400E+04  -0.416555E-12  -0.626834E-13   0.646051E-13
   0.749500E+04  -0.682006E-12  -0.834956E-13   0.333979E-13
   0.749600E+04  -0.249574E-11  -0.173044E-12  -0.430802E-12
   0.749700E+04  -0.373058E-11  -0.235479E-12  -0.741163E-12
   0.749800E+04  -0.300507E-11  -0.208174E-12  -0.515603E-12
   0.749900E+04  -0.160673E-11  -0.148792E-12  -0.109386E-12
   0.750000E+04  -0.169425E-11  -0.154709E-12  -0.119528E-12
   0.750100E+04  -0.328440E-11  -0.227104E-12  -0.551758E-12
   0.750200E+04  -0.422737E-11  -0.269322E-12  -0.812249E-12
   0.750300E+04  -0.320636E-11  -0.221837E-12  -0.536127E-12
   0.750400E+04  -0.157644E-11  -0.145399E-12  -0.969322E-13
   0.750500E+04  -0.147514E-11  -0.136243E-12  -0.856956E-13
   0.750600E+04  -0.284020E-11  -0.191727E-12  -0.486159E-12
   0.750700E+04  -0.349853E-11  -0.214180E-12  -0.697478E-12
   0.750800E+04  -0.220553E-11  -0.147806E-12  -0.373637E-12
   0.750900E+04  -0.393583E-12  -0.574657E-13   0.916528E-13
   0.751000E+04  -0.185389E-12  -0.390307E-13   0.112167E-12
   0.751100E+04  -0.144117E-11  -0.862404E-13  -0.274226E-12
   0.751200E+04  -0.196224E-11  -0.100119E-12  -0.459505E-12
   0.751300E+04  -0.571586E-12  -0.281579E-13  -0.115890E-12
   0.751400E+04   0.122712E-11   0.610484E-13   0.343773E-12
   0.751500E+04   0.133365E-11   0.724491E-13   0.339485E-12
   0.751600E+04  -0.232429E-13   0.168718E-13  -0.672674E-13
   0.751700E+04  -0.602110E-12  -0.374308E-14  -0.258261E-12
   0.751800E+04   0.726729E-12   0.617728E-13   0.798298E-13
   0.751900E+04   0.240270E-11   0.142338E-12   0.517896E-12
   0.752000E+04   0.234668E-11   0.143396E-12   0.481937E-12
   0.752100E+04   0.858343E-12   0.785375E-13   0.532909E-13
   0.752200E+04   0.198949E-12   0.505603E-13  -0.144487E-12
   0.752300E+04   0.143936E-11   0.108285E-12   0.185082E-12
   0.752400E+04   0.296847E-11   0.178748E-12   0.598173E-12
   0.752500E+04   0.274370E-11   0.169341E-12   0.530292E-12
   0.752600E+04   0.114465E-11   0.973858E-13   0.846471E-13
   0.752700E+04   0.446809E-12   0.661888E-13  -0.111054E-12
   0.752800E+04   0.164613E-11   0.120783E-12   0.219530E-12
   0.752900E+04   0.306486E-11   0.184692E-12   0.614750E-12
   0.753000E+04   0.268831E-11   0.166298E-12   0.518054E-12
   0.753100E+04   0.976337E-12   0.866908E-13   0.545763E-13
   0.753200E+04   0.225960E-12   0.505307E-13  -0.142517E-12
   0.753300E+04   0.136961E-11   0.100245E-12   0.185195E-12
   0.753400E+04   0.267400E-11   0.156837E-12   0.560618E-12
   0.753500E+04   0.215790E-11   0.130083E-12   0.436439E-12
   0.753600E+04   0.358758E-12   0.445725E-13  -0.408812E-13
   0.753700E+04  -0.413046E-12   0.563155E-14  -0.234635E-12
   0.753800E+04   0.703874E-12   0.523898E-13   0.939862E-13
   0.753900E+04   0.191828E-11   0.102987E-12   0.452043E-12
   0.754000E+04   0.128529E-11   0.687640E-13   0.302254E-12
   0.754100E+04  -0.573641E-12  -0.215102E-13  -0.186217E-12
   0.754200E+04  -0.132621E-11  -0.608217E-13  -0.371448E-12
   0.754300E+04  -0.173574E-12  -0.123880E-13  -0.324893E-13
   0.754400E+04   0.103857E-11   0.393546E-13   0.322810E-12
   0.754500E+04   0.394635E-12   0.653649E-14   0.166011E-12
   0.754600E+04  -0.141756E-11  -0.795412E-13  -0.314546E-12
   0.754700E+04  -0.206434E-11  -0.111980E-12  -0.475974E-12
   0.754800E+04  -0.823237E-12  -0.575743E-13  -0.117967E-12
   0.754900E+04   0.401869E-12  -0.377206E-14   0.236155E-12
   0.755000E+04  -0.272150E-12  -0.374931E-13   0.675598E-13
   0.755100E+04  -0.208420E-11  -0.124280E-12  -0.415020E-12
   0.755200E+04  -0.268664E-11  -0.156078E-12  -0.565554E-12
   0.755300E+04  -0.141273E-11  -0.101280E-12  -0.200438E-12
   0.755400E+04  -0.201094E-12  -0.482373E-13   0.146304E-12
   0.755500E+04  -0.889040E-12  -0.817955E-13  -0.317850E-13
   0.755600E+04  -0.264807E-11  -0.164928E-12  -0.506911E-12
   0.755700E+04  -0.313689E-11  -0.190292E-12  -0.634296E-12
   0.755800E+04  -0.176343E-11  -0.129662E-12  -0.250968E-12
   0.755900E+04  -0.506023E-12  -0.728343E-13   0.975791E-13
   0.756000E+04  -0.114817E-11  -0.101839E-12  -0.807632E-13
   0.756100E+04  -0.278477E-11  -0.176045E-12  -0.537093E-12
   0.756200E+04  -0.308087E-11  -0.188582E-12  -0.627859E-12
   0.756300E+04  -0.152943E-11  -0.115480E-12  -0.212722E-12
   0.756400E+04  -0.162893E-12  -0.494322E-13   0.148698E-12
   0.756500E+04  -0.722301E-12  -0.708454E-13  -0.234520E-13
   0.756600E+04  -0.223016E-11  -0.135854E-12  -0.460069E-12
   0.756700E+04  -0.235409E-11  -0.137559E-12  -0.518278E-12
   0.756800E+04  -0.662154E-12  -0.552499E-13  -0.784408E-13
   0.756900E+04   0.770705E-12   0.164861E-13   0.288191E-12
   0.757000E+04   0.253991E-12  -0.470648E-15   0.115798E-12
   0.757100E+04  -0.116047E-11  -0.588096E-13  -0.306027E-12
   0.757200E+04  -0.114581E-11  -0.517884E-13  -0.335955E-12
   0.757300E+04   0.649569E-12   0.375401E-13   0.123747E-12
   0.757400E+04   0.210210E-11   0.111962E-12   0.489057E-12
   0.757500E+04   0.156608E-11   0.949740E-13   0.307178E-12
   0.757600E+04   0.166232E-12   0.372669E-13  -0.112110E-12
   0.757700E+04   0.231392E-12   0.463389E-13  -0.127602E-12
   0.757800E+04   0.204782E-11   0.136909E-12   0.339623E-12
   0.757900E+04   0.345486E-11   0.210170E-12   0.695350E-12
   0.758000E+04   0.284718E-11   0.190707E-12   0.499070E-12
   0.758100E+04   0.140081E-11   0.130530E-12   0.762488E-13
   0.758200E+04   0.142185E-11   0.135596E-12   0.626713E-13
   0.758300E+04   0.312079E-11   0.217363E-12   0.516169E-12
   0.758400E+04   0.430883E-11   0.276102E-12   0.834160E-12
   0.758500E+04   0.343887E-11   0.239008E-12   0.591975E-12
   0.758600E+04   0.175206E-11   0.160677E-12   0.133215E-12
   0.758700E+04   0.153986E-11   0.146296E-12   0.893653E-13
   0.758800E+04   0.294786E-11   0.204988E-12   0.499012E-12
   0.758900E+04   0.377840E-11   0.237715E-12   0.755005E-12
   0.759000E+04   0.256381E-11   0.176125E-12   0.452731E-12
   0.759100E+04   0.620512E-12   0.783531E-13  -0.442944E-13
   0.759200E+04   0.218219E-12   0.482034E-13  -0.110656E-12
   0.759300E+04   0.142038E-11   0.907930E-13   0.269397E-12
   0.759400E+04   0.200641E-11   0.106308E-12   0.481521E-12
   0.759500E+04   0.585348E-12   0.305619E-13   0.140897E-12
   0.759600E+04  -0.144504E-11  -0.739970E-13  -0.367655E-12
   0.759700E+04  -0.183117E-11  -0.104118E-12  -0.423531E-12
   0.759800E+04  -0.595329E-12  -0.588566E-13  -0.342152E-13
   0.759900E+04   0.327215E-14  -0.402805E-13   0.176113E-12
   0.760000E+04  -0.137323E-11  -0.110634E-12  -0.161888E-12
   0.760100E+04  -0.326784E-11  -0.205095E-12  -0.646392E-12
   0.760200E+04  -0.345456E-11  -0.221839E-12  -0.663913E-12
   0.760300E+04  -0.203926E-11  -0.163799E-12  -0.244598E-12
   0.760400E+04  -0.130917E-11  -0.134341E-12  -0.200128E-13
   0.760500E+04  -0.253832E-11  -0.192772E-12  -0.341610E-12
   0.760600E+04  -0.420417E-11  -0.271188E-12  -0.789331E-12
   0.760700E+04  -0.410571E-11  -0.268794E-12  -0.756468E-12
   0.760800E+04  -0.243210E-11  -0.192386E-12  -0.295832E-12
   0.760900E+04  -0.150211E-11  -0.147134E-12  -0.469628E-13
   0.761000E+04  -0.253440E-11  -0.190332E-12  -0.345055E-12
   0.761100E+04  -0.394919E-11  -0.251697E-12  -0.753577E-12
   0.761200E+04  -0.356890E-11  -0.231138E-12  -0.672376E-12
   0.761300E+04  -0.165085E-11  -0.137775E-12  -0.173713E-12
   0.761400E+04  -0.526785E-12  -0.768405E-13   0.990056E-13
   0.761500E+04  -0.135555E-11  -0.103210E-12  -0.172011E-12
   0.761600E+04  -0.251839E-11  -0.145888E-12  -0.537522E-12
   0.761700E+04  -0.189188E-11  -0.108333E-12  -0.410371E-12
   0.761800E+04   0.175906E-12  -0.421319E-14   0.113074E-12
   0.761900E+04   0.133884E-11   0.608490E-13   0.385332E-12
   0.762000E+04   0.513515E-12   0.357464E-13   0.109126E-12
   0.762100E+04  -0.623499E-12  -0.600962E-14  -0.250132E-12
   0.762200E+04   0.102040E-13   0.298312E-13  -0.116113E-12
   0.762300E+04   0.198545E-11   0.125811E-12   0.392312E-12
   0.762400E+04   0.295452E-11   0.176849E-12   0.626015E-12
   0.762500E+04   0.192707E-11   0.137096E-12   0.311616E-12
   0.762600E+04   0.654289E-12   0.841893E-13  -0.662431E-13
   0.762700E+04   0.118583E-11   0.110946E-12   0.592670E-13
   0.762800E+04   0.300745E-11   0.195675E-12   0.545882E-12
   0.762900E+04   0.375612E-11   0.232347E-12   0.740183E-12
   0.763000E+04   0.251759E-11   0.178661E-12   0.389368E-12
   0.763100E+04   0.110489E-11   0.115277E-12  -0.533624E-14
   0.763200E+04   0.153059E-11   0.133362E-12   0.112496E-12
   0.763300E+04   0.319825E-11   0.207335E-12   0.577982E-12
   0.763400E+04   0.373345E-11   0.230536E-12   0.734582E-12
   0.763500E+04   0.229766E-11   0.164157E-12   0.350193E-12
   0.763600E+04   0.760679E-12   0.915113E-13  -0.584895E-13
   0.763700E+04   0.109298E-11   0.101754E-12   0.533452E-13
   0.763800E+04   0.261493E-11   0.165285E-12   0.498000E-12
   0.763900E+04   0.294364E-11   0.174943E-12   0.616566E-12
   0.764000E+04   0.132036E-11   0.957358E-13   0.198558E-12
   0.764100E+04  -0.323465E-12   0.141961E-13  -0.223038E-12
   0.764200E+04  -0.527632E-13   0.182166E-13  -0.113899E-12
   0.764300E+04   0.137656E-11   0.747889E-13   0.316823E-12
   0.764400E+04   0.157450E-11   0.761993E-13   0.408252E-12
   0.764500E+04  -0.145652E-12  -0.955755E-14  -0.300191E-13
   0.764600E+04  -0.180205E-11  -0.937050E-13  -0.451118E-12
   0.764700E+04  -0.149686E-11  -0.896169E-13  -0.331658E-12
   0.764800E+04  -0.477242E-13  -0.322461E-13   0.100931E-12
   0.764900E+04   0.170159E-12  -0.277526E-13   0.188709E-12
   0.765000E+04  -0.144873E-11  -0.104177E-12  -0.236395E-12
   0.765100E+04  -0.288997E-11  -0.171958E-12  -0.617053E-12
   0.765200E+04  -0.233311E-11  -0.149354E-12  -0.448810E-12
   0.765300E+04  -0.699568E-12  -0.772577E-13   0.143844E-13
   0.765400E+04  -0.373728E-12  -0.626647E-13   0.113033E-12
   0.765500E+04  -0.187935E-11  -0.129613E-12  -0.298340E-12
   0.765600E+04  -0.315221E-11  -0.185983E-12  -0.648636E-12
   0.765700E+04  -0.242830E-11  -0.152834E-12  -0.448390E-12
   0.765800E+04  -0.716844E-12  -0.755987E-13   0.249953E-13
   0.765900E+04  -0.400610E-12  -0.613590E-13   0.112535E-12
   0.766000E+04  -0.191094E-11  -0.129321E-12  -0.306753E-12
   0.766100E+04  -0.311846E-11  -0.183343E-12  -0.645334E-12
   0.766200E+04  -0.229688E-11  -0.145444E-12  -0.425298E-12
   0.766300E+04  -0.529500E-12  -0.643733E-13   0.552134E-13
   0.766400E+04  -0.198980E-12  -0.476170E-13   0.137567E-12
   0.766500E+04  -0.166309E-11  -0.111424E-12  -0.278502E-12
   0.766600E+04  -0.275384E-11  -0.158057E-12  -0.594527E-12
   0.766700E+04  -0.180175E-11  -0.112176E-12  -0.348064E-12
   0.766800E+04   0.326480E-13  -0.261147E-13   0.141622E-12
   0.766900E+04   0.375523E-12  -0.697239E-14   0.218414E-12
   0.767000E+04  -0.104803E-11  -0.671044E-13  -0.195136E-12
   0.767100E+04  -0.202899E-11  -0.106783E-12  -0.489224E-12
   0.767200E+04  -0.958243E-12  -0.535353E-13  -0.217744E-12
   0.767300E+04   0.921919E-12   0.362108E-13   0.278036E-12
   0.767400E+04   0.124406E-11   0.553327E-13   0.344163E-12
   0.767500E+04  -0.183946E-12  -0.469829E-14  -0.740169E-13
   0.767600E+04  -0.110919E-11  -0.417835E-13  -0.355002E-12
   0.767700E+04   0.239436E-13   0.144386E-13  -0.678243E-13
   0.767800E+04   0.190041E-11   0.104236E-12   0.426105E-12
   0.767900E+04   0.216430E-11   0.120795E-12   0.476198E-12
   0.768000E+04   0.702869E-12   0.590256E-13   0.498796E-13
   0.768100E+04  -0.196679E-12   0.225767E-13  -0.221811E-12
   0.768200E+04   0.961082E-12   0.791520E-13   0.754395E-13
   0.768300E+04   0.279160E-11   0.165991E-12   0.560872E-12
   0.768400E+04   0.296177E-11   0.177583E-12   0.589850E-12
   0.768500E+04   0.144795E-11   0.113266E-12   0.154046E-12
   0.768600E+04   0.571336E-12   0.784061E-13  -0.106072E-12
   0.768700E+04   0.175494E-11   0.137017E-12   0.204642E-12
   0.768800E+04   0.352548E-11   0.221398E-12   0.682314E-12
   0.768900E+04   0.355404E-11   0.225385E-12   0.684664E-12
   0.769000E+04   0.189548E-11   0.151665E-12   0.225411E-12
   0.769100E+04   0.907062E-12   0.107604E-12  -0.454094E-13
   0.769200E+04   0.195355E-11   0.154924E-12   0.250749E-12
   0.769300E+04   0.349210E-11   0.222645E-12   0.690627E-12
   0.769400E+04   0.321321E-11   0.205114E-12   0.637241E-12
   0.769500E+04   0.125909E-11   0.109017E-12   0.127765E-12
   0.769600E+04   0.322327E-13   0.445745E-13  -0.176896E-12
   0.769700E+04   0.856730E-12   0.728838E-13   0.883690E-13
   0.769800E+04   0.214430E-11   0.121883E-12   0.485783E-12
   0.769900E+04   0.162219E-11   0.879395E-13   0.387307E-12
   0.770000E+04  -0.483360E-12  -0.185863E-13  -0.147081E-12
   0.770100E+04  -0.174931E-11  -0.868421E-13  -0.450732E-12
   0.770200E+04  -0.924857E-12  -0.593281E-13  -0.178521E-12
   0.770300E+04   0.331500E-12  -0.115158E-13   0.212671E-12
   0.770400E+04  -0.227022E-12  -0.459979E-13   0.102205E-12
   0.770500E+04  -0.229131E-11  -0.148650E-12  -0.426923E-12
   0.770600E+04  -0.341674E-11  -0.207570E-12  -0.701924E-12
   0.770700E+04  -0.242642E-11  -0.168707E-12  -0.397652E-12
   0.770800E+04  -0.105174E-11  -0.111212E-12   0.963446E-14
   0.770900E+04  -0.151764E-11  -0.137145E-12  -0.938698E-13
   0.771000E+04  -0.343616E-11  -0.228992E-12  -0.602941E-12
   0.771100E+04  -0.434167E-11  -0.273724E-12  -0.838978E-12
   0.771200E+04  -0.312561E-11  -0.220114E-12  -0.495812E-12
   0.771300E+04  -0.158204E-11  -0.150110E-12  -0.669036E-13
   0.771400E+04  -0.190536E-11  -0.164542E-12  -0.157293E-12
   0.771500E+04  -0.362665E-11  -0.242312E-12  -0.639134E-12
   0.771600E+04  -0.426287E-11  -0.269473E-12  -0.828951E-12
   0.771700E+04  -0.277781E-11  -0.197936E-12  -0.440487E-12
   0.771800E+04  -0.102946E-11  -0.112631E-12   0.155215E-13
   0.771900E+04  -0.118133E-11  -0.113215E-12  -0.568312E-13
   0.772000E+04  -0.268403E-11  -0.174969E-12  -0.507028E-12
   0.772100E+04  -0.303855E-11  -0.182937E-12  -0.647035E-12
   0.772200E+04  -0.128300E-11  -0.922023E-13  -0.210838E-12
   0.772300E+04   0.655791E-12   0.879744E-14   0.272797E-12
   0.772400E+04   0.633562E-12   0.203260E-13   0.214951E-12
   0.772500E+04  -0.736475E-12  -0.308872E-13  -0.214625E-12
   0.772600E+04  -0.951046E-12  -0.299142E-13  -0.326014E-12
   0.772700E+04   0.880507E-12   0.652940E-13   0.126933E-12
   0.772800E+04   0.277943E-11   0.164231E-12   0.600788E-12
   0.772900E+04   0.263965E-11   0.168653E-12   0.517371E-12
   0.773000E+04   0.114921E-11   0.108210E-12   0.675045E-13
   0.773100E+04   0.821357E-12   0.983241E-13  -0.564376E-13
   0.773200E+04   0.248759E-11   0.179250E-12   0.373836E-12
   0.773300E+04   0.414055E-11   0.260448E-12   0.804859E-12
   0.773400E+04   0.373632E-11   0.247267E-12   0.674053E-12
   0.773500E+04   0.204465E-11   0.172912E-12   0.194541E-12
   0.773600E+04   0.157137E-11   0.151705E-12   0.573074E-13
   0.773700E+04   0.305781E-11   0.219140E-12   0.466344E-12
   0.773800E+04   0.444305E-11   0.282115E-12   0.853234E-12
   0.773900E+04   0.373897E-11   0.248866E-12   0.669976E-12
   0.774000E+04   0.180768E-11   0.157274E-12   0.154242E-12
   0.774100E+04   0.116396E-11   0.122371E-12  -0.110794E-14
   0.774200E+04   0.246991E-11   0.176061E-12   0.385871E-12
   0.774300E+04   0.361113E-11   0.222612E-12   0.732065E-12
   0.774400E+04   0.264648E-11   0.172170E-12   0.502450E-12
   0.774500E+04   0.519559E-12   0.662565E-13  -0.430522E-13
   0.774600E+04  -0.251138E-12   0.202088E-13  -0.211071E-12
   0.774700E+04   0.920673E-12   0.626898E-13   0.158827E-12
   0.774800E+04   0.187584E-11   0.960413E-13   0.470709E-12
   0.774900E+04   0.728172E-12   0.329659E-13   0.204320E-12
   0.775000E+04  -0.149196E-11  -0.808071E-13  -0.357119E-12
   0.775100E+04  -0.225656E-11  -0.128902E-12  -0.518717E-12
   0.775200E+04  -0.104723E-11  -0.850460E-13  -0.139953E-12
   0.775300E+04  -0.632863E-13  -0.484425E-13   0.171636E-12
   0.775400E+04  -0.114367E-11  -0.104594E-12  -0.906006E-13
   0.775500E+04  -0.319272E-11  -0.205441E-12  -0.624224E-12
   0.775600E+04  -0.369805E-11  -0.235643E-12  -0.737681E-12
   0.775700E+04  -0.222469E-11  -0.172566E-12  -0.313118E-12
   0.775800E+04  -0.101596E-11  -0.117249E-12   0.301534E-13
   0.775900E+04  -0.186549E-11  -0.153566E-12  -0.200844E-12
   0.776000E+04  -0.362262E-11  -0.231985E-12  -0.686421E-12
   0.776100E+04  -0.380667E-11  -0.239575E-12  -0.741778E-12
   0.776200E+04  -0.207559E-11  -0.158223E-12  -0.273712E-12
   0.776300E+04  -0.710720E-12  -0.904031E-13   0.879611E-13
   0.776400E+04  -0.144369E-11  -0.116941E-12  -0.132677E-12
   0.776500E+04  -0.305253E-11  -0.185330E-12  -0.595748E-12
   0.776600E+04  -0.307751E-11  -0.184023E-12  -0.621572E-12
   0.776700E+04  -0.125870E-11  -0.985131E-13  -0.139824E-12
   0.776800E+04   0.102201E-12  -0.312669E-13   0.212647E-12
   0.776900E+04  -0.642421E-12  -0.581499E-13  -0.186188E-13
   0.777000E+04  -0.218481E-11  -0.122286E-12  -0.470843E-12
   0.777100E+04  -0.208953E-11  -0.113737E-12  -0.470466E-12
   0.777200E+04  -0.199168E-12  -0.235841E-13   0.257024E-13
   0.777300E+04   0.113836E-11   0.430548E-13   0.368675E-12
   0.777400E+04   0.342151E-12   0.134878E-13   0.122089E-12
   0.777500E+04  -0.119551E-11  -0.510689E-13  -0.328664E-12
   0.777600E+04  -0.105088E-11  -0.408648E-13  -0.313690E-12
   0.777700E+04   0.847707E-12   0.491341E-13   0.186544E-12
   0.777800E+04   0.211591E-11   0.112013E-12   0.513173E-12
   0.777900E+04   0.123681E-11   0.779050E-13   0.247580E-12
   0.778000E+04  -0.324132E-12   0.113207E-13  -0.204662E-12
   0.778100E+04  -0.165505E-12   0.209072E-13  -0.179769E-12
   0.778200E+04   0.169555E-11   0.107497E-12   0.317397E-12
   0.778300E+04   0.284206E-11   0.162582E-12   0.618998E-12
   0.778400E+04   0.182683E-11   0.119555E-12   0.325439E-12
   0.778500E+04   0.193967E-12   0.468299E-13  -0.136513E-12
   0.778600E+04   0.330219E-12   0.528391E-13  -0.107846E-12
   0.778700E+04   0.213999E-11   0.135223E-12   0.384247E-12
   0.778800E+04   0.318033E-11   0.184375E-12   0.664473E-12
   0.778900E+04   0.206813E-11   0.136303E-12   0.351251E-12
   0.779000E+04   0.408207E-12   0.616840E-13  -0.111159E-12
   0.779100E+04   0.554502E-12   0.671754E-13  -0.722963E-13
   0.779200E+04   0.232844E-11   0.146874E-12   0.417540E-12
   0.779300E+04   0.327155E-11   0.191035E-12   0.678114E-12
   0.779400E+04   0.207677E-11   0.139433E-12   0.348620E-12
   0.779500E+04   0.408299E-12   0.650265E-13  -0.109454E-12
   0.779600E+04   0.570670E-12   0.712540E-13  -0.577305E-13
   0.779700E+04   0.228275E-11   0.146754E-12   0.426354E-12
   0.779800E+04   0.306195E-11   0.180606E-12   0.655951E-12
   0.779900E+04   0.168359E-11   0.116785E-12   0.292245E-12
   0.780000E+04  -0.113945E-12   0.319429E-13  -0.183385E-12
   0.780100E+04  -0.596011E-13   0.278697E-13  -0.141878E-12
   0.780200E+04   0.147836E-11   0.891017E-13   0.315029E-12
   0.780300E+04   0.201067E-11   0.104954E-12   0.497330E-12
   0.780400E+04   0.414874E-12   0.253271E-13   0.921262E-13
   0.780500E+04  -0.147954E-11  -0.677591E-13  -0.396137E-12
   0.780600E+04  -0.142990E-11  -0.735275E-13  -0.346887E-12
   0.780700E+04   0.952221E-13  -0.127739E-13   0.111287E-12
   0.780800E+04   0.570123E-12   0.110841E-14   0.279576E-12
   0.780900E+04  -0.106051E-11  -0.794361E-13  -0.135782E-12
   0.781000E+04  -0.290075E-11  -0.169202E-12  -0.612184E-12
   0.781100E+04  -0.274012E-11  -0.168534E-12  -0.538268E-12
   0.781200E+04  -0.113312E-11  -0.102058E-12  -0.662970E-13
   0.781300E+04  -0.623386E-12  -0.841234E-13   0.100315E-12
   0.781400E+04  -0.219067E-11  -0.158923E-12  -0.311061E-12
   0.781500E+04  -0.387762E-11  -0.238406E-12  -0.760728E-12
   0.781600E+04  -0.351667E-11  -0.224944E-12  -0.648922E-12
   0.781700E+04  -0.175550E-11  -0.147739E-12  -0.153092E-12
   0.781800E+04  -0.115694E-11  -0.122402E-12   0.186286E-13
   0.781900E+04  -0.262305E-11  -0.189645E-12  -0.384746E-12
   0.782000E+04  -0.413043E-11  -0.258017E-12  -0.805627E-12
   0.782100E+04  -0.354500E-11  -0.230837E-12  -0.654079E-12
   0.782200E+04  -0.159376E-11  -0.140541E-12  -0.129851E-12
   0.782300E+04  -0.848545E-12  -0.103148E-12   0.565182E-13
   0.782400E+04  -0.213760E-11  -0.156322E-12  -0.324973E-12
   0.782500E+04  -0.339093E-11  -0.206972E-12  -0.702901E-12
   0.782600E+04  -0.253119E-11  -0.161447E-12  -0.502004E-12
   0.782700E+04  -0.376192E-12  -0.565036E-13   0.534892E-13
   0.782800E+04   0.499545E-12  -0.803444E-14   0.252290E-12
   0.782900E+04  -0.642742E-12  -0.491218E-13  -0.111165E-12
   0.783000E+04  -0.167602E-11  -0.838282E-13  -0.449491E-12
   0.783100E+04  -0.583405E-12  -0.217208E-13  -0.202956E-12
   0.783200E+04   0.171056E-11   0.945555E-13   0.376548E-12
   0.783300E+04   0.261005E-11   0.147234E-12   0.573334E-12
   0.783400E+04   0.145475E-11   0.106621E-12   0.203992E-12
   0.783500E+04   0.431499E-12   0.718040E-13  -0.127905E-12
   0.783600E+04   0.151247E-11   0.131563E-12   0.124655E-12
   0.783700E+04   0.368782E-11   0.239276E-12   0.686243E-12
   0.783800E+04   0.435820E-11   0.276713E-12   0.840266E-12
   0.783900E+04   0.295179E-11   0.218312E-12   0.427216E-12
   0.784000E+04   0.172130E-11   0.166849E-12   0.675646E-13
   0.784100E+04   0.260252E-11   0.210259E-12   0.296834E-12
   0.784200E+04   0.451108E-11   0.298845E-12   0.818098E-12
   0.784300E+04   0.484942E-11   0.314208E-12   0.915005E-12
   0.784400E+04   0.312699E-11   0.234096E-12   0.450420E-12
   0.784500E+04   0.164535E-11   0.163413E-12   0.579952E-13
   0.784600E+04   0.228936E-11   0.187950E-12   0.258609E-12
   0.784700E+04   0.389828E-11   0.254745E-12   0.733590E-12
   0.784800E+04   0.388642E-11   0.246094E-12   0.769197E-12
   0.784900E+04   0.185644E-11   0.144227E-12   0.253281E-12
   0.785000E+04   0.163881E-12   0.568256E-13  -0.166390E-12
   0.785100E+04   0.639529E-12   0.673583E-13   0.155918E-13
   0.785200E+04   0.203860E-11   0.118777E-12   0.457282E-12
   0.785300E+04   0.177940E-11   0.931418E-13   0.446134E-12
   0.785400E+04  -0.446203E-12  -0.232722E-13  -0.105773E-12
   0.785500E+04  -0.222427E-11  -0.119426E-12  -0.535802E-12
   0.785600E+04  -0.176298E-11  -0.112535E-12  -0.351010E-12
   0.785700E+04  -0.371133E-12  -0.617711E-13   0.876877E-13
   0.785800E+04  -0.615752E-12  -0.843254E-13   0.715559E-13
   0.785900E+04  -0.272705E-11  -0.190875E-12  -0.465053E-12
   0.786000E+04  -0.426534E-11  -0.269903E-12  -0.851123E-12
   0.786100E+04  -0.351653E-11  -0.242794E-12  -0.613872E-12
   0.786200E+04  -0.187980E-11  -0.173299E-12  -0.138110E-12
   0.786300E+04  -0.191261E-11  -0.178355E-12  -0.129251E-12
   0.786400E+04  -0.375571E-11  -0.264352E-12  -0.627950E-12
   0.786500E+04  -0.492710E-11  -0.317407E-12  -0.951333E-12
   0.786600E+04  -0.378008E-11  -0.261839E-12  -0.644597E-12
   0.786700E+04  -0.180687E-11  -0.166237E-12  -0.116751E-12
   0.786800E+04  -0.157114E-11  -0.148961E-12  -0.728496E-13
   0.786900E+04  -0.314498E-11  -0.214188E-12  -0.532819E-12
   0.787000E+04  -0.401618E-11  -0.246763E-12  -0.804700E-12
   0.787100E+04  -0.259878E-11  -0.173248E-12  -0.450614E-12
   0.787200E+04  -0.455868E-12  -0.650718E-13   0.100662E-12
   0.787300E+04  -0.134656E-12  -0.400839E-13   0.149012E-12
   0.787400E+04  -0.162855E-11  -0.994493E-13  -0.303000E-12
   0.787500E+04  -0.239624E-11  -0.126869E-12  -0.555100E-12
   0.787600E+04  -0.911331E-12  -0.510788E-13  -0.186573E-12
   0.787700E+04   0.120539E-11   0.547267E-13   0.356554E-12
   0.787800E+04   0.144273E-11   0.748540E-13   0.383091E-12
   0.787900E+04  -0.103125E-12   0.121044E-13  -0.798583E-13
   0.788000E+04  -0.868449E-12  -0.166592E-13  -0.325430E-12
   0.788100E+04   0.595602E-12   0.559533E-13   0.460019E-13
   0.788200E+04   0.259575E-11   0.153443E-12   0.568215E-12
   0.788300E+04   0.265467E-11   0.161920E-12   0.558748E-12
   0.788400E+04   0.966678E-12   0.890106E-13   0.710855E-13
   0.788500E+04   0.128752E-12   0.533748E-13  -0.179243E-12
   0.788600E+04   0.151767E-11   0.119188E-12   0.187328E-12
   0.788700E+04   0.336482E-11   0.206293E-12   0.683941E-12
   0.788800E+04   0.321724E-11   0.201519E-12   0.635128E-12
   0.788900E+04   0.135695E-11   0.116278E-12   0.118602E-12
   0.789000E+04   0.410768E-12   0.708253E-13  -0.142392E-12
   0.789100E+04   0.169173E-11   0.127016E-12   0.213186E-12
   0.789200E+04   0.337230E-11   0.202535E-12   0.681307E-12
   0.789300E+04   0.303738E-11   0.186110E-12   0.596483E-12
   0.789400E+04   0.105791E-11   0.930723E-13   0.609486E-13
   0.789500E+04   0.792718E-13   0.443483E-13  -0.196797E-12
   0.789600E+04   0.133488E-11   0.980373E-13   0.162433E-12
   0.789700E+04   0.292544E-11   0.168351E-12   0.615009E-12
   0.789800E+04   0.246648E-11   0.145111E-12   0.504276E-12
   0.789900E+04   0.416514E-12   0.475122E-13  -0.431488E-13
   0.790000E+04  -0.555121E-12  -0.207704E-14  -0.292426E-12
   0.790100E+04   0.717081E-12   0.519957E-13   0.762151E-13
   0.790200E+04   0.227255E-11   0.121452E-12   0.521955E-12
   0.790300E+04   0.175536E-11   0.968745E-13   0.396794E-12
   0.790400E+04  -0.307187E-12  -0.490745E-15  -0.152100E-12
   0.790500E+04  -0.124521E-11  -0.489774E-13  -0.388578E-12
   0.790600E+04   0.303151E-13   0.385035E-14  -0.141974E-13
   0.790700E+04   0.151287E-11   0.685770E-13   0.416229E-12
   0.790800E+04   0.902701E-12   0.390369E-13   0.269079E-12
   0.790900E+04  -0.118572E-11  -0.597407E-13  -0.284356E-12
   0.791000E+04  -0.208387E-11  -0.106896E-12  -0.507382E-12
   0.791100E+04  -0.792915E-12  -0.545183E-13  -0.125898E-12
   0.791200E+04   0.626624E-12   0.592629E-14   0.289759E-12
   0.791300E+04  -0.627616E-13  -0.280241E-13   0.121802E-12
   0.791400E+04  -0.214629E-11  -0.126249E-12  -0.431683E-12
   0.791500E+04  -0.295036E-11  -0.167908E-12  -0.632364E-12
   0.791600E+04  -0.157353E-11  -0.110247E-12  -0.232067E-12
   0.791700E+04  -0.146485E-12  -0.484640E-13   0.180211E-12
   0.791800E+04  -0.858582E-12  -0.828064E-13  -0.101314E-15
   0.791900E+04  -0.289795E-11  -0.178308E-12  -0.548727E-12
   0.792000E+04  -0.357729E-11  -0.213109E-12  -0.724071E-12
   0.792100E+04  -0.207923E-11  -0.148203E-12  -0.301183E-12
   0.792200E+04  -0.596845E-12  -0.818523E-13   0.114091E-12
   0.792300E+04  -0.127512E-11  -0.112577E-12  -0.701321E-13
   0.792400E+04  -0.321672E-11  -0.201653E-12  -0.605774E-12
   0.792500E+04  -0.372933E-11  -0.226880E-12  -0.749958E-12
   0.792600E+04  -0.207710E-11  -0.152689E-12  -0.300536E-12
   0.792700E+04  -0.504268E-12  -0.794187E-13   0.122283E-12
   0.792800E+04  -0.110198E-11  -0.103053E-12  -0.585167E-13
   0.792900E+04  -0.288760E-11  -0.181051E-12  -0.571058E-12
   0.793000E+04  -0.317164E-11  -0.191442E-12  -0.672935E-12
   0.793100E+04  -0.130798E-11  -0.102812E-12  -0.186518E-12
   0.793200E+04   0.402721E-12  -0.182052E-13   0.252745E-12
   0.793300E+04  -0.820852E-13  -0.316919E-13   0.818660E-13
   0.793400E+04  -0.170154E-11  -0.975252E-13  -0.404899E-12
   0.793500E+04  -0.177291E-11  -0.941218E-13  -0.466514E-12
   0.793600E+04   0.266188E-12   0.648512E-14   0.514361E-13
   0.793700E+04   0.207261E-11   0.998464E-13   0.501425E-12
   0.793800E+04   0.166144E-11   0.946053E-13   0.336647E-12
   0.793900E+04   0.164257E-12   0.390689E-13  -0.127787E-12
   0.794000E+04   0.235599E-12   0.525156E-13  -0.156786E-12
   0.794100E+04   0.233461E-11   0.157600E-12   0.376757E-12
   0.794200E+04   0.407204E-11   0.247941E-12   0.812596E-12
   0.794300E+04   0.353225E-11   0.235824E-12   0.622502E-12
   0.794400E+04   0.193177E-11   0.173446E-12   0.145037E-12
   0.794500E+04   0.190343E-11   0.178425E-12   0.110128E-12
   0.794600E+04   0.380412E-11   0.268065E-12   0.617338E-12
   0.794700E+04   0.520486E-11   0.334344E-12   0.994776E-12
   0.794800E+04   0.427827E-11   0.294727E-12   0.736443E-12
   0.794900E+04   0.235302E-11   0.207849E-12   0.209488E-12
   0.795000E+04   0.206281E-11   0.191902E-12   0.142785E-12
   0.795100E+04   0.366823E-11   0.259370E-12   0.609308E-12
   0.795200E+04   0.468776E-11   0.299131E-12   0.922954E-12
   0.795300E+04   0.335995E-11   0.231486E-12   0.595473E-12
   0.795400E+04   0.110861E-11   0.119888E-12   0.189867E-13
   0.795500E+04   0.566611E-12   0.831055E-13  -0.792551E-13
   0.795600E+04   0.191023E-11   0.130022E-12   0.349581E-12
   0.795700E+04   0.261938E-11   0.147691E-12   0.608338E-12
   0.795800E+04   0.100395E-11   0.597148E-13   0.227923E-12
   0.795900E+04  -0.142045E-11  -0.658258E-13  -0.375219E-12
   0.796000E+04  -0.202528E-11  -0.109716E-12  -0.476293E-12
   0.796100E+04  -0.716535E-12  -0.663826E-13  -0.501104E-13
   0.796200E+04  -0.503772E-13  -0.504098E-13   0.196018E-12
   0.796300E+04  -0.165320E-11  -0.135604E-12  -0.188927E-12
   0.796400E+04  -0.393824E-11  -0.251012E-12  -0.768085E-12
   0.796500E+04  -0.430504E-11  -0.278928E-12  -0.823775E-12
   0.796600E+04  -0.275573E-11  -0.218252E-12  -0.356955E-12
   0.796700E+04  -0.188363E-11  -0.185333E-12  -0.848476E-13
   0.796800E+04  -0.324921E-11  -0.251196E-12  -0.439601E-12
   0.796900E+04  -0.519850E-11  -0.342239E-12  -0.964693E-12
   0.797000E+04  -0.516766E-11  -0.342854E-12  -0.951337E-12
   0.797100E+04  -0.325769E-11  -0.256572E-12  -0.427048E-12
   0.797200E+04  -0.209031E-11  -0.200727E-12  -0.116787E-12
   0.797300E+04  -0.314604E-11  -0.242232E-12  -0.430662E-12
   0.797400E+04  -0.469718E-11  -0.304055E-12  -0.891142E-12
   0.797500E+04  -0.422420E-11  -0.273221E-12  -0.800022E-12
   0.797600E+04  -0.194414E-11  -0.159529E-12  -0.214834E-12
   0.797700E+04  -0.523259E-12  -0.830167E-13   0.128638E-12
   0.797800E+04  -0.137003E-11  -0.107389E-12  -0.159196E-12
   0.797900E+04  -0.268228E-11  -0.152073E-12  -0.579877E-12
   0.798000E+04  -0.197870E-11  -0.106083E-12  -0.444981E-12
   0.798100E+04   0.415927E-12   0.151934E-13   0.159327E-12
   0.798200E+04   0.180153E-11   0.897143E-13   0.488448E-12
   0.798300E+04   0.857261E-12   0.581872E-13   0.176176E-12
   0.798400E+04  -0.517930E-12   0.677898E-14  -0.254132E-12
   0.798500E+04   0.145188E-12   0.470193E-13  -0.119087E-12
   0.798600E+04   0.243506E-11   0.159829E-12   0.470477E-12
   0.798700E+04   0.362252E-11   0.221354E-12   0.762089E-12
   0.798800E+04   0.245950E-11   0.175086E-12   0.409857E-12
   0.798900E+04   0.917304E-12   0.110444E-12  -0.432187E-13
   0.799000E+04   0.143575E-11   0.137942E-12   0.773983E-13
   0.799100E+04   0.351631E-11   0.234792E-12   0.636188E-12
   0.799200E+04   0.441312E-11   0.276412E-12   0.875637E-12
   0.799300E+04   0.296310E-11   0.210228E-12   0.472893E-12
   0.799400E+04   0.121379E-11   0.129433E-12  -0.865182E-14
   0.799500E+04   0.157358E-11   0.143504E-12   0.960975E-13
   0.799600E+04   0.345490E-11   0.225738E-12   0.626530E-12
   0.799700E+04   0.409389E-11   0.250535E-12   0.820042E-12
   0.799800E+04   0.240796E-11   0.168729E-12   0.376030E-12
   0.799900E+04   0.512314E-12   0.765895E-13  -0.123566E-12
   0.800000E+04   0.777272E-12   0.820981E-13  -0.245740E-13
   0.800100E+04   0.252787E-11   0.154824E-12   0.487746E-12
   0.800200E+04   0.299016E-11   0.168794E-12   0.647620E-12
   0.800300E+04   0.116689E-11   0.786742E-13   0.177869E-12
   0.800400E+04  -0.764082E-12  -0.165402E-13  -0.322141E-12
   0.800500E+04  -0.482294E-12  -0.113310E-13  -0.211721E-12
   0.800600E+04   0.124093E-11   0.592792E-13   0.297487E-12
   0.800700E+04   0.162219E-11   0.688849E-13   0.436981E-12
   0.800800E+04  -0.241668E-12  -0.231738E-13  -0.449463E-13
   0.800900E+04  -0.209943E-11  -0.113930E-12  -0.529296E-12
   0.801000E+04  -0.167385E-11  -0.994328E-13  -0.387503E-12
   0.801100E+04   0.166412E-12  -0.193292E-13   0.142430E-12
   0.801200E+04   0.618207E-12  -0.155374E-14   0.287554E-12
   0.801300E+04  -0.114569E-11  -0.838822E-13  -0.181865E-12
   0.801400E+04  -0.282120E-11  -0.161194E-12  -0.631421E-12
   0.801500E+04  -0.218954E-11  -0.132382E-12  -0.447853E-12
   0.801600E+04  -0.222676E-12  -0.422882E-13   0.103401E-12
   0.801700E+04   0.258175E-12  -0.203855E-13   0.245506E-12
   0.801800E+04  -0.149168E-11  -0.101061E-12  -0.227999E-12
   0.801900E+04  -0.310240E-11  -0.175781E-12  -0.665103E-12
   0.802000E+04  -0.239136E-11  -0.144105E-12  -0.463798E-12
   0.802100E+04  -0.405483E-12  -0.534654E-13   0.886190E-13
   0.802200E+04   0.379495E-13  -0.329975E-13   0.215940E-12
   0.802300E+04  -0.172042E-11  -0.113577E-12  -0.264551E-12
   0.802400E+04  -0.326211E-11  -0.184872E-12  -0.687075E-12
   0.802500E+04  -0.246426E-11  -0.149328E-12  -0.466017E-12
   0.802600E+04  -0.462588E-12  -0.583835E-13   0.866480E-13
   0.802700E+04  -0.686482E-13  -0.408055E-13   0.195986E-12
   0.802800E+04  -0.184487E-11  -0.122829E-12  -0.294398E-12
   0.802900E+04  -0.331197E-11  -0.190937E-12  -0.702508E-12
   0.803000E+04  -0.239925E-11  -0.149515E-12  -0.457632E-12
   0.803100E+04  -0.329879E-12  -0.538825E-13   0.104018E-12
   0.803200E+04   0.841277E-13  -0.331787E-13   0.207815E-12
   0.803300E+04  -0.163650E-11  -0.110369E-12  -0.279004E-12
   0.803400E+04  -0.296767E-11  -0.170152E-12  -0.661626E-12
   0.803500E+04  -0.189974E-11  -0.119558E-12  -0.386191E-12
   0.803600E+04   0.260606E-12  -0.174292E-13   0.187787E-12
   0.803700E+04   0.713374E-12   0.779929E-14   0.288836E-12
   0.803800E+04  -0.926970E-12  -0.625619E-13  -0.189898E-12
   0.803900E+04  -0.209040E-11  -0.111157E-12  -0.540720E-12
   0.804000E+04  -0.835860E-12  -0.482618E-13  -0.228330E-12
   0.804100E+04   0.143585E-11   0.626830E-13   0.362407E-12
   0.804200E+04   0.192863E-11   0.930112E-13   0.461802E-12
   0.804300E+04   0.348446E-12   0.281030E-13  -0.113699E-13
   0.804400E+04  -0.682732E-12  -0.118271E-13  -0.335337E-12
   0.804500E+04   0.720393E-12   0.611736E-13   0.927342E-14
   0.804600E+04   0.307401E-11   0.180154E-12   0.614758E-12
   0.804700E+04   0.358235E-11   0.215752E-12   0.712826E-12
   0.804800E+04   0.201948E-11   0.155114E-12   0.243184E-12
   0.804900E+04   0.102700E-11   0.118289E-12  -0.651615E-13
   0.805000E+04   0.241410E-11   0.189554E-12   0.286803E-12
   0.805100E+04   0.461866E-11   0.298749E-12   0.869418E-12
   0.805200E+04   0.486921E-11   0.317850E-12   0.920630E-12
   0.805300E+04   0.303371E-11   0.238076E-12   0.406012E-12
   0.805400E+04   0.179036E-11   0.180897E-12   0.645974E-13
   0.805500E+04   0.288451E-11   0.228003E-12   0.376899E-12
   0.805600E+04   0.469322E-11   0.307454E-12   0.894539E-12
   0.805700E+04   0.449297E-11   0.294523E-12   0.866397E-12
   0.805800E+04   0.226435E-11   0.186141E-12   0.287428E-12
   0.805900E+04   0.723596E-12   0.105367E-12  -0.934908E-13
   0.806000E+04   0.153570E-11   0.129717E-12   0.181904E-12
   0.806100E+04   0.299419E-11   0.183125E-12   0.641897E-12
   0.806200E+04   0.240971E-11   0.142671E-12   0.543749E-12
   0.806300E+04  -0.120790E-12   0.114090E-13  -0.872591E-13
   0.806400E+04  -0.182424E-11  -0.839215E-13  -0.488577E-12
   0.806500E+04  -0.109430E-11  -0.676224E-13  -0.219642E-12
   0.806600E+04   0.287517E-12  -0.189819E-13   0.226679E-12
   0.806700E+04  -0.349670E-12  -0.606307E-13   0.113449E-12
   0.806800E+04  -0.282976E-11  -0.186827E-12  -0.510870E-12
   0.806900E+04  -0.436440E-11  -0.270856E-12  -0.878343E-12
   0.807000E+04  -0.343159E-11  -0.241064E-12  -0.571155E-12
   0.807100E+04  -0.188901E-11  -0.180033E-12  -0.103148E-12
   0.807200E+04  -0.237366E-11  -0.208657E-12  -0.201851E-12
   0.807300E+04  -0.461372E-11  -0.316811E-12  -0.792036E-12
   0.807400E+04  -0.579749E-11  -0.376785E-12  -0.109881E-11
   0.807500E+04  -0.448779E-11  -0.320876E-12  -0.727286E-12
   0.807600E+04  -0.262418E-11  -0.235597E-12  -0.213269E-12
   0.807700E+04  -0.281876E-11  -0.241132E-12  -0.276458E-12
   0.807800E+04  -0.471333E-11  -0.323849E-12  -0.816694E-12
   0.807900E+04  -0.547561E-11  -0.355087E-12  -0.105278E-11
   0.808000E+04  -0.374334E-11  -0.269921E-12  -0.610630E-12
   0.808100E+04  -0.152021E-11  -0.157060E-12  -0.440423E-13
   0.808200E+04  -0.138472E-11  -0.135193E-12  -0.626734E-13
   0.808300E+04  -0.290763E-11  -0.188608E-12  -0.544414E-12
   0.808400E+04  -0.327187E-11  -0.190984E-12  -0.709234E-12
   0.808500E+04  -0.122439E-11  -0.834294E-13  -0.211018E-12
   0.808600E+04   0.115667E-11   0.419836E-13   0.376379E-12
   0.808700E+04   0.134373E-11   0.694807E-13   0.356881E-12
   0.808800E+04  -0.133164E-12   0.196039E-13  -0.119737E-12
   0.808900E+04  -0.447887E-12   0.186646E-13  -0.270322E-12
   0.809000E+04   0.155762E-11   0.120753E-12   0.225529E-12
   0.809100E+04   0.374284E-11   0.231257E-12   0.776011E-12
   0.809200E+04   0.364936E-11   0.238709E-12   0.702089E-12
   0.809300E+04   0.193053E-11   0.170496E-12   0.185370E-12
   0.809400E+04   0.143777E-11   0.154504E-12   0.148616E-13
   0.809500E+04   0.323413E-11   0.239985E-12   0.484864E-12
   0.809600E+04   0.509997E-11   0.327948E-12   0.982170E-12
   0.809700E+04   0.462282E-11   0.308767E-12   0.840174E-12
   0.809800E+04   0.256492E-11   0.215287E-12   0.269333E-12
   0.809900E+04   0.180753E-11   0.177612E-12   0.652644E-13
   0.810000E+04   0.333909E-11   0.242274E-12   0.500318E-12
   0.810100E+04   0.488131E-11   0.307842E-12   0.944368E-12
   0.810200E+04   0.407132E-11   0.266799E-12   0.744339E-12
   0.810300E+04   0.176271E-11   0.155822E-12   0.136050E-12
   0.810400E+04   0.839851E-12   0.104846E-12  -0.838691E-13
   0.810500E+04   0.219814E-11   0.155996E-12   0.331181E-12
   0.810600E+04   0.349858E-11   0.205105E-12   0.733969E-12
   0.810700E+04   0.243678E-11   0.147518E-12   0.487061E-12
   0.810800E+04  -0.321829E-13   0.248122E-13  -0.146238E-12
   0.810900E+04  -0.101366E-11  -0.323398E-13  -0.366984E-12
   0.811000E+04   0.300081E-12   0.143910E-13   0.466959E-13
   0.811100E+04   0.151197E-11   0.582248E-13   0.431172E-12
   0.811200E+04   0.371437E-12  -0.324322E-14   0.163895E-12
   0.811300E+04  -0.207763E-11  -0.124703E-12  -0.466921E-12
   0.811400E+04  -0.294119E-11  -0.175552E-12  -0.662316E-12
   0.811500E+04  -0.149511E-11  -0.120680E-12  -0.224164E-12
   0.811600E+04  -0.174294E-12  -0.674916E-13   0.172135E-12
   0.811700E+04  -0.115639E-11  -0.114257E-12  -0.766154E-13
   0.811800E+04  -0.331386E-11  -0.212202E-12  -0.658004E-12
   0.811900E+04  -0.379058E-11  -0.234063E-12  -0.780496E-12
   0.812000E+04  -0.199940E-11  -0.152903E-12  -0.280294E-12
   0.812100E+04  -0.454524E-12  -0.807951E-13   0.147449E-12
   0.812200E+04  -0.127172E-11  -0.113021E-12  -0.830081E-13
   0.812300E+04  -0.322238E-11  -0.195609E-12  -0.631599E-12
   0.812400E+04  -0.345908E-11  -0.201699E-12  -0.708686E-12
   0.812500E+04  -0.150672E-11  -0.110196E-12  -0.180119E-12
   0.812600E+04   0.570594E-13  -0.366361E-13   0.242212E-12
   0.812700E+04  -0.808832E-12  -0.724305E-13  -0.764855E-14
   0.812800E+04  -0.275719E-11  -0.156864E-12  -0.558940E-12
   0.812900E+04  -0.292673E-11  -0.161307E-12  -0.619984E-12
   0.813000E+04  -0.936471E-12  -0.688691E-13  -0.830321E-13
   0.813100E+04   0.573738E-12   0.131219E-14   0.323495E-12
   0.813200E+04  -0.380201E-12  -0.402341E-13   0.498709E-13
   0.813300E+04  -0.235640E-11  -0.128340E-12  -0.507468E-12
   0.813400E+04  -0.249109E-11  -0.133521E-12  -0.557327E-12
   0.813500E+04  -0.488014E-12  -0.420750E-13  -0.163880E-13
   0.813600E+04   0.970426E-12   0.251051E-13   0.374782E-12
   0.813700E+04  -0.328810E-13  -0.185792E-13   0.851136E-13
   0.813800E+04  -0.197154E-11  -0.104348E-12  -0.465266E-12
   0.813900E+04  -0.200209E-11  -0.103845E-12  -0.490411E-12
   0.814000E+04   0.681009E-13  -0.832800E-14   0.647217E-13
   0.814100E+04   0.150849E-11   0.588765E-13   0.446530E-12
   0.814200E+04   0.473485E-12   0.143680E-13   0.143734E-12
   0.814300E+04  -0.141925E-11  -0.687063E-13  -0.398515E-12
   0.814400E+04  -0.134041E-11  -0.623138E-13  -0.398448E-12
   0.814500E+04   0.806230E-12   0.380817E-13   0.172168E-12
   0.814600E+04   0.224904E-11   0.107257E-12   0.548360E-12
   0.814700E+04   0.121485E-11   0.649698E-13   0.239000E-12
   0.814800E+04  -0.596292E-12  -0.120485E-13  -0.287651E-12
   0.814900E+04  -0.382478E-12   0.282397E-14  -0.256885E-12
   0.815000E+04   0.184952E-11   0.109359E-12   0.331454E-12
   0.815100E+04   0.329254E-11   0.180896E-12   0.702536E-12
   0.815200E+04   0.225709E-11   0.141414E-12   0.388053E-12
   0.815300E+04   0.530033E-12   0.718417E-13  -0.119634E-12
   0.815400E+04   0.875740E-12   0.966539E-13  -0.550161E-13
   0.815500E+04   0.316265E-11   0.208805E-12   0.549612E-12
   0.815600E+04   0.452510E-11   0.277802E-12   0.905109E-12
   0.815700E+04   0.334414E-11   0.230404E-12   0.563374E-12
   0.815800E+04   0.149574E-11   0.151973E-12   0.410520E-13
   0.815900E+04   0.172308E-11   0.166484E-12   0.972945E-13
   0.816000E+04   0.379250E-11   0.262143E-12   0.671627E-12
   0.816100E+04   0.479998E-11   0.306207E-12   0.964480E-12
   0.816200E+04   0.321103E-11   0.229207E-12   0.550429E-12
   0.816300E+04   0.100335E-11   0.121982E-12  -0.277399E-13
   0.816400E+04   0.916997E-12   0.109708E-12  -0.142887E-13
   0.816500E+04   0.263950E-11   0.177926E-12   0.506464E-12
   0.816600E+04   0.324651E-11   0.193120E-12   0.728181E-12
   0.816700E+04   0.129038E-11   0.896428E-13   0.248605E-12
   0.816800E+04  -0.116223E-11  -0.373438E-13  -0.366110E-12
   0.816900E+04  -0.139014E-11  -0.627954E-13  -0.367024E-12
   0.817000E+04   0.206564E-12  -0.456028E-14   0.136159E-12
   0.817100E+04   0.679344E-12   0.272252E-14   0.330208E-12
   0.817200E+04  -0.134250E-11  -0.103582E-12  -0.165281E-12
   0.817300E+04  -0.372456E-11  -0.225681E-12  -0.764682E-12
   0.817400E+04  -0.379006E-11  -0.240743E-12  -0.730786E-12
   0.817500E+04  -0.204420E-11  -0.171546E-12  -0.201897E-12
   0.817600E+04  -0.146475E-11  -0.154396E-12   0.131437E-14
   0.817700E+04  -0.334329E-11  -0.248724E-12  -0.478949E-12
   0.817800E+04  -0.547482E-11  -0.353659E-12  -0.103703E-11
   0.817900E+04  -0.522348E-11  -0.348022E-12  -0.946877E-12
   0.818000E+04  -0.319205E-11  -0.258764E-12  -0.373764E-12
   0.818100E+04  -0.237674E-11  -0.222964E-12  -0.143333E-12
   0.818200E+04  -0.398259E-11  -0.296217E-12  -0.589112E-12
   0.818300E+04  -0.573534E-11  -0.374575E-12  -0.108582E-11
   0.818400E+04  -0.504840E-11  -0.339135E-12  -0.920442E-12
   0.818500E+04  -0.263106E-11  -0.221852E-12  -0.286919E-12
   0.818600E+04  -0.150331E-11  -0.161195E-12  -0.165420E-13
   0.818700E+04  -0.278587E-11  -0.209135E-12  -0.418691E-12
   0.818800E+04  -0.413657E-11  -0.258544E-12  -0.848662E-12
   0.818900E+04  -0.301975E-11  -0.192687E-12  -0.606798E-12
   0.819000E+04  -0.255143E-12  -0.488453E-13   0.836784E-13
   0.819100E+04   0.110421E-11   0.320662E-13   0.384238E-12
   0.819200E+04   0.686943E-14   0.134536E-15   0.666136E-14
   0.819300E+04  -0.115054E-11  -0.355927E-13  -0.387994E-12
   0.819400E+04   0.115705E-12   0.394128E-13  -0.114091E-12
   0.819500E+04   0.289115E-11   0.183906E-12   0.578819E-12
   0.819600E+04   0.411389E-11   0.256527E-12   0.849768E-12
   0.819700E+04   0.282170E-11   0.211038E-12   0.435369E-12
   0.819800E+04   0.147705E-11   0.159380E-12   0.146093E-13
   0.819900E+04   0.252253E-11   0.214816E-12   0.260518E-12
   0.820000E+04   0.496802E-11   0.333721E-12   0.900643E-12
   0.820100E+04   0.576729E-11   0.376309E-12   0.109643E-11
   0.820200E+04   0.406441E-11   0.301468E-12   0.612606E-12
   0.820300E+04   0.238773E-11   0.224057E-12   0.145690E-12
   0.820400E+04   0.312501E-11   0.254819E-12   0.352914E-12
   0.820500E+04   0.519473E-11   0.346149E-12   0.935702E-12
   0.820600E+04   0.555713E-11   0.358784E-12   0.105634E-11
   0.820700E+04   0.345970E-11   0.256461E-12   0.507356E-12
   0.820800E+04   0.149566E-11   0.157098E-12   0.260153E-14
   0.820900E+04   0.199610E-11   0.169005E-12   0.183174E-12
   0.821000E+04   0.378509E-11   0.240355E-12   0.724029E-12
   0.821100E+04   0.382425E-11   0.231800E-12   0.787647E-12
   0.821200E+04   0.145645E-11   0.111132E-12   0.192919E-12
   0.821300E+04  -0.668223E-12  -0.128178E-14  -0.330737E-12
   0.821400E+04  -0.277372E-12   0.394043E-15  -0.158975E-12
   0.821500E+04   0.136531E-11   0.607089E-13   0.358118E-12
   0.821600E+04   0.123389E-11   0.411477E-13   0.385779E-12
   0.821700E+04  -0.122457E-11  -0.856196E-13  -0.228808E-12
   0.821800E+04  -0.329897E-11  -0.196173E-12  -0.739908E-12
   0.821900E+04  -0.277324E-11  -0.186712E-12  -0.539519E-12
   0.822000E+04  -0.997288E-12  -0.116138E-12  -0.220990E-14
   0.822100E+04  -0.989242E-12  -0.122656E-12   0.395483E-13
   0.822200E+04  -0.321462E-11  -0.230225E-12  -0.541735E-12
   0.822300E+04  -0.492691E-11  -0.314479E-12  -0.988925E-12
   0.822400E+04  -0.398898E-11  -0.275437E-12  -0.714585E-12
   0.822500E+04  -0.184819E-11  -0.176335E-12  -0.119390E-12
   0.822600E+04  -0.151890E-11  -0.155433E-12  -0.336349E-13
   0.822700E+04  -0.338739E-11  -0.234035E-12  -0.560816E-12
   0.822800E+04  -0.468787E-11  -0.288197E-12  -0.935807E-12
   0.822900E+04  -0.337645E-11  -0.223017E-12  -0.594876E-12
   0.823000E+04  -0.996986E-12  -0.106110E-12   0.353498E-13
   0.823100E+04  -0.541804E-12  -0.743058E-13   0.130489E-12
   0.823200E+04  -0.229333E-11  -0.144080E-12  -0.384271E-12
   0.823300E+04  -0.344760E-11  -0.190160E-12  -0.732696E-12
   0.823400E+04  -0.204187E-11  -0.121684E-12  -0.373067E-12
   0.823500E+04   0.297016E-12  -0.966559E-14   0.244336E-12
   0.823600E+04   0.619793E-12   0.121404E-13   0.305122E-12
   0.823700E+04  -0.122752E-11  -0.657192E-13  -0.232118E-12
   0.823800E+04  -0.238518E-11  -0.114889E-12  -0.576937E-12
   0.823900E+04  -0.969501E-12  -0.482977E-13  -0.209572E-12
   0.824000E+04   0.129564E-11   0.581468E-13   0.393187E-12
   0.824100E+04   0.148083E-11   0.713217E-13   0.422456E-12
   0.824200E+04  -0.461033E-12  -0.132866E-13  -0.134032E-12
   0.824300E+04  -0.162480E-11  -0.650036E-13  -0.473778E-12
   0.824400E+04  -0.202154E-12   0.348172E-16  -0.981994E-13
   0.824500E+04   0.199698E-11   0.102102E-12   0.491963E-12
   0.824600E+04   0.206927E-11   0.109213E-12   0.495025E-12
   0.824700E+04   0.688283E-13   0.212746E-13  -0.731432E-13
   0.824800E+04  -0.106730E-11  -0.298391E-13  -0.400917E-12
   0.824900E+04   0.383624E-12   0.356631E-13  -0.131422E-13
   0.825000E+04   0.252563E-11   0.134143E-12   0.565614E-12
   0.825100E+04   0.248918E-11   0.135329E-12   0.542699E-12
   0.825200E+04   0.438116E-12   0.443817E-13  -0.360662E-13
   0.825300E+04  -0.651865E-12  -0.476824E-14  -0.348734E-12
   0.825400E+04   0.862655E-12   0.643532E-13   0.575873E-13
   0.825500E+04   0.300380E-11   0.164516E-12   0.635510E-12
   0.825600E+04   0.293057E-11   0.166487E-12   0.600626E-12
   0.825700E+04   0.897815E-12   0.788842E-13   0.249800E-13
   0.825800E+04  -0.103963E-12   0.356060E-13  -0.264126E-12
   0.825900E+04   0.147741E-11   0.108854E-12   0.161539E-12
   0.826000E+04   0.359160E-11   0.208721E-12   0.734049E-12
   0.826100E+04   0.344716E-11   0.208973E-12   0.681963E-12
   0.826200E+04   0.140103E-11   0.122816E-12   0.105942E-12
   0.826300E+04   0.446830E-12   0.831781E-13  -0.163935E-12
   0.826400E+04   0.201926E-11   0.155520E-12   0.270341E-12
   0.826500E+04   0.397571E-11   0.245154E-12   0.816271E-12
   0.826600E+04   0.357559E-11   0.228673E-12   0.715643E-12
   0.826700E+04   0.129761E-11   0.125624E-12   0.101386E-12
   0.826800E+04   0.162473E-12   0.702701E-13  -0.189440E-12
   0.826900E+04   0.150517E-11   0.122930E-12   0.213927E-12
   0.827000E+04   0.310377E-11   0.185045E-12   0.696711E-12
   0.827100E+04   0.228599E-11   0.137347E-12   0.517274E-12
   0.827200E+04  -0.320006E-12   0.826567E-14  -0.153894E-12
   0.827300E+04  -0.163477E-11  -0.634417E-13  -0.466766E-12
   0.827400E+04  -0.404712E-12  -0.207292E-13  -0.742685E-13
   0.827500E+04   0.105735E-11   0.327904E-13   0.384482E-12
   0.827600E+04   0.104330E-12  -0.222430E-13   0.176170E-12
   0.827700E+04  -0.254199E-11  -0.153753E-12  -0.502156E-12
   0.827800E+04  -0.378349E-11  -0.222002E-12  -0.795485E-12
   0.827900E+04  -0.245488E-11  -0.173595E-12  -0.381550E-12
   0.828000E+04  -0.940379E-12  -0.115239E-12   0.807304E-13
   0.828100E+04  -0.183965E-11  -0.164233E-12  -0.128526E-12
   0.828200E+04  -0.433173E-11  -0.284165E-12  -0.784341E-12
   0.828300E+04  -0.531138E-11  -0.335177E-12  -0.102916E-11
   0.828400E+04  -0.371631E-11  -0.268832E-12  -0.568572E-12
   0.828500E+04  -0.200801E-11  -0.195637E-12  -0.823296E-13
   0.828600E+04  -0.273546E-11  -0.230684E-12  -0.275992E-12
   0.828700E+04  -0.497186E-11  -0.332534E-12  -0.895295E-12
   0.828800E+04  -0.559721E-11  -0.360232E-12  -0.107874E-11
   0.828900E+04  -0.364228E-11  -0.269199E-12  -0.557756E-12
   0.829000E+04  -0.163679E-11  -0.172947E-12  -0.308099E-13
   0.829100E+04  -0.208052E-11  -0.184637E-12  -0.189133E-12
   0.829200E+04  -0.395969E-11  -0.259567E-12  -0.752982E-12
   0.829300E+04  -0.416850E-11  -0.258276E-12  -0.862979E-12
   0.829400E+04  -0.185120E-11  -0.141879E-12  -0.280541E-12
   0.829500E+04   0.397126E-12  -0.266815E-13   0.278110E-12
   0.829600E+04   0.148402E-12  -0.218067E-13   0.141043E-12
   0.829700E+04  -0.147352E-11  -0.769443E-13  -0.381742E-12
   0.829800E+04  -0.137204E-11  -0.534129E-13  -0.432147E-12
   0.829900E+04   0.117855E-11   0.804329E-13   0.194943E-12
   0.830000E+04   0.349175E-11   0.202773E-12   0.760327E-12
   0.830100E+04   0.319316E-11   0.206512E-12   0.607728E-12
   0.830200E+04   0.151715E-11   0.147526E-12   0.771512E-13
   0.830300E+04   0.156834E-11   0.165411E-12   0.282985E-13
   0.830400E+04   0.396582E-11   0.286711E-12   0.637056E-12
   0.830500E+04   0.595106E-11   0.385587E-12   0.114488E-11
   0.830600E+04   0.521729E-11   0.357904E-12   0.913650E-12
   0.830700E+04   0.312584E-11   0.266499E-12   0.316103E-12
   0.830800E+04   0.281602E-11   0.254436E-12   0.218230E-12
   0.830900E+04   0.483223E-11   0.346156E-12   0.772740E-12
   0.831000E+04   0.636312E-11   0.413395E-12   0.120562E-11
   0.831100E+04   0.515963E-11   0.353792E-12   0.894933E-12
   0.831200E+04   0.267388E-11   0.233659E-12   0.238660E-12
   0.831300E+04   0.204038E-11   0.195897E-12   0.100821E-12
   0.831400E+04   0.371083E-11   0.261211E-12   0.607328E-12
   0.831500E+04   0.482999E-11   0.299732E-12   0.970953E-12
   0.831600E+04   0.322688E-11   0.212826E-12   0.590585E-12
   0.831700E+04   0.456565E-12   0.716339E-13  -0.107953E-12
   0.831800E+04  -0.354153E-12   0.188760E-13  -0.263311E-12
   0.831900E+04   0.114253E-11   0.705111E-13   0.221347E-12
   0.832000E+04   0.203721E-11   0.939149E-13   0.543719E-12
   0.832100E+04   0.231464E-12  -0.649196E-14   0.122616E-12
   0.832200E+04  -0.261642E-11  -0.154596E-12  -0.588233E-12
   0.832300E+04  -0.337854E-11  -0.206740E-12  -0.728471E-12
   0.832400E+04  -0.179351E-11  -0.149863E-12  -0.226625E-12
   0.832500E+04  -0.807905E-12  -0.117733E-12   0.103877E-12
   0.832600E+04  -0.244767E-11  -0.202877E-12  -0.297738E-12
   0.832700E+04  -0.497857E-11  -0.326613E-12  -0.955130E-12
   0.832800E+04  -0.531810E-11  -0.348475E-12  -0.101822E-11
   0.832900E+04  -0.333407E-11  -0.262207E-12  -0.449212E-12
   0.833000E+04  -0.202875E-11  -0.204480E-12  -0.757545E-13
   0.833100E+04  -0.334589E-11  -0.263781E-12  -0.435642E-12
   0.833200E+04  -0.545057E-11  -0.356214E-12  -0.102467E-11
   0.833300E+04  -0.528506E-11  -0.342181E-12  -0.998832E-12
   0.833400E+04  -0.284317E-11  -0.221808E-12  -0.353230E-12
   0.833500E+04  -0.119867E-11  -0.136359E-12   0.673249E-13
   0.833600E+04  -0.223809E-11  -0.172886E-12  -0.256983E-12
   0.833700E+04  -0.404404E-11  -0.244067E-12  -0.798136E-12
   0.833800E+04  -0.358280E-11  -0.211053E-12  -0.718624E-12
   0.833900E+04  -0.954707E-12  -0.785943E-13  -0.428433E-13
   0.834000E+04   0.721107E-12   0.963158E-14   0.372380E-12
   0.834100E+04  -0.364170E-12  -0.303602E-13   0.290918E-13
   0.834200E+04  -0.219612E-11  -0.106551E-12  -0.518564E-12
   0.834300E+04  -0.174627E-11  -0.790698E-13  -0.436517E-12
   0.834400E+04   0.806762E-12   0.452736E-13   0.226832E-12
   0.834500E+04   0.232564E-11   0.122705E-12   0.608114E-12
   0.834600E+04   0.108607E-11   0.727488E-13   0.232591E-12
   0.834700E+04  -0.822151E-12  -0.995370E-14  -0.324157E-12
   0.834800E+04  -0.412586E-12   0.120684E-13  -0.239315E-12
   0.834900E+04   0.203025E-11   0.127276E-12   0.409072E-12
   0.835000E+04   0.334632E-11   0.191237E-12   0.750539E-12
   0.835100E+04   0.190921E-11   0.128249E-12   0.336637E-12
   0.835200E+04  -0.100455E-12   0.372885E-13  -0.232392E-12
   0.835300E+04   0.268360E-12   0.543430E-13  -0.143714E-12
   0.835400E+04   0.262187E-11   0.162880E-12   0.494413E-12
   0.835500E+04   0.376798E-11   0.216744E-12   0.802833E-12
   0.835600E+04   0.216703E-11   0.143821E-12   0.357306E-12
   0.835700E+04   0.825120E-13   0.467652E-13  -0.219030E-12
   0.835800E+04   0.430778E-12   0.603542E-13  -0.123390E-12
   0.835900E+04   0.271979E-11   0.164162E-12   0.508058E-12
   0.836000E+04   0.373966E-11   0.211542E-12   0.790695E-12
   0.836100E+04   0.204303E-11   0.134437E-12   0.325856E-12
   0.836200E+04  -0.329924E-13   0.384251E-13  -0.242411E-12
   0.836300E+04   0.374503E-12   0.554477E-13  -0.125404E-12
   0.836400E+04   0.265831E-11   0.159555E-12   0.509409E-12
   0.836500E+04   0.358326E-11   0.202737E-12   0.770762E-12
   0.836600E+04   0.179666E-11   0.121164E-12   0.286297E-12
   0.836700E+04  -0.281539E-12   0.244330E-13  -0.277156E-12
   0.836800E+04   0.171514E-12   0.432216E-13  -0.142316E-12
   0.836900E+04   0.244587E-11   0.147319E-12   0.494750E-12
   0.837000E+04   0.328327E-11   0.187401E-12   0.736893E-12
   0.837100E+04   0.141078E-11   0.102289E-12   0.235107E-12
   0.837200E+04  -0.695475E-12   0.306639E-14  -0.326757E-12
   0.837300E+04  -0.273399E-12   0.172151E-13  -0.187500E-12
   0.837400E+04   0.186609E-11   0.110319E-12   0.428389E-12
   0.837500E+04   0.246679E-11   0.133884E-12   0.623028E-12
   0.837600E+04   0.369364E-12   0.324453E-13   0.775023E-13
   0.837700E+04  -0.186716E-11  -0.788549E-13  -0.502394E-12
   0.837800E+04  -0.152675E-11  -0.742665E-13  -0.369104E-12
   0.837900E+04   0.485699E-12   0.815513E-14   0.225748E-12
   0.838000E+04   0.918324E-12   0.207647E-13   0.384254E-12
   0.838100E+04  -0.128021E-11  -0.867762E-13  -0.183313E-12
   0.838200E+04  -0.348479E-11  -0.196696E-12  -0.752688E-12
   0.838300E+04  -0.304977E-11  -0.187110E-12  -0.595024E-12
   0.838400E+04  -0.996259E-12  -0.101852E-12   0.654704E-14
   0.838500E+04  -0.583935E-12  -0.890140E-13   0.152056E-12
   0.838600E+04  -0.275648E-11  -0.193821E-12  -0.418778E-12
   0.838700E+04  -0.481446E-11  -0.294811E-12  -0.961492E-12
   0.838800E+04  -0.417082E-11  -0.272542E-12  -0.763553E-12
   0.838900E+04  -0.195348E-11  -0.175674E-12  -0.137463E-12
   0.839000E+04  -0.142902E-11  -0.152801E-12   0.153114E-13
   0.839100E+04  -0.344286E-11  -0.244986E-12  -0.537787E-12
   0.839200E+04  -0.523463E-11  -0.328202E-12  -0.103497E-11
   0.839300E+04  -0.428261E-11  -0.285906E-12  -0.781548E-12
   0.839400E+04  -0.181695E-11  -0.171144E-12  -0.118321E-12
   0.839500E+04  -0.110173E-11  -0.132245E-12   0.540359E-13
   0.839600E+04  -0.288111E-11  -0.205839E-12  -0.468488E-12
   0.839700E+04  -0.434107E-11  -0.265842E-12  -0.908359E-12
   0.839800E+04  -0.303617E-11  -0.199482E-12  -0.591154E-12
   0.839900E+04  -0.305247E-12  -0.648643E-13   0.112826E-12
   0.840000E+04   0.588568E-12  -0.104051E-13   0.303641E-12
   0.840100E+04  -0.999138E-12  -0.685082E-13  -0.194380E-12
   0.840200E+04  -0.220281E-11  -0.111050E-12  -0.588552E-12
   0.840300E+04  -0.649635E-12  -0.284596E-13  -0.224068E-12
   0.840400E+04   0.222619E-11   0.117393E-12   0.502191E-12
   0.840500E+04   0.317737E-11   0.179312E-12   0.694443E-12
   0.840600E+04   0.166025E-11   0.129168E-12   0.205668E-12
   0.840700E+04   0.571832E-12   0.953002E-13  -0.160679E-12
   0.840800E+04   0.218224E-11   0.181233E-12   0.224088E-12
   0.840900E+04   0.494283E-11   0.319315E-12   0.932499E-12
   0.841000E+04   0.562747E-11   0.363755E-12   0.107401E-11
   0.841100E+04   0.381890E-11   0.292985E-12   0.535210E-12
   0.841200E+04   0.247729E-11   0.238592E-12   0.136106E-12
   0.841300E+04   0.379596E-11   0.300487E-12   0.483807E-12
   0.841400E+04   0.612978E-11   0.406647E-12   0.112346E-11
   0.841500E+04   0.628709E-11   0.413564E-12   0.117227E-11
   0.841600E+04   0.398841E-11   0.307110E-12   0.552447E-12
   0.841700E+04   0.226505E-11   0.222948E-12   0.101692E-12
   0.841800E+04   0.323414E-11   0.257504E-12   0.405282E-12
   0.841900E+04   0.514405E-11   0.333296E-12   0.978974E-12
   0.842000E+04   0.481879E-11   0.307060E-12   0.944141E-12
   0.842100E+04   0.209722E-11   0.170205E-12   0.254776E-12
   0.842200E+04   0.728529E-13   0.618310E-13  -0.235689E-12
   0.842300E+04   0.793623E-12   0.757711E-13   0.375742E-13
   0.842400E+04   0.241757E-11   0.130655E-12   0.564517E-12
   0.842500E+04   0.179561E-11   0.844566E-13   0.473453E-12
   0.842600E+04  -0.111699E-11  -0.660006E-13  -0.249984E-12
   0.842700E+04  -0.317419E-11  -0.178850E-12  -0.738634E-12
   0.842800E+04  -0.240285E-11  -0.163160E-12  -0.449269E-12
   0.842900E+04  -0.733333E-12  -0.103987E-12   0.830020E-13
   0.843000E+04  -0.128859E-11  -0.142244E-12  -0.614185E-14
   0.843100E+04  -0.401235E-11  -0.277022E-12  -0.702106E-12
   0.843200E+04  -0.573459E-11  -0.366052E-12  -0.112957E-11
   0.843300E+04  -0.458320E-11  -0.323494E-12  -0.771940E-12
   0.843400E+04  -0.258743E-11  -0.239031E-12  -0.191019E-12
   0.843500E+04  -0.284095E-11  -0.252235E-12  -0.242606E-12
   0.843600E+04  -0.518312E-11  -0.357726E-12  -0.882265E-12
   0.843700E+04  -0.642410E-11  -0.412987E-12  -0.122747E-11
   0.843800E+04  -0.479810E-11  -0.337575E-12  -0.789389E-12
   0.843900E+04  -0.242787E-11  -0.225296E-12  -0.155073E-12
   0.844000E+04  -0.236059E-11  -0.212833E-12  -0.167875E-12
   0.844100E+04  -0.431552E-11  -0.288778E-12  -0.750214E-12
   0.844200E+04  -0.508471E-11  -0.310339E-12  -0.101296E-11
   0.844300E+04  -0.303052E-11  -0.204499E-12  -0.499700E-12
   0.844400E+04  -0.397688E-12  -0.721256E-13   0.171458E-12
   0.844500E+04  -0.202744E-12  -0.488221E-13   0.166492E-12
   0.844600E+04  -0.203706E-11  -0.116509E-12  -0.402499E-12
   0.844700E+04  -0.264700E-11  -0.129399E-12  -0.634739E-12
   0.844800E+04  -0.490598E-12  -0.188050E-13  -0.100202E-12
   0.844900E+04   0.208805E-11   0.109206E-12   0.556265E-12
   0.845000E+04   0.211158E-11   0.120508E-12   0.511457E-12
   0.845100E+04   0.118933E-12   0.398649E-13  -0.879820E-13
   0.845200E+04  -0.582325E-12   0.168700E-13  -0.328603E-12
   0.845300E+04   0.147081E-11   0.117484E-12   0.196188E-12
   0.845400E+04   0.384892E-11   0.231589E-12   0.817622E-12
   0.845500E+04   0.361034E-11   0.225950E-12   0.722746E-12
   0.845600E+04   0.140153E-11   0.129780E-12   0.880394E-13
   0.845700E+04   0.557611E-12   0.941117E-13  -0.166010E-12
   0.845800E+04   0.245216E-11   0.181309E-12   0.341556E-12
   0.845900E+04   0.458078E-11   0.278152E-12   0.920477E-12
   0.846000E+04   0.405545E-11   0.253940E-12   0.772149E-12
   0.846100E+04   0.163900E-11   0.143295E-12   0.104861E-12
   0.846200E+04   0.689547E-12   0.985144E-13  -0.154903E-12
   0.846300E+04   0.248154E-11   0.177574E-12   0.346146E-12
   0.846400E+04   0.442839E-11   0.263336E-12   0.895013E-12
   0.846500E+04   0.368978E-11   0.226884E-12   0.706518E-12
   0.846600E+04   0.113573E-11   0.107400E-12   0.189147E-13
   0.846700E+04   0.137564E-12   0.577341E-13  -0.237502E-12
   0.846800E+04   0.186923E-11   0.131480E-12   0.262568E-12
   0.846900E+04   0.367297E-11   0.208556E-12   0.785904E-12
   0.847000E+04   0.277087E-11   0.163091E-12   0.564036E-12
   0.847100E+04   0.144595E-12   0.392894E-13  -0.133953E-12
   0.847200E+04  -0.832020E-12  -0.102859E-13  -0.376405E-12
   0.847300E+04   0.898783E-12   0.621609E-13   0.130690E-12
   0.847400E+04   0.260246E-11   0.132936E-12   0.632998E-12
   0.847500E+04   0.157375E-11   0.800733E-13   0.381175E-12
   0.847600E+04  -0.107622E-11  -0.453830E-13  -0.321163E-12
   0.847700E+04  -0.196004E-11  -0.898248E-13  -0.538906E-12
   0.847800E+04  -0.140982E-12  -0.115887E-13  -0.103375E-13
   0.847900E+04   0.155132E-11   0.601238E-13   0.485633E-12
   0.848000E+04   0.464323E-12   0.514216E-14   0.214995E-12
   0.848100E+04  -0.216970E-11  -0.119422E-12  -0.485878E-12
   0.848200E+04  -0.294187E-11  -0.157945E-12  -0.677094E-12
   0.848300E+04  -0.102101E-11  -0.732902E-13  -0.126155E-12
   0.848400E+04   0.675384E-12   0.388355E-15   0.365158E-12
   0.848500E+04  -0.461908E-12  -0.563997E-13   0.764455E-13
   0.848600E+04  -0.309599E-11  -0.182101E-12  -0.626724E-12
   0.848700E+04  -0.379932E-11  -0.219236E-12  -0.800726E-12
   0.848800E+04  -0.182416E-11  -0.133068E-12  -0.238084E-12
   0.848900E+04  -0.141198E-12  -0.595513E-13   0.243690E-12
   0.849000E+04  -0.129569E-11  -0.115700E-12  -0.578422E-13
   0.849100E+04  -0.385554E-11  -0.236412E-12  -0.749977E-12
   0.849200E+04  -0.440440E-11  -0.265078E-12  -0.891780E-12
   0.849300E+04  -0.230311E-11  -0.171736E-12  -0.306019E-12
   0.849400E+04  -0.579080E-12  -0.946199E-13   0.173628E-12
   0.849500E+04  -0.169954E-11  -0.146991E-12  -0.134050E-12
   0.849600E+04  -0.412115E-11  -0.258467E-12  -0.805802E-12
   0.849700E+04  -0.443177E-11  -0.272311E-12  -0.901996E-12
   0.849800E+04  -0.210350E-11  -0.163444E-12  -0.276088E-12
   0.849900E+04  -0.230137E-12  -0.734163E-13   0.220483E-12
   0.850000E+04  -0.121659E-11  -0.113394E-12  -0.751639E-13
   0.850100E+04  -0.342788E-11  -0.209527E-12  -0.713257E-12
   0.850200E+04  -0.347097E-11  -0.206168E-12  -0.758730E-12
   0.850300E+04  -0.929126E-12  -0.830253E-13  -0.957276E-13
   0.850400E+04   0.105418E-11   0.165002E-13   0.410229E-12
   0.850500E+04   0.158225E-12  -0.146864E-13   0.119273E-12
   0.850600E+04  -0.187850E-11  -0.980571E-13  -0.490024E-12
   0.850700E+04  -0.168657E-11  -0.793117E-13  -0.488426E-12
   0.850800E+04   0.102500E-11   0.556640E-13   0.206159E-12
   0.850900E+04   0.305020E-11   0.160185E-12   0.711724E-12
   0.851000E+04   0.214943E-11   0.130782E-12   0.411039E-12
   0.851100E+04   0.172489E-12   0.515428E-13  -0.186968E-12
   0.851200E+04   0.478878E-12   0.770029E-13  -0.156278E-12
   0.851300E+04   0.324402E-11   0.216174E-12   0.553536E-12
   0.851400E+04   0.519625E-11   0.318628E-12   0.104365E-11
   0.851500E+04   0.415873E-11   0.282566E-12   0.715904E-12
   0.851600E+04   0.206991E-11   0.195444E-12   0.104678E-12
   0.851700E+04   0.226991E-11   0.211226E-12   0.130365E-12
   0.851800E+04   0.483132E-11   0.334981E-12   0.814023E-12
   0.851900E+04   0.644192E-11   0.414661E-12   0.124510E-11
   0.852000E+04   0.500586E-11   0.351593E-12   0.848040E-12
   0.852100E+04   0.255276E-11   0.236742E-12   0.182667E-12
   0.852200E+04   0.240162E-11   0.223315E-12   0.162634E-12
   0.852300E+04   0.453414E-11   0.313428E-12   0.781604E-12
   0.852400E+04   0.562705E-11   0.355939E-12   0.112321E-11
   0.852500E+04   0.369588E-11   0.257996E-12   0.640673E-12
   0.852600E+04   0.871689E-12   0.115077E-12  -0.790179E-13
   0.852700E+04   0.436695E-12   0.782328E-13  -0.132588E-12
   0.852800E+04   0.225357E-11   0.143869E-12   0.440366E-12
   0.852900E+04   0.296699E-11   0.159525E-12   0.713692E-12
   0.853000E+04   0.701268E-12   0.378687E-13   0.169200E-12
   0.853100E+04  -0.229654E-11  -0.119442E-12  -0.575812E-12
   0.853200E+04  -0.275934E-11  -0.161024E-12  -0.623937E-12
   0.853300E+04  -0.928836E-12  -0.945511E-13  -0.446645E-13
   0.853400E+04  -0.198861E-12  -0.744141E-13   0.225449E-12
   0.853500E+04  -0.236981E-11  -0.185600E-12  -0.309351E-12
   0.853600E+04  -0.512912E-11  -0.324840E-12  -0.101142E-11
   0.853700E+04  -0.526892E-11  -0.344294E-12  -0.998027E-12
   0.853800E+04  -0.315198E-11  -0.257143E-12  -0.371558E-12
   0.853900E+04  -0.219717E-11  -0.218454E-12  -0.756636E-13
   0.854000E+04  -0.410230E-11  -0.308239E-12  -0.577719E-12
   0.854100E+04  -0.646846E-11  -0.419407E-12  -0.121552E-11
   0.854200E+04  -0.614158E-11  -0.406906E-12  -0.112011E-11
   0.854300E+04  -0.361197E-11  -0.290053E-12  -0.428122E-12
   0.854400E+04  -0.233429E-11  -0.225849E-12  -0.922273E-13
   0.854500E+04  -0.391321E-11  -0.290388E-12  -0.553218E-12
   0.854600E+04  -0.586717E-11  -0.372994E-12  -0.112526E-11
   0.854700E+04  -0.508992E-11  -0.330578E-12  -0.952139E-12
   0.854800E+04  -0.218454E-11  -0.187095E-12  -0.201547E-12
   0.854900E+04  -0.628189E-12  -0.100315E-12   0.167944E-12
   0.855000E+04  -0.193367E-11  -0.142616E-12  -0.257879E-12
   0.855100E+04  -0.355559E-11  -0.201428E-12  -0.773557E-12
   0.855200E+04  -0.245913E-11  -0.137779E-12  -0.540819E-12
   0.855300E+04   0.628537E-12   0.185581E-13   0.239143E-12
   0.855400E+04   0.221445E-11   0.109388E-12   0.603304E-12
   0.855500E+04   0.892920E-12   0.673010E-13   0.167021E-12
   0.855600E+04  -0.714954E-12   0.786560E-14  -0.342780E-12
   0.855700E+04   0.361653E-12   0.666345E-13  -0.104991E-12
   0.855800E+04   0.328375E-11   0.208944E-12   0.647709E-12
   0.855900E+04   0.456652E-11   0.278079E-12   0.952529E-12
   0.856000E+04   0.294153E-11   0.214239E-12   0.460296E-12
   0.856100E+04   0.112801E-11   0.138176E-12  -0.765252E-13
   0.856200E+04   0.203640E-11   0.182449E-12   0.146237E-12
   0.856300E+04   0.470036E-11   0.305879E-12   0.861099E-12
   0.856400E+04   0.561818E-11   0.350539E-12   0.110059E-11
   0.856500E+04   0.363819E-11   0.262156E-12   0.546988E-12
   0.856600E+04   0.157326E-11   0.166433E-12  -0.227077E-13
   0.856700E+04   0.228690E-11   0.194525E-12   0.181420E-12
   0.856800E+04   0.470584E-11   0.300792E-12   0.861509E-12
   0.856900E+04   0.532047E-11   0.326861E-12   0.104774E-11
   0.857000E+04   0.308178E-11   0.222593E-12   0.451254E-12
   0.857100E+04   0.865310E-12   0.115836E-12  -0.132817E-12
   0.857200E+04   0.146021E-11   0.133894E-12   0.654146E-13
   0.857300E+04   0.367957E-11   0.225992E-12   0.716437E-12
   0.857400E+04   0.401967E-11   0.234454E-12   0.851217E-12
   0.857500E+04   0.155422E-11   0.115168E-12   0.214014E-12
   0.857600E+04  -0.764905E-12  -0.359175E-15  -0.379288E-12
   0.857700E+04  -0.217211E-12   0.120629E-13  -0.177919E-12
   0.857800E+04   0.189876E-11   0.966446E-13   0.457381E-12
   0.857900E+04   0.208369E-11   0.960113E-13   0.558266E-12
   0.858000E+04  -0.474639E-12  -0.288829E-13  -0.996196E-13
   0.858100E+04  -0.276214E-11  -0.144084E-12  -0.682751E-12
   0.858200E+04  -0.213476E-11  -0.129036E-12  -0.461186E-12
   0.858300E+04   0.770428E-14  -0.434808E-13   0.175531E-12
   0.858400E+04   0.195982E-12  -0.420665E-13   0.265562E-12
   0.858500E+04  -0.224675E-11  -0.156615E-12  -0.379288E-12
   0.858600E+04  -0.424839E-11  -0.250802E-12  -0.908596E-12
   0.858700E+04  -0.327588E-11  -0.210730E-12  -0.620187E-12
   0.858800E+04  -0.880004E-12  -0.104823E-12   0.579023E-13
   0.858900E+04  -0.541416E-12  -0.891130E-13   0.162493E-12
   0.859000E+04  -0.281933E-11  -0.189905E-12  -0.461787E-12
   0.859100E+04  -0.457667E-11  -0.267651E-12  -0.946436E-12
   0.859200E+04  -0.336924E-11  -0.212872E-12  -0.612949E-12
   0.859300E+04  -0.872458E-12  -0.100345E-12   0.772584E-13
   0.859400E+04  -0.554106E-12  -0.855252E-13   0.164504E-12
   0.859500E+04  -0.283321E-11  -0.187260E-12  -0.469495E-12
   0.859600E+04  -0.448496E-11  -0.260570E-12  -0.934147E-12
   0.859700E+04  -0.313394E-11  -0.198430E-12  -0.571106E-12
   0.859800E+04  -0.572090E-12  -0.813874E-13   0.126328E-12
   0.859900E+04  -0.265604E-12  -0.657132E-13   0.199786E-12
   0.860000E+04  -0.251929E-11  -0.165403E-12  -0.437198E-12
   0.860100E+04  -0.404340E-11  -0.232043E-12  -0.876766E-12
   0.860200E+04  -0.253432E-11  -0.161112E-12  -0.481391E-12
   0.860300E+04   0.115213E-12  -0.373618E-13   0.227307E-12
   0.860400E+04   0.455685E-12  -0.165071E-13   0.295902E-12
   0.860500E+04  -0.170835E-11  -0.108099E-12  -0.330944E-12
   0.860600E+04  -0.304714E-11  -0.162450E-12  -0.733271E-12
   0.860700E+04  -0.135515E-11  -0.798991E-13  -0.299860E-12
   0.860800E+04   0.136479E-11   0.496042E-13   0.417586E-12
   0.860900E+04   0.168922E-11   0.715863E-13   0.472755E-12
   0.861000E+04  -0.452299E-12  -0.175916E-13  -0.155355E-12
   0.861100E+04  -0.167879E-11  -0.656923E-13  -0.532677E-12
   0.861200E+04   0.124007E-12   0.228949E-13  -0.731297E-13
   0.861300E+04   0.285029E-11   0.153599E-12   0.643037E-12
   0.861400E+04   0.310845E-11   0.173496E-12   0.678015E-12
   0.861500E+04   0.950075E-12   0.844839E-13   0.444578E-13
   0.861600E+04  -0.207248E-12   0.400775E-13  -0.312798E-12
   0.861700E+04   0.164231E-11   0.130306E-12   0.163458E-12
   0.861800E+04   0.428495E-11   0.255410E-12   0.863612E-12
   0.861900E+04   0.437492E-11   0.265223E-12   0.861632E-12
   0.862000E+04   0.211078E-11   0.169654E-12   0.209093E-12
   0.862100E+04   0.965260E-12   0.125554E-12  -0.134770E-12
   0.862200E+04   0.283337E-11   0.217322E-12   0.357777E-12
   0.862300E+04   0.536791E-11   0.337441E-12   0.104276E-11
   0.862400E+04   0.523250E-11   0.334730E-12   0.998751E-12
   0.862500E+04   0.274434E-11   0.224294E-12   0.310418E-12
   0.862600E+04   0.142627E-11   0.165966E-12  -0.500500E-13
   0.862700E+04   0.308177E-11   0.240419E-12   0.419113E-12
   0.862800E+04   0.526066E-11   0.335065E-12   0.104559E-11
   0.862900E+04   0.466176E-11   0.299792E-12   0.917656E-12
   0.863000E+04   0.173766E-11   0.156276E-12   0.155974E-12
   0.863100E+04   0.771586E-13   0.688316E-13  -0.251890E-12
   0.863200E+04   0.141475E-11   0.116527E-12   0.173836E-12
   0.863300E+04   0.322095E-11   0.183735E-12   0.737183E-12
   0.863400E+04   0.223937E-11   0.122071E-12   0.538210E-12
   0.863500E+04  -0.953719E-12  -0.413769E-13  -0.268837E-12
   0.863600E+04  -0.272620E-11  -0.139753E-12  -0.685801E-12
   0.863700E+04  -0.142817E-11  -0.968622E-13  -0.258010E-12
   0.863800E+04   0.327994E-12  -0.316404E-13   0.294801E-12
   0.863900E+04  -0.673915E-12  -0.911209E-13   0.844288E-13
   0.864000E+04  -0.375509E-11  -0.244528E-12  -0.704911E-12
   0.864100E+04  -0.527605E-11  -0.325447E-12  -0.107143E-11
   0.864200E+04  -0.370392E-11  -0.263342E-12  -0.591794E-12
   0.864300E+04  -0.174637E-11  -0.181642E-12  -0.115159E-13
   0.864400E+04  -0.257266E-11  -0.225488E-12  -0.205221E-12
   0.864500E+04  -0.538904E-11  -0.359150E-12  -0.956120E-12
   0.864600E+04  -0.654031E-11  -0.415602E-12  -0.125732E-11
   0.864700E+04  -0.460418E-11  -0.329201E-12  -0.715636E-12
   0.864800E+04  -0.237295E-11  -0.226975E-12  -0.999838E-13
   0.864900E+04  -0.295574E-11  -0.251126E-12  -0.268519E-12
   0.865000E+04  -0.543763E-11  -0.360402E-12  -0.970763E-12
   0.865100E+04  -0.615519E-11  -0.387734E-12  -0.119665E-11
   0.865200E+04  -0.381364E-11  -0.273936E-12  -0.586820E-12
   0.865300E+04  -0.130376E-11  -0.151116E-12   0.638382E-13
   0.865400E+04  -0.167412E-11  -0.158637E-12  -0.858788E-13
   0.865500E+04  -0.387179E-11  -0.247980E-12  -0.748240E-12
   0.865600E+04  -0.420111E-11  -0.249384E-12  -0.905218E-12
   0.865700E+04  -0.148011E-11  -0.108503E-12  -0.228221E-12
   0.865800E+04   0.129223E-11   0.364422E-13   0.460235E-12
   0.865900E+04   0.109206E-11   0.452632E-13   0.328914E-12
   0.866000E+04  -0.934443E-12  -0.305934E-13  -0.306401E-12
   0.866100E+04  -0.108566E-11  -0.210719E-13  -0.425502E-12
   0.866200E+04   0.171587E-11   0.124147E-12   0.270788E-12
   0.866300E+04   0.439709E-11   0.263753E-12   0.939215E-12
   0.866400E+04   0.399386E-11   0.259756E-12   0.765509E-12
   0.866500E+04   0.176462E-11   0.168176E-12   0.967997E-13
   0.866600E+04   0.142540E-11   0.160132E-12  -0.436833E-13
   0.866700E+04   0.396419E-11   0.283211E-12   0.616211E-12
   0.866800E+04   0.626143E-11   0.395314E-12   0.121788E-11
   0.866900E+04   0.543885E-11   0.362849E-12   0.969284E-12
   0.867000E+04   0.287339E-11   0.246965E-12   0.249881E-12
   0.867100E+04   0.227860E-11   0.218351E-12   0.820304E-13
   0.867200E+04   0.452753E-11   0.319437E-12   0.705485E-12
   0.867300E+04   0.643620E-11   0.405454E-12   0.124293E-11
   0.867400E+04   0.520573E-11   0.346463E-12   0.923659E-12
   0.867500E+04   0.232980E-11   0.208737E-12   0.159258E-12
   0.867600E+04   0.151728E-11   0.162667E-12  -0.292697E-13
   0.867700E+04   0.352442E-11   0.245535E-12   0.565183E-12
   0.867800E+04   0.510288E-11   0.309798E-12   0.104699E-11
   0.867900E+04   0.353217E-11   0.228925E-12   0.666889E-12
   0.868000E+04   0.417774E-12   0.739034E-13  -0.132481E-12
   0.868100E+04  -0.541676E-12   0.144979E-13  -0.332939E-12
   0.868200E+04   0.129524E-11   0.830774E-13   0.240223E-12
   0.868300E+04   0.262825E-11   0.130332E-12   0.675803E-12
   0.868400E+04   0.831523E-12   0.345198E-13   0.249501E-12
   0.868500E+04  -0.236796E-11  -0.127660E-12  -0.563160E-12
   0.868600E+04  -0.328263E-11  -0.186938E-12  -0.747318E-12
   0.868700E+04  -0.139291E-11  -0.116459E-12  -0.162143E-12
   0.868800E+04  -0.575289E-13  -0.680685E-13   0.264616E-12
   0.868900E+04  -0.181075E-11  -0.159081E-12  -0.166533E-12
   0.869000E+04  -0.480391E-11  -0.306808E-12  -0.946868E-12
   0.869100E+04  -0.535915E-11  -0.341855E-12  -0.106431E-11
   0.869200E+04  -0.308149E-11  -0.242781E-12  -0.411871E-12
   0.869300E+04  -0.140463E-11  -0.165440E-12   0.637251E-13
   0.869400E+04  -0.280768E-11  -0.226184E-12  -0.318843E-12
   0.869500E+04  -0.536897E-11  -0.340812E-12  -0.102733E-11
   0.869600E+04  -0.545865E-11  -0.343235E-12  -0.106039E-11
   0.869700E+04  -0.281354E-11  -0.218058E-12  -0.346396E-12
   0.869800E+04  -0.917239E-12  -0.122947E-12   0.154241E-12
   0.869900E+04  -0.215657E-11  -0.169945E-12  -0.214060E-12
   0.870000E+04  -0.450926E-11  -0.270762E-12  -0.890450E-12
   0.870100E+04  -0.438002E-11  -0.261343E-12  -0.882460E-12
   0.870200E+04  -0.162530E-11  -0.131417E-12  -0.152021E-12
   0.870300E+04   0.244099E-12  -0.387088E-13   0.331114E-12
   0.870400E+04  -0.103608E-11  -0.883671E-13  -0.569225E-13
   0.870500E+04  -0.332003E-11  -0.185804E-12  -0.722412E-12
   0.870600E+04  -0.304363E-11  -0.168532E-12  -0.681550E-12
   0.870700E+04  -0.199980E-12  -0.330686E-13   0.665574E-13
   0.870800E+04   0.164438E-11   0.598150E-13   0.537258E-12
   0.870900E+04   0.319332E-12   0.898656E-14   0.132913E-12
   0.871000E+04  -0.192371E-11  -0.862253E-13  -0.523518E-12
   0.871100E+04  -0.155304E-11  -0.646982E-13  -0.457225E-12
   0.871200E+04   0.131525E-11   0.717151E-13   0.298461E-12
   0.871300E+04   0.307584E-11   0.160712E-12   0.747880E-12
   0.871400E+04   0.165898E-11   0.105664E-12   0.321162E-12
   0.871500E+04  -0.587579E-12   0.985460E-14  -0.331532E-12
   0.871600E+04  -0.179759E-12   0.317521E-13  -0.247856E-12
   0.871700E+04   0.263661E-11   0.163493E-12   0.503158E-12
   0.871800E+04   0.422500E-11   0.241732E-12   0.916580E-12
   0.871900E+04   0.263089E-11   0.175609E-12   0.453472E-12
   0.872000E+04   0.310007E-12   0.735766E-13  -0.206682E-12
   0.872100E+04   0.702825E-12   0.920284E-13  -0.113552E-12
   0.872200E+04   0.343259E-11   0.216940E-12   0.627772E-12
   0.872300E+04   0.482762E-11   0.283285E-12   0.100250E-11
   0.872400E+04   0.304281E-11   0.205241E-12   0.501561E-12
   0.872500E+04   0.637198E-12   0.961196E-13  -0.167325E-12
   0.872600E+04   0.101082E-11   0.110816E-12  -0.653896E-13
   0.872700E+04   0.366918E-11   0.230541E-12   0.669137E-12
   0.872800E+04   0.491900E-11   0.289827E-12   0.101494E-11
   0.872900E+04   0.302115E-11   0.207558E-12   0.492632E-12
   0.873000E+04   0.609381E-12   0.993562E-13  -0.167661E-12
   0.873100E+04   0.100123E-11   0.114795E-12  -0.474757E-13
   0.873200E+04   0.355338E-11   0.227301E-12   0.675496E-12
   0.873300E+04   0.454784E-11   0.270404E-12   0.973014E-12
   0.873400E+04   0.237350E-11   0.169615E-12   0.399796E-12
   0.873500E+04  -0.231167E-12   0.457645E-13  -0.286013E-12
   0.873600E+04  -0.771378E-14   0.453769E-13  -0.182257E-12
   0.873700E+04   0.226732E-11   0.135336E-12   0.496557E-12
   0.873800E+04   0.286807E-11   0.149350E-12   0.718474E-12
   0.873900E+04   0.337865E-12   0.218145E-13   0.774892E-13
   0.874000E+04  -0.244610E-11  -0.117890E-12  -0.633771E-12
   0.874100E+04  -0.225734E-11  -0.123475E-12  -0.524297E-12
   0.874200E+04  -0.503083E-14  -0.345148E-13   0.154825E-12
   0.874300E+04   0.540057E-12  -0.208205E-13   0.360971E-12
   0.874400E+04  -0.198905E-11  -0.145317E-12  -0.285178E-12
   0.874500E+04  -0.463912E-11  -0.275765E-12  -0.968946E-12
   0.874600E+04  -0.424509E-11  -0.268511E-12  -0.816207E-12
   0.874700E+04  -0.183618E-11  -0.168153E-12  -0.111516E-12
   0.874800E+04  -0.119366E-11  -0.144718E-12   0.995321E-13
   0.874900E+04  -0.357053E-11  -0.256067E-12  -0.530324E-12
   0.875000E+04  -0.593953E-11  -0.367059E-12  -0.116482E-11
   0.875100E+04  -0.521553E-11  -0.338248E-12  -0.950718E-12
   0.875200E+04  -0.256161E-11  -0.220659E-12  -0.208869E-12
   0.875300E+04  -0.176768E-11  -0.184637E-12   0.127380E-13
   0.875400E+04  -0.396076E-11  -0.281971E-12  -0.598636E-12
   0.875500E+04  -0.602820E-11  -0.373389E-12  -0.118314E-11
   0.875600E+04  -0.495790E-11  -0.322794E-12  -0.907333E-12
   0.875700E+04  -0.204138E-11  -0.187171E-12  -0.127231E-12
   0.875800E+04  -0.107259E-11  -0.136977E-12   0.108006E-12
   0.875900E+04  -0.305281E-11  -0.218065E-12  -0.479795E-12
   0.876000E+04  -0.479127E-11  -0.287572E-12  -0.100892E-11
   0.876100E+04  -0.335779E-11  -0.213379E-12  -0.667746E-12
   0.876200E+04  -0.174339E-12  -0.585901E-13   0.152404E-12
   0.876300E+04   0.967418E-12   0.673470E-14   0.403066E-12
   0.876400E+04  -0.802242E-12  -0.567105E-13  -0.157772E-12
   0.876500E+04  -0.222061E-11  -0.102774E-12  -0.627779E-12
   0.876600E+04  -0.460718E-12  -0.511996E-14  -0.221576E-12
   0.876700E+04   0.289641E-11   0.164217E-12   0.628490E-12
   0.876800E+04   0.403896E-11   0.233141E-12   0.870358E-12
   0.876900E+04   0.222303E-11   0.168187E-12   0.296980E-12
   0.877000E+04   0.796667E-12   0.120156E-12  -0.166473E-12
   0.877100E+04   0.250952E-11   0.212133E-12   0.243747E-12
   0.877200E+04   0.564870E-11   0.365487E-12   0.105940E-11
   0.877300E+04   0.640307E-11   0.407603E-12   0.122880E-11
   0.877400E+04   0.417138E-11   0.312140E-12   0.582800E-12
   0.877500E+04   0.240898E-11   0.236622E-12   0.730972E-13
   0.877600E+04   0.381806E-11   0.303776E-12   0.447210E-12
   0.877700E+04   0.657856E-11   0.430562E-12   0.120584E-11
   0.877800E+04   0.687872E-11   0.443387E-12   0.129750E-11
   0.877900E+04   0.422520E-11   0.319543E-12   0.583890E-12
   0.878000E+04   0.213146E-11   0.218686E-12   0.329353E-13
   0.878100E+04   0.322139E-11   0.260412E-12   0.369498E-12
   0.878200E+04   0.557353E-11   0.357840E-12   0.106467E-11
   0.878300E+04   0.540586E-11   0.339231E-12   0.107395E-11
   0.878400E+04   0.235911E-11   0.188091E-12   0.295448E-12
   0.878500E+04   0.837176E-14   0.668181E-13  -0.286051E-12
   0.878600E+04   0.885027E-12   0.907001E-13   0.285592E-13
   0.878700E+04   0.295137E-11   0.167456E-12   0.677824E-12
   0.878800E+04   0.244961E-11   0.126387E-12   0.623286E-12
   0.878900E+04  -0.843651E-12  -0.427004E-13  -0.200135E-12
   0.879000E+04  -0.328692E-11  -0.174005E-12  -0.790128E-12
   0.879100E+04  -0.243183E-11  -0.155416E-12  -0.471575E-12
   0.879200E+04  -0.415647E-12  -0.830218E-13   0.165188E-12
   0.879300E+04  -0.953900E-12  -0.124875E-12   0.919270E-13
   0.879400E+04  -0.412892E-11  -0.284286E-12  -0.718267E-12
   0.879500E+04  -0.625067E-11  -0.393420E-12  -0.124913E-11
   0.879600E+04  -0.499094E-11  -0.346557E-12  -0.856831E-12
   0.879700E+04  -0.262653E-11  -0.247306E-12  -0.168004E-12
   0.879800E+04  -0.285665E-11  -0.263531E-12  -0.204983E-12
   0.879900E+04  -0.562763E-11  -0.391913E-12  -0.956893E-12
   0.880000E+04  -0.719163E-11  -0.461221E-12  -0.139138E-11
   0.880100E+04  -0.533168E-11  -0.370906E-12  -0.893926E-12
   0.880200E+04  -0.246974E-11  -0.232622E-12  -0.128162E-12
   0.880300E+04  -0.231175E-11  -0.216462E-12  -0.114787E-12
   0.880400E+04  -0.469592E-11  -0.315233E-12  -0.810823E-12
   0.880500E+04  -0.582869E-11  -0.355368E-12  -0.117079E-11
   0.880600E+04  -0.358934E-11  -0.240015E-12  -0.606947E-12
   0.880700E+04  -0.511175E-12  -0.858975E-13   0.186713E-12
   0.880800E+04  -0.274521E-12  -0.626449E-13   0.197551E-12
   0.880900E+04  -0.259012E-11  -0.157590E-12  -0.495924E-12
   0.881000E+04  -0.360496E-11  -0.193534E-12  -0.833162E-12
   0.881100E+04  -0.127258E-11  -0.752593E-13  -0.249404E-12
   0.881200E+04   0.179136E-11   0.779548E-13   0.536680E-12
   0.881300E+04   0.194807E-11   0.981314E-13   0.523792E-12
   0.881400E+04  -0.401252E-12   0.180117E-14  -0.177358E-12
   0.881500E+04  -0.138490E-11  -0.340059E-13  -0.499874E-12
   0.881600E+04   0.931987E-12   0.807785E-13   0.901482E-13
   0.881700E+04   0.384268E-11   0.223354E-12   0.847793E-12
   0.881800E+04   0.376952E-11   0.229124E-12   0.787514E-12
   0.881900E+04   0.125205E-11   0.121117E-12   0.577581E-13
   0.882000E+04   0.193778E-12   0.777606E-13  -0.265722E-12
   0.882100E+04   0.241469E-11   0.183837E-12   0.319346E-12
   0.882200E+04   0.510652E-11   0.311869E-12   0.103987E-11
   0.882300E+04   0.474303E-11   0.299432E-12   0.924304E-12
   0.882400E+04   0.199453E-11   0.175257E-12   0.157145E-12
   0.882500E+04   0.791469E-12   0.118860E-12  -0.178428E-12
   0.882600E+04   0.284103E-11   0.210030E-12   0.388375E-12
   0.882700E+04   0.524616E-11   0.317685E-12   0.105903E-11
   0.882800E+04   0.455233E-11   0.283304E-12   0.880384E-12
   0.882900E+04   0.157884E-11   0.143078E-12   0.766399E-13
   0.883000E+04   0.289967E-12   0.784940E-13  -0.260562E-12
   0.883100E+04   0.227219E-11   0.163707E-12   0.306296E-12
   0.883200E+04   0.451987E-11   0.261991E-12   0.949527E-12
   0.883300E+04   0.362641E-11   0.216295E-12   0.730038E-12
   0.883400E+04   0.543621E-12   0.688305E-13  -0.913372E-13
   0.883500E+04  -0.730527E-12   0.344197E-14  -0.414476E-12
   0.883600E+04   0.128409E-11   0.903446E-13   0.168000E-12
   0.883700E+04   0.348618E-11   0.188415E-12   0.802400E-12
   0.883800E+04   0.250960E-11   0.141206E-12   0.562642E-12
   0.883900E+04  -0.592378E-12  -0.603270E-14  -0.260163E-12
   0.884000E+04  -0.182306E-11  -0.703125E-13  -0.564951E-12
   0.884100E+04   0.179521E-12   0.135290E-13   0.227847E-13
   0.884200E+04   0.223994E-11   0.101806E-12   0.627762E-12
   0.884300E+04   0.107314E-11   0.423008E-13   0.345235E-12
   0.884400E+04  -0.212941E-11  -0.113241E-12  -0.496281E-12
   0.884500E+04  -0.335040E-11  -0.180480E-12  -0.790997E-12
   0.884600E+04  -0.133508E-11  -0.982633E-13  -0.195469E-12
   0.884700E+04   0.672036E-12  -0.125679E-13   0.394593E-12
   0.884800E+04  -0.538226E-12  -0.720609E-13   0.951087E-13
   0.884900E+04  -0.365846E-11  -0.220523E-12  -0.732389E-12
   0.885000E+04  -0.468595E-11  -0.275359E-12  -0.984674E-12
   0.885100E+04  -0.250491E-11  -0.182335E-12  -0.355812E-12
   0.885200E+04  -0.442183E-12  -0.911158E-13   0.235740E-12
   0.885300E+04  -0.162456E-11  -0.146317E-12  -0.716677E-13
   0.885400E+04  -0.461301E-11  -0.285573E-12  -0.880154E-12
   0.885500E+04  -0.540478E-11  -0.326273E-12  -0.108620E-11
   0.885600E+04  -0.301318E-11  -0.219976E-12  -0.419347E-12
   0.885700E+04  -0.842892E-12  -0.119765E-12   0.180416E-12
   0.885800E+04  -0.194162E-11  -0.166745E-12  -0.126563E-12
   0.885900E+04  -0.475054E-11  -0.293548E-12  -0.908659E-12
   0.886000E+04  -0.528131E-11  -0.318761E-12  -0.106544E-11
   0.886100E+04  -0.268241E-11  -0.200279E-12  -0.363353E-12
   0.886200E+04  -0.427534E-12  -0.939447E-13   0.238104E-12
   0.886300E+04  -0.146519E-11  -0.135599E-12  -0.743491E-13
   0.886400E+04  -0.409569E-11  -0.250748E-12  -0.831136E-12
   0.886500E+04  -0.433230E-11  -0.257691E-12  -0.932643E-12
   0.886600E+04  -0.145913E-11  -0.120631E-12  -0.182426E-12
   0.886700E+04   0.965668E-12   0.158633E-15   0.437668E-12
   0.886800E+04   0.656822E-13  -0.286909E-13   0.135570E-12
   0.886900E+04  -0.234570E-11  -0.128046E-12  -0.586652E-12
   0.887000E+04  -0.229383E-11  -0.116577E-12  -0.632410E-12
   0.887100E+04   0.815704E-12   0.368095E-13   0.160732E-12
   0.887200E+04   0.336671E-11   0.169923E-12   0.794563E-12
   0.887300E+04   0.256721E-11   0.153002E-12   0.501257E-12
   0.887400E+04   0.325448E-12   0.681255E-13  -0.188460E-12
   0.887500E+04   0.563354E-12   0.925299E-13  -0.189666E-12
   0.887600E+04   0.372019E-11   0.249323E-12   0.618980E-12
   0.887700E+04   0.611808E-11   0.373740E-12   0.122222E-11
   0.887800E+04   0.507528E-11   0.341809E-12   0.881688E-12
   0.887900E+04   0.263150E-11   0.242030E-12   0.163729E-12
   0.888000E+04   0.268593E-11   0.250460E-12   0.146851E-12
   0.888100E+04   0.554174E-11   0.383849E-12   0.914510E-12
   0.888200E+04   0.747265E-11   0.475657E-12   0.143679E-11
   0.888300E+04   0.591892E-11   0.408440E-12   0.100697E-11
   0.888400E+04   0.306132E-11   0.277967E-12   0.228437E-12
   0.888500E+04   0.278036E-11   0.259640E-12   0.173545E-12
   0.888600E+04   0.523962E-11   0.363467E-12   0.886887E-12
   0.888700E+04   0.665292E-11   0.419755E-12   0.132174E-11
   0.888800E+04   0.456658E-11   0.315834E-12   0.799967E-12
   0.888900E+04   0.129008E-11   0.153675E-12  -0.406183E-13
   0.889000E+04   0.685990E-12   0.108370E-12  -0.133919E-12
   0.889100E+04   0.279352E-11   0.184771E-12   0.528979E-12
   0.889200E+04   0.378565E-11   0.211709E-12   0.888826E-12
   0.889300E+04   0.132168E-11   0.818371E-13   0.297799E-12
   0.889400E+04  -0.217091E-11  -0.975704E-13  -0.574123E-12
   0.889500E+04  -0.286480E-11  -0.153138E-12  -0.670895E-12
   0.889600E+04  -0.852354E-12  -0.858144E-13  -0.207342E-13
   0.889700E+04   0.663946E-14  -0.675998E-13   0.306689E-12
   0.889800E+04  -0.250235E-11  -0.199279E-12  -0.302949E-12
   0.889900E+04  -0.582995E-11  -0.367574E-12  -0.114646E-11
   0.890000E+04  -0.619474E-11  -0.401388E-12  -0.117985E-11
   0.890100E+04  -0.384146E-11  -0.309215E-12  -0.472194E-12
   0.890200E+04  -0.268804E-11  -0.266367E-12  -0.107970E-12
   0.890300E+04  -0.485069E-11  -0.369748E-12  -0.673070E-12
   0.890400E+04  -0.768420E-11  -0.502330E-12  -0.143626E-11
   0.890500E+04  -0.746711E-11  -0.496255E-12  -0.136843E-11
   0.890600E+04  -0.458897E-11  -0.366636E-12  -0.577605E-12
   0.890700E+04  -0.300028E-11  -0.289647E-12  -0.157166E-12
   0.890800E+04  -0.469415E-11  -0.355901E-12  -0.658971E-12
   0.890900E+04  -0.692643E-11  -0.444080E-12  -0.132308E-11
   0.891000E+04  -0.605953E-11  -0.391629E-12  -0.114041E-11
   0.891100E+04  -0.266428E-11  -0.223842E-12  -0.265445E-12
   0.891200E+04  -0.749877E-12  -0.120589E-12   0.194430E-12
   0.891300E+04  -0.218721E-11  -0.166498E-12  -0.278753E-12
   0.891400E+04  -0.410955E-11  -0.233628E-12  -0.891972E-12
   0.891500E+04  -0.292864E-11  -0.161301E-12  -0.649807E-12
   0.891600E+04   0.631980E-12   0.175530E-13   0.252142E-12
   0.891700E+04   0.251759E-11   0.120143E-12   0.694901E-12
   0.891800E+04   0.981386E-12   0.675907E-13   0.194389E-12
   0.891900E+04  -0.983088E-12  -0.522648E-14  -0.423150E-12
   0.892000E+04   0.180015E-12   0.621711E-13  -0.173259E-12
   0.892100E+04   0.361887E-11   0.231422E-12   0.711983E-12
   0.892200E+04   0.524647E-11   0.317736E-12   0.110478E-11
   0.892300E+04   0.342839E-11   0.246614E-12   0.552514E-12
   0.892400E+04   0.125574E-11   0.157134E-12  -0.916207E-13
   0.892500E+04   0.222969E-11   0.207626E-12   0.140982E-12
   0.892600E+04   0.537334E-11   0.354618E-12   0.982507E-12
   0.892700E+04   0.659084E-11   0.413394E-12   0.130151E-11
   0.892800E+04   0.438029E-11   0.315702E-12   0.681218E-12
   0.892900E+04   0.192956E-11   0.204915E-12   0.138408E-14
   0.893000E+04   0.266706E-11   0.235675E-12   0.210757E-12
   0.893100E+04   0.547400E-11   0.357692E-12   0.100230E-11
   0.893200E+04   0.624378E-11   0.385845E-12   0.124078E-11
   0.893300E+04   0.361923E-11   0.259155E-12   0.547799E-12
   0.893400E+04   0.901913E-12   0.127093E-12  -0.167133E-12
   0.893500E+04   0.146154E-11   0.142218E-12   0.274577E-13
   0.893600E+04   0.404488E-11   0.248160E-12   0.786991E-12
   0.893700E+04   0.453181E-11   0.258938E-12   0.972314E-12
   0.893800E+04   0.169344E-11   0.119190E-12   0.240378E-12
   0.893900E+04  -0.108199E-11  -0.179000E-13  -0.475182E-12
   0.894000E+04  -0.508560E-12  -0.398338E-14  -0.265385E-12
   0.894100E+04   0.201738E-11   0.977166E-13   0.486177E-12
   0.894200E+04   0.237415E-11   0.101413E-12   0.639518E-12
   0.894300E+04  -0.516299E-12  -0.404027E-13  -0.108029E-12
   0.894400E+04  -0.316316E-11  -0.168966E-12  -0.795402E-12
   0.894500E+04  -0.236717E-11  -0.140089E-12  -0.536766E-12
   0.894600E+04   0.310344E-12  -0.259379E-13   0.241078E-12
   0.894700E+04   0.717249E-12  -0.151064E-13   0.391892E-12
   0.894800E+04  -0.209255E-11  -0.149149E-12  -0.350250E-12
   0.894900E+04  -0.452314E-11  -0.263250E-12  -0.996549E-12
   0.895000E+04  -0.344223E-11  -0.215231E-12  -0.680538E-12
   0.895100E+04  -0.558878E-12  -0.845636E-13   0.131413E-12
   0.895200E+04  -0.602908E-13  -0.633490E-13   0.286221E-12
   0.895300E+04  -0.278606E-11  -0.189794E-12  -0.450433E-12
   0.895400E+04  -0.505628E-11  -0.294980E-12  -0.106676E-11
   0.895500E+04  -0.379526E-11  -0.237617E-12  -0.714043E-12
   0.895600E+04  -0.817016E-12  -0.100502E-12   0.110342E-12
   0.895700E+04  -0.299279E-12  -0.752629E-13   0.255667E-12
   0.895800E+04  -0.296345E-11  -0.195787E-12  -0.478464E-12
   0.895900E+04  -0.507238E-11  -0.291519E-12  -0.106313E-11
   0.896000E+04  -0.364420E-11  -0.225530E-12  -0.675384E-12
   0.896100E+04  -0.612587E-12  -0.854804E-13   0.153474E-12
   0.896200E+04  -0.130301E-12  -0.612635E-13   0.278574E-12
   0.896300E+04  -0.277497E-11  -0.180009E-12  -0.461187E-12
   0.896400E+04  -0.474041E-11  -0.268128E-12  -0.101756E-11
   0.896500E+04  -0.314589E-11  -0.193529E-12  -0.595012E-12
   0.896600E+04  -0.588733E-13  -0.501800E-13   0.238461E-12
   0.896700E+04   0.385348E-12  -0.272390E-13   0.342645E-12
   0.896800E+04  -0.224478E-11  -0.144949E-12  -0.403771E-12
   0.896900E+04  -0.406625E-11  -0.225740E-12  -0.931958E-12
   0.897000E+04  -0.229071E-11  -0.141307E-12  -0.472300E-12
   0.897100E+04   0.887576E-12   0.869775E-14   0.372169E-12
   0.897200E+04   0.135255E-11   0.358171E-13   0.466691E-12
   0.897300E+04  -0.118810E-11  -0.739872E-13  -0.271476E-12
   0.897400E+04  -0.278926E-11  -0.140347E-12  -0.756148E-12
   0.897500E+04  -0.771685E-12  -0.401376E-13  -0.247205E-12
   0.897600E+04   0.253169E-11   0.120107E-12   0.615122E-12
   0.897700E+04   0.302056E-11   0.152135E-12   0.701373E-12
   0.897800E+04   0.547203E-12   0.487043E-13  -0.312054E-13
   0.897900E+04  -0.868775E-12  -0.546683E-14  -0.476588E-12
   0.898000E+04   0.135597E-11   0.109149E-12   0.785357E-13
   0.898100E+04   0.475224E-11   0.279350E-12   0.957566E-12
   0.898200E+04   0.521785E-11   0.315168E-12   0.103319E-11
   0.898300E+04   0.271707E-11   0.212930E-12   0.296032E-12
   0.898400E+04   0.131733E-11   0.159283E-12  -0.133908E-12
   0.898500E+04   0.350550E-11   0.270188E-12   0.429303E-12
   0.898600E+04   0.670067E-11   0.427907E-12   0.127758E-11
   0.898700E+04   0.682606E-11   0.442984E-12   0.129128E-11
   0.898800E+04   0.396810E-11   0.316044E-12   0.496045E-12
   0.898900E+04   0.223985E-11   0.235411E-12   0.245285E-13
   0.899000E+04   0.404088E-11   0.314264E-12   0.536327E-12
   0.899100E+04   0.671337E-11   0.433354E-12   0.129861E-11
   0.899200E+04   0.625225E-11   0.407788E-12   0.120878E-11
   0.899300E+04   0.289304E-11   0.244922E-12   0.332656E-12
   0.899400E+04   0.785291E-12   0.133963E-12  -0.186938E-12
   0.899500E+04   0.220849E-11   0.182181E-12   0.276116E-12
   0.899600E+04   0.439939E-11   0.265833E-12   0.958473E-12
   0.899700E+04   0.341794E-11   0.203688E-12   0.773518E-12
   0.899800E+04  -0.338541E-12   0.111136E-13  -0.169969E-12
   0.899900E+04  -0.266531E-11  -0.119629E-12  -0.715292E-12
   0.900000E+04  -0.138869E-11  -0.854956E-13  -0.266834E-12
   0.900100E+04   0.627357E-12  -0.142558E-13   0.383010E-12
   0.900200E+04  -0.500221E-12  -0.843429E-13   0.162675E-12
   0.900300E+04  -0.423432E-11  -0.274334E-12  -0.780192E-12
   0.900400E+04  -0.634567E-11  -0.391442E-12  -0.128113E-11
   0.900500E+04  -0.479457E-11  -0.339195E-12  -0.780462E-12
   0.900600E+04  -0.256193E-11  -0.250875E-12  -0.102224E-12
   0.900700E+04  -0.347732E-11  -0.302498E-12  -0.302868E-12
   0.900800E+04  -0.686102E-11  -0.466146E-12  -0.119495E-11
   0.900900E+04  -0.845625E-11  -0.547842E-12  -0.160572E-11
   0.901000E+04  -0.635702E-11  -0.457426E-12  -0.101140E-11
   0.901100E+04  -0.366543E-11  -0.334190E-12  -0.268163E-12
   0.901200E+04  -0.416693E-11  -0.352810E-12  -0.418780E-12
   0.901300E+04  -0.704898E-11  -0.479744E-12  -0.123786E-11
   0.901400E+04  -0.802744E-11  -0.519503E-12  -0.154452E-11
   0.901500E+04  -0.531504E-11  -0.386519E-12  -0.847801E-12
   0.901600E+04  -0.211421E-11  -0.224101E-12  -0.312569E-13
   0.901700E+04  -0.216043E-11  -0.205141E-12  -0.122192E-12
   0.901800E+04  -0.452979E-11  -0.292468E-12  -0.861520E-12
   0.901900E+04  -0.494902E-11  -0.292537E-12  -0.106835E-11
   0.902000E+04  -0.177861E-11  -0.127109E-12  -0.290733E-12
   0.902100E+04   0.167535E-11   0.559159E-13   0.559791E-12
   0.902200E+04   0.174377E-11   0.866593E-13   0.474765E-12
   0.902300E+04  -0.520024E-12   0.751307E-14  -0.249782E-12
   0.902400E+04  -0.841357E-12   0.112597E-13  -0.431369E-12
   0.902500E+04   0.228750E-11   0.170177E-12   0.345386E-12
   0.902600E+04   0.548832E-11   0.334333E-12   0.114689E-11
   0.902700E+04   0.520127E-11   0.340511E-12   0.991994E-12
   0.902800E+04   0.264449E-11   0.239562E-12   0.220314E-12
   0.902900E+04   0.210518E-11   0.224651E-12   0.174316E-13
   0.903000E+04   0.494550E-11   0.360705E-12   0.758825E-12
   0.903100E+04   0.768937E-11   0.492946E-12   0.148360E-11
   0.903200E+04   0.686370E-11   0.462308E-12   0.123343E-11
   0.903300E+04   0.384111E-11   0.327107E-12   0.389299E-12
   0.903400E+04   0.292557E-11   0.281573E-12   0.140427E-12
   0.903500E+04   0.534933E-11   0.384963E-12   0.825516E-12
   0.903600E+04   0.755722E-11   0.479329E-12   0.146055E-11
   0.903700E+04   0.617399E-11   0.410638E-12   0.111267E-11
   0.903800E+04   0.272433E-11   0.244496E-12   0.203668E-12
   0.903900E+04   0.151668E-11   0.175265E-12  -0.764635E-13
   0.904000E+04   0.364042E-11   0.255385E-12   0.571448E-12
   0.904100E+04   0.545308E-11   0.322788E-12   0.113895E-11
   0.904200E+04   0.367266E-11   0.227881E-12   0.718208E-12
   0.904300E+04  -0.271914E-13   0.434163E-13  -0.228712E-12
   0.904400E+04  -0.133308E-11  -0.357145E-13  -0.511096E-12
   0.904500E+04   0.707462E-12   0.368580E-13   0.131921E-12
   0.904600E+04   0.237063E-11   0.953704E-13   0.669050E-12
   0.904700E+04   0.463083E-12  -0.596238E-14   0.216897E-12
   0.904800E+04  -0.321054E-11  -0.188865E-12  -0.725826E-12
   0.904900E+04  -0.435000E-11  -0.259320E-12  -0.971533E-12
   0.905000E+04  -0.213839E-11  -0.176654E-12  -0.297181E-12
   0.905100E+04  -0.355224E-12  -0.107832E-12   0.249058E-12
   0.905200E+04  -0.207415E-11  -0.191791E-12  -0.184651E-12
   0.905300E+04  -0.535205E-11  -0.343694E-12  -0.106105E-11
   0.905400E+04  -0.593278E-11  -0.372919E-12  -0.120187E-11
   0.905500E+04  -0.319411E-11  -0.249948E-12  -0.433590E-12
   0.905600E+04  -0.103233E-11  -0.148906E-12   0.167008E-12
   0.905700E+04  -0.244125E-11  -0.205803E-12  -0.227824E-12
   0.905800E+04  -0.534814E-11  -0.329933E-12  -0.104402E-11
   0.905900E+04  -0.552196E-11  -0.332016E-12  -0.110926E-11
   0.906000E+04  -0.249855E-11  -0.190229E-12  -0.292539E-12
   0.906100E+04  -0.248897E-12  -0.822399E-13   0.309080E-12
   0.906200E+04  -0.164875E-11  -0.137903E-12  -0.100608E-12
   0.906300E+04  -0.446532E-11  -0.257859E-12  -0.905249E-12
   0.906400E+04  -0.447009E-11  -0.251947E-12  -0.934711E-12
   0.906500E+04  -0.134404E-11  -0.104941E-12  -0.984462E-13
   0.906600E+04   0.864938E-12   0.131563E-14   0.485646E-12
   0.906700E+04  -0.621045E-12  -0.591879E-13   0.487522E-13
   0.906800E+04  -0.343818E-11  -0.181236E-12  -0.756715E-12
   0.906900E+04  -0.337913E-11  -0.175350E-12  -0.767000E-12
   0.907000E+04  -0.263789E-12  -0.321969E-13   0.692804E-13
   0.907100E+04   0.180945E-11   0.646129E-13   0.619245E-12
   0.907200E+04   0.186661E-12  -0.467419E-14   0.147194E-12
   0.907300E+04  -0.263003E-11  -0.128116E-12  -0.656966E-12
   0.907400E+04  -0.246757E-11  -0.117903E-12  -0.638839E-12
   0.907500E+04   0.693755E-12   0.273786E-13   0.209394E-12
   0.907600E+04   0.268720E-11   0.120391E-12   0.736581E-12
   0.907700E+04   0.972232E-12   0.464544E-13   0.238314E-12
   0.907800E+04  -0.181412E-11  -0.759233E-13  -0.558762E-12
   0.907900E+04  -0.152805E-11  -0.597849E-13  -0.508807E-12
   0.908000E+04   0.170334E-11   0.897799E-13   0.355274E-12
   0.908100E+04   0.365919E-11   0.182900E-12   0.867388E-12
   0.908200E+04   0.191412E-11   0.109976E-12   0.355067E-12
   0.908300E+04  -0.776775E-12  -0.541130E-14  -0.421890E-12
   0.908400E+04  -0.323949E-12   0.206961E-13  -0.331593E-12
   0.908500E+04   0.298537E-11   0.175504E-12   0.549718E-12
   0.908600E+04   0.488651E-11   0.267477E-12   0.104369E-11
   0.908700E+04   0.309615E-11   0.194687E-12   0.515817E-12
   0.908800E+04   0.510214E-12   0.882772E-13  -0.236187E-12
   0.908900E+04   0.116333E-11   0.129507E-12  -0.946606E-13
   0.909000E+04   0.457842E-11   0.295064E-12   0.814863E-12
   0.909100E+04   0.639939E-11   0.386877E-12   0.129242E-11
   0.909200E+04   0.444151E-11   0.306262E-12   0.732807E-12
   0.909300E+04   0.172450E-11   0.190345E-12  -0.321863E-13
   0.909400E+04   0.224644E-11   0.219615E-12   0.104023E-12
   0.909500E+04   0.538365E-11   0.364256E-12   0.974980E-12
   0.909600E+04   0.673355E-11   0.423511E-12   0.136804E-11
   0.909700E+04   0.424013E-11   0.304381E-12   0.712952E-12
   0.909800E+04   0.106496E-11   0.151544E-12  -0.121662E-12
   0.909900E+04   0.119013E-11   0.146652E-12  -0.371436E-13
   0.910000E+04   0.387350E-11   0.255867E-12   0.764318E-12
   0.910100E+04   0.468783E-11   0.277419E-12   0.106177E-11
   0.910200E+04   0.170264E-11   0.123395E-12   0.319215E-12
   0.910300E+04  -0.180700E-11  -0.566258E-13  -0.564034E-12
   0.910400E+04  -0.190514E-11  -0.824855E-13  -0.503684E-12
   0.910500E+04   0.540067E-12   0.732595E-14   0.261047E-12
   0.910600E+04   0.109238E-11   0.114970E-13   0.504899E-12
   0.910700E+04  -0.203755E-11  -0.151141E-12  -0.269902E-12
   0.910800E+04  -0.546895E-11  -0.326373E-12  -0.113445E-11
   0.910900E+04  -0.534538E-11  -0.338212E-12  -0.102529E-11
   0.911000E+04  -0.270266E-11  -0.233601E-12  -0.226545E-12
   0.911100E+04  -0.201773E-11  -0.216542E-12   0.265211E-13
   0.911200E+04  -0.495426E-11  -0.362958E-12  -0.728279E-12
   0.911300E+04  -0.802718E-11  -0.513847E-12  -0.153275E-11
   0.911400E+04  -0.744962E-11  -0.496066E-12  -0.134235E-11
   0.911500E+04  -0.440609E-11  -0.363096E-12  -0.482012E-12
   0.911600E+04  -0.339357E-11  -0.319816E-12  -0.192283E-12
   0.911700E+04  -0.593945E-11  -0.435990E-12  -0.897386E-12
   0.911800E+04  -0.846119E-11  -0.548316E-12  -0.161150E-11
   0.911900E+04  -0.726116E-11  -0.488177E-12  -0.131337E-11
   0.912000E+04  -0.369153E-11  -0.317435E-12  -0.372473E-12
   0.912100E+04  -0.227470E-11  -0.242537E-12  -0.351562E-13
   0.912200E+04  -0.438964E-11  -0.325880E-12  -0.684710E-12
   0.912300E+04  -0.633367E-11  -0.397299E-12  -0.130297E-11
   0.912400E+04  -0.448120E-11  -0.290626E-12  -0.888452E-12
   0.912500E+04  -0.358598E-12  -0.766664E-13   0.143801E-12
   0.912600E+04   0.144733E-11   0.325660E-13   0.534206E-12
   0.912700E+04  -0.352058E-12  -0.237295E-13  -0.712732E-13
   0.912800E+04  -0.197853E-11  -0.727210E-13  -0.631610E-12
   0.912900E+04   0.120313E-12   0.493210E-13  -0.165883E-12
   0.913000E+04   0.428716E-11   0.266623E-12   0.873796E-12
   0.913100E+04   0.592838E-11   0.366682E-12   0.122618E-11
   0.913200E+04   0.388395E-11   0.293589E-12   0.573740E-12
   0.913300E+04   0.202045E-11   0.223920E-12  -0.180716E-13
   0.913400E+04   0.382667E-11   0.319754E-12   0.411919E-12
   0.913500E+04   0.754159E-11   0.502597E-12   0.137946E-11
   0.913600E+04   0.860278E-11   0.562596E-12   0.162914E-11
   0.913700E+04   0.599916E-11   0.450375E-12   0.883741E-12
   0.913800E+04   0.367046E-11   0.344802E-12   0.229334E-12
   0.913900E+04   0.500450E-11   0.402766E-12   0.599146E-12
   0.914000E+04   0.810946E-11   0.540267E-12   0.147121E-11
   0.914100E+04   0.845782E-11   0.550188E-12   0.159704E-11
   0.914200E+04   0.521485E-11   0.392304E-12   0.745572E-12
   0.914300E+04   0.242049E-11   0.250717E-12   0.288879E-13
   0.914400E+04   0.336923E-11   0.278205E-12   0.353763E-12
   0.914500E+04   0.602338E-11   0.383832E-12   0.115779E-11
   0.914600E+04   0.586092E-11   0.360180E-12   0.119406E-11
   0.914700E+04   0.219228E-11   0.173144E-12   0.271530E-12
   0.914800E+04  -0.862724E-12   0.103648E-13  -0.475969E-12
   0.914900E+04  -0.103723E-12   0.207211E-13  -0.168454E-12
   0.915000E+04   0.230338E-11   0.108034E-12   0.595100E-12
   0.915100E+04   0.186598E-11   0.666958E-13   0.574697E-12
   0.915200E+04  -0.194560E-11  -0.129874E-12  -0.377422E-12
   0.915300E+04  -0.493274E-11  -0.290320E-12  -0.110615E-11
   0.915400E+04  -0.400040E-11  -0.270500E-12  -0.760768E-12
   0.915500E+04  -0.145397E-11  -0.172944E-12   0.211908E-13
   0.915600E+04  -0.176203E-11  -0.202094E-12   0.625987E-14
   0.915700E+04  -0.529348E-11  -0.376755E-12  -0.909298E-12
   0.915800E+04  -0.776671E-11  -0.500908E-12  -0.154790E-11
   0.915900E+04  -0.619178E-11  -0.434518E-12  -0.108748E-11
   0.916000E+04  -0.303033E-11  -0.287788E-12  -0.206510E-12
   0.916100E+04  -0.277252E-11  -0.268325E-12  -0.140016E-12
   0.916200E+04  -0.569552E-11  -0.393646E-12  -0.961090E-12
   0.916300E+04  -0.749799E-11  -0.468824E-12  -0.148255E-11
   0.916400E+04  -0.531730E-11  -0.359855E-12  -0.915740E-12
   0.916500E+04  -0.174127E-11  -0.181860E-12   0.261246E-13
   0.916600E+04  -0.122355E-11  -0.140369E-12   0.118350E-12
   0.916700E+04  -0.390122E-11  -0.247200E-12  -0.672091E-12
   0.916800E+04  -0.543163E-11  -0.306507E-12  -0.114507E-11
   0.916900E+04  -0.306957E-11  -0.189558E-12  -0.544445E-12
   0.917000E+04   0.493568E-12  -0.147350E-13   0.385722E-12
   0.917100E+04   0.879875E-12   0.176892E-13   0.438674E-12
   0.917200E+04  -0.187287E-11  -0.953377E-13  -0.372015E-12
   0.917300E+04  -0.337303E-11  -0.156274E-12  -0.832508E-12
   0.917400E+04  -0.101350E-11  -0.436438E-13  -0.223987E-12
   0.917500E+04   0.238183E-11   0.117865E-12   0.672704E-12
   0.917600E+04   0.249572E-11   0.131446E-12   0.665943E-12
   0.917700E+04  -0.453358E-12   0.336102E-14  -0.182844E-12
   0.917800E+04  -0.200678E-11  -0.650732E-13  -0.642636E-12
   0.917900E+04   0.319775E-12   0.421438E-13  -0.288468E-13
   0.918000E+04   0.357062E-11   0.194054E-12   0.841485E-12
   0.918100E+04   0.347153E-11   0.195435E-12   0.788872E-12
   0.918200E+04   0.392492E-12   0.590794E-13  -0.831621E-13
   0.918300E+04  -0.116673E-11  -0.121370E-13  -0.531946E-12
   0.918400E+04   0.114664E-11   0.916733E-13   0.909255E-13
   0.918500E+04   0.425569E-11   0.234196E-12   0.934653E-12
   0.918600E+04   0.394821E-11   0.223414E-12   0.836211E-12
   0.918700E+04   0.759822E-12   0.800466E-13  -0.558067E-13
   0.918800E+04  -0.763904E-12   0.926623E-14  -0.486448E-12
   0.918900E+04   0.159729E-11   0.114915E-12   0.156065E-12
   0.919000E+04   0.464164E-11   0.254808E-12   0.986644E-12
   0.919100E+04   0.421116E-11   0.239127E-12   0.857546E-12
   0.919200E+04   0.995714E-12   0.954595E-13  -0.397815E-13
   0.919300E+04  -0.420123E-12   0.309790E-13  -0.439641E-12
   0.919400E+04   0.205797E-11   0.144436E-12   0.234553E-12
   0.919500E+04   0.511827E-11   0.289237E-12   0.106708E-11
   0.919600E+04   0.465980E-11   0.277956E-12   0.926808E-12
   0.919700E+04   0.150012E-11   0.142625E-12   0.429513E-13
   0.919800E+04   0.213741E-12   0.879971E-13  -0.318242E-12
   0.919900E+04   0.272646E-11   0.203753E-12   0.375746E-12
   0.920000E+04   0.560733E-11   0.337756E-12   0.117679E-11
   0.920100E+04   0.483837E-11   0.307114E-12   0.975746E-12
   0.920200E+04   0.140526E-11   0.152055E-12   0.473953E-13
   0.920300E+04  -0.942834E-13   0.781333E-13  -0.335672E-12
   0.920400E+04   0.211868E-11   0.167855E-12   0.318448E-12
   0.920500E+04   0.451432E-11   0.264952E-12   0.103280E-11
   0.920600E+04   0.318629E-11   0.193245E-12   0.725692E-12
   0.920700E+04  -0.676489E-12   0.433077E-14  -0.275998E-12
   0.920800E+04  -0.242295E-11  -0.924085E-13  -0.687952E-12
   0.920900E+04  -0.409110E-12  -0.204293E-13  -0.568426E-13
   0.921000E+04   0.172227E-11   0.583264E-13   0.608974E-12
   0.921100E+04   0.139279E-12  -0.293598E-13   0.248298E-12
   0.921200E+04  -0.381196E-11  -0.224741E-12  -0.768856E-12
   0.921300E+04  -0.546238E-11  -0.317466E-12  -0.115338E-11
   0.921400E+04  -0.331571E-11  -0.237738E-12  -0.492601E-12
   0.921500E+04  -0.112327E-11  -0.152643E-12   0.175534E-12
   0.921600E+04  -0.263887E-11  -0.232084E-12  -0.188064E-12
   0.921700E+04  -0.636906E-11  -0.410886E-12  -0.117190E-11
   0.921800E+04  -0.764597E-11  -0.479191E-12  -0.148612E-11
   0.921900E+04  -0.513439E-11  -0.375044E-12  -0.761415E-12
   0.922000E+04  -0.269234E-11  -0.270666E-12  -0.646040E-13
   0.922100E+04  -0.398323E-11  -0.331678E-12  -0.409787E-12
   0.922200E+04  -0.735397E-11  -0.485223E-12  -0.134155E-11
   0.922300E+04  -0.812954E-11  -0.520826E-12  -0.156792E-11
   0.922400E+04  -0.512826E-11  -0.383515E-12  -0.761599E-12
   0.922500E+04  -0.230772E-11  -0.250134E-12  -0.164390E-13
   0.922600E+04  -0.324055E-11  -0.282205E-12  -0.321092E-12
   0.922700E+04  -0.612593E-11  -0.400233E-12  -0.117864E-11
   0.922800E+04  -0.630036E-11  -0.394588E-12  -0.129906E-11
   0.922900E+04  -0.274795E-11  -0.218246E-12  -0.399404E-12
   0.923000E+04   0.475461E-12  -0.526088E-13   0.400312E-12
   0.923100E+04  -0.104840E-12  -0.544595E-13   0.139077E-12
   0.923200E+04  -0.254227E-11  -0.137622E-12  -0.644844E-12
   0.923300E+04  -0.220348E-11  -0.947321E-13  -0.667323E-12
   0.923400E+04   0.173317E-11   0.110642E-12   0.304330E-12
   0.923500E+04   0.508950E-11   0.289923E-12   0.111925E-11
   0.923600E+04   0.448027E-11   0.289902E-12   0.842417E-12
   0.923700E+04   0.200871E-11   0.204413E-12   0.552065E-13
   0.923800E+04   0.230521E-11   0.241245E-12   0.404851E-13
   0.923900E+04   0.603246E-11   0.429442E-12   0.987087E-12
   0.924000E+04   0.892329E-11   0.575865E-12   0.171956E-11
   0.924100E+04   0.770717E-11   0.532674E-12   0.133343E-11
   0.924200E+04   0.466411E-11   0.402996E-12   0.456262E-12
   0.924300E+04   0.444485E-11   0.397246E-12   0.373275E-12
   0.924400E+04   0.758164E-11   0.539644E-12   0.123453E-11
   0.924500E+04   0.974048E-11   0.634191E-12   0.184437E-11
   0.924600E+04   0.776608E-11   0.538086E-12   0.132894E-11
   0.924700E+04   0.409202E-11   0.361514E-12   0.356957E-12
   0.924800E+04   0.335924E-11   0.314869E-12   0.209446E-12
   0.924900E+04   0.595282E-11   0.416085E-12   0.994402E-12
   0.925000E+04   0.747346E-11   0.466372E-12   0.149695E-11
   0.925100E+04   0.488732E-11   0.328539E-12   0.875834E-12
   0.925200E+04   0.777703E-12   0.119743E-12  -0.159649E-12
   0.925300E+04  -0.238538E-12   0.493928E-13  -0.335659E-12
   0.925400E+04   0.206307E-11   0.127977E-12   0.411073E-12
   0.925500E+04   0.321288E-11   0.153210E-12   0.845849E-12
   0.925600E+04   0.298993E-12  -0.662605E-14   0.160463E-12
   0.925700E+04  -0.394448E-11  -0.227135E-12  -0.895070E-12
   0.925800E+04  -0.492030E-11  -0.299103E-12  -0.105344E-11
   0.925900E+04  -0.254985E-11  -0.217893E-12  -0.292924E-12
   0.926000E+04  -0.134977E-11  -0.187134E-12   0.137338E-12
   0.926100E+04  -0.409360E-11  -0.331518E-12  -0.533859E-12
   0.926200E+04  -0.790528E-11  -0.519939E-12  -0.151732E-11
   0.926300E+04  -0.824604E-11  -0.546596E-12  -0.155999E-11
   0.926400E+04  -0.523821E-11  -0.417678E-12  -0.692249E-12
   0.926500E+04  -0.349455E-11  -0.342788E-12  -0.186451E-12
   0.926600E+04  -0.567629E-11  -0.441928E-12  -0.780970E-12
   0.926700E+04  -0.876531E-11  -0.576775E-12  -0.164684E-11
   0.926800E+04  -0.826637E-11  -0.542938E-12  -0.154204E-11
   0.926900E+04  -0.449277E-11  -0.356255E-12  -0.546717E-12
   0.927000E+04  -0.216378E-11  -0.233518E-12   0.419400E-13
   0.927100E+04  -0.385712E-11  -0.293060E-12  -0.487281E-12
   0.927200E+04  -0.643772E-11  -0.391757E-12  -0.127123E-11
   0.927300E+04  -0.545001E-11  -0.326171E-12  -0.107893E-11
   0.927400E+04  -0.136026E-11  -0.118346E-12  -0.331803E-13
   0.927500E+04   0.105623E-11   0.120221E-13   0.553887E-12
   0.927600E+04  -0.659639E-12  -0.489016E-13   0.478040E-14
   0.927700E+04  -0.324219E-11  -0.152131E-12  -0.781482E-12
   0.927800E+04  -0.226386E-11  -0.941549E-13  -0.583823E-12
   0.927900E+04   0.168593E-11   0.993561E-13   0.437668E-12
   0.928000E+04   0.381828E-11   0.209400E-12   0.964390E-12
   0.928100E+04   0.181986E-11   0.128899E-12   0.357910E-12
   0.928200E+04  -0.922706E-12   0.117914E-13  -0.449377E-12
   0.928300E+04  -0.483824E-13   0.581218E-13  -0.254673E-12
   0.928400E+04   0.369152E-11   0.234839E-12   0.736770E-12
   0.928500E+04   0.547783E-11   0.321822E-12   0.119704E-11
   0.928600E+04   0.314752E-11   0.219154E-12   0.528226E-12
   0.928700E+04   0.218397E-12   0.870509E-13  -0.301722E-12
   0.928800E+04   0.988739E-12   0.122875E-12  -0.107597E-12
   0.928900E+04   0.454117E-11   0.285885E-12   0.859566E-12
   0.929000E+04   0.601726E-11   0.353746E-12   0.126123E-11
   0.929100E+04   0.339288E-11   0.232444E-12   0.537913E-12
   0.929200E+04   0.306629E-12   0.876275E-13  -0.309258E-12
   0.929300E+04   0.991603E-12   0.114003E-12  -0.113562E-12
   0.929400E+04   0.437563E-11   0.264235E-12   0.830521E-12
   0.929500E+04   0.558303E-11   0.315655E-12   0.117876E-11
   0.929600E+04   0.274955E-11   0.182071E-12   0.414674E-12
   0.929700E+04  -0.357587E-12   0.355386E-13  -0.426075E-12
   0.929800E+04   0.419208E-12   0.673994E-13  -0.197672E-12
   0.929900E+04   0.382746E-11   0.221265E-12   0.756911E-12
   0.930000E+04   0.494195E-11   0.270819E-12   0.108179E-11
   0.930100E+04   0.203203E-11   0.135156E-12   0.298705E-12
   0.930200E+04  -0.101264E-11  -0.746380E-14  -0.523239E-12
   0.930300E+04  -0.917303E-13   0.331891E-13  -0.255339E-12
   0.930400E+04   0.338936E-11   0.194477E-12   0.716943E-12
   0.930500E+04   0.446410E-11   0.247047E-12   0.102836E-11
   0.930600E+04   0.150804E-11   0.112482E-12   0.233481E-12
   0.930700E+04  -0.151445E-11  -0.292617E-13  -0.575305E-12
   0.930800E+04  -0.590303E-12   0.813849E-14  -0.293174E-12
   0.930900E+04   0.273639E-11   0.156958E-12   0.654505E-12
   0.931000E+04   0.350692E-11   0.189080E-12   0.903073E-12
   0.931100E+04   0.253632E-12   0.331063E-13   0.498719E-13
   0.931200E+04  -0.295537E-11  -0.126579E-12  -0.784463E-12
   0.931300E+04  -0.218072E-11  -0.106268E-12  -0.517187E-12
   0.931400E+04   0.912550E-12   0.226827E-13   0.389656E-12
   0.931500E+04   0.139921E-11   0.355031E-13   0.577441E-12
   0.931600E+04  -0.201706E-11  -0.130873E-12  -0.310550E-12
   0.931700E+04  -0.518176E-11  -0.288999E-12  -0.112904E-11
   0.931800E+04  -0.427639E-11  -0.261992E-12  -0.827079E-12
   0.931900E+04  -0.113984E-11  -0.129917E-12   0.862355E-13
   0.932000E+04  -0.697064E-12  -0.117565E-12   0.252275E-12
   0.932100E+04  -0.407820E-11  -0.280101E-12  -0.640244E-12
   0.932200E+04  -0.702772E-11  -0.425168E-12  -0.141833E-11
   0.932300E+04  -0.582775E-11  -0.380303E-12  -0.105861E-11
   0.932400E+04  -0.247696E-11  -0.232843E-12  -0.114004E-12
   0.932500E+04  -0.189934E-11  -0.207752E-12   0.575857E-13
   0.932600E+04  -0.507243E-11  -0.353699E-12  -0.812279E-12
   0.932700E+04  -0.765913E-11  -0.475098E-12  -0.152721E-11
   0.932800E+04  -0.605373E-11  -0.404798E-12  -0.109417E-11
   0.932900E+04  -0.240895E-11  -0.236922E-12  -0.108547E-12
   0.933000E+04  -0.162796E-11  -0.194930E-12   0.770099E-13
   0.933100E+04  -0.451360E-11  -0.318877E-12  -0.758323E-12
   0.933200E+04  -0.663406E-11  -0.408379E-12  -0.139232E-11
   0.933300E+04  -0.449716E-11  -0.301456E-12  -0.862807E-12
   0.933400E+04  -0.427588E-12  -0.100830E-12   0.188885E-12
   0.933500E+04   0.659306E-12  -0.319063E-13   0.409181E-12
   0.933600E+04  -0.190164E-11  -0.129730E-12  -0.382380E-12
   0.933700E+04  -0.360373E-11  -0.190669E-12  -0.941821E-12
   0.933800E+04  -0.105373E-11  -0.561134E-13  -0.334882E-12
   0.933900E+04   0.329268E-11   0.166657E-12   0.760008E-12
   0.934000E+04   0.454131E-11   0.253353E-12   0.995795E-12
   0.934100E+04   0.215707E-11   0.173187E-12   0.231072E-12
   0.934200E+04   0.673379E-12   0.128579E-12  -0.278663E-12
   0.934300E+04   0.333189E-11   0.269769E-12   0.361678E-12
   0.934400E+04   0.752868E-11   0.482946E-12   0.143282E-11
   0.934500E+04   0.841713E-11   0.546982E-12   0.159954E-11
   0.934600E+04   0.563759E-11   0.439402E-12   0.768199E-12
   0.934700E+04   0.378585E-11   0.364782E-12   0.211963E-12
   0.934800E+04   0.597345E-11   0.466880E-12   0.789925E-12
   0.934900E+04   0.947216E-11   0.627125E-12   0.174609E-11
   0.935000E+04   0.952253E-11   0.630705E-12   0.176469E-11
   0.935100E+04   0.598709E-11   0.467643E-12   0.808815E-12
   0.935200E+04   0.355462E-11   0.347693E-12   0.174696E-12
   0.935300E+04   0.520278E-11   0.407866E-12   0.684118E-12
   0.935400E+04   0.804237E-11   0.521081E-12   0.153697E-11
   0.935500E+04   0.735057E-11   0.473655E-12   0.142715E-11
   0.935600E+04   0.317295E-11   0.264340E-12   0.366688E-12
   0.935700E+04   0.281085E-12   0.107489E-12  -0.327233E-12
   0.935800E+04   0.153790E-11   0.135584E-12   0.133788E-12
   0.935900E+04   0.392319E-11   0.215967E-12   0.912177E-12
   0.936000E+04   0.276683E-11   0.137484E-12   0.715422E-12
   0.936100E+04  -0.171284E-11  -0.933115E-13  -0.397263E-12
   0.936200E+04  -0.468716E-11  -0.259614E-12  -0.109322E-11
   0.936300E+04  -0.342550E-11  -0.234891E-12  -0.621126E-12
   0.936400E+04  -0.107396E-11  -0.156935E-12   0.145457E-12
   0.936500E+04  -0.222988E-11  -0.232546E-12  -0.675461E-13
   0.936600E+04  -0.648775E-11  -0.445761E-12  -0.115029E-11
   0.936700E+04  -0.896813E-11  -0.577352E-12  -0.175567E-11
   0.936800E+04  -0.710016E-11  -0.508881E-12  -0.117456E-11
   0.936900E+04  -0.419682E-11  -0.387102E-12  -0.323974E-12
   0.937000E+04  -0.482945E-11  -0.419021E-12  -0.468064E-12
   0.937100E+04  -0.844805E-11  -0.583196E-12  -0.145453E-11
   0.937200E+04  -0.101456E-10  -0.659749E-12  -0.192648E-11
   0.937300E+04  -0.750082E-11  -0.536956E-12  -0.121479E-11
   0.937400E+04  -0.395327E-11  -0.366589E-12  -0.271066E-12
   0.937500E+04  -0.400409E-11  -0.351677E-12  -0.339735E-12
   0.937600E+04  -0.694265E-11  -0.463615E-12  -0.122249E-11
   0.937700E+04  -0.785808E-11  -0.483868E-12  -0.155788E-11
   0.937800E+04  -0.452448E-11  -0.311786E-12  -0.726477E-12
   0.937900E+04  -0.545086E-12  -0.108076E-12   0.277922E-12
   0.938000E+04  -0.358838E-12  -0.730444E-13   0.228951E-12
   0.938100E+04  -0.307494E-11  -0.169236E-12  -0.625565E-12
   0.938200E+04  -0.374505E-11  -0.176170E-12  -0.913701E-12
   0.938300E+04  -0.302390E-12  -0.906983E-15  -0.593341E-13
   0.938400E+04   0.352170E-11   0.189773E-12   0.908198E-12
   0.938500E+04   0.338614E-11   0.201048E-12   0.787364E-12
   0.938600E+04   0.397652E-12   0.823342E-13  -0.118045E-12
   0.938700E+04  -0.426723E-12   0.590916E-13  -0.420327E-12
   0.938800E+04   0.283778E-11   0.218164E-12   0.416162E-12
   0.938900E+04   0.632407E-11   0.385625E-12   0.132497E-11
   0.939000E+04   0.575455E-11   0.368441E-12   0.112264E-11
   0.939100E+04   0.240530E-11   0.223475E-12   0.159391E-12
   0.939200E+04   0.132965E-11   0.178362E-12  -0.168212E-12
   0.939300E+04   0.431080E-11   0.314154E-12   0.635093E-12
   0.939400E+04   0.737341E-11   0.452378E-12   0.147191E-11
   0.939500E+04   0.633126E-11   0.404355E-12   0.118321E-11
   0.939600E+04   0.263447E-11   0.234977E-12   0.166720E-12
   0.939700E+04   0.135344E-11   0.172537E-12  -0.176335E-12
   0.939800E+04   0.410625E-11   0.290156E-12   0.603937E-12
   0.939900E+04   0.680008E-11   0.403699E-12   0.137759E-11
   0.940000E+04   0.534785E-11   0.329316E-12   0.101197E-11
   0.940100E+04   0.138859E-11   0.141445E-12  -0.446680E-13
   0.940200E+04   0.223781E-13   0.706088E-13  -0.384206E-12
   0.940300E+04   0.270852E-11   0.182825E-12   0.399135E-12
   0.940400E+04   0.523367E-11   0.287854E-12   0.114271E-11
   0.940500E+04   0.359281E-11   0.204825E-12   0.737295E-12
   0.940600E+04  -0.416117E-12   0.149363E-13  -0.324327E-12
   0.940700E+04  -0.169324E-11  -0.515697E-13  -0.633483E-12
   0.940800E+04   0.105085E-11   0.633733E-13   0.169279E-12
   0.940900E+04   0.349809E-11   0.164867E-12   0.892435E-12
   0.941000E+04   0.175744E-11   0.780015E-13   0.457377E-12
   0.941100E+04  -0.218839E-11  -0.106541E-12  -0.593123E-12
   0.941200E+04  -0.323683E-11  -0.158102E-12  -0.849427E-12
   0.941300E+04  -0.290407E-12  -0.285368E-13  -0.295093E-14
   0.941400E+04   0.219248E-11   0.788959E-13   0.718962E-12
   0.941500E+04   0.403194E-12  -0.812969E-14   0.262150E-12
   0.941600E+04  -0.350184E-11  -0.190511E-12  -0.783131E-12
   0.941700E+04  -0.440079E-11  -0.235332E-12  -0.100350E-11
   0.941800E+04  -0.135289E-11  -0.100919E-12  -0.134402E-12
   0.941900E+04   0.107547E-11   0.391201E-14   0.567726E-12
   0.942000E+04  -0.830012E-12  -0.897865E-13   0.757221E-13
   0.942100E+04  -0.474488E-11  -0.275076E-12  -0.974200E-12
   0.942200E+04  -0.553123E-11  -0.316895E-12  -0.116623E-11
   0.942300E+04  -0.239119E-11  -0.178685E-12  -0.277334E-12
   0.942400E+04   0.222502E-13  -0.730468E-13   0.411517E-12
   0.942500E+04  -0.190714E-11  -0.165472E-12  -0.987990E-13
   0.942600E+04  -0.571320E-11  -0.343657E-12  -0.113163E-11
   0.942700E+04  -0.628145E-11  -0.373903E-12  -0.127717E-11
   0.942800E+04  -0.297840E-11  -0.226713E-12  -0.358311E-12
   0.942900E+04  -0.532649E-12  -0.117586E-12   0.322214E-12
   0.943000E+04  -0.243374E-11  -0.205922E-12  -0.200310E-12
   0.943100E+04  -0.605431E-11  -0.371952E-12  -0.120477E-11
   0.943200E+04  -0.630575E-11  -0.383183E-12  -0.128810E-11
   0.943300E+04  -0.273478E-11  -0.218580E-12  -0.322311E-12
   0.943400E+04  -0.159326E-12  -0.980864E-13   0.365744E-12
   0.943500E+04  -0.194668E-11  -0.175664E-12  -0.154767E-12
   0.943600E+04  -0.530613E-11  -0.323732E-12  -0.111795E-11
   0.943700E+04  -0.517056E-11  -0.310235E-12  -0.112697E-11
   0.943800E+04  -0.126302E-11  -0.122094E-12  -0.102142E-12
   0.943900E+04   0.150955E-11   0.161189E-13   0.606140E-12
   0.944000E+04  -0.105121E-12  -0.449946E-13   0.998992E-13
   0.944100E+04  -0.316743E-11  -0.171281E-12  -0.813242E-12
   0.944200E+04  -0.264656E-11  -0.132237E-12  -0.746058E-12
   0.944300E+04   0.155075E-11   0.766292E-13   0.331262E-12
   0.944400E+04   0.443046E-11   0.226086E-12   0.104569E-11
   0.944500E+04   0.286347E-11   0.171958E-12   0.534259E-12
   0.944600E+04  -0.494063E-13   0.564189E-13  -0.351092E-12
   0.944700E+04   0.701320E-12   0.110305E-12  -0.229904E-12
   0.944800E+04   0.503518E-11   0.330597E-12   0.879881E-12
   0.944900E+04   0.786110E-11   0.482158E-12   0.158094E-11
   0.945000E+04   0.613631E-11   0.422148E-12   0.103796E-11
   0.945100E+04   0.307570E-11   0.296188E-12   0.137060E-12
   0.945200E+04   0.364478E-11   0.333359E-12   0.246502E-12
   0.945300E+04   0.761446E-11   0.525383E-12   0.130516E-11
   0.945400E+04   0.985786E-11   0.636605E-12   0.190368E-11
   0.945500E+04   0.747871E-11   0.530833E-12   0.124626E-11
   0.945600E+04   0.383745E-11   0.359983E-12   0.258605E-12
   0.945700E+04   0.386271E-11   0.352024E-12   0.297049E-12
   0.945800E+04   0.718316E-11   0.493784E-12   0.125794E-11
   0.945900E+04   0.865354E-11   0.550287E-12   0.172342E-11
   0.946000E+04   0.553977E-11   0.393179E-12   0.940364E-12
   0.946100E+04   0.134246E-11   0.180238E-12  -0.127383E-12
   0.946200E+04   0.925920E-12   0.135909E-12  -0.141562E-12
   0.946300E+04   0.374609E-11   0.239166E-12   0.745388E-12
   0.946400E+04   0.462537E-11   0.254110E-12   0.110478E-11
   0.946500E+04   0.997849E-12   0.607351E-13   0.227931E-12
   0.946600E+04  -0.347945E-11  -0.175402E-12  -0.879791E-12
   0.946700E+04  -0.399061E-11  -0.231325E-12  -0.894932E-12
   0.946800E+04  -0.124208E-11  -0.134693E-12  -0.161786E-13
   0.946900E+04  -0.443611E-12  -0.122382E-12   0.317867E-12
   0.947000E+04  -0.400863E-11  -0.307532E-12  -0.559461E-12
   0.947100E+04  -0.815680E-11  -0.519555E-12  -0.160767E-11
   0.947200E+04  -0.816272E-11  -0.540428E-12  -0.152645E-11
   0.947300E+04  -0.493297E-11  -0.407775E-12  -0.567678E-12
   0.947400E+04  -0.373334E-11  -0.361767E-12  -0.183643E-12
   0.947500E+04  -0.683341E-11  -0.509433E-12  -0.999950E-12
   0.947600E+04  -0.103256E-10  -0.674406E-12  -0.194010E-11
   0.947700E+04  -0.956352E-11  -0.642081E-12  -0.172471E-11
   0.947800E+04  -0.564227E-11  -0.458896E-12  -0.656437E-12
   0.947900E+04  -0.388222E-11  -0.368425E-12  -0.200406E-12
   0.948000E+04  -0.641898E-11  -0.472675E-12  -0.942848E-12
   0.948100E+04  -0.922608E-11  -0.590038E-12  -0.177307E-11
   0.948200E+04  -0.772489E-11  -0.507889E-12  -0.143066E-11
   0.948300E+04  -0.316980E-11  -0.278551E-12  -0.262790E-12
   0.948400E+04  -0.913925E-12  -0.147146E-12   0.257528E-12
   0.948500E+04  -0.297500E-11  -0.212376E-12  -0.419588E-12
   0.948600E+04  -0.526102E-11  -0.292429E-12  -0.116054E-11
   0.948700E+04  -0.331434E-11  -0.181651E-12  -0.735382E-12
   0.948800E+04   0.144225E-11   0.606392E-13   0.462022E-12
   0.948900E+04   0.366614E-11   0.191454E-12   0.959550E-12
   0.949000E+04   0.152154E-11   0.121204E-12   0.256358E-12
   0.949100E+04  -0.789170E-12   0.361541E-13  -0.482938E-12
   0.949200E+04   0.108432E-11   0.136228E-12  -0.572289E-13
   0.949300E+04   0.555212E-11   0.354824E-12   0.109244E-11
   0.949400E+04   0.729408E-11   0.451616E-12   0.149706E-11
   0.949500E+04   0.468093E-11   0.348132E-12   0.709514E-12
   0.949600E+04   0.204561E-11   0.237109E-12  -0.711288E-13
   0.949700E+04   0.363082E-11   0.312878E-12   0.326692E-12
   0.949800E+04   0.765867E-11   0.499385E-12   0.141041E-11
   0.949900E+04   0.880298E-11   0.555844E-12   0.170868E-11
   0.950000E+04   0.562058E-11   0.412787E-12   0.824178E-12
   0.950100E+04   0.257202E-11   0.269433E-12  -0.103859E-13
   0.950200E+04   0.380699E-11   0.316305E-12   0.349773E-12
   0.950300E+04   0.738184E-11   0.470100E-12   0.136542E-11
   0.950400E+04   0.797973E-11   0.490835E-12   0.156667E-11
   0.950500E+04   0.434135E-11   0.317780E-12   0.605838E-12
   0.950600E+04   0.103697E-11   0.155181E-12  -0.254619E-12
   0.950700E+04   0.210081E-11   0.187883E-12   0.984380E-13
   0.950800E+04   0.540653E-11   0.323646E-12   0.107587E-11
   0.950900E+04   0.563627E-11   0.322056E-12   0.120775E-11
   0.951000E+04   0.170915E-11   0.130584E-12   0.195349E-12
   0.951100E+04  -0.169326E-11  -0.409781E-13  -0.668919E-12
   0.951200E+04  -0.639501E-12  -0.118909E-13  -0.301199E-12
   0.951300E+04   0.257958E-11   0.118387E-12   0.663355E-12
   0.951400E+04   0.265246E-11   0.109401E-12   0.756744E-12
   0.951500E+04  -0.133847E-11  -0.847484E-13  -0.273761E-12
   0.951600E+04  -0.462702E-11  -0.251013E-12  -0.111147E-11
   0.951700E+04  -0.339447E-11  -0.213363E-12  -0.704000E-12
   0.951800E+04  -0.725062E-13  -0.761176E-13   0.272794E-12
   0.951900E+04   0.747865E-13  -0.759100E-13   0.362047E-12
   0.952000E+04  -0.368690E-11  -0.249967E-12  -0.638347E-12
   0.952100E+04  -0.653316E-11  -0.384129E-12  -0.139285E-11
   0.952200E+04  -0.481963E-11  -0.312665E-12  -0.893134E-12
   0.952300E+04  -0.117822E-11  -0.150504E-12   0.132581E-12
   0.952400E+04  -0.852477E-12  -0.133257E-12   0.233839E-12
   0.952500E+04  -0.438549E-11  -0.288693E-12  -0.738893E-12
   0.952600E+04  -0.687079E-11  -0.398937E-12  -0.142672E-11
   0.952700E+04  -0.481661E-11  -0.306309E-12  -0.861537E-12
   0.952800E+04  -0.103949E-11  -0.135172E-12   0.178954E-12
   0.952900E+04  -0.745822E-12  -0.119096E-12   0.253966E-12
   0.953000E+04  -0.426290E-11  -0.274332E-12  -0.728900E-12
   0.953100E+04  -0.657093E-11  -0.376179E-12  -0.138186E-11
   0.953200E+04  -0.430347E-11  -0.272290E-12  -0.772190E-12
   0.953300E+04  -0.452857E-12  -0.958871E-13   0.274583E-12
   0.953400E+04  -0.205527E-12  -0.806144E-13   0.324022E-12
   0.953500E+04  -0.370757E-11  -0.234705E-12  -0.666241E-12
   0.953600E+04  -0.585476E-11  -0.329157E-12  -0.128582E-11
   0.953700E+04  -0.340820E-11  -0.216861E-12  -0.637996E-12
   0.953800E+04   0.489167E-12  -0.374689E-13   0.409471E-12
   0.953900E+04   0.701880E-12  -0.218678E-13   0.435562E-12
   0.954000E+04  -0.272303E-11  -0.169045E-12  -0.549306E-12
   0.954100E+04  -0.461215E-11  -0.246807E-12  -0.111549E-11
   0.954200E+04  -0.188472E-11  -0.115986E-12  -0.408709E-12
   0.954300E+04   0.213632E-11   0.743519E-13   0.655300E-12
   0.954400E+04   0.234718E-11   0.939064E-13   0.665523E-12
   0.954500E+04  -0.101913E-11  -0.477559E-13  -0.316135E-12
   0.954600E+04  -0.271236E-11  -0.114156E-12  -0.839497E-12
   0.954700E+04   0.213688E-12   0.284890E-13  -0.881861E-13
   0.954800E+04   0.428591E-11   0.224443E-12   0.980438E-12
   0.954900E+04   0.444771E-11   0.245162E-12   0.968917E-12
   0.955000E+04   0.110483E-11   0.107419E-12  -0.120732E-13
   0.955100E+04  -0.448290E-12   0.490746E-13  -0.498960E-12
   0.955200E+04   0.257605E-11   0.196419E-12   0.281586E-12
   0.955300E+04   0.656135E-11   0.387575E-12   0.133228E-11
   0.955400E+04   0.652983E-11   0.398592E-12   0.127628E-11
   0.955500E+04   0.308864E-11   0.256300E-12   0.279087E-12
   0.955600E+04   0.157719E-11   0.200396E-12  -0.182453E-12
   0.955700E+04   0.459648E-11   0.347136E-12   0.615907E-12
   0.955800E+04   0.834891E-11   0.524600E-12   0.162941E-11
   0.955900E+04   0.791157E-11   0.510678E-12   0.149716E-11
   0.956000E+04   0.409390E-11   0.342218E-12   0.439431E-12
   0.956100E+04   0.230232E-11   0.263061E-12  -0.499206E-13
   0.956200E+04   0.498047E-11   0.382310E-12   0.709610E-12
   0.956300E+04   0.817235E-11   0.519769E-12   0.163017E-11
   0.956400E+04   0.702143E-11   0.455681E-12   0.136898E-11
   0.956500E+04   0.254941E-11   0.237560E-12   0.202410E-12
   0.956600E+04   0.252900E-12   0.115665E-12  -0.355003E-12
   0.956700E+04   0.245708E-11   0.195671E-12   0.340636E-12
   0.956800E+04   0.508299E-11   0.292177E-12   0.116550E-11
   0.956900E+04   0.334599E-11   0.187895E-12   0.796249E-12
   0.957000E+04  -0.155082E-11  -0.620256E-13  -0.441051E-12
   0.957100E+04  -0.406302E-11  -0.204671E-12  -0.102018E-11
   0.957200E+04  -0.200246E-11  -0.139285E-12  -0.337602E-12
   0.957300E+04   0.446057E-12  -0.547785E-13   0.451168E-12
   0.957400E+04  -0.140136E-11  -0.163134E-12   0.492517E-13
   0.957500E+04  -0.615647E-11  -0.400762E-12  -0.116596E-11
   0.957600E+04  -0.826471E-11  -0.514999E-12  -0.166377E-11
   0.957700E+04  -0.573877E-11  -0.415651E-12  -0.893391E-12
   0.957800E+04  -0.293019E-11  -0.300959E-12  -0.534238E-13
   0.957900E+04  -0.445930E-11  -0.381290E-12  -0.420952E-12
   0.958000E+04  -0.876083E-11  -0.585208E-12  -0.156863E-11
   0.958100E+04  -0.102524E-10  -0.658144E-12  -0.195790E-11
   0.958200E+04  -0.711234E-11  -0.516773E-12  -0.108355E-11
   0.958300E+04  -0.382006E-11  -0.365082E-12  -0.178983E-12
   0.958400E+04  -0.490889E-11  -0.409846E-12  -0.496296E-12
   0.958500E+04  -0.863947E-11  -0.572076E-12  -0.155898E-11
   0.958600E+04  -0.942458E-11  -0.597275E-12  -0.182588E-11
   0.958700E+04  -0.563132E-11  -0.411172E-12  -0.842505E-12
   0.958800E+04  -0.187484E-11  -0.224487E-12   0.121715E-12
   0.958900E+04  -0.259119E-11  -0.239643E-12  -0.157705E-12
   0.959000E+04  -0.584775E-11  -0.368071E-12  -0.115102E-11
   0.959100E+04  -0.603535E-11  -0.353231E-12  -0.131125E-11
   0.959200E+04  -0.170416E-11  -0.129115E-12  -0.233410E-12
   0.959300E+04   0.238267E-11   0.853940E-13   0.774887E-12
   0.959400E+04   0.185563E-11   0.888982E-13   0.510805E-12
   0.959500E+04  -0.119505E-11  -0.239450E-13  -0.450255E-12
   0.959600E+04  -0.115636E-11   0.389538E-14  -0.559861E-12
   0.959700E+04   0.325145E-11   0.231402E-12   0.539543E-12
   0.959800E+04   0.715157E-11   0.434404E-12   0.150910E-11
   0.959900E+04   0.627308E-11   0.415071E-12   0.117393E-11
   0.960000E+04   0.288111E-11   0.275565E-12   0.157767E-12
   0.960100E+04   0.260693E-11   0.274777E-12   0.121765E-13
   0.960200E+04   0.659062E-11   0.467409E-12   0.105263E-11
   0.960300E+04   0.988642E-11   0.627811E-12   0.191786E-11
   0.960400E+04   0.835389E-11   0.564320E-12   0.146740E-11
   0.960500E+04   0.442685E-11   0.385911E-12   0.371534E-12
   0.960600E+04   0.371539E-11   0.349700E-12   0.176156E-12
   0.960700E+04   0.718020E-11   0.502297E-12   0.114627E-11
   0.960800E+04   0.979704E-11   0.615390E-12   0.189670E-11
   0.960900E+04   0.757839E-11   0.505480E-12   0.132648E-11
   0.961000E+04   0.315707E-11   0.291546E-12   0.158794E-12
   0.961100E+04   0.213399E-11   0.230597E-12  -0.638057E-13
   0.961200E+04   0.527446E-11   0.359845E-12   0.870141E-12
   0.961300E+04   0.743910E-11   0.444610E-12   0.154474E-11
   0.961400E+04   0.475194E-11   0.305372E-12   0.890737E-12
   0.961500E+04   0.163751E-13   0.685425E-13  -0.321581E-12
   0.961600E+04  -0.117790E-11  -0.877491E-14  -0.553768E-12
   0.961700E+04   0.176459E-11   0.103854E-12   0.357266E-12
   0.961800E+04   0.362722E-11   0.168812E-12   0.973090E-12
   0.961900E+04   0.673001E-12   0.129797E-13   0.262126E-12
   0.962000E+04  -0.412001E-11  -0.229283E-12  -0.957581E-12
   0.962100E+04  -0.518682E-11  -0.301770E-12  -0.115495E-11
   0.962200E+04  -0.211746E-11  -0.182268E-12  -0.218550E-12
   0.962300E+04  -0.214151E-12  -0.112378E-12   0.389443E-12
   0.962400E+04  -0.307639E-11  -0.259090E-12  -0.324534E-12
   0.962500E+04  -0.754860E-11  -0.479452E-12  -0.149380E-11
   0.962600E+04  -0.808353E-11  -0.516807E-12  -0.159299E-11
   0.962700E+04  -0.445136E-11  -0.356172E-12  -0.560474E-12
   0.962800E+04  -0.205298E-11  -0.244289E-12   0.116468E-12
   0.962900E+04  -0.439733E-11  -0.346477E-12  -0.526174E-12
   0.963000E+04  -0.822404E-11  -0.517860E-12  -0.158757E-11
   0.963100E+04  -0.806693E-11  -0.507021E-12  -0.156113E-11
   0.963200E+04  -0.389468E-11  -0.307896E-12  -0.438809E-12
   0.963300E+04  -0.117592E-11  -0.169717E-12   0.273648E-12
   0.963400E+04  -0.327822E-11  -0.251579E-12  -0.347857E-12
   0.963500E+04  -0.679768E-11  -0.403026E-12  -0.136124E-11
   0.963600E+04  -0.632721E-11  -0.375769E-12  -0.127546E-11
   0.963700E+04  -0.200938E-11  -0.170632E-12  -0.131948E-12
   0.963800E+04   0.659821E-12  -0.361023E-13   0.552906E-12
   0.963900E+04  -0.150218E-11  -0.121360E-12  -0.965494E-13
   0.964000E+04  -0.492726E-11  -0.268431E-12  -0.109351E-11
   0.964100E+04  -0.428129E-11  -0.233340E-12  -0.966136E-12
   0.964200E+04   0.853342E-13  -0.271676E-13   0.187484E-12
   0.964300E+04   0.262182E-11   0.993288E-13   0.835087E-12
   0.964400E+04   0.325270E-12   0.618861E-14   0.148798E-12
   0.964500E+04  -0.305902E-11  -0.139550E-12  -0.837235E-12
   0.964600E+04  -0.225488E-11  -0.962870E-13  -0.667488E-12
   0.964700E+04   0.218058E-11   0.114915E-12   0.503819E-12
   0.964800E+04   0.462191E-11   0.238914E-12   0.112524E-11
   0.964900E+04   0.221163E-11   0.141511E-12   0.410200E-12
   0.965000E+04  -0.115843E-11  -0.393301E-14  -0.566219E-12
   0.965100E+04  -0.278413E-12   0.413260E-13  -0.366956E-12
   0.965200E+04   0.410612E-11   0.248021E-12   0.801299E-12
   0.965300E+04   0.632543E-11   0.359241E-12   0.137454E-11
   0.965400E+04   0.368979E-11   0.248512E-12   0.612307E-12
   0.965500E+04   0.244448E-12   0.963558E-13  -0.368301E-12
   0.965600E+04   0.113227E-11   0.138868E-12  -0.149407E-12
   0.965700E+04   0.541906E-11   0.338469E-12   0.100960E-11
   0.965800E+04   0.738669E-11   0.435658E-12   0.153158E-11
   0.965900E+04   0.449699E-11   0.309853E-12   0.719047E-12
   0.966000E+04   0.927464E-12   0.146899E-12  -0.273475E-12
   0.966100E+04   0.175178E-11   0.180423E-12  -0.480392E-13
   0.966200E+04   0.587853E-11   0.367704E-12   0.108997E-11
   0.966300E+04   0.758804E-11   0.451028E-12   0.156057E-11
   0.966400E+04   0.451339E-11   0.317575E-12   0.713874E-12
   0.966500E+04   0.928984E-12   0.155400E-12  -0.265475E-12
   0.966600E+04   0.176442E-11   0.188765E-12  -0.150180E-13
   0.966700E+04   0.570452E-11   0.363327E-12   0.110036E-11
   0.966800E+04   0.700837E-11   0.420874E-12   0.149427E-11
   0.966900E+04   0.350875E-11   0.258835E-12   0.570203E-12
   0.967000E+04  -0.374237E-12   0.722539E-13  -0.447836E-12
   0.967100E+04   0.187636E-12   0.801954E-13  -0.225280E-12
   0.967200E+04   0.368581E-11   0.219243E-12   0.818946E-12
   0.967300E+04   0.438555E-11   0.232652E-12   0.109732E-11
   0.967400E+04   0.351702E-12   0.307751E-13   0.729281E-13
   0.967500E+04  -0.381584E-11  -0.181013E-12  -0.984724E-12
   0.967600E+04  -0.336655E-11  -0.186331E-12  -0.764795E-12
   0.967700E+04  -0.180000E-14  -0.576602E-13   0.259930E-12
   0.967800E+04   0.521555E-12  -0.532526E-13   0.495771E-12
   0.967900E+04  -0.354993E-11  -0.254620E-12  -0.544086E-12
   0.968000E+04  -0.749080E-11  -0.450699E-12  -0.155517E-11
   0.968100E+04  -0.666739E-11  -0.430854E-12  -0.125784E-11
   0.968200E+04  -0.299232E-11  -0.278045E-12  -0.181469E-12
   0.968300E+04  -0.225199E-11  -0.252731E-12   0.738483E-13
   0.968400E+04  -0.602759E-11  -0.429088E-12  -0.929722E-12
   0.968500E+04  -0.948044E-11  -0.591145E-12  -0.185528E-11
   0.968600E+04  -0.809838E-11  -0.534072E-12  -0.145559E-11
   0.968700E+04  -0.399461E-11  -0.350340E-12  -0.314344E-12
   0.968800E+04  -0.296578E-11  -0.301115E-12  -0.336871E-13
   0.968900E+04  -0.640509E-11  -0.451901E-12  -0.999194E-12
   0.969000E+04  -0.935153E-11  -0.580719E-12  -0.184017E-11
   0.969100E+04  -0.740395E-11  -0.487301E-12  -0.134019E-11
   0.969200E+04  -0.286117E-11  -0.272331E-12  -0.134289E-12
   0.969300E+04  -0.152241E-11  -0.197376E-12   0.175202E-12
   0.969400E+04  -0.460751E-11  -0.320880E-12  -0.747967E-12
   0.969500E+04  -0.706508E-11  -0.417718E-12  -0.150624E-11
   0.969600E+04  -0.462596E-11  -0.293895E-12  -0.918628E-12
   0.969700E+04   0.241607E-12  -0.567388E-13   0.332134E-12
   0.969800E+04   0.178339E-11   0.362058E-13   0.654006E-12
   0.969900E+04  -0.100606E-11  -0.624103E-13  -0.231061E-12
   0.970000E+04  -0.298916E-11  -0.124299E-12  -0.899584E-12
   0.970100E+04  -0.841479E-13   0.332565E-13  -0.217502E-12
   0.970200E+04   0.499526E-11   0.288818E-12   0.106949E-11
   0.970300E+04   0.648540E-11   0.383190E-12   0.136900E-11
   0.970400E+04   0.358680E-11   0.279110E-12   0.459417E-12
   0.970500E+04   0.155707E-11   0.211461E-12  -0.203655E-12
   0.970600E+04   0.434391E-11   0.356909E-12   0.476881E-12
   0.970700E+04   0.903671E-11   0.584166E-12   0.170169E-11
   0.970800E+04   0.989444E-11   0.634721E-12   0.188412E-11
   0.970900E+04   0.634416E-11   0.482858E-12   0.862423E-12
   0.971000E+04   0.378638E-11   0.372167E-12   0.127671E-12
   0.971100E+04   0.606648E-11   0.476299E-12   0.745401E-12
   0.971200E+04   0.101070E-10   0.656673E-12   0.186843E-11
   0.971300E+04   0.101976E-10   0.655723E-12   0.191763E-11
   0.971400E+04   0.596826E-11   0.456819E-12   0.786229E-12
   0.971500E+04   0.292101E-11   0.308545E-12  -0.805614E-14
   0.971600E+04   0.476593E-11   0.378690E-12   0.561850E-12
   0.971700E+04   0.824819E-11   0.520374E-12   0.159932E-11
   0.971800E+04   0.769128E-11   0.477179E-12   0.153442E-11
   0.971900E+04   0.292851E-11   0.241733E-12   0.315976E-12
   0.972000E+04  -0.444701E-12   0.672969E-13  -0.513378E-12
   0.972100E+04   0.113880E-11   0.115410E-12   0.332502E-13
   0.972200E+04   0.424787E-11   0.230871E-12   0.101026E-11
   0.972300E+04   0.324563E-11   0.158574E-12   0.858488E-12
   0.972400E+04  -0.182962E-11  -0.995115E-13  -0.417265E-12
   0.972500E+04  -0.528874E-11  -0.285099E-12  -0.124981E-11
   0.972600E+04  -0.369580E-11  -0.241481E-12  -0.690354E-12
   0.972700E+04  -0.630731E-12  -0.129617E-12   0.272467E-12
   0.972800E+04  -0.166367E-11  -0.200956E-12   0.963888E-13
   0.972900E+04  -0.655020E-11  -0.444038E-12  -0.115733E-11
   0.973000E+04  -0.954179E-11  -0.598402E-12  -0.190403E-11
   0.973100E+04  -0.738543E-11  -0.516678E-12  -0.124330E-11
   0.973200E+04  -0.384862E-11  -0.369151E-12  -0.213662E-12
   0.973300E+04  -0.444387E-11  -0.404395E-12  -0.340871E-12
   0.973400E+04  -0.870845E-11  -0.599843E-12  -0.150366E-11
   0.973500E+04  -0.108248E-10  -0.691180E-12  -0.209755E-11
   0.973600E+04  -0.773738E-11  -0.541232E-12  -0.127309E-11
   0.973700E+04  -0.344521E-11  -0.333861E-12  -0.126933E-12
   0.973800E+04  -0.346185E-11  -0.320719E-12  -0.179614E-12
   0.973900E+04  -0.715044E-11  -0.472458E-12  -0.125883E-11
   0.974000E+04  -0.862722E-11  -0.520941E-12  -0.174147E-11
   0.974100E+04  -0.499066E-11  -0.334931E-12  -0.820973E-12
   0.974200E+04  -0.406028E-12  -0.106012E-12   0.360806E-12
   0.974300E+04  -0.335867E-12  -0.846013E-13   0.298823E-12
   0.974400E+04  -0.394603E-11  -0.232787E-12  -0.779825E-12
   0.974500E+04  -0.527587E-11  -0.277685E-12  -0.123268E-11
   0.974600E+04  -0.155233E-11  -0.916764E-13  -0.291948E-12
   0.974700E+04   0.293827E-11   0.129821E-12   0.864167E-12
   0.974800E+04   0.282237E-11   0.140767E-12   0.753865E-12
   0.974900E+04  -0.869308E-12  -0.125758E-13  -0.341411E-12
   0.975000E+04  -0.214198E-11  -0.564709E-13  -0.769208E-12
   0.975100E+04   0.159271E-11   0.127812E-12   0.187731E-12
   0.975200E+04   0.589110E-11   0.337355E-12   0.130793E-11
   0.975300E+04   0.546370E-11   0.329814E-12   0.113261E-11
   0.975400E+04   0.155248E-11   0.161403E-12   0.891528E-15
   0.975500E+04   0.203457E-12   0.108864E-12  -0.421475E-12
   0.975600E+04   0.383071E-11   0.283346E-12   0.534262E-12
   0.975700E+04   0.783411E-11   0.474307E-12   0.160390E-11
   0.975800E+04   0.699886E-11   0.441823E-12   0.135018E-11
   0.975900E+04   0.276287E-11   0.250525E-12   0.166588E-12
   0.976000E+04   0.121489E-11   0.179607E-12  -0.270203E-12
   0.976100E+04   0.460530E-11   0.333767E-12   0.661765E-12
   0.976200E+04   0.820525E-11   0.497234E-12   0.166139E-11
   0.976300E+04   0.690141E-11   0.434695E-12   0.131868E-11
   0.976400E+04   0.233538E-11   0.219908E-12   0.828583E-13
   0.976500E+04   0.626357E-12   0.133595E-12  -0.361661E-12
   0.976600E+04   0.384417E-11   0.272499E-12   0.556499E-12
   0.976700E+04   0.712464E-11   0.414736E-12   0.149835E-11
   0.976800E+04   0.546184E-11   0.329960E-12   0.108306E-11
   0.976900E+04   0.712438E-12   0.102418E-12  -0.181724E-12
   0.977000E+04  -0.964751E-12   0.158898E-13  -0.601873E-12
   0.977100E+04   0.231826E-11   0.159506E-12   0.343557E-12
   0.977200E+04   0.553985E-11   0.303125E-12   0.127411E-11
   0.977300E+04   0.375286E-11   0.216482E-12   0.828995E-12
   0.977400E+04  -0.103253E-11  -0.115560E-13  -0.438195E-12
   0.977500E+04  -0.265988E-11  -0.979000E-13  -0.832750E-12
   0.977600E+04   0.582949E-12   0.396214E-13   0.116656E-12
   0.977700E+04   0.356749E-11   0.167119E-12   0.998453E-12
   0.977800E+04   0.146739E-11   0.599050E-13   0.484538E-12
   0.977900E+04  -0.351144E-11  -0.184646E-12  -0.817696E-12
   0.978000E+04  -0.519321E-11  -0.281984E-12  -0.120972E-11
   0.978100E+04  -0.201857E-11  -0.154785E-12  -0.265928E-12
   0.978200E+04   0.812304E-12  -0.376870E-13   0.578229E-12
   0.978300E+04  -0.137855E-11  -0.147421E-12   0.334104E-13
   0.978400E+04  -0.620158E-11  -0.379051E-12  -0.124145E-11
   0.978500E+04  -0.752275E-11  -0.451936E-12  -0.155652E-11
   0.978600E+04  -0.401938E-11  -0.301397E-12  -0.548713E-12
   0.978700E+04  -0.102871E-11  -0.169240E-12   0.310203E-12
   0.978800E+04  -0.310199E-11  -0.266425E-12  -0.233855E-12
   0.978900E+04  -0.764651E-11  -0.478235E-12  -0.146610E-11
   0.979000E+04  -0.853026E-11  -0.523508E-12  -0.169739E-11
   0.979100E+04  -0.463106E-11  -0.346423E-12  -0.619655E-12
   0.979200E+04  -0.140801E-11  -0.194708E-12   0.262635E-12
   0.979300E+04  -0.329614E-11  -0.274892E-12  -0.271097E-12
   0.979400E+04  -0.752460E-11  -0.464891E-12  -0.145565E-11
   0.979500E+04  -0.798123E-11  -0.484503E-12  -0.160696E-11
   0.979600E+04  -0.373918E-11  -0.286260E-12  -0.471324E-12
   0.979700E+04  -0.355079E-12  -0.121819E-12   0.419308E-12
   0.979800E+04  -0.212307E-11  -0.191234E-12  -0.116823E-12
   0.979900E+04  -0.608337E-11  -0.363922E-12  -0.126217E-11
   0.980000E+04  -0.614374E-11  -0.360341E-12  -0.133838E-11
   0.980100E+04  -0.157282E-11  -0.141353E-12  -0.146451E-12
   0.980200E+04   0.197700E-11   0.372776E-13   0.754885E-12
   0.980300E+04   0.347867E-12  -0.187387E-13   0.222196E-12
   0.980400E+04  -0.332491E-11  -0.171382E-12  -0.877293E-12
   0.980500E+04  -0.297951E-11  -0.142217E-12  -0.873186E-12
   0.980600E+04   0.192423E-11   0.100332E-12   0.380159E-12
   0.980700E+04   0.564809E-11   0.297305E-12   0.130025E-11
   0.980800E+04   0.415947E-11   0.259040E-12   0.780576E-12
   0.980900E+04   0.722469E-12   0.126710E-12  -0.271432E-12
   0.981000E+04   0.130605E-11   0.171963E-12  -0.206519E-12
   0.981100E+04   0.622257E-11   0.415258E-12   0.105987E-11
   0.981200E+04   0.966187E-11   0.595326E-12   0.192444E-11
   0.981300E+04   0.776692E-11   0.531509E-12   0.132776E-11
   0.981400E+04   0.398241E-11   0.372998E-12   0.227054E-12
   0.981500E+04   0.421815E-11   0.387865E-12   0.255888E-12
   0.981600E+04   0.858393E-11   0.587496E-12   0.144177E-11
   0.981700E+04   0.112340E-10   0.711066E-12   0.216751E-11
   0.981800E+04   0.853597E-11   0.591067E-12   0.143030E-11
   0.981900E+04   0.415490E-11   0.388478E-12   0.244521E-12
   0.982000E+04   0.394566E-11   0.368410E-12   0.228020E-12
   0.982100E+04   0.777678E-11   0.529390E-12   0.134313E-11
   0.982200E+04   0.970342E-11   0.604529E-12   0.194633E-11
   0.982300E+04   0.626232E-11   0.433890E-12   0.108066E-11
   0.982400E+04   0.131947E-11   0.188668E-12  -0.186285E-12
   0.982500E+04   0.698694E-12   0.133855E-12  -0.247694E-12
   0.982600E+04   0.407441E-11   0.259888E-12   0.803452E-12
   0.982700E+04   0.543817E-11   0.297027E-12   0.130521E-11
   0.982800E+04   0.149493E-11   0.926376E-13   0.346778E-12
   0.982900E+04  -0.371935E-11  -0.174658E-12  -0.957543E-12
   0.983000E+04  -0.444183E-11  -0.242526E-12  -0.101856E-11
   0.983100E+04  -0.119402E-11  -0.128767E-12   0.150060E-13
   0.983200E+04  -0.237320E-13  -0.103924E-12   0.468288E-12
   0.983300E+04  -0.403321E-11  -0.311066E-12  -0.517774E-12
   0.983400E+04  -0.901323E-11  -0.563428E-12  -0.178139E-11
   0.983500E+04  -0.927909E-11  -0.602375E-12  -0.175442E-11
   0.983600E+04  -0.557170E-11  -0.455907E-12  -0.645465E-12
   0.983700E+04  -0.400174E-11  -0.397704E-12  -0.145960E-12
   0.983800E+04  -0.750788E-11  -0.564052E-12  -0.106825E-11
   0.983900E+04  -0.117437E-10  -0.763049E-12  -0.221010E-11
   0.984000E+04  -0.111301E-10  -0.741765E-12  -0.202984E-11
   0.984100E+04  -0.662710E-11  -0.538043E-12  -0.795216E-12
   0.984200E+04  -0.438231E-11  -0.426194E-12  -0.207736E-12
   0.984300E+04  -0.714745E-11  -0.533370E-12  -0.102732E-11
   0.984400E+04  -0.104484E-10  -0.663023E-12  -0.201307E-11
   0.984500E+04  -0.885677E-11  -0.571896E-12  -0.165940E-11
   0.984600E+04  -0.360509E-11  -0.312904E-12  -0.304082E-12
   0.984700E+04  -0.905299E-12  -0.164141E-12   0.335949E-12
   0.984800E+04  -0.331022E-11  -0.242853E-12  -0.444465E-12
   0.984900E+04  -0.617784E-11  -0.343953E-12  -0.135845E-11
   0.985000E+04  -0.418226E-11  -0.229125E-12  -0.927779E-12
   0.985100E+04   0.121590E-11   0.375124E-13   0.447855E-12
   0.985200E+04   0.377909E-11   0.177032E-12   0.104357E-11
   0.985300E+04   0.118968E-11   0.849864E-13   0.215712E-12
   0.985400E+04  -0.170979E-11  -0.219471E-13  -0.697355E-12
   0.985500E+04   0.323927E-12   0.916042E-13  -0.241821E-12
   0.985600E+04   0.559628E-11   0.349532E-12   0.111920E-11
   0.985700E+04   0.780806E-11   0.468078E-12   0.164580E-11
   0.985800E+04   0.482451E-11   0.350265E-12   0.745305E-12
   0.985900E+04   0.165026E-11   0.220887E-12  -0.200590E-12
   0.986000E+04   0.344673E-11   0.312844E-12   0.237290E-12
   0.986100E+04   0.832270E-11   0.541698E-12   0.154026E-11
   0.986200E+04   0.995992E-11   0.622727E-12   0.196275E-11
   0.986300E+04   0.642172E-11   0.467785E-12   0.966592E-12
   0.986400E+04   0.285686E-11   0.308311E-12  -0.272067E-13
   0.986500E+04   0.431662E-11   0.372262E-12   0.379529E-12
   0.986600E+04   0.869932E-11   0.565356E-12   0.160957E-11
   0.986700E+04   0.967224E-11   0.601836E-12   0.191287E-11
   0.986800E+04   0.550681E-11   0.403088E-12   0.807783E-12
   0.986900E+04   0.150462E-11   0.208248E-12  -0.244124E-12
   0.987000E+04   0.262205E-11   0.242112E-12   0.126897E-12
   0.987100E+04   0.657575E-11   0.403264E-12   0.129099E-11
   0.987200E+04   0.704773E-11   0.407380E-12   0.150014E-11
   0.987300E+04   0.252077E-11   0.185577E-12   0.330170E-12
   0.987400E+04  -0.158596E-11  -0.183572E-13  -0.724168E-12
   0.987500E+04  -0.465547E-12   0.124094E-13  -0.332753E-12
   0.987600E+04   0.337949E-11   0.165846E-12   0.814973E-12
   0.987700E+04   0.364721E-11   0.159110E-12   0.974447E-12
   0.987800E+04  -0.939509E-12  -0.639897E-13  -0.214307E-12
   0.987900E+04  -0.482057E-11  -0.252164E-12  -0.121839E-11
   0.988000E+04  -0.334746E-11  -0.196875E-12  -0.749143E-12
   0.988100E+04   0.715092E-12  -0.249190E-13   0.436068E-12
   0.988200E+04   0.102710E-11  -0.232475E-13   0.585764E-12
   0.988300E+04  -0.348119E-11  -0.238671E-12  -0.602313E-12
   0.988400E+04  -0.709861E-11  -0.411146E-12  -0.155558E-11
   0.988500E+04  -0.528677E-11  -0.335480E-12  -0.101754E-11
   0.988600E+04  -0.101596E-11  -0.147924E-12   0.197997E-12
   0.988700E+04  -0.633583E-12  -0.137032E-12   0.339231E-12
   0.988800E+04  -0.500871E-11  -0.341096E-12  -0.839751E-12
   0.988900E+04  -0.830366E-11  -0.493472E-12  -0.173226E-11
   0.989000E+04  -0.610344E-11  -0.393345E-12  -0.111723E-11
   0.989100E+04  -0.157741E-11  -0.185954E-12   0.136518E-12
   0.989200E+04  -0.107284E-11  -0.161142E-12   0.278873E-12
   0.989300E+04  -0.527089E-11  -0.350059E-12  -0.882252E-12
   0.989400E+04  -0.823642E-11  -0.481975E-12  -0.171246E-11
   0.989500E+04  -0.569629E-11  -0.361950E-12  -0.103032E-11
   0.989600E+04  -0.100702E-11  -0.143167E-12   0.243026E-12
   0.989700E+04  -0.482193E-12  -0.113846E-12   0.366575E-12
   0.989800E+04  -0.458700E-11  -0.295325E-12  -0.791993E-12
   0.989900E+04  -0.728331E-11  -0.411914E-12  -0.156989E-11
   0.990000E+04  -0.445142E-11  -0.275404E-12  -0.828099E-12
   0.990100E+04   0.351023E-12  -0.484949E-13   0.457086E-12
   0.990200E+04   0.833786E-12  -0.192742E-13   0.552023E-12
   0.990300E+04  -0.326047E-11  -0.200245E-12  -0.617611E-12
   0.990400E+04  -0.579261E-11  -0.310700E-12  -0.136168E-11
   0.990500E+04  -0.278078E-11  -0.167408E-12  -0.580940E-12
   0.990600E+04   0.205258E-11   0.607502E-13   0.700747E-12
   0.990700E+04   0.247991E-11   0.892515E-13   0.765609E-12
   0.990800E+04  -0.153407E-11  -0.842607E-13  -0.399683E-12
   0.990900E+04  -0.377388E-11  -0.176081E-12  -0.108307E-11
   0.991000E+04  -0.445338E-12  -0.124508E-13  -0.235465E-12
   0.991100E+04   0.451828E-11   0.227059E-12   0.106288E-11
   0.991200E+04   0.493264E-11   0.259414E-12   0.110706E-11
   0.991300E+04   0.995427E-12   0.936737E-13  -0.523713E-13
   0.991400E+04  -0.972978E-12   0.199420E-13  -0.675531E-12
   0.991500E+04   0.265737E-11   0.205302E-12   0.241438E-12
   0.991600E+04   0.773759E-11   0.458998E-12   0.156151E-11
   0.991700E+04   0.808352E-11   0.494957E-12   0.158453E-11
   0.991800E+04   0.406192E-11   0.327325E-12   0.411775E-12
   0.991900E+04   0.205392E-11   0.248524E-12  -0.198806E-12
   0.992000E+04   0.553611E-11   0.420082E-12   0.712839E-12
   0.992100E+04   0.102081E-10   0.645840E-12   0.196571E-11
   0.992200E+04   0.996353E-11   0.643541E-12   0.188004E-11
   0.992300E+04   0.538677E-11   0.436711E-12   0.616977E-12
   0.992400E+04   0.292967E-11   0.321009E-12  -0.468486E-13
   0.992500E+04   0.591139E-11   0.451885E-12   0.802842E-12
   0.992600E+04   0.988710E-11   0.627972E-12   0.194221E-11
   0.992700E+04   0.884550E-11   0.571935E-12   0.171553E-11
   0.992800E+04   0.359584E-11   0.317250E-12   0.345064E-12
   0.992900E+04   0.647028E-12   0.161751E-12  -0.377395E-12
   0.993000E+04   0.313727E-11   0.252685E-12   0.411363E-12
   0.993100E+04   0.646348E-11   0.381877E-12   0.144207E-11
   0.993200E+04   0.471276E-11   0.276899E-12   0.108433E-11
   0.993300E+04  -0.106674E-11  -0.173621E-13  -0.375400E-12
   0.993400E+04  -0.429251E-11  -0.198778E-12  -0.112701E-11
   0.993500E+04  -0.199184E-11  -0.126426E-12  -0.355248E-12
   0.993600E+04   0.108295E-11  -0.145216E-13   0.627630E-12
   0.993700E+04  -0.890780E-12  -0.131627E-12   0.215671E-12
   0.993800E+04  -0.665726E-11  -0.424319E-12  -0.124653E-11
   0.993900E+04  -0.960371E-11  -0.589781E-12  -0.193940E-11
   0.994000E+04  -0.695467E-11  -0.495985E-12  -0.110177E-11
   0.994100E+04  -0.361687E-11  -0.363602E-12  -0.889056E-13
   0.994200E+04  -0.530872E-11  -0.456021E-12  -0.478271E-12
   0.994300E+04  -0.105552E-10  -0.709870E-12  -0.186424E-11
   0.994400E+04  -0.127192E-10  -0.821643E-12  -0.241911E-11
   0.994500E+04  -0.924588E-11  -0.670103E-12  -0.144050E-11
   0.994600E+04  -0.522711E-11  -0.485474E-12  -0.332273E-12
   0.994700E+04  -0.630431E-11  -0.528809E-12  -0.648076E-12
   0.994800E+04  -0.107949E-10  -0.727683E-12  -0.192323E-11
   0.994900E+04  -0.120231E-10  -0.775903E-12  -0.231909E-11
   0.995000E+04  -0.761780E-11  -0.559012E-12  -0.118432E-11
   0.995100E+04  -0.282309E-11  -0.313647E-12   0.361287E-13
   0.995200E+04  -0.320989E-11  -0.299402E-12  -0.188154E-12
   0.995300E+04  -0.694518E-11  -0.440281E-12  -0.134510E-11
   0.995400E+04  -0.738938E-11  -0.434328E-12  -0.160094E-11
   0.995500E+04  -0.239163E-11  -0.177376E-12  -0.363457E-12
   0.995600E+04   0.268143E-11   0.899668E-13   0.887401E-12
   0.995700E+04   0.240240E-11   0.116081E-12   0.659349E-12
   0.995800E+04  -0.118064E-11  -0.134498E-13  -0.475773E-12
   0.995900E+04  -0.143991E-11   0.143126E-14  -0.685595E-12
   0.996000E+04   0.354980E-11   0.253818E-12   0.560762E-12
   0.996100E+04   0.829839E-11   0.498327E-12   0.174765E-11
   0.996200E+04   0.754426E-11   0.492781E-12   0.142520E-11
   0.996300E+04   0.358571E-11   0.335582E-12   0.231519E-12
   0.996400E+04   0.306238E-11   0.327367E-12   0.138569E-14
   0.996500E+04   0.767109E-11   0.549876E-12   0.120316E-11
   0.996600E+04   0.117737E-10   0.750121E-12   0.228059E-11
   0.996700E+04   0.102456E-10   0.692162E-12   0.182072E-11
   0.996800E+04   0.562238E-11   0.486005E-12   0.525064E-12
   0.996900E+04   0.456742E-11   0.434450E-12   0.232748E-12
   0.997000E+04   0.857904E-11   0.610945E-12   0.135549E-11
   0.997100E+04   0.118959E-10   0.757008E-12   0.230194E-11
   0.997200E+04   0.952976E-11   0.642469E-12   0.169624E-11
   0.997300E+04   0.422700E-11   0.386446E-12   0.297751E-12
   0.997400E+04   0.264902E-11   0.291686E-12  -0.561128E-13
   0.997500E+04   0.609605E-11   0.423470E-12   0.989494E-12
   0.997600E+04   0.871279E-11   0.520330E-12   0.181448E-11
   0.997700E+04   0.568069E-11   0.360845E-12   0.108748E-11
   0.997800E+04  -0.309270E-13   0.746368E-13  -0.371797E-12
   0.997900E+04  -0.177675E-11  -0.364082E-13  -0.730716E-12
   0.998000E+04   0.151979E-11   0.826071E-13   0.303609E-12
   0.998100E+04   0.388399E-11   0.164553E-12   0.107787E-11
   0.998200E+04   0.641658E-12  -0.589361E-14   0.300791E-12
   0.998300E+04  -0.503965E-11  -0.290725E-12  -0.115245E-11
   0.998400E+04  -0.654180E-11  -0.389357E-12  -0.145634E-11
   0.998500E+04  -0.299391E-11  -0.255116E-12  -0.375810E-12
   0.998600E+04  -0.449336E-12  -0.156818E-12   0.412125E-12
   0.998700E+04  -0.340752E-11  -0.300730E-12  -0.336428E-12
   0.998800E+04  -0.851673E-11  -0.541396E-12  -0.169327E-11
   0.998900E+04  -0.924609E-11  -0.584748E-12  -0.185233E-11
   0.999000E+04  -0.500279E-11  -0.399072E-12  -0.650820E-12
   0.999100E+04  -0.196474E-11  -0.259453E-12   0.202122E-12
   0.999200E+04  -0.446391E-11  -0.363897E-12  -0.490570E-12
   0.999300E+04  -0.895046E-11  -0.557844E-12  -0.174474E-11
   0.999400E+04  -0.896882E-11  -0.552188E-12  -0.177192E-11
   0.999500E+04  -0.420021E-11  -0.329862E-12  -0.481244E-12
   0.999600E+04  -0.938393E-12  -0.172026E-12   0.387657E-12
   0.999700E+04  -0.331966E-11  -0.266310E-12  -0.309998E-12
   0.999800E+04  -0.754693E-11  -0.444415E-12  -0.152499E-11
   0.999900E+04  -0.718605E-11  -0.416831E-12  -0.147661E-11
   0.100000E+05  -0.215901E-11  -0.178087E-12  -0.139847E-12
   0.100010E+05   0.111991E-11  -0.164659E-13   0.714242E-12
   0.100020E+05  -0.132692E-11  -0.113314E-12  -0.144019E-13
   0.100030E+05  -0.549517E-11  -0.290432E-12  -0.122017E-11
   0.100040E+05  -0.498265E-11  -0.258577E-12  -0.113294E-11
   0.100050E+05   0.748413E-13  -0.211967E-13   0.211882E-12
   0.100060E+05   0.318132E-11   0.129738E-12   0.102025E-11
   0.100070E+05   0.533713E-12   0.204482E-13   0.240505E-12
   0.100080E+05  -0.367391E-11  -0.162484E-12  -0.969196E-12
   0.100090E+05  -0.309900E-11  -0.132433E-12  -0.855627E-12
   0.100100E+05   0.190132E-11   0.974786E-13   0.483591E-12
   0.100110E+05   0.476811E-11   0.232973E-12   0.123562E-11
   0.100120E+05   0.189647E-11   0.109845E-12   0.402390E-12
   0.100130E+05  -0.232284E-11  -0.760114E-13  -0.804202E-12
   0.100140E+05  -0.161656E-11  -0.410276E-13  -0.650134E-12
   0.100150E+05   0.342544E-11   0.191027E-12   0.702628E-12
   0.100160E+05   0.617415E-11   0.322587E-12   0.142173E-11
   0.100170E+05   0.321011E-11   0.197595E-12   0.560577E-12
   0.100180E+05  -0.905592E-12   0.190060E-13  -0.620619E-12
   0.100190E+05   0.331133E-14   0.651593E-13  -0.412988E-12
   0.100200E+05   0.510911E-11   0.301339E-12   0.956462E-12
   0.100210E+05   0.773908E-11   0.429083E-12   0.164221E-11
   0.100220E+05   0.469656E-11   0.304073E-12   0.757586E-12
   0.100230E+05   0.727534E-12   0.138148E-12  -0.385895E-12
   0.100240E+05   0.188581E-11   0.202447E-12  -0.109997E-12
   0.100250E+05   0.705409E-11   0.446314E-12   0.128273E-11
   0.100260E+05   0.946917E-11   0.565416E-12   0.192454E-11
   0.100270E+05   0.613991E-11   0.425169E-12   0.985325E-12
   0.100280E+05   0.201229E-11   0.247895E-12  -0.169598E-12
   0.100290E+05   0.304911E-11   0.300808E-12   0.112864E-12
   0.100300E+05   0.787053E-11   0.519682E-12   0.145962E-11
   0.100310E+05   0.963680E-11   0.594940E-12   0.198337E-11
   0.100320E+05   0.557382E-11   0.402227E-12   0.912425E-12
   0.100330E+05   0.857137E-12   0.177072E-12  -0.329293E-12
   0.100340E+05   0.141370E-11   0.188141E-12  -0.103943E-12
   0.100350E+05   0.566071E-11   0.363093E-12   0.115632E-11
   0.100360E+05   0.670828E-11   0.389023E-12   0.155005E-11
   0.100370E+05   0.197359E-11   0.148917E-12   0.358685E-12
   0.100380E+05  -0.319264E-11  -0.113598E-12  -0.946879E-12
   0.100390E+05  -0.293397E-11  -0.131377E-12  -0.751619E-12
   0.100400E+05   0.977122E-12   0.164842E-13   0.456217E-12
   0.100410E+05   0.164168E-11   0.175500E-13   0.770396E-12
   0.100420E+05  -0.331060E-11  -0.235699E-12  -0.469264E-12
   0.100430E+05  -0.838057E-11  -0.493487E-12  -0.174991E-11
   0.100440E+05  -0.784097E-11  -0.495132E-12  -0.149099E-11
   0.100450E+05  -0.370620E-11  -0.331259E-12  -0.246666E-12
   0.100460E+05  -0.290735E-11  -0.316213E-12   0.685025E-13
   0.100470E+05  -0.760348E-11  -0.548121E-12  -0.114681E-11
   0.100480E+05  -0.121440E-10  -0.770287E-12  -0.233719E-11
   0.100490E+05  -0.109289E-10  -0.727758E-12  -0.195632E-11
   0.100500E+05  -0.620835E-11  -0.521960E-12  -0.622510E-12
   0.100510E+05  -0.493435E-11  -0.468340E-12  -0.255534E-12
   0.100520E+05  -0.905005E-11  -0.655295E-12  -0.139650E-11
   0.100530E+05  -0.127654E-10  -0.820042E-12  -0.245021E-11
   0.100540E+05  -0.106315E-10  -0.715253E-12  -0.190984E-11
   0.100550E+05  -0.515156E-11  -0.454878E-12  -0.461219E-12
   0.100560E+05  -0.329700E-11  -0.355564E-12  -0.280622E-13
   0.100570E+05  -0.677489E-11  -0.493992E-12  -0.108648E-11
   0.100580E+05  -0.963083E-11  -0.598334E-12  -0.199638E-11
   0.100590E+05  -0.655448E-11  -0.427112E-12  -0.128796E-11
   0.100600E+05  -0.315595E-12  -0.108038E-12   0.283178E-12
   0.100610E+05   0.205421E-11   0.366857E-13   0.781683E-12
   0.100620E+05  -0.970438E-12  -0.633840E-13  -0.214472E-12
   0.100630E+05  -0.331114E-11  -0.131081E-12  -0.102919E-11
   0.100640E+05   0.199816E-12   0.690319E-13  -0.231314E-12
   0.100650E+05   0.655708E-11   0.398159E-12   0.135974E-11
   0.100660E+05   0.871156E-11   0.531964E-12   0.180562E-11
   0.100670E+05   0.535421E-11   0.409030E-12   0.744734E-12
   0.100680E+05   0.271721E-11   0.314591E-12  -0.106258E-12
   0.100690E+05   0.586850E-11   0.482059E-12   0.652325E-12
   0.100700E+05   0.116256E-10   0.766671E-12   0.214837E-11
   0.100710E+05   0.129703E-10   0.845878E-12   0.245020E-11
   0.100720E+05   0.881727E-11   0.667545E-12   0.125765E-11
   0.100730E+05   0.551620E-11   0.521528E-12   0.319540E-12
   0.100740E+05   0.798810E-11   0.634743E-12   0.993510E-12
   0.100750E+05   0.128519E-10   0.854098E-12   0.235026E-11
   0.100760E+05   0.131333E-10   0.859593E-12   0.246785E-11
   0.100770E+05   0.799800E-11   0.610949E-12   0.111337E-11
   0.100780E+05   0.393454E-11   0.405097E-12   0.717193E-13
   0.100790E+05   0.572698E-11   0.463837E-12   0.660237E-12
   0.100800E+05   0.979955E-11   0.626033E-12   0.189355E-11
   0.100810E+05   0.921810E-11   0.573499E-12   0.185937E-11
   0.100820E+05   0.338092E-11   0.275970E-12   0.388566E-12
   0.100830E+05  -0.111548E-11   0.349255E-13  -0.704390E-12
   0.100840E+05   0.350708E-12   0.650468E-13  -0.147804E-12
   0.100850E+05   0.400584E-11   0.196846E-12   0.101680E-11
   0.100860E+05   0.297286E-11   0.115338E-12   0.891183E-12
   0.100870E+05  -0.309907E-11  -0.197932E-12  -0.625918E-12
   0.100880E+05  -0.750339E-11  -0.436262E-12  -0.169033E-11
   0.100890E+05  -0.579583E-11  -0.393151E-12  -0.107933E-11
   0.100900E+05  -0.196913E-11  -0.248518E-12   0.105666E-12
   0.100910E+05  -0.285734E-11  -0.315722E-12  -0.213583E-13
   0.100920E+05  -0.855959E-11  -0.601083E-12  -0.149283E-11
   0.100930E+05  -0.122423E-10  -0.790241E-12  -0.243107E-11
   0.100940E+05  -0.961709E-11  -0.681951E-12  -0.165723E-11
   0.100950E+05  -0.489638E-11  -0.466224E-12  -0.331246E-12
   0.100960E+05  -0.492186E-11  -0.459580E-12  -0.335458E-12
   0.100970E+05  -0.964244E-11  -0.665692E-12  -0.165306E-11
   0.100980E+05  -0.122099E-10  -0.772783E-12  -0.239564E-11
   0.100990E+05  -0.855811E-11  -0.590834E-12  -0.144176E-11
   0.101000E+05  -0.310939E-11  -0.319215E-12  -0.766079E-14
   0.101010E+05  -0.264875E-11  -0.271890E-12   0.414598E-13
   0.101020E+05  -0.690199E-11  -0.443135E-12  -0.121407E-11
   0.101030E+05  -0.895291E-11  -0.518628E-12  -0.186571E-11
   0.101040E+05  -0.491649E-11  -0.315872E-12  -0.842729E-12
   0.101050E+05   0.621712E-12  -0.398165E-13   0.591006E-12
   0.101060E+05   0.985732E-12   0.227692E-14   0.597534E-12
   0.101070E+05  -0.329155E-11  -0.171484E-12  -0.672895E-12
   0.101080E+05  -0.522518E-11  -0.244120E-12  -0.129278E-11
   0.101090E+05  -0.114016E-11  -0.434642E-13  -0.248953E-12
   0.101100E+05   0.417925E-11   0.216053E-12   0.113970E-11
   0.101110E+05   0.414425E-11   0.231212E-12   0.105834E-11
   0.101120E+05  -0.453415E-12   0.324612E-13  -0.272883E-12
   0.101130E+05  -0.253917E-11  -0.580943E-13  -0.903716E-12
   0.101140E+05   0.138578E-11   0.124986E-12   0.128061E-12
   0.101150E+05   0.636853E-11   0.360538E-12   0.145513E-11
   0.101160E+05   0.591327E-11   0.349580E-12   0.128762E-11
   0.101170E+05   0.104296E-11   0.132254E-12  -0.899105E-13
   0.101180E+05  -0.112451E-11   0.317344E-13  -0.714391E-12
   0.101190E+05   0.269747E-11   0.203559E-12   0.317924E-12
   0.101200E+05   0.738067E-11   0.419011E-12   0.159045E-11
   0.101210E+05   0.653917E-11   0.384692E-12   0.134253E-11
   0.101220E+05   0.144840E-11   0.152613E-12  -0.723121E-13
   0.101230E+05  -0.717984E-12   0.487219E-13  -0.676068E-12
   0.101240E+05   0.311675E-11   0.219162E-12   0.376740E-12
   0.101250E+05   0.764132E-11   0.426656E-12   0.161907E-11
   0.101260E+05   0.655930E-11   0.381012E-12   0.131593E-11
   0.101270E+05   0.137123E-11   0.143530E-12  -0.115691E-12
   0.101280E+05  -0.705764E-12   0.422922E-13  -0.685607E-12
   0.101290E+05   0.321922E-11   0.216843E-12   0.398434E-12
   0.101300E+05   0.770339E-11   0.426354E-12   0.163040E-11
   0.101310E+05   0.657432E-11   0.387064E-12   0.130911E-11
   0.101320E+05   0.152980E-11   0.167096E-12  -0.902383E-13
   0.101330E+05  -0.261333E-12   0.883073E-13  -0.584279E-12
   0.101340E+05   0.380071E-11   0.273682E-12   0.544387E-12
   0.101350E+05   0.808483E-11   0.473034E-12   0.173959E-11
   0.101360E+05   0.656002E-11   0.410256E-12   0.133790E-11
   0.101370E+05   0.119018E-11   0.166843E-12  -0.113732E-12
   0.101380E+05  -0.826513E-12   0.660276E-13  -0.624339E-12
   0.101390E+05   0.287729E-11   0.219654E-12   0.459223E-12
   0.101400E+05   0.652116E-11   0.371110E-12   0.153782E-11
   0.101410E+05   0.424760E-11   0.254176E-12   0.991808E-12
   0.101420E+05  -0.167905E-11  -0.332794E-13  -0.554069E-12
   0.101430E+05  -0.399803E-11  -0.163265E-12  -0.109566E-11
   0.101440E+05  -0.556235E-12  -0.333092E-13  -0.410685E-13
   0.101450E+05   0.270347E-11   0.918954E-13   0.965196E-12
   0.101460E+05   0.489576E-13  -0.489787E-13   0.338180E-12
   0.101470E+05  -0.601970E-11  -0.347642E-12  -0.123232E-11
   0.101480E+05  -0.822690E-11  -0.475162E-12  -0.173844E-11
   0.101490E+05  -0.464203E-11  -0.338595E-12  -0.650500E-12
   0.101500E+05  -0.134862E-11  -0.208494E-12   0.347436E-12
   0.101510E+05  -0.393633E-11  -0.339656E-12  -0.290148E-12
   0.101520E+05  -0.968391E-11  -0.614430E-12  -0.181093E-11
   0.101530E+05  -0.113417E-10  -0.706291E-12  -0.221189E-11
   0.101540E+05  -0.723918E-11  -0.535181E-12  -0.103315E-11
   0.101550E+05  -0.361202E-11  -0.378870E-12  -0.419939E-16
   0.101560E+05  -0.589421E-11  -0.484640E-12  -0.615275E-12
   0.101570E+05  -0.111209E-10  -0.723137E-12  -0.205946E-11
   0.101580E+05  -0.120466E-10  -0.767647E-12  -0.233051E-11
   0.101590E+05  -0.724191E-11  -0.548965E-12  -0.103468E-11
   0.101600E+05  -0.308424E-11  -0.351427E-12   0.640216E-13
   0.101610E+05  -0.486313E-11  -0.416266E-12  -0.496107E-12
   0.101620E+05  -0.940465E-11  -0.605641E-12  -0.183578E-11
   0.101630E+05  -0.950226E-11  -0.595481E-12  -0.196132E-11
   0.101640E+05  -0.396774E-11  -0.327150E-12  -0.544973E-12
   0.101650E+05   0.722946E-12  -0.874278E-13   0.620424E-12
   0.101660E+05  -0.521643E-12  -0.106364E-12   0.126182E-12
   0.101670E+05  -0.430813E-11  -0.236222E-12  -0.108604E-11
   0.101680E+05  -0.352840E-11  -0.160755E-12  -0.104331E-11
   0.101690E+05   0.265951E-11   0.158122E-12   0.494710E-12
   0.101700E+05   0.758941E-11   0.421895E-12   0.168820E-11
   0.101710E+05   0.633846E-11   0.408405E-12   0.117582E-11
   0.101720E+05   0.256145E-11   0.279328E-12  -0.304785E-13
   0.101730E+05   0.335114E-11   0.351306E-12   0.371298E-13
   0.101740E+05   0.928397E-11   0.649381E-12   0.154693E-11
   0.101750E+05   0.135545E-10   0.867320E-12   0.262177E-11
   0.101760E+05   0.114329E-10   0.792245E-12   0.195173E-11
   0.101770E+05   0.685683E-11   0.601428E-12   0.621989E-12
   0.101780E+05   0.694093E-11   0.615407E-12   0.601005E-12
   0.101790E+05   0.120397E-10   0.850059E-12   0.199275E-11
   0.101800E+05   0.152282E-10   0.992579E-12   0.288648E-11
   0.101810E+05   0.119452E-10   0.836394E-12   0.201862E-11
   0.101820E+05   0.636082E-11   0.569455E-12   0.536601E-12
   0.101830E+05   0.557976E-11   0.513494E-12   0.402344E-12
   0.101840E+05   0.975241E-11   0.677093E-12   0.165911E-11
   0.101850E+05   0.118852E-10   0.745587E-12   0.237379E-11
   0.101860E+05   0.762060E-11   0.522017E-12   0.133723E-11
   0.101870E+05   0.134577E-11   0.203945E-12  -0.243797E-12
   0.101880E+05   0.100161E-12   0.109580E-12  -0.425304E-12
   0.101890E+05   0.377521E-11   0.235108E-12   0.764321E-12
   0.101900E+05   0.528384E-11   0.261298E-12   0.136534E-11
   0.101910E+05   0.475551E-12   0.890040E-15   0.224265E-12
   0.101920E+05  -0.603179E-11  -0.337287E-12  -0.139002E-11
   0.101930E+05  -0.724781E-11  -0.436390E-12  -0.154849E-11
   0.101940E+05  -0.351775E-11  -0.310231E-12  -0.346352E-12
   0.101950E+05  -0.199604E-11  -0.280299E-12   0.236254E-12
   0.101960E+05  -0.661363E-11  -0.523076E-12  -0.895154E-12
   0.101970E+05  -0.125407E-10  -0.819857E-12  -0.241328E-11
   0.101980E+05  -0.128827E-10  -0.858963E-12  -0.241354E-11
   0.101990E+05  -0.827217E-11  -0.668580E-12  -0.106726E-11
   0.102000E+05  -0.596055E-11  -0.575134E-12  -0.379115E-12
   0.102010E+05  -0.966623E-11  -0.744599E-12  -0.138410E-11
   0.102020E+05  -0.143520E-10  -0.947955E-12  -0.269637E-11
   0.102030E+05  -0.132468E-10  -0.880379E-12  -0.244085E-11
   0.102040E+05  -0.732917E-11  -0.589789E-12  -0.876253E-12
   0.102050E+05  -0.402298E-11  -0.415094E-12  -0.461588E-13
   0.102060E+05  -0.689092E-11  -0.517534E-12  -0.937191E-12
   0.102070E+05  -0.106933E-10  -0.658097E-12  -0.210652E-11
   0.102080E+05  -0.872651E-11  -0.533195E-12  -0.169830E-11
   0.102090E+05  -0.222586E-11  -0.202175E-12  -0.413317E-13
   0.102100E+05   0.129033E-11  -0.981504E-14   0.797235E-12
   0.102110E+05  -0.154488E-11  -0.109649E-12  -0.113695E-12
   0.102120E+05  -0.527361E-11  -0.251563E-12  -0.127292E-11
   0.102130E+05  -0.323344E-11  -0.130882E-12  -0.840454E-12
   0.102140E+05   0.313354E-11   0.185943E-12   0.793827E-12
   0.102150E+05   0.626246E-11   0.352028E-12   0.154861E-11
   0.102160E+05   0.298951E-11   0.221655E-12   0.549420E-12
   0.102170E+05  -0.104730E-11   0.523436E-13  -0.652855E-12
   0.102180E+05   0.727753E-12   0.145693E-12  -0.244334E-12
   0.102190E+05   0.665658E-11   0.427152E-12   0.132204E-11
   0.102200E+05   0.915898E-11   0.550382E-12   0.195783E-11
   0.102210E+05   0.531008E-11   0.380860E-12   0.853170E-12
   0.102220E+05   0.931469E-12   0.184332E-12  -0.390679E-12
   0.102230E+05   0.247948E-11   0.256764E-12   0.727383E-14
   0.102240E+05   0.803629E-11   0.511377E-12   0.152249E-11
   0.102250E+05   0.997521E-11   0.599007E-12   0.205391E-11
   0.102260E+05   0.559664E-11   0.394816E-12   0.853880E-12
   0.102270E+05   0.904476E-12   0.172994E-12  -0.426502E-12
   0.102280E+05   0.224636E-11   0.225375E-12  -0.374713E-13
   0.102290E+05   0.746877E-11   0.455274E-12   0.142988E-11
   0.102300E+05   0.892764E-11   0.513103E-12   0.186844E-11
   0.102310E+05   0.416548E-11   0.285113E-12   0.596511E-12
   0.102320E+05  -0.637568E-12   0.536286E-13  -0.686744E-12
   0.102330E+05   0.735924E-12   0.104659E-12  -0.267752E-12
   0.102340E+05   0.587792E-11   0.329791E-12   0.119224E-11
   0.102350E+05   0.712253E-11   0.378299E-12   0.158014E-11
   0.102360E+05   0.226156E-11   0.148295E-12   0.282563E-12
   0.102370E+05  -0.234109E-11  -0.683339E-13  -0.951387E-12
   0.102380E+05  -0.603177E-12   0.893169E-14  -0.445014E-12
   0.102390E+05   0.478374E-11   0.257432E-12   0.106530E-11
   0.102400E+05   0.607448E-11   0.319545E-12   0.145002E-11
   0.102410E+05   0.123849E-11   0.982071E-13   0.150016E-12
   0.102420E+05  -0.322785E-11  -0.109807E-12  -0.104665E-11
   0.102430E+05  -0.137484E-11  -0.289625E-13  -0.500493E-12
   0.102440E+05   0.388081E-11   0.209180E-12   0.988480E-12
   0.102450E+05   0.479379E-11   0.247021E-12   0.129036E-11
   0.102460E+05  -0.429027E-12  -0.246362E-14  -0.881784E-13
   0.102470E+05  -0.512611E-11  -0.234595E-12  -0.131501E-11
   0.102480E+05  -0.345023E-11  -0.176027E-12  -0.783408E-12
   0.102490E+05   0.150306E-11   0.367415E-13   0.651672E-12
   0.102500E+05   0.203316E-11   0.497788E-13   0.869178E-12
   0.102510E+05  -0.341141E-11  -0.213712E-12  -0.557440E-12
   0.102520E+05  -0.805619E-11  -0.445768E-12  -0.176291E-11
   0.102530E+05  -0.623554E-11  -0.382362E-12  -0.118951E-11
   0.102540E+05  -0.128079E-11  -0.170379E-12   0.241878E-12
   0.102550E+05  -0.858521E-12  -0.161341E-12   0.418033E-12
   0.102560E+05  -0.625841E-11  -0.419734E-12  -0.101592E-11
   0.102570E+05  -0.105735E-10  -0.631740E-12  -0.215744E-11
   0.102580E+05  -0.831779E-11  -0.541804E-12  -0.149736E-11
   0.102590E+05  -0.307181E-11  -0.308413E-12  -0.245052E-13
   0.102600E+05  -0.248780E-11  -0.282916E-12   0.152650E-12
   0.102610E+05  -0.761379E-11  -0.519548E-12  -0.125292E-11
   0.102620E+05  -0.114241E-10  -0.699616E-12  -0.230479E-11
   0.102630E+05  -0.861078E-11  -0.575526E-12  -0.154255E-11
   0.102640E+05  -0.298319E-11  -0.315558E-12  -0.186658E-13
   0.102650E+05  -0.215151E-11  -0.268644E-12   0.169478E-12
   0.102660E+05  -0.690306E-11  -0.477018E-12  -0.119321E-11
   0.102670E+05  -0.100891E-10  -0.616296E-12  -0.213606E-11
   0.102680E+05  -0.658272E-11  -0.446795E-12  -0.124858E-11
   0.102690E+05  -0.426531E-12  -0.147156E-12   0.352554E-12
   0.102700E+05   0.802095E-12  -0.651819E-13   0.579930E-12
   0.102710E+05  -0.344352E-11  -0.233009E-12  -0.713201E-12
   0.102720E+05  -0.591510E-11  -0.322198E-12  -0.152673E-11
   0.102730E+05  -0.167813E-11  -0.101379E-12  -0.502096E-12
   0.102740E+05   0.499540E-11   0.240978E-12   0.118156E-11
   0.102750E+05   0.655776E-11   0.357734E-12   0.144749E-11
   0.102760E+05   0.266866E-11   0.223607E-12   0.210807E-12
   0.102770E+05   0.615380E-12   0.165630E-12  -0.511797E-12
   0.102780E+05   0.509110E-11   0.402314E-12   0.575569E-12
   0.102790E+05   0.115941E-10   0.734918E-12   0.223109E-11
   0.102800E+05   0.126571E-10   0.821114E-12   0.239895E-11
   0.102810E+05   0.821560E-11   0.648712E-12   0.106947E-11
   0.102820E+05   0.565272E-11   0.548673E-12   0.285634E-12
   0.102830E+05   0.945911E-11   0.730045E-12   0.128660E-11
   0.102840E+05   0.149399E-10   0.986403E-12   0.277404E-11
   0.102850E+05   0.147524E-10   0.983435E-12   0.272136E-11
   0.102860E+05   0.915358E-11   0.725862E-12   0.120229E-11
   0.102870E+05   0.565268E-11   0.551569E-12   0.290887E-12
   0.102880E+05   0.854426E-11   0.660810E-12   0.116988E-11
   0.102890E+05   0.129235E-10   0.837479E-12   0.248100E-11
   0.102900E+05   0.115397E-10   0.751627E-12   0.222083E-11
   0.102910E+05   0.493381E-11   0.421340E-12   0.539280E-12
   0.102920E+05   0.714823E-12   0.189542E-12  -0.463972E-12
   0.102930E+05   0.297693E-11   0.247872E-12   0.336670E-12
   0.102940E+05   0.661692E-11   0.371699E-12   0.152632E-11
   0.102950E+05   0.448215E-11   0.235784E-12   0.112706E-11
   0.102960E+05  -0.261855E-11  -0.129829E-12  -0.637896E-12
   0.102970E+05  -0.700644E-11  -0.379526E-12  -0.164966E-11
   0.102980E+05  -0.480583E-11  -0.331617E-12  -0.843592E-12
   0.102990E+05  -0.130727E-11  -0.218311E-12   0.311659E-12
   0.103000E+05  -0.353533E-11  -0.357484E-12  -0.129171E-12
   0.103010E+05  -0.103895E-10  -0.704604E-12  -0.186420E-11
   0.103020E+05  -0.141201E-10  -0.910481E-12  -0.275502E-11
   0.103030E+05  -0.110898E-10  -0.804598E-12  -0.180152E-11
   0.103040E+05  -0.681118E-11  -0.629925E-12  -0.531762E-12
   0.103050E+05  -0.823126E-11  -0.701860E-12  -0.867032E-12
   0.103060E+05  -0.140233E-10  -0.967278E-12  -0.243909E-11
   0.103070E+05  -0.164286E-10  -0.107850E-11  -0.310225E-11
   0.103080E+05  -0.120753E-10  -0.878142E-12  -0.192591E-11
   0.103090E+05  -0.667825E-11  -0.617799E-12  -0.492112E-12
   0.103100E+05  -0.706308E-11  -0.606177E-12  -0.687738E-12
   0.103110E+05  -0.116547E-10  -0.779086E-12  -0.207308E-11
   0.103120E+05  -0.127112E-10  -0.792349E-12  -0.250091E-11
   0.103130E+05  -0.718606E-11  -0.507283E-12  -0.112277E-11
   0.103140E+05  -0.104533E-11  -0.189436E-12   0.415232E-12
   0.103150E+05  -0.997660E-12  -0.141956E-12   0.259760E-12
   0.103160E+05  -0.517517E-11  -0.285628E-12  -0.106983E-11
   0.103170E+05  -0.578362E-11  -0.273055E-12  -0.141233E-11
   0.103180E+05  -0.357381E-13   0.217692E-13   0.103507E-13
   0.103190E+05   0.589824E-11   0.322907E-12   0.149654E-11
   0.103200E+05   0.545891E-11   0.334738E-12   0.123209E-11
   0.103210E+05   0.839906E-12   0.154120E-12  -0.178703E-12
   0.103220E+05  -0.675882E-13   0.135942E-12  -0.553337E-12
   0.103230E+05   0.531140E-11   0.397925E-12   0.824262E-12
   0.103240E+05   0.106244E-10   0.655274E-12   0.220120E-11
   0.103250E+05   0.943635E-11   0.616874E-12   0.179767E-11
   0.103260E+05   0.420344E-11   0.391136E-12   0.289934E-12
   0.103270E+05   0.285300E-11   0.335093E-12  -0.131044E-12
   0.103280E+05   0.772726E-11   0.556606E-12   0.118474E-11
   0.103290E+05   0.123132E-10   0.764016E-12   0.243853E-11
   0.103300E+05   0.103293E-10   0.673364E-12   0.189193E-11
   0.103310E+05   0.449757E-11   0.405171E-12   0.294025E-12
   0.103320E+05   0.275654E-11   0.316772E-12  -0.161248E-12
   0.103330E+05   0.718860E-11   0.503758E-12   0.110427E-11
   0.103340E+05   0.111122E-10   0.666432E-12   0.224473E-11
   0.103350E+05   0.840836E-11   0.528390E-12   0.156541E-11
   0.103360E+05   0.207825E-11   0.223618E-12  -0.109252E-12
   0.103370E+05   0.873675E-13   0.111780E-12  -0.579786E-12
   0.103380E+05   0.428430E-11   0.278971E-12   0.665268E-12
   0.103390E+05   0.785076E-11   0.420272E-12   0.174012E-11
   0.103400E+05   0.484210E-11   0.267652E-12   0.996873E-12
   0.103410E+05  -0.149559E-11  -0.345044E-13  -0.671494E-12
   0.103420E+05  -0.324337E-11  -0.130658E-12  -0.107517E-11
   0.103430E+05   0.114254E-11   0.493764E-13   0.216573E-12
   0.103440E+05   0.468319E-11   0.193149E-12   0.127450E-11
   0.103450E+05   0.164012E-11   0.441152E-13   0.505477E-12
   0.103460E+05  -0.444251E-11  -0.237282E-12  -0.111756E-11
   0.103470E+05  -0.566795E-11  -0.296530E-12  -0.140965E-11
   0.103480E+05  -0.828675E-12  -0.821256E-13  -0.271615E-13
   0.103490E+05   0.286385E-11   0.785908E-13   0.104313E-11
   0.103500E+05  -0.187307E-12  -0.661839E-13   0.250102E-12
   0.103510E+05  -0.615027E-11  -0.340943E-12  -0.135595E-11
   0.103520E+05  -0.709412E-11  -0.386437E-12  -0.158454E-11
   0.103530E+05  -0.205899E-11  -0.161354E-12  -0.161884E-12
   0.103540E+05   0.157526E-11  -0.240133E-14   0.880644E-12
   0.103550E+05  -0.163976E-11  -0.156658E-12   0.352570E-13
   0.103560E+05  -0.761451E-11  -0.436559E-12  -0.157726E-11
   0.103570E+05  -0.839876E-11  -0.479259E-12  -0.176494E-11
   0.103580E+05  -0.324989E-11  -0.250678E-12  -0.318140E-12
   0.103590E+05   0.334610E-12  -0.924498E-13   0.697884E-12
   0.103600E+05  -0.292878E-11  -0.245765E-12  -0.177585E-12
   0.103610E+05  -0.873705E-11  -0.515124E-12  -0.176251E-11
   0.103620E+05  -0.919438E-11  -0.540689E-12  -0.187901E-11
   0.103630E+05  -0.382102E-11  -0.299797E-12  -0.390711E-12
   0.103640E+05  -0.222142E-12  -0.138292E-12   0.606198E-12
   0.103650E+05  -0.347441E-11  -0.287592E-12  -0.292505E-12
   0.103660E+05  -0.903077E-11  -0.540944E-12  -0.183726E-11
   0.103670E+05  -0.905074E-11  -0.541021E-12  -0.186489E-11
   0.103680E+05  -0.333799E-11  -0.278429E-12  -0.316533E-12
   0.103690E+05   0.374534E-12  -0.105611E-12   0.677150E-12
   0.103700E+05  -0.279489E-11  -0.245788E-12  -0.233610E-12
   0.103710E+05  -0.805875E-11  -0.481141E-12  -0.173285E-11
   0.103720E+05  -0.762142E-11  -0.455358E-12  -0.167066E-11
   0.103730E+05  -0.153847E-11  -0.169120E-12  -0.593041E-13
   0.103740E+05   0.237243E-11   0.223362E-13   0.945584E-12
   0.103750E+05  -0.550819E-12  -0.938949E-13   0.543178E-13
   0.103760E+05  -0.530148E-11  -0.290710E-12  -0.135525E-11
   0.103770E+05  -0.419402E-11  -0.218576E-12  -0.116021E-11
   0.103780E+05   0.238941E-11   0.104713E-12   0.541079E-12
   0.103790E+05   0.650432E-11   0.316838E-12   0.156057E-11
   0.103800E+05   0.371936E-11   0.216247E-12   0.672019E-12
   0.103810E+05  -0.688109E-12   0.448799E-13  -0.674001E-12
   0.103820E+05   0.911499E-12   0.151508E-12  -0.370683E-12
   0.103830E+05   0.782480E-11   0.502943E-12   0.140096E-11
   0.103840E+05   0.119369E-10   0.725132E-12   0.241228E-11
   0.103850E+05   0.896392E-11   0.619344E-12   0.148377E-11
   0.103860E+05   0.438398E-11   0.435566E-12   0.123565E-12
   0.103870E+05   0.576496E-11   0.521377E-12   0.419810E-12
   0.103880E+05   0.121677E-10   0.834159E-12   0.212117E-11
   0.103890E+05   0.154001E-10   0.996208E-12   0.297695E-11
   0.103900E+05   0.113944E-10   0.817353E-12   0.186742E-11
   0.103910E+05   0.586062E-11   0.558267E-12   0.362876E-12
   0.103920E+05   0.633132E-11   0.567738E-12   0.536156E-12
   0.103930E+05   0.116743E-10   0.798337E-12   0.207520E-11
   0.103940E+05   0.136857E-10   0.874232E-12   0.272041E-11
   0.103950E+05   0.854210E-11   0.616077E-12   0.141763E-11
   0.103960E+05   0.214634E-11   0.291625E-12  -0.209189E-12
   0.103970E+05   0.191249E-11   0.243260E-12  -0.120143E-12
   0.103980E+05   0.644558E-11   0.412034E-12   0.129793E-11
   0.103990E+05   0.751152E-11   0.421869E-12   0.177375E-11
   0.104000E+05   0.155592E-11   0.106562E-12   0.324615E-12
   0.104010E+05  -0.529244E-11  -0.255239E-12  -0.136495E-11
   0.104020E+05  -0.571902E-11  -0.324937E-12  -0.128409E-11
   0.104030E+05  -0.137820E-11  -0.172406E-12   0.106896E-12
   0.104040E+05  -0.541653E-12  -0.174932E-12   0.524662E-12
   0.104050E+05  -0.651455E-11  -0.487552E-12  -0.945209E-12
   0.104060E+05  -0.129750E-10  -0.823339E-12  -0.256418E-11
   0.104070E+05  -0.127439E-10  -0.850118E-12  -0.235754E-11
   0.104080E+05  -0.775831E-11  -0.650492E-12  -0.862757E-12
   0.104090E+05  -0.633494E-11  -0.603644E-12  -0.374919E-12
   0.104100E+05  -0.115354E-10  -0.853780E-12  -0.173996E-11
   0.104110E+05  -0.168651E-10  -0.110698E-11  -0.316913E-11
   0.104120E+05  -0.153181E-10  -0.104046E-11  -0.273171E-11
   0.104130E+05  -0.915766E-11  -0.753625E-12  -0.105063E-11
   0.104140E+05  -0.677800E-11  -0.630944E-12  -0.438179E-12
   0.104150E+05  -0.110031E-10  -0.806403E-12  -0.167219E-11
   0.104160E+05  -0.151375E-10  -0.975792E-12  -0.290798E-11
   0.104170E+05  -0.122933E-10  -0.819659E-12  -0.224769E-11
   0.104180E+05  -0.500722E-11  -0.448960E-12  -0.388516E-12
   0.104190E+05  -0.174189E-11  -0.253000E-12   0.342772E-12
   0.104200E+05  -0.513926E-11  -0.361178E-12  -0.774585E-12
   0.104210E+05  -0.839432E-11  -0.467673E-12  -0.185938E-11
   0.104220E+05  -0.480188E-11  -0.262495E-12  -0.106102E-11
   0.104230E+05   0.283515E-11   0.132127E-12   0.849916E-12
   0.104240E+05   0.605609E-11   0.327996E-12   0.154630E-11
   0.104250E+05   0.248623E-11   0.207833E-12   0.381001E-12
   0.104260E+05  -0.898049E-12   0.848292E-13  -0.717475E-12
   0.104270E+05   0.246756E-11   0.263321E-12   0.606269E-13
   0.104280E+05   0.956072E-11   0.613580E-12   0.187954E-11
   0.104290E+05   0.119797E-10   0.752995E-12   0.242292E-11
   0.104300E+05   0.765802E-11   0.579833E-12   0.112512E-11
   0.104310E+05   0.373996E-11   0.414433E-12  -0.398211E-13
   0.104320E+05   0.660061E-11   0.551080E-12   0.686273E-12
   0.104330E+05   0.129353E-10   0.846241E-12   0.238967E-11
   0.104340E+05   0.143568E-10   0.918110E-12   0.275652E-11
   0.104350E+05   0.909637E-11   0.679332E-12   0.130091E-11
   0.104360E+05   0.448317E-11   0.459628E-12   0.456854E-13
   0.104370E+05   0.673437E-11   0.546848E-12   0.703596E-12
   0.104380E+05   0.122897E-10   0.786259E-12   0.228885E-11
   0.104390E+05   0.127818E-10   0.796891E-12   0.249194E-11
   0.104400E+05   0.671684E-11   0.503431E-12   0.902358E-12
   0.104410E+05   0.157638E-11   0.242166E-12  -0.415496E-12
   0.104420E+05   0.340576E-11   0.293563E-12   0.202228E-12
   0.104430E+05   0.840903E-11   0.493498E-12   0.170200E-11
   0.104440E+05   0.827512E-11   0.465016E-12   0.178706E-11
   0.104450E+05   0.180507E-11   0.146773E-12   0.126911E-12
   0.104460E+05  -0.338379E-11  -0.119376E-12  -0.117602E-11
   0.104470E+05  -0.146073E-11  -0.638826E-13  -0.515578E-12
   0.104480E+05   0.349790E-11   0.135422E-12   0.978501E-12
   0.104490E+05   0.320561E-11   0.102176E-12   0.101684E-11
   0.104500E+05  -0.325831E-11  -0.212573E-12  -0.653888E-12
   0.104510E+05  -0.813941E-11  -0.460642E-12  -0.189309E-11
   0.104520E+05  -0.579542E-11  -0.380206E-12  -0.114703E-11
   0.104530E+05  -0.536857E-12  -0.158161E-12   0.388769E-12
   0.104540E+05  -0.586681E-12  -0.166652E-12   0.441656E-12
   0.104550E+05  -0.659027E-11  -0.442359E-12  -0.116430E-11
   0.104560E+05  -0.107109E-10  -0.635506E-12  -0.226181E-11
   0.104570E+05  -0.757489E-11  -0.499311E-12  -0.136621E-11
   0.104580E+05  -0.179083E-11  -0.236097E-12   0.248525E-12
   0.104590E+05  -0.154273E-11  -0.216603E-12   0.322374E-12
   0.104600E+05  -0.719065E-11  -0.464300E-12  -0.124086E-11
   0.104610E+05  -0.107866E-10  -0.624586E-12  -0.224192E-11
   0.104620E+05  -0.718553E-11  -0.461676E-12  -0.125807E-11
   0.104630E+05  -0.124407E-11  -0.189060E-12   0.367910E-12
   0.104640E+05  -0.105309E-11  -0.171753E-12   0.399448E-12
   0.104650E+05  -0.664230E-11  -0.416110E-12  -0.117144E-11
   0.104660E+05  -0.992881E-11  -0.560233E-12  -0.210997E-11
   0.104670E+05  -0.599725E-11  -0.379301E-12  -0.105652E-11
   0.104680E+05   0.248180E-13  -0.100583E-12   0.572668E-12
   0.104690E+05   0.103257E-12  -0.875465E-13   0.557453E-12
   0.104700E+05  -0.549686E-11  -0.333032E-12  -0.102921E-11
   0.104710E+05  -0.857210E-11  -0.468753E-12  -0.192052E-11
   0.104720E+05  -0.441802E-11  -0.278567E-12  -0.816428E-12
   0.104730E+05   0.160649E-11   0.197867E-15   0.802039E-12
   0.104740E+05   0.155165E-11   0.790763E-14   0.737730E-12
   0.104750E+05  -0.403046E-11  -0.235505E-12  -0.856820E-12
   0.104760E+05  -0.684876E-11  -0.358072E-12  -0.169009E-11
   0.104770E+05  -0.243353E-11  -0.154309E-12  -0.526956E-12
   0.104780E+05   0.363198E-11   0.128799E-12   0.108852E-11
   0.104790E+05   0.350675E-11   0.137342E-12   0.987895E-12
   0.104800E+05  -0.195950E-11  -0.949068E-13  -0.594347E-12
   0.104810E+05  -0.440497E-11  -0.193342E-12  -0.134581E-11
   0.104820E+05   0.376345E-12   0.345160E-13  -0.102342E-12
   0.104830E+05   0.655789E-11   0.330032E-12   0.152577E-11
   0.104840E+05   0.640122E-11   0.344009E-12   0.139840E-11
   0.104850E+05   0.104618E-11   0.123372E-12  -0.169362E-12
   0.104860E+05  -0.108934E-11   0.445016E-13  -0.847774E-12
   0.104870E+05   0.393026E-11   0.286662E-12   0.454826E-12
   0.104880E+05   0.100550E-10   0.581383E-12   0.206675E-11
   0.104890E+05   0.969052E-11   0.587944E-12   0.188581E-11
   0.104900E+05   0.429934E-11   0.369729E-12   0.314663E-12
   0.104910E+05   0.234607E-11   0.304538E-12  -0.302053E-12
   0.104920E+05   0.743944E-11   0.553152E-12   0.104271E-11
   0.104930E+05   0.132301E-10   0.829394E-12   0.260045E-11
   0.104940E+05   0.122165E-10   0.795263E-12   0.229659E-11
   0.104950E+05   0.618885E-11   0.530864E-12   0.621810E-12
   0.104960E+05   0.372414E-11   0.421947E-12  -0.524128E-13
   0.104970E+05   0.819988E-11   0.620002E-12   0.121458E-11
   0.104980E+05   0.130486E-10   0.828226E-12   0.261344E-11
   0.104990E+05   0.108983E-10   0.713958E-12   0.210434E-11
   0.105000E+05   0.386808E-11   0.373644E-12   0.265104E-12
   0.105010E+05   0.644431E-12   0.200871E-12  -0.507969E-12
   0.105020E+05   0.439147E-11   0.339543E-12   0.662008E-12
   0.105030E+05   0.834791E-11   0.484062E-12   0.190982E-11
   0.105040E+05   0.526839E-11   0.306193E-12   0.123017E-11
   0.105050E+05  -0.244269E-11  -0.854151E-13  -0.720820E-12
   0.105060E+05  -0.603986E-11  -0.293662E-12  -0.153287E-11
   0.105070E+05  -0.258492E-11  -0.182955E-12  -0.395307E-12
   0.105080E+05   0.100420E-11  -0.641311E-13   0.779495E-12
   0.105090E+05  -0.234445E-11  -0.256534E-12   0.317820E-13
   0.105100E+05  -0.993598E-11  -0.638312E-12  -0.190216E-11
   0.105110E+05  -0.130175E-10  -0.812816E-12  -0.260813E-11
   0.105120E+05  -0.895292E-11  -0.659391E-12  -0.135637E-11
   0.105130E+05  -0.487770E-11  -0.499884E-12  -0.117229E-12
   0.105140E+05  -0.772252E-11  -0.647931E-12  -0.809925E-12
   0.105150E+05  -0.145188E-10  -0.969683E-12  -0.262081E-11
   0.105160E+05  -0.165190E-10  -0.106939E-11  -0.313451E-11
   0.105170E+05  -0.113934E-10  -0.841243E-12  -0.170280E-11
   0.105180E+05  -0.648135E-11  -0.616983E-12  -0.350310E-12
   0.105190E+05  -0.854842E-11  -0.702550E-12  -0.949973E-12
   0.105200E+05  -0.143372E-10  -0.950531E-12  -0.260784E-11
   0.105210E+05  -0.151120E-10  -0.966203E-12  -0.290948E-11
   0.105220E+05  -0.886761E-11  -0.660210E-12  -0.129232E-11
   0.105230E+05  -0.315599E-11  -0.375356E-12   0.163643E-12
   0.105240E+05  -0.456072E-11  -0.408582E-12  -0.363891E-12
   0.105250E+05  -0.949949E-11  -0.595089E-12  -0.189308E-11
   0.105260E+05  -0.921751E-11  -0.537530E-12  -0.200463E-11
   0.105270E+05  -0.203949E-11  -0.163262E-12  -0.222838E-12
   0.105280E+05   0.421541E-11   0.168075E-12   0.130625E-11
   0.105290E+05   0.306314E-11   0.159906E-12   0.794412E-12
   0.105300E+05  -0.164725E-11  -0.113633E-13  -0.701209E-12
   0.105310E+05  -0.112828E-11   0.557954E-13  -0.755021E-12
   0.105320E+05   0.605260E-11   0.425599E-12   0.103848E-11
   0.105330E+05   0.119168E-10   0.731181E-12   0.248877E-11
   0.105340E+05   0.101444E-10   0.681664E-12   0.185441E-11
   0.105350E+05   0.485500E-11   0.465038E-12   0.267234E-12
   0.105360E+05   0.485214E-11   0.485380E-12   0.153858E-12
   0.105370E+05   0.113387E-10   0.799461E-12   0.185105E-11
   0.105380E+05   0.162240E-10   0.103701E-11   0.313333E-11
   0.105390E+05   0.133905E-10   0.915865E-12   0.231379E-11
   0.105400E+05   0.721651E-11   0.634439E-12   0.595962E-12
   0.105410E+05   0.646909E-11   0.594649E-12   0.395732E-12
   0.105420E+05   0.120754E-10   0.841417E-12   0.197140E-11
   0.105430E+05   0.158292E-10   0.100026E-11   0.306235E-11
   0.105440E+05   0.118462E-10   0.800386E-12   0.204326E-11
   0.105450E+05   0.479701E-11   0.454194E-12   0.196155E-12
   0.105460E+05   0.342747E-11   0.363605E-12  -0.711234E-13
   0.105470E+05   0.838922E-11   0.561998E-12   0.142143E-11
   0.105480E+05   0.113522E-10   0.669572E-12   0.237732E-11
   0.105490E+05   0.664395E-11   0.424551E-12   0.122933E-11
   0.105500E+05  -0.813740E-12   0.496476E-13  -0.670471E-12
   0.105510E+05  -0.234600E-11  -0.573056E-13  -0.932676E-12
   0.105520E+05   0.239351E-11   0.122969E-12   0.538673E-12
   0.105530E+05   0.495969E-11   0.205962E-12   0.141412E-11
   0.105540E+05  -0.704976E-13  -0.576795E-13   0.193034E-12
   0.105550E+05  -0.748839E-11  -0.431141E-12  -0.169529E-11
   0.105560E+05  -0.868130E-11  -0.519276E-12  -0.187882E-11
   0.105570E+05  -0.362940E-11  -0.318801E-12  -0.349953E-12
   0.105580E+05  -0.924208E-12  -0.222307E-12   0.523476E-12
   0.105590E+05  -0.575310E-11  -0.468191E-12  -0.694302E-12
   0.105600E+05  -0.125992E-10  -0.802868E-12  -0.249200E-11
   0.105610E+05  -0.128662E-10  -0.828457E-12  -0.250545E-11
   0.105620E+05  -0.683331E-11  -0.554427E-12  -0.808882E-12
   0.105630E+05  -0.327948E-11  -0.385409E-12   0.184904E-12
   0.105640E+05  -0.727766E-11  -0.560531E-12  -0.918142E-12
   0.105650E+05  -0.131507E-10  -0.823211E-12  -0.255447E-11
   0.105660E+05  -0.124050E-10  -0.780522E-12  -0.238574E-11
   0.105670E+05  -0.559263E-11  -0.452059E-12  -0.562731E-12
   0.105680E+05  -0.157285E-11  -0.244682E-12   0.479052E-12
   0.105690E+05  -0.519989E-11  -0.388760E-12  -0.591606E-12
   0.105700E+05  -0.105935E-10  -0.620708E-12  -0.215148E-11
   0.105710E+05  -0.936736E-11  -0.552984E-12  -0.189077E-11
   0.105720E+05  -0.233992E-11  -0.215225E-12  -0.368180E-13
   0.105730E+05   0.159817E-11  -0.128214E-13   0.961637E-12
   0.105740E+05  -0.212308E-11  -0.161789E-12  -0.150871E-12
   0.105750E+05  -0.738782E-11  -0.388418E-12  -0.168592E-11
   0.105760E+05  -0.593732E-11  -0.312287E-12  -0.136775E-11
   0.105770E+05   0.109383E-11   0.219632E-13   0.489267E-12
   0.105780E+05   0.474487E-11   0.206035E-12   0.141575E-11
   0.105790E+05   0.722642E-12   0.371982E-13   0.230915E-12
   0.105800E+05  -0.460084E-11  -0.198331E-12  -0.130770E-11
   0.105810E+05  -0.305980E-11  -0.123204E-12  -0.951688E-12
   0.105820E+05   0.392813E-11   0.206296E-12   0.904555E-12
   0.105830E+05   0.734326E-11   0.379682E-12   0.177431E-11
   0.105840E+05   0.314247E-11   0.204678E-12   0.546657E-12
   0.105850E+05  -0.210740E-11  -0.255552E-13  -0.964504E-12
   0.105860E+05  -0.399119E-12   0.574739E-13  -0.552029E-12
   0.105870E+05   0.653365E-11   0.382734E-12   0.130320E-11
   0.105880E+05   0.962660E-11   0.538529E-12   0.210101E-11
   0.105890E+05   0.513121E-11   0.347170E-12   0.810083E-12
   0.105900E+05  -0.145979E-12   0.113502E-12  -0.690596E-12
   0.105910E+05   0.166742E-11   0.199954E-12  -0.231075E-12
   0.105920E+05   0.851828E-11   0.520313E-12   0.162047E-11
   0.105930E+05   0.112713E-10   0.658513E-12   0.234564E-11
   0.105940E+05   0.643755E-11   0.447716E-12   0.985889E-12
   0.105950E+05   0.104478E-11   0.203029E-12  -0.518899E-12
   0.105960E+05   0.285116E-11   0.283419E-12  -0.322806E-13
   0.105970E+05   0.953740E-11   0.592791E-12   0.180155E-11
   0.105980E+05   0.119407E-10   0.714591E-12   0.245595E-11
   0.105990E+05   0.681860E-11   0.491407E-12   0.104317E-11
   0.106000E+05   0.134511E-11   0.241754E-12  -0.451687E-12
   0.106010E+05   0.307650E-11   0.313076E-12   0.556978E-13
   0.106020E+05   0.938751E-11   0.595375E-12   0.183690E-11
   0.106030E+05   0.111148E-10   0.673584E-12   0.236307E-11
   0.106040E+05   0.532219E-11   0.405159E-12   0.829526E-12
   0.106050E+05  -0.621392E-12   0.116833E-12  -0.724632E-12
   0.106060E+05   0.661411E-12   0.146831E-12  -0.264128E-12
   0.106070E+05   0.625795E-11   0.372440E-12   0.140116E-11
   0.106080E+05   0.704091E-11   0.382572E-12   0.174728E-11
   0.106090E+05   0.433926E-12   0.540765E-13   0.629291E-13
   0.106100E+05  -0.595092E-11  -0.273234E-12  -0.155001E-11
   0.106110E+05  -0.489109E-11  -0.267666E-12  -0.110137E-11
   0.106120E+05   0.405150E-12  -0.655929E-13   0.515888E-12
   0.106130E+05   0.808804E-12  -0.782604E-13   0.775931E-12
   0.106140E+05  -0.595292E-11  -0.414848E-12  -0.949702E-12
   0.106150E+05  -0.120787E-10  -0.726829E-12  -0.250690E-11
   0.106160E+05  -0.105316E-10  -0.690917E-12  -0.195618E-11
   0.106170E+05  -0.481948E-11  -0.456977E-12  -0.272757E-12
   0.106180E+05  -0.407299E-11  -0.436334E-12   0.177646E-13
   0.106190E+05  -0.102868E-10  -0.726420E-12  -0.163414E-11
   0.106200E+05  -0.155272E-10  -0.974791E-12  -0.303365E-11
   0.106210E+05  -0.130039E-10  -0.871818E-12  -0.230457E-11
   0.106220E+05  -0.655250E-11  -0.583585E-12  -0.509640E-12
   0.106230E+05  -0.528699E-11  -0.520196E-12  -0.169538E-12
   0.106240E+05  -0.108761E-10  -0.762844E-12  -0.174478E-11
   0.106250E+05  -0.152028E-10  -0.949791E-12  -0.299011E-11
   0.106260E+05  -0.116851E-10  -0.780970E-12  -0.208567E-11
   0.106270E+05  -0.446808E-11  -0.437181E-12  -0.177984E-12
   0.106280E+05  -0.265614E-11  -0.328682E-12   0.216217E-12
   0.106290E+05  -0.762460E-11  -0.523880E-12  -0.128118E-11
   0.106300E+05  -0.111128E-10  -0.655208E-12  -0.238332E-11
   0.106310E+05  -0.676159E-11  -0.433114E-12  -0.133023E-11
   0.106320E+05   0.100400E-11  -0.503019E-13   0.654287E-12
   0.106330E+05   0.314446E-11   0.878271E-13   0.106991E-11
   0.106340E+05  -0.138613E-11  -0.708094E-13  -0.371108E-12
   0.106350E+05  -0.420092E-11  -0.153945E-12  -0.134426E-11
   0.106360E+05   0.770892E-12   0.111555E-12  -0.163383E-12
   0.106370E+05   0.874983E-11   0.513563E-12   0.185538E-11
   0.106380E+05   0.107169E-10   0.646562E-12   0.221961E-11
   0.106390E+05   0.595688E-11   0.474629E-12   0.732116E-12
   0.106400E+05   0.301980E-11   0.378594E-12  -0.238527E-12
   0.106410E+05   0.774107E-11   0.620380E-12   0.929467E-12
   0.106420E+05   0.150380E-10   0.972687E-12   0.283722E-11
   0.106430E+05   0.159547E-10   0.103285E-11   0.300841E-11
   0.106440E+05   0.101450E-10   0.784099E-12   0.134307E-11
   0.106450E+05   0.636581E-11   0.620003E-12   0.260872E-12
   0.106460E+05   0.102636E-10   0.795753E-12   0.132713E-11
   0.106470E+05   0.164817E-10   0.107109E-11   0.306569E-11
   0.106480E+05   0.161156E-10   0.104417E-11   0.301401E-11
   0.106490E+05   0.913840E-11   0.712270E-12   0.115893E-11
   0.106500E+05   0.446476E-11   0.477339E-12  -0.395513E-13
   0.106510E+05   0.754875E-11   0.587999E-12   0.926321E-12
   0.106520E+05   0.128057E-10   0.795488E-12   0.251331E-11
   0.106530E+05   0.114314E-10   0.703304E-12   0.228402E-11
   0.106540E+05   0.371315E-11   0.322478E-12   0.311949E-12
   0.106550E+05  -0.134658E-11   0.573894E-13  -0.916883E-12
   0.106560E+05   0.142291E-11   0.141901E-12   0.292229E-13
   0.106570E+05   0.615497E-11   0.313407E-12   0.152970E-11
   0.106580E+05   0.414994E-11   0.180716E-12   0.117423E-11
   0.106590E+05  -0.394893E-11  -0.227349E-12  -0.868447E-12
   0.106600E+05  -0.900682E-11  -0.499056E-12  -0.207771E-11
   0.106610E+05  -0.610320E-11  -0.411609E-12  -0.109153E-11
   0.106620E+05  -0.136327E-11  -0.239357E-12   0.397605E-12
   0.106630E+05  -0.336804E-11  -0.367274E-12   0.102434E-13
   0.106640E+05  -0.111230E-10  -0.749130E-12  -0.199021E-11
   0.106650E+05  -0.153902E-10  -0.968033E-12  -0.305502E-11
   0.106660E+05  -0.115463E-10  -0.816144E-12  -0.190121E-11
   0.106670E+05  -0.602083E-11  -0.583789E-12  -0.300992E-12
   0.106680E+05  -0.730481E-11  -0.652373E-12  -0.606531E-12
   0.106690E+05  -0.140621E-10  -0.958480E-12  -0.246010E-11
   0.106700E+05  -0.169550E-10  -0.107915E-11  -0.328473E-11
   0.106710E+05  -0.116736E-10  -0.822310E-12  -0.187943E-11
   0.106720E+05  -0.499796E-11  -0.498789E-12  -0.104527E-12
   0.106730E+05  -0.539948E-11  -0.493706E-12  -0.298256E-12
   0.106740E+05  -0.112626E-10  -0.732507E-12  -0.202119E-11
   0.106750E+05  -0.131617E-10  -0.786928E-12  -0.267162E-11
   0.106760E+05  -0.704737E-11  -0.475377E-12  -0.112067E-11
   0.106770E+05   0.410383E-13  -0.121178E-12   0.701190E-12
   0.106780E+05  -0.269348E-12  -0.106633E-12   0.485193E-12
   0.106790E+05  -0.603960E-11  -0.342477E-12  -0.124011E-11
   0.106800E+05  -0.772805E-11  -0.392547E-12  -0.184475E-11
   0.106810E+05  -0.150277E-11  -0.818490E-13  -0.264979E-12
   0.106820E+05   0.539228E-11   0.258290E-12   0.150919E-11
   0.106830E+05   0.471165E-11   0.250236E-12   0.120421E-11
   0.106840E+05  -0.130753E-11  -0.475192E-14  -0.568034E-12
   0.106850E+05  -0.306469E-11  -0.677758E-13  -0.116210E-11
   0.106860E+05   0.302012E-11   0.226461E-12   0.413098E-12
   0.106870E+05   0.951529E-11   0.540000E-12   0.211214E-11
   0.106880E+05   0.834384E-11   0.503523E-12   0.170619E-11
   0.106890E+05   0.205215E-11   0.231656E-12  -0.106803E-12
   0.106900E+05   0.257034E-12   0.162708E-12  -0.674785E-12
   0.106910E+05   0.621732E-11   0.446077E-12   0.906636E-12
   0.106920E+05   0.122645E-10   0.732145E-12   0.252747E-11
   0.106930E+05   0.104823E-10   0.658687E-12   0.200287E-11
   0.106940E+05   0.374842E-11   0.355890E-12   0.121201E-12
   0.106950E+05   0.172652E-11   0.264963E-12  -0.453567E-12
   0.106960E+05   0.738411E-11   0.522535E-12   0.110188E-11
   0.106970E+05   0.128446E-10   0.769680E-12   0.261929E-11
   0.106980E+05   0.103763E-10   0.652954E-12   0.196313E-11
   0.106990E+05   0.319640E-11   0.318809E-12   0.133551E-13
   0.107000E+05   0.100200E-11   0.210451E-12  -0.558020E-12
   0.107010E+05   0.644156E-11   0.449151E-12   0.984885E-12
   0.107020E+05   0.114045E-10   0.663712E-12   0.241080E-11
   0.107030E+05   0.833786E-11   0.508526E-12   0.163332E-11
   0.107040E+05   0.823834E-12   0.149199E-12  -0.370330E-12
   0.107050E+05  -0.135709E-11   0.367106E-13  -0.909976E-12
   0.107060E+05   0.416386E-11   0.281441E-12   0.671359E-12
   0.107070E+05   0.902472E-11   0.498153E-12   0.207718E-11
   0.107080E+05   0.575684E-11   0.339668E-12   0.125224E-11
   0.107090E+05  -0.182502E-11  -0.218922E-13  -0.755819E-12
   0.107100E+05  -0.394863E-11  -0.136079E-12  -0.125811E-11
   0.107110E+05   0.148243E-11   0.974366E-13   0.324431E-12
   0.107120E+05   0.594595E-11   0.287585E-12   0.164879E-11
   0.107130E+05   0.216279E-11   0.950211E-13   0.712329E-12
   0.107140E+05  -0.575569E-11  -0.295671E-12  -0.135502E-11
   0.107150E+05  -0.801554E-11  -0.431580E-12  -0.186137E-11
   0.107160E+05  -0.275434E-11  -0.218961E-12  -0.299092E-12
   0.107170E+05   0.140607E-11  -0.496192E-13   0.954559E-12
   0.107180E+05  -0.258093E-11  -0.251502E-12  -0.413341E-13
   0.107190E+05  -0.103317E-10  -0.629668E-12  -0.207948E-11
   0.107200E+05  -0.121223E-10  -0.736774E-12  -0.248386E-11
   0.107210E+05  -0.642807E-11  -0.495170E-12  -0.838836E-12
   0.107220E+05  -0.202980E-11  -0.303186E-12   0.433628E-12
   0.107230E+05  -0.574734E-11  -0.477964E-12  -0.545239E-12
   0.107240E+05  -0.129114E-10  -0.812284E-12  -0.248739E-11
   0.107250E+05  -0.138685E-10  -0.863476E-12  -0.273285E-11
   0.107260E+05  -0.745037E-11  -0.571258E-12  -0.961156E-12
   0.107270E+05  -0.261464E-11  -0.342509E-12   0.358415E-12
   0.107280E+05  -0.595950E-11  -0.484475E-12  -0.591039E-12
   0.107290E+05  -0.125229E-10  -0.776866E-12  -0.243978E-11
   0.107300E+05  -0.127075E-10  -0.779819E-12  -0.254200E-11
   0.107310E+05  -0.567885E-11  -0.448269E-12  -0.668495E-12
   0.107320E+05  -0.543087E-12  -0.195483E-12   0.670437E-12
   0.107330E+05  -0.364863E-11  -0.316634E-12  -0.274115E-12
   0.107340E+05  -0.972173E-11  -0.576435E-12  -0.204747E-11
   0.107350E+05  -0.921600E-11  -0.536947E-12  -0.201818E-11
   0.107360E+05  -0.164129E-11  -0.169374E-12  -0.509796E-13
   0.107370E+05   0.372347E-11   0.103634E-12   0.129830E-11
   0.107380E+05   0.751901E-12  -0.416703E-14   0.343668E-12
   0.107390E+05  -0.497744E-11  -0.242802E-12  -0.137671E-11
   0.107400E+05  -0.393365E-11  -0.171968E-12  -0.123880E-11
   0.107410E+05   0.409424E-11   0.227646E-12   0.812551E-12
   0.107420E+05   0.969376E-11   0.527677E-12   0.218546E-11
   0.107430E+05   0.691590E-11   0.446355E-12   0.124907E-11
   0.107440E+05   0.151464E-11   0.236220E-12  -0.401285E-12
   0.107450E+05   0.286297E-11   0.326728E-12  -0.178692E-12
   0.107460E+05   0.108270E-10   0.721347E-12   0.187824E-11
   0.107470E+05   0.159040E-10   0.989494E-12   0.315074E-11
   0.107480E+05   0.124281E-10   0.863456E-12   0.208459E-11
   0.107490E+05   0.642543E-11   0.607510E-12   0.350515E-12
   0.107500E+05   0.716513E-11   0.645451E-12   0.507124E-12
   0.107510E+05   0.142009E-10   0.967329E-12   0.242685E-11
   0.107520E+05   0.179825E-10   0.114321E-11   0.347191E-11
   0.107530E+05   0.131852E-10   0.923981E-12   0.217556E-11
   0.107540E+05   0.615449E-11   0.590117E-12   0.292272E-12
   0.107550E+05   0.607212E-11   0.561605E-12   0.354171E-12
   0.107560E+05   0.121619E-10   0.813305E-12   0.214081E-11
   0.107570E+05   0.147864E-10   0.911507E-12   0.298802E-11
   0.107580E+05   0.891004E-11   0.620446E-12   0.150692E-11
   0.107590E+05   0.114692E-11   0.232447E-12  -0.474484E-12
   0.107600E+05   0.556629E-12   0.161281E-12  -0.457575E-12
   0.107610E+05   0.602709E-11   0.366454E-12   0.124389E-11
   0.107620E+05   0.784962E-11   0.411773E-12   0.194399E-11
   0.107630E+05   0.129292E-11   0.760886E-13   0.335691E-12
   0.107640E+05  -0.676399E-11  -0.336353E-12  -0.168051E-11
   0.107650E+05  -0.739880E-11  -0.418869E-12  -0.164332E-11
   0.107660E+05  -0.206379E-11  -0.227670E-12   0.393714E-13
   0.107670E+05  -0.518364E-12  -0.199915E-12   0.665054E-12
   0.107680E+05  -0.715251E-11  -0.538757E-12  -0.983159E-12
   0.107690E+05  -0.147905E-10  -0.924434E-12  -0.292595E-11
   0.107700E+05  -0.146415E-10  -0.955985E-12  -0.273850E-11
   0.107710E+05  -0.853019E-11  -0.708142E-12  -0.928656E-12
   0.107720E+05  -0.633750E-11  -0.626081E-12  -0.228260E-12
   0.107730E+05  -0.122034E-10  -0.903707E-12  -0.178116E-11
   0.107740E+05  -0.187261E-10  -0.121174E-11  -0.354305E-11
   0.107750E+05  -0.172524E-10  -0.115448E-11  -0.312653E-11
   0.107760E+05  -0.991554E-11  -0.818494E-12  -0.112537E-11
   0.107770E+05  -0.663652E-11  -0.649083E-12  -0.282136E-12
   0.107780E+05  -0.112823E-10  -0.828497E-12  -0.166146E-11
   0.107790E+05  -0.162981E-10  -0.102432E-11  -0.316872E-11
   0.107800E+05  -0.133010E-10  -0.858278E-12  -0.248141E-11
   0.107810E+05  -0.484189E-11  -0.439507E-12  -0.301443E-12
   0.107820E+05  -0.906684E-12  -0.216590E-12   0.613214E-12
   0.107830E+05  -0.502997E-11  -0.354933E-12  -0.710887E-12
   0.107840E+05  -0.940664E-11  -0.509506E-12  -0.211038E-11
   0.107850E+05  -0.583641E-11  -0.310967E-12  -0.131174E-11
   0.107860E+05   0.277096E-11   0.113942E-12   0.885488E-12
   0.107870E+05   0.640426E-11   0.315751E-12   0.171508E-11
   0.107880E+05   0.189949E-11   0.148554E-12   0.301301E-12
   0.107890E+05  -0.263937E-11  -0.254906E-13  -0.111574E-11
   0.107900E+05   0.858909E-12   0.159313E-12  -0.302378E-12
   0.107910E+05   0.915946E-11   0.561478E-12   0.185053E-11
   0.107920E+05   0.122101E-10   0.728352E-12   0.256573E-11
   0.107930E+05   0.714607E-11   0.526264E-12   0.105098E-11
   0.107940E+05   0.227627E-11   0.325888E-12  -0.396437E-12
   0.107950E+05   0.548101E-11   0.484018E-12   0.404440E-12
   0.107960E+05   0.132028E-10   0.844822E-12   0.247267E-11
   0.107970E+05   0.153966E-10   0.956802E-12   0.303119E-11
   0.107980E+05   0.954090E-11   0.702706E-12   0.138086E-11
   0.107990E+05   0.415486E-11   0.462756E-12  -0.123213E-12
   0.108000E+05   0.690258E-11   0.582861E-12   0.641208E-12
   0.108010E+05   0.138804E-10   0.890302E-12   0.259822E-11
   0.108020E+05   0.150505E-10   0.933938E-12   0.297138E-11
   0.108030E+05   0.825479E-11   0.614477E-12   0.115872E-11
   0.108040E+05   0.225102E-11   0.324722E-12  -0.422111E-12
   0.108050E+05   0.451701E-11   0.402967E-12   0.297441E-12
   0.108060E+05   0.108300E-10   0.661965E-12   0.215196E-11
   0.108070E+05   0.111720E-10   0.651459E-12   0.236883E-11
   0.108080E+05   0.373392E-11   0.288475E-12   0.440620E-12
   0.108090E+05  -0.252334E-11  -0.245136E-13  -0.116026E-11
   0.108100E+05  -0.338078E-12   0.410024E-13  -0.425274E-12
   0.108110E+05   0.574945E-11   0.283615E-12   0.139204E-11
   0.108120E+05   0.576961E-11   0.256673E-12   0.153076E-11
   0.108130E+05  -0.171555E-11  -0.103949E-12  -0.416021E-12
   0.108140E+05  -0.756365E-11  -0.387178E-12  -0.192503E-11
   0.108150E+05  -0.480343E-11  -0.280641E-12  -0.106275E-11
   0.108160E+05   0.160474E-11  -0.984502E-14   0.808960E-12
   0.108170E+05   0.165332E-11  -0.267330E-13   0.924379E-12
   0.108180E+05  -0.575315E-11  -0.379494E-12  -0.102832E-11
   0.108190E+05  -0.112438E-10  -0.643413E-12  -0.246623E-11
   0.108200E+05  -0.803558E-11  -0.511989E-12  -0.151109E-11
   0.108210E+05  -0.140516E-11  -0.225234E-12   0.387773E-12
   0.108220E+05  -0.134551E-11  -0.236261E-12   0.470596E-12
   0.108230E+05  -0.862018E-11  -0.578826E-12  -0.148195E-11
   0.108240E+05  -0.136635E-10  -0.817495E-12  -0.283525E-11
   0.108250E+05  -0.988677E-11  -0.651777E-12  -0.176820E-11
   0.108260E+05  -0.285377E-11  -0.333556E-12   0.188692E-12
   0.108270E+05  -0.252504E-11  -0.315944E-12   0.286215E-12
   0.108280E+05  -0.937361E-11  -0.622372E-12  -0.161059E-11
   0.108290E+05  -0.137320E-10  -0.815106E-12  -0.283483E-11
   0.108300E+05  -0.928704E-11  -0.606919E-12  -0.163941E-11
   0.108310E+05  -0.189961E-11  -0.262591E-12   0.362721E-12
   0.108320E+05  -0.143783E-11  -0.229835E-12   0.446381E-12
   0.108330E+05  -0.800934E-11  -0.514499E-12  -0.142338E-11
   0.108340E+05  -0.118091E-10  -0.672502E-12  -0.254084E-11
   0.108350E+05  -0.681131E-11  -0.430666E-12  -0.123612E-11
   0.108360E+05   0.794575E-12  -0.701032E-13   0.789152E-12
   0.108370E+05   0.121247E-11  -0.359182E-13   0.830091E-12
   0.108380E+05  -0.530020E-11  -0.316735E-12  -0.104864E-11
   0.108390E+05  -0.878468E-11  -0.460232E-12  -0.210047E-11
   0.108400E+05  -0.347437E-11  -0.204271E-12  -0.727936E-12
   0.108410E+05   0.414839E-11   0.156730E-12   0.128597E-11
   0.108420E+05   0.439001E-11   0.182507E-12   0.126347E-11
   0.108430E+05  -0.211622E-11  -0.974778E-13  -0.629086E-12
   0.108440E+05  -0.527081E-11  -0.223431E-12  -0.160783E-11
   0.108450E+05   0.407782E-12   0.536787E-13  -0.153543E-12
   0.108460E+05   0.812126E-11   0.423768E-12   0.186554E-11
   0.108470E+05   0.826729E-11   0.450082E-12   0.179813E-11
   0.108480E+05   0.185523E-11   0.180621E-12  -0.865514E-13
   0.108490E+05  -0.871590E-12   0.840578E-13  -0.966369E-12
   0.108500E+05   0.527247E-11   0.396122E-12   0.597830E-12
   0.108510E+05   0.131279E-10   0.786641E-12   0.264448E-11
   0.108520E+05   0.130999E-10   0.813752E-12   0.253281E-11
   0.108530E+05   0.648410E-11   0.535165E-12   0.616580E-12
   0.108540E+05   0.362827E-11   0.425003E-12  -0.253051E-12
   0.108550E+05   0.946940E-11   0.710342E-12   0.129137E-11
   0.108560E+05   0.165970E-10   0.105079E-11   0.321681E-11
   0.108570E+05   0.155315E-10   0.100860E-11   0.291441E-11
   0.108580E+05   0.791412E-11   0.656219E-12   0.833041E-12
   0.108590E+05   0.422420E-11   0.475692E-12  -0.144000E-12
   0.108600E+05   0.919181E-11   0.689254E-12   0.128568E-11
   0.108610E+05   0.152244E-10   0.952195E-12   0.303116E-11
   0.108620E+05   0.130059E-10   0.834687E-12   0.252559E-11
   0.108630E+05   0.449202E-11   0.420815E-12   0.306431E-12
   0.108640E+05   0.185379E-12   0.190631E-12  -0.733745E-12
   0.108650E+05   0.449378E-11   0.350780E-12   0.618631E-12
   0.108660E+05   0.959720E-11   0.547585E-12   0.220638E-11
   0.108670E+05   0.638264E-11   0.362600E-12   0.151394E-11
   0.108680E+05  -0.280454E-11  -0.100937E-12  -0.816955E-12
   0.108690E+05  -0.738845E-11  -0.359234E-12  -0.187456E-11
   0.108700E+05  -0.327752E-11  -0.220081E-12  -0.532915E-12
   0.108710E+05   0.146183E-11  -0.481751E-13   0.981643E-12
   0.108720E+05  -0.209962E-11  -0.252919E-12   0.201994E-12
   0.108730E+05  -0.112409E-10  -0.713130E-12  -0.212856E-11
   0.108740E+05  -0.153297E-10  -0.942139E-12  -0.308306E-11
   0.108750E+05  -0.106166E-10  -0.764070E-12  -0.162823E-11
   0.108760E+05  -0.544650E-11  -0.557711E-12  -0.645376E-13
   0.108770E+05  -0.859284E-11  -0.726243E-12  -0.814512E-12
   0.108780E+05  -0.169731E-10  -0.113144E-11  -0.303538E-11
   0.108790E+05  -0.198950E-10  -0.128253E-11  -0.378457E-11
   0.108800E+05  -0.139414E-10  -0.101847E-11  -0.211946E-11
   0.108810E+05  -0.773901E-11  -0.732719E-12  -0.414314E-12
   0.108820E+05  -0.993404E-11  -0.825228E-12  -0.105137E-11
   0.108830E+05  -0.171177E-10  -0.114366E-11  -0.309478E-11
   0.108840E+05  -0.185461E-10  -0.119284E-11  -0.358794E-11
   0.108850E+05  -0.111045E-10  -0.822965E-12  -0.167225E-11
   0.108860E+05  -0.367139E-11  -0.439312E-12   0.211678E-12
   0.108870E+05  -0.479214E-11  -0.441553E-12  -0.282248E-12
   0.108880E+05  -0.108272E-10  -0.672342E-12  -0.214462E-11
   0.108890E+05  -0.110878E-10  -0.641991E-12  -0.242761E-11
   0.108900E+05  -0.279806E-11  -0.215430E-12  -0.365073E-12
   0.108910E+05   0.497380E-11   0.195419E-12   0.154859E-11
   0.108920E+05   0.389857E-11   0.201313E-12   0.102659E-11
   0.108930E+05  -0.205511E-11  -0.263495E-13  -0.829628E-12
   0.108940E+05  -0.219655E-11   0.207780E-14  -0.107187E-11
   0.108950E+05   0.595392E-11   0.410550E-12   0.980254E-12
   0.108960E+05   0.131940E-10   0.784741E-12   0.278908E-11
   0.108970E+05   0.114609E-10   0.749674E-12   0.213705E-11
   0.108980E+05   0.505461E-11   0.490837E-12   0.217203E-12
   0.108990E+05   0.460660E-11   0.492336E-12  -0.356763E-13
   0.109000E+05   0.122125E-10   0.858607E-12   0.195467E-11
   0.109010E+05   0.184780E-10   0.116677E-11   0.359616E-11
   0.109020E+05   0.156075E-10   0.105564E-11   0.274132E-11
   0.109030E+05   0.827555E-11   0.729265E-12   0.683535E-12
   0.109040E+05   0.710563E-11   0.671910E-12   0.353906E-12
   0.109050E+05   0.138427E-10   0.972016E-12   0.223119E-11
   0.109060E+05   0.189075E-10   0.119828E-11   0.367095E-11
   0.109070E+05   0.147547E-10   0.100110E-11   0.259298E-11
   0.109080E+05   0.640625E-11   0.600352E-12   0.384665E-12
   0.109090E+05   0.445762E-11   0.478935E-12  -0.320893E-13
   0.109100E+05   0.103059E-10   0.709535E-12   0.172380E-11
   0.109110E+05   0.142122E-10   0.854291E-12   0.296127E-11
   0.109120E+05   0.891723E-11   0.578050E-12   0.167523E-11
   0.109130E+05  -0.178472E-12   0.119889E-12  -0.646692E-12
   0.109140E+05  -0.248505E-11  -0.357469E-13  -0.108791E-11
   0.109150E+05   0.305350E-11   0.169056E-12   0.636433E-12
   0.109160E+05   0.651559E-11   0.287277E-12   0.178510E-11
   0.109170E+05   0.866238E-12  -0.793701E-14   0.416966E-12
   0.109180E+05  -0.819165E-11  -0.465121E-12  -0.189517E-11
   0.109190E+05  -0.101167E-10  -0.601329E-12  -0.224863E-11
   0.109200E+05  -0.417198E-11  -0.370559E-12  -0.449310E-12
   0.109210E+05  -0.400937E-12  -0.223000E-12   0.725873E-12
   0.109220E+05  -0.558306E-11  -0.474075E-12  -0.591951E-12
   0.109230E+05  -0.137604E-10  -0.863787E-12  -0.275379E-11
   0.109240E+05  -0.145459E-10  -0.920032E-12  -0.289271E-11
   0.109250E+05  -0.761806E-11  -0.617778E-12  -0.924810E-12
   0.109260E+05  -0.317706E-11  -0.414197E-12   0.331315E-12
   0.109270E+05  -0.772460E-11  -0.611430E-12  -0.915409E-12
   0.109280E+05  -0.150077E-10  -0.936647E-12  -0.293174E-11
   0.109290E+05  -0.147622E-10  -0.924906E-12  -0.288101E-11
   0.109300E+05  -0.705393E-11  -0.569522E-12  -0.784394E-12
   0.109310E+05  -0.220094E-11  -0.331865E-12   0.505639E-12
   0.109320E+05  -0.638358E-11  -0.497454E-12  -0.715594E-12
   0.109330E+05  -0.130267E-10  -0.778053E-12  -0.262627E-11
   0.109340E+05  -0.119914E-10  -0.715714E-12  -0.242187E-11
   0.109350E+05  -0.375397E-11  -0.324512E-12  -0.234050E-12
   0.109360E+05   0.122277E-11  -0.733852E-13   0.104587E-11
   0.109370E+05  -0.293544E-11  -0.233360E-12  -0.203342E-12
   0.109380E+05  -0.932826E-11  -0.500323E-12  -0.207141E-11
   0.109390E+05  -0.791764E-11  -0.420387E-12  -0.178209E-11
   0.109400E+05   0.449042E-12  -0.244505E-13   0.430542E-12
   0.109410E+05   0.520049E-11   0.213881E-12   0.164446E-11
   0.109420E+05   0.777797E-12   0.384862E-13   0.324281E-12
   0.109430E+05  -0.561620E-11  -0.232660E-12  -0.153670E-11
   0.109440E+05  -0.407838E-11  -0.152631E-12  -0.119880E-11
   0.109450E+05   0.415582E-11   0.228991E-12   0.997393E-12
   0.109460E+05   0.841817E-11   0.434236E-12   0.210193E-11
   0.109470E+05   0.349600E-11   0.224347E-12   0.671838E-12
   0.109480E+05  -0.306814E-11  -0.649244E-13  -0.120960E-11
   0.109490E+05  -0.146855E-11   0.106793E-13  -0.832495E-12
   0.109500E+05   0.670060E-11   0.385818E-12   0.136210E-11
   0.109510E+05   0.106731E-10   0.577556E-12   0.239719E-11
   0.109520E+05   0.553125E-11   0.359276E-12   0.912725E-12
   0.109530E+05  -0.931451E-12   0.764835E-13  -0.936180E-12
   0.109540E+05   0.918057E-12   0.164393E-12  -0.484943E-12
   0.109550E+05   0.911666E-11   0.541326E-12   0.172370E-11
   0.109560E+05   0.128571E-10   0.724751E-12   0.269923E-11
   0.109570E+05   0.758527E-11   0.506965E-12   0.117997E-11
   0.109580E+05   0.135886E-11   0.245270E-12  -0.604177E-12
   0.109590E+05   0.357265E-11   0.360236E-12  -0.478577E-13
   0.109600E+05   0.117861E-10   0.743219E-12   0.218234E-11
   0.109610E+05   0.150640E-10   0.902834E-12   0.306512E-11
   0.109620E+05   0.920031E-11   0.648136E-12   0.143401E-11
   0.109630E+05   0.258070E-11   0.354592E-12  -0.394471E-12
   0.109640E+05   0.447485E-11   0.439388E-12   0.147225E-12
   0.109650E+05   0.120741E-10   0.777030E-12   0.228998E-11
   0.109660E+05   0.143747E-10   0.871836E-12   0.299353E-11
   0.109670E+05   0.751677E-11   0.548560E-12   0.118554E-11
   0.109680E+05   0.183663E-12   0.197822E-12  -0.738663E-12
   0.109690E+05   0.150732E-11   0.232459E-12  -0.253471E-12
   0.109700E+05   0.833424E-11   0.512056E-12   0.177372E-11
   0.109710E+05   0.962392E-11   0.538853E-12   0.229057E-11
   0.109720E+05   0.186275E-11   0.152819E-12   0.319014E-12
   0.109730E+05  -0.600449E-11  -0.243383E-12  -0.167492E-11
   0.109740E+05  -0.501569E-11  -0.243691E-12  -0.121477E-11
   0.109750E+05   0.134496E-11  -0.194506E-14   0.737243E-12
   0.109760E+05   0.205615E-11  -0.129215E-13   0.112962E-11
   0.109770E+05  -0.600249E-11  -0.416864E-12  -0.910778E-12
   0.109780E+05  -0.136367E-10  -0.799403E-12  -0.284957E-11
   0.109790E+05  -0.121300E-10  -0.767642E-12  -0.227487E-11
   0.109800E+05  -0.539870E-11  -0.498373E-12  -0.263254E-12
   0.109810E+05  -0.452378E-11  -0.491320E-12   0.120338E-12
   0.109820E+05  -0.122618E-10  -0.869744E-12  -0.189717E-11
   0.109830E+05  -0.191463E-10  -0.120461E-11  -0.370852E-11
   0.109840E+05  -0.166474E-10  -0.110963E-11  -0.295475E-11
   0.109850E+05  -0.904824E-11  -0.778178E-12  -0.812957E-12
   0.109860E+05  -0.745736E-11  -0.712237E-12  -0.353591E-12
   0.109870E+05  -0.142927E-10  -0.102065E-11  -0.225409E-11
   0.109880E+05  -0.198878E-10  -0.126614E-11  -0.384950E-11
   0.109890E+05  -0.159746E-10  -0.107562E-11  -0.284958E-11
   0.109900E+05  -0.723405E-11  -0.662004E-12  -0.537665E-12
   0.109910E+05  -0.477480E-11  -0.527245E-12   0.174895E-13
   0.109920E+05  -0.106158E-10  -0.759731E-12  -0.175237E-11
   0.109930E+05  -0.148418E-10  -0.908226E-12  -0.311449E-11
   0.109940E+05  -0.944675E-11  -0.612028E-12  -0.184756E-11
   0.109950E+05   0.428180E-12  -0.109714E-12   0.646683E-12
   0.109960E+05   0.357104E-11   0.860061E-13   0.128089E-11
   0.109970E+05  -0.172946E-11  -0.102084E-12  -0.422680E-12
   0.109980E+05  -0.532772E-11  -0.210278E-12  -0.166844E-11
   0.109990E+05   0.599326E-12   0.117642E-12  -0.289424E-12
   0.110000E+05   0.105822E-10   0.629653E-12   0.222051E-11
   0.110010E+05   0.134072E-10   0.810924E-12   0.277584E-11
   0.110020E+05   0.768750E-11   0.596207E-12   0.991748E-12
   0.110030E+05   0.375789E-11   0.457530E-12  -0.283973E-12
   0.110040E+05   0.923542E-11   0.744359E-12   0.105466E-11
   0.110050E+05   0.183665E-10   0.119477E-11   0.342985E-11
   0.110060E+05   0.200160E-10   0.129856E-11   0.377440E-11
   0.110070E+05   0.131674E-10   0.100631E-11   0.180509E-11
   0.110080E+05   0.831810E-11   0.796067E-12   0.415162E-12
   0.110090E+05   0.128170E-10   0.100480E-11   0.163568E-11
   0.110100E+05   0.205934E-10   0.135707E-11   0.379822E-11
   0.110110E+05   0.206162E-10   0.134896E-11   0.385975E-11
   0.110120E+05   0.122934E-10   0.951954E-12   0.164988E-11
   0.110130E+05   0.632279E-11   0.654297E-12   0.113942E-12
   0.110140E+05   0.978430E-11   0.780825E-12   0.120714E-11
   0.110150E+05   0.162649E-10   0.103982E-11   0.316551E-11
   0.110160E+05   0.148110E-10   0.930348E-12   0.296565E-11
   0.110170E+05   0.524334E-11   0.443449E-12   0.547654E-12
   0.110180E+05  -0.153366E-11   0.788203E-13  -0.109045E-11
   0.110190E+05   0.131489E-11   0.152127E-12  -0.649238E-13
   0.110200E+05   0.706279E-11   0.358143E-12   0.177160E-11
   0.110210E+05   0.484814E-11   0.199920E-12   0.141978E-11
   0.110220E+05  -0.511352E-11  -0.313541E-12  -0.107270E-11
   0.110230E+05  -0.117580E-10  -0.674846E-12  -0.266509E-11
   0.110240E+05  -0.855211E-11  -0.582285E-12  -0.155682E-11
   0.110250E+05  -0.257817E-11  -0.358756E-12   0.303175E-12
   0.110260E+05  -0.462123E-11  -0.498868E-12  -0.614779E-13
   0.110270E+05  -0.140507E-10  -0.973155E-12  -0.248988E-11
   0.110280E+05  -0.195921E-10  -0.126028E-11  -0.388763E-11
   0.110290E+05  -0.149635E-10  -0.106638E-11  -0.252616E-11
   0.110300E+05  -0.760989E-11  -0.732262E-12  -0.450029E-12
   0.110310E+05  -0.834690E-11  -0.760642E-12  -0.632115E-12
   0.110320E+05  -0.163149E-10  -0.111913E-11  -0.283480E-11
   0.110330E+05  -0.201973E-10  -0.128768E-11  -0.394406E-11
   0.110340E+05  -0.140127E-10  -0.984272E-12  -0.231332E-11
   0.110350E+05  -0.548297E-11  -0.559595E-12  -0.646989E-13
   0.110360E+05  -0.531976E-11  -0.512206E-12  -0.139571E-12
   0.110370E+05  -0.123549E-10  -0.799535E-12  -0.220822E-11
   0.110380E+05  -0.152310E-10  -0.902882E-12  -0.313939E-11
   0.110390E+05  -0.828309E-11  -0.553932E-12  -0.137388E-11
   0.110400E+05   0.533602E-12  -0.110055E-12   0.896566E-12
   0.110410E+05   0.716286E-12  -0.568377E-13   0.782854E-12
   0.110420E+05  -0.616417E-11  -0.333002E-12  -0.127527E-11
   0.110430E+05  -0.869028E-11  -0.419192E-12  -0.212743E-11
   0.110440E+05  -0.156532E-11  -0.657808E-13  -0.313720E-12
   0.110450E+05   0.695955E-11   0.356360E-12   0.189160E-11
   0.110460E+05   0.656938E-11   0.371717E-12   0.164793E-11
   0.110470E+05  -0.734664E-12   0.628055E-13  -0.489652E-12
   0.110480E+05  -0.342909E-11  -0.453293E-13  -0.134337E-11
   0.110490E+05   0.344698E-11   0.281737E-12   0.453246E-12
   0.110500E+05   0.113518E-10   0.659682E-12   0.254499E-11
   0.110510E+05   0.101417E-10   0.620720E-12   0.213713E-11
   0.110520E+05   0.222573E-11   0.266339E-12  -0.104718E-12
   0.110530E+05  -0.776061E-12   0.126919E-12  -0.978492E-12
   0.110540E+05   0.577352E-11   0.423239E-12   0.790766E-12
   0.110550E+05   0.130651E-10   0.759429E-12   0.277242E-11
   0.110560E+05   0.111373E-10   0.676016E-12   0.222109E-11
   0.110570E+05   0.279265E-11   0.292334E-12  -0.895720E-13
   0.110580E+05  -0.281391E-12   0.142108E-12  -0.939700E-12
   0.110590E+05   0.620253E-11   0.430412E-12   0.848553E-12
   0.110600E+05   0.131474E-10   0.747533E-12   0.276588E-11
   0.110610E+05   0.107500E-10   0.639531E-12   0.211270E-11
   0.110620E+05   0.218304E-11   0.241564E-12  -0.233773E-12
   0.110630E+05  -0.797042E-12   0.918831E-13  -0.103577E-11
   0.110640E+05   0.579329E-11   0.385017E-12   0.797059E-12
   0.110650E+05   0.126313E-10   0.703321E-12   0.269079E-11
   0.110660E+05   0.100862E-10   0.599418E-12   0.199601E-11
   0.110670E+05   0.162777E-11   0.217556E-12  -0.320906E-12
   0.110680E+05  -0.104152E-11   0.893264E-13  -0.103014E-11
   0.110690E+05   0.566797E-11   0.390333E-12   0.852465E-12
   0.110700E+05   0.122049E-10   0.694207E-12   0.268841E-11
   0.110710E+05   0.917114E-11   0.565304E-12   0.189146E-11
   0.110720E+05   0.390744E-12   0.162417E-12  -0.471791E-12
   0.110730E+05  -0.246841E-11   0.126569E-13  -0.117735E-11
   0.110740E+05   0.379870E-11   0.273312E-12   0.652962E-12
   0.110750E+05   0.945904E-11   0.512629E-12   0.232481E-11
   0.110760E+05   0.543931E-11   0.314355E-12   0.133330E-11
   0.110770E+05  -0.398683E-11  -0.139295E-12  -0.113669E-11
   0.110780E+05  -0.713601E-11  -0.320478E-12  -0.185850E-11
   0.110790E+05  -0.119488E-11  -0.908548E-13  -0.622924E-13
   0.110800E+05   0.388136E-11   0.107869E-12   0.149403E-11
   0.110810E+05  -0.699891E-12  -0.126031E-12   0.378838E-12
   0.110820E+05  -0.102508E-10  -0.589980E-12  -0.211168E-11
   0.110830E+05  -0.131020E-10  -0.757130E-12  -0.275425E-11
   0.110840E+05  -0.686189E-11  -0.510143E-12  -0.892572E-12
   0.110850E+05  -0.174158E-11  -0.303866E-12   0.647172E-12
   0.110860E+05  -0.628784E-11  -0.528952E-12  -0.498539E-12
   0.110870E+05  -0.154245E-10  -0.964467E-12  -0.292702E-11
   0.110880E+05  -0.175007E-10  -0.108412E-11  -0.341997E-11
   0.110890E+05  -0.105283E-10  -0.789430E-12  -0.143097E-11
   0.110900E+05  -0.494962E-11  -0.546462E-12   0.151465E-12
   0.110910E+05  -0.905816E-11  -0.734492E-12  -0.965373E-12
   0.110920E+05  -0.174017E-10  -0.111507E-11  -0.327479E-11
   0.110930E+05  -0.183592E-10  -0.116274E-11  -0.356650E-11
   0.110940E+05  -0.103370E-10  -0.796797E-12  -0.140251E-11
   0.110950E+05  -0.399300E-11  -0.493522E-12   0.270489E-12
   0.110960E+05  -0.737519E-11  -0.622123E-12  -0.770188E-12
   0.110970E+05  -0.146980E-10  -0.930422E-12  -0.292259E-11
   0.110980E+05  -0.144122E-10  -0.897022E-12  -0.299366E-11
   0.110990E+05  -0.531267E-11  -0.457926E-12  -0.652218E-12
   0.111000E+05   0.178886E-11  -0.939041E-13   0.111085E-11
   0.111010E+05  -0.846167E-12  -0.158036E-12   0.157589E-12
   0.111020E+05  -0.709594E-11  -0.383575E-12  -0.181391E-11
   0.111030E+05  -0.555944E-11  -0.259670E-12  -0.164389E-11
   0.111040E+05   0.446809E-11   0.250302E-12   0.868986E-12
   0.111050E+05   0.119337E-10   0.651957E-12   0.267271E-11
   0.111060E+05   0.937810E-11   0.604757E-12   0.170842E-11
   0.111070E+05   0.327866E-11   0.392000E-12  -0.226481E-12
   0.111080E+05   0.493669E-11   0.519071E-12   0.263699E-14
   0.111090E+05   0.146212E-10   0.100110E-11   0.247907E-11
   0.111100E+05   0.211145E-10   0.133611E-11   0.410442E-11
   0.111110E+05   0.173183E-10   0.120262E-11   0.291437E-11
   0.111120E+05   0.101425E-10   0.907454E-12   0.819196E-12
   0.111130E+05   0.108513E-10   0.956552E-12   0.938466E-12
   0.111140E+05   0.193142E-10   0.134658E-11   0.324332E-11
   0.111150E+05   0.241485E-10   0.156671E-11   0.458854E-11
   0.111160E+05   0.185795E-10   0.130995E-11   0.309652E-11
   0.111170E+05   0.989981E-11   0.901649E-12   0.778845E-12
   0.111180E+05   0.931065E-11   0.846379E-12   0.733475E-12
   0.111190E+05   0.163045E-10   0.112455E-11   0.282365E-11
   0.111200E+05   0.193859E-10   0.122107E-11   0.386921E-11
   0.111210E+05   0.121449E-10   0.847031E-12   0.208859E-11
   0.111220E+05   0.225609E-11   0.346912E-12  -0.405367E-12
   0.111230E+05   0.825134E-12   0.221566E-12  -0.543612E-12
   0.111240E+05   0.692914E-11   0.431723E-12   0.142174E-11
   0.111250E+05   0.893285E-11   0.454924E-12   0.227134E-11
   0.111260E+05   0.769605E-12   0.180269E-13   0.316506E-12
   0.111270E+05  -0.952282E-11  -0.516647E-12  -0.223257E-11
   0.111280E+05  -0.109409E-10  -0.651607E-12  -0.233751E-11
   0.111290E+05  -0.480457E-11  -0.443649E-12  -0.361464E-12
   0.111300E+05  -0.285584E-11  -0.419762E-12   0.445340E-12
   0.111310E+05  -0.108017E-10  -0.835859E-12  -0.150822E-11
   0.111320E+05  -0.202642E-10  -0.131323E-11  -0.391906E-11
   0.111330E+05  -0.203935E-10  -0.136164E-11  -0.378999E-11
   0.111340E+05  -0.129562E-10  -0.105958E-11  -0.160411E-11
   0.111350E+05  -0.982930E-11  -0.941085E-12  -0.645326E-12
   0.111360E+05  -0.163728E-10  -0.124545E-11  -0.240689E-11
   0.111370E+05  -0.238886E-10  -0.157804E-11  -0.449513E-11
   0.111380E+05  -0.217278E-10  -0.145879E-11  -0.396265E-11
   0.111390E+05  -0.121836E-10  -0.995046E-12  -0.142739E-11
   0.111400E+05  -0.737099E-11  -0.738304E-12  -0.226436E-12
   0.111410E+05  -0.124026E-10  -0.921205E-12  -0.177453E-11
   0.111420E+05  -0.183116E-10  -0.113777E-11  -0.359854E-11
   0.111430E+05  -0.146176E-10  -0.914483E-12  -0.279563E-11
   0.111440E+05  -0.402926E-11  -0.377253E-12  -0.970429E-13
   0.111450E+05   0.123778E-11  -0.831191E-13   0.113439E-11
   0.111460E+05  -0.357307E-11  -0.248950E-12  -0.417092E-12
   0.111470E+05  -0.916343E-11  -0.451918E-12  -0.218898E-11
   0.111480E+05  -0.517620E-11  -0.220944E-12  -0.131682E-11
   0.111490E+05   0.531772E-11   0.303842E-12   0.136406E-11
   0.111500E+05   0.100509E-10   0.563142E-12   0.247443E-11
   0.111510E+05   0.462772E-11   0.355343E-12   0.797745E-12
   0.111520E+05  -0.137049E-11   0.115360E-12  -0.102575E-11
   0.111530E+05   0.222841E-11   0.306134E-12  -0.184298E-12
   0.111540E+05   0.119720E-10   0.771160E-12   0.237842E-11
   0.111550E+05   0.155804E-10   0.951939E-12   0.327565E-11
   0.111560E+05   0.908227E-11   0.667986E-12   0.140366E-11
   0.111570E+05   0.238256E-11   0.370844E-12  -0.511768E-12
   0.111580E+05   0.546561E-11   0.515854E-12   0.287230E-12
   0.111590E+05   0.144621E-10   0.926751E-12   0.274184E-11
   0.111600E+05   0.170295E-10   0.104039E-11   0.344890E-11
   0.111610E+05   0.956940E-11   0.692147E-12   0.140773E-11
   0.111620E+05   0.227080E-11   0.347016E-12  -0.578830E-12
   0.111630E+05   0.492299E-11   0.452810E-12   0.191059E-12
   0.111640E+05   0.132717E-10   0.816635E-12   0.255041E-11
   0.111650E+05   0.149627E-10   0.875042E-12   0.309131E-11
   0.111660E+05   0.680297E-11   0.482173E-12   0.923319E-12
   0.111670E+05  -0.743264E-12   0.116103E-12  -0.107628E-11
   0.111680E+05   0.187639E-11   0.213669E-12  -0.271171E-12
   0.111690E+05   0.997929E-11   0.561022E-12   0.205490E-11
   0.111700E+05   0.111834E-10   0.592298E-12   0.248745E-11
   0.111710E+05   0.272481E-11   0.182813E-12   0.252367E-12
   0.111720E+05  -0.460226E-11  -0.169785E-12  -0.168691E-11
   0.111730E+05  -0.142963E-11  -0.332390E-13  -0.748401E-12
   0.111740E+05   0.712653E-11   0.357576E-12   0.166784E-11
   0.111750E+05   0.855095E-11   0.423859E-12   0.212128E-11
   0.111760E+05   0.322210E-12   0.440166E-13  -0.827136E-13
   0.111770E+05  -0.660876E-11  -0.280883E-12  -0.193036E-11
   0.111780E+05  -0.311146E-11  -0.127726E-12  -0.905752E-12
   0.111790E+05   0.536307E-11   0.256776E-12   0.149464E-11
   0.111800E+05   0.634290E-11   0.296882E-12   0.184032E-11
   0.111810E+05  -0.230702E-11  -0.112842E-12  -0.455593E-12
   0.111820E+05  -0.941574E-11  -0.461911E-12  -0.231852E-11
   0.111830E+05  -0.606400E-11  -0.333938E-12  -0.129572E-11
   0.111840E+05   0.201518E-11   0.167970E-13   0.102957E-11
   0.111850E+05   0.247212E-11   0.240480E-13   0.125298E-11
   0.111860E+05  -0.640453E-11  -0.398321E-12  -0.109729E-11
   0.111870E+05  -0.132854E-10  -0.735812E-12  -0.289923E-11
   0.111880E+05  -0.960249E-11  -0.591561E-12  -0.179218E-11
   0.111890E+05  -0.150424E-11  -0.240278E-12   0.527814E-12
   0.111900E+05  -0.127017E-11  -0.244102E-12   0.673806E-12
   0.111910E+05  -0.101488E-10  -0.665886E-12  -0.170177E-11
   0.111920E+05  -0.165708E-10  -0.978215E-12  -0.341301E-11
   0.111930E+05  -0.122559E-10  -0.796690E-12  -0.217862E-11
   0.111940E+05  -0.375893E-11  -0.415545E-12   0.195390E-12
   0.111950E+05  -0.333473E-11  -0.397787E-12   0.331692E-12
   0.111960E+05  -0.118415E-10  -0.790133E-12  -0.200735E-11
   0.111970E+05  -0.175272E-10  -0.105721E-11  -0.358455E-11
   0.111980E+05  -0.124088E-10  -0.827439E-12  -0.220070E-11
   0.111990E+05  -0.340678E-11  -0.410919E-12   0.236867E-12
   0.112000E+05  -0.269184E-11  -0.366424E-12   0.373752E-12
   0.112010E+05  -0.106909E-10  -0.720668E-12  -0.190909E-11
   0.112020E+05  -0.154626E-10  -0.929017E-12  -0.332272E-11
   0.112030E+05  -0.933981E-11  -0.634097E-12  -0.175487E-11
   0.112040E+05   0.360103E-12  -0.165260E-12   0.779774E-12
   0.112050E+05   0.151754E-11  -0.809861E-13   0.944118E-12
   0.112060E+05  -0.588100E-11  -0.389630E-12  -0.126524E-11
   0.112070E+05  -0.968203E-11  -0.534012E-12  -0.250304E-11
   0.112080E+05  -0.246827E-11  -0.163429E-12  -0.730035E-12
   0.112090E+05   0.810490E-11   0.379451E-12   0.194536E-11
   0.112100E+05   0.993751E-11   0.533168E-12   0.219912E-11
   0.112110E+05   0.327168E-11   0.292643E-12   0.112324E-12
   0.112120E+05   0.256406E-12   0.207407E-12  -0.958095E-12
   0.112130E+05   0.791760E-11   0.608254E-12   0.924507E-12
   0.112140E+05   0.182853E-10   0.114094E-11   0.356291E-11
   0.112150E+05   0.194371E-10   0.125525E-11   0.367850E-11
   0.112160E+05   0.120480E-10   0.965863E-12   0.147169E-11
   0.112170E+05   0.836780E-11   0.824731E-12   0.329718E-12
   0.112180E+05   0.150678E-10   0.114572E-11   0.209108E-11
   0.112190E+05   0.238949E-10   0.156456E-11   0.447428E-11
   0.112200E+05   0.231721E-10   0.154702E-11   0.425866E-11
   0.112210E+05   0.140880E-10   0.113445E-11   0.177855E-11
   0.112220E+05   0.903503E-11   0.885191E-12   0.457394E-12
   0.112230E+05   0.143082E-10   0.109411E-11   0.202943E-11
   0.112240E+05   0.213139E-10   0.138056E-11   0.411703E-11
   0.112250E+05   0.185734E-10   0.122089E-11   0.354869E-11
   0.112260E+05   0.778232E-11   0.682529E-12   0.791607E-12
   0.112270E+05   0.150725E-11   0.334301E-12  -0.688542E-12
   0.112280E+05   0.570907E-11   0.456963E-12   0.746901E-12
   0.112290E+05   0.114688E-10   0.654989E-12   0.262879E-11
   0.112300E+05   0.747119E-11   0.411604E-12   0.182961E-11
   0.112310E+05  -0.415725E-11  -0.186849E-12  -0.106554E-11
   0.112320E+05  -0.107543E-10  -0.567750E-12  -0.256524E-11
   0.112330E+05  -0.672887E-11  -0.467227E-12  -0.113383E-11
   0.112340E+05  -0.130311E-11  -0.293708E-12   0.673739E-12
   0.112350E+05  -0.557275E-11  -0.552025E-12  -0.212902E-12
   0.112360E+05  -0.169280E-10  -0.113139E-11  -0.307921E-11
   0.112370E+05  -0.225862E-10  -0.145184E-11  -0.440316E-11
   0.112380E+05  -0.173391E-10  -0.126679E-11  -0.275443E-11
   0.112390E+05  -0.107707E-10  -0.100321E-11  -0.783906E-12
   0.112400E+05  -0.138621E-10  -0.116420E-11  -0.152367E-11
   0.112410E+05  -0.236397E-10  -0.162531E-11  -0.415239E-11
   0.112420E+05  -0.272717E-10  -0.180452E-11  -0.513108E-11
   0.112430E+05  -0.199089E-10  -0.146896E-11  -0.312871E-11
   0.112440E+05  -0.114085E-10  -0.105515E-11  -0.871488E-12
   0.112450E+05  -0.125813E-10  -0.105904E-11  -0.133935E-11
   0.112460E+05  -0.201552E-10  -0.134814E-11  -0.361618E-11
   0.112470E+05  -0.214222E-10  -0.135414E-11  -0.418166E-11
   0.112480E+05  -0.120651E-10  -0.874189E-12  -0.183955E-11
   0.112490E+05  -0.227142E-11  -0.360681E-12   0.597145E-12
   0.112500E+05  -0.259811E-11  -0.295389E-12   0.217780E-12
   0.112510E+05  -0.931832E-11  -0.523116E-12  -0.193635E-11
   0.112520E+05  -0.970996E-11  -0.475818E-12  -0.233813E-11
   0.112530E+05   0.941304E-13   0.266181E-13   0.878596E-13
   0.112540E+05   0.962255E-11   0.518751E-12   0.244958E-11
   0.112550E+05   0.862200E-11   0.535910E-12   0.191418E-11
   0.112560E+05   0.134025E-11   0.261420E-12  -0.340956E-12
   0.112570E+05   0.578071E-12   0.269144E-12  -0.771846E-12
   0.112580E+05   0.978754E-11   0.719484E-12   0.158117E-11
   0.112590E+05   0.182048E-10   0.113200E-11   0.374487E-11
   0.112600E+05   0.158387E-10   0.105404E-11   0.295594E-11
   0.112610E+05   0.741622E-11   0.692972E-12   0.518782E-12
   0.112620E+05   0.580816E-11   0.628442E-12  -0.854885E-14
   0.112630E+05   0.140809E-10   0.100454E-11   0.222388E-11
   0.112640E+05   0.212127E-10   0.132894E-11   0.417019E-11
   0.112650E+05   0.174687E-10   0.116012E-11   0.313714E-11
   0.112660E+05   0.799546E-11   0.724153E-12   0.544395E-12
   0.112670E+05   0.565489E-11   0.599758E-12  -0.526732E-13
   0.112680E+05   0.130815E-10   0.910596E-12   0.207646E-11
   0.112690E+05   0.190023E-10   0.115253E-11   0.381552E-11
   0.112700E+05   0.139764E-10   0.898164E-12   0.254986E-11
   0.112710E+05   0.360574E-11   0.395952E-12  -0.178552E-12
   0.112720E+05   0.769498E-12   0.226977E-12  -0.812847E-12
   0.112730E+05   0.769631E-11   0.497221E-12   0.126287E-11
   0.112740E+05   0.128855E-10   0.692386E-12   0.286751E-11
   0.112750E+05   0.718995E-11   0.398558E-12   0.146598E-11
   0.112760E+05  -0.336942E-11  -0.116561E-12  -0.128484E-11
   0.112770E+05  -0.594604E-11  -0.273254E-12  -0.183712E-11
   0.112780E+05   0.125898E-11   0.152721E-13   0.306399E-12
   0.112790E+05   0.653181E-11   0.226070E-12   0.190520E-11
   0.112800E+05   0.103549E-11  -0.394513E-13   0.509845E-12
   0.112810E+05  -0.882266E-11  -0.496445E-12  -0.211307E-11
   0.112820E+05  -0.103273E-10  -0.574689E-12  -0.244449E-11
   0.112830E+05  -0.223739E-11  -0.218448E-12  -0.131479E-12
   0.112840E+05   0.342050E-11   0.304804E-13   0.150693E-11
   0.112850E+05  -0.190831E-11  -0.214555E-12   0.102014E-12
   0.112860E+05  -0.113776E-10  -0.646319E-12  -0.245991E-11
   0.112870E+05  -0.122900E-10  -0.692561E-12  -0.266720E-11
   0.112880E+05  -0.382899E-11  -0.315881E-12  -0.285285E-12
   0.112890E+05   0.177261E-11  -0.679161E-13   0.130944E-11
   0.112900E+05  -0.371236E-11  -0.320297E-12  -0.162488E-12
   0.112910E+05  -0.130111E-10  -0.744897E-12  -0.269920E-11
   0.112920E+05  -0.134777E-10  -0.770288E-12  -0.280520E-11
   0.112930E+05  -0.473934E-11  -0.379276E-12  -0.368802E-12
   0.112940E+05   0.762906E-12  -0.134284E-12   0.117664E-11
   0.112950E+05  -0.487663E-11  -0.393196E-12  -0.359694E-12
   0.112960E+05  -0.139804E-10  -0.808861E-12  -0.286547E-11
   0.112970E+05  -0.139738E-10  -0.811777E-12  -0.286638E-11
   0.112980E+05  -0.492105E-11  -0.403980E-12  -0.372155E-12
   0.112990E+05   0.557437E-12  -0.156310E-12   0.113433E-11
   0.113000E+05  -0.510542E-11  -0.411507E-12  -0.444166E-12
   0.113010E+05  -0.138468E-10  -0.804723E-12  -0.288880E-11
   0.113020E+05  -0.132080E-10  -0.771802E-12  -0.275639E-11
   0.113030E+05  -0.372599E-11  -0.337337E-12  -0.185445E-12
   0.113040E+05   0.179125E-11  -0.820873E-13   0.129092E-11
   0.113050E+05  -0.387429E-11  -0.333248E-12  -0.328139E-12
   0.113060E+05  -0.122612E-10  -0.706661E-12  -0.271525E-11
   0.113070E+05  -0.110087E-10  -0.641090E-12  -0.245598E-11
   0.113080E+05  -0.109380E-11  -0.180478E-12   0.188742E-12
   0.113090E+05   0.453051E-11   0.878477E-13   0.164512E-11
   0.113100E+05  -0.976524E-12  -0.145593E-12   0.150799E-13
   0.113110E+05  -0.876139E-11  -0.477548E-12  -0.226729E-11
   0.113120E+05  -0.659748E-11  -0.352319E-12  -0.182452E-11
   0.113130E+05   0.405476E-11   0.162944E-12   0.951675E-12
   0.113140E+05   0.100639E-10   0.470811E-12   0.244204E-11
   0.113150E+05   0.494269E-11   0.277363E-12   0.848620E-12
   0.113160E+05  -0.208343E-11   0.416751E-14  -0.129085E-11
   0.113170E+05   0.105459E-11   0.200585E-12  -0.640244E-12
   0.113180E+05   0.123755E-10   0.773137E-12   0.227132E-11
   0.113190E+05   0.185053E-10   0.110749E-11   0.376744E-11
   0.113200E+05   0.132268E-10   0.916606E-12   0.213383E-11
   0.113210E+05   0.607786E-11   0.634728E-12  -0.152811E-14
   0.113220E+05   0.898969E-11   0.807088E-12   0.658103E-12
   0.113230E+05   0.195725E-10   0.132414E-11   0.346757E-11
   0.113240E+05   0.243626E-10   0.156784E-11   0.472361E-11
   0.113250E+05   0.175309E-10   0.126785E-11   0.281783E-11
   0.113260E+05   0.898057E-11   0.875482E-12   0.475965E-12
   0.113270E+05   0.105304E-10   0.933923E-12   0.957015E-12
   0.113280E+05   0.194319E-10   0.132146E-11   0.350797E-11
   0.113290E+05   0.222072E-10   0.142224E-11   0.441375E-11
   0.113300E+05   0.134649E-10   0.986569E-12   0.218167E-11
   0.113310E+05   0.345502E-11   0.481276E-12  -0.369757E-12
   0.113320E+05   0.381100E-11   0.441182E-12  -0.351671E-13
   0.113330E+05   0.113560E-10   0.725739E-12   0.231074E-11
   0.113340E+05   0.125695E-10   0.718037E-12   0.293700E-11
   0.113350E+05   0.250163E-11   0.189376E-12   0.468935E-12
   0.113360E+05  -0.824749E-11  -0.376587E-12  -0.218122E-11
   0.113370E+05  -0.824161E-11  -0.453372E-12  -0.186427E-11
   0.113380E+05  -0.110424E-11  -0.201732E-12   0.420758E-12
   0.113390E+05  -0.409272E-12  -0.241039E-12   0.926815E-12
   0.113400E+05  -0.106689E-10  -0.779471E-12  -0.160232E-11
   0.113410E+05  -0.209407E-10  -0.131641E-11  -0.416229E-11
   0.113420E+05  -0.200025E-10  -0.133422E-11  -0.366368E-11
   0.113430E+05  -0.119513E-10  -0.101597E-11  -0.123397E-11
   0.113440E+05  -0.104501E-10  -0.987097E-12  -0.640954E-12
   0.113450E+05  -0.196144E-10  -0.143882E-11  -0.302851E-11
   0.113460E+05  -0.281921E-10  -0.185560E-11  -0.530630E-11
   0.113470E+05  -0.251930E-10  -0.172908E-11  -0.444826E-11
   0.113480E+05  -0.152006E-10  -0.126568E-11  -0.171197E-11
   0.113490E+05  -0.120008E-10  -0.110045E-11  -0.890706E-12
   0.113500E+05  -0.193687E-10  -0.141301E-11  -0.302579E-11
   0.113510E+05  -0.257870E-10  -0.167587E-11  -0.494925E-11
   0.113520E+05  -0.204859E-10  -0.138755E-11  -0.369570E-11
   0.113530E+05  -0.847903E-11  -0.771935E-12  -0.640053E-12
   0.113540E+05  -0.364336E-11  -0.471231E-12   0.406982E-12
   0.113550E+05  -0.947252E-11  -0.659473E-12  -0.150488E-11
   0.113560E+05  -0.143120E-10  -0.809348E-12  -0.315745E-11
   0.113570E+05  -0.770772E-11  -0.435168E-12  -0.166727E-11
   0.113580E+05   0.492502E-11   0.223707E-12   0.147823E-11
   0.113590E+05   0.976073E-11   0.530206E-12   0.247945E-11
   0.113600E+05   0.374978E-11   0.330349E-12   0.508572E-12
   0.113610E+05  -0.121712E-11   0.160331E-12  -0.114927E-11
   0.113620E+05   0.503530E-11   0.493055E-12   0.311331E-12
   0.113630E+05   0.167269E-10   0.107588E-11   0.329563E-11
   0.113640E+05   0.201604E-10   0.128249E-11   0.402981E-11
   0.113650E+05   0.128192E-10   0.986584E-12   0.182545E-11
   0.113660E+05   0.687265E-11   0.737494E-12   0.412910E-13
   0.113670E+05   0.121846E-10   0.992570E-12   0.139646E-11
   0.113680E+05   0.225280E-10   0.147758E-11   0.417235E-11
   0.113690E+05   0.242512E-10   0.156826E-11   0.460549E-11
   0.113700E+05   0.153240E-10   0.116133E-11   0.213816E-11
   0.113710E+05   0.818980E-11   0.819832E-12   0.201532E-12
   0.113720E+05   0.124265E-10   0.988978E-12   0.143336E-11
   0.113730E+05   0.213897E-10   0.137584E-11   0.399808E-11
   0.113740E+05   0.214814E-10   0.135826E-11   0.414565E-11
   0.113750E+05   0.111338E-10   0.853533E-12   0.144465E-11
   0.113760E+05   0.302843E-11   0.435372E-12  -0.609919E-12
   0.113770E+05   0.644080E-11   0.535803E-12   0.533723E-12
   0.113780E+05   0.143305E-10   0.844879E-12   0.292761E-11
   0.113790E+05   0.131995E-10   0.746263E-12   0.284573E-11
   0.113800E+05   0.198708E-11   0.182070E-12  -0.727454E-14
   0.113810E+05  -0.635837E-11  -0.259507E-12  -0.206713E-11
   0.113820E+05  -0.285591E-11  -0.157964E-12  -0.866739E-12
   0.113830E+05   0.503021E-11   0.157065E-12   0.152902E-11
   0.113840E+05   0.381895E-11   0.666264E-13   0.140344E-11
   0.113850E+05  -0.716759E-11  -0.474068E-12  -0.142670E-11
   0.113860E+05  -0.148164E-10  -0.870889E-12  -0.334815E-11
   0.113870E+05  -0.104472E-10  -0.714093E-12  -0.197905E-11
   0.113880E+05  -0.185460E-11  -0.343516E-12   0.519865E-12
   0.113890E+05  -0.239972E-11  -0.370869E-12   0.464743E-12
   0.113900E+05  -0.123748E-10  -0.827188E-12  -0.221352E-11
   0.113910E+05  -0.186221E-10  -0.112301E-11  -0.387751E-11
   0.113920E+05  -0.129156E-10  -0.873550E-12  -0.226246E-11
   0.113930E+05  -0.345245E-11  -0.436246E-12   0.360828E-12
   0.113940E+05  -0.343034E-11  -0.412250E-12   0.351167E-12
   0.113950E+05  -0.126639E-10  -0.810142E-12  -0.222774E-11
   0.113960E+05  -0.178963E-10  -0.103932E-11  -0.370470E-11
   0.113970E+05  -0.113581E-10  -0.740030E-12  -0.193421E-11
   0.113980E+05  -0.165381E-11  -0.288759E-12   0.701120E-12
   0.113990E+05  -0.176621E-11  -0.272638E-12   0.612917E-12
   0.114000E+05  -0.109232E-10  -0.667997E-12  -0.198144E-11
   0.114010E+05  -0.156580E-10  -0.872136E-12  -0.335676E-11
   0.114020E+05  -0.860952E-11  -0.545412E-12  -0.147851E-11
   0.114030E+05   0.117323E-11  -0.876344E-13   0.115143E-11
   0.114040E+05   0.827730E-12  -0.820792E-13   0.979048E-12
   0.114050E+05  -0.838010E-11  -0.481975E-12  -0.164349E-11
   0.114060E+05  -0.128107E-10  -0.675283E-12  -0.294543E-11
   0.114070E+05  -0.547717E-11  -0.338478E-12  -0.996767E-12
   0.114080E+05   0.419575E-11   0.111750E-12   0.159638E-11
   0.114090E+05   0.350999E-11   0.996625E-13   0.132495E-11
   0.114100E+05  -0.578814E-11  -0.306151E-12  -0.132662E-11
   0.114110E+05  -0.993810E-11  -0.488646E-12  -0.255382E-11
   0.114120E+05  -0.236776E-11  -0.144016E-12  -0.540593E-12
   0.114130E+05   0.712505E-11   0.293769E-12   0.200351E-11
   0.114140E+05   0.604463E-11   0.259275E-12   0.162298E-11
   0.114150E+05  -0.333552E-11  -0.152547E-12  -0.105583E-11
   0.114160E+05  -0.709213E-11  -0.314670E-12  -0.218707E-11
   0.114170E+05   0.963793E-12   0.607430E-13  -0.625401E-13
   0.114180E+05   0.106626E-10   0.522264E-12   0.250614E-11
   0.114190E+05   0.964863E-11   0.508154E-12   0.210599E-11
   0.114200E+05   0.594737E-12   0.127636E-12  -0.520048E-12
   0.114210E+05  -0.254531E-11   0.609422E-14  -0.151192E-11
   0.114220E+05   0.598852E-11   0.411933E-12   0.721806E-12
   0.114230E+05   0.157322E-10   0.883836E-12   0.328509E-11
   0.114240E+05   0.146070E-10   0.876790E-12   0.283761E-11
   0.114250E+05   0.576272E-11   0.522298E-12   0.255538E-12
   0.114260E+05   0.313096E-11   0.440001E-12  -0.598308E-12
   0.114270E+05   0.118940E-10   0.864770E-12   0.171958E-11
   0.114280E+05   0.211533E-10   0.131087E-11   0.420017E-11
   0.114290E+05   0.190636E-10   0.124447E-11   0.356693E-11
   0.114300E+05   0.931992E-11   0.825455E-12   0.841786E-12
   0.114310E+05   0.596293E-11   0.680587E-12  -0.856306E-13
   0.114320E+05   0.137279E-10   0.102353E-11   0.210451E-11
   0.114330E+05   0.213759E-10   0.135177E-11   0.430816E-11
   0.114340E+05   0.173544E-10   0.114669E-11   0.332369E-11
   0.114350E+05   0.595234E-11   0.600451E-12   0.326650E-12
   0.114360E+05   0.137438E-11   0.352504E-12  -0.757864E-12
   0.114370E+05   0.795953E-11   0.600226E-12   0.127517E-11
   0.114380E+05   0.141370E-10   0.824352E-12   0.322875E-11
   0.114390E+05   0.858512E-11   0.514572E-12   0.196442E-11
   0.114400E+05  -0.392614E-11  -0.115433E-12  -0.121164E-11
   0.114410E+05  -0.912227E-11  -0.421631E-12  -0.235874E-11
   0.114420E+05  -0.307331E-11  -0.223351E-12  -0.388948E-12
   0.114430E+05   0.238789E-11  -0.498852E-13   0.142406E-11
   0.114440E+05  -0.374342E-11  -0.395019E-12   0.248196E-13
   0.114450E+05  -0.161897E-10  -0.102022E-11  -0.314335E-11
   0.114460E+05  -0.206655E-10  -0.128118E-11  -0.413617E-11
   0.114470E+05  -0.137614E-10  -0.102379E-11  -0.200465E-11
   0.114480E+05  -0.768314E-11  -0.798145E-12  -0.119537E-12
   0.114490E+05  -0.131924E-10  -0.108878E-11  -0.146582E-11
   0.114500E+05  -0.245254E-10  -0.163361E-11  -0.446639E-11
   0.114510E+05  -0.273540E-10  -0.178353E-11  -0.516690E-11
   0.114520E+05  -0.187233E-10  -0.140386E-11  -0.274357E-11
   0.114530E+05  -0.111604E-10  -0.106079E-11  -0.652073E-12
   0.114540E+05  -0.152005E-10  -0.123166E-11  -0.180865E-11
   0.114550E+05  -0.246891E-10  -0.163965E-11  -0.452156E-11
   0.114560E+05  -0.253744E-10  -0.164136E-11  -0.485144E-11
   0.114570E+05  -0.148137E-10  -0.112665E-11  -0.211147E-11
   0.114580E+05  -0.580916E-11  -0.673706E-12   0.168716E-12
   0.114590E+05  -0.855334E-11  -0.741734E-12  -0.832980E-12
   0.114600E+05  -0.163983E-10  -0.102855E-11  -0.328877E-11
   0.114610E+05  -0.151468E-10  -0.893216E-12  -0.327037E-11
   0.114620E+05  -0.294123E-11  -0.256748E-12  -0.242903E-12
   0.114630E+05   0.701299E-11   0.277292E-12   0.216448E-11
   0.114640E+05   0.474548E-11   0.254960E-12   0.119929E-11
   0.114650E+05  -0.265378E-11  -0.149975E-14  -0.118665E-11
   0.114660E+05  -0.990890E-12   0.151622E-12  -0.106830E-11
   0.114670E+05   0.111437E-10   0.774943E-12   0.196321E-11
   0.114680E+05   0.203009E-10   0.125343E-11   0.421072E-11
   0.114690E+05   0.168496E-10   0.114804E-11   0.301401E-11
   0.114700E+05   0.837989E-11   0.805922E-12   0.457971E-12
   0.114710E+05   0.911578E-11   0.876734E-12   0.468003E-12
   0.114720E+05   0.200626E-10   0.140648E-11   0.333399E-11
   0.114730E+05   0.275686E-10   0.177142E-11   0.529912E-11
   0.114740E+05   0.223321E-10   0.154547E-11   0.379367E-11
   0.114750E+05   0.123635E-10   0.109303E-11   0.101852E-11
   0.114760E+05   0.118133E-10   0.106040E-11   0.876830E-12
   0.114770E+05   0.212296E-10   0.147404E-11   0.352847E-11
   0.114780E+05   0.267874E-10   0.170370E-11   0.516422E-11
   0.114790E+05   0.195880E-10   0.134290E-11   0.332106E-11
   0.114800E+05   0.811536E-11   0.778980E-12   0.326525E-12
   0.114810E+05   0.644929E-11   0.656067E-12   0.610444E-13
   0.114820E+05   0.146501E-10   0.978320E-12   0.254803E-11
   0.114830E+05   0.186877E-10   0.110515E-11   0.392047E-11
   0.114840E+05   0.100507E-10   0.647548E-12   0.181994E-11
   0.114850E+05  -0.230098E-11   0.165418E-13  -0.129924E-11
   0.114860E+05  -0.434170E-11  -0.143140E-12  -0.157657E-11
   0.114870E+05   0.352335E-11   0.153035E-12   0.880013E-12
   0.114880E+05   0.706302E-11   0.254194E-12   0.214859E-11
   0.114890E+05  -0.188545E-11  -0.215106E-12  -0.307536E-13
   0.114900E+05  -0.139655E-10  -0.827060E-12  -0.309267E-11
   0.114910E+05  -0.152873E-10  -0.943131E-12  -0.321389E-11
   0.114920E+05  -0.676568E-11  -0.602234E-12  -0.642107E-12
   0.114930E+05  -0.282361E-11  -0.465016E-12   0.649698E-12
   0.114940E+05  -0.112278E-10  -0.888756E-12  -0.148813E-11
   0.114950E+05  -0.221597E-10  -0.142134E-11  -0.436493E-11
   0.114960E+05  -0.218027E-10  -0.142262E-11  -0.418135E-11
   0.114970E+05  -0.115560E-10  -0.951734E-12  -0.131834E-11
   0.114980E+05  -0.610112E-11  -0.685740E-12   0.188981E-12
   0.114990E+05  -0.129889E-10  -0.981345E-12  -0.173356E-11
   0.115000E+05  -0.221728E-10  -0.138404E-11  -0.431751E-11
   0.115010E+05  -0.200727E-10  -0.126681E-11  -0.382126E-11
   0.115020E+05  -0.856676E-11  -0.708335E-12  -0.757816E-12
   0.115030E+05  -0.243401E-11  -0.387537E-12   0.808924E-12
   0.115040E+05  -0.880434E-11  -0.641801E-12  -0.107854E-11
   0.115050E+05  -0.172613E-10  -0.100078E-11  -0.354755E-11
   0.115060E+05  -0.144007E-10  -0.844857E-12  -0.290522E-11
   0.115070E+05  -0.254990E-11  -0.270245E-12   0.207401E-12
   0.115080E+05   0.345400E-11   0.444743E-13   0.170520E-11
   0.115090E+05  -0.306406E-11  -0.216637E-12  -0.246327E-12
   0.115100E+05  -0.113278E-10  -0.568394E-12  -0.267421E-11
   0.115110E+05  -0.816680E-11  -0.403693E-12  -0.194805E-11
   0.115120E+05   0.357990E-11   0.157411E-12   0.114992E-11
   0.115130E+05   0.899513E-11   0.433632E-12   0.250992E-11
   0.115140E+05   0.188384E-11   0.132444E-12   0.426342E-12
   0.115150E+05  -0.657275E-11  -0.241130E-12  -0.201893E-11
   0.115160E+05  -0.340231E-11  -0.881747E-13  -0.125181E-11
   0.115170E+05   0.805663E-11   0.448614E-12   0.180684E-11
   0.115180E+05   0.127968E-10   0.683403E-12   0.302178E-11
   0.115190E+05   0.507979E-11   0.344322E-12   0.812214E-12
   0.115200E+05  -0.352731E-11  -0.450665E-13  -0.163575E-11
   0.115210E+05  -0.250493E-12   0.106852E-12  -0.805445E-12
   0.115220E+05   0.110861E-10   0.636172E-12   0.224693E-11
   0.115230E+05   0.153843E-10   0.851854E-12   0.336227E-11
   0.115240E+05   0.732477E-11   0.498877E-12   0.107834E-11
   0.115250E+05  -0.120084E-11   0.114289E-12  -0.132718E-11
   0.115260E+05   0.234003E-11   0.279233E-12  -0.404526E-12
   0.115270E+05   0.136356E-10   0.808411E-12   0.265465E-11
   0.115280E+05   0.175155E-10   0.100660E-11   0.367264E-11
   0.115290E+05   0.908575E-11   0.635941E-12   0.130792E-11
   0.115300E+05   0.559959E-12   0.247585E-12  -0.107109E-11
   0.115310E+05   0.425614E-11   0.415950E-12  -0.764929E-13
   0.115320E+05   0.154440E-10   0.941263E-12   0.297954E-11
   0.115330E+05   0.189364E-10   0.112882E-11   0.391365E-11
   0.115340E+05   0.102245E-10   0.753670E-12   0.149756E-11
   0.115350E+05   0.169387E-11   0.366997E-12  -0.841250E-12
   0.115360E+05   0.527914E-11   0.520668E-12   0.187241E-12
   0.115370E+05   0.157680E-10   0.993839E-12   0.313707E-11
   0.115380E+05   0.180448E-10   0.109969E-11   0.383774E-11
   0.115390E+05   0.815775E-11   0.642089E-12   0.120897E-11
   0.115400E+05  -0.118764E-11   0.186734E-12  -0.123477E-11
   0.115410E+05   0.162924E-11   0.269728E-12  -0.289855E-12
   0.115420E+05   0.109307E-10   0.649755E-12   0.246581E-11
   0.115430E+05   0.116862E-10   0.647541E-12   0.287708E-11
   0.115440E+05   0.529443E-12   0.975959E-13   0.166454E-13
   0.115450E+05  -0.949148E-11  -0.417359E-12  -0.251111E-11
   0.115460E+05  -0.707302E-11  -0.376619E-12  -0.159094E-11
   0.115470E+05   0.161560E-11  -0.446653E-13   0.106243E-11
   0.115480E+05   0.159716E-11  -0.970073E-13   0.130438E-11
   0.115490E+05  -0.993542E-11  -0.671009E-12  -0.164347E-11
   0.115500E+05  -0.196139E-10  -0.116779E-11  -0.409110E-11
   0.115510E+05  -0.164799E-10  -0.108326E-11  -0.301680E-11
   0.115520E+05  -0.723888E-11  -0.708752E-12  -0.278954E-12
   0.115530E+05  -0.687875E-11  -0.722218E-12  -0.213798E-13
   0.115540E+05  -0.177152E-10  -0.123904E-11  -0.288531E-11
   0.115550E+05  -0.261025E-10  -0.164706E-11  -0.510367E-11
   0.115560E+05  -0.214262E-10  -0.145764E-11  -0.374846E-11
   0.115570E+05  -0.109017E-10  -0.986401E-12  -0.815435E-12
   0.115580E+05  -0.951866E-11  -0.913576E-12  -0.444050E-12
   0.115590E+05  -0.191340E-10  -0.133571E-11  -0.314399E-11
   0.115600E+05  -0.258676E-10  -0.163066E-11  -0.508057E-11
   0.115610E+05  -0.194506E-10  -0.132453E-11  -0.342064E-11
   0.115620E+05  -0.755405E-11  -0.752420E-12  -0.286141E-12
   0.115630E+05  -0.511354E-11  -0.592415E-12   0.200262E-12
   0.115640E+05  -0.135294E-10  -0.922777E-12  -0.233986E-11
   0.115650E+05  -0.187428E-10  -0.111596E-11  -0.401652E-11
   0.115660E+05  -0.108637E-10  -0.715192E-12  -0.209881E-11
   0.115670E+05   0.203171E-11  -0.702220E-13   0.117640E-11
   0.115680E+05   0.516543E-11   0.152406E-12   0.172613E-11
   0.115690E+05  -0.235453E-11  -0.102316E-12  -0.685603E-12
   0.115700E+05  -0.636646E-11  -0.207978E-12  -0.212992E-11
   0.115710E+05   0.247193E-11   0.259144E-12  -0.140196E-13
   0.115720E+05   0.155325E-10   0.919756E-12   0.328040E-11
   0.115730E+05   0.181715E-10   0.111528E-11   0.370574E-11
   0.115740E+05   0.101113E-10   0.823658E-12   0.118943E-11
   0.115750E+05   0.577628E-11   0.685997E-12  -0.270442E-12
   0.115760E+05   0.140879E-10   0.110532E-11   0.180434E-11
   0.115770E+05   0.259229E-10   0.167705E-11   0.489751E-11
   0.115780E+05   0.267778E-10   0.174930E-11   0.499739E-11
   0.115790E+05   0.169913E-10   0.133212E-11   0.219359E-11
   0.115800E+05   0.112820E-10   0.108438E-11   0.556950E-12
   0.115810E+05   0.182040E-10   0.139370E-11   0.245986E-11
   0.115820E+05   0.281773E-10   0.183304E-11   0.525888E-11
   0.115830E+05   0.268265E-10   0.175474E-11   0.497623E-11
   0.115840E+05   0.150489E-10   0.119489E-11   0.185150E-11
   0.115850E+05   0.780254E-11   0.825552E-12   0.156792E-13
   0.115860E+05   0.132746E-10   0.101953E-11   0.173440E-11
   0.115870E+05   0.214850E-10   0.133256E-11   0.424961E-11
   0.115880E+05   0.182507E-10   0.112686E-11   0.363244E-11
   0.115890E+05   0.504659E-11   0.466718E-12   0.277289E-12
   0.115900E+05  -0.296490E-11   0.351594E-13  -0.163220E-11
   0.115910E+05   0.197576E-11   0.185335E-12   0.504680E-13
   0.115920E+05   0.942921E-11   0.449878E-12   0.244196E-11
   0.115930E+05   0.534657E-11   0.194634E-12   0.165255E-11
   0.115940E+05  -0.827861E-11  -0.493294E-12  -0.177964E-11
   0.115950E+05  -0.161151E-10  -0.922132E-12  -0.362599E-11
   0.115960E+05  -0.108081E-10  -0.755248E-12  -0.185460E-11
   0.115970E+05  -0.317854E-11  -0.475811E-12   0.543004E-12
   0.115980E+05  -0.706600E-11  -0.707655E-12  -0.266694E-12
   0.115990E+05  -0.199480E-10  -0.133966E-11  -0.359913E-11
   0.116000E+05  -0.263830E-10  -0.167571E-11  -0.519308E-11
   0.116010E+05  -0.194891E-10  -0.140130E-11  -0.314491E-11
   0.116020E+05  -0.104902E-10  -0.101723E-11  -0.556314E-12
   0.116030E+05  -0.129972E-10  -0.113505E-11  -0.119726E-11
   0.116040E+05  -0.239622E-10  -0.161882E-11  -0.423505E-11
   0.116050E+05  -0.279157E-10  -0.177416E-11  -0.539152E-11
   0.116060E+05  -0.186019E-10  -0.132217E-11  -0.292158E-11
   0.116070E+05  -0.780566E-11  -0.796924E-12  -0.677438E-13
   0.116080E+05  -0.899730E-11  -0.807078E-12  -0.553113E-12
   0.116090E+05  -0.185835E-10  -0.119006E-11  -0.339309E-11
   0.116100E+05  -0.209518E-10  -0.124143E-11  -0.427121E-11
   0.116110E+05  -0.103204E-10  -0.703132E-12  -0.157166E-11
   0.116120E+05   0.108698E-11  -0.131933E-12   0.134630E-11
   0.116130E+05  -0.469058E-14  -0.130205E-12   0.816675E-12
   0.116140E+05  -0.944838E-11  -0.509058E-12  -0.202496E-11
   0.116150E+05  -0.114695E-10  -0.552298E-12  -0.282348E-11
   0.116160E+05  -0.691810E-12  -0.164619E-13  -0.810839E-13
   0.116170E+05   0.103122E-10   0.526445E-12   0.274401E-11
   0.116180E+05   0.850669E-11   0.483151E-12   0.205183E-11
   0.116190E+05  -0.144911E-11   0.644654E-13  -0.880653E-12
   0.116200E+05  -0.370571E-11  -0.961069E-14  -0.167953E-11
   0.116210E+05   0.665541E-11   0.484978E-12   0.102326E-11
   0.116220E+05   0.167413E-10   0.963036E-12   0.367707E-11
   0.116230E+05   0.138342E-10   0.847370E-12   0.276557E-11
   0.116240E+05   0.316991E-11   0.377329E-12  -0.279402E-12
   0.116250E+05   0.680360E-12   0.278702E-12  -0.106427E-11
   0.116260E+05   0.107802E-10   0.752375E-12   0.163984E-11
   0.116270E+05   0.201770E-10   0.119186E-11   0.417527E-11
   0.116280E+05   0.163759E-10   0.102618E-11   0.309165E-11
   0.116290E+05   0.510206E-11   0.515128E-12  -0.418314E-13
   0.116300E+05   0.233057E-11   0.387580E-12  -0.820829E-12
   0.116310E+05   0.120136E-10   0.825833E-12   0.185251E-11
   0.116320E+05   0.205637E-10   0.121166E-11   0.423589E-11
   0.116330E+05   0.158091E-10   0.989145E-12   0.296631E-11
   0.116340E+05   0.399126E-11   0.441183E-12  -0.244708E-12
   0.116350E+05   0.107793E-11   0.295602E-12  -0.994102E-12
   0.116360E+05   0.104858E-10   0.709233E-12   0.166919E-11
   0.116370E+05   0.183020E-10   0.104836E-11   0.391291E-11
   0.116380E+05   0.127102E-10   0.774608E-12   0.246952E-11
   0.116390E+05   0.537995E-12   0.201357E-12  -0.792464E-12
   0.116400E+05  -0.219768E-11   0.623580E-13  -0.145995E-11
   0.116410E+05   0.738391E-11   0.489804E-12   0.127184E-11
   0.116420E+05   0.149629E-10   0.826229E-12   0.346597E-11
   0.116430E+05   0.893304E-11   0.536112E-12   0.192240E-11
   0.116440E+05  -0.343467E-11  -0.502155E-13  -0.136259E-11
   0.116450E+05  -0.612912E-11  -0.197476E-12  -0.197844E-11
   0.116460E+05   0.326306E-11   0.208773E-12   0.746622E-12
   0.116470E+05   0.101561E-10   0.499952E-12   0.280009E-11
   0.116480E+05   0.326973E-11   0.153302E-12   0.107295E-11
   0.116490E+05  -0.964220E-11  -0.480496E-12  -0.230462E-11
   0.116500E+05  -0.125692E-10  -0.663934E-12  -0.292653E-11
   0.116510E+05  -0.351509E-11  -0.295807E-12  -0.245647E-12
   0.116520E+05   0.278035E-11  -0.461427E-13   0.167293E-11
   0.116530E+05  -0.453851E-11  -0.416350E-12  -0.168133E-12
   0.116540E+05  -0.172453E-10  -0.103606E-11  -0.350728E-11
   0.116550E+05  -0.194667E-10  -0.117759E-11  -0.397145E-11
   0.116560E+05  -0.980709E-11  -0.769985E-12  -0.117471E-11
   0.116570E+05  -0.328457E-11  -0.496924E-12   0.742524E-12
   0.116580E+05  -0.103463E-10  -0.840005E-12  -0.110592E-11
   0.116590E+05  -0.222285E-10  -0.140180E-11  -0.431287E-11
   0.116600E+05  -0.231167E-10  -0.145526E-11  -0.452246E-11
   0.116610E+05  -0.121858E-10  -0.956073E-12  -0.150317E-11
   0.116620E+05  -0.477892E-11  -0.606539E-12   0.521731E-12
   0.116630E+05  -0.110429E-10  -0.879448E-12  -0.124325E-11
   0.116640E+05  -0.217878E-10  -0.136067E-11  -0.426829E-11
   0.116650E+05  -0.213006E-10  -0.132700E-11  -0.422481E-11
   0.116660E+05  -0.926688E-11  -0.754838E-12  -0.102409E-11
   0.116670E+05  -0.123036E-11  -0.353982E-12   0.105404E-11
   0.116680E+05  -0.692828E-11  -0.578639E-12  -0.672270E-12
   0.116690E+05  -0.167074E-10  -0.994117E-12  -0.354393E-11
   0.116700E+05  -0.149841E-10  -0.883056E-12  -0.326723E-11
   0.116710E+05  -0.200259E-11  -0.247352E-12   0.931789E-13
   0.116720E+05   0.645953E-11   0.191320E-12   0.219466E-11
   0.116730E+05   0.106145E-11  -0.473292E-14   0.467115E-12
   0.116740E+05  -0.806918E-11  -0.378613E-12  -0.229916E-11
   0.116750E+05  -0.543270E-11  -0.213067E-12  -0.183667E-11
   0.116760E+05   0.823722E-11   0.471814E-12   0.165137E-11
   0.116770E+05   0.169640E-10   0.945452E-12   0.376885E-11
   0.116780E+05   0.117389E-10   0.780038E-12   0.204591E-11
   0.116790E+05   0.299999E-11   0.439346E-12  -0.629757E-12
   0.116800E+05   0.599076E-11   0.624733E-12  -0.532592E-13
   0.116810E+05   0.194202E-10   0.129135E-11   0.341945E-11
   0.116820E+05   0.271833E-10   0.170544E-11   0.535394E-11
   0.116830E+05   0.207429E-10   0.146150E-11   0.340887E-11
   0.116840E+05   0.109604E-10   0.104091E-11   0.590092E-12
   0.116850E+05   0.128814E-10   0.113474E-11   0.104821E-11
   0.116860E+05   0.247048E-10   0.167689E-11   0.428160E-11
   0.116870E+05   0.302789E-10   0.193631E-11   0.583301E-11
   0.116880E+05   0.216401E-10   0.153814E-11   0.350920E-11
   0.116890E+05   0.101395E-10   0.987517E-12   0.445156E-12
   0.116900E+05   0.106178E-10   0.964846E-12   0.733116E-12
   0.116910E+05   0.207034E-10   0.137654E-11   0.371255E-11
   0.116920E+05   0.241361E-10   0.148724E-11   0.489186E-11
   0.116930E+05   0.135053E-10   0.950279E-12   0.222293E-11
   0.116940E+05   0.676531E-12   0.297931E-12  -0.102499E-11
   0.116950E+05   0.326554E-12   0.205469E-12  -0.809732E-12
   0.116960E+05   0.952367E-11   0.553497E-12   0.205277E-11
   0.116970E+05   0.118431E-10   0.596578E-12   0.302780E-11
   0.116980E+05   0.307260E-12   0.448820E-14   0.189862E-12
   0.116990E+05  -0.128315E-10  -0.674772E-12  -0.308349E-11
   0.117000E+05  -0.131202E-10  -0.775741E-12  -0.281328E-11
   0.117010E+05  -0.400900E-11  -0.439372E-12   0.381827E-13
   0.117020E+05  -0.197976E-11  -0.411461E-12   0.916720E-12
   0.117030E+05  -0.134764E-10  -0.996201E-12  -0.195855E-11
   0.117040E+05  -0.258102E-10  -0.162415E-11  -0.509197E-11
   0.117050E+05  -0.247513E-10  -0.163831E-11  -0.456811E-11
   0.117060E+05  -0.143006E-10  -0.120410E-11  -0.150162E-11
   0.117070E+05  -0.110743E-10  -0.107564E-11  -0.479396E-12
   0.117080E+05  -0.211152E-10  -0.154386E-11  -0.316258E-11
   0.117090E+05  -0.314471E-10  -0.203083E-11  -0.596673E-11
   0.117100E+05  -0.281382E-10  -0.189344E-11  -0.505453E-11
   0.117110E+05  -0.156834E-10  -0.131518E-11  -0.167921E-11
   0.117120E+05  -0.106943E-10  -0.104519E-11  -0.429048E-12
   0.117130E+05  -0.187269E-10  -0.135262E-11  -0.282590E-11
   0.117140E+05  -0.265851E-10  -0.165652E-11  -0.521039E-11
   0.117150E+05  -0.208271E-10  -0.134528E-11  -0.386332E-11
   0.117160E+05  -0.662511E-11  -0.638459E-12  -0.213782E-12
   0.117170E+05  -0.641665E-12  -0.286830E-12   0.113809E-11
   0.117180E+05  -0.785833E-11  -0.530216E-12  -0.117278E-11
   0.117190E+05  -0.147052E-10  -0.769649E-12  -0.338308E-11
   0.117200E+05  -0.809177E-11  -0.411554E-12  -0.186677E-11
   0.117210E+05   0.622635E-11   0.296229E-12   0.178811E-11
   0.117220E+05   0.116050E-10   0.605778E-12   0.298237E-11
   0.117230E+05   0.370601E-11   0.311612E-12   0.519696E-12
   0.117240E+05  -0.345677E-11   0.371473E-13  -0.172175E-11
   0.117250E+05   0.290623E-11   0.362806E-12  -0.201946E-12
   0.117260E+05   0.164663E-10   0.101259E-11   0.333296E-11
   0.117270E+05   0.205645E-10   0.123677E-11   0.427849E-11
   0.117280E+05   0.114557E-10   0.858756E-12   0.159711E-11
   0.117290E+05   0.356964E-11   0.524512E-12  -0.724808E-12
   0.117300E+05   0.940716E-11   0.803673E-12   0.768675E-12
   0.117310E+05   0.220901E-10   0.139464E-11   0.417949E-11
   0.117320E+05   0.249240E-10   0.154334E-11   0.489612E-11
   0.117330E+05   0.146643E-10   0.109319E-11   0.202258E-11
   0.117340E+05   0.603683E-11   0.702186E-12  -0.371253E-12
   0.117350E+05   0.111893E-10   0.923869E-12   0.107237E-11
   0.117360E+05   0.227269E-10   0.143389E-11   0.431035E-11
   0.117370E+05   0.240117E-10   0.148169E-11   0.474405E-11
   0.117380E+05   0.123786E-10   0.937810E-12   0.163518E-11
   0.117390E+05   0.288176E-11   0.475992E-12  -0.857899E-12
   0.117400E+05   0.732940E-11   0.635627E-12   0.525542E-12
   0.117410E+05   0.178417E-10   0.107210E-11   0.360356E-11
   0.117420E+05   0.178711E-10   0.104028E-11   0.379793E-11
   0.117430E+05   0.531715E-11   0.435880E-12   0.525119E-12
   0.117440E+05  -0.451218E-11  -0.579961E-13  -0.198432E-11
   0.117450E+05  -0.221839E-12   0.778210E-13  -0.582239E-12
   0.117460E+05   0.982705E-11   0.479087E-12   0.241308E-11
   0.117470E+05   0.926745E-11   0.414661E-12   0.246541E-11
   0.117480E+05  -0.334211E-11  -0.184736E-12  -0.832487E-12
   0.117490E+05  -0.124467E-10  -0.625626E-12  -0.317860E-11
   0.117500E+05  -0.720853E-11  -0.421601E-12  -0.156644E-11
   0.117510E+05   0.331099E-11   0.221771E-13   0.150606E-11
   0.117520E+05   0.274246E-11  -0.300313E-13   0.150930E-11
   0.117530E+05  -0.975519E-11  -0.618385E-12  -0.179910E-11
   0.117540E+05  -0.182956E-10  -0.102996E-11  -0.402968E-11
   0.117550E+05  -0.124205E-10  -0.793279E-12  -0.228302E-11
   0.117560E+05  -0.170789E-11  -0.337393E-12   0.800321E-12
   0.117570E+05  -0.241286E-11  -0.393003E-12   0.721068E-12
   0.117580E+05  -0.147507E-10  -0.969581E-12  -0.259419E-11
   0.117590E+05  -0.225375E-10  -0.133764E-11  -0.467779E-11
   0.117600E+05  -0.157393E-10  -0.104442E-11  -0.274782E-11
   0.117610E+05  -0.448311E-11  -0.546372E-12   0.406611E-12
   0.117620E+05  -0.494219E-11  -0.573165E-12   0.311759E-12
   0.117630E+05  -0.167484E-10  -0.110772E-11  -0.294486E-11
   0.117640E+05  -0.234568E-10  -0.140642E-11  -0.482558E-11
   0.117650E+05  -0.154622E-10  -0.103461E-11  -0.266745E-11
   0.117660E+05  -0.342057E-11  -0.474288E-12   0.597494E-12
   0.117670E+05  -0.342058E-11  -0.454375E-12   0.523991E-12
   0.117680E+05  -0.145561E-10  -0.935410E-12  -0.264766E-11
   0.117690E+05  -0.201892E-10  -0.116515E-11  -0.432452E-11
   0.117700E+05  -0.111758E-10  -0.729449E-12  -0.197012E-11
   0.117710E+05   0.133269E-11  -0.133276E-12   0.134762E-11
   0.117720E+05   0.139720E-11  -0.997570E-13   0.122604E-11
   0.117730E+05  -0.949526E-11  -0.563293E-12  -0.193350E-11
   0.117740E+05  -0.145041E-10  -0.761404E-12  -0.348273E-11
   0.117750E+05  -0.492999E-11  -0.298522E-12  -0.101003E-11
   0.117760E+05   0.763400E-11   0.301782E-12   0.229179E-11
   0.117770E+05   0.746455E-11   0.327191E-12   0.207665E-11
   0.117780E+05  -0.335175E-11  -0.129203E-12  -0.108988E-11
   0.117790E+05  -0.782514E-11  -0.299181E-12  -0.251701E-11
   0.117800E+05   0.221791E-11   0.187003E-12   0.645655E-13
   0.117810E+05   0.147088E-10   0.783528E-12   0.333140E-11
   0.117820E+05   0.141875E-10   0.793014E-12   0.300621E-11
   0.117830E+05   0.343296E-11   0.345775E-12  -0.160646E-12
   0.117840E+05  -0.356919E-12   0.223323E-12  -0.142339E-11
   0.117850E+05   0.104219E-10   0.766748E-12   0.133679E-11
   0.117860E+05   0.230643E-10   0.139228E-11   0.463503E-11
   0.117870E+05   0.221496E-10   0.139496E-11   0.421918E-11
   0.117880E+05   0.109675E-10   0.924631E-12   0.987354E-12
   0.117890E+05   0.688398E-11   0.772997E-12  -0.269617E-12
   0.117900E+05   0.170615E-10   0.126510E-11   0.244081E-11
   0.117910E+05   0.283773E-10   0.179917E-11   0.551631E-11
   0.117920E+05   0.256390E-10   0.167897E-11   0.476738E-11
   0.117930E+05   0.127358E-10   0.108118E-11   0.125516E-11
   0.117940E+05   0.722383E-11   0.809461E-12  -0.184370E-12
   0.117950E+05   0.158606E-10   0.117574E-11   0.231918E-11
   0.117960E+05   0.251921E-10   0.156714E-11   0.506260E-11
   0.117970E+05   0.203398E-10   0.130296E-11   0.393679E-11
   0.117980E+05   0.580451E-11   0.587773E-12   0.167866E-12
   0.117990E+05  -0.744610E-12   0.230740E-12  -0.138004E-11
   0.118000E+05   0.693185E-11   0.520537E-12   0.101802E-11
   0.118010E+05   0.149606E-10   0.824389E-12   0.354201E-11
   0.118020E+05   0.873036E-11   0.472222E-12   0.215635E-11
   0.118030E+05  -0.667113E-11  -0.305196E-12  -0.175167E-11
   0.118040E+05  -0.134758E-10  -0.692967E-12  -0.329289E-11
   0.118050E+05  -0.595563E-11  -0.424020E-12  -0.886130E-12
   0.118060E+05   0.162768E-11  -0.148356E-12   0.153975E-11
   0.118070E+05  -0.503640E-11  -0.522843E-12   0.314500E-13
   0.118080E+05  -0.202623E-10  -0.128914E-11  -0.386015E-11
   0.118090E+05  -0.261944E-10  -0.162643E-11  -0.522408E-11
   0.118100E+05  -0.176291E-10  -0.128969E-11  -0.262563E-11
   0.118110E+05  -0.922680E-11  -0.947394E-12  -0.102461E-12
   0.118120E+05  -0.150273E-10  -0.124646E-11  -0.152911E-11
   0.118130E+05  -0.288166E-10  -0.190694E-11  -0.520411E-11
   0.118140E+05  -0.327408E-10  -0.210931E-11  -0.621339E-11
   0.118150E+05  -0.221855E-10  -0.163600E-11  -0.328171E-11
   0.118160E+05  -0.122168E-10  -0.117511E-11  -0.555312E-12
   0.118170E+05  -0.165607E-10  -0.135990E-11  -0.181893E-11
   0.118180E+05  -0.284068E-10  -0.188138E-11  -0.520562E-11
   0.118190E+05  -0.298368E-10  -0.191297E-11  -0.578437E-11
   0.118200E+05  -0.167902E-10  -0.125995E-11  -0.243125E-11
   0.118210E+05  -0.478288E-11  -0.634461E-12   0.592403E-12
   0.118220E+05  -0.737914E-11  -0.671521E-12  -0.437349E-12
   0.118230E+05  -0.173901E-10  -0.105400E-11  -0.353269E-11
   0.118240E+05  -0.169977E-10  -0.963387E-12  -0.378117E-11
   0.118250E+05  -0.269621E-11  -0.227829E-12  -0.211551E-12
   0.118260E+05   0.971674E-11   0.431477E-12   0.283396E-11
   0.118270E+05   0.706412E-11   0.397914E-12   0.173751E-11
   0.118280E+05  -0.293008E-11   0.110291E-13  -0.136327E-11
   0.118290E+05  -0.248968E-11   0.865094E-13  -0.156717E-11
   0.118300E+05   0.113661E-10   0.775158E-12   0.194670E-11
   0.118310E+05   0.226323E-10   0.135184E-11   0.476890E-11
   0.118320E+05   0.186330E-10   0.122759E-11   0.341011E-11
   0.118330E+05   0.770788E-11   0.771920E-12   0.172481E-12
   0.118340E+05   0.757779E-11   0.797134E-12  -0.589531E-13
   0.118350E+05   0.205942E-10   0.142310E-11   0.336446E-11
   0.118360E+05   0.304044E-10   0.190637E-11   0.593897E-11
   0.118370E+05   0.247173E-10   0.167377E-11   0.428199E-11
   0.118380E+05   0.124362E-10   0.112046E-11   0.850033E-12
   0.118390E+05   0.112499E-10   0.105907E-11   0.515996E-12
   0.118400E+05   0.229571E-10   0.158658E-11   0.377204E-11
   0.118410E+05   0.309343E-10   0.194786E-11   0.603709E-11
   0.118420E+05   0.232975E-10   0.158682E-11   0.404099E-11
   0.118430E+05   0.947671E-11   0.920722E-12   0.385830E-12
   0.118440E+05   0.708213E-11   0.758735E-12  -0.793655E-13
   0.118450E+05   0.173661E-10   0.117535E-11   0.298099E-11
   0.118460E+05   0.235010E-10   0.140901E-11   0.492266E-11
   0.118470E+05   0.140896E-10   0.927349E-12   0.260467E-11
   0.118480E+05  -0.872734E-12   0.173837E-12  -0.121814E-11
   0.118490E+05  -0.386176E-11  -0.455030E-13  -0.172370E-11
   0.118500E+05   0.580056E-11   0.318971E-12   0.126120E-11
   0.118510E+05   0.110513E-10   0.495561E-12   0.302462E-11
   0.118520E+05   0.941125E-12  -0.285469E-13   0.548859E-12
   0.118530E+05  -0.140100E-10  -0.786481E-12  -0.326588E-11
   0.118540E+05  -0.163742E-10  -0.974372E-12  -0.362615E-11
   0.118550E+05  -0.601163E-11  -0.562623E-12  -0.511733E-12
   0.118560E+05  -0.185325E-12  -0.329516E-12   0.130858E-11
   0.118570E+05  -0.945005E-11  -0.773239E-12  -0.106720E-11
   0.118580E+05  -0.229358E-10  -0.141923E-11  -0.462808E-11
   0.118590E+05  -0.235278E-10  -0.148521E-11  -0.465369E-11
   0.118600E+05  -0.117455E-10  -0.972879E-12  -0.130099E-11
   0.118610E+05  -0.500789E-11  -0.663568E-12   0.615150E-12
   0.118620E+05  -0.133283E-10  -0.102724E-11  -0.166038E-11
   0.118630E+05  -0.253679E-10  -0.156962E-11  -0.498245E-11
   0.118640E+05  -0.243073E-10  -0.152753E-11  -0.470220E-11
   0.118650E+05  -0.113675E-10  -0.938421E-12  -0.116356E-11
   0.118660E+05  -0.412850E-11  -0.588769E-12   0.771578E-12
   0.118670E+05  -0.119778E-10  -0.913466E-12  -0.148817E-11
   0.118680E+05  -0.229719E-10  -0.138537E-11  -0.463785E-11
   0.118690E+05  -0.204910E-10  -0.125038E-11  -0.408301E-11
   0.118700E+05  -0.647274E-11  -0.583333E-12  -0.358307E-12
   0.118710E+05   0.121659E-11  -0.189134E-12   0.160310E-11
   0.118720E+05  -0.634720E-11  -0.484126E-12  -0.658573E-12
   0.118730E+05  -0.167150E-10  -0.917258E-12  -0.369937E-11
   0.118740E+05  -0.134391E-10  -0.739747E-12  -0.297500E-11
   0.118750E+05   0.955318E-12  -0.511086E-13   0.815537E-12
   0.118760E+05   0.844814E-11   0.337177E-12   0.269617E-11
   0.118770E+05   0.620161E-12   0.306333E-13   0.348073E-12
   0.118780E+05  -0.963099E-11  -0.400957E-12  -0.265878E-11
   0.118790E+05  -0.610819E-11  -0.221102E-12  -0.184857E-11
   0.118800E+05   0.805976E-11   0.443899E-12   0.191084E-11
   0.118810E+05   0.147558E-10   0.779957E-12   0.361240E-11
   0.118820E+05   0.614043E-11   0.420622E-12   0.109343E-11
   0.118830E+05  -0.439805E-11  -0.411273E-13  -0.194303E-11
   0.118840E+05  -0.897641E-12   0.121268E-12  -0.108834E-11
   0.118850E+05   0.129290E-10   0.756527E-12   0.262461E-11
   0.118860E+05   0.188898E-10   0.104900E-11   0.416364E-11
   0.118870E+05   0.970864E-11   0.658178E-12   0.152004E-11
   0.118880E+05  -0.807971E-12   0.194237E-12  -0.148501E-11
   0.118890E+05   0.298345E-11   0.367355E-12  -0.527133E-12
   0.118900E+05   0.167616E-10   0.999653E-12   0.319255E-11
   0.118910E+05   0.223042E-10   0.127817E-11   0.462948E-11
   0.118920E+05   0.129396E-10   0.892703E-12   0.194010E-11
   0.118930E+05   0.284017E-11   0.466918E-12  -0.946384E-12
   0.118940E+05   0.717096E-11   0.680469E-12   0.176852E-12
   0.118950E+05   0.208170E-10   0.131084E-11   0.390300E-11
   0.118960E+05   0.254269E-10   0.153679E-11   0.515588E-11
   0.118970E+05   0.149744E-10   0.108134E-11   0.226521E-11
   0.118980E+05   0.414636E-11   0.596210E-12  -0.703975E-12
   0.118990E+05   0.780855E-11   0.748081E-12   0.370880E-12
   0.119000E+05   0.201971E-10   0.128270E-11   0.390469E-11
   0.119010E+05   0.229230E-10   0.137725E-11   0.480747E-11
   0.119020E+05   0.106644E-10   0.792187E-12   0.159287E-11
   0.119030E+05  -0.132219E-11   0.212592E-12  -0.152980E-11
   0.119040E+05   0.157684E-11   0.297344E-12  -0.515004E-12
   0.119050E+05   0.129487E-10   0.760043E-12   0.287363E-11
   0.119060E+05   0.142784E-10   0.766587E-12   0.351582E-11
   0.119070E+05   0.788819E-12   0.988863E-13   0.774869E-13
   0.119080E+05  -0.118383E-10  -0.537575E-12  -0.311775E-11
   0.119090E+05  -0.927063E-11  -0.493248E-12  -0.210800E-11
   0.119100E+05   0.153570E-11  -0.761284E-13   0.118739E-11
   0.119110E+05   0.209620E-11  -0.116972E-12   0.165235E-11
   0.119120E+05  -0.117325E-10  -0.803667E-12  -0.187496E-11
   0.119130E+05  -0.238741E-10  -0.141202E-11  -0.496303E-11
   0.119140E+05  -0.203873E-10  -0.131106E-11  -0.375636E-11
   0.119150E+05  -0.888736E-11  -0.841472E-12  -0.352411E-12
   0.119160E+05  -0.791586E-11  -0.839810E-12   0.121780E-12
   0.119170E+05  -0.210478E-10  -0.147006E-11  -0.333506E-11
   0.119180E+05  -0.318533E-10  -0.199196E-11  -0.619200E-11
   0.119190E+05  -0.267675E-10  -0.179045E-11  -0.469765E-11
   0.119200E+05  -0.139785E-10  -0.123054E-11  -0.110916E-11
   0.119210E+05  -0.119713E-10  -0.114461E-11  -0.539729E-12
   0.119220E+05  -0.236971E-10  -0.166764E-11  -0.381797E-11
   0.119230E+05  -0.324213E-10  -0.204701E-11  -0.632439E-11
   0.119240E+05  -0.250673E-10  -0.169317E-11  -0.443511E-11
   0.119250E+05  -0.104785E-10  -0.100336E-11  -0.582367E-12
   0.119260E+05  -0.707864E-11  -0.805780E-12   0.138456E-12
   0.119270E+05  -0.171281E-10  -0.119951E-11  -0.291281E-11
   0.119280E+05  -0.235393E-10  -0.141319E-11  -0.501788E-11
   0.119290E+05  -0.137635E-10  -0.885131E-12  -0.268853E-11
   0.119300E+05   0.256569E-11  -0.579916E-13   0.144155E-11
   0.119310E+05   0.691425E-11   0.226260E-12   0.226115E-11
   0.119320E+05  -0.240378E-11  -0.107589E-12  -0.705558E-12
   0.119330E+05  -0.793559E-11  -0.267947E-12  -0.264164E-11
   0.119340E+05   0.248809E-11   0.293582E-12  -0.167136E-12
   0.119350E+05   0.186589E-10   0.110852E-11   0.392517E-11
   0.119360E+05   0.221164E-10   0.133674E-11   0.454484E-11
   0.119370E+05   0.118477E-10   0.934950E-12   0.139833E-11
   0.119380E+05   0.570700E-11   0.718305E-12  -0.595227E-12
   0.119390E+05   0.155077E-10   0.122415E-11   0.183748E-11
   0.119400E+05   0.304855E-10   0.195894E-11   0.574764E-11
   0.119410E+05   0.322236E-10   0.207998E-11   0.606036E-11
   0.119420E+05   0.202770E-10   0.156518E-11   0.264277E-11
   0.119430E+05   0.127709E-10   0.124140E-11   0.488006E-12
   0.119440E+05   0.211051E-10   0.163009E-11   0.274956E-11
   0.119450E+05   0.340227E-10   0.221828E-11   0.633602E-11
   0.119460E+05   0.332810E-10   0.217221E-11   0.621608E-11
   0.119470E+05   0.190981E-10   0.150002E-11   0.243726E-11
   0.119480E+05   0.987954E-11   0.104210E-11   0.670314E-13
   0.119490E+05   0.165706E-10   0.130058E-11   0.212902E-11
   0.119500E+05   0.273912E-10   0.173929E-11   0.538295E-11
   0.119510E+05   0.242707E-10   0.153172E-11   0.484160E-11
   0.119520E+05   0.809320E-11   0.716024E-12   0.733043E-12
   0.119530E+05  -0.246264E-11   0.146319E-12  -0.180411E-11
   0.119540E+05   0.310046E-11   0.306965E-12   0.124305E-12
   0.119550E+05   0.125264E-10   0.642827E-12   0.314002E-11
   0.119560E+05   0.798718E-11   0.340704E-12   0.231642E-11
   0.119570E+05  -0.893022E-11  -0.527437E-12  -0.192934E-11
   0.119580E+05  -0.193113E-10  -0.109596E-11  -0.439577E-11
   0.119590E+05  -0.132093E-10  -0.907017E-12  -0.233919E-11
   0.119600E+05  -0.347302E-11  -0.545944E-12   0.702593E-12
   0.119610E+05  -0.776256E-11  -0.820121E-12  -0.148103E-12
   0.119620E+05  -0.237887E-10  -0.162274E-11  -0.428245E-11
   0.119630E+05  -0.323346E-10  -0.206775E-11  -0.642115E-11
   0.119640E+05  -0.239269E-10  -0.171418E-11  -0.395339E-11
   0.119650E+05  -0.120120E-10  -0.117748E-11  -0.574220E-12
   0.119660E+05  -0.142407E-10  -0.127479E-11  -0.114107E-11
   0.119670E+05  -0.279053E-10  -0.189137E-11  -0.490957E-11
   0.119680E+05  -0.337576E-10  -0.214539E-11  -0.657789E-11
   0.119690E+05  -0.228977E-10  -0.162135E-11  -0.368860E-11
   0.119700E+05  -0.925089E-11  -0.953755E-12  -0.685812E-13
   0.119710E+05  -0.102161E-10  -0.947339E-12  -0.504707E-12
   0.119720E+05  -0.224498E-10  -0.145910E-11  -0.407438E-11
   0.119730E+05  -0.265594E-10  -0.160043E-11  -0.543413E-11
   0.119740E+05  -0.141875E-10  -0.978654E-12  -0.227684E-11
   0.119750E+05   0.269146E-12  -0.248282E-12   0.143919E-11
   0.119760E+05  -0.335737E-12  -0.203471E-12   0.997628E-12
   0.119770E+05  -0.120467E-10  -0.675912E-12  -0.250692E-11
   0.119780E+05  -0.153729E-10  -0.774182E-12  -0.370152E-11
   0.119790E+05  -0.252855E-11  -0.131111E-12  -0.437358E-12
   0.119800E+05   0.116395E-10   0.579791E-12   0.320035E-11
   0.119810E+05   0.102980E-10   0.579500E-12   0.257926E-11
   0.119820E+05  -0.192765E-11   0.671430E-13  -0.102268E-11
   0.119830E+05  -0.541720E-11  -0.590300E-13  -0.219859E-11
   0.119840E+05   0.705865E-11   0.544477E-12   0.104366E-11
   0.119850E+05   0.202140E-10   0.118512E-11   0.449450E-11
   0.119860E+05   0.175252E-10   0.109716E-11   0.360541E-11
   0.119870E+05   0.425777E-11   0.507314E-12  -0.169383E-12
   0.119880E+05   0.126822E-12   0.318029E-12  -0.139853E-11
   0.119890E+05   0.118096E-10   0.849946E-12   0.175302E-11
   0.119900E+05   0.236440E-10   0.139678E-11   0.496509E-11
   0.119910E+05   0.195021E-10   0.121348E-11   0.379226E-11
   0.119920E+05   0.533977E-11   0.559523E-12  -0.124520E-12
   0.119930E+05   0.948589E-12   0.341230E-12  -0.133420E-11
   0.119940E+05   0.123794E-10   0.849984E-12   0.182582E-11
   0.119950E+05   0.234927E-10   0.135544E-11   0.490599E-11
   0.119960E+05   0.184571E-10   0.112297E-11   0.354622E-11
   0.119970E+05   0.385717E-11   0.439674E-12  -0.437150E-12
   0.119980E+05  -0.421132E-12   0.219362E-12  -0.156980E-11
   0.119990E+05   0.111446E-10   0.735077E-12   0.165944E-11
   0.120000E+05   0.220407E-10   0.124236E-11   0.469542E-11
   0.120010E+05   0.167247E-10   0.101571E-11   0.326435E-11
