   0.000000E+00  -0.158060E-09  -0.403628E-09   0.464876E-09
   0.100000E+01  -0.208304E-09  -0.509803E-09   0.449093E-09
   0.200000E+01  -0.237587E-09  -0.564071E-09   0.387472E-09
   0.300000E+01  -0.243152E-09  -0.560805E-09   0.286278E-09
   0.400000E+01  -0.224654E-09  -0.500244E-09   0.155827E-09
   0.500000E+01  -0.184191E-09  -0.388477E-09   0.943475E-11
   0.600000E+01  -0.126094E-09  -0.236828E-09  -0.137939E-09
   0.700000E+01  -0.564826E-10  -0.607107E-10  -0.271214E-09
   0.800000E+01   0.173595E-10   0.121945E-09  -0.376734E-09
   0.900000E+01   0.877296E-10   0.292514E-09  -0.443657E-09
   0.100000E+02   0.147293E-09   0.433579E-09  -0.465075E-09
   0.110000E+02   0.189835E-09   0.530710E-09  -0.438719E-09
   0.120000E+02   0.210896E-09   0.573941E-09  -0.367199E-09
   0.130000E+02   0.208232E-09   0.558791E-09  -0.257748E-09
   0.140000E+02   0.182044E-09   0.486732E-09  -0.121484E-09
   0.150000E+02   0.134965E-09   0.365047E-09   0.277147E-10
   0.160000E+02   0.717860E-10   0.206088E-09   0.174625E-09
   0.170000E+02  -0.102324E-11   0.260326E-10   0.304233E-09
   0.180000E+02  -0.759805E-10  -0.156772E-09   0.403265E-09
   0.190000E+02  -0.145354E-09  -0.323674E-09   0.461550E-09
   0.200000E+02  -0.201952E-09  -0.457620E-09   0.473060E-09
   0.210000E+02  -0.239865E-09  -0.544899E-09   0.436534E-09
   0.220000E+02  -0.255069E-09  -0.576547E-09   0.355612E-09
   0.230000E+02  -0.245845E-09  -0.549268E-09   0.238474E-09
   0.240000E+02  -0.212961E-09  -0.465775E-09   0.970096E-10
   0.250000E+02  -0.159595E-09  -0.334526E-09  -0.543895E-10
   0.260000E+02  -0.910210E-10  -0.168863E-09  -0.200296E-09
   0.270000E+02  -0.140756E-10   0.143407E-10  -0.325821E-09
   0.280000E+02   0.635394E-10   0.196397E-09  -0.418133E-09
   0.290000E+02   0.134038E-09   0.358710E-09  -0.467774E-09
   0.300000E+02   0.190343E-09   0.484677E-09  -0.469628E-09
   0.310000E+02   0.226813E-09   0.561381E-09  -0.423452E-09
   0.320000E+02   0.239813E-09   0.580916E-09  -0.333906E-09
   0.330000E+02   0.228093E-09   0.541203E-09  -0.210085E-09
   0.340000E+02   0.192917E-09   0.446208E-09  -0.645984E-10
   0.350000E+02   0.137939E-09   0.305545E-09   0.877164E-10
   0.360000E+02   0.688274E-10   0.133503E-09   0.231302E-09
   0.370000E+02  -0.730272E-11  -0.524039E-10   0.351469E-09
   0.380000E+02  -0.826202E-10  -0.233226E-09   0.435902E-09
   0.390000E+02  -0.149374E-09  -0.390503E-09   0.475915E-09
   0.400000E+02  -0.200685E-09  -0.508155E-09   0.467348E-09
   0.410000E+02  -0.231249E-09  -0.574123E-09   0.410995E-09
   0.420000E+02  -0.237882E-09  -0.581608E-09   0.312534E-09
   0.430000E+02  -0.219848E-09  -0.529769E-09   0.181955E-09
   0.440000E+02  -0.178934E-09  -0.423820E-09   0.325392E-10
   0.450000E+02  -0.119275E-09  -0.274504E-09  -0.120483E-09
   0.460000E+02  -0.469333E-10  -0.970052E-10  -0.261490E-09
   0.470000E+02   0.307192E-10   0.905971E-10  -0.376065E-09
   0.480000E+02   0.105752E-09   0.269168E-09  -0.452465E-09
   0.490000E+02   0.170485E-09   0.420469E-09  -0.482828E-09
   0.500000E+02   0.218276E-09   0.529022E-09  -0.463981E-09
   0.510000E+02   0.244199E-09   0.583690E-09  -0.397772E-09
   0.520000E+02   0.245552E-09   0.578825E-09  -0.290887E-09
   0.530000E+02   0.222137E-09   0.514846E-09  -0.154177E-09
   0.540000E+02   0.176283E-09   0.398207E-09  -0.155312E-11
   0.550000E+02   0.112614E-09   0.240746E-09   0.151426E-09
   0.560000E+02   0.375823E-10   0.584840E-10   0.289141E-09
   0.570000E+02  -0.411917E-10  -0.130005E-09   0.397509E-09
   0.580000E+02  -0.115692E-09  -0.305487E-09   0.465423E-09
   0.590000E+02  -0.178326E-09  -0.450030E-09   0.485888E-09
   0.600000E+02  -0.222701E-09  -0.548835E-09   0.456745E-09
   0.610000E+02  -0.244278E-09  -0.591754E-09   0.380899E-09
   0.620000E+02  -0.240841E-09  -0.574330E-09   0.266024E-09
   0.630000E+02  -0.212723E-09  -0.498257E-09   0.123797E-09
   0.640000E+02  -0.162777E-09  -0.371220E-09  -0.312987E-10
   0.650000E+02  -0.960917E-10  -0.206117E-09  -0.183442E-09
   0.660000E+02  -0.194732E-10  -0.197484E-10  -0.317088E-09
   0.670000E+02   0.592477E-10   0.168893E-09  -0.418560E-09
   0.680000E+02   0.132013E-09   0.340557E-09  -0.477443E-09
   0.690000E+02   0.191358E-09   0.477699E-09  -0.487657E-09
   0.700000E+02   0.231180E-09   0.566275E-09  -0.448081E-09
   0.710000E+02   0.247357E-09   0.597182E-09  -0.362678E-09
   0.720000E+02   0.238176E-09   0.567187E-09  -0.240095E-09
   0.730000E+02   0.204512E-09   0.479273E-09  -0.927895E-10
   0.740000E+02   0.149741E-09   0.342337E-09   0.642385E-10
   0.750000E+02   0.794014E-10   0.170292E-09   0.214973E-09
   0.760000E+02   0.630266E-12  -0.193457E-10   0.344016E-09
   0.770000E+02  -0.785609E-10  -0.207242E-09   0.438164E-09
   0.780000E+02  -0.150103E-09  -0.374215E-09   0.487752E-09
   0.790000E+02  -0.206694E-09  -0.503192E-09   0.487654E-09
   0.800000E+02  -0.242544E-09  -0.580956E-09   0.437809E-09
   0.810000E+02  -0.253968E-09  -0.599500E-09   0.343235E-09
   0.820000E+02  -0.239766E-09  -0.556854E-09   0.213522E-09
   0.830000E+02  -0.201350E-09  -0.457289E-09   0.618665E-10
   0.840000E+02  -0.142602E-09  -0.310891E-09  -0.962792E-10
   0.850000E+02  -0.694811E-10  -0.132545E-09  -0.244776E-09
   0.860000E+02   0.105802E-10   0.595884E-10  -0.368448E-09
   0.870000E+02   0.894350E-10   0.245912E-09  -0.454631E-09
   0.880000E+02   0.159051E-09   0.407397E-09  -0.494473E-09
   0.890000E+02   0.212332E-09   0.527524E-09  -0.483840E-09
   0.900000E+02   0.243844E-09   0.593973E-09  -0.423748E-09
   0.910000E+02   0.250369E-09   0.599886E-09  -0.320267E-09
   0.920000E+02   0.231242E-09   0.544575E-09  -0.183906E-09
   0.930000E+02   0.188418E-09   0.433601E-09  -0.285483E-10
   0.940000E+02   0.126278E-09   0.278213E-09   0.129961E-09
   0.950000E+02   0.511814E-10   0.942103E-10   0.275433E-09
   0.960000E+02  -0.291766E-10  -0.996661E-10   0.392982E-09
   0.970000E+02  -0.106553E-09  -0.283642E-09   0.470556E-09
   0.980000E+02  -0.173000E-09  -0.438927E-09   0.500165E-09
   0.990000E+02  -0.221673E-09  -0.549632E-09   0.478707E-09
   0.100000E+03  -0.247538E-09  -0.604399E-09   0.408290E-09
   0.101000E+03  -0.247886E-09  -0.597563E-09   0.296027E-09
   0.102000E+03  -0.222617E-09  -0.529739E-09   0.153316E-09
   0.103000E+03  -0.174249E-09  -0.407767E-09  -0.531811E-11
   0.104000E+03  -0.107674E-09  -0.244023E-09  -0.163700E-09
   0.105000E+03  -0.296554E-10  -0.551654E-10  -0.305656E-09
   0.106000E+03   0.518573E-10   0.139565E-09  -0.416663E-09
   0.107000E+03   0.128537E-09   0.320300E-09  -0.485336E-09
   0.108000E+03   0.192532E-09   0.468574E-09  -0.504596E-09
   0.109000E+03   0.237265E-09   0.569211E-09  -0.472398E-09
   0.110000E+03   0.258113E-09   0.611876E-09  -0.391947E-09
   0.111000E+03   0.252877E-09   0.592137E-09  -0.271383E-09
   0.112000E+03   0.222016E-09   0.511926E-09  -0.122951E-09
   0.113000E+03   0.168602E-09   0.379352E-09   0.382363E-10
   0.114000E+03   0.980155E-10   0.207877E-09   0.195743E-09
   0.115000E+03   0.173947E-10   0.149533E-10   0.333484E-09
   0.116000E+03  -0.650848E-10  -0.179756E-09   0.437366E-09
   0.117000E+03  -0.141045E-09  -0.356376E-09   0.496735E-09
   0.118000E+03  -0.202758E-09  -0.496856E-09   0.505464E-09
   0.119000E+03  -0.243937E-09  -0.586806E-09   0.462590E-09
   0.120000E+03  -0.260381E-09  -0.616976E-09   0.372415E-09
   0.121000E+03  -0.250403E-09  -0.584205E-09   0.244082E-09
   0.122000E+03  -0.215009E-09  -0.491755E-09   0.906412E-10
   0.123000E+03  -0.157798E-09  -0.348979E-09  -0.722718E-10
   0.124000E+03  -0.845991E-10  -0.170385E-09  -0.228031E-09
   0.125000E+03  -0.287775E-11   0.258482E-10  -0.360715E-09
   0.126000E+03   0.790222E-10   0.219714E-09  -0.456735E-09
   0.127000E+03   0.152730E-09   0.391421E-09  -0.506228E-09
   0.128000E+03   0.210703E-09   0.523414E-09  -0.504065E-09
   0.129000E+03   0.246997E-09   0.602166E-09  -0.450385E-09
   0.130000E+03   0.257876E-09   0.619568E-09  -0.350591E-09
   0.131000E+03   0.242200E-09   0.573761E-09  -0.214803E-09
   0.132000E+03   0.201540E-09   0.469336E-09  -0.568315E-10
   0.133000E+03   0.140025E-09   0.316872E-09   0.107223E-09
   0.134000E+03   0.639231E-10   0.131866E-09   0.260615E-09
   0.135000E+03  -0.189946E-10  -0.668410E-10   0.387661E-09
   0.136000E+03  -0.100247E-09  -0.258987E-09   0.475342E-09
   0.137000E+03  -0.171509E-09  -0.424951E-09   0.514641E-09
   0.138000E+03  -0.225459E-09  -0.547759E-09   0.501463E-09
   0.139000E+03  -0.256534E-09  -0.614819E-09   0.437069E-09
   0.140000E+03  -0.261495E-09  -0.619212E-09   0.327949E-09
   0.141000E+03  -0.239767E-09  -0.560407E-09   0.185172E-09
   0.142000E+03  -0.193500E-09  -0.444322E-09   0.232607E-10
   0.143000E+03  -0.127355E-09  -0.282732E-09  -0.141287E-09
   0.144000E+03  -0.480308E-10  -0.920688E-10  -0.291678E-09
   0.145000E+03   0.364130E-10   0.108243E-09  -0.412537E-09
   0.146000E+03   0.117380E-09   0.297769E-09  -0.491482E-09
   0.147000E+03   0.186613E-09   0.457149E-09  -0.520391E-09
   0.148000E+03   0.237036E-09   0.570074E-09  -0.496238E-09
   0.149000E+03   0.263480E-09   0.624955E-09  -0.421409E-09
   0.150000E+03   0.263214E-09   0.616111E-09  -0.303469E-09
   0.151000E+03   0.236226E-09   0.544361E-09  -0.154397E-09
   0.152000E+03   0.185232E-09   0.416944E-09   0.106348E-10
   0.153000E+03   0.115400E-09   0.246790E-09   0.174798E-09
   0.154000E+03   0.338265E-10   0.512126E-10   0.321331E-09
   0.155000E+03  -0.511818E-10  -0.149860E-09   0.435245E-09
   0.156000E+03  -0.130958E-09  -0.335910E-09   0.504862E-09
   0.157000E+03  -0.197356E-09  -0.487926E-09   0.523007E-09
   0.158000E+03  -0.243587E-09  -0.590345E-09   0.487752E-09
   0.159000E+03  -0.264908E-09  -0.632646E-09   0.402620E-09
   0.160000E+03  -0.259117E-09  -0.610429E-09   0.276230E-09
   0.161000E+03  -0.226775E-09  -0.525876E-09   0.121429E-09
   0.162000E+03  -0.171158E-09  -0.387534E-09  -0.460147E-10
   0.163000E+03  -0.979222E-10  -0.209452E-09  -0.209021E-09
   0.164000E+03  -0.145319E-10  -0.975404E-11  -0.350934E-09
   0.165000E+03   0.704996E-10   0.191203E-09  -0.457229E-09
   0.166000E+03   0.148479E-09   0.372908E-09  -0.516996E-09
   0.167000E+03   0.211419E-09   0.516786E-09  -0.524060E-09
   0.168000E+03   0.252859E-09   0.608099E-09  -0.477618E-09
   0.169000E+03   0.268524E-09   0.637455E-09  -0.382331E-09
   0.170000E+03   0.256763E-09   0.601771E-09  -0.247855E-09
   0.171000E+03   0.218728E-09   0.504602E-09  -0.878620E-10
   0.172000E+03   0.158255E-09   0.355782E-09   0.813481E-10
   0.173000E+03   0.814794E-10   0.170433E-09   0.242510E-09
   0.174000E+03  -0.378823E-11  -0.325760E-10   0.379155E-09
   0.175000E+03  -0.888571E-10  -0.232546E-09   0.477292E-09
   0.176000E+03  -0.165042E-09  -0.409060E-09   0.526841E-09
   0.177000E+03  -0.224553E-09  -0.544068E-09   0.522669E-09
   0.178000E+03  -0.261286E-09  -0.623730E-09   0.465123E-09
   0.179000E+03  -0.271460E-09  -0.639838E-09   0.359999E-09
   0.180000E+03  -0.253994E-09  -0.590660E-09   0.217962E-09
   0.181000E+03  -0.210634E-09  -0.481122E-09   0.534622E-10
   0.182000E+03  -0.145770E-09  -0.322323E-09  -0.116733E-09
   0.183000E+03  -0.659975E-10  -0.130400E-09  -0.275249E-09
   0.184000E+03   0.205559E-10   0.751022E-10  -0.405879E-09
   0.185000E+03   0.105056E-09   0.273230E-09  -0.495238E-09
   0.186000E+03   0.178866E-09   0.443751E-09  -0.534136E-09
   0.187000E+03   0.234427E-09   0.569225E-09  -0.518522E-09
   0.188000E+03   0.266032E-09   0.636783E-09  -0.449909E-09
   0.189000E+03   0.270414E-09   0.639453E-09  -0.335221E-09
   0.190000E+03   0.247082E-09   0.576874E-09  -0.186103E-09
   0.191000E+03   0.198379E-09   0.455344E-09  -0.177304E-10
   0.192000E+03   0.129241E-09   0.287187E-09   0.152727E-09
   0.193000E+03   0.467065E-10   0.895021E-10   0.307863E-09
   0.194000E+03  -0.408076E-10  -0.117574E-09   0.431806E-09
   0.195000E+03  -0.124358E-09  -0.312920E-09   0.511848E-09
   0.196000E+03  -0.195389E-09  -0.476584E-09   0.539742E-09
   0.197000E+03  -0.246609E-09  -0.591819E-09   0.512555E-09
   0.198000E+03  -0.272735E-09  -0.646800E-09   0.432975E-09
   0.199000E+03  -0.271038E-09  -0.635836E-09   0.309045E-09
   0.200000E+03  -0.241624E-09  -0.559960E-09   0.153349E-09
   0.201000E+03  -0.187432E-09  -0.426829E-09  -0.182623E-10
   0.202000E+03  -0.113935E-09  -0.249958E-09  -0.188291E-09
   0.203000E+03  -0.285884E-10  -0.473411E-10  -0.339370E-09
   0.204000E+03   0.599286E-10   0.160373E-09  -0.456043E-09
   0.205000E+03   0.142597E-09   0.351989E-09  -0.526339E-09
   0.206000E+03   0.210977E-09   0.507925E-09  -0.543008E-09
   0.207000E+03   0.258072E-09   0.612217E-09  -0.504262E-09
   0.208000E+03   0.279046E-09   0.654149E-09  -0.413970E-09
   0.209000E+03   0.271718E-09   0.629356E-09  -0.281272E-09
   0.210000E+03   0.236792E-09   0.540278E-09  -0.119651E-09
   0.211000E+03   0.177787E-09   0.395921E-09   0.544350E-10
   0.212000E+03   0.100685E-09   0.210944E-09   0.223228E-09
   0.213000E+03   0.133230E-10   0.417357E-11   0.369482E-09
   0.214000E+03  -0.754032E-10  -0.203314E-09   0.478229E-09
   0.215000E+03  -0.156447E-09  -0.390341E-09   0.538304E-09
   0.216000E+03  -0.221534E-09  -0.537790E-09   0.543496E-09
   0.217000E+03  -0.264007E-09  -0.630555E-09   0.493191E-09
   0.218000E+03  -0.279509E-09  -0.659093E-09   0.392437E-09
   0.219000E+03  -0.266432E-09  -0.620403E-09   0.251445E-09
   0.220000E+03  -0.226084E-09  -0.518341E-09   0.845507E-10
   0.221000E+03  -0.162560E-09  -0.363238E-09  -0.912437E-10
   0.222000E+03  -0.823323E-10  -0.170850E-09  -0.257999E-09
   0.223000E+03   0.641424E-11   0.392365E-10  -0.398673E-09
   0.224000E+03   0.946099E-10   0.245605E-09  -0.498857E-09
   0.225000E+03   0.173228E-09   0.427189E-09  -0.548256E-09
   0.226000E+03   0.234205E-09   0.565423E-09  -0.541745E-09
   0.227000E+03   0.271269E-09   0.646140E-09  -0.479899E-09
   0.228000E+03   0.280581E-09   0.661028E-09  -0.368945E-09
   0.229000E+03   0.261132E-09   0.608478E-09  -0.220135E-09
   0.230000E+03   0.214850E-09   0.493766E-09  -0.486026E-10
   0.231000E+03   0.146411E-09   0.328519E-09   0.128173E-09
   0.232000E+03   0.627616E-10   0.129536E-09   0.292151E-09
   0.233000E+03  -0.275815E-10  -0.829165E-10   0.426569E-09
   0.234000E+03  -0.115403E-09  -0.287171E-09   0.517657E-09
   0.235000E+03  -0.191728E-09  -0.462367E-09   0.556047E-09
   0.236000E+03  -0.248737E-09  -0.590583E-09   0.537738E-09
   0.237000E+03  -0.280568E-09  -0.658668E-09   0.464512E-09
   0.238000E+03  -0.283921E-09  -0.659593E-09   0.343763E-09
   0.239000E+03  -0.258396E-09  -0.593173E-09   0.187747E-09
   0.240000E+03  -0.206539E-09  -0.466097E-09   0.123405E-10
   0.241000E+03  -0.133589E-09  -0.291258E-09  -0.164576E-09
   0.242000E+03  -0.469478E-10  -0.864377E-10  -0.324940E-09
   0.243000E+03   0.445741E-10   0.127495E-09  -0.452353E-09
   0.244000E+03   0.131653E-09   0.328712E-09  -0.533754E-09
   0.245000E+03   0.205406E-09   0.496655E-09  -0.560763E-09
   0.246000E+03   0.258293E-09   0.614134E-09  -0.530542E-09
   0.247000E+03   0.284896E-09   0.669084E-09  -0.446091E-09
   0.248000E+03   0.282469E-09   0.655809E-09  -0.315955E-09
   0.249000E+03   0.251230E-09   0.575568E-09  -0.153356E-09
   0.250000E+03   0.194336E-09   0.436456E-09   0.251477E-10
   0.251000E+03   0.117570E-09   0.252591E-09   0.201348E-09
   0.252000E+03   0.287523E-10   0.426765E-10   0.357245E-09
   0.253000E+03  -0.630527E-10  -0.171899E-09   0.476883E-09
   0.254000E+03  -0.148463E-09  -0.369240E-09   0.547986E-09
   0.255000E+03  -0.218736E-09  -0.529182E-09   0.563216E-09
   0.256000E+03  -0.266662E-09  -0.635347E-09   0.520931E-09
   0.257000E+03  -0.287305E-09  -0.676826E-09   0.425359E-09
   0.258000E+03  -0.278509E-09  -0.649295E-09   0.286178E-09
   0.259000E+03  -0.241124E-09  -0.555468E-09   0.117535E-09
   0.260000E+03  -0.178923E-09  -0.404830E-09  -0.633915E-10
   0.261000E+03  -0.982251E-10  -0.212675E-09  -0.238140E-09
   0.262000E+03  -0.724888E-11   0.144186E-11  -0.388854E-09
   0.263000E+03   0.847197E-10   0.215700E-09  -0.500100E-09
   0.264000E+03   0.168276E-09   0.408232E-09  -0.560453E-09
   0.265000E+03   0.234858E-09   0.559361E-09  -0.563666E-09
   0.266000E+03   0.277621E-09   0.653606E-09  -0.509322E-09
   0.267000E+03   0.292142E-09   0.681273E-09  -0.402876E-09
   0.268000E+03   0.276874E-09   0.639448E-09  -0.255117E-09
   0.269000E+03   0.233312E-09   0.532308E-09  -0.810707E-10
   0.270000E+03   0.165843E-09   0.370698E-09   0.101531E-09
   0.271000E+03   0.813042E-10   0.171041E-09   0.274051E-09
   0.272000E+03  -0.117082E-10  -0.463374E-10   0.418855E-09
   0.273000E+03  -0.103718E-09  -0.259274E-09   0.521109E-09
   0.274000E+03  -0.185332E-09  -0.446030E-09   0.570301E-09
   0.275000E+03  -0.248202E-09  -0.587509E-09   0.561323E-09
   0.276000E+03  -0.285878E-09  -0.669210E-09   0.494997E-09
   0.277000E+03  -0.294470E-09  -0.682714E-09   0.378006E-09
   0.278000E+03  -0.273050E-09  -0.626550E-09   0.222216E-09
   0.279000E+03  -0.223755E-09  -0.506357E-09   0.434779E-10
   0.280000E+03  -0.151571E-09  -0.334316E-09  -0.139992E-09
   0.281000E+03  -0.638281E-10  -0.127917E-09  -0.309462E-09
   0.282000E+03   0.305384E-10   0.918194E-10  -0.447600E-09
   0.283000E+03   0.121903E-09   0.302484E-09  -0.540247E-09
   0.284000E+03   0.200930E-09   0.482564E-09  -0.577865E-09
   0.285000E+03   0.259526E-09   0.613636E-09  -0.556521E-09
   0.286000E+03   0.291670E-09   0.682255E-09  -0.478299E-09
   0.287000E+03   0.294032E-09   0.681335E-09  -0.351091E-09
   0.288000E+03   0.266318E-09   0.610874E-09  -0.187808E-09
   0.289000E+03   0.211304E-09   0.477969E-09  -0.506459E-11
   0.290000E+03   0.134561E-09   0.296102E-09   0.178510E-09
   0.291000E+03   0.438866E-10   0.837669E-10   0.344170E-09
   0.292000E+03  -0.514831E-10  -0.137405E-09   0.474972E-09
   0.293000E+03  -0.141816E-09  -0.344851E-09   0.557499E-09
   0.294000E+03  -0.217877E-09  -0.517380E-09   0.583247E-09
   0.295000E+03  -0.271870E-09  -0.637337E-09   0.549493E-09
   0.296000E+03  -0.298240E-09  -0.692406E-09   0.459587E-09
   0.297000E+03  -0.294241E-09  -0.676879E-09   0.322617E-09
   0.298000E+03  -0.260223E-09  -0.592245E-09   0.152491E-09
   0.299000E+03  -0.199601E-09  -0.447051E-09  -0.334731E-10
   0.300000E+03  -0.118513E-09  -0.256031E-09  -0.216314E-09
   0.301000E+03  -0.251944E-10  -0.386226E-10  -0.377358E-09
   0.302000E+03   0.708539E-10   0.183022E-09  -0.500128E-09
   0.303000E+03   0.159838E-09   0.386285E-09  -0.572029E-09
   0.304000E+03   0.232667E-09   0.550397E-09  -0.585640E-09
   0.305000E+03   0.281887E-09   0.658554E-09  -0.539479E-09
   0.306000E+03   0.302440E-09   0.699642E-09  -0.438167E-09
   0.307000E+03   0.292187E-09   0.669377E-09  -0.291962E-09
   0.308000E+03   0.252130E-09   0.570751E-09  -0.115725E-09
   0.309000E+03   0.186319E-09   0.413740E-09   0.725954E-10
   0.310000E+03   0.101436E-09   0.214290E-09   0.253787E-09
   0.311000E+03   0.612540E-11  -0.729984E-11   0.409335E-09
   0.312000E+03  -0.898927E-10  -0.228441E-09   0.523316E-09
   0.313000E+03  -0.176809E-09  -0.426562E-09   0.584023E-09
   0.314000E+03  -0.245729E-09  -0.581411E-09   0.585172E-09
   0.315000E+03  -0.289581E-09  -0.677124E-09   0.526553E-09
   0.316000E+03  -0.303845E-09  -0.703852E-09   0.414056E-09
   0.317000E+03  -0.287015E-09  -0.658774E-09   0.259085E-09
   0.318000E+03  -0.240761E-09  -0.546395E-09   0.773975E-10
   0.319000E+03  -0.169761E-09  -0.378095E-09  -0.112494E-09
   0.320000E+03  -0.812309E-10  -0.170977E-09  -0.291212E-09
   0.321000E+03   0.158081E-10   0.538699E-10  -0.440485E-09
   0.322000E+03   0.111450E-09   0.273520E-09  -0.545024E-09
   0.323000E+03   0.195914E-09   0.465544E-09  -0.594081E-09
   0.324000E+03   0.260540E-09   0.610305E-09  -0.582557E-09
   0.325000E+03   0.298683E-09   0.692961E-09  -0.511532E-09
   0.326000E+03   0.306386E-09   0.704990E-09  -0.388164E-09
   0.327000E+03   0.282799E-09   0.645067E-09  -0.224966E-09
   0.328000E+03   0.230264E-09   0.519209E-09  -0.385405E-10
   0.329000E+03   0.154084E-09   0.340173E-09   0.152113E-09
   0.330000E+03   0.619873E-10   0.126158E-09   0.327532E-09
   0.331000E+03  -0.366562E-10  -0.101038E-09   0.469780E-09
   0.332000E+03  -0.131792E-09  -0.318245E-09   0.564279E-09
   0.333000E+03  -0.213704E-09  -0.503277E-09   0.601304E-09
   0.334000E+03  -0.274010E-09  -0.637204E-09   0.576983E-09
   0.335000E+03  -0.306517E-09  -0.706285E-09   0.493705E-09
   0.336000E+03  -0.307860E-09  -0.703379E-09   0.359880E-09
   0.337000E+03  -0.277850E-09  -0.628681E-09   0.189098E-09
   0.338000E+03  -0.219499E-09  -0.489716E-09  -0.125862E-11
   0.339000E+03  -0.138718E-09  -0.300577E-09  -0.191780E-09
   0.340000E+03  -0.437181E-10  -0.804967E-10  -0.363007E-09
   0.341000E+03   0.558241E-10   0.148106E-09  -0.497423E-09
   0.342000E+03   0.149752E-09   0.361914E-09  -0.581240E-09
   0.343000E+03   0.228464E-09   0.539086E-09  -0.605817E-09
   0.344000E+03   0.283899E-09   0.661490E-09  -0.568549E-09
   0.345000E+03   0.310359E-09   0.716559E-09  -0.473144E-09
   0.346000E+03   0.305097E-09   0.698583E-09  -0.329252E-09
   0.347000E+03   0.268602E-09   0.609295E-09  -0.151494E-09
   0.348000E+03   0.204556E-09   0.457712E-09   0.420305E-10
   0.349000E+03   0.119464E-09   0.259218E-09   0.231579E-09
   0.350000E+03   0.219909E-10   0.340076E-10   0.397785E-09
   0.351000E+03  -0.779157E-10  -0.194972E-09   0.523633E-09
   0.352000E+03  -0.170041E-09  -0.404358E-09   0.596203E-09
   0.353000E+03  -0.244947E-09  -0.572754E-09   0.607992E-09
   0.354000E+03  -0.294937E-09  -0.682921E-09   0.557697E-09
   0.355000E+03  -0.314845E-09  -0.723538E-09   0.450350E-09
   0.356000E+03  -0.302570E-09  -0.690366E-09   0.296819E-09
   0.357000E+03  -0.259294E-09  -0.586693E-09   0.112708E-09
   0.358000E+03  -0.189372E-09  -0.423006E-09  -0.832312E-10
   0.359000E+03  -0.998859E-10  -0.215931E-09  -0.271008E-09
   0.360000E+03   0.654689E-13   0.134540E-10  -0.431431E-09
   0.361000E+03   0.100297E-09   0.241767E-09  -0.548070E-09
   0.362000E+03   0.190575E-09   0.445705E-09  -0.608942E-09
   0.363000E+03   0.261659E-09   0.604418E-09  -0.607734E-09
   0.364000E+03   0.306252E-09   0.701647E-09  -0.544468E-09
   0.365000E+03   0.319746E-09   0.727384E-09  -0.425498E-09
   0.366000E+03   0.300700E-09   0.678906E-09  -0.262881E-09
   0.367000E+03   0.250992E-09   0.561061E-09  -0.731490E-10
   0.368000E+03   0.175632E-09   0.385781E-09   0.124369E-09
   0.369000E+03   0.822609E-10   0.170880E-09   0.309516E-09
   0.370000E+03  -0.196300E-10  -0.617640E-10   0.463366E-09
   0.371000E+03  -0.119661E-09  -0.288429E-09   0.570157E-09
   0.372000E+03  -0.207624E-09  -0.485972E-09   0.618908E-09
   0.373000E+03  -0.274524E-09  -0.634192E-09   0.604543E-09
   0.374000E+03  -0.313501E-09  -0.717893E-09   0.528426E-09
   0.375000E+03  -0.320534E-09  -0.728444E-09   0.398228E-09
   0.376000E+03  -0.294855E-09  -0.664668E-09   0.227154E-09
   0.377000E+03  -0.239036E-09  -0.532972E-09   0.326056E-10
   0.378000E+03  -0.158732E-09  -0.346703E-09  -0.165589E-09
   0.379000E+03  -0.621058E-10  -0.124799E-09  -0.347198E-09
   0.380000E+03   0.409970E-10   0.110144E-09  -0.493650E-09
   0.381000E+03   0.140053E-09   0.334166E-09  -0.589933E-09
   0.382000E+03   0.224933E-09   0.524390E-09  -0.626131E-09
   0.383000E+03   0.286939E-09   0.661357E-09  -0.598450E-09
   0.384000E+03   0.319693E-09   0.731017E-09  -0.509611E-09
   0.385000E+03   0.319795E-09   0.726173E-09  -0.368586E-09
   0.386000E+03   0.287173E-09   0.647218E-09  -0.189687E-09
   0.387000E+03   0.225100E-09   0.502113E-09   0.887907E-11
   0.388000E+03   0.139861E-09   0.305578E-09   0.206870E-09
   0.389000E+03   0.401214E-10   0.776055E-10   0.384069E-09
   0.390000E+03  -0.639575E-10  -0.158580E-09   0.522349E-09
   0.391000E+03  -0.161751E-09  -0.378884E-09   0.607526E-09
   0.392000E+03  -0.243257E-09  -0.560800E-09   0.630818E-09
   0.393000E+03  -0.300119E-09  -0.685709E-09   0.589746E-09
   0.394000E+03  -0.326479E-09  -0.740786E-09   0.488398E-09
   0.395000E+03  -0.319588E-09  -0.720318E-09   0.337027E-09
   0.396000E+03  -0.280084E-09  -0.626291E-09   0.151008E-09
   0.397000E+03  -0.211938E-09  -0.468206E-09  -0.507226E-10
   0.398000E+03  -0.122056E-09  -0.262112E-09  -0.247590E-09
   0.399000E+03  -0.195734E-10  -0.289829E-10  -0.419485E-09
   0.400000E+03   0.850688E-10   0.207423E-09  -0.548817E-09
   0.401000E+03   0.181190E-09   0.422977E-09  -0.622309E-09
   0.402000E+03   0.258962E-09   0.595649E-09  -0.632370E-09
   0.403000E+03   0.310411E-09   0.707755E-09  -0.577871E-09
   0.404000E+03   0.330239E-09   0.747766E-09  -0.464273E-09
   0.405000E+03   0.316367E-09   0.711500E-09  -0.303083E-09
   0.406000E+03   0.270157E-09   0.602552E-09  -0.110686E-09
   0.407000E+03   0.196275E-09   0.431942E-09   0.933207E-10
   0.408000E+03   0.102223E-09   0.216998E-09   0.288123E-09
   0.409000E+03  -0.242194E-11  -0.204027E-10   0.453811E-09
   0.410000E+03  -0.106983E-09  -0.256061E-09   0.573418E-09
   0.411000E+03  -0.200773E-09  -0.465921E-09   0.634655E-09
   0.412000E+03  -0.274185E-09  -0.628527E-09   0.631174E-09
   0.413000E+03  -0.319675E-09  -0.727218E-09   0.563226E-09
   0.414000E+03  -0.332539E-09  -0.751831E-09   0.437645E-09
   0.415000E+03  -0.311398E-09  -0.699751E-09   0.267162E-09
   0.416000E+03  -0.258345E-09  -0.576185E-09   0.691166E-10
   0.417000E+03  -0.178737E-09  -0.393646E-09  -0.136312E-09
   0.418000E+03  -0.806575E-10  -0.170679E-09  -0.328156E-09
   0.419000E+03   0.259093E-10   0.700156E-10  -0.486800E-09
   0.420000E+03   0.130090E-09   0.303899E-09  -0.595989E-09
   0.421000E+03   0.221234E-09   0.507094E-09  -0.644492E-09
   0.422000E+03   0.290001E-09   0.658821E-09  -0.627256E-09
   0.423000E+03   0.329317E-09   0.743526E-09  -0.545933E-09
   0.424000E+03   0.335103E-09   0.752473E-09  -0.408726E-09
   0.425000E+03   0.306696E-09   0.684645E-09  -0.229555E-09
   0.426000E+03   0.246928E-09   0.546860E-09  -0.266496E-10
   0.427000E+03   0.161834E-09   0.353083E-09   0.179305E-09
   0.428000E+03   0.600542E-10   0.123014E-09   0.367280E-09
   0.429000E+03  -0.480543E-10  -0.119916E-09   0.518049E-09
   0.430000E+03  -0.151465E-09  -0.350935E-09   0.616150E-09
   0.431000E+03  -0.239611E-09  -0.546448E-09   0.651480E-09
   0.432000E+03  -0.303463E-09  -0.686457E-09   0.620326E-09
   0.433000E+03  -0.336454E-09  -0.756596E-09   0.525760E-09
   0.434000E+03  -0.335160E-09  -0.749615E-09   0.377338E-09
   0.435000E+03  -0.299649E-09  -0.666120E-09   0.190129E-09
   0.436000E+03  -0.233486E-09  -0.514529E-09  -0.168080E-10
   0.437000E+03  -0.143375E-09  -0.310222E-09  -0.222370E-09
   0.438000E+03  -0.384773E-10  -0.739765E-10  -0.405556E-09
   0.439000E+03   0.705159E-10   0.170140E-09  -0.547618E-09
   0.440000E+03   0.172474E-09   0.397224E-09  -0.633974E-09
   0.441000E+03   0.256964E-09   0.584079E-09  -0.655708E-09
   0.442000E+03   0.315316E-09   0.711581E-09  -0.610487E-09
   0.443000E+03   0.341513E-09   0.766637E-09  -0.502816E-09
   0.444000E+03   0.332813E-09   0.743531E-09  -0.343581E-09
   0.445000E+03   0.290033E-09   0.644516E-09  -0.148956E-09
   0.446000E+03   0.217473E-09   0.479595E-09   0.612421E-10
   0.447000E+03   0.122486E-09   0.265509E-09   0.265574E-09
   0.448000E+03   0.147318E-10   0.240417E-10   0.443163E-09
   0.449000E+03  -0.948056E-10  -0.220201E-09   0.575824E-09
   0.450000E+03  -0.194936E-09  -0.442297E-09   0.649931E-09
   0.451000E+03  -0.275408E-09  -0.619550E-09   0.657814E-09
   0.452000E+03  -0.327953E-09  -0.733810E-09   0.598552E-09
   0.453000E+03  -0.347140E-09  -0.773330E-09   0.478078E-09
   0.454000E+03  -0.330933E-09  -0.733977E-09   0.308587E-09
   0.455000E+03  -0.280905E-09  -0.619661E-09   0.107300E-09
   0.456000E+03  -0.202087E-09  -0.441947E-09  -0.105286E-09
   0.457000E+03  -0.102460E-09  -0.218885E-09  -0.307486E-09
   0.458000E+03   0.785160E-11   0.268199E-10  -0.478636E-09
   0.459000E+03   0.117614E-09   0.270124E-09  -0.601210E-09
   0.460000E+03   0.215626E-09   0.486194E-09  -0.662611E-09
   0.461000E+03   0.291862E-09   0.652942E-09  -0.656465E-09
   0.462000E+03   0.338501E-09   0.753286E-09  -0.583286E-09
   0.463000E+03   0.350727E-09   0.776894E-09  -0.450434E-09
   0.464000E+03   0.327228E-09   0.721256E-09  -0.271371E-09
   0.465000E+03   0.270339E-09   0.591943E-09  -0.643040E-10
   0.466000E+03   0.185806E-09   0.402054E-09   0.149673E-09
   0.467000E+03   0.822109E-10   0.170886E-09   0.348725E-09
   0.468000E+03  -0.299040E-10  -0.780244E-10   0.512502E-09
   0.469000E+03  -0.139105E-09  -0.319298E-09   0.624224E-09
   0.470000E+03  -0.234234E-09  -0.528303E-09   0.672398E-09
   0.471000E+03  -0.305551E-09  -0.683665E-09   0.651999E-09
   0.472000E+03  -0.345730E-09  -0.769458E-09   0.564996E-09
   0.473000E+03  -0.350609E-09  -0.776835E-09   0.420163E-09
   0.474000E+03  -0.319629E-09  -0.704939E-09   0.232194E-09
   0.475000E+03  -0.255891E-09  -0.561003E-09   0.202085E-10
   0.476000E+03  -0.165850E-09  -0.359621E-09  -0.194186E-09
   0.477000E+03  -0.586604E-10  -0.121271E-09  -0.389101E-09
   0.478000E+03   0.547509E-10   0.129770E-09  -0.544602E-09
   0.479000E+03   0.162801E-09   0.367897E-09  -0.644745E-09
   0.480000E+03   0.254429E-09   0.568787E-09  -0.679211E-09
   0.481000E+03   0.320232E-09   0.711888E-09  -0.644372E-09
   0.482000E+03   0.353424E-09   0.782515E-09  -0.543670E-09
   0.483000E+03   0.350541E-09   0.773363E-09  -0.387278E-09
   0.484000E+03   0.311793E-09   0.685258E-09  -0.191073E-09
   0.485000E+03   0.241060E-09   0.527086E-09   0.249758E-10
   0.486000E+03   0.145496E-09   0.314895E-09   0.238840E-09
   0.487000E+03   0.348089E-10   0.702708E-10   0.428678E-09
   0.488000E+03  -0.797276E-10  -0.181865E-09   0.575063E-09
   0.489000E+03  -0.186422E-09  -0.415786E-09   0.662976E-09
   0.490000E+03  -0.274357E-09  -0.607594E-09   0.683340E-09
   0.491000E+03  -0.334511E-09  -0.737653E-09   0.633963E-09
   0.492000E+03  -0.360678E-09  -0.792604E-09   0.519771E-09
   0.493000E+03  -0.350112E-09  -0.766734E-09   0.352315E-09
   0.494000E+03  -0.303811E-09  -0.662572E-09   0.148607E-09
   0.495000E+03  -0.226429E-09  -0.490640E-09  -0.706137E-10
   0.496000E+03  -0.125802E-09  -0.268392E-09  -0.282986E-09
   0.497000E+03  -0.121588E-10  -0.184382E-10  -0.466813E-09
   0.498000E+03   0.102922E-09   0.233750E-09  -0.603274E-09
   0.499000E+03   0.207689E-09   0.462438E-09  -0.678357E-09
   0.500000E+03   0.291421E-09   0.644257E-09  -0.684290E-09
   0.501000E+03   0.345521E-09   0.760586E-09  -0.620354E-09
   0.502000E+03   0.364402E-09   0.799465E-09  -0.492960E-09
   0.503000E+03   0.346064E-09   0.756819E-09  -0.315013E-09
   0.504000E+03   0.292304E-09   0.636888E-09  -0.104600E-09
   0.505000E+03   0.208543E-09   0.451804E-09   0.116843E-09
   0.506000E+03   0.103278E-09   0.220366E-09   0.326721E-09
   0.507000E+03  -0.127750E-10  -0.338736E-10   0.503579E-09
   0.508000E+03  -0.127778E-09  -0.285002E-09   0.629297E-09
   0.509000E+03  -0.229972E-09  -0.507391E-09   0.690950E-09
   0.510000E+03  -0.308880E-09  -0.678308E-09   0.682131E-09
   0.511000E+03  -0.356383E-09  -0.780245E-09   0.603619E-09
   0.512000E+03  -0.367549E-09  -0.802706E-09   0.463311E-09
   0.513000E+03  -0.341150E-09  -0.743297E-09   0.275432E-09
   0.514000E+03  -0.279792E-09  -0.607970E-09   0.590855E-10
   0.515000E+03  -0.189661E-09  -0.410435E-09  -0.163683E-09
   0.516000E+03  -0.798929E-10  -0.170767E-09  -0.370133E-09
   0.517000E+03   0.383451E-10   0.866322E-10  -0.539154E-09
   0.518000E+03   0.152996E-09   0.335519E-09  -0.653418E-09
   0.519000E+03   0.252341E-09   0.550484E-09  -0.701160E-09
   0.520000E+03   0.326197E-09   0.709545E-09  -0.677387E-09
   0.521000E+03   0.366960E-09   0.796397E-09  -0.584403E-09
   0.522000E+03   0.370388E-09   0.802082E-09  -0.431580E-09
   0.523000E+03   0.336042E-09   0.725913E-09  -0.234420E-09
   0.524000E+03   0.267339E-09   0.575555E-09  -0.129771E-10
   0.525000E+03   0.171213E-09   0.366255E-09   0.210177E-09
   0.526000E+03   0.574142E-10   0.119295E-09   0.412259E-09
   0.527000E+03  -0.624816E-10  -0.140170E-09   0.572595E-09
   0.528000E+03  -0.176249E-09  -0.385678E-09   0.674739E-09
   0.529000E+03  -0.272260E-09  -0.592154E-09   0.708158E-09
   0.530000E+03  -0.340675E-09  -0.738474E-09   0.669317E-09
   0.531000E+03  -0.374448E-09  -0.809625E-09   0.562055E-09
   0.532000E+03  -0.370058E-09  -0.798245E-09   0.397202E-09
   0.533000E+03  -0.327870E-09  -0.705386E-09   0.191490E-09
   0.534000E+03  -0.252110E-09  -0.540413E-09  -0.341491E-10
   0.535000E+03  -0.150443E-09  -0.320068E-09  -0.256712E-09
   0.536000E+03  -0.331958E-10  -0.667616E-10  -0.453469E-09
   0.537000E+03   0.876911E-10   0.193699E-09  -0.604284E-09
   0.538000E+03   0.199878E-09   0.434743E-09  -0.693679E-09
   0.539000E+03   0.291888E-09   0.631746E-09  -0.712416E-09
   0.540000E+03   0.354276E-09   0.764544E-09  -0.658459E-09
   0.541000E+03   0.380603E-09   0.819501E-09  -0.537187E-09
   0.542000E+03   0.368099E-09   0.790903E-09  -0.360864E-09
   0.543000E+03   0.317951E-09   0.681558E-09  -0.147393E-09
   0.544000E+03   0.235195E-09   0.502516E-09   0.814971E-10
   0.545000E+03   0.128208E-09   0.271956E-09   0.302466E-09
   0.546000E+03   0.785932E-11   0.133376E-10   0.492941E-09
   0.547000E+03  -0.113591E-09  -0.246986E-09   0.633425E-09
   0.548000E+03  -0.223743E-09  -0.482451E-09   0.709490E-09
   0.549000E+03  -0.311325E-09  -0.668996E-09   0.713259E-09
   0.550000E+03  -0.367340E-09  -0.787520E-09   0.644225E-09
   0.551000E+03  -0.386000E-09  -0.825840E-09   0.509311E-09
   0.552000E+03  -0.365315E-09  -0.779938E-09   0.322178E-09
   0.553000E+03  -0.307309E-09  -0.654388E-09   0.101842E-09
   0.554000E+03  -0.217823E-09  -0.461899E-09  -0.129258E-09
   0.555000E+03  -0.105924E-09  -0.222027E-09  -0.347546E-09
   0.556000E+03   0.170088E-10   0.408134E-10  -0.530714E-09
   0.557000E+03   0.138448E-09   0.299827E-09  -0.660000E-09
   0.558000E+03   0.245988E-09   0.528578E-09  -0.722114E-09
   0.559000E+03   0.328618E-09   0.703681E-09  -0.710598E-09
   0.560000E+03   0.377846E-09   0.807196E-09  -0.626504E-09
   0.561000E+03   0.388573E-09   0.828467E-09  -0.478293E-09
   0.562000E+03   0.359622E-09   0.765213E-09  -0.280990E-09
   0.563000E+03   0.293869E-09   0.623781E-09  -0.546559E-10
   0.564000E+03   0.197953E-09   0.418500E-09   0.177648E-09
   0.565000E+03   0.816123E-10   0.170238E-09   0.392212E-09
   0.566000E+03  -0.433060E-10  -0.957257E-10   0.567096E-09
   0.567000E+03  -0.164051E-09  -0.352271E-09   0.684373E-09
   0.568000E+03  -0.268270E-09  -0.573203E-09   0.731969E-09
   0.569000E+03  -0.345268E-09  -0.735927E-09   0.704902E-09
   0.570000E+03  -0.387108E-09  -0.823759E-09   0.605805E-09
   0.571000E+03  -0.389427E-09  -0.827635E-09   0.444669E-09
   0.572000E+03  -0.351889E-09  -0.747049E-09   0.237840E-09
   0.573000E+03  -0.278234E-09  -0.590111E-09   0.635593E-11
   0.574000E+03  -0.175898E-09  -0.372736E-09  -0.226191E-09
   0.575000E+03  -0.552707E-10  -0.117029E-09  -0.436059E-09
   0.576000E+03   0.713656E-10   0.150967E-09  -0.601777E-09
   0.577000E+03   0.191081E-09   0.403917E-09  -0.706349E-09
   0.578000E+03   0.291622E-09   0.615988E-09  -0.738988E-09
   0.579000E+03   0.362659E-09   0.765482E-09  -0.696234E-09
   0.580000E+03   0.396855E-09   0.837059E-09  -0.582318E-09
   0.581000E+03   0.390613E-09   0.823309E-09  -0.408745E-09
   0.582000E+03   0.344460E-09   0.725523E-09  -0.193128E-09
   0.583000E+03   0.263003E-09   0.553565E-09   0.425917E-10
   0.584000E+03   0.154465E-09   0.324884E-09   0.274386E-09
   0.585000E+03   0.298576E-10   0.627399E-10   0.478582E-09
   0.586000E+03  -0.981376E-10  -0.206162E-09   0.634286E-09
   0.587000E+03  -0.216460E-09  -0.454390E-09   0.725515E-09
   0.588000E+03  -0.313002E-09  -0.656589E-09   0.742843E-09
   0.589000E+03  -0.377851E-09  -0.792065E-09   0.684370E-09
   0.590000E+03  -0.404305E-09  -0.846905E-09   0.555933E-09
   0.591000E+03  -0.389563E-09  -0.815408E-09   0.370522E-09
   0.592000E+03  -0.335029E-09  -0.700675E-09   0.146966E-09
   0.593000E+03  -0.246170E-09  -0.514305E-09  -0.919785E-10
   0.594000E+03  -0.131976E-09  -0.275220E-09  -0.321943E-09
   0.595000E+03  -0.404572E-11  -0.774873E-11  -0.519434E-09
   0.596000E+03   0.124588E-09   0.260853E-09  -0.664230E-09
   0.597000E+03   0.240788E-09   0.503180E-09  -0.741456E-09
   0.598000E+03   0.332651E-09   0.694471E-09  -0.743108E-09
   0.599000E+03   0.390731E-09   0.815141E-09  -0.668882E-09
   0.600000E+03   0.409007E-09   0.852786E-09  -0.526222E-09
   0.601000E+03   0.385507E-09   0.803461E-09  -0.329572E-09
   0.602000E+03   0.322521E-09   0.672087E-09  -0.989112E-10
   0.603000E+03   0.226381E-09   0.471967E-09   0.142271E-09
   0.604000E+03   0.106819E-09   0.223434E-09   0.369370E-09
   0.605000E+03  -0.240118E-10  -0.482108E-10   0.559176E-09
   0.606000E+03  -0.152775E-09  -0.315276E-09   0.692244E-09
   0.607000E+03  -0.266309E-09  -0.550501E-09   0.754887E-09
   0.608000E+03  -0.352972E-09  -0.729842E-09   0.740581E-09
   0.609000E+03  -0.403833E-09  -0.834925E-09   0.650650E-09
   0.610000E+03  -0.413593E-09  -0.854932E-09   0.494137E-09
   0.611000E+03  -0.381137E-09  -0.787713E-09   0.286899E-09
   0.612000E+03  -0.309657E-09  -0.640016E-09   0.500002E-10
   0.613000E+03  -0.206338E-09  -0.426811E-09  -0.192429E-09
   0.614000E+03  -0.816362E-10  -0.169774E-09  -0.415652E-09
   0.615000E+03   0.517789E-10   0.104919E-09  -0.596848E-09
   0.616000E+03   0.180314E-09   0.369259E-09  -0.717443E-09
   0.617000E+03   0.290836E-09   0.596253E-09  -0.765018E-09
   0.618000E+03   0.372013E-09   0.762687E-09  -0.734586E-09
   0.619000E+03   0.415481E-09   0.851498E-09  -0.629110E-09
   0.620000E+03   0.416699E-09   0.853522E-09  -0.459222E-09
   0.621000E+03   0.375428E-09   0.768439E-09  -0.242146E-09
   0.622000E+03   0.295766E-09   0.604820E-09   0.465253E-13
   0.623000E+03   0.185741E-09   0.379261E-09   0.242682E-09
   0.624000E+03   0.565013E-10   0.114701E-09   0.460996E-09
   0.625000E+03  -0.788113E-10  -0.161912E-09   0.632663E-09
   0.626000E+03  -0.206400E-09  -0.422363E-09   0.740079E-09
   0.627000E+03  -0.313220E-09  -0.640053E-09   0.772168E-09
   0.628000E+03  -0.388310E-09  -0.792709E-09   0.725520E-09
   0.629000E+03  -0.423919E-09  -0.864669E-09   0.604756E-09
   0.630000E+03  -0.416308E-09  -0.848484E-09   0.422072E-09
   0.631000E+03  -0.366137E-09  -0.745692E-09   0.196003E-09
   0.632000E+03  -0.278417E-09  -0.566668E-09  -0.504543E-10
   0.633000E+03  -0.162006E-09  -0.329584E-09  -0.292182E-09
   0.634000E+03  -0.287177E-10  -0.585577E-10  -0.504500E-09
   0.635000E+03   0.107880E-09   0.218798E-09  -0.665688E-09
   0.636000E+03   0.233840E-09   0.474189E-09  -0.759203E-09
   0.637000E+03   0.336264E-09   0.681526E-09  -0.775383E-09
   0.638000E+03   0.404620E-09   0.819592E-09  -0.712440E-09
   0.639000E+03   0.431824E-09   0.874208E-09  -0.576659E-09
   0.640000E+03   0.414976E-09   0.839698E-09  -0.381771E-09
   0.641000E+03   0.355665E-09   0.719471E-09  -0.147562E-09
   0.642000E+03   0.259822E-09   0.525687E-09   0.102132E-09
   0.643000E+03   0.137125E-09   0.278030E-09   0.341854E-09
   0.644000E+03   0.256878E-13   0.170422E-11   0.547118E-09
   0.645000E+03  -0.137518E-09  -0.275127E-09   0.696914E-09
   0.646000E+03  -0.261460E-09  -0.524214E-09   0.775855E-09
   0.647000E+03  -0.359101E-09  -0.720103E-09   0.775759E-09
   0.648000E+03  -0.420389E-09  -0.842737E-09   0.696494E-09
   0.649000E+03  -0.438953E-09  -0.879510E-09   0.546012E-09
   0.650000E+03  -0.412768E-09  -0.826563E-09   0.339544E-09
   0.651000E+03  -0.344368E-09  -0.689187E-09   0.980631E-10
   0.652000E+03  -0.240608E-09  -0.481298E-09  -0.153846E-09
   0.653000E+03  -0.111976E-09  -0.224024E-09  -0.390492E-09
   0.654000E+03   0.284693E-10   0.564394E-10  -0.587695E-09
   0.655000E+03   0.166422E-09   0.331497E-09  -0.725257E-09
   0.656000E+03   0.287785E-09   0.573070E-09  -0.789034E-09
   0.657000E+03   0.380111E-09   0.756461E-09  -0.772384E-09
   0.658000E+03   0.433877E-09   0.862879E-09  -0.676862E-09
   0.659000E+03   0.443469E-09   0.881365E-09  -0.512078E-09
   0.660000E+03   0.407763E-09   0.809921E-09  -0.294725E-09
   0.661000E+03   0.330260E-09   0.655724E-09  -0.468922E-10
   0.662000E+03   0.218738E-09   0.434404E-09   0.206181E-09
   0.663000E+03   0.844749E-10   0.168462E-09   0.438673E-09
   0.664000E+03  -0.588910E-10  -0.115017E-09   0.626820E-09
   0.665000E+03  -0.196746E-09  -0.387127E-09   0.751336E-09
   0.666000E+03  -0.314992E-09  -0.620085E-09   0.799398E-09
   0.667000E+03  -0.401480E-09  -0.790067E-09   0.765957E-09
   0.668000E+03  -0.447267E-09  -0.879648E-09   0.654276E-09
   0.669000E+03  -0.447531E-09  -0.879585E-09   0.475607E-09
   0.670000E+03  -0.402081E-09  -0.789772E-09   0.248057E-09
   0.671000E+03  -0.315392E-09  -0.619263E-09  -0.524630E-11
   0.672000E+03  -0.196164E-09  -0.385357E-09  -0.258504E-09
   0.673000E+03  -0.564484E-10  -0.111845E-09  -0.485874E-09
   0.674000E+03   0.895680E-10   0.173411E-09  -0.664112E-09
   0.675000E+03   0.227006E-09   0.441317E-09  -0.774940E-09
   0.676000E+03   0.341808E-09   0.664513E-09  -0.806929E-09
   0.677000E+03   0.422174E-09   0.820168E-09  -0.756668E-09
   0.678000E+03   0.459779E-09   0.892315E-09  -0.629135E-09
   0.679000E+03   0.450626E-09   0.873491E-09  -0.437199E-09
   0.680000E+03   0.395476E-09   0.765507E-09  -0.200324E-09
   0.681000E+03   0.299787E-09   0.579276E-09   0.574092E-10
   0.682000E+03   0.173169E-09   0.333708E-09   0.309745E-09
   0.683000E+03   0.284250E-10   0.537930E-10   0.530933E-09
   0.684000E+03  -0.119746E-09  -0.231946E-09   0.698353E-09
   0.685000E+03  -0.256242E-09  -0.494355E-09   0.794829E-09
   0.686000E+03  -0.367096E-09  -0.706629E-09   0.810392E-09
   0.687000E+03  -0.440903E-09  -0.847044E-09   0.743308E-09
   0.688000E+03  -0.469996E-09  -0.901188E-09   0.600271E-09
   0.689000E+03  -0.451237E-09  -0.863434E-09   0.395734E-09
   0.690000E+03  -0.386359E-09  -0.737529E-09   0.150450E-09
   0.691000E+03  -0.281805E-09  -0.536218E-09  -0.110636E-09
   0.692000E+03  -0.148089E-09  -0.279962E-09  -0.360919E-09
   0.693000E+03   0.126136E-11   0.515108E-11  -0.574850E-09
   0.694000E+03   0.151069E-09   0.290054E-09  -0.730543E-09
   0.695000E+03   0.286051E-09   0.545668E-09  -0.812009E-09
   0.696000E+03   0.392378E-09   0.745872E-09  -0.810804E-09
   0.697000E+03   0.459084E-09   0.870167E-09  -0.726897E-09
   0.698000E+03   0.479200E-09   0.905781E-09  -0.568693E-09
   0.699000E+03   0.450480E-09   0.848976E-09  -0.352188E-09
   0.700000E+03   0.375647E-09   0.705448E-09  -0.993527E-10
   0.701000E+03   0.262135E-09   0.489747E-09   0.164098E-09
   0.702000E+03   0.121353E-09   0.223810E-09   0.411322E-09
   0.703000E+03  -0.324640E-10  -0.652725E-10   0.617083E-09
   0.704000E+03  -0.183691E-09  -0.348017E-09   0.760326E-09
   0.705000E+03  -0.316900E-09  -0.595551E-09   0.826334E-09
   0.706000E+03  -0.418436E-09  -0.782565E-09   0.808239E-09
   0.707000E+03  -0.477809E-09  -0.889897E-09   0.707734E-09
   0.708000E+03  -0.488781E-09  -0.906496E-09   0.534917E-09
   0.709000E+03  -0.450017E-09  -0.830564E-09   0.307275E-09
   0.710000E+03  -0.365240E-09  -0.669744E-09   0.479148E-10
   0.711000E+03  -0.242877E-09  -0.440357E-09  -0.216784E-09
   0.712000E+03  -0.952209E-10  -0.165740E-09  -0.459851E-09
   0.713000E+03   0.628084E-10   0.126122E-09  -0.656476E-09
   0.714000E+03   0.215167E-09   0.405453E-09  -0.786537E-09
   0.715000E+03   0.346317E-09   0.643720E-09  -0.836664E-09
   0.716000E+03   0.442810E-09   0.816550E-09  -0.801611E-09
   0.717000E+03   0.494666E-09   0.906223E-09  -0.684803E-09
   0.718000E+03   0.496401E-09   0.903486E-09  -0.498006E-09
   0.719000E+03   0.447608E-09   0.808512E-09  -0.260135E-09
   0.720000E+03   0.353022E-09   0.630892E-09   0.465815E-11
   0.721000E+03   0.222060E-09   0.388663E-09   0.269436E-09
   0.722000E+03   0.678818E-10   0.106482E-09   0.507218E-09
   0.723000E+03  -0.939253E-10  -0.186887E-09   0.693733E-09
   0.724000E+03  -0.246926E-09  -0.461506E-09   0.809889E-09
   0.725000E+03  -0.375500E-09  -0.689315E-09   0.843736E-09
   0.726000E+03  -0.466440E-09  -0.847004E-09   0.791688E-09
   0.727000E+03  -0.510300E-09  -0.918394E-09   0.658907E-09
   0.728000E+03  -0.502376E-09  -0.896101E-09   0.458785E-09
   0.729000E+03  -0.443209E-09  -0.782299E-09   0.211600E-09
   0.730000E+03  -0.338554E-09  -0.588507E-09  -0.575448E-10
   0.731000E+03  -0.198819E-09  -0.334426E-09  -0.321269E-09
   0.732000E+03  -0.380361E-10  -0.459360E-10  -0.552700E-09
   0.733000E+03   0.127551E-09   0.247542E-09  -0.728213E-09
   0.734000E+03   0.281125E-09   0.516043E-09  -0.829840E-09
   0.735000E+03   0.406994E-09   0.732122E-09  -0.847111E-09
   0.736000E+03   0.492201E-09   0.873655E-09  -0.778131E-09
   0.737000E+03   0.527845E-09   0.926109E-09  -0.629786E-09
   0.738000E+03   0.510010E-09   0.884033E-09  -0.417055E-09
   0.739000E+03   0.440188E-09   0.751625E-09  -0.161495E-09
   0.740000E+03   0.325158E-09   0.542314E-09   0.110940E-09
   0.741000E+03   0.176327E-09   0.277400E-09   0.372540E-09
   0.742000E+03   0.859885E-11  -0.161145E-10   0.596656E-09
   0.743000E+03  -0.161118E-09  -0.308276E-09   0.760413E-09
   0.744000E+03  -0.315612E-09  -0.569236E-09   0.847049E-09
   0.745000E+03  -0.439111E-09  -0.772303E-09   0.847624E-09
   0.746000E+03  -0.518889E-09  -0.896669E-09   0.761946E-09
   0.747000E+03  -0.546571E-09  -0.929547E-09   0.598600E-09
   0.748000E+03  -0.519008E-09  -0.867482E-09   0.374088E-09
   0.749000E+03  -0.438628E-09  -0.716719E-09   0.111160E-09
   0.750000E+03  -0.313221E-09  -0.492571E-09  -0.163494E-09
   0.751000E+03  -0.155185E-09  -0.217871E-09  -0.421954E-09
   0.752000E+03   0.197001E-10   0.793612E-10  -0.637907E-09
   0.753000E+03   0.193845E-09   0.368769E-09  -0.789329E-09
   0.754000E+03   0.349620E-09   0.620765E-09  -0.860729E-09
   0.755000E+03   0.471133E-09   0.809552E-09  -0.844733E-09
   0.756000E+03   0.545845E-09   0.915768E-09  -0.742844E-09
   0.757000E+03   0.565860E-09   0.928468E-09  -0.565300E-09
   0.758000E+03   0.528749E-09   0.846258E-09  -0.330044E-09
   0.759000E+03   0.437832E-09   0.677447E-09  -0.609053E-10
   0.760000E+03   0.301881E-09   0.439206E-09   0.214814E-09
   0.761000E+03   0.134272E-09   0.155826E-09   0.469112E-09
   0.762000E+03  -0.483278E-10  -0.143760E-09   0.676129E-09
   0.763000E+03  -0.227621E-09  -0.428929E-09   0.814785E-09
   0.764000E+03  -0.385505E-09  -0.670499E-09   0.870918E-09
   0.765000E+03  -0.505898E-09  -0.843714E-09   0.838735E-09
   0.766000E+03  -0.576366E-09  -0.930785E-09   0.721407E-09
   0.767000E+03  -0.589405E-09  -0.922716E-09   0.530754E-09
   0.768000E+03  -0.543222E-09  -0.820232E-09   0.286051E-09
   0.769000E+03  -0.441965E-09  -0.633726E-09   0.120792E-10
   0.770000E+03  -0.295346E-09  -0.382196E-09  -0.263390E-09
   0.771000E+03  -0.117713E-09  -0.913197E-10  -0.512408E-09
   0.772000E+03   0.733570E-10   0.209169E-09  -0.709689E-09
   0.773000E+03   0.258790E-09   0.488516E-09  -0.835178E-09
   0.774000E+03   0.419918E-09   0.718099E-09  -0.876087E-09
   0.775000E+03   0.540354E-09   0.874353E-09  -0.828202E-09
   0.776000E+03   0.607653E-09   0.941198E-09  -0.696309E-09
   0.777000E+03   0.614595E-09   0.911686E-09  -0.493726E-09
   0.778000E+03   0.559968E-09   0.788731E-09  -0.240947E-09
   0.779000E+03   0.448748E-09   0.584819E-09   0.364155E-10
   0.780000E+03   0.291683E-09   0.320738E-09   0.310229E-09
   0.781000E+03   0.104289E-09   0.234623E-10   0.552675E-09
   0.782000E+03  -0.946207E-10  -0.276615E-09   0.739062E-09
   0.783000E+03  -0.284752E-09  -0.548788E-09   0.850314E-09
   0.784000E+03  -0.446309E-09  -0.765196E-09   0.874890E-09
   0.785000E+03  -0.561938E-09  -0.903687E-09   0.809941E-09
   0.786000E+03  -0.618459E-09  -0.950101E-09   0.661586E-09
   0.787000E+03  -0.608201E-09  -0.899742E-09   0.444284E-09
   0.788000E+03  -0.529828E-09  -0.757875E-09   0.179366E-09
   0.789000E+03  -0.388553E-09  -0.539204E-09  -0.107125E-09
   0.790000E+03  -0.195735E-09  -0.266375E-09  -0.387058E-09
   0.791000E+03   0.321175E-10   0.323351E-10  -0.633040E-09
   0.792000E+03   0.274833E-09   0.325926E-09  -0.821158E-09
   0.793000E+03   0.510419E-09   0.583858E-09  -0.933348E-09
   0.794000E+03   0.717080E-09   0.779214E-09  -0.959176E-09
   0.795000E+03   0.875227E-09   0.891486E-09  -0.896817E-09
   0.796000E+03   0.969280E-09   0.908720E-09  -0.753174E-09
   0.797000E+03   0.989106E-09   0.828790E-09  -0.543105E-09
   0.798000E+03   0.930942E-09   0.659666E-09  -0.287846E-09
   0.799000E+03   0.797742E-09   0.418637E-09  -0.128037E-10
   0.800000E+03   0.598898E-09   0.130587E-09   0.255062E-09
   0.801000E+03   0.349386E-09  -0.174534E-09   0.489986E-09
   0.802000E+03   0.684034E-10  -0.464764E-09   0.670008E-09
   0.803000E+03  -0.222348E-09  -0.709408E-09   0.779157E-09
   0.804000E+03  -0.500587E-09  -0.882210E-09   0.809008E-09
   0.805000E+03  -0.745398E-09  -0.964086E-09   0.759439E-09
   0.806000E+03  -0.939006E-09  -0.945139E-09   0.638528E-09
   0.807000E+03  -0.106824E-08  -0.825751E-09   0.461592E-09
   0.808000E+03  -0.112553E-08  -0.616627E-09   0.249482E-09
   0.809000E+03  -0.110939E-08  -0.337788E-09   0.263211E-10
   0.810000E+03  -0.102431E-08  -0.166085E-10  -0.183097E-09
   0.811000E+03  -0.880172E-09   0.314912E-09  -0.355949E-09
   0.812000E+03  -0.691092E-09   0.623361E-09  -0.473801E-09
   0.813000E+03  -0.474036E-09   0.877291E-09  -0.524554E-09
   0.814000E+03  -0.247166E-09   0.105042E-08  -0.503699E-09
   0.815000E+03  -0.281792E-10   0.112433E-08  -0.414762E-09
   0.816000E+03   0.167239E-09   0.109038E-08  -0.268895E-09
   0.817000E+03   0.326687E-09   0.950646E-09  -0.836420E-10
   0.818000E+03   0.441942E-09   0.717796E-09   0.118975E-09
   0.819000E+03   0.509404E-09   0.413867E-09   0.314854E-09
   0.820000E+03   0.530071E-09   0.681200E-10   0.480440E-09
   0.821000E+03   0.509065E-09  -0.285855E-09   0.595310E-09
   0.822000E+03   0.454781E-09  -0.613477E-09   0.644432E-09
   0.823000E+03   0.377762E-09  -0.882631E-09   0.619859E-09
   0.824000E+03   0.289438E-09  -0.106688E-08   0.521680E-09
   0.825000E+03   0.200848E-09  -0.114812E-08   0.358124E-09
   0.826000E+03   0.121505E-09  -0.111842E-08   0.144783E-09
   0.827000E+03   0.584921E-10  -0.980821E-09  -0.969442E-10
   0.828000E+03   0.158959E-10  -0.749058E-09  -0.342056E-09
   0.829000E+03  -0.539238E-11  -0.446192E-09  -0.564552E-09
   0.830000E+03  -0.749432E-11  -0.102324E-09  -0.740184E-09
   0.831000E+03   0.497829E-11   0.248418E-09  -0.849054E-09
   0.832000E+03   0.257126E-10   0.571286E-09  -0.877789E-09
   0.833000E+03   0.476501E-10   0.834386E-09  -0.821064E-09
   0.834000E+03   0.639906E-10   0.101187E-08  -0.682306E-09
   0.835000E+03   0.691273E-10   0.108650E-08  -0.473484E-09
   0.836000E+03   0.594028E-10   0.105140E-08  -0.214024E-09
   0.837000E+03   0.336007E-10   0.910676E-09   0.710836E-10
   0.838000E+03  -0.688002E-11   0.679024E-09   0.353762E-09
   0.839000E+03  -0.581861E-10   0.380216E-09   0.605688E-09
   0.840000E+03  -0.114484E-09   0.446882E-10   0.801191E-09
   0.841000E+03  -0.168688E-09  -0.293529E-09   0.919916E-09
   0.842000E+03  -0.213354E-09  -0.600255E-09   0.948971E-09
   0.843000E+03  -0.241641E-09  -0.844601E-09   0.884345E-09
   0.844000E+03  -0.248208E-09  -0.100208E-08   0.731415E-09
   0.845000E+03  -0.229963E-09  -0.105706E-08   0.504524E-09
   0.846000E+03  -0.186551E-09  -0.100435E-08   0.225614E-09
   0.847000E+03  -0.120539E-09  -0.849637E-09  -0.779103E-10
   0.848000E+03  -0.372535E-10  -0.608970E-09  -0.375905E-09
   0.849000E+03   0.557047E-10  -0.307053E-09  -0.638517E-09
   0.850000E+03   0.149226E-09   0.252554E-10  -0.839204E-09
   0.851000E+03   0.233657E-09   0.354079E-09  -0.957456E-09
   0.852000E+03   0.299852E-09   0.645970E-09  -0.980918E-09
   0.853000E+03   0.340211E-09   0.871297E-09  -0.906708E-09
   0.854000E+03   0.349568E-09   0.100725E-08  -0.741781E-09
   0.855000E+03   0.325845E-09   0.104013E-08  -0.502302E-09
   0.856000E+03   0.270375E-09   0.966750E-09  -0.212068E-09
   0.857000E+03   0.187873E-09   0.794713E-09   0.998393E-10
   0.858000E+03   0.860281E-10   0.541642E-09   0.401969E-09
   0.859000E+03  -0.252325E-10   0.233374E-09   0.663668E-09
   0.860000E+03  -0.134742E-09  -0.986841E-10   0.858194E-09
   0.861000E+03  -0.231251E-09  -0.420745E-09   0.965451E-09
   0.862000E+03  -0.304621E-09  -0.700081E-09   0.974070E-09
   0.863000E+03  -0.346930E-09  -0.908347E-09   0.882618E-09
   0.864000E+03  -0.353361E-09  -0.102445E-08   0.699807E-09
   0.865000E+03  -0.322784E-09  -0.103670E-08   0.443681E-09
   0.866000E+03  -0.257960E-09  -0.943940E-09   0.139844E-09
   0.867000E+03  -0.165328E-09  -0.755708E-09  -0.181084E-09
   0.868000E+03  -0.544058E-10  -0.491207E-09  -0.486531E-09
   0.869000E+03   0.631528E-10  -0.177356E-09  -0.745263E-09
   0.870000E+03   0.174748E-09   0.153961E-09  -0.930550E-09
   0.871000E+03   0.268143E-09   0.469148E-09  -0.102290E-08
   0.872000E+03   0.332772E-09   0.736310E-09  -0.101206E-08
   0.873000E+03   0.360882E-09   0.928502E-09  -0.898150E-09
   0.874000E+03   0.348421E-09   0.102646E-08  -0.691663E-09
   0.875000E+03   0.295543E-09   0.102054E-08  -0.412500E-09
   0.876000E+03   0.206683E-09   0.911691E-09  -0.880115E-10
   0.877000E+03   0.901859E-10   0.711351E-09   0.249718E-09
   0.878000E+03  -0.424773E-10   0.440236E-09   0.567074E-09
   0.879000E+03  -0.177842E-09   0.126230E-09   0.832289E-09
   0.880000E+03  -0.301809E-09  -0.198476E-09   0.101864E-08
   0.881000E+03  -0.401095E-09  -0.500676E-09   0.110717E-08
   0.882000E+03  -0.464631E-09  -0.749539E-09   0.108862E-08
   0.883000E+03  -0.484752E-09  -0.919756E-09   0.964375E-09
   0.884000E+03  -0.458060E-09  -0.994116E-09   0.746415E-09
   0.885000E+03  -0.385861E-09  -0.965252E-09   0.456103E-09
   0.886000E+03  -0.274124E-09  -0.836385E-09   0.122083E-09
   0.887000E+03  -0.132958E-09  -0.620982E-09  -0.222576E-09
   0.888000E+03   0.243431E-10  -0.341363E-09  -0.543692E-09
   0.889000E+03   0.182600E-09  -0.264156E-10  -0.809406E-09
   0.890000E+03   0.326266E-09   0.291373E-09  -0.993385E-09
   0.891000E+03   0.440999E-09   0.579238E-09  -0.107749E-08
   0.892000E+03   0.515140E-09   0.807498E-09  -0.105359E-08
   0.893000E+03   0.540938E-09   0.952588E-09  -0.924427E-09
   0.894000E+03   0.515394E-09   0.999472E-09  -0.703329E-09
   0.895000E+03   0.440624E-09   0.943183E-09  -0.412883E-09
   0.896000E+03   0.323717E-09   0.789333E-09  -0.826635E-10
   0.897000E+03   0.176075E-09   0.553535E-09   0.253747E-09
   0.898000E+03   0.123026E-10   0.259815E-09   0.562150E-09
   0.899000E+03  -0.151232E-09  -0.618511E-10   0.811189E-09
   0.900000E+03  -0.298049E-09  -0.378595E-09   0.975529E-09
   0.901000E+03  -0.413224E-09  -0.658019E-09   0.103843E-08
   0.902000E+03  -0.484926E-09  -0.871512E-09   0.993436E-09
   0.903000E+03  -0.505652E-09  -0.997169E-09   0.845081E-09
   0.904000E+03  -0.473031E-09  -0.102204E-08   0.608404E-09
   0.905000E+03  -0.390117E-09  -0.943449E-09   0.307457E-09
   0.906000E+03  -0.265126E-09  -0.769286E-09  -0.271258E-10
   0.907000E+03  -0.110649E-09  -0.517195E-09  -0.361232E-09
   0.908000E+03   0.575994E-10  -0.212782E-09  -0.660728E-09
   0.909000E+03   0.222357E-09   0.112998E-09  -0.894927E-09
   0.910000E+03   0.366563E-09   0.426993E-09  -0.103972E-08
   0.911000E+03   0.475108E-09   0.697240E-09  -0.108003E-08
   0.912000E+03   0.536401E-09   0.896226E-09  -0.101138E-08
   0.913000E+03   0.543584E-09   0.100370E-08  -0.840361E-09
   0.914000E+03   0.495281E-09   0.100873E-08  -0.583990E-09
   0.915000E+03   0.395787E-09   0.910828E-09  -0.268012E-09
   0.916000E+03   0.254682E-09   0.720012E-09   0.756987E-10
   0.917000E+03   0.858956E-10   0.455767E-09   0.412361E-09
   0.918000E+03  -0.936833E-10   0.145067E-09   0.707814E-09
   0.919000E+03  -0.265911E-09  -0.180372E-09   0.931991E-09
   0.920000E+03  -0.413238E-09  -0.487329E-09   0.106198E-08
   0.921000E+03  -0.520520E-09  -0.744468E-09   0.108440E-08
   0.922000E+03  -0.576587E-09  -0.925532E-09   0.996722E-09
   0.923000E+03  -0.575432E-09  -0.101202E-08   0.807637E-09
   0.924000E+03  -0.516870E-09  -0.995081E-09   0.536151E-09
   0.925000E+03  -0.406606E-09  -0.876406E-09   0.209699E-09
   0.926000E+03  -0.255702E-09  -0.668064E-09  -0.138614E-09
   0.927000E+03  -0.794803E-10  -0.391269E-09  -0.473365E-09
   0.928000E+03   0.104018E-09  -0.742161E-10  -0.760407E-09
   0.929000E+03   0.275872E-09   0.250795E-09  -0.970335E-09
   0.930000E+03   0.418229E-09   0.550652E-09  -0.108150E-08
   0.931000E+03   0.516163E-09   0.794806E-09  -0.108222E-08
   0.932000E+03   0.559247E-09   0.958385E-09  -0.972014E-09
   0.933000E+03   0.542680E-09   0.102473E-08  -0.761687E-09
   0.934000E+03   0.467847E-09   0.987095E-09  -0.472262E-09
   0.935000E+03   0.342237E-09   0.849317E-09  -0.132893E-09
   0.936000E+03   0.178737E-09   0.625439E-09   0.222073E-09
   0.937000E+03  -0.564480E-11   0.338266E-09   0.556558E-09
   0.938000E+03  -0.191500E-09   0.170377E-10   0.836411E-09
   0.939000E+03  -0.359006E-09  -0.305554E-09   0.103288E-08
   0.940000E+03  -0.489986E-09  -0.596700E-09   0.112554E-08
   0.941000E+03  -0.569825E-09  -0.826817E-09   0.110442E-08
   0.942000E+03  -0.589039E-09  -0.972563E-09   0.971029E-09
   0.943000E+03  -0.544345E-09  -0.101921E-08   0.738257E-09
   0.944000E+03  -0.439094E-09  -0.962140E-09   0.429125E-09
   0.945000E+03  -0.283038E-09  -0.807311E-09   0.744839E-10
   0.946000E+03  -0.914190E-10  -0.570632E-09  -0.290070E-09
   0.947000E+03   0.116508E-09  -0.276341E-09  -0.627778E-09
   0.948000E+03   0.319401E-09   0.454828E-10  -0.904428E-09
   0.949000E+03   0.495993E-09   0.361990E-09  -0.109182E-08
   0.950000E+03   0.627285E-09   0.640916E-09  -0.117065E-08
   0.951000E+03   0.698542E-09   0.853876E-09  -0.113245E-08
   0.952000E+03   0.700880E-09   0.979255E-09  -0.980548E-09
   0.953000E+03   0.632285E-09   0.100441E-08  -0.729699E-09
   0.954000E+03   0.497937E-09   0.926961E-09  -0.404686E-09
   0.955000E+03   0.309815E-09   0.754998E-09  -0.378334E-10
   0.956000E+03   0.855941E-10   0.506275E-09   0.334227E-09
   0.957000E+03  -0.153057E-09   0.206368E-09   0.674236E-09
   0.958000E+03  -0.382604E-09  -0.113941E-09   0.948057E-09
   0.959000E+03  -0.580009E-09  -0.421816E-09   0.112813E-08
   0.960000E+03  -0.725069E-09  -0.685722E-09   0.119626E-08
   0.961000E+03  -0.802511E-09  -0.878650E-09   0.114548E-08
   0.962000E+03  -0.803614E-09  -0.980876E-09   0.980787E-09
   0.963000E+03  -0.727186E-09  -0.981967E-09   0.718638E-09
   0.964000E+03  -0.579806E-09  -0.881845E-09   0.385350E-09
   0.965000E+03  -0.375264E-09  -0.690785E-09   0.144484E-10
   0.966000E+03  -0.133275E-09  -0.428362E-09  -0.356700E-09
   0.967000E+03   0.122434E-09  -0.121440E-09  -0.690646E-09
   0.968000E+03   0.366470E-09   0.198574E-09  -0.953645E-09
   0.969000E+03   0.574319E-09   0.498942E-09  -0.111908E-08
   0.970000E+03   0.724846E-09   0.748939E-09  -0.117015E-08
   0.971000E+03   0.802482E-09   0.922985E-09  -0.110164E-08
   0.972000E+03   0.798884E-09   0.100326E-08  -0.920424E-09
   0.973000E+03   0.713878E-09   0.981499E-09  -0.644859E-09
   0.974000E+03   0.555596E-09   0.859847E-09  -0.302933E-09
   0.975000E+03   0.339764E-09   0.650610E-09   0.705194E-10
   0.976000E+03   0.882114E-10   0.374998E-09   0.437322E-09
   0.977000E+03  -0.173263E-09   0.609472E-10   0.759801E-09
   0.978000E+03  -0.417463E-09  -0.259735E-09   0.100461E-08
   0.979000E+03  -0.618554E-09  -0.554616E-09   0.114610E-08
   0.980000E+03  -0.754724E-09  -0.793948E-09   0.116899E-08
   0.981000E+03  -0.810486E-09  -0.953684E-09   0.106991E-08
   0.982000E+03  -0.778377E-09  -0.101792E-08   0.857879E-09
   0.983000E+03  -0.659877E-09  -0.980473E-09   0.553394E-09
   0.984000E+03  -0.465432E-09  -0.845517E-09   0.186483E-09
   0.985000E+03  -0.213579E-09  -0.627087E-09  -0.206268E-09
   0.986000E+03   0.707702E-10  -0.347632E-09  -0.585352E-09
   0.987000E+03   0.358719E-09  -0.356836E-10  -0.912281E-09
   0.988000E+03   0.620225E-09   0.277074E-09  -0.115344E-08
   0.989000E+03   0.827109E-09   0.559059E-09  -0.128350E-08
   0.990000E+03   0.955937E-09   0.782019E-09  -0.128794E-08
   0.991000E+03   0.990490E-09   0.923909E-09  -0.116463E-08
   0.992000E+03   0.923550E-09   0.971114E-09  -0.924069E-09
   0.993000E+03   0.757839E-09   0.919811E-09  -0.588424E-09
   0.994000E+03   0.505974E-09   0.776303E-09  -0.189395E-09
   0.995000E+03   0.189448E-09   0.556329E-09   0.234869E-09
   0.996000E+03  -0.163300E-09   0.283389E-09   0.643516E-09
   0.997000E+03  -0.519523E-09  -0.137166E-10   0.997005E-09
   0.998000E+03  -0.845298E-09  -0.303884E-09   0.126101E-08
   0.999000E+03  -0.110882E-08  -0.556935E-09   0.140982E-08
   0.100000E+04  -0.128354E-08  -0.746733E-09   0.142886E-08
   0.100100E+04  -0.135089E-08  -0.853875E-09   0.131620E-08
   0.100200E+04  -0.130217E-08  -0.867677E-09   0.108272E-08
   0.100300E+04  -0.113964E-08  -0.787249E-09   0.751063E-09
   0.100400E+04  -0.876424E-09  -0.621552E-09   0.353436E-09
   0.100500E+04  -0.535430E-09  -0.388435E-09  -0.715702E-10
   0.100600E+04  -0.147275E-09  -0.112754E-09  -0.482770E-09
   0.100700E+04   0.252589E-09   0.176236E-09  -0.840438E-09
   0.100800E+04   0.627250E-09   0.447934E-09  -0.111022E-08
   0.100900E+04   0.941913E-09   0.673583E-09  -0.126653E-08
   0.101000E+04   0.116732E-08   0.829250E-09  -0.129504E-08
   0.101100E+04   0.128268E-08   0.898316E-09  -0.119415E-08
   0.101200E+04   0.127782E-08   0.873176E-09  -0.975111E-09
   0.101300E+04   0.115431E-08   0.756020E-09  -0.660928E-09
   0.101400E+04   0.925471E-09   0.558573E-09  -0.284124E-09
   0.101500E+04   0.615245E-09   0.300854E-09   0.116470E-09
   0.101600E+04   0.255976E-09   0.906732E-11   0.499519E-09
   0.101700E+04  -0.114646E-09  -0.287143E-09   0.825249E-09
   0.101800E+04  -0.457222E-09  -0.557796E-09   0.105936E-08
   0.101900E+04  -0.734506E-09  -0.775700E-09   0.117639E-08
   0.102000E+04  -0.915129E-09  -0.919282E-09   0.116228E-08
   0.102100E+04  -0.976820E-09  -0.974819E-09   0.101572E-08
   0.102200E+04  -0.908793E-09  -0.937842E-09   0.748400E-09
   0.102300E+04  -0.713073E-09  -0.813560E-09   0.383879E-09
   0.102400E+04  -0.404608E-09  -0.616262E-09  -0.446068E-10
   0.102500E+04  -0.101299E-10  -0.367768E-09  -0.497299E-09
   0.102600E+04   0.434133E-09  -0.950707E-10  -0.931687E-09
   0.102700E+04   0.885703E-09   0.172558E-09  -0.130652E-08
   0.102800E+04   0.129976E-08   0.406709E-09  -0.158572E-08
   0.102900E+04   0.163333E-08   0.582884E-09  -0.174171E-08
   0.103000E+04   0.184944E-08   0.683129E-09  -0.175805E-08
   0.103100E+04   0.192068E-08   0.697978E-09  -0.163087E-08
   0.103200E+04   0.183208E-08   0.627481E-09  -0.136918E-08
   0.103300E+04   0.158271E-08   0.481223E-09  -0.994014E-09
   0.103400E+04   0.118615E-08   0.277305E-09  -0.536341E-09
   0.103500E+04   0.669547E-09   0.404114E-10  -0.341872E-10
   0.103600E+04   0.714508E-10  -0.200859E-09   0.470914E-09
   0.103700E+04  -0.561474E-09  -0.417105E-09   0.937729E-09
   0.103800E+04  -0.117846E-08  -0.581351E-09   0.132904E-08
   0.103900E+04  -0.172911E-08  -0.672061E-09   0.161490E-08
   0.104000E+04  -0.216784E-08  -0.675595E-09   0.177517E-08
   0.104100E+04  -0.245794E-08  -0.587857E-09   0.180107E-08
   0.104200E+04  -0.257492E-08  -0.414935E-09   0.169564E-08
   0.104300E+04  -0.250864E-08  -0.172669E-09   0.147308E-08
   0.104400E+04  -0.226431E-08   0.114849E-09   0.115712E-08
   0.104500E+04  -0.186201E-08   0.417670E-09   0.778489E-09
   0.104600E+04  -0.133499E-08   0.703066E-09   0.371846E-09
   0.104700E+04  -0.726657E-09   0.938960E-09  -0.275156E-10
   0.104800E+04  -0.868101E-10   0.109736E-08  -0.386946E-09
   0.104900E+04   0.532750E-09   0.115743E-08  -0.679303E-09
   0.105000E+04   0.108274E-08   0.110789E-08  -0.885181E-09
   0.105100E+04   0.152066E-08   0.948487E-09  -0.994298E-09
   0.105200E+04   0.181436E-08   0.690272E-09  -0.100594E-08
   0.105300E+04   0.194474E-08   0.354818E-09  -0.928457E-09
   0.105400E+04   0.190711E-08  -0.277378E-10  -0.777894E-09
   0.105500E+04   0.171137E-08  -0.421546E-09  -0.575937E-09
   0.105600E+04   0.138078E-08  -0.788548E-09  -0.347402E-09
   0.105700E+04   0.949579E-09  -0.109227E-08  -0.117544E-09
   0.105800E+04   0.459699E-09  -0.130156E-08   0.905323E-10
   0.105900E+04  -0.432349E-10  -0.139377E-08   0.258102E-09
   0.106000E+04  -0.514085E-09  -0.135729E-08   0.372462E-09
   0.106100E+04  -0.912276E-09  -0.119283E-08   0.427862E-09
   0.106200E+04  -0.120535E-08  -0.913664E-09   0.425628E-09
   0.106300E+04  -0.137168E-08  -0.544479E-09   0.373524E-09
   0.106400E+04  -0.140212E-08  -0.119148E-09   0.284443E-09
   0.106500E+04  -0.130047E-08   0.322475E-09   0.174588E-09
   0.106600E+04  -0.108267E-08   0.738399E-09   0.613739E-10
   0.106700E+04  -0.774919E-09   0.108860E-08  -0.387102E-10
   0.106800E+04  -0.410871E-09   0.133896E-08  -0.112048E-09
   0.106900E+04  -0.281806E-10   0.146471E-08  -0.149428E-09
   0.107000E+04   0.335228E-09   0.145294E-08  -0.147015E-09
   0.107100E+04   0.644819E-09   0.130395E-08  -0.106646E-09
   0.107200E+04   0.872679E-09   0.103136E-08  -0.354537E-10
   0.107300E+04   0.100003E-08   0.660850E-09   0.551365E-10
   0.107400E+04   0.101877E-08   0.227725E-09   0.150909E-09
   0.107500E+04   0.931985E-09  -0.226505E-09   0.236677E-09
   0.107600E+04   0.753267E-09  -0.658165E-09   0.298201E-09
   0.107700E+04   0.505092E-09  -0.102570E-08   0.323998E-09
   0.107800E+04   0.216313E-09  -0.129377E-08   0.306815E-09
   0.107900E+04  -0.809096E-10  -0.143672E-08   0.244610E-09
   0.108000E+04  -0.354445E-09  -0.144118E-08   0.140932E-09
   0.108100E+04  -0.575458E-09  -0.130734E-08   0.463959E-11
   0.108200E+04  -0.721288E-09  -0.104899E-08  -0.150997E-09
   0.108300E+04  -0.777647E-09  -0.692115E-09  -0.309716E-09
   0.108400E+04  -0.739946E-09  -0.272384E-09  -0.454055E-09
   0.108500E+04  -0.613625E-09   0.168448E-09  -0.567307E-09
   0.108600E+04  -0.413457E-09   0.586665E-09  -0.635425E-09
   0.108700E+04  -0.161930E-09   0.940952E-09  -0.648670E-09
   0.108800E+04   0.113141E-09   0.119651E-08  -0.602803E-09
   0.108900E+04   0.381513E-09   0.132852E-08  -0.499701E-09
   0.109000E+04   0.613632E-09   0.132464E-08  -0.347307E-09
   0.109100E+04   0.783657E-09   0.118617E-08  -0.158925E-09
   0.109200E+04   0.872090E-09   0.927980E-09   0.480778E-10
   0.109300E+04   0.867753E-09   0.576940E-09   0.254026E-09
   0.109400E+04   0.768919E-09   0.169230E-09   0.438958E-09
   0.109500E+04   0.583499E-09  -0.253324E-09   0.584712E-09
   0.109600E+04   0.328256E-09  -0.647476E-09   0.676837E-09
   0.109700E+04   0.271576E-10  -0.972936E-09   0.706138E-09
   0.109800E+04  -0.290998E-09  -0.119645E-08   0.669682E-09
   0.109900E+04  -0.595413E-09  -0.129516E-08   0.571144E-09
   0.110000E+04  -0.856311E-09  -0.125894E-08   0.420472E-09
   0.110100E+04  -0.104786E-08  -0.109144E-08   0.232886E-09
   0.110200E+04  -0.115067E-08  -0.809714E-09   0.273187E-10
   0.110300E+04  -0.115370E-08  -0.442497E-09  -0.175536E-09
   0.110400E+04  -0.105532E-08  -0.273304E-10  -0.355372E-09
   0.110500E+04  -0.863426E-09   0.393256E-09  -0.494374E-09
   0.110600E+04  -0.594689E-09   0.776060E-09  -0.579072E-09
   0.110700E+04  -0.272941E-09   0.108159E-08  -0.601733E-09
   0.110800E+04   0.731282E-10   0.127812E-08  -0.561155E-09
   0.110900E+04   0.412708E-09   0.134489E-08  -0.462763E-09
   0.111000E+04   0.715790E-09   0.127431E-08  -0.318018E-09
   0.111100E+04   0.955980E-09   0.107275E-08  -0.143172E-09
   0.111200E+04   0.111294E-08   0.759943E-09   0.424786E-10
   0.111300E+04   0.117423E-08   0.367046E-09   0.218655E-09
   0.111400E+04   0.113635E-08  -0.664877E-10   0.366279E-09
   0.111500E+04   0.100495E-08  -0.496868E-09   0.469509E-09
   0.111600E+04   0.794109E-09  -0.880392E-09   0.517449E-09
   0.111700E+04   0.524909E-09  -0.117787E-08   0.505314E-09
   0.111800E+04   0.223259E-09  -0.135862E-08   0.434950E-09
   0.111900E+04  -0.826305E-10  -0.140358E-08   0.314640E-09
   0.112000E+04  -0.364983E-09  -0.130732E-08   0.158219E-09
   0.112100E+04  -0.599084E-09  -0.107861E-08  -0.164146E-10
   0.112200E+04  -0.765576E-09  -0.739610E-09  -0.189226E-09
   0.112300E+04  -0.852176E-09  -0.323666E-09  -0.340213E-09
   0.112400E+04  -0.854692E-09   0.128002E-09  -0.451575E-09
   0.112500E+04  -0.777213E-09   0.570438E-09  -0.509669E-09
   0.112600E+04  -0.631506E-09   0.959470E-09  -0.506516E-09
   0.112700E+04  -0.435664E-09   0.125616E-08  -0.440721E-09
   0.112800E+04  -0.212169E-09   0.143077E-08  -0.317684E-09
   0.112900E+04   0.144468E-10   0.146573E-08  -0.149087E-09
   0.113000E+04   0.220085E-09   0.135750E-08   0.482927E-10
   0.113100E+04   0.383484E-09   0.111692E-08   0.254322E-09
   0.113200E+04   0.488294E-09   0.768149E-09   0.447626E-09
   0.113300E+04   0.524630E-09   0.346269E-09   0.607841E-09
   0.113400E+04   0.489953E-09  -0.106250E-09   0.717782E-09
   0.113500E+04   0.389216E-09  -0.543828E-09   0.765279E-09
   0.113600E+04   0.234252E-09  -0.922373E-09   0.744498E-09
   0.113700E+04   0.424971E-10  -0.120376E-08   0.656584E-09
   0.113800E+04  -0.164832E-09  -0.135968E-08   0.509582E-09
   0.113900E+04  -0.364908E-09  -0.137456E-08   0.317610E-09
   0.114000E+04  -0.535599E-09  -0.124717E-08   0.993927E-10
   0.114100E+04  -0.657682E-09  -0.990749E-09  -0.123708E-09
   0.114200E+04  -0.716734E-09  -0.631757E-09  -0.329942E-09
   0.114300E+04  -0.704546E-09  -0.207191E-09  -0.499477E-09
   0.114400E+04  -0.619901E-09   0.239122E-09  -0.616499E-09
   0.114500E+04  -0.468669E-09   0.660953E-09  -0.670892E-09
   0.114600E+04  -0.263204E-09   0.101436E-08  -0.659310E-09
   0.114700E+04  -0.211267E-10   0.126216E-08  -0.585522E-09
   0.114800E+04   0.236395E-09   0.137772E-08  -0.459988E-09
   0.114900E+04   0.486680E-09   0.134777E-08  -0.298710E-09
   0.115000E+04   0.707690E-09   0.117373E-08  -0.121473E-09
   0.115100E+04   0.880094E-09   0.871747E-09   0.503351E-10
   0.115200E+04   0.989041E-09   0.471071E-09   0.196098E-09
   0.115300E+04   0.102549E-08   0.112243E-10   0.298276E-09
   0.115400E+04   0.986934E-09  -0.461938E-09   0.344393E-09
   0.115500E+04   0.877555E-09  -0.900809E-09   0.328495E-09
   0.115600E+04   0.707674E-09  -0.126081E-08   0.251900E-09
   0.115700E+04   0.492681E-09  -0.150487E-08   0.123160E-09
   0.115800E+04   0.251499E-09  -0.160722E-08  -0.427772E-10
   0.115900E+04   0.475912E-11  -0.155601E-08  -0.226123E-09
   0.116000E+04  -0.227144E-09  -0.135458E-08  -0.404368E-09
   0.116100E+04  -0.425907E-09  -0.102119E-08  -0.554740E-09
   0.116200E+04  -0.576929E-09  -0.587304E-09  -0.656752E-09
   0.116300E+04  -0.670511E-09  -0.944849E-10  -0.694546E-09
   0.116400E+04  -0.702562E-09   0.409691E-09  -0.658795E-09
   0.116500E+04  -0.674735E-09   0.876336E-09  -0.547947E-09
   0.116600E+04  -0.594018E-09   0.126011E-08  -0.368649E-09
   0.116700E+04  -0.471828E-09   0.152370E-08  -0.135309E-09
   0.116800E+04  -0.322713E-09   0.164159E-08   0.131189E-09
   0.116900E+04  -0.162804E-09   0.160254E-08   0.405494E-09
   0.117000E+04  -0.818046E-11   0.141077E-08   0.660326E-09
   0.117100E+04   0.126699E-09   0.108551E-08   0.869276E-09
   0.117200E+04   0.230325E-09   0.659108E-09   0.100960E-08
   0.117300E+04   0.295131E-09   0.173824E-09   0.106467E-08
   0.117400E+04   0.318037E-09  -0.322395E-09   0.102592E-08
   0.117500E+04   0.300524E-09  -0.780671E-09   0.893889E-09
   0.117600E+04   0.248244E-09  -0.115606E-08   0.678441E-09
   0.117700E+04   0.170219E-09  -0.141201E-08   0.398002E-09
   0.117800E+04   0.777228E-10  -0.152399E-08   0.778787E-10
   0.117900E+04  -0.170164E-10  -0.148190E-08  -0.252138E-09
   0.118000E+04  -0.102171E-09  -0.129107E-08  -0.560683E-09
   0.118100E+04  -0.167569E-09  -0.971631E-09  -0.817945E-09
   0.118200E+04  -0.205738E-09  -0.556525E-09  -0.998681E-09
   0.118300E+04  -0.212617E-09  -0.881277E-10  -0.108483E-08
   0.118400E+04  -0.187898E-09   0.386008E-09  -0.106741E-08
   0.118500E+04  -0.134944E-09   0.817943E-09  -0.947584E-09
   0.118600E+04  -0.603309E-10   0.116417E-08  -0.736610E-09
   0.118700E+04   0.269494E-10   0.138997E-08  -0.454868E-09
   0.118800E+04   0.116519E-09   0.147292E-08  -0.129893E-09
   0.118900E+04   0.197773E-09   0.140508E-08   0.206327E-09
   0.119000E+04   0.261032E-09   0.119380E-08   0.520536E-09
   0.119100E+04   0.298581E-09   0.860938E-09   0.781545E-09
   0.119200E+04   0.305482E-09   0.440644E-09   0.963404E-09
   0.119300E+04   0.280069E-09  -0.241189E-10   0.104806E-08
   0.119400E+04   0.224107E-09  -0.485920E-09   0.102723E-08
   0.119500E+04   0.142579E-09  -0.897660E-09   0.903299E-09
   0.119600E+04   0.431460E-10  -0.121734E-08   0.689149E-09
   0.119700E+04  -0.646684E-10  -0.141229E-08   0.406876E-09
   0.119800E+04  -0.170465E-09  -0.146252E-08   0.855947E-10
   0.119900E+04  -0.264039E-09  -0.136267E-08  -0.241519E-09
   0.120000E+04  -0.336409E-09  -0.112265E-08  -0.540611E-09
   0.120100E+04  -0.380702E-09  -0.766553E-09  -0.780628E-09
   0.120200E+04  -0.392819E-09  -0.330316E-09  -0.936543E-09
   0.120300E+04  -0.371795E-09   0.141956E-09  -0.991969E-09
   0.120400E+04  -0.319842E-09   0.602417E-09  -0.940912E-09
   0.120500E+04  -0.242074E-09   0.100431E-08  -0.788464E-09
   0.120600E+04  -0.145939E-09   0.130668E-08  -0.550348E-09
   0.120700E+04  -0.404325E-10   0.147853E-08  -0.251367E-09
   0.120800E+04   0.648189E-10   0.150196E-08   0.771066E-10
   0.120900E+04   0.160522E-09   0.137397E-08   0.400336E-09
   0.121000E+04   0.238614E-09   0.110681E-08   0.683813E-09
   0.121100E+04   0.293014E-09   0.726790E-09   0.896856E-09
   0.121200E+04   0.320149E-09   0.271603E-09   0.101584E-08
   0.121300E+04   0.319205E-09  -0.213392E-09   0.102676E-08
   0.121400E+04   0.292100E-09  -0.679736E-09   0.926769E-09
   0.121500E+04   0.243166E-09  -0.108073E-08   0.724619E-09
   0.121600E+04   0.178602E-09  -0.137610E-08   0.439907E-09
   0.121700E+04   0.105752E-09  -0.153606E-08   0.101165E-09
   0.121800E+04   0.322880E-10  -0.154432E-08  -0.256976E-09
   0.121900E+04  -0.346110E-10  -0.139968E-08  -0.597291E-09
   0.122000E+04  -0.890014E-10  -0.111620E-08  -0.883776E-09
   0.122100E+04  -0.126758E-09  -0.721773E-09  -0.108537E-08
   0.122200E+04  -0.145943E-09  -0.255366E-09  -0.117923E-08
   0.122300E+04  -0.146933E-09   0.236907E-09  -0.115316E-08
   0.122400E+04  -0.132282E-09   0.706384E-09  -0.100705E-08
   0.122500E+04  -0.106356E-09   0.110673E-08  -0.752980E-09
   0.122600E+04  -0.747769E-10   0.139855E-08  -0.414179E-09
   0.122700E+04  -0.437360E-10   0.155336E-08  -0.227726E-10
   0.122800E+04  -0.192579E-10   0.155639E-08   0.383385E-09
   0.122900E+04  -0.649057E-11   0.140806E-08   0.764497E-09
   0.123000E+04  -0.909768E-11   0.112392E-08   0.108284E-08
   0.123100E+04  -0.288172E-10   0.733067E-09   0.130662E-08
   0.123200E+04  -0.652294E-10   0.275187E-09   0.141321E-08
   0.123300E+04  -0.115757E-09  -0.203429E-09   0.139157E-08
   0.123400E+04  -0.175898E-09  -0.654556E-09   0.124336E-08
   0.123500E+04  -0.239657E-09  -0.103289E-08   0.982922E-09
   0.123600E+04  -0.300144E-09  -0.130060E-08   0.635838E-09
   0.123700E+04  -0.350260E-09  -0.143115E-08   0.236390E-09
   0.123800E+04  -0.383416E-09  -0.141195E-08  -0.175898E-09
   0.123900E+04  -0.394205E-09  -0.124561E-08  -0.560283E-09
   0.124000E+04  -0.378958E-09  -0.949723E-09  -0.878965E-09
   0.124100E+04  -0.336145E-09  -0.555015E-09  -0.110098E-08
   0.124200E+04  -0.266561E-09  -0.102301E-09  -0.120540E-08
   0.124300E+04  -0.173312E-09   0.361657E-09  -0.118350E-08
   0.124400E+04  -0.615743E-10   0.788864E-09  -0.103973E-08
   0.124500E+04   0.618215E-10   0.113495E-08  -0.791241E-09
   0.124600E+04   0.188953E-09   0.136364E-08  -0.466155E-09
   0.124700E+04   0.311453E-09   0.145049E-08  -0.100651E-09
   0.124800E+04   0.421188E-09   0.138534E-08   0.264800E-09
   0.124900E+04   0.510893E-09   0.117339E-08   0.589689E-09
   0.125000E+04   0.574726E-09   0.834786E-09   0.837750E-09
   0.125100E+04   0.608678E-09   0.402582E-09   0.980845E-09
   0.125200E+04   0.610824E-09  -0.804743E-10   0.100203E-08
   0.125300E+04   0.581395E-09  -0.566209E-09   0.897471E-09
   0.125400E+04   0.522678E-09  -0.100582E-08   0.677022E-09
   0.125500E+04   0.438759E-09  -0.135474E-08   0.363347E-09
   0.125600E+04   0.335148E-09  -0.157713E-08  -0.102954E-10
   0.125700E+04   0.218325E-09  -0.164945E-08  -0.403429E-09
   0.125800E+04   0.952405E-10  -0.156288E-08  -0.772532E-09
   0.125900E+04  -0.271658E-10  -0.132427E-08  -0.107561E-08
   0.126000E+04  -0.142406E-09  -0.955467E-09  -0.127666E-08
   0.126100E+04  -0.244811E-09  -0.491278E-09  -0.134962E-08
   0.126200E+04  -0.329796E-09   0.239695E-10  -0.128130E-08
   0.126300E+04  -0.394031E-09   0.540745E-09  -0.107308E-08
   0.126400E+04  -0.435507E-09   0.100918E-08  -0.741093E-09
   0.126500E+04  -0.453507E-09   0.138398E-08  -0.314862E-09
   0.126600E+04  -0.448522E-09   0.162885E-08   0.165427E-09
   0.126700E+04  -0.422100E-09   0.172009E-08   0.652842E-09
   0.126800E+04  -0.376676E-09   0.164892E-08   0.109838E-08
   0.126900E+04  -0.315391E-09   0.142231E-08   0.145595E-08
   0.127000E+04  -0.241915E-09   0.106237E-08   0.168714E-08
   0.127100E+04  -0.160278E-09   0.604075E-09   0.176531E-08
   0.127200E+04  -0.747193E-10   0.919228E-10   0.167854E-08
   0.127300E+04   0.104565E-10  -0.424482E-09   0.143116E-08
   0.127400E+04   0.910158E-10  -0.895263E-09   0.104364E-08
   0.127500E+04   0.162939E-09  -0.127515E-08   0.550844E-09
   0.127600E+04   0.222574E-09  -0.152789E-08  -0.120029E-11
   0.127700E+04   0.266798E-09  -0.162975E-08  -0.559688E-09
   0.127800E+04   0.293189E-09  -0.157180E-08  -0.107022E-08
   0.127900E+04   0.300208E-09  -0.136072E-08  -0.148219E-08
   0.128000E+04   0.287350E-09  -0.101809E-08  -0.175392E-08
   0.128100E+04   0.255274E-09  -0.578200E-09  -0.185691E-08
   0.128200E+04   0.205877E-09  -0.846543E-10  -0.177893E-08
   0.128300E+04   0.142285E-09   0.413953E-09  -0.152540E-08
   0.128400E+04   0.687625E-10   0.868815E-09  -0.111916E-08
   0.128500E+04  -0.948983E-11   0.123569E-08  -0.598391E-09
   0.128600E+04  -0.866322E-10   0.147922E-08  -0.130554E-10
   0.128700E+04  -0.156577E-09   0.157631E-08   0.579937E-09
   0.128800E+04  -0.213444E-09   0.151836E-08   0.112227E-08
   0.128900E+04  -0.252053E-09   0.131201E-08   0.155998E-08
   0.129000E+04  -0.268404E-09   0.978358E-09   0.184886E-08
   0.129100E+04  -0.260100E-09   0.550851E-09   0.195890E-08
   0.129200E+04  -0.226674E-09   0.718944E-10   0.187743E-08
   0.129300E+04  -0.169767E-09  -0.411359E-09   0.161052E-08
   0.129400E+04  -0.931337E-10  -0.851668E-09   0.118255E-08
   0.129500E+04  -0.246118E-11  -0.120634E-08   0.633934E-09
   0.129600E+04   0.950076E-10  -0.144139E-08   0.173129E-10
   0.129700E+04   0.191014E-09  -0.153482E-08  -0.607596E-09
   0.129800E+04   0.276957E-09  -0.147869E-08  -0.117982E-08
   0.129900E+04   0.344642E-09  -0.127976E-08  -0.164315E-08
   0.130000E+04   0.387035E-09  -0.958787E-09  -0.195168E-08
   0.130100E+04   0.398967E-09  -0.548286E-09  -0.207444E-08
   0.130200E+04   0.377693E-09  -0.892989E-10  -0.199847E-08
   0.130300E+04   0.323270E-09   0.372741E-09  -0.173021E-08
   0.130400E+04   0.238692E-09   0.792520E-09  -0.129496E-08
   0.130500E+04   0.129759E-09   0.112931E-08  -0.734379E-09
   0.130600E+04   0.468568E-11   0.135094E-08  -0.102505E-09
   0.130700E+04  -0.126530E-09   0.143691E-08   0.539599E-09
   0.130800E+04  -0.252936E-09   0.138034E-08   0.112984E-08
   0.130900E+04  -0.363569E-09   0.118849E-08   0.161123E-08
   0.131000E+04  -0.448441E-09   0.881957E-09   0.193750E-08
   0.131100E+04  -0.499465E-09   0.492530E-09   0.207770E-08
   0.131200E+04  -0.511244E-09   0.599219E-10   0.201923E-08
   0.131300E+04  -0.481636E-09  -0.372224E-09   0.176905E-08
   0.131400E+04  -0.412029E-09  -0.760702E-09   0.135301E-08
   0.131500E+04  -0.307312E-09  -0.106704E-08   0.813153E-09
   0.131600E+04  -0.175511E-09  -0.126131E-08   0.203539E-09
   0.131700E+04  -0.271378E-10  -0.132502E-08  -0.415206E-09
   0.131800E+04   0.125709E-09  -0.125292E-08  -0.981978E-09
   0.131900E+04   0.270402E-09  -0.105342E-08  -0.144132E-08
   0.132000E+04   0.394905E-09  -0.747707E-09  -0.174897E-08
   0.132100E+04   0.488862E-09  -0.367507E-09  -0.187626E-08
   0.132200E+04   0.544535E-09   0.480934E-10  -0.181295E-08
   0.132300E+04   0.557508E-09   0.456603E-09  -0.156818E-08
   0.132400E+04   0.527093E-09   0.816392E-09  -0.116942E-08
   0.132500E+04   0.456381E-09   0.109085E-08  -0.659647E-09
   0.132600E+04   0.351949E-09   0.125204E-08  -0.928151E-10
   0.132700E+04   0.223236E-09   0.128346E-08   0.471673E-09
   0.132800E+04   0.816461E-10   0.118173E-08   0.975109E-09
   0.132900E+04  -0.605207E-10   0.956830E-09   0.136553E-08
   0.133000E+04  -0.191229E-09   0.631200E-09   0.160309E-08
   0.133100E+04  -0.299827E-09   0.237441E-09   0.166411E-08
   0.133200E+04  -0.378025E-09  -0.184896E-09   0.154361E-08
   0.133300E+04  -0.420637E-09  -0.593236E-09   0.125571E-08
   0.133400E+04  -0.426008E-09  -0.946208E-09   0.832256E-09
   0.133500E+04  -0.396089E-09  -0.120775E-08   0.319419E-09
   0.133600E+04  -0.336154E-09  -0.135068E-08  -0.227066E-09
   0.133700E+04  -0.254187E-09  -0.135946E-08  -0.747747E-09
   0.133800E+04  -0.160005E-09  -0.123170E-08  -0.118570E-08
   0.133900E+04  -0.642075E-10  -0.978525E-09  -0.149254E-08
   0.134000E+04   0.229456E-10  -0.623484E-09  -0.163356E-08
   0.134100E+04   0.925987E-10  -0.200336E-09  -0.159151E-08
   0.134200E+04   0.138210E-09   0.250207E-09  -0.136857E-08
   0.134300E+04   0.156203E-09   0.684414E-09  -0.986264E-09
   0.134400E+04   0.146301E-09   0.105977E-08  -0.483434E-09
   0.134500E+04   0.111495E-09   0.133911E-08   0.876851E-10
   0.134600E+04   0.576692E-10   0.149425E-08   0.666795E-09
   0.134700E+04  -0.709687E-11   0.150873E-08   0.119177E-08
   0.134800E+04  -0.734614E-10   0.137950E-08   0.160514E-08
   0.134900E+04  -0.131895E-09   0.111726E-08   0.186022E-08
   0.135000E+04  -0.173778E-09   0.745552E-09   0.192611E-08
   0.135100E+04  -0.192410E-09   0.298516E-09   0.179122E-08
   0.135200E+04  -0.183808E-09  -0.182249E-09   0.146474E-08
   0.135300E+04  -0.147216E-09  -0.651628E-09   0.976076E-09
   0.135400E+04  -0.852576E-10  -0.106525E-08   0.372092E-09
   0.135500E+04  -0.371943E-11  -0.138370E-08  -0.287415E-09
   0.135600E+04   0.890278E-10  -0.157624E-08  -0.935690E-09
   0.135700E+04   0.182906E-09  -0.162381E-08  -0.150578E-08
   0.135800E+04   0.267220E-09  -0.152080E-08  -0.193743E-08
   0.135900E+04   0.331841E-09  -0.127574E-08  -0.218338E-08
   0.136000E+04   0.368365E-09  -0.910484E-09  -0.221450E-08
   0.136100E+04   0.371113E-09  -0.458281E-09  -0.202301E-08
   0.136200E+04   0.337871E-09   0.392802E-10  -0.162375E-08
   0.136300E+04   0.270264E-09   0.536104E-09  -0.105303E-08
   0.136400E+04   0.173744E-09   0.985851E-09  -0.365353E-09
   0.136500E+04   0.571513E-10   0.134623E-08   0.371814E-09
   0.136600E+04  -0.680924E-10   0.158293E-08   0.108461E-08
   0.136700E+04  -0.189096E-09   0.167283E-08   0.170016E-08
   0.136800E+04  -0.292805E-09   0.160618E-08   0.215389E-08
   0.136900E+04  -0.367367E-09   0.138756E-08   0.239623E-08
   0.137000E+04  -0.403420E-09   0.103555E-08   0.239781E-08
   0.137100E+04  -0.395164E-09   0.581065E-09   0.215276E-08
   0.137200E+04  -0.341102E-09   0.645987E-10   0.167968E-08
   0.137300E+04  -0.244358E-09  -0.467411E-09   0.102020E-08
   0.137400E+04  -0.112539E-09  -0.966795E-09   0.235194E-09
   0.137500E+04   0.428699E-10  -0.138802E-08  -0.600962E-09
   0.137600E+04   0.207516E-09  -0.169235E-08  -0.140758E-08
   0.137700E+04   0.365511E-09  -0.185135E-08  -0.210553E-08
   0.137800E+04   0.500957E-09  -0.184958E-08  -0.262513E-08
   0.137900E+04   0.599508E-09  -0.168600E-08  -0.291309E-08
   0.138000E+04   0.649830E-09  -0.137417E-08  -0.293805E-08
   0.138100E+04   0.644788E-09  -0.941115E-09  -0.269387E-08
   0.138200E+04   0.582257E-09  -0.424960E-09  -0.220061E-08
   0.138300E+04   0.465461E-09   0.128432E-09  -0.150276E-08
   0.138400E+04   0.302793E-09   0.669529E-09  -0.665232E-09
   0.138500E+04   0.107133E-09   0.114956E-08   0.232889E-09
   0.138600E+04  -0.105272E-09   0.152492E-08   0.110593E-08
   0.138700E+04  -0.316280E-09   0.176109E-08   0.187001E-08
   0.138800E+04  -0.507518E-09   0.183586E-08   0.245129E-08
   0.138900E+04  -0.662087E-09   0.174144E-08   0.279330E-08
   0.139000E+04  -0.766140E-09   0.148526E-08   0.286269E-08
   0.139100E+04  -0.810186E-09   0.108952E-08   0.265267E-08
   0.139200E+04  -0.789974E-09   0.589371E-09   0.218390E-08
   0.139300E+04  -0.706891E-09   0.298993E-10   0.150269E-08
   0.139400E+04  -0.567823E-09  -0.537745E-09   0.676667E-09
   0.139500E+04  -0.384490E-09  -0.106086E-08  -0.211732E-09
   0.139600E+04  -0.172344E-09  -0.148988E-08  -0.107326E-08
   0.139700E+04   0.508949E-10  -0.178289E-08  -0.182062E-08
   0.139800E+04   0.266881E-09  -0.190952E-08  -0.237707E-08
   0.139900E+04   0.458327E-09  -0.185390E-08  -0.268416E-08
   0.140000E+04   0.610554E-09  -0.161640E-08  -0.270765E-08
   0.140100E+04   0.712748E-09  -0.121398E-08  -0.244124E-08
   0.140200E+04   0.758826E-09  -0.679126E-09  -0.190747E-08
   0.140300E+04   0.747799E-09  -0.573096E-10  -0.115595E-08
   0.140400E+04   0.683638E-09   0.596635E-09  -0.258858E-09
   0.140500E+04   0.574653E-09   0.122311E-08   0.695737E-09
   0.140600E+04   0.432456E-09   0.176288E-08   0.161221E-08
   0.140700E+04   0.270639E-09   0.216231E-08   0.239647E-08
   0.140800E+04   0.103309E-09   0.237822E-08   0.296503E-08
   0.140900E+04  -0.563611E-10   0.238207E-08   0.325312E-08
   0.141000E+04  -0.197410E-09   0.216296E-08   0.322114E-08
   0.141100E+04  -0.312051E-09   0.172915E-08   0.285869E-08
   0.141200E+04  -0.396237E-09   0.110810E-08   0.218602E-08
   0.141300E+04  -0.449750E-09   0.344759E-09   0.125252E-08
   0.141400E+04  -0.475845E-09  -0.501646E-09   0.132483E-09
   0.141500E+04  -0.480473E-09  -0.136218E-08  -0.108136E-08
   0.141600E+04  -0.471204E-09  -0.216376E-08  -0.228613E-08
   0.141700E+04  -0.455974E-09  -0.283524E-08  -0.337794E-08
   0.141800E+04  -0.441812E-09  -0.331359E-08  -0.426121E-08
   0.141900E+04  -0.433715E-09  -0.354958E-08  -0.485710E-08
   0.142000E+04  -0.433808E-09  -0.351252E-08  -0.511047E-08
   0.142100E+04  -0.440905E-09  -0.319356E-08  -0.499463E-08
   0.142200E+04  -0.450535E-09  -0.260734E-08  -0.451352E-08
   0.142300E+04  -0.455454E-09  -0.179155E-08  -0.370113E-08
   0.142400E+04  -0.446584E-09  -0.804685E-09  -0.261820E-08
   0.142500E+04  -0.414292E-09   0.278172E-09  -0.134678E-08
   0.142600E+04  -0.349858E-09   0.137114E-08   0.172064E-10
   0.142700E+04  -0.246962E-09   0.238442E-08   0.137221E-08
   0.142800E+04  -0.103008E-09   0.323186E-08   0.261976E-08
   0.142900E+04   0.799047E-10   0.383844E-08   0.367248E-08
   0.143000E+04   0.294479E-09   0.414713E-08   0.446103E-08
   0.143100E+04   0.528315E-09   0.412451E-08   0.493903E-08
   0.143200E+04   0.764618E-09   0.376453E-08   0.508591E-08
   0.143300E+04   0.983490E-09   0.309010E-08   0.490733E-08
   0.143400E+04   0.116372E-08   0.215226E-08   0.443331E-08
   0.143500E+04   0.128488E-08   0.102683E-08   0.371430E-08
   0.143600E+04   0.132956E-08  -0.191225E-09   0.281577E-08
   0.143700E+04   0.128551E-08  -0.139528E-08   0.181180E-08
   0.143800E+04   0.114736E-08  -0.247599E-08   0.778430E-09
   0.143900E+04   0.917870E-09  -0.333080E-08  -0.212703E-09
   0.144000E+04   0.608375E-09  -0.387335E-08  -0.109967E-08
   0.144100E+04   0.238469E-09  -0.404189E-08  -0.183425E-08
   0.144200E+04  -0.165215E-09  -0.380594E-08  -0.238419E-08
   0.144300E+04  -0.570977E-09  -0.317060E-08  -0.273375E-08
   0.144400E+04  -0.944673E-09  -0.217788E-08  -0.288258E-08
   0.144500E+04  -0.125274E-08  -0.904990E-09  -0.284324E-08
   0.144600E+04  -0.146537E-08   0.540652E-09  -0.263776E-08
   0.144700E+04  -0.155948E-08   0.202921E-08  -0.229379E-08
   0.144800E+04  -0.152129E-08   0.341864E-08  -0.184079E-08
   0.144900E+04  -0.134807E-08   0.456646E-08  -0.130678E-08
   0.145000E+04  -0.104899E-08   0.534222E-08  -0.716012E-09
   0.145100E+04  -0.644875E-09   0.563961E-08  -0.878372E-10
   0.145200E+04  -0.166857E-09   0.538715E-08   0.563253E-09
   0.145300E+04   0.345997E-09   0.455650E-08   0.122640E-08
   0.145400E+04   0.849918E-09   0.316749E-08   0.189233E-08
   0.145500E+04   0.130023E-08   0.128945E-08   0.255076E-08
   0.145600E+04   0.165536E-08  -0.961684E-09   0.318786E-08
   0.145700E+04   0.188080E-08  -0.343020E-08   0.378416E-08
   0.145800E+04   0.195242E-08  -0.593123E-08   0.431328E-08
   0.145900E+04   0.185905E-08  -0.826422E-08   0.474197E-08
   0.146000E+04   0.160391E-08  -0.102285E-07   0.503149E-08
   0.146100E+04   0.120473E-08  -0.116394E-07   0.514044E-08
   0.146200E+04   0.692574E-09  -0.123442E-07   0.502875E-08
   0.146300E+04   0.109346E-09  -0.122358E-07   0.466247E-08
   0.146400E+04  -0.495729E-09  -0.112635E-07   0.401901E-08
   0.146500E+04  -0.107042E-08  -0.943975E-08   0.309193E-08
   0.146600E+04  -0.156418E-08  -0.684212E-08   0.189490E-08
   0.146700E+04  -0.193283E-08  -0.360993E-08   0.464142E-09
   0.146800E+04  -0.214267E-08   0.638940E-10  -0.114110E-08
   0.146900E+04  -0.217383E-08   0.394566E-08  -0.284037E-08
   0.147000E+04  -0.202230E-08   0.777730E-08  -0.453616E-08
   0.147100E+04  -0.170062E-08   0.112953E-07  -0.612010E-08
   0.147200E+04  -0.123694E-08   0.142504E-07  -0.748105E-08
   0.147300E+04  -0.672759E-09   0.164270E-07  -0.851412E-08
   0.147400E+04  -0.592290E-10   0.176602E-07  -0.913003E-08
   0.147500E+04   0.547395E-09   0.178492E-07  -0.926390E-08
   0.147600E+04   0.109089E-08   0.169663E-07  -0.888249E-08
   0.147700E+04   0.152029E-08   0.150601E-07  -0.798918E-08
   0.147800E+04   0.179465E-08   0.122526E-07  -0.662606E-08
   0.147900E+04   0.188700E-08   0.873129E-08  -0.487264E-08
   0.148000E+04   0.178697E-08   0.473513E-08  -0.284131E-08
   0.148100E+04   0.150201E-08   0.537196E-09  -0.669575E-09
   0.148200E+04   0.105683E-08  -0.357599E-08   0.149025E-08
   0.148300E+04   0.491281E-09  -0.732597E-08   0.348316E-08
   0.148400E+04  -0.143187E-09  -0.104634E-07   0.516420E-08
   0.148500E+04  -0.788246E-09  -0.127869E-07   0.641094E-08
   0.148600E+04  -0.138407E-08  -0.141576E-07   0.713433E-08
   0.148700E+04  -0.187493E-08  -0.145097E-07   0.728695E-08
   0.148800E+04  -0.221440E-08  -0.138541E-07   0.686787E-08
   0.148900E+04  -0.236983E-08  -0.122765E-07   0.592352E-08
   0.149000E+04  -0.232543E-08  -0.992961E-08   0.454437E-08
   0.149100E+04  -0.208390E-08  -0.701966E-08   0.285768E-08
   0.149200E+04  -0.166621E-08  -0.378940E-08   0.101681E-08
   0.149300E+04  -0.110976E-08  -0.497915E-09  -0.812057E-09
   0.149400E+04  -0.464845E-09   0.260033E-08  -0.246440E-08
   0.149500E+04   0.210000E-09   0.527571E-08  -0.379208E-08
   0.149600E+04   0.853580E-09   0.734118E-08  -0.467668E-08
   0.149700E+04   0.140784E-08   0.866623E-08  -0.504031E-08
   0.149800E+04   0.182340E-08   0.918571E-08  -0.485297E-08
   0.149900E+04   0.206431E-08   0.890306E-08  -0.413546E-08
   0.150000E+04   0.211150E-08   0.788773E-08  -0.295783E-08
   0.150100E+04   0.196466E-08   0.626706E-08  -0.143316E-08
   0.150200E+04   0.164225E-08   0.421341E-08   0.292567E-09
   0.150300E+04   0.117972E-08   0.192792E-08   0.205382E-08
   0.150400E+04   0.626091E-09  -0.377830E-09   0.368074E-08
   0.150500E+04   0.391254E-10  -0.250049E-08   0.501489E-08
   0.150600E+04  -0.520369E-09  -0.426235E-08   0.592419E-08
   0.150700E+04  -0.994575E-09  -0.552591E-08   0.631537E-08
   0.150800E+04  -0.133448E-08  -0.620453E-08   0.614310E-08
   0.150900E+04  -0.150487E-08  -0.626810E-08   0.541459E-08
   0.151000E+04  -0.148801E-08  -0.574359E-08   0.418945E-08
   0.151100E+04  -0.128569E-08  -0.471032E-08   0.257464E-08
   0.151200E+04  -0.919275E-09  -0.329067E-08   0.714957E-09
   0.151300E+04  -0.427884E-09  -0.163718E-08  -0.122004E-08
   0.151400E+04   0.135235E-09   0.828219E-10  -0.305151E-08
   0.151500E+04   0.707819E-09   0.170335E-08  -0.460778E-08
   0.151600E+04   0.122468E-08   0.307539E-08  -0.574023E-08
   0.151700E+04   0.162424E-08   0.408037E-08  -0.633719E-08
   0.151800E+04   0.185482E-08   0.464038E-08  -0.633445E-08
   0.151900E+04   0.188014E-08   0.472425E-08  -0.572145E-08
   0.152000E+04   0.168348E-08   0.434890E-08  -0.454262E-08
   0.152100E+04   0.126999E-08   0.357614E-08  -0.289355E-08
   0.152200E+04   0.666991E-09   0.250505E-08  -0.912587E-09
   0.152300E+04  -0.778369E-10   0.126109E-08   0.123158E-08
   0.152400E+04  -0.900265E-09  -0.172346E-10   0.335510E-08
   0.152500E+04  -0.172500E-08  -0.119264E-08   0.527546E-08
   0.152600E+04  -0.247235E-08  -0.214289E-08   0.682785E-08
   0.152700E+04  -0.306546E-08  -0.277291E-08   0.787983E-08
   0.152800E+04  -0.343751E-08  -0.302391E-08   0.834294E-08
   0.152900E+04  -0.353815E-08  -0.287879E-08   0.818014E-08
   0.153000E+04  -0.333856E-08  -0.236325E-08   0.740855E-08
   0.153100E+04  -0.283476E-08  -0.154265E-08   0.609708E-08
   0.153200E+04  -0.204867E-08  -0.514864E-09   0.435937E-08
   0.153300E+04  -0.102695E-08   0.600002E-09   0.234259E-08
   0.153400E+04   0.162397E-09   0.167206E-08   0.213401E-09
   0.153500E+04   0.143532E-08   0.257498E-08  -0.185784E-08
   0.153600E+04   0.269853E-08   0.319887E-08  -0.371285E-08
   0.153700E+04   0.385714E-08   0.346149E-08  -0.521982E-08
   0.153800E+04   0.482250E-08   0.331659E-08  -0.628506E-08
   0.153900E+04   0.551962E-08   0.275874E-08  -0.686074E-08
   0.154000E+04   0.589334E-08   0.182401E-08  -0.694804E-08
   0.154100E+04   0.591287E-08   0.586567E-09  -0.659551E-08
   0.154200E+04   0.557426E-08  -0.848454E-09  -0.589277E-08
   0.154300E+04   0.490054E-08  -0.235511E-08  -0.496021E-08
   0.154400E+04   0.393964E-08  -0.379884E-08  -0.393579E-08
   0.154500E+04   0.276015E-08  -0.504943E-08  -0.296020E-08
   0.154600E+04   0.144547E-08  -0.599351E-08  -0.216194E-08
   0.154700E+04   0.868053E-10  -0.654534E-08  -0.164364E-08
   0.154800E+04  -0.122438E-08  -0.665489E-08  -0.147118E-08
   0.154900E+04  -0.240371E-08  -0.631234E-08  -0.166660E-08
   0.155000E+04  -0.338043E-08  -0.554871E-08  -0.220538E-08
   0.155100E+04  -0.410259E-08  -0.443246E-08  -0.301865E-08
   0.155200E+04  -0.454038E-08  -0.306255E-08  -0.399989E-08
   0.155300E+04  -0.468745E-08  -0.155864E-08  -0.501556E-08
   0.155400E+04  -0.456014E-08  -0.492798E-10  -0.591865E-08
   0.155500E+04  -0.419462E-08   0.134046E-08  -0.656386E-08
   0.155600E+04  -0.364254E-08   0.250093E-08  -0.682280E-08
   0.155700E+04  -0.296535E-08   0.334810E-08  -0.659796E-08
   0.155800E+04  -0.222810E-08   0.383107E-08  -0.583375E-08
   0.155900E+04  -0.149315E-08   0.393621E-08  -0.452388E-08
   0.156000E+04  -0.814527E-09   0.368739E-08  -0.271399E-08
   0.156100E+04  -0.233398E-09   0.314260E-08  -0.499506E-09
   0.156200E+04   0.224995E-09   0.238704E-08   0.198134E-08
   0.156300E+04   0.552572E-09   0.152361E-08   0.455856E-08
   0.156400E+04   0.757843E-09   0.661708E-09   0.704468E-08
   0.156500E+04   0.863607E-09  -0.944461E-10   0.925074E-08
   0.156600E+04   0.903222E-09  -0.656862E-09   0.110027E-07
   0.156700E+04   0.915843E-09  -0.962967E-09   0.121570E-07
   0.156800E+04   0.941176E-09  -0.982067E-09   0.126127E-07
   0.156900E+04   0.101428E-08  -0.718390E-09   0.123213E-07
   0.157000E+04   0.116098E-08  -0.210415E-09   0.112907E-07
   0.157100E+04   0.139437E-08   0.473442E-09   0.958544E-08
   0.157200E+04   0.171273E-08   0.124233E-08   0.732083E-08
   0.157300E+04   0.209917E-08   0.199290E-08   0.465394E-08
   0.157400E+04   0.252288E-08   0.262065E-08   0.177037E-08
   0.157500E+04   0.294209E-08   0.303148E-08  -0.113094E-08
   0.157600E+04   0.330819E-08   0.315227E-08  -0.385388E-08
   0.157700E+04   0.357079E-08   0.293948E-08  -0.622074E-08
   0.157800E+04   0.368314E-08   0.238463E-08  -0.808586E-08
   0.157900E+04   0.360735E-08   0.151636E-08  -0.934624E-08
   0.158000E+04   0.331887E-08   0.398544E-09  -0.994810E-08
   0.158100E+04   0.280986E-08  -0.875184E-09  -0.988918E-08
   0.158200E+04   0.209096E-08  -0.219012E-08  -0.921641E-08
   0.158300E+04   0.119141E-08  -0.342146E-08  -0.801963E-08
   0.158400E+04   0.157310E-09  -0.444659E-08  -0.642173E-08
   0.158500E+04  -0.951647E-09  -0.515733E-08  -0.456662E-08
   0.158600E+04  -0.206687E-08  -0.547101E-08  -0.260583E-08
   0.158700E+04  -0.311641E-08  -0.533929E-08  -0.685320E-09
   0.158800E+04  -0.403097E-08  -0.475366E-08   0.106645E-08
   0.158900E+04  -0.474971E-08  -0.374724E-08   0.254812E-08
   0.159000E+04  -0.522544E-08  -0.239252E-08   0.369189E-08
   0.159100E+04  -0.542861E-08  -0.795252E-09   0.446644E-08
   0.159200E+04  -0.534982E-08   0.914899E-09   0.487621E-08
   0.159300E+04  -0.500059E-08   0.259613E-08   0.495728E-08
   0.159400E+04  -0.441227E-08   0.410754E-08   0.477053E-08
   0.159500E+04  -0.363337E-08   0.532218E-08   0.439283E-08
   0.159600E+04  -0.272535E-08   0.613886E-08   0.390734E-08
   0.159700E+04  -0.175738E-08   0.649159E-08   0.339396E-08
   0.159800E+04  -0.800577E-09   0.635572E-08   0.292080E-08
   0.159900E+04   0.778447E-10   0.575013E-08   0.253774E-08
   0.160000E+04   0.819967E-09   0.473542E-08   0.227242E-08
   0.160100E+04   0.138158E-08   0.340807E-08   0.212912E-08
   0.160200E+04   0.173533E-08   0.189125E-08   0.209047E-08
   0.160300E+04   0.187223E-08   0.323239E-09   0.212164E-08
   0.160400E+04   0.180167E-08  -0.115562E-08   0.217646E-08
   0.160500E+04   0.154964E-08  -0.241597E-08   0.220475E-08
   0.160600E+04   0.115573E-08  -0.335136E-08   0.215979E-08
   0.160700E+04   0.668972E-09  -0.388784E-08   0.200529E-08
   0.160800E+04   0.143068E-09  -0.399036E-08   0.172087E-08
   0.160900E+04  -0.368611E-09  -0.366535E-08   0.130553E-08
   0.161000E+04  -0.817712E-09  -0.295928E-08   0.778629E-09
   0.161100E+04  -0.116492E-08  -0.195340E-08   0.178355E-09
   0.161200E+04  -0.138296E-08  -0.755220E-09  -0.442192E-09
   0.161300E+04  -0.145825E-08   0.512474E-09  -0.102086E-08
   0.161400E+04  -0.139132E-08   0.172383E-08  -0.149357E-08
   0.161500E+04  -0.119580E-08   0.276226E-08  -0.180192E-08
   0.161600E+04  -0.896237E-09   0.353161E-08  -0.190045E-08
   0.161700E+04  -0.525041E-09   0.396511E-08  -0.176258E-08
   0.161800E+04  -0.118837E-09   0.403122E-08  -0.138483E-08
   0.161900E+04   0.285366E-09   0.373586E-08  -0.788517E-09
   0.162000E+04   0.653799E-09   0.312081E-08  -0.188412E-10
   0.162100E+04   0.959011E-09   0.225856E-08   0.858559E-09
   0.162200E+04   0.118212E-08   0.124408E-08   0.176338E-08
   0.162300E+04   0.131407E-08   0.184519E-09   0.260813E-08
   0.162400E+04   0.135576E-08  -0.812242E-09   0.330650E-08
   0.162500E+04   0.131718E-08  -0.164886E-08   0.378194E-08
   0.162600E+04   0.121560E-08  -0.224855E-08   0.397534E-08
   0.162700E+04   0.107317E-08  -0.256283E-08   0.385120E-08
   0.162800E+04   0.914056E-09  -0.257618E-08   0.340149E-08
   0.162900E+04   0.761575E-09  -0.230715E-08   0.264695E-08
   0.163000E+04   0.635579E-09  -0.180593E-08   0.163544E-08
   0.163100E+04   0.550362E-09  -0.114848E-08   0.437713E-09
   0.163200E+04   0.513308E-09  -0.428034E-09  -0.859135E-09
   0.163300E+04   0.524389E-09   0.255222E-09  -0.215981E-08
   0.163400E+04   0.576544E-09   0.805224E-09  -0.336981E-08
   0.163500E+04   0.656858E-09   0.114063E-08  -0.440427E-08
   0.163600E+04   0.748387E-09   0.120387E-08  -0.519588E-08
   0.163700E+04   0.832398E-09   0.967715E-09  -0.570097E-08
   0.163800E+04   0.890765E-09   0.438636E-09  -0.590325E-08
   0.163900E+04   0.908238E-09  -0.343395E-09  -0.581468E-08
   0.164000E+04   0.874333E-09  -0.130864E-08  -0.547362E-08
   0.164100E+04   0.784627E-09  -0.236450E-08  -0.494016E-08
   0.164200E+04   0.641330E-09  -0.340490E-08  -0.428940E-08
   0.164300E+04   0.453062E-09  -0.432114E-08  -0.360315E-08
   0.164400E+04   0.233889E-09  -0.501318E-08  -0.296105E-08
   0.164500E+04   0.170951E-11  -0.540010E-08  -0.243195E-08
   0.164600E+04  -0.223797E-09  -0.542872E-08  -0.206644E-08
   0.164700E+04  -0.423443E-09  -0.507940E-08  -0.189142E-08
   0.164800E+04  -0.580752E-09  -0.436849E-08  -0.190708E-08
   0.164900E+04  -0.683884E-09  -0.334714E-08  -0.208681E-08
   0.165000E+04  -0.727038E-09  -0.209645E-08  -0.237994E-08
   0.165100E+04  -0.711168E-09  -0.719658E-09  -0.271713E-08
   0.165200E+04  -0.643944E-09   0.668048E-09  -0.301778E-08
   0.165300E+04  -0.538923E-09   0.195097E-08  -0.319882E-08
   0.165400E+04  -0.414047E-09   0.302441E-08  -0.318388E-08
   0.165500E+04  -0.289609E-09   0.380514E-08  -0.291202E-08
   0.165600E+04  -0.185907E-09   0.423966E-08  -0.234504E-08
   0.165700E+04  -0.120848E-09   0.430943E-08  -0.147264E-08
   0.165800E+04  -0.107765E-09   0.403261E-08  -0.314892E-09
   0.165900E+04  -0.153684E-09   0.346189E-08   0.107828E-08
   0.166000E+04  -0.258252E-09   0.267885E-08   0.263054E-08
   0.166100E+04  -0.413445E-09   0.178530E-08   0.424527E-08
   0.166200E+04  -0.604113E-09   0.892447E-09   0.581375E-08
   0.166300E+04  -0.809320E-09   0.109070E-09   0.722463E-08
   0.166400E+04  -0.100436E-08  -0.470099E-09   0.837380E-08
   0.166500E+04  -0.116322E-08  -0.774610E-09   0.917370E-08
   0.166600E+04  -0.126134E-08  -0.766041E-09   0.956114E-08
   0.166700E+04  -0.127821E-08  -0.442442E-09   0.950297E-08
   0.166800E+04  -0.119974E-08   0.161018E-09   0.899900E-08
   0.166900E+04  -0.102003E-08   0.975320E-09   0.808188E-08
   0.167000E+04  -0.742337E-09   0.190447E-08   0.681414E-08
   0.167100E+04  -0.379195E-09   0.283534E-08   0.528245E-08
   0.167200E+04   0.483479E-10   0.364944E-08   0.358993E-08
   0.167300E+04   0.512385E-09   0.423554E-08   0.184707E-08
   0.167400E+04   0.980470E-09   0.450171E-08   0.162303E-09
   0.167500E+04   0.141843E-08   0.438566E-08  -0.136699E-08
   0.167600E+04   0.179335E-08   0.386222E-08  -0.266208E-08
   0.167700E+04   0.207656E-08   0.294716E-08  -0.366852E-08
   0.167800E+04   0.224614E-08   0.169695E-08  -0.435921E-08
   0.167900E+04   0.228892E-08   0.204334E-09  -0.473475E-08
   0.168000E+04   0.220162E-08  -0.140984E-08  -0.482109E-08
   0.168100E+04   0.199112E-08  -0.300777E-08  -0.466488E-08
   0.168200E+04   0.167376E-08  -0.444782E-08  -0.432699E-08
   0.168300E+04   0.127380E-08  -0.559821E-08  -0.387495E-08
   0.168400E+04   0.821246E-09  -0.635006E-08  -0.337520E-08
   0.168500E+04   0.349053E-09  -0.662839E-08  -0.288588E-08
   0.168600E+04  -0.109740E-09  -0.639993E-08  -0.245097E-08
   0.168700E+04  -0.524892E-09  -0.567703E-08  -0.209636E-08
   0.168800E+04  -0.871468E-09  -0.451716E-08  -0.182822E-08
   0.168900E+04  -0.113177E-08  -0.301798E-08  -0.163375E-08
   0.169000E+04  -0.129652E-08  -0.130855E-08  -0.148426E-08
   0.169100E+04  -0.136520E-08   0.462715E-09  -0.134011E-08
   0.169200E+04  -0.134549E-08   0.214194E-08  -0.115696E-08
   0.169300E+04  -0.125203E-08   0.358437E-08  -0.892567E-09
   0.169400E+04  -0.110442E-08   0.466814E-08  -0.513405E-09
   0.169500E+04  -0.924931E-09   0.530585E-08  -0.276634E-12
   0.169600E+04  -0.735984E-09   0.545289E-08   0.647690E-09
   0.169700E+04  -0.557768E-09   0.511154E-08   0.141116E-08
   0.169800E+04  -0.406209E-09   0.433062E-08   0.225109E-08
   0.169900E+04  -0.291488E-09   0.320047E-08   0.311152E-08
   0.170000E+04  -0.217273E-09   0.184393E-08   0.392455E-08
   0.170100E+04  -0.180703E-09   0.404171E-09   0.461682E-08
   0.170200E+04  -0.173140E-09  -0.969594E-09   0.511699E-08
   0.170300E+04  -0.181553E-09  -0.213688E-08   0.536336E-08
   0.170400E+04  -0.190404E-09  -0.297991E-08   0.531079E-08
   0.170500E+04  -0.183793E-09  -0.341530E-08   0.493627E-08
   0.170600E+04  -0.147630E-09  -0.340238E-08   0.424245E-08
   0.170700E+04  -0.715936E-10  -0.294722E-08   0.325874E-08
   0.170800E+04   0.493603E-10  -0.210207E-08   0.203981E-08
   0.170900E+04   0.214093E-09  -0.960148E-09   0.661562E-09
   0.171000E+04   0.415097E-09   0.353677E-09  -0.784960E-09
   0.171100E+04   0.639048E-09   0.169535E-08  -0.220133E-08
   0.171200E+04   0.868048E-09   0.291608E-08  -0.349027E-08
   0.171300E+04   0.108143E-08   0.387733E-08  -0.456418E-08
   0.171400E+04   0.125791E-08   0.446482E-08  -0.535289E-08
   0.171500E+04   0.137793E-08   0.460022E-08  -0.580972E-08
   0.171600E+04   0.142584E-08   0.424931E-08  -0.591539E-08
   0.171700E+04   0.139171E-08   0.342581E-08  -0.567942E-08
   0.171800E+04   0.127271E-08   0.219054E-08  -0.513872E-08
   0.171900E+04   0.107363E-08   0.645832E-09  -0.435367E-08
   0.172000E+04   0.806759E-09  -0.107404E-08  -0.340206E-08
   0.172100E+04   0.490898E-09  -0.281569E-08  -0.237145E-08
   0.172200E+04   0.149766E-09  -0.442133E-08  -0.135076E-08
   0.172300E+04  -0.190172E-09  -0.574399E-08  -0.421962E-09
   0.172400E+04  -0.502167E-09  -0.666159E-08   0.347442E-09
   0.172500E+04  -0.761720E-09  -0.708880E-08   0.910225E-09
   0.172600E+04  -0.948921E-09  -0.698516E-08   0.124312E-08
   0.172700E+04  -0.105036E-08  -0.635890E-08   0.134800E-08
   0.172800E+04  -0.106042E-08  -0.526610E-08   0.125043E-08
   0.172900E+04  -0.981803E-09  -0.380512E-08   0.995849E-09
   0.173000E+04  -0.825233E-09  -0.210701E-08   0.643833E-09
   0.173100E+04  -0.608404E-09  -0.322814E-09   0.260951E-09
   0.173200E+04  -0.354216E-09   0.139098E-08  -0.868860E-10
   0.173300E+04  -0.885106E-10   0.288739E-08  -0.341843E-09
   0.173400E+04   0.162461E-09   0.404285E-08  -0.460541E-09
   0.173500E+04   0.374607E-09   0.476869E-08  -0.418742E-09
   0.173600E+04   0.528323E-09   0.501903E-08  -0.213843E-09
   0.173700E+04   0.610360E-09   0.479443E-08   0.135055E-09
   0.173800E+04   0.615035E-09   0.414094E-08   0.589512E-09
   0.173900E+04   0.544678E-09   0.314461E-08   0.109625E-08
   0.174000E+04   0.409266E-09   0.192214E-08   0.159335E-08
   0.174100E+04   0.225295E-09   0.608681E-09   0.201737E-08
   0.174200E+04   0.140037E-10  -0.656155E-09   0.231076E-08
   0.174300E+04  -0.200864E-09  -0.174240E-08   0.242861E-08
   0.174400E+04  -0.395522E-09  -0.254272E-08   0.234410E-08
   0.174500E+04  -0.548580E-09  -0.298288E-08   0.205205E-08
   0.174600E+04  -0.643212E-09  -0.302871E-08   0.157008E-08
   0.174700E+04  -0.668825E-09  -0.268882E-08   0.937332E-09
   0.174800E+04  -0.622077E-09  -0.201292E-08   0.210850E-09
   0.174900E+04  -0.507128E-09  -0.108590E-08  -0.540081E-09
   0.175000E+04  -0.335124E-09  -0.182749E-10  -0.124100E-08
   0.175100E+04  -0.122962E-09   0.106586E-08  -0.182000E-08
   0.175200E+04   0.108519E-09   0.204224E-08  -0.221539E-08
   0.175300E+04   0.336741E-09   0.279977E-08  -0.238233E-08
   0.175400E+04   0.539728E-09   0.325229E-08  -0.229795E-08
   0.175500E+04   0.698364E-09   0.334774E-08  -0.196414E-08
   0.175600E+04   0.798320E-09   0.307360E-08  -0.140789E-08
   0.175700E+04   0.831445E-09   0.245819E-08  -0.679082E-09
   0.175800E+04   0.796501E-09   0.156754E-08   0.154205E-09
   0.175900E+04   0.699150E-09   0.498365E-09   0.101220E-08
   0.176000E+04   0.551214E-09  -0.632392E-09   0.181130E-08
   0.176100E+04   0.369291E-09  -0.170004E-08   0.247233E-08
   0.176200E+04   0.172881E-09  -0.258561E-08   0.292849E-08
   0.176300E+04  -0.177753E-10  -0.318874E-08   0.313210E-08
   0.176400E+04  -0.183914E-09  -0.343865E-08   0.305942E-08
   0.176500E+04  -0.310268E-09  -0.330213E-08   0.271314E-08
   0.176600E+04  -0.386693E-09  -0.278752E-08   0.212214E-08
   0.176700E+04  -0.409212E-09  -0.194441E-08   0.133867E-08
   0.176800E+04  -0.380365E-09  -0.858868E-09   0.433149E-09
   0.176900E+04  -0.308844E-09   0.355093E-09  -0.512890E-09
   0.177000E+04  -0.208430E-09   0.156725E-08  -0.141495E-08
   0.177100E+04  -0.963698E-10   0.264464E-08  -0.219402E-08
   0.177200E+04   0.864355E-11   0.346561E-08  -0.278438E-08
   0.177300E+04   0.886601E-10   0.393274E-08  -0.314011E-08
   0.177400E+04   0.128597E-09   0.398360E-08  -0.323944E-08
   0.177500E+04   0.118062E-09   0.359783E-08  -0.308664E-08
   0.177600E+04   0.526673E-10   0.280013E-08  -0.271121E-08
   0.177700E+04  -0.652981E-10   0.165849E-08  -0.216441E-08
   0.177800E+04  -0.226943E-09   0.278016E-09  -0.151359E-08
   0.177900E+04  -0.417572E-09  -0.120920E-08  -0.834841E-09
   0.178000E+04  -0.618154E-09  -0.265717E-08  -0.204804E-09
   0.178100E+04  -0.807285E-09  -0.392065E-08   0.307579E-09
   0.178200E+04  -0.963471E-09  -0.487000E-08   0.648409E-09
   0.178300E+04  -0.106746E-08  -0.540461E-08   0.784536E-09
   0.178400E+04  -0.110441E-08  -0.546361E-08   0.707010E-09
   0.178500E+04  -0.106559E-08  -0.503265E-08   0.431896E-09
   0.178600E+04  -0.949538E-09  -0.414607E-08  -0.164618E-11
   0.178700E+04  -0.762434E-09  -0.288417E-08  -0.535815E-09
   0.178800E+04  -0.517668E-09  -0.136578E-08  -0.110069E-08
   0.178900E+04  -0.234680E-09   0.263149E-09  -0.162213E-08
   0.179000E+04   0.628725E-10   0.184385E-08  -0.203023E-08
   0.179100E+04   0.349416E-09   0.322050E-08  -0.226734E-08
   0.179200E+04   0.600001E-09   0.425590E-08  -0.229489E-08
   0.179300E+04   0.792815E-09   0.484540E-08  -0.209816E-08
   0.179400E+04   0.911413E-09   0.492780E-08  -0.168846E-08
   0.179500E+04   0.946427E-09   0.449190E-08  -0.110252E-08
   0.179600E+04   0.896566E-09   0.357818E-08  -0.398974E-09
   0.179700E+04   0.768796E-09   0.227525E-08   0.347633E-09
   0.179800E+04   0.577680E-09   0.711442E-09   0.105477E-08
   0.179900E+04   0.343913E-09  -0.957635E-09   0.164095E-08
   0.180000E+04   0.922179E-10  -0.256446E-08   0.203491E-08
   0.180100E+04  -0.151198E-09  -0.394624E-08   0.218396E-08
   0.180200E+04  -0.361368E-09  -0.496128E-08   0.206062E-08
   0.180300E+04  -0.517192E-09  -0.550337E-08   0.166667E-08
   0.180400E+04  -0.603682E-09  -0.551267E-08   0.103432E-08
   0.180500E+04  -0.613599E-09  -0.498214E-08   0.224014E-09
   0.180600E+04  -0.548294E-09  -0.395858E-08  -0.680742E-09
   0.180700E+04  -0.417664E-09  -0.253836E-08  -0.158122E-08
   0.180800E+04  -0.239205E-09  -0.858094E-09  -0.237321E-08
   0.180900E+04  -0.362521E-10   0.918905E-09  -0.295765E-08
   0.181000E+04   0.164422E-09   0.261887E-08  -0.325117E-08
   0.181100E+04   0.335415E-09   0.407511E-08  -0.319531E-08
   0.181200E+04   0.451631E-09   0.514496E-08  -0.276355E-08
   0.181300E+04   0.493033E-09   0.572446E-08  -0.196532E-08
   0.181400E+04   0.446943E-09   0.575924E-08  -0.846435E-09
   0.181500E+04   0.309626E-09   0.525055E-08   0.514109E-09
   0.181600E+04   0.870110E-10   0.425561E-08   0.201083E-08
   0.181700E+04  -0.205564E-09   0.288236E-08   0.352135E-08
   0.181800E+04  -0.544557E-09   0.127895E-08   0.491792E-08
   0.181900E+04  -0.900271E-09  -0.381016E-09   0.607996E-08
   0.182000E+04  -0.123957E-08  -0.191601E-08   0.690613E-08
   0.182100E+04  -0.152896E-08  -0.315518E-08   0.732493E-08
   0.182200E+04  -0.173783E-08  -0.395615E-08   0.730258E-08
   0.182300E+04  -0.184136E-08  -0.422024E-08   0.684735E-08
   0.182400E+04  -0.182299E-08  -0.390351E-08   0.600988E-08
   0.182500E+04  -0.167613E-08  -0.302247E-08   0.487919E-08
   0.182600E+04  -0.140483E-08  -0.165376E-08   0.357482E-08
   0.182700E+04  -0.102359E-08   0.722342E-10   0.223565E-08
   0.182800E+04  -0.556000E-09   0.198327E-08   0.100641E-08
   0.182900E+04  -0.326449E-10   0.388163E-08   0.232501E-10
   0.183000E+04   0.511731E-09   0.556343E-08  -0.600369E-09
   0.183100E+04   0.104142E-08   0.683889E-08  -0.786024E-09
   0.183200E+04   0.152305E-08   0.755181E-08  -0.499633E-09
   0.183300E+04   0.192860E-08   0.759604E-08   0.243232E-09
   0.183400E+04   0.223787E-08   0.692751E-08   0.137668E-08
   0.183500E+04   0.244022E-08   0.557046E-08   0.278871E-08
   0.183600E+04   0.253525E-08   0.361715E-08   0.432994E-08
   0.183700E+04   0.253258E-08   0.122097E-08   0.582634E-08
   0.183800E+04   0.245050E-08  -0.141641E-08   0.709466E-08
   0.183900E+04   0.231386E-08  -0.406290E-08   0.795941E-08
   0.184000E+04   0.215131E-08  -0.647703E-08   0.826961E-08
   0.184100E+04   0.199216E-08  -0.843035E-08   0.791403E-08
   0.184200E+04   0.186320E-08  -0.972906E-08   0.683321E-08
   0.184300E+04   0.178584E-08  -0.102328E-07   0.502727E-08
   0.184400E+04   0.177380E-08  -0.986854E-08   0.255858E-08
   0.184500E+04   0.183165E-08  -0.863911E-08  -0.450903E-09
   0.184600E+04   0.195424E-08  -0.662398E-08  -0.382779E-08
   0.184700E+04   0.212721E-08  -0.397367E-08  -0.735993E-08
   0.184800E+04   0.232843E-08  -0.897367E-09  -0.108129E-07
   0.184900E+04   0.253020E-08   0.235492E-08  -0.139485E-07
   0.185000E+04   0.270216E-08   0.551401E-08  -0.165445E-07
   0.185100E+04   0.281428E-08   0.831505E-08  -0.184125E-07
   0.185200E+04   0.283999E-08   0.105208E-07  -0.194139E-07
   0.185300E+04   0.275884E-08   0.119423E-07  -0.194719E-07
   0.185400E+04   0.255856E-08   0.124555E-07  -0.185780E-07
   0.185500E+04   0.223629E-08   0.120118E-07  -0.167931E-07
   0.185600E+04   0.179881E-08   0.106420E-07  -0.142433E-07
   0.185700E+04   0.126179E-08   0.845293E-08  -0.111098E-07
   0.185800E+04   0.648095E-09   0.561760E-08  -0.761466E-08
   0.185900E+04  -0.145394E-10   0.235939E-08  -0.400327E-08
   0.186000E+04  -0.696437E-09  -0.106794E-08  -0.524910E-09
   0.186100E+04  -0.136898E-08  -0.440267E-08   0.258668E-08
   0.186200E+04  -0.200745E-08  -0.739776E-08   0.513134E-08
   0.186300E+04  -0.259346E-08  -0.984174E-08   0.695753E-08
   0.186400E+04  -0.311651E-08  -0.115759E-07   0.797332E-08
   0.186500E+04  -0.357471E-08  -0.125061E-07   0.815235E-08
   0.186600E+04  -0.397444E-08  -0.126088E-07   0.753454E-08
   0.186700E+04  -0.432897E-08  -0.119297E-07   0.622146E-08
   0.186800E+04  -0.465620E-08  -0.105769E-07   0.436706E-08
   0.186900E+04  -0.497578E-08  -0.870773E-08   0.216442E-08
   0.187000E+04  -0.530579E-08  -0.651182E-08  -0.170089E-09
   0.187100E+04  -0.565949E-08  -0.419173E-08  -0.241399E-08
   0.187200E+04  -0.604239E-08  -0.194294E-08  -0.435579E-08
   0.187300E+04  -0.645000E-08   0.646076E-10  -0.581066E-08
   0.187400E+04  -0.686658E-08   0.170168E-08  -0.663350E-08
   0.187500E+04  -0.726506E-08   0.289034E-08  -0.672847E-08
   0.187600E+04  -0.760821E-08   0.360881E-08  -0.605459E-08
   0.187700E+04  -0.785101E-08   0.389040E-08  -0.462700E-08
   0.187800E+04  -0.794410E-08   0.381670E-08  -0.251417E-08
   0.187900E+04  -0.783799E-08   0.350579E-08   0.168447E-09
   0.188000E+04  -0.748771E-08   0.309684E-08   0.326774E-08
   0.188100E+04  -0.685750E-08   0.273272E-08   0.660410E-08
   0.188200E+04  -0.592507E-08   0.254244E-08   0.998373E-08
   0.188300E+04  -0.468506E-08   0.262533E-08   0.132109E-07
   0.188400E+04  -0.315136E-08   0.303848E-08   0.160992E-07
   0.188500E+04  -0.135803E-08   0.378894E-08   0.184821E-07
   0.188600E+04   0.641306E-09   0.483131E-08   0.202200E-07
   0.188700E+04   0.277563E-08   0.607114E-08   0.212069E-07
   0.188800E+04   0.496007E-08   0.737375E-08   0.213729E-07
   0.188900E+04   0.710067E-08   0.857766E-08   0.206864E-07
   0.189000E+04   0.909986E-08   0.951123E-08   0.191530E-07
   0.189100E+04   0.108625E-07   0.100110E-07   0.168135E-07
   0.189200E+04   0.123016E-07   0.993949E-08   0.137414E-07
   0.189300E+04   0.133439E-07   0.920165E-08   0.100387E-07
   0.189400E+04   0.139344E-07   0.775671E-08   0.583225E-08
   0.189500E+04   0.140395E-07   0.562582E-08   0.126923E-08
   0.189600E+04   0.136490E-07   0.289360E-08  -0.348712E-08
   0.189700E+04   0.127765E-07  -0.296209E-09  -0.826196E-08
   0.189800E+04   0.114583E-07  -0.375079E-08  -0.128738E-07
   0.189900E+04   0.975081E-08  -0.724308E-08  -0.171396E-07
   0.190000E+04   0.772690E-08  -0.105301E-07  -0.208806E-07
   0.190100E+04   0.547177E-08  -0.133729E-07  -0.239288E-07
   0.190200E+04   0.307785E-08  -0.155571E-07  -0.261342E-07
   0.190300E+04   0.640005E-09  -0.169106E-07  -0.273715E-07
   0.190400E+04  -0.174921E-08  -0.173186E-07  -0.275486E-07
   0.190500E+04  -0.400361E-08  -0.167337E-07  -0.266127E-07
   0.190600E+04  -0.604676E-08  -0.151799E-07  -0.245575E-07
   0.190700E+04  -0.781440E-08  -0.127509E-07  -0.214267E-07
   0.190800E+04  -0.925597E-08  -0.960255E-08  -0.173170E-07
   0.190900E+04  -0.103352E-07  -0.594033E-08  -0.123776E-07
   0.191000E+04  -0.110301E-07  -0.200262E-08  -0.680617E-08
   0.191100E+04  -0.113320E-07   0.195805E-08  -0.842179E-09
   0.191200E+04  -0.112445E-07   0.569461E-08   0.524338E-08
   0.191300E+04  -0.107824E-07   0.898393E-08   0.111612E-07
   0.191400E+04  -0.996978E-08   0.116428E-07   0.166189E-07
   0.191500E+04  -0.883935E-08   0.135396E-07   0.213379E-07
   0.191600E+04  -0.743103E-08   0.146021E-07   0.250701E-07
   0.191700E+04  -0.579121E-08   0.148187E-07   0.276140E-07
   0.191800E+04  -0.397205E-08   0.142358E-07   0.288282E-07
   0.191900E+04  -0.203085E-08   0.129498E-07   0.286419E-07
   0.192000E+04  -0.293587E-10   0.110958E-07   0.270611E-07
   0.192100E+04   0.196711E-08   0.883375E-08   0.241696E-07
   0.192200E+04   0.389094E-08   0.633376E-08   0.201253E-07
   0.192300E+04   0.567380E-08   0.376171E-08   0.151513E-07
   0.192400E+04   0.724878E-08   0.126664E-08   0.952236E-08
   0.192500E+04   0.855294E-08  -0.102893E-08   0.354792E-08
   0.192600E+04   0.953015E-08  -0.303534E-08  -0.244720E-08
   0.192700E+04   0.101342E-07  -0.469818E-08  -0.814333E-08
   0.192800E+04   0.103317E-07  -0.599692E-08  -0.132458E-07
   0.192900E+04   0.101050E-07  -0.694031E-08  -0.175029E-07
   0.193000E+04   0.945418E-08  -0.755933E-08  -0.207206E-07
   0.193100E+04   0.839840E-08  -0.789855E-08  -0.227728E-07
   0.193200E+04   0.697635E-08  -0.800731E-08  -0.236069E-07
   0.193300E+04   0.524533E-08  -0.793152E-08  -0.232436E-07
   0.193400E+04   0.327925E-08  -0.770718E-08  -0.217722E-07
   0.193500E+04   0.116537E-08  -0.735636E-08  -0.193407E-07
   0.193600E+04  -0.999852E-09  -0.688587E-08  -0.161429E-07
   0.193700E+04  -0.311586E-08  -0.628880E-08  -0.124024E-07
   0.193800E+04  -0.508341E-08  -0.554855E-08  -0.835609E-08
   0.193900E+04  -0.681022E-08  -0.464478E-08  -0.423739E-08
   0.194000E+04  -0.821620E-08  -0.356035E-08  -0.261415E-09
   0.194100E+04  -0.923808E-08  -0.228841E-08   0.338733E-08
   0.194200E+04  -0.983304E-08  -0.838521E-09   0.656389E-08
   0.194300E+04  -0.998098E-08   0.759028E-09   0.916773E-08
   0.194400E+04  -0.968541E-08   0.245134E-08   0.111438E-07
   0.194500E+04  -0.897282E-08   0.416398E-08   0.124797E-07
   0.194600E+04  -0.789055E-08   0.580492E-08   0.132001E-07
   0.194700E+04  -0.650346E-08   0.727128E-08   0.133585E-07
   0.194800E+04  -0.488947E-08   0.845799E-08   0.130282E-07
   0.194900E+04  -0.313457E-08   0.926777E-08   0.122926E-07
   0.195000E+04  -0.132737E-08   0.962122E-08   0.112370E-07
   0.195100E+04   0.446147E-09   0.946602E-08   0.994126E-08
   0.195200E+04   0.210741E-08   0.878410E-08   0.847499E-08
   0.195300E+04   0.358931E-08   0.759608E-08   0.689520E-08
   0.195400E+04   0.483919E-08   0.596211E-08   0.524619E-08
   0.195500E+04   0.582062E-08   0.397915E-08   0.356161E-08
   0.195600E+04   0.651405E-08   0.177457E-08   0.186801E-08
   0.195700E+04   0.691620E-08  -0.503348E-09   0.189225E-09
   0.195800E+04   0.703849E-08  -0.269724E-08  -0.144933E-08
   0.195900E+04   0.690461E-08  -0.465367E-08  -0.301698E-08
   0.196000E+04   0.654765E-08  -0.623625E-08  -0.447566E-08
   0.196100E+04   0.600687E-08  -0.733750E-08  -0.577948E-08
   0.196200E+04   0.532459E-08  -0.788833E-08  -0.687649E-08
   0.196300E+04   0.454326E-08  -0.786422E-08  -0.771226E-08
   0.196400E+04   0.370312E-08  -0.728747E-08  -0.823508E-08
   0.196500E+04   0.284031E-08  -0.622524E-08  -0.840222E-08
   0.196600E+04   0.198577E-08  -0.478350E-08  -0.818627E-08
   0.196700E+04   0.116467E-08  -0.309746E-08  -0.758100E-08
   0.196800E+04   0.396417E-09  -0.131941E-08  -0.660567E-08
   0.196900E+04  -0.304834E-09   0.395053E-09  -0.530722E-08
   0.197000E+04  -0.929495E-09   0.190091E-08  -0.375978E-08
   0.197100E+04  -0.147166E-08   0.307660E-08  -0.206129E-08
   0.197200E+04  -0.192827E-08   0.383456E-08  -0.327342E-09
   0.197300E+04  -0.229841E-08   0.412847E-08   0.131740E-08
   0.197400E+04  -0.258283E-08   0.395663E-08   0.274943E-08
   0.197500E+04  -0.278364E-08   0.336103E-08   0.385746E-08
   0.197600E+04  -0.290431E-08   0.242235E-08   0.455304E-08
   0.197700E+04  -0.294974E-08   0.125143E-08   0.477989E-08
   0.197800E+04  -0.292647E-08  -0.220381E-10   0.452067E-08
   0.197900E+04  -0.284272E-08  -0.126239E-08   0.380057E-08
   0.198000E+04  -0.270848E-08  -0.234114E-08   0.268700E-08
   0.198100E+04  -0.253519E-08  -0.314928E-08   0.128531E-08
   0.198200E+04  -0.233533E-08  -0.360738E-08  -0.269247E-09
   0.198300E+04  -0.212163E-08  -0.367264E-08  -0.182281E-08
   0.198400E+04  -0.190617E-08  -0.334228E-08  -0.321643E-08
   0.198500E+04  -0.169929E-08  -0.265286E-08  -0.430073E-08
   0.198600E+04  -0.150859E-08  -0.167590E-08  -0.495016E-08
   0.198700E+04  -0.133798E-08  -0.510081E-09  -0.507571E-08
   0.198800E+04  -0.118715E-08   0.729044E-09  -0.463466E-08
   0.198900E+04  -0.105133E-08   0.192071E-08  -0.363636E-08
   0.199000E+04  -0.921677E-09   0.295089E-08  -0.214345E-08
   0.199100E+04  -0.786113E-09   0.372330E-08  -0.268091E-09
   0.199200E+04  -0.630705E-09   0.416837E-08   0.183648E-08
   0.199300E+04  -0.441460E-09   0.424935E-08   0.398841E-08
   0.199400E+04  -0.206361E-09   0.396500E-08   0.599283E-08
   0.199500E+04   0.825330E-10   0.334872E-08   0.765901E-08
   0.199600E+04   0.427184E-09   0.246418E-08   0.881778E-08
   0.199700E+04   0.822088E-09   0.139814E-08   0.933740E-08
   0.199800E+04   0.125344E-08   0.251153E-09   0.913659E-08
   0.199900E+04   0.169911E-08  -0.872830E-09   0.819330E-08
   0.200000E+04   0.212952E-08  -0.187680E-08   0.654852E-08
   0.200100E+04   0.250948E-08  -0.267995E-08   0.430454E-08
   0.200200E+04   0.280088E-08  -0.322498E-08   0.161782E-08
   0.200300E+04   0.296596E-08  -0.348258E-08  -0.131305E-08
   0.200400E+04   0.297111E-08  -0.345288E-08  -0.426317E-08
   0.200500E+04   0.279068E-08  -0.316374E-08  -0.699975E-08
   0.200600E+04   0.241049E-08  -0.266609E-08  -0.930139E-08
   0.200700E+04   0.183070E-08  -0.202704E-08  -0.109766E-07
   0.200800E+04   0.106771E-08  -0.132148E-08  -0.118799E-07
   0.200900E+04   0.154705E-09  -0.623219E-09  -0.119243E-07
   0.201000E+04  -0.859098E-09   0.338520E-11  -0.110885E-07
   0.201100E+04  -0.191083E-08   0.510348E-09  -0.941916E-08
   0.201200E+04  -0.292766E-08   0.870749E-09  -0.702724E-08
   0.201300E+04  -0.383172E-08   0.108070E-08  -0.407896E-08
   0.201400E+04  -0.454585E-08   0.115843E-08  -0.782560E-09
   0.201500E+04  -0.499980E-08   0.114055E-08   0.262828E-08
   0.201600E+04  -0.513628E-08   0.107602E-08   0.591284E-08
   0.201700E+04  -0.491646E-08   0.101858E-08   0.884193E-08
   0.201800E+04  -0.432438E-08   0.101842E-08   0.112151E-07
   0.201900E+04  -0.336977E-08   0.111427E-08   0.128752E-07
   0.202000E+04  -0.208911E-08   0.132678E-08   0.137184E-07
   0.202100E+04  -0.544601E-09   0.165401E-08   0.137010E-07
   0.202200E+04   0.117888E-08   0.206979E-08   0.128395E-07
   0.202300E+04   0.297868E-08   0.252515E-08   0.112072E-07
   0.202400E+04   0.474089E-08   0.295271E-08   0.892608E-08
   0.202500E+04   0.634795E-08   0.327392E-08   0.615540E-08
   0.202600E+04   0.768686E-08   0.340808E-08   0.307810E-08
   0.202700E+04   0.865731E-08   0.328253E-08  -0.113610E-09
   0.202800E+04   0.917917E-08   0.284268E-08  -0.323225E-08
   0.202900E+04   0.919871E-08   0.206079E-08  -0.610750E-08
   0.203000E+04   0.869308E-08   0.942497E-09  -0.859619E-08
   0.203100E+04   0.767268E-08  -0.469833E-09  -0.105890E-07
   0.203200E+04   0.618120E-08  -0.209747E-08  -0.120141E-07
   0.203300E+04   0.429331E-08  -0.382959E-08  -0.128367E-07
   0.203400E+04   0.211020E-08  -0.553128E-08  -0.130570E-07
   0.203500E+04  -0.246796E-09  -0.705458E-08  -0.127043E-07
   0.203600E+04  -0.264401E-08  -0.825178E-08  -0.118311E-07
   0.203700E+04  -0.494404E-08  -0.898950E-08  -0.105057E-07
   0.203800E+04  -0.701460E-08  -0.916252E-08  -0.880542E-08
   0.203900E+04  -0.873700E-08  -0.870562E-08  -0.681133E-08
   0.204000E+04  -0.100136E-07  -0.760255E-08  -0.460365E-08
   0.204100E+04  -0.107738E-07  -0.589075E-08  -0.225958E-08
   0.204200E+04  -0.109780E-07  -0.366144E-08   0.147517E-09
   0.204300E+04  -0.106197E-07  -0.105473E-08   0.254730E-08
   0.204400E+04  -0.972535E-08   0.174996E-08   0.487088E-08
   0.204500E+04  -0.835175E-08   0.454748E-08   0.704895E-08
   0.204600E+04  -0.658201E-08   0.712347E-08   0.901031E-08
   0.204700E+04  -0.451977E-08   0.927233E-08   0.106815E-07
   0.204800E+04  -0.228236E-08   0.108151E-07   0.119877E-07
   0.204900E+04   0.657979E-11   0.116155E-07   0.128559E-07
   0.205000E+04   0.222460E-08   0.115932E-07   0.132193E-07
   0.205100E+04   0.425749E-08   0.107317E-07   0.130232E-07
   0.205200E+04   0.600551E-08   0.908210E-08   0.122318E-07
   0.205300E+04   0.738838E-08   0.675987E-08   0.108354E-07
   0.205400E+04   0.834895E-08   0.393695E-08   0.885601E-08
   0.205500E+04   0.885520E-08   0.828437E-09   0.635188E-08
   0.205600E+04   0.890075E-08  -0.232460E-08   0.341917E-08
   0.205700E+04   0.850388E-08  -0.527469E-08   0.190423E-09
   0.205800E+04   0.770517E-08  -0.778829E-08  -0.317045E-08
   0.205900E+04   0.656416E-08  -0.966519E-08  -0.647665E-08
   0.206000E+04   0.515511E-08  -0.107552E-07  -0.953008E-08
   0.206100E+04   0.356231E-08  -0.109705E-07  -0.121352E-07
   0.206200E+04   0.187514E-08  -0.102931E-07  -0.141142E-07
   0.206300E+04   0.183184E-09  -0.877638E-08  -0.153218E-07
   0.206400E+04  -0.142834E-08  -0.653993E-08  -0.156589E-07
   0.206500E+04  -0.288269E-08  -0.375990E-08  -0.150829E-07
   0.206600E+04  -0.411507E-08  -0.653919E-09  -0.136145E-07
   0.206700E+04  -0.507528E-08   0.253706E-08  -0.113391E-07
   0.206800E+04  -0.572963E-08   0.556872E-08  -0.840318E-08
   0.206900E+04  -0.606193E-08   0.821333E-08  -0.500485E-08
   0.207000E+04  -0.607363E-08   0.102780E-07  -0.138023E-08
   0.207100E+04  -0.578313E-08   0.116197E-07   0.221442E-08
   0.207200E+04  -0.522429E-08   0.121556E-07   0.552266E-08
   0.207300E+04  -0.444424E-08   0.118686E-07   0.830863E-08
   0.207400E+04  -0.350053E-08   0.108062E-07   0.103765E-07
   0.207500E+04  -0.245782E-08   0.907524E-08   0.115872E-07
   0.207600E+04  -0.138421E-08   0.683055E-08   0.118701E-07
   0.207700E+04  -0.347309E-09   0.426065E-08   0.112297E-07
   0.207800E+04   0.589619E-09   0.157073E-08   0.974527E-08
   0.207900E+04   0.137135E-08  -0.103510E-08   0.756441E-08
   0.208000E+04   0.195401E-08  -0.337080E-08   0.489024E-08
   0.208100E+04   0.230771E-08  -0.528313E-08   0.196381E-08
   0.208200E+04   0.241847E-08  -0.666292E-08  -0.956951E-09
   0.208300E+04   0.228913E-08  -0.745194E-08  -0.361989E-08
   0.208400E+04   0.193924E-08  -0.764502E-08  -0.580073E-08
   0.208500E+04   0.140388E-08  -0.728729E-08  -0.732262E-08
   0.208600E+04   0.731361E-09  -0.646710E-08  -0.807137E-08
   0.208700E+04  -0.199104E-10  -0.530540E-08  -0.800484E-08
   0.208800E+04  -0.785423E-09  -0.394268E-08  -0.715569E-08
   0.208900E+04  -0.149900E-08  -0.252482E-08  -0.562715E-08
   0.209000E+04  -0.209744E-08  -0.118922E-08  -0.358229E-08
   0.209100E+04  -0.252506E-08  -0.524777E-10  -0.122775E-08
   0.209200E+04  -0.273775E-08   0.799305E-09   0.120644E-08
   0.209300E+04  -0.270621E-08   0.131669E-08   0.348913E-08
   0.209400E+04  -0.241823E-08   0.148925E-08   0.541009E-08
   0.209500E+04  -0.187968E-08   0.134388E-08   0.679982E-08
   0.209600E+04  -0.111424E-08   0.939547E-09   0.754516E-08
   0.209700E+04  -0.161781E-09   0.359071E-09   0.759915E-08
   0.209800E+04   0.924391E-09  -0.301139E-09   0.698431E-08
   0.209900E+04   0.208124E-08  -0.942241E-09   0.578885E-08
   0.210000E+04   0.324036E-08  -0.147388E-08   0.415644E-08
   0.210100E+04   0.433269E-08  -0.182380E-08   0.227038E-08
   0.210200E+04   0.529305E-08  -0.194517E-08   0.333954E-09
   0.210300E+04   0.606433E-08  -0.182096E-08  -0.145115E-08
   0.210400E+04   0.660090E-08  -0.146512E-08  -0.290607E-08
   0.210500E+04   0.687102E-08  -0.920276E-09  -0.389350E-08
   0.210600E+04   0.685812E-08  -0.252530E-09  -0.433192E-08
   0.210700E+04   0.656088E-08   0.456199E-09  -0.420399E-08
   0.210800E+04   0.599229E-08   0.111743E-08  -0.355792E-08
   0.210900E+04   0.517776E-08   0.164600E-08  -0.250193E-08
   0.211000E+04   0.415251E-08   0.196949E-08  -0.119207E-08
   0.211100E+04   0.295875E-08   0.203639E-08   0.185194E-09
   0.211200E+04   0.164270E-08   0.182199E-08   0.143404E-08
   0.211300E+04   0.251964E-09   0.133163E-08   0.237162E-08
   0.211400E+04  -0.116662E-08   0.600834E-09   0.284949E-08
   0.211500E+04  -0.256845E-08  -0.307602E-09   0.277170E-08
   0.211600E+04  -0.391191E-08  -0.130927E-08   0.210766E-08
   0.211700E+04  -0.515845E-08  -0.230604E-08   0.898152E-09
   0.211800E+04  -0.627212E-08  -0.319535E-08  -0.746219E-09
   0.211900E+04  -0.721893E-08  -0.388007E-08  -0.265424E-08
   0.212000E+04  -0.796611E-08  -0.427799E-08  -0.461026E-08
   0.212100E+04  -0.848176E-08  -0.433000E-08  -0.637583E-08
   0.212200E+04  -0.873503E-08  -0.400623E-08  -0.771471E-08
   0.212300E+04  -0.869717E-08  -0.330958E-08  -0.841883E-08
   0.212400E+04  -0.834334E-08  -0.227634E-08  -0.833245E-08
   0.212500E+04  -0.765530E-08  -0.973764E-09  -0.737204E-08
   0.212600E+04  -0.662477E-08   0.505072E-09  -0.553968E-08
   0.212700E+04  -0.525699E-08   0.204874E-08  -0.292827E-08
   0.212800E+04  -0.357430E-08   0.353658E-08   0.282236E-09
   0.212900E+04  -0.161900E-08   0.484868E-08   0.383751E-08
   0.213000E+04   0.544861E-09   0.587582E-08   0.742974E-08
   0.213100E+04   0.283133E-08   0.652859E-08   0.107247E-07
   0.213200E+04   0.513437E-08   0.674490E-08   0.133928E-07
   0.213300E+04   0.733184E-08   0.649524E-08   0.151414E-07
   0.213400E+04   0.929171E-08   0.578537E-08   0.157444E-07
   0.213500E+04   0.108801E-07   0.465609E-08   0.150679E-07
   0.213600E+04   0.119711E-07   0.318038E-08   0.130869E-07
   0.213700E+04   0.124569E-07   0.145789E-08   0.989361E-08
   0.213800E+04   0.122583E-07  -0.392476E-09   0.569437E-08
   0.213900E+04   0.113343E-07  -0.224150E-08   0.796062E-09
   0.214000E+04   0.968927E-08  -0.395924E-08  -0.441741E-08
   0.214100E+04   0.737750E-08  -0.542465E-08  -0.951658E-08
   0.214200E+04   0.450435E-08  -0.653438E-08  -0.140633E-07
   0.214300E+04   0.122309E-08  -0.721027E-08  -0.176496E-07
   0.214400E+04  -0.227233E-08  -0.740485E-08  -0.199352E-07
   0.214500E+04  -0.575854E-08  -0.710466E-08  -0.206799E-07
   0.214600E+04  -0.899733E-08  -0.633098E-08  -0.197683E-07
   0.214700E+04  -0.117527E-07  -0.513821E-08  -0.172235E-07
   0.214800E+04  -0.138089E-07  -0.360985E-08  -0.132097E-07
   0.214900E+04  -0.149887E-07  -0.185254E-08  -0.802067E-08
   0.215000E+04  -0.151693E-07   0.114591E-10  -0.205853E-08
   0.215100E+04  -0.142949E-07   0.185282E-08   0.419934E-08
   0.215200E+04  -0.123855E-07   0.354407E-08   0.102398E-07
   0.215300E+04  -0.953925E-08   0.496837E-08   0.155575E-07
   0.215400E+04  -0.592913E-08   0.602749E-08   0.196990E-07
   0.215500E+04  -0.179314E-08   0.664856E-08   0.223025E-07
   0.215600E+04   0.258101E-08   0.678903E-08   0.231306E-07
   0.215700E+04   0.687615E-08   0.643968E-08   0.220921E-07
   0.215800E+04   0.107692E-07   0.562533E-08   0.192523E-07
   0.215900E+04   0.139561E-07   0.440336E-08   0.148288E-07
   0.216000E+04   0.161767E-07   0.285991E-08   0.917424E-08
   0.216100E+04   0.172368E-07   0.110424E-08   0.274771E-08
   0.216200E+04   0.170255E-07  -0.738601E-09  -0.392409E-08
   0.216300E+04   0.155269E-07  -0.253628E-08  -0.102913E-07
   0.216400E+04   0.128243E-07  -0.415830E-08  -0.158280E-07
   0.216500E+04   0.909663E-08  -0.548516E-08  -0.200766E-07
   0.216600E+04   0.460640E-08  -0.641693E-08  -0.226877E-07
   0.216700E+04  -0.318619E-09  -0.688071E-08  -0.234497E-07
   0.216800E+04  -0.531011E-08  -0.683631E-08  -0.223067E-07
   0.216900E+04  -0.998772E-08  -0.627979E-08  -0.193630E-07
   0.217000E+04  -0.139892E-07  -0.524451E-08  -0.148739E-07
   0.217100E+04  -0.169998E-07  -0.379954E-08  -0.922303E-08
   0.217200E+04  -0.187783E-07  -0.204536E-08  -0.288932E-08
   0.217300E+04  -0.191777E-07  -0.107253E-09   0.359489E-08
   0.217400E+04  -0.181580E-07   0.187349E-08   0.968950E-08
   0.217500E+04  -0.157915E-07   0.374972E-08   0.148929E-07
   0.217600E+04  -0.122576E-07   0.537944E-08   0.187845E-07
   0.217700E+04  -0.782927E-08   0.663674E-08   0.210600E-07
   0.217800E+04  -0.285220E-08   0.742184E-08   0.215556E-07
   0.217900E+04   0.228340E-08   0.766945E-08   0.202609E-07
   0.218000E+04   0.717423E-08   0.735475E-08   0.173173E-07
   0.218100E+04   0.114369E-07   0.649633E-08   0.130038E-07
   0.218200E+04   0.147396E-07   0.515574E-08   0.771068E-08
   0.218300E+04   0.168293E-07   0.343366E-08   0.190458E-08
   0.218400E+04   0.175531E-07   0.146275E-08  -0.391330E-08
   0.218500E+04   0.168708E-07  -0.602426E-09  -0.925084E-08
   0.218600E+04   0.148578E-07  -0.259742E-08  -0.136672E-07
   0.218700E+04   0.116990E-07  -0.436128E-08  -0.168099E-07
   0.218800E+04   0.767290E-08  -0.574997E-08  -0.184432E-07
   0.218900E+04   0.312765E-08  -0.664884E-08  -0.184662E-07
   0.219000E+04  -0.154832E-08  -0.698291E-08  -0.169182E-07
   0.219100E+04  -0.595946E-08  -0.672423E-08  -0.139725E-07
   0.219200E+04  -0.973666E-08  -0.589529E-08  -0.991741E-08
   0.219300E+04  -0.125684E-07  -0.456834E-08  -0.512921E-08
   0.219400E+04  -0.142271E-07  -0.286024E-08  -0.366522E-10
   0.219500E+04  -0.145877E-07  -0.923369E-09   0.491747E-08
   0.219600E+04  -0.136377E-07   0.106688E-08   0.931519E-08
   0.219700E+04  -0.114773E-07   0.292702E-08   0.127991E-07
   0.219800E+04  -0.830976E-08   0.448156E-08   0.151015E-07
   0.219900E+04  -0.442293E-08   0.557887E-08   0.160652E-07
   0.220000E+04  -0.163426E-09   0.610543E-08   0.156539E-07
   0.220100E+04   0.409398E-08   0.599713E-08   0.139510E-07
   0.220200E+04   0.797921E-08   0.524648E-08   0.111488E-07
   0.220300E+04   0.111591E-07   0.390507E-08   0.752752E-08
   0.220400E+04   0.133659E-07   0.208067E-08   0.342807E-08
   0.220500E+04   0.144203E-07  -0.706517E-10  -0.780502E-09
   0.220600E+04   0.142453E-07  -0.235709E-08  -0.473443E-08
   0.220700E+04   0.128726E-07  -0.456724E-08  -0.810714E-08
   0.220800E+04   0.104375E-07  -0.648852E-08  -0.106367E-07
   0.220900E+04   0.716622E-08  -0.792624E-08  -0.121466E-07
   0.221000E+04   0.335423E-08  -0.872169E-08  -0.125578E-07
   0.221100E+04  -0.660640E-09  -0.876758E-08  -0.118918E-07
   0.221200E+04  -0.452882E-08  -0.801927E-08  -0.102645E-07
   0.221300E+04  -0.792017E-08  -0.650089E-08  -0.787205E-08
   0.221400E+04  -0.105529E-07  -0.430530E-08  -0.496898E-08
   0.221500E+04  -0.122181E-07  -0.158817E-08  -0.184330E-08
   0.221600E+04  -0.127967E-07   0.144388E-08   0.121137E-08
   0.221700E+04  -0.122688E-07   0.454988E-08   0.392268E-08
   0.221800E+04  -0.107133E-07   0.747454E-08   0.606343E-08
   0.221900E+04  -0.829953E-08   0.997011E-08   0.747024E-08
   0.222000E+04  -0.526942E-08   0.118181E-07   0.805564E-08
   0.222100E+04  -0.191475E-08   0.128487E-07   0.781254E-08
   0.222200E+04   0.145052E-08   0.129567E-07   0.681119E-08
   0.222300E+04   0.451926E-08   0.121118E-07   0.518902E-08
   0.222400E+04   0.701902E-08   0.103624E-07   0.313476E-08
   0.222500E+04   0.873628E-08   0.783314E-08   0.868494E-09
   0.222600E+04   0.953482E-08   0.471497E-08  -0.138037E-08
   0.222700E+04   0.936668E-08   0.125005E-08  -0.339495E-08
   0.222800E+04   0.827472E-08  -0.228851E-08  -0.499061E-08
   0.222900E+04   0.638687E-08  -0.561961E-08  -0.603080E-08
   0.223000E+04   0.390247E-08  -0.847805E-08  -0.643764E-08
   0.223100E+04   0.107232E-08  -0.106372E-07  -0.619653E-08
   0.223200E+04  -0.182571E-08  -0.119286E-07  -0.535458E-08
   0.223300E+04  -0.451313E-08  -0.122560E-07  -0.401342E-08
   0.223400E+04  -0.673688E-08  -0.116043E-07  -0.231709E-08
   0.223500E+04  -0.829249E-08  -0.100398E-07  -0.436612E-09
   0.223600E+04  -0.904228E-08  -0.770493E-08   0.144730E-08
   0.223700E+04  -0.892698E-08  -0.480511E-08   0.316157E-08
   0.223800E+04  -0.796976E-08  -0.159087E-08   0.455653E-08
   0.223900E+04  -0.627242E-08   0.166426E-08   0.551876E-08
   0.224000E+04  -0.400429E-08   0.468764E-08   0.597977E-08
   0.224100E+04  -0.138497E-08   0.723118E-08   0.592014E-08
   0.224200E+04   0.133734E-08   0.909257E-08   0.536868E-08
   0.224300E+04   0.390978E-08   0.101323E-07   0.439722E-08
   0.224400E+04   0.609878E-08   0.102848E-07   0.311153E-08
   0.224500E+04   0.771159E-08   0.956312E-08   0.163961E-08
   0.224600E+04   0.861367E-08   0.805609E-08   0.118471E-09
   0.224700E+04   0.873998E-08   0.591921E-08  -0.131912E-08
   0.224800E+04   0.809962E-08   0.335939E-08  -0.255673E-08
   0.224900E+04   0.677314E-08   0.615566E-09  -0.350410E-08
   0.225000E+04   0.490318E-08  -0.206339E-08  -0.410384E-08
   0.225100E+04   0.267930E-08  -0.444102E-08  -0.433461E-08
   0.225200E+04   0.318719E-09  -0.631414E-08  -0.421068E-08
   0.225300E+04  -0.195525E-08  -0.753011E-08  -0.377800E-08
   0.225400E+04  -0.393475E-08  -0.799910E-08  -0.310762E-08
   0.225500E+04  -0.544704E-08  -0.770028E-08  -0.228702E-08
   0.225600E+04  -0.637012E-08  -0.668154E-08  -0.141052E-08
   0.225700E+04  -0.664314E-08  -0.505279E-08  -0.569647E-09
   0.225800E+04  -0.627046E-08  -0.297391E-08   0.155552E-09
   0.225900E+04  -0.531925E-08  -0.638273E-09   0.703441E-09
   0.226000E+04  -0.391082E-08   0.174609E-08   0.103545E-08
   0.226100E+04  -0.220683E-08   0.397612E-08   0.113816E-08
   0.226200E+04  -0.391724E-09   0.587205E-08   0.102271E-08
   0.226300E+04   0.134670E-08   0.729274E-08   0.721965E-09
   0.226400E+04   0.283668E-08   0.814662E-08   0.285666E-09
   0.226500E+04   0.393982E-08   0.839732E-08  -0.225604E-09
   0.226600E+04   0.456465E-08   0.806361E-08  -0.747061E-09
   0.226700E+04   0.467509E-08   0.721381E-08  -0.121622E-08
   0.226800E+04   0.429302E-08   0.595554E-08  -0.157860E-08
   0.226900E+04   0.349472E-08   0.442194E-08  -0.179221E-08
   0.227000E+04   0.240165E-08   0.275600E-08  -0.183037E-08
   0.227100E+04   0.116651E-08   0.109462E-08  -0.168289E-08
   0.227200E+04  -0.439767E-10  -0.445686E-09  -0.135549E-08
   0.227300E+04  -0.106765E-08  -0.178015E-08  -0.867863E-09
   0.227400E+04  -0.176513E-08  -0.286284E-08  -0.250670E-09
   0.227500E+04  -0.203564E-08  -0.368894E-08   0.458119E-09
   0.227600E+04  -0.182881E-08  -0.429183E-08   0.121704E-08
   0.227700E+04  -0.115134E-08  -0.473572E-08   0.198467E-08
   0.227800E+04  -0.676027E-10  -0.510442E-08   0.272260E-08
   0.227900E+04   0.130574E-08  -0.548782E-08   0.339756E-08
   0.228000E+04   0.281076E-08  -0.596752E-08   0.398263E-08
   0.228100E+04   0.426384E-08  -0.660342E-08   0.445759E-08
   0.228200E+04   0.547423E-08  -0.742281E-08   0.480851E-08
   0.228300E+04   0.626391E-08  -0.841332E-08   0.502688E-08
   0.228400E+04   0.648660E-08  -0.952064E-08   0.510849E-08
   0.228500E+04   0.604429E-08  -0.106514E-07   0.505239E-08
   0.228600E+04   0.489931E-08  -0.116814E-07   0.486009E-08
   0.228700E+04   0.308094E-08  -0.124675E-07   0.453523E-08
   0.228800E+04   0.685720E-09  -0.128632E-07   0.408366E-08
   0.228900E+04  -0.212870E-08  -0.127360E-07   0.351407E-08
   0.229000E+04  -0.515564E-08  -0.119831E-07   0.283881E-08
   0.229100E+04  -0.815638E-08  -0.105469E-07   0.207479E-08
   0.229200E+04  -0.108805E-07  -0.842491E-08   0.124425E-08
   0.229300E+04  -0.130880E-07  -0.567596E-08   0.375037E-09
   0.229400E+04  -0.145703E-07  -0.241953E-08  -0.499740E-09
   0.229500E+04  -0.151698E-07   0.117057E-08  -0.134285E-08
   0.229600E+04  -0.147947E-07   0.487849E-08  -0.211488E-08
   0.229700E+04  -0.134278E-07   0.846329E-08  -0.277688E-08
   0.229800E+04  -0.111301E-07   0.116793E-07  -0.329354E-08
   0.229900E+04  -0.803680E-08   0.142975E-07  -0.363649E-08
   0.230000E+04  -0.434714E-08   0.161268E-07  -0.378750E-08
   0.230100E+04  -0.308884E-09   0.170317E-07  -0.374101E-08
   0.230200E+04   0.380135E-08   0.169462E-07  -0.350575E-08
   0.230300E+04   0.770008E-08   0.158810E-07  -0.310510E-08
   0.230400E+04   0.111194E-07   0.139240E-07  -0.257600E-08
   0.230500E+04   0.138280E-07   0.112341E-07  -0.196643E-08
   0.230600E+04   0.156488E-07   0.802765E-08  -0.133155E-08
   0.230700E+04   0.164718E-07   0.455994E-08  -0.728885E-09
   0.230800E+04   0.162614E-07   0.110296E-08  -0.212883E-09
   0.230900E+04   0.150576E-07  -0.207875E-08   0.170512E-09
   0.231000E+04   0.129704E-07  -0.475150E-08   0.388746E-09
   0.231100E+04   0.101696E-07  -0.673298E-08   0.426438E-09
   0.231200E+04   0.686944E-08  -0.790799E-08   0.287558E-09
   0.231300E+04   0.331077E-08  -0.823772E-08  -0.428901E-11
   0.231400E+04  -0.258676E-09  -0.776179E-08  -0.407656E-09
   0.231500E+04  -0.360319E-08  -0.659270E-08  -0.867012E-09
   0.231600E+04  -0.651628E-08  -0.490338E-08  -0.131820E-08
   0.231700E+04  -0.883453E-08  -0.290890E-08  -0.169508E-08
   0.231800E+04  -0.104471E-07  -0.844266E-09  -0.193675E-08
   0.231900E+04  -0.113004E-07   0.105955E-08  -0.199451E-08
   0.232000E+04  -0.113980E-07   0.259901E-08  -0.183795E-08
   0.232100E+04  -0.107952E-07   0.361837E-08  -0.145937E-08
   0.232200E+04  -0.959087E-08   0.402513E-08  -0.875960E-09
   0.232300E+04  -0.791567E-08   0.379883E-08  -0.129463E-09
   0.232400E+04  -0.591889E-08   0.299245E-08   0.716783E-09
   0.232500E+04  -0.375518E-08   0.172612E-08   0.158330E-08
   0.232600E+04  -0.157224E-08   0.173884E-09   0.238190E-08
   0.232700E+04   0.499599E-09  -0.145531E-08   0.302451E-08
   0.232800E+04   0.235483E-08  -0.294035E-08   0.343233E-08
   0.232900E+04   0.391715E-08  -0.407214E-08   0.354471E-08
   0.233000E+04   0.514057E-08  -0.467687E-08   0.332647E-08
   0.233100E+04   0.600746E-08  -0.463580E-08   0.277304E-08
   0.233200E+04   0.652429E-08  -0.389955E-08   0.191274E-08
   0.233300E+04   0.671567E-08  -0.249541E-08   0.805857E-09
   0.233400E+04   0.661771E-08  -0.526729E-09  -0.459656E-09
   0.233500E+04   0.627151E-08   0.183558E-08  -0.177537E-08
   0.233600E+04   0.571762E-08   0.436879E-08  -0.302203E-08
   0.233700E+04   0.499202E-08   0.681978E-08  -0.408066E-08
   0.233800E+04   0.412410E-08   0.893006E-08  -0.484418E-08
   0.233900E+04   0.313661E-08   0.104620E-07  -0.522829E-08
   0.234000E+04   0.204739E-08   0.112235E-07  -0.518057E-08
   0.234100E+04   0.872491E-09   0.110888E-07  -0.468679E-08
   0.234200E+04  -0.369895E-09   0.100131E-07  -0.377367E-08
   0.234300E+04  -0.165557E-08   0.803922E-08  -0.250779E-08
   0.234400E+04  -0.295112E-08   0.529619E-08  -0.990542E-09
   0.234500E+04  -0.421201E-08   0.198903E-08   0.650526E-09
   0.234600E+04  -0.538254E-08  -0.161909E-08   0.227311E-08
   0.234700E+04  -0.639781E-08  -0.523067E-08   0.373339E-08
   0.234800E+04  -0.718777E-08  -0.854147E-08   0.489976E-08
   0.234900E+04  -0.768285E-08  -0.112692E-07   0.566577E-08
   0.235000E+04  -0.782096E-08  -0.131807E-07   0.596098E-08
   0.235100E+04  -0.755474E-08  -0.141143E-07   0.575850E-08
   0.235200E+04  -0.685854E-08  -0.139965E-07   0.507862E-08
   0.235300E+04  -0.573410E-08  -0.128493E-07   0.398778E-08
   0.235400E+04  -0.421419E-08  -0.107893E-07   0.259315E-08
   0.235500E+04  -0.236366E-08  -0.801734E-08   0.103303E-08
   0.235600E+04  -0.277421E-09  -0.480027E-08  -0.535934E-09
   0.235700E+04   0.192446E-08  -0.144584E-08  -0.195362E-08
   0.235800E+04   0.410456E-08   0.172599E-08  -0.307194E-08
   0.235900E+04   0.611805E-08   0.441331E-08  -0.376948E-08
   0.236000E+04   0.782400E-08   0.636084E-08  -0.396381E-08
   0.236100E+04   0.909705E-08   0.738410E-08  -0.362029E-08
   0.236200E+04   0.983841E-08   0.738692E-08  -0.275630E-08
   0.236300E+04   0.998502E-08   0.637045E-08  -0.144050E-08
   0.236400E+04   0.951605E-08   0.443283E-08   0.212859E-09
   0.236500E+04   0.845595E-08   0.175955E-08   0.205429E-08
   0.236600E+04   0.687373E-08  -0.139452E-08   0.391293E-08
   0.236700E+04   0.487835E-08  -0.472987E-08   0.561278E-08
   0.236800E+04   0.261063E-08  -0.793118E-08   0.698964E-08
   0.236900E+04   0.232210E-09  -0.106977E-07   0.790728E-08
   0.237000E+04  -0.208731E-08  -0.127721E-07   0.827100E-08
   0.237100E+04  -0.418416E-08  -0.139647E-07   0.803744E-08
   0.237200E+04  -0.591366E-08  -0.141713E-07   0.721952E-08
   0.237300E+04  -0.716193E-08  -0.133825E-07   0.588588E-08
   0.237400E+04  -0.785492E-08  -0.116836E-07   0.415504E-08
   0.237500E+04  -0.796390E-08  -0.924470E-08   0.218442E-08
   0.237600E+04  -0.750710E-08  -0.630354E-08   0.155553E-09
   0.237700E+04  -0.654715E-08  -0.314067E-08  -0.174332E-08
   0.237800E+04  -0.518480E-08  -0.509521E-10  -0.333562E-08
   0.237900E+04  -0.354937E-08   0.268629E-08  -0.447380E-08
   0.238000E+04  -0.178691E-08   0.483563E-08  -0.505433E-08
   0.238100E+04  -0.472239E-10   0.622927E-08  -0.502846E-08
   0.238200E+04   0.152915E-08   0.678413E-08  -0.440798E-08
   0.238300E+04   0.282270E-08   0.651025E-08  -0.326508E-08
   0.238400E+04   0.374444E-08   0.550997E-08  -0.172657E-08
   0.238500E+04   0.424237E-08   0.396769E-08   0.374234E-10
   0.238600E+04   0.430424E-08   0.213147E-08   0.182894E-08
   0.238700E+04   0.395673E-08   0.288041E-09   0.344055E-08
   0.238800E+04   0.326091E-08  -0.126614E-08   0.467490E-08
   0.238900E+04   0.230479E-08  -0.225500E-08   0.536348E-08
   0.239000E+04   0.119376E-08  -0.245113E-08   0.538295E-08
   0.239100E+04   0.396884E-10  -0.169950E-08   0.466731E-08
   0.239200E+04  -0.104989E-08   0.658579E-10   0.321494E-08
   0.239300E+04  -0.198167E-08   0.281364E-08   0.108960E-08
   0.239400E+04  -0.268457E-08   0.641661E-08  -0.158456E-08
   0.239500E+04  -0.311504E-08   0.106621E-07  -0.463352E-08
   0.239600E+04  -0.325929E-08   0.152707E-07  -0.784861E-08
   0.239700E+04  -0.313248E-08   0.199216E-07  -0.110047E-07
   0.239800E+04  -0.277482E-08   0.242817E-07  -0.138800E-07
   0.239900E+04  -0.224545E-08   0.280353E-07  -0.162754E-07
   0.240000E+04  -0.161455E-08   0.309131E-07  -0.180310E-07
   0.240100E+04  -0.954817E-09   0.327154E-07  -0.190399E-07
   0.240200E+04  -0.333143E-09   0.333292E-07  -0.192559E-07
   0.240300E+04   0.196569E-09   0.327363E-07  -0.186961E-07
   0.240400E+04   0.598677E-09   0.310129E-07  -0.174372E-07
   0.240500E+04   0.858657E-09   0.283197E-07  -0.156066E-07
   0.240600E+04   0.983303E-09   0.248840E-07  -0.133690E-07
   0.240700E+04   0.998307E-09   0.209762E-07  -0.109094E-07
   0.240800E+04   0.943594E-09   0.168828E-07  -0.841545E-08
   0.240900E+04   0.866986E-09   0.128776E-07  -0.605939E-08
   0.241000E+04   0.817009E-09   0.919581E-08  -0.398240E-08
   0.241100E+04   0.835678E-09   0.601279E-08  -0.228242E-08
   0.241200E+04   0.952161E-09   0.342887E-08  -0.100678E-08
   0.241300E+04   0.117807E-08   0.146284E-08  -0.150014E-09
   0.241400E+04   0.150496E-08   0.539403E-10   0.342682E-09
   0.241500E+04   0.190439E-08  -0.927710E-09   0.567133E-09
   0.241600E+04   0.233048E-08  -0.166350E-08   0.647719E-09
   0.241700E+04   0.272493E-08  -0.236343E-08   0.722210E-09
   0.241800E+04   0.302366E-08  -0.324034E-08   0.925508E-09
   0.241900E+04   0.316457E-08  -0.448408E-08   0.137394E-08
   0.242000E+04   0.309556E-08  -0.623824E-08   0.215183E-08
   0.242100E+04   0.278161E-08  -0.858195E-08   0.330153E-08
   0.242200E+04   0.221049E-08  -0.115187E-07   0.481823E-08
   0.242300E+04   0.139603E-08  -0.149731E-07   0.664969E-08
   0.242400E+04   0.378722E-09  -0.187965E-07   0.870114E-08
   0.242500E+04  -0.776565E-09  -0.227804E-07   0.108447E-07
   0.242600E+04  -0.198568E-08  -0.266761E-07   0.129325E-07
   0.242700E+04  -0.315257E-08  -0.302193E-07   0.148115E-07
   0.242800E+04  -0.417826E-08  -0.331567E-07   0.163393E-07
   0.242900E+04  -0.497054E-08  -0.352714E-07   0.173990E-07
   0.243000E+04  -0.545335E-08  -0.364054E-07   0.179110E-07
   0.243100E+04  -0.557493E-08  -0.364756E-07   0.178411E-07
   0.243200E+04  -0.531369E-08  -0.354835E-07   0.172041E-07
   0.243300E+04  -0.468140E-08  -0.335149E-07   0.160624E-07
   0.243400E+04  -0.372301E-08  -0.307324E-07   0.145193E-07
   0.243500E+04  -0.251326E-08  -0.273588E-07   0.127083E-07
   0.243600E+04  -0.115019E-08  -0.236558E-07   0.107796E-07
   0.243700E+04   0.253694E-09  -0.198969E-07   0.888438E-08
   0.243800E+04   0.158192E-08  -0.163411E-07   0.715962E-08
   0.243900E+04   0.272506E-08  -0.132057E-07   0.571388E-08
   0.244000E+04   0.359121E-08  -0.106458E-07   0.461656E-08
   0.244100E+04   0.411485E-08  -0.873806E-08   0.389104E-08
   0.244200E+04   0.426319E-08  -0.747387E-08   0.351283E-08
   0.244300E+04   0.403930E-08  -0.676097E-08   0.341273E-08
   0.244400E+04   0.348177E-08  -0.643373E-08   0.348473E-08
   0.244500E+04   0.266068E-08  -0.627138E-08   0.359792E-08
   0.244600E+04   0.167058E-08  -0.602216E-08   0.361106E-08
   0.244700E+04   0.620795E-09  -0.543102E-08   0.338838E-08
   0.244800E+04  -0.375609E-09  -0.426814E-08   0.281499E-08
   0.244900E+04  -0.121342E-08  -0.235528E-08   0.181021E-08
   0.245000E+04  -0.180604E-08   0.412666E-09   0.337538E-09
   0.245100E+04  -0.209437E-08   0.405316E-08  -0.158989E-08
   0.245200E+04  -0.205294E-08   0.849009E-08  -0.390885E-08
   0.245300E+04  -0.169259E-08   0.135571E-07  -0.651076E-08
   0.245400E+04  -0.105936E-08   0.190099E-07  -0.925102E-08
   0.245500E+04  -0.229804E-09   0.245465E-07  -0.119621E-07
   0.245600E+04   0.696988E-09   0.298332E-07  -0.144690E-07
   0.245700E+04   0.160971E-08   0.345341E-07  -0.166057E-07
   0.245800E+04   0.239660E-08   0.383409E-07  -0.182306E-07
   0.245900E+04   0.295730E-08   0.410006E-07  -0.192393E-07
   0.246000E+04   0.321376E-08   0.423372E-07  -0.195747E-07
   0.246100E+04   0.311887E-08   0.422674E-07  -0.192309E-07
   0.246200E+04   0.266208E-08   0.408060E-07  -0.182533E-07
   0.246300E+04   0.187121E-08   0.380633E-07  -0.167326E-07
   0.246400E+04   0.810434E-09   0.342326E-07  -0.147955E-07
   0.246500E+04  -0.425607E-09   0.295704E-07  -0.125904E-07
   0.246600E+04  -0.172090E-08   0.243715E-07  -0.102728E-07
   0.246700E+04  -0.294950E-08   0.189399E-07  -0.798907E-08
   0.246800E+04  -0.398812E-08   0.135605E-07  -0.586182E-08
   0.246900E+04  -0.472875E-08   0.847364E-08  -0.397856E-08
   0.247000E+04  -0.508987E-08   0.385470E-08  -0.238377E-08
   0.247100E+04  -0.502511E-08  -0.198916E-09  -0.107615E-08
   0.247200E+04  -0.452863E-08  -0.367169E-08  -0.109709E-10
   0.247300E+04  -0.363636E-08  -0.662510E-08   0.892682E-09
   0.247400E+04  -0.242319E-08  -0.918417E-08   0.174048E-08
   0.247500E+04  -0.996086E-09  -0.115170E-07   0.264848E-08
   0.247600E+04   0.515926E-09  -0.138096E-07   0.372738E-08
   0.247700E+04   0.197420E-08  -0.162383E-07   0.506695E-08
   0.247800E+04   0.324396E-08  -0.189437E-07   0.672259E-08
   0.247900E+04   0.420751E-08  -0.220076E-07   0.870520E-08
   0.248000E+04   0.477596E-08  -0.254367E-07   0.109758E-07
   0.248100E+04   0.489804E-08  -0.291545E-07   0.134452E-07
   0.248200E+04   0.456540E-08  -0.330020E-07   0.159797E-07
   0.248300E+04   0.381356E-08  -0.367481E-07   0.184111E-07
   0.248400E+04   0.271865E-08  -0.401082E-07   0.205513E-07
   0.248500E+04   0.138997E-08  -0.427698E-07   0.222095E-07
   0.248600E+04  -0.406894E-10  -0.444220E-07   0.232102E-07
   0.248700E+04  -0.143197E-08  -0.447867E-07   0.234108E-07
   0.248800E+04  -0.264697E-08  -0.436480E-07   0.227163E-07
   0.248900E+04  -0.356674E-08  -0.408764E-07   0.210903E-07
   0.249000E+04  -0.410209E-08  -0.364465E-07   0.185604E-07
   0.249100E+04  -0.420243E-08  -0.304451E-07   0.152184E-07
   0.249200E+04  -0.386077E-08  -0.230694E-07   0.112138E-07
   0.249300E+04  -0.311438E-08  -0.146154E-07   0.674284E-08
   0.249400E+04  -0.204099E-08  -0.545686E-08   0.203266E-08
   0.249500E+04  -0.751013E-09   0.398234E-08  -0.267694E-08
   0.249600E+04   0.623620E-09   0.132605E-07  -0.715287E-08
   0.249700E+04   0.194269E-08   0.219521E-07  -0.111873E-07
   0.249800E+04   0.307180E-08   0.296793E-07  -0.146134E-07
   0.249900E+04   0.389591E-08   0.361395E-07  -0.173172E-07
   0.250000E+04   0.433089E-08   0.411254E-07  -0.192437E-07
   0.250100E+04   0.433197E-08   0.445352E-07  -0.203978E-07
   0.250200E+04   0.389827E-08   0.463741E-07  -0.208390E-07
   0.250300E+04   0.307280E-08   0.467450E-07  -0.206709E-07
   0.250400E+04   0.193811E-08   0.458310E-07  -0.200276E-07
   0.250500E+04   0.607952E-09   0.438705E-07  -0.190560E-07
   0.250600E+04  -0.784316E-09   0.411291E-07  -0.178990E-07
   0.250700E+04  -0.209918E-08   0.378697E-07  -0.166794E-07
   0.250800E+04  -0.320511E-08   0.343249E-07  -0.154859E-07
   0.250900E+04  -0.399190E-08   0.306742E-07  -0.143648E-07
   0.251000E+04  -0.438175E-08   0.270286E-07  -0.133159E-07
   0.251100E+04  -0.433718E-08   0.234240E-07  -0.122946E-07
   0.251200E+04  -0.386474E-08   0.198240E-07  -0.112194E-07
   0.251300E+04  -0.301430E-08   0.161318E-07  -0.998366E-08
   0.251400E+04  -0.187390E-08   0.122100E-07  -0.847160E-08
   0.251500E+04  -0.560716E-09   0.790597E-08  -0.657514E-08
   0.251600E+04   0.790894E-09   0.307949E-08  -0.421110E-08
   0.251700E+04   0.204315E-08  -0.236910E-08  -0.133625E-08
   0.251800E+04   0.306895E-08  -0.847488E-08   0.204140E-08
   0.251900E+04   0.376479E-08  -0.151903E-07   0.585627E-08
   0.252000E+04   0.406142E-08  -0.223755E-07   0.998486E-08
   0.252100E+04   0.393082E-08  -0.297990E-07   0.142514E-07
   0.252200E+04   0.338910E-08  -0.371475E-07   0.184394E-07
   0.252300E+04   0.249475E-08  -0.440462E-07   0.223077E-07
   0.252400E+04   0.134261E-08  -0.500865E-07   0.256100E-07
   0.252500E+04   0.541017E-10  -0.548585E-07   0.281155E-07
   0.252600E+04  -0.123535E-08  -0.579867E-07   0.296297E-07
   0.252700E+04  -0.239027E-08  -0.591639E-07   0.300115E-07
   0.252800E+04  -0.328917E-08  -0.581805E-07   0.291872E-07
   0.252900E+04  -0.383713E-08  -0.549471E-07   0.271582E-07
   0.253000E+04  -0.397565E-08  -0.495072E-07   0.240024E-07
   0.253100E+04  -0.368885E-08  -0.420385E-07   0.198688E-07
   0.253200E+04  -0.300514E-08  -0.328438E-07   0.149670E-07
   0.253300E+04  -0.199446E-08  -0.223309E-07   0.954990E-08
   0.253400E+04  -0.761106E-09  -0.109842E-07   0.389458E-08
   0.253500E+04   0.566943E-09   0.670555E-09  -0.171944E-08
   0.253600E+04   0.185123E-08   0.121031E-07  -0.703122E-08
   0.253700E+04   0.295715E-08   0.228161E-07  -0.118170E-07
   0.253800E+04   0.376792E-08   0.323783E-07  -0.159047E-07
   0.253900E+04   0.419684E-08   0.404505E-07  -0.191833E-07
   0.254000E+04   0.419638E-08   0.468031E-07  -0.216056E-07
   0.254100E+04   0.376340E-08   0.513234E-07  -0.231855E-07
   0.254200E+04   0.293971E-08   0.540112E-07  -0.239885E-07
   0.254300E+04   0.180798E-08   0.549660E-07  -0.241192E-07
   0.254400E+04   0.483530E-09   0.543653E-07  -0.237041E-07
   0.254500E+04  -0.897489E-09   0.524376E-07  -0.228746E-07
   0.254600E+04  -0.219199E-08   0.494330E-07  -0.217504E-07
   0.254700E+04  -0.326472E-08   0.455946E-07  -0.204246E-07
   0.254800E+04  -0.400230E-08   0.411337E-07  -0.189551E-07
   0.254900E+04  -0.432511E-08   0.362114E-07  -0.173587E-07
   0.255000E+04  -0.419574E-08   0.309286E-07  -0.156133E-07
   0.255100E+04  -0.362325E-08   0.253256E-07  -0.136639E-07
   0.255200E+04  -0.266249E-08   0.193901E-07  -0.114346E-07
   0.255300E+04  -0.140893E-08   0.130741E-07  -0.884307E-08
   0.255400E+04   0.109482E-10   0.631608E-08  -0.581826E-08
   0.255500E+04   0.145234E-08  -0.932942E-09  -0.231640E-08
   0.255600E+04   0.276689E-08  -0.868386E-08   0.166413E-08
   0.255700E+04   0.381793E-08  -0.168866E-07   0.607215E-08
   0.255800E+04   0.449456E-08  -0.254134E-07   0.107984E-07
   0.255900E+04   0.472326E-08  -0.340505E-07   0.156762E-07
   0.256000E+04   0.447574E-08  -0.425001E-07   0.204891E-07
   0.256100E+04   0.377216E-08  -0.503919E-07   0.249838E-07
   0.256200E+04   0.267950E-08  -0.573051E-07   0.288885E-07
   0.256300E+04   0.130502E-08  -0.627986E-07   0.319347E-07
   0.256400E+04  -0.214375E-09  -0.664460E-07   0.338798E-07
   0.256500E+04  -0.172589E-08  -0.678737E-07   0.345295E-07
   0.256600E+04  -0.307636E-08  -0.667972E-07   0.337567E-07
   0.256700E+04  -0.412788E-08  -0.630526E-07   0.315157E-07
   0.256800E+04  -0.477199E-08  -0.566203E-07   0.278504E-07
   0.256900E+04  -0.494095E-08  -0.476373E-07   0.228945E-07
   0.257000E+04  -0.461492E-08  -0.363986E-07   0.168645E-07
   0.257100E+04  -0.382434E-08  -0.233444E-07   0.100467E-07
   0.257200E+04  -0.264711E-08  -0.903620E-08   0.277665E-08
   0.257300E+04  -0.120098E-08   0.587698E-08  -0.458383E-08
   0.257400E+04   0.368222E-09   0.207006E-07  -0.116725E-07
   0.257500E+04   0.190131E-08   0.347397E-07  -0.181517E-07
   0.257600E+04   0.324189E-08   0.473443E-07  -0.237314E-07
   0.257700E+04   0.425234E-08   0.579511E-07  -0.281868E-07
   0.257800E+04   0.482803E-08   0.661178E-07  -0.313710E-07
   0.257900E+04   0.490816E-08   0.715470E-07  -0.332194E-07
   0.258000E+04   0.448228E-08   0.740992E-07  -0.337484E-07
   0.258100E+04   0.359172E-08   0.737924E-07  -0.330463E-07
   0.258200E+04   0.232562E-08   0.707902E-07  -0.312589E-07
   0.258300E+04   0.812249E-09   0.653793E-07  -0.285717E-07
   0.258400E+04  -0.793935E-09   0.579394E-07  -0.251896E-07
   0.258500E+04  -0.232782E-08   0.489078E-07  -0.213175E-07
   0.258600E+04  -0.363044E-08   0.387442E-07  -0.171422E-07
   0.258700E+04  -0.456530E-08   0.278962E-07  -0.128194E-07
   0.258800E+04  -0.503238E-08   0.167712E-07  -0.846539E-08
   0.258900E+04  -0.497870E-08   0.571667E-08  -0.415491E-08
   0.259000E+04  -0.440400E-08  -0.499172E-08   0.752420E-10
   0.259100E+04  -0.336116E-08  -0.151507E-07   0.421725E-08
   0.259200E+04  -0.195126E-08  -0.246218E-07   0.827942E-08
   0.259300E+04  -0.313588E-09  -0.333163E-07   0.122712E-07
   0.259400E+04   0.138824E-08  -0.411748E-07   0.161878E-07
   0.259500E+04   0.298270E-08  -0.481454E-07   0.199971E-07
   0.259600E+04   0.430775E-08  -0.541634E-07   0.236299E-07
   0.259700E+04   0.522733E-08  -0.591346E-07   0.269754E-07
   0.259800E+04   0.564531E-08  -0.629259E-07   0.298828E-07
   0.259900E+04   0.551553E-08  -0.653648E-07   0.321693E-07
   0.260000E+04   0.484676E-08  -0.662473E-07   0.336338E-07
   0.260100E+04   0.370215E-08  -0.653554E-07   0.340753E-07
   0.260200E+04   0.219315E-08  -0.624813E-07   0.333143E-07
   0.260300E+04   0.468491E-09  -0.574571E-07   0.312146E-07
   0.260400E+04  -0.130064E-08  -0.501856E-07   0.277039E-07
   0.260500E+04  -0.293782E-08  -0.406697E-07   0.227906E-07
   0.260600E+04  -0.427921E-08  -0.290361E-07   0.165743E-07
   0.260700E+04  -0.519016E-08  -0.155506E-07   0.924946E-08
   0.260800E+04  -0.557894E-08  -0.622364E-09   0.110061E-08
   0.260900E+04  -0.540623E-08   0.152045E-07  -0.751055E-08
   0.261000E+04  -0.468924E-08   0.312723E-07  -0.161655E-07
   0.261100E+04  -0.350016E-08   0.468428E-07  -0.244156E-07
   0.261200E+04  -0.195905E-08   0.611403E-07  -0.318116E-07
   0.261300E+04  -0.221786E-09   0.734010E-07  -0.379363E-07
   0.261400E+04   0.153563E-08   0.829253E-07  -0.424340E-07
   0.261500E+04   0.313490E-08   0.891282E-07  -0.450372E-07
   0.261600E+04   0.441353E-08   0.915839E-07  -0.455864E-07
   0.261700E+04   0.524138E-08   0.900598E-07  -0.440422E-07
   0.261800E+04   0.553398E-08   0.845384E-07  -0.404881E-07
   0.261900E+04   0.526127E-08   0.752236E-07  -0.351241E-07
   0.262000E+04   0.445080E-08   0.625309E-07  -0.282510E-07
   0.262100E+04   0.318505E-08   0.470632E-07  -0.202486E-07
   0.262200E+04   0.159316E-08   0.295723E-07  -0.115474E-07
   0.262300E+04  -0.162102E-09   0.109116E-07  -0.259784E-08
   0.262400E+04  -0.190091E-08  -0.801868E-08   0.615996E-08
   0.262500E+04  -0.344469E-08  -0.263275E-07   0.143248E-07
   0.262600E+04  -0.463440E-08  -0.431866E-07   0.215579E-07
   0.262700E+04  -0.534689E-08  -0.578768E-07   0.275991E-07
   0.262800E+04  -0.550758E-08  -0.698250E-07   0.322768E-07
   0.262900E+04  -0.509833E-08  -0.786279E-07   0.355084E-07
   0.263000E+04  -0.415943E-08  -0.840628E-07   0.372941E-07
   0.263100E+04  -0.278574E-08  -0.860833E-07   0.377040E-07
   0.263200E+04  -0.111712E-08  -0.848049E-07   0.368612E-07
   0.263300E+04   0.675758E-09  -0.804786E-07   0.349216E-07
   0.263400E+04   0.240876E-08  -0.734597E-07   0.320547E-07
   0.263500E+04   0.390320E-08  -0.641719E-07   0.284261E-07
   0.263600E+04   0.500422E-08  -0.530738E-07   0.241843E-07
   0.263700E+04   0.559682E-08  -0.406273E-07   0.194522E-07
   0.263800E+04   0.561788E-08  -0.272749E-07   0.143258E-07
   0.263900E+04   0.506292E-08  -0.134231E-07   0.887758E-08
   0.264000E+04   0.398690E-08   0.563932E-09   0.316564E-08
   0.264100E+04   0.249888E-08   0.143627E-07  -0.275367E-08
   0.264200E+04   0.751139E-09   0.276823E-07  -0.881181E-08
   0.264300E+04  -0.107624E-08   0.402511E-07  -0.149144E-07
   0.264400E+04  -0.279368E-08   0.518030E-07  -0.209303E-07
   0.264500E+04  -0.422156E-08   0.620642E-07  -0.266858E-07
   0.264600E+04  -0.520871E-08   0.707455E-07  -0.319641E-07
   0.264700E+04  -0.564814E-08   0.775404E-07  -0.365124E-07
   0.264800E+04  -0.548832E-08   0.821321E-07  -0.400550E-07
   0.264900E+04  -0.473887E-08   0.842090E-07  -0.423138E-07
   0.265000E+04  -0.347000E-08   0.834880E-07  -0.430310E-07
   0.265100E+04  -0.180577E-08   0.797439E-07  -0.419965E-07
   0.265200E+04   0.882106E-10   0.728418E-07  -0.390727E-07
   0.265300E+04   0.202141E-08   0.627693E-07  -0.342178E-07
   0.265400E+04   0.379762E-08   0.496640E-07  -0.275025E-07
   0.265500E+04   0.523494E-08   0.338338E-07  -0.191190E-07
   0.265600E+04   0.618436E-08   0.157648E-07  -0.938036E-08
   0.265700E+04   0.654513E-08  -0.388323E-08   0.128958E-08
   0.265800E+04   0.627524E-08  -0.242977E-07   0.123773E-07
   0.265900E+04   0.539601E-08  -0.445477E-07   0.233087E-07
   0.266000E+04   0.399019E-08  -0.636318E-07   0.334852E-07
   0.266100E+04   0.219374E-08  -0.805369E-07   0.423236E-07
   0.266200E+04   0.182235E-09  -0.943021E-07   0.492969E-07
   0.266300E+04  -0.184697E-08  -0.104084E-06   0.539726E-07
   0.266400E+04  -0.369478E-08  -0.109220E-06   0.560447E-07
   0.266500E+04  -0.518076E-08  -0.109276E-06   0.553575E-07
   0.266600E+04  -0.616164E-08  -0.104092E-06   0.519189E-07
   0.266700E+04  -0.654614E-08  -0.937971E-07   0.459005E-07
   0.266800E+04  -0.630448E-08  -0.788130E-07   0.376278E-07
   0.266900E+04  -0.547165E-08  -0.598361E-07   0.275570E-07
   0.267000E+04  -0.414399E-08  -0.377986E-07   0.162442E-07
   0.267100E+04  -0.246942E-08  -0.138140E-07   0.430696E-08
   0.267200E+04  -0.632322E-09   0.108906E-07  -0.761733E-08
   0.267300E+04   0.116548E-08   0.350492E-07  -0.189133E-07
   0.267400E+04   0.272567E-08   0.574339E-07  -0.290261E-07
   0.267500E+04   0.387419E-08   0.769291E-07  -0.374940E-07
   0.267600E+04   0.447962E-08   0.925952E-07  -0.439720E-07
   0.267700E+04   0.446740E-08   0.103720E-06  -0.482460E-07
   0.267800E+04   0.382823E-08   0.109852E-06  -0.502356E-07
   0.267900E+04   0.261986E-08   0.110819E-06  -0.499880E-07
   0.268000E+04   0.962017E-09   0.106720E-06  -0.476622E-07
   0.268100E+04  -0.975099E-09   0.979087E-07  -0.435063E-07
   0.268200E+04  -0.298763E-08   0.849564E-07  -0.378321E-07
   0.268300E+04  -0.485848E-08   0.686051E-07  -0.309866E-07
   0.268400E+04  -0.637928E-08   0.497147E-07  -0.233260E-07
   0.268500E+04  -0.737172E-08   0.292075E-07  -0.151934E-07
   0.268600E+04  -0.770604E-08   0.801480E-08  -0.690161E-08
   0.268700E+04  -0.731472E-08  -0.129692E-07   0.127742E-08
   0.268800E+04  -0.620007E-08  -0.329259E-07   0.911588E-08
   0.268900E+04  -0.443474E-08  -0.511394E-07   0.164277E-07
   0.269000E+04  -0.215529E-08  -0.670123E-07   0.230614E-07
   0.269100E+04   0.450886E-09  -0.800722E-07   0.288895E-07
   0.269200E+04   0.316370E-08  -0.899685E-07   0.337977E-07
   0.269300E+04   0.575188E-08  -0.964641E-07   0.376754E-07
   0.269400E+04   0.799572E-08  -0.994241E-07   0.404093E-07
   0.269500E+04   0.970867E-08  -0.988032E-07   0.418825E-07
   0.269600E+04   0.107556E-07  -0.946371E-07   0.419786E-07
   0.269700E+04   0.110659E-07  -0.870364E-07   0.405920E-07
   0.269800E+04   0.106400E-07  -0.761864E-07   0.376426E-07
   0.269900E+04   0.954859E-08  -0.623514E-07   0.330938E-07
   0.270000E+04   0.792478E-08  -0.458819E-07   0.269716E-07
   0.270100E+04   0.594980E-08  -0.272241E-07   0.193820E-07
   0.270200E+04   0.383369E-08  -0.692679E-08   0.105239E-07
   0.270300E+04   0.179316E-08   0.143554E-07   0.696139E-09
   0.270400E+04   0.286399E-10   0.358661E-07  -0.970503E-08
   0.270500E+04  -0.129689E-08   0.567617E-07  -0.201972E-07
   0.270600E+04  -0.207519E-08   0.761357E-07  -0.302332E-07
   0.270700E+04  -0.226430E-08   0.930558E-07  -0.392318E-07
   0.270800E+04  -0.189305E-08   0.106610E-06  -0.466150E-07
   0.270900E+04  -0.105816E-08   0.115962E-06  -0.518498E-07
   0.271000E+04   0.861111E-10   0.120409E-06  -0.544911E-07
   0.271100E+04   0.134447E-08   0.119438E-06  -0.542216E-07
   0.271200E+04   0.250177E-08   0.112785E-06  -0.508856E-07
   0.271300E+04   0.334670E-08   0.100467E-06  -0.445122E-07
   0.271400E+04   0.369543E-08   0.828187E-07  -0.353263E-07
   0.271500E+04   0.341290E-08   0.604901E-07  -0.237452E-07
   0.271600E+04   0.242930E-08   0.344377E-07  -0.103607E-07
   0.271700E+04   0.750221E-09   0.588393E-08   0.409432E-08
   0.271800E+04  -0.154098E-08  -0.237411E-07   0.187893E-07
   0.271900E+04  -0.428878E-08  -0.528775E-07   0.328504E-07
   0.272000E+04  -0.727870E-08  -0.799271E-07   0.454185E-07
   0.272100E+04  -0.102569E-07  -0.103352E-06   0.557086E-07
   0.272200E+04  -0.129545E-07  -0.121776E-06   0.630646E-07
   0.272300E+04  -0.151133E-07  -0.134072E-06   0.670059E-07
   0.272400E+04  -0.165122E-07  -0.139449E-06   0.672613E-07
   0.272500E+04  -0.169898E-07  -0.137501E-06   0.637887E-07
   0.272600E+04  -0.164614E-07  -0.128251E-06   0.567774E-07
   0.272700E+04  -0.149295E-07  -0.112145E-06   0.466346E-07
   0.272800E+04  -0.124857E-07  -0.900389E-07   0.339565E-07
   0.272900E+04  -0.930355E-08  -0.631419E-07   0.194854E-07
   0.273000E+04  -0.562411E-08  -0.329442E-07   0.405886E-08
   0.273100E+04  -0.173436E-08  -0.112369E-08  -0.114475E-07
   0.273200E+04   0.205888E-08   0.305584E-07  -0.261775E-07
   0.273300E+04   0.545715E-08   0.603665E-07  -0.393486E-07
   0.273400E+04   0.819791E-08   0.866958E-07  -0.502980E-07
   0.273500E+04   0.100788E-07   0.108166E-06  -0.585188E-07
   0.273600E+04   0.109760E-07   0.123701E-06  -0.636822E-07
   0.273700E+04   0.108554E-07   0.132580E-06  -0.656474E-07
   0.273800E+04   0.977521E-08   0.134470E-06  -0.644566E-07
   0.273900E+04   0.787898E-08   0.129432E-06  -0.603187E-07
   0.274000E+04   0.538156E-08   0.117898E-06  -0.535833E-07
   0.274100E+04   0.254761E-08   0.100629E-06  -0.447077E-07
   0.274200E+04  -0.334125E-09   0.786568E-07  -0.342204E-07
   0.274300E+04  -0.297868E-08   0.532130E-07  -0.226849E-07
   0.274400E+04  -0.513185E-08   0.256484E-07  -0.106662E-07
   0.274500E+04  -0.659373E-08  -0.264368E-08   0.129807E-08
   0.274600E+04  -0.723651E-08  -0.303018E-07   0.127188E-07
   0.274700E+04  -0.701479E-08  -0.560608E-07   0.231700E-07
   0.274800E+04  -0.596740E-08  -0.788044E-07   0.322962E-07
   0.274900E+04  -0.421079E-08  -0.976043E-07   0.398136E-07
   0.275000E+04  -0.192472E-08  -0.111745E-06   0.455067E-07
   0.275100E+04   0.668228E-09  -0.120734E-06   0.492234E-07
   0.275200E+04   0.332693E-08  -0.124306E-06   0.508687E-07
   0.275300E+04   0.581736E-08  -0.122411E-06   0.504003E-07
   0.275400E+04   0.793681E-08  -0.115204E-06   0.478273E-07
   0.275500E+04   0.953402E-08  -0.103025E-06   0.432111E-07
   0.275600E+04   0.105233E-07  -0.863824E-07   0.366704E-07
   0.275700E+04   0.108909E-07  -0.659337E-07   0.283881E-07
   0.275800E+04   0.106934E-07  -0.424688E-07   0.186185E-07
   0.275900E+04   0.100480E-07  -0.168910E-07   0.769359E-08
   0.276000E+04   0.911580E-08   0.980173E-08  -0.397476E-08
   0.276100E+04   0.808013E-08   0.365384E-07  -0.158983E-07
   0.276200E+04   0.712263E-08   0.622018E-07  -0.275234E-07
   0.276300E+04   0.639905E-08   0.856607E-07  -0.382503E-07
   0.276400E+04   0.601827E-08   0.105809E-06  -0.474610E-07
   0.276500E+04   0.602657E-08   0.121613E-06  -0.545549E-07
   0.276600E+04   0.639930E-08   0.132162E-06  -0.589898E-07
   0.276700E+04   0.704101E-08   0.136723E-06  -0.603250E-07
   0.276800E+04   0.779426E-08   0.134798E-06  -0.582639E-07
   0.276900E+04   0.845649E-08   0.126172E-06  -0.526908E-07
   0.277000E+04   0.880327E-08   0.110958E-06  -0.436993E-07
   0.277100E+04   0.861557E-08   0.896159E-07  -0.316068E-07
   0.277200E+04   0.770825E-08   0.629697E-07  -0.169541E-07
   0.277300E+04   0.595655E-08   0.321858E-07  -0.487162E-09
   0.277400E+04   0.331770E-08  -0.126335E-08   0.168776E-07
   0.277500E+04  -0.155159E-09  -0.356632E-07   0.341052E-07
   0.277600E+04  -0.430838E-08  -0.691435E-07   0.501066E-07
   0.277700E+04  -0.889373E-08  -0.997827E-07   0.638117E-07
   0.277800E+04  -0.135848E-07  -0.125725E-06   0.742467E-07
   0.277900E+04  -0.180025E-07  -0.145301E-06   0.806081E-07
   0.278000E+04  -0.217478E-07  -0.157146E-06   0.823288E-07
   0.278100E+04  -0.244391E-07  -0.160307E-06   0.791294E-07
   0.278200E+04  -0.257495E-07  -0.154321E-06   0.710505E-07
   0.278300E+04  -0.254418E-07  -0.139269E-06   0.584626E-07
   0.278400E+04  -0.233974E-07  -0.115799E-06   0.420518E-07
   0.278500E+04  -0.196346E-07  -0.851025E-07   0.227812E-07
   0.278600E+04  -0.143164E-07  -0.488573E-07   0.183080E-08
   0.278700E+04  -0.774507E-08  -0.913439E-08  -0.194803E-07
   0.278800E+04  -0.343415E-09   0.317266E-07  -0.397837E-07
   0.278900E+04   0.737465E-08   0.712642E-07  -0.577570E-07
   0.279000E+04   0.148434E-07   0.107054E-06  -0.722170E-07
   0.279100E+04   0.214905E-07   0.136867E-06  -0.822045E-07
   0.279200E+04   0.267837E-07   0.158824E-06  -0.870525E-07
   0.279300E+04   0.302766E-07   0.171518E-06  -0.864343E-07
   0.279400E+04   0.316469E-07   0.174114E-06  -0.803866E-07
   0.279500E+04   0.307260E-07   0.166409E-06  -0.693066E-07
   0.279600E+04   0.275162E-07   0.148846E-06  -0.539227E-07
   0.279700E+04   0.221930E-07   0.122487E-06  -0.352422E-07
   0.279800E+04   0.150941E-07   0.889451E-07  -0.144794E-07
   0.279900E+04   0.669430E-08   0.502732E-07   0.702991E-08
   0.280000E+04  -0.243064E-08   0.883220E-08   0.279209E-07
   0.280100E+04  -0.116487E-07  -0.328656E-07   0.468920E-07
   0.280200E+04  -0.203202E-07  -0.723191E-07   0.627904E-07
   0.280300E+04  -0.278475E-07  -0.107197E-06   0.746845E-07
   0.280400E+04  -0.337196E-07  -0.135485E-06   0.819190E-07
   0.280500E+04  -0.375498E-07  -0.155602E-06   0.841485E-07
   0.280600E+04  -0.391029E-07  -0.166491E-06   0.813483E-07
   0.280700E+04  -0.383087E-07  -0.167674E-06   0.738041E-07
   0.280800E+04  -0.352631E-07  -0.159258E-06   0.620799E-07
   0.280900E+04  -0.302151E-07  -0.141919E-06   0.469709E-07
   0.281000E+04  -0.235433E-07  -0.116834E-06   0.294424E-07
   0.281100E+04  -0.157217E-07  -0.855965E-07   0.105630E-07
   0.281200E+04  -0.728181E-08  -0.501082E-07  -0.856531E-08
   0.281300E+04   0.122961E-08  -0.124530E-07  -0.268731E-07
   0.281400E+04   0.928999E-08   0.252292E-07  -0.433830E-07
   0.281500E+04   0.164364E-07   0.608649E-07  -0.572586E-07
   0.281600E+04   0.222937E-07   0.925600E-07  -0.678406E-07
   0.281700E+04   0.265929E-07   0.118693E-06  -0.746700E-07
   0.281800E+04   0.291806E-07   0.137991E-06  -0.774982E-07
   0.281900E+04   0.300179E-07   0.149576E-06  -0.762855E-07
   0.282000E+04   0.291707E-07   0.152992E-06  -0.711890E-07
   0.282100E+04   0.267933E-07   0.148213E-06  -0.625435E-07
   0.282200E+04   0.231078E-07   0.135616E-06  -0.508373E-07
   0.282300E+04   0.183811E-07   0.115955E-06  -0.366836E-07
   0.282400E+04   0.129031E-07   0.903080E-07  -0.207919E-07
   0.282500E+04   0.696742E-08   0.600195E-07  -0.393766E-08
   0.282600E+04   0.856071E-09   0.266351E-07   0.130670E-07
   0.282700E+04  -0.517017E-08  -0.816839E-08   0.294026E-07
   0.282800E+04  -0.108767E-07  -0.426549E-07   0.442711E-07
   0.282900E+04  -0.160557E-07  -0.751005E-07   0.569254E-07
   0.283000E+04  -0.205233E-07  -0.103865E-06   0.666993E-07
   0.283100E+04  -0.241163E-07  -0.127459E-06   0.730366E-07
   0.283200E+04  -0.266886E-07  -0.144614E-06   0.755217E-07
   0.283300E+04  -0.281103E-07  -0.154336E-06   0.739066E-07
   0.283400E+04  -0.282703E-07  -0.155968E-06   0.681361E-07
   0.283500E+04  -0.270829E-07  -0.149226E-06   0.583659E-07
   0.283600E+04  -0.244982E-07  -0.134241E-06   0.449733E-07
   0.283700E+04  -0.205155E-07  -0.111568E-06   0.285563E-07
   0.283800E+04  -0.151983E-07  -0.821904E-07   0.991970E-08
   0.283900E+04  -0.868738E-08  -0.474945E-07  -0.995323E-08
   0.284000E+04  -0.121149E-08  -0.922298E-08  -0.299444E-07
   0.284100E+04   0.690917E-08   0.305957E-07  -0.488587E-07
   0.284200E+04   0.152671E-07   0.697420E-07  -0.654933E-07
   0.284300E+04   0.233813E-07   0.105920E-06  -0.787155E-07
   0.284400E+04   0.307218E-07   0.136890E-06  -0.875429E-07
   0.284500E+04   0.367427E-07   0.160604E-06  -0.912215E-07
   0.284600E+04   0.409236E-07   0.175349E-06  -0.892935E-07
   0.284700E+04   0.428150E-07   0.179874E-06  -0.816497E-07
   0.284800E+04   0.420843E-07   0.173501E-06  -0.685605E-07
   0.284900E+04   0.385582E-07   0.156206E-06  -0.506807E-07
   0.285000E+04   0.322559E-07   0.128659E-06  -0.290261E-07
   0.285100E+04   0.234095E-07   0.922191E-07  -0.492057E-08
   0.285200E+04   0.124677E-07   0.488899E-07   0.200828E-07
   0.285300E+04   0.813984E-10   0.121438E-08   0.443036E-07
   0.285400E+04  -0.129309E-07  -0.478665E-07   0.660513E-07
   0.285500E+04  -0.256353E-07  -0.951944E-07   0.837498E-07
   0.285600E+04  -0.370497E-07  -0.137601E-06   0.960591E-07
   0.285700E+04  -0.462216E-07  -0.172124E-06   0.101985E-06
   0.285800E+04  -0.523091E-07  -0.196228E-06   0.100966E-06
   0.285900E+04  -0.546600E-07  -0.207993E-06   0.929311E-07
   0.286000E+04  -0.528789E-07  -0.206279E-06   0.783207E-07
   0.286100E+04  -0.468788E-07  -0.190834E-06   0.580683E-07
   0.286200E+04  -0.369078E-07  -0.162347E-06   0.335435E-07
   0.286300E+04  -0.235501E-07  -0.122428E-06   0.645785E-08
   0.286400E+04  -0.769706E-08  -0.735292E-07  -0.212575E-07
   0.286500E+04   0.950986E-08  -0.187918E-07  -0.475958E-07
   0.286600E+04   0.267608E-07   0.381550E-07  -0.706272E-07
   0.286700E+04   0.426784E-07   0.934416E-07  -0.886489E-07
   0.286800E+04   0.559307E-07   0.143229E-06  -0.100319E-06
   0.286900E+04   0.653445E-07   0.183983E-06  -0.104765E-06
   0.287000E+04   0.700124E-07   0.212740E-06  -0.101654E-06
   0.287100E+04   0.693805E-07   0.227325E-06  -0.912263E-07
   0.287200E+04   0.633108E-07   0.226531E-06  -0.742735E-07
   0.287300E+04   0.521097E-07   0.210215E-06  -0.520830E-07
   0.287400E+04   0.365198E-07   0.179334E-06  -0.263352E-07
   0.287500E+04   0.176739E-07   0.135887E-06   0.102804E-08
   0.287600E+04  -0.298710E-08   0.827835E-07   0.279569E-07
   0.287700E+04  -0.238250E-07   0.236501E-07   0.524552E-07
   0.287800E+04  -0.431368E-07  -0.374283E-07   0.727372E-07
   0.287900E+04  -0.592974E-07  -0.961966E-07   0.873661E-07
   0.288000E+04  -0.708997E-07  -0.148535E-06   0.953629E-07
   0.288100E+04  -0.768809E-07  -0.190758E-06   0.962773E-07
   0.288200E+04  -0.766224E-07  -0.219877E-06   0.902138E-07
   0.288300E+04  -0.700151E-07  -0.233826E-06   0.778128E-07
   0.288400E+04  -0.574814E-07  -0.231603E-06   0.601873E-07
   0.288500E+04  -0.399525E-07  -0.213352E-06   0.388229E-07
   0.288600E+04  -0.188011E-07  -0.180347E-06   0.154485E-07
   0.288700E+04   0.426628E-08  -0.134901E-06  -0.810928E-08
   0.288800E+04   0.273478E-07  -0.802046E-07  -0.300761E-07
   0.288900E+04   0.485055E-07  -0.200873E-07  -0.488711E-07
   0.289000E+04   0.659307E-07   0.412515E-07  -0.632269E-07
   0.289100E+04   0.781018E-07   0.995444E-07  -0.722803E-07
   0.289200E+04   0.839200E-07   0.150759E-06  -0.756237E-07
   0.289300E+04   0.828111E-07   0.191379E-06  -0.733180E-07
   0.289400E+04   0.747837E-07   0.218654E-06  -0.658631E-07
   0.289500E+04   0.604370E-07   0.230779E-06  -0.541341E-07
   0.289600E+04   0.409179E-07   0.227017E-06  -0.392870E-07
   0.289700E+04   0.178298E-07   0.207739E-06  -0.226456E-07
   0.289800E+04  -0.690070E-08   0.174387E-06  -0.558025E-08
   0.289900E+04  -0.311858E-07   0.129358E-06   0.106104E-07
   0.290000E+04  -0.529559E-07   0.758324E-07   0.248041E-07
   0.290100E+04  -0.703392E-07   0.175412E-07   0.361364E-07
   0.290200E+04  -0.818257E-07  -0.414969E-07   0.440534E-07
   0.290300E+04  -0.864023E-07  -0.972540E-07   0.483318E-07
   0.290400E+04  -0.836451E-07  -0.145968E-06   0.490665E-07
   0.290500E+04  -0.737610E-07  -0.184396E-06   0.466289E-07
   0.290600E+04  -0.575745E-07  -0.210025E-06   0.416030E-07
   0.290700E+04  -0.364601E-07  -0.221232E-06   0.347051E-07
   0.290800E+04  -0.122260E-07  -0.217383E-06   0.266993E-07
   0.290900E+04   0.130417E-07  -0.198859E-06   0.183151E-07
   0.291000E+04   0.371598E-07  -0.167021E-06   0.101789E-07
   0.291100E+04   0.580385E-07  -0.124103E-06   0.276326E-08
   0.291200E+04   0.738655E-07  -0.730584E-07  -0.363955E-08
   0.291300E+04   0.832653E-07  -0.173553E-07  -0.891928E-08
   0.291400E+04   0.854220E-07   0.392568E-07  -0.131257E-07
   0.291500E+04   0.801517E-07   0.929944E-07  -0.164274E-07
   0.291600E+04   0.679208E-07   0.140287E-06  -0.190569E-07
   0.291700E+04   0.498055E-07   0.178007E-06  -0.212512E-07
   0.291800E+04   0.273976E-07   0.203671E-06  -0.231949E-07
   0.291900E+04   0.266465E-08   0.215594E-06  -0.249743E-07
   0.292000E+04  -0.222239E-07   0.213001E-06  -0.265493E-07
   0.292100E+04  -0.450887E-07   0.196069E-06  -0.277463E-07
   0.292200E+04  -0.639331E-07   0.165917E-06  -0.282754E-07
   0.292300E+04  -0.771202E-07   0.124537E-06  -0.277684E-07
   0.292400E+04  -0.835176E-07   0.746647E-07  -0.258353E-07
   0.292500E+04  -0.825964E-07   0.196074E-07  -0.221317E-07
   0.292600E+04  -0.744777E-07  -0.369664E-07  -0.164282E-07
   0.292700E+04  -0.599197E-07  -0.912622E-07  -0.867364E-08
   0.292800E+04  -0.402482E-07  -0.139606E-06   0.957478E-09
   0.292900E+04  -0.172370E-07  -0.178683E-06   0.120406E-07
   0.293000E+04   0.705253E-08  -0.205764E-06   0.239057E-07
   0.293100E+04   0.304562E-07  -0.218889E-06   0.356721E-07
   0.293200E+04   0.509012E-07  -0.217012E-06   0.463139E-07
   0.293300E+04   0.665914E-07  -0.200089E-06   0.547496E-07
   0.293400E+04   0.761663E-07  -0.169095E-06   0.599494E-07
   0.293500E+04   0.788213E-07  -0.125984E-06   0.610492E-07
   0.293600E+04   0.743765E-07  -0.735786E-07   0.574594E-07
   0.293700E+04   0.632893E-07  -0.153940E-07   0.489562E-07
   0.293800E+04   0.466096E-07   0.445837E-07   0.357445E-07
   0.293900E+04   0.258812E-07   0.102162E-06   0.184827E-07
   0.294000E+04   0.299936E-08   0.153228E-06  -0.173562E-08
   0.294100E+04  -0.199620E-07   0.194038E-06  -0.234452E-07
   0.294200E+04  -0.409395E-07   0.221497E-06  -0.449148E-07
   0.294300E+04  -0.580659E-07   0.233387E-06  -0.642871E-07
   0.294400E+04  -0.698383E-07   0.228563E-06  -0.797424E-07
   0.294500E+04  -0.752504E-07   0.207055E-06  -0.896702E-07
   0.294600E+04  -0.738802E-07   0.170108E-06  -0.928339E-07
   0.294700E+04  -0.659232E-07   0.120126E-06  -0.885110E-07
   0.294800E+04  -0.521693E-07   0.605262E-07  -0.765943E-07
   0.294900E+04  -0.339259E-07  -0.447943E-08  -0.576414E-07
   0.295000E+04  -0.128942E-07  -0.701751E-07  -0.328662E-07
   0.295100E+04   0.898921E-08  -0.131678E-06  -0.406740E-08
   0.295200E+04   0.297308E-07  -0.184302E-06   0.265002E-07
   0.295300E+04   0.474626E-07  -0.223913E-06   0.563041E-07
   0.295400E+04   0.606111E-07  -0.247265E-06   0.827471E-07
   0.295500E+04   0.680382E-07  -0.252269E-06   0.103398E-06
   0.295600E+04   0.691406E-07  -0.238185E-06   0.116217E-06
   0.295700E+04   0.638993E-07  -0.205724E-06   0.119758E-06
   0.295800E+04   0.528752E-07  -0.157025E-06   0.113323E-06
   0.295900E+04   0.371516E-07  -0.955351E-07   0.970618E-07
   0.296000E+04   0.182286E-07  -0.257693E-07   0.719883E-07
   0.296100E+04  -0.211894E-08   0.470098E-07   0.399301E-07
   0.296200E+04  -0.220075E-07   0.117189E-06   0.339571E-08
   0.296300E+04  -0.396197E-07   0.179238E-06  -0.346223E-07
   0.296400E+04  -0.533703E-07   0.228150E-06  -0.708958E-07
   0.296500E+04  -0.620497E-07   0.259852E-06  -0.102240E-06
   0.296600E+04  -0.649311E-07   0.271556E-06  -0.125796E-06
   0.296700E+04  -0.618312E-07   0.262004E-06  -0.139299E-06
   0.296800E+04  -0.531208E-07   0.231615E-06  -0.141294E-06
   0.296900E+04  -0.396836E-07   0.182482E-06  -0.131291E-06
   0.297000E+04  -0.228278E-07   0.118239E-06  -0.109838E-06
   0.297100E+04  -0.415974E-08   0.438048E-07  -0.784987E-07
   0.297200E+04   0.145688E-07  -0.349928E-07  -0.397454E-07
   0.297300E+04   0.316249E-07  -0.111874E-06   0.323915E-08
   0.297400E+04   0.454550E-07  -0.180608E-06   0.468244E-07
   0.297500E+04   0.548271E-07  -0.235527E-06   0.872430E-07
   0.297600E+04   0.589405E-07  -0.272001E-06   0.120921E-06
   0.297700E+04   0.574951E-07  -0.286834E-06   0.144801E-06
   0.297800E+04   0.507121E-07  -0.278559E-06   0.156619E-06
   0.297900E+04   0.393063E-07  -0.247582E-06   0.155127E-06
   0.298000E+04   0.244130E-07  -0.196184E-06   0.140222E-06
   0.298100E+04   0.747586E-08  -0.128362E-06   0.112976E-06
   0.298200E+04  -0.989210E-08  -0.495178E-07   0.755639E-07
   0.298300E+04  -0.260616E-07   0.339631E-07   0.310899E-07
   0.298400E+04  -0.395400E-07   0.115236E-06  -0.166710E-07
   0.298500E+04  -0.491086E-07   0.187561E-06  -0.635978E-07
   0.298600E+04  -0.539337E-07   0.244868E-06  -0.105583E-06
   0.298700E+04  -0.536385E-07   0.282274E-06  -0.138898E-06
   0.298800E+04  -0.483324E-07   0.296514E-06  -0.160526E-06
   0.298900E+04  -0.385935E-07   0.286227E-06  -0.168446E-06
   0.299000E+04  -0.254074E-07   0.252097E-06  -0.161818E-06
   0.299100E+04  -0.100687E-07   0.196819E-06  -0.141077E-06
   0.299200E+04   0.594545E-08   0.124891E-06  -0.107907E-06
   0.299300E+04   0.211173E-07   0.422471E-07  -0.651056E-07
   0.299400E+04   0.340319E-07  -0.442255E-07  -0.163491E-07
   0.299500E+04   0.435093E-07  -0.127268E-06   0.341284E-07
   0.299600E+04   0.487124E-07  -0.199862E-06   0.819047E-07
   0.299700E+04   0.492209E-07  -0.255833E-06   0.122762E-06
   0.299800E+04   0.450647E-07  -0.290380E-06   0.153063E-06
   0.299900E+04   0.367146E-07  -0.300498E-06   0.170083E-06
   0.300000E+04   0.250308E-07  -0.285249E-06   0.172253E-06
   0.300100E+04   0.111758E-07  -0.245852E-06   0.159314E-06
   0.300200E+04  -0.350031E-08  -0.185599E-06   0.132346E-06
   0.300300E+04  -0.175911E-07  -0.109574E-06   0.936780E-07
   0.300400E+04  -0.297677E-07  -0.242354E-07   0.466881E-07
   0.300500E+04  -0.389042E-07   0.631421E-07  -0.449201E-08
   0.300600E+04  -0.441815E-07   0.145086E-06  -0.553442E-07
   0.300700E+04  -0.451602E-07   0.214571E-06  -0.101366E-06
   0.300800E+04  -0.418171E-07   0.265632E-06  -0.138472E-06
   0.300900E+04  -0.345408E-07   0.293880E-06  -0.163365E-06
   0.301000E+04  -0.240884E-07   0.296887E-06  -0.173827E-06
   0.301100E+04  -0.115077E-07   0.274406E-06  -0.168926E-06
   0.301200E+04   0.196715E-08   0.228395E-06  -0.149100E-06
   0.301300E+04   0.150365E-07   0.162851E-06  -0.116120E-06
   0.301400E+04   0.264600E-07   0.834655E-07  -0.729321E-07
   0.301500E+04   0.351746E-07  -0.286870E-08  -0.233948E-07
   0.301600E+04   0.403931E-07  -0.886583E-07   0.280675E-07
   0.301700E+04   0.416753E-07  -0.166463E-06   0.768622E-07
   0.301800E+04   0.389649E-07  -0.229548E-06   0.118642E-06
   0.301900E+04   0.325888E-07  -0.272470E-06   0.149694E-06
   0.302000E+04   0.232196E-07  -0.291558E-06   0.167277E-06
   0.302100E+04   0.118061E-07  -0.285230E-06   0.169865E-06
   0.302200E+04  -0.522227E-09  -0.254135E-06   0.157281E-06
   0.302300E+04  -0.125667E-07  -0.201088E-06   0.130715E-06
   0.302400E+04  -0.231752E-07  -0.130821E-06   0.926081E-07
   0.302500E+04  -0.313527E-07  -0.495652E-07   0.464341E-07
   0.302600E+04  -0.363543E-07   0.355064E-07  -0.362157E-08
   0.302700E+04  -0.377527E-07   0.116910E-06  -0.530406E-07
   0.302800E+04  -0.354749E-07   0.187514E-06  -0.973823E-07
   0.302900E+04  -0.298032E-07   0.241171E-06  -0.132685E-06
   0.303000E+04  -0.213428E-07   0.273254E-06  -0.155823E-06
   0.303100E+04  -0.109578E-07   0.281067E-06  -0.164786E-06
   0.303200E+04   0.315675E-09   0.264069E-06  -0.158859E-06
   0.303300E+04   0.113726E-07   0.223922E-06  -0.138675E-06
   0.303400E+04   0.211469E-07   0.164328E-06  -0.106157E-06
   0.303500E+04   0.287140E-07   0.906926E-07  -0.643315E-07
   0.303600E+04   0.333779E-07   0.963549E-08  -0.170506E-07
   0.303700E+04   0.347352E-07  -0.716040E-07   0.313655E-07
   0.303800E+04   0.327095E-07  -0.145817E-06   0.765235E-07
   0.303900E+04   0.275536E-07  -0.206465E-06   0.114358E-06
   0.304000E+04   0.198203E-07  -0.248266E-06   0.141499E-06
   0.304100E+04   0.103037E-07  -0.267651E-06   0.155577E-06
   0.304200E+04  -0.415822E-10  -0.263079E-06   0.155426E-06
   0.304300E+04  -0.101954E-07  -0.235159E-06   0.141188E-06
   0.304400E+04  -0.191724E-07  -0.186579E-06   0.114286E-06
   0.304500E+04  -0.261175E-07  -0.121857E-06   0.772855E-07
   0.304600E+04  -0.303865E-07  -0.469165E-07   0.336488E-07
   0.304700E+04  -0.316062E-07   0.314534E-07  -0.125867E-07
   0.304800E+04  -0.297063E-07   0.106215E-06  -0.571846E-07
   0.304900E+04  -0.249219E-07   0.170715E-06  -0.960987E-07
   0.305000E+04  -0.177655E-07   0.219283E-06  -0.125842E-06
   0.305100E+04  -0.897319E-08   0.247734E-06  -0.143802E-06
   0.305200E+04   0.570422E-09   0.253731E-06  -0.148471E-06
   0.305300E+04   0.992111E-08   0.236980E-06  -0.139574E-06
   0.305400E+04   0.181679E-07   0.199240E-06  -0.118083E-06
   0.305500E+04   0.245217E-07   0.144143E-06  -0.861135E-07
   0.305600E+04   0.283905E-07   0.768505E-07  -0.467191E-07
   0.305700E+04   0.294343E-07   0.356821E-08  -0.360007E-08
   0.305800E+04   0.275947E-07  -0.690239E-07   0.392446E-07
   0.305900E+04   0.230965E-07  -0.134383E-06   0.778884E-07
   0.306000E+04   0.164213E-07  -0.186698E-06   0.108840E-06
   0.306100E+04   0.825667E-08  -0.221404E-06   0.129357E-06
   0.306200E+04  -0.573978E-09  -0.235591E-06   0.137698E-06
   0.306300E+04  -0.919451E-08  -0.228247E-06   0.133261E-06
   0.306400E+04  -0.167624E-07  -0.200331E-06   0.116638E-06
   0.306500E+04  -0.225512E-07  -0.154660E-06   0.895331E-07
   0.306600E+04  -0.260197E-07  -0.956376E-07   0.546020E-07
   0.306700E+04  -0.268625E-07  -0.288262E-07   0.151871E-07
   0.306800E+04  -0.250371E-07   0.395702E-07  -0.249986E-07
   0.306900E+04  -0.207633E-07   0.103283E-06  -0.622214E-07
   0.307000E+04  -0.144986E-07   0.156554E-06  -0.930741E-07
   0.307100E+04  -0.688968E-08   0.194656E-06  -0.114789E-06
   0.307200E+04   0.129430E-08   0.214317E-06  -0.125486E-06
   0.307300E+04   0.923867E-08   0.214000E-06  -0.124337E-06
   0.307400E+04   0.161643E-07   0.194022E-06  -0.111630E-06
   0.307500E+04   0.214036E-07   0.156507E-06  -0.887244E-07
   0.307600E+04   0.244651E-07   0.105160E-06  -0.579116E-07
   0.307700E+04   0.250787E-07   0.449129E-07  -0.221882E-07
   0.307800E+04   0.232199E-07  -0.185511E-07   0.150343E-07
   0.307900E+04   0.191081E-07  -0.793300E-07   0.502541E-07
   0.308000E+04   0.131819E-07  -0.131851E-06   0.802085E-07
   0.308100E+04   0.605289E-08  -0.171383E-06   0.102176E-06
   0.308200E+04  -0.155760E-08  -0.194461E-06   0.114223E-06
   0.308300E+04  -0.889082E-08  -0.199192E-06   0.115377E-06
   0.308400E+04  -0.152263E-07  -0.185409E-06   0.105699E-06
   0.308500E+04  -0.199522E-07  -0.154665E-06   0.862683E-07
   0.308600E+04  -0.226248E-07  -0.110062E-06   0.590629E-07
   0.308700E+04  -0.230094E-07  -0.559473E-07   0.267620E-07
   0.308800E+04  -0.211013E-07   0.251266E-08  -0.751672E-08
   0.308900E+04  -0.171225E-07   0.598207E-07  -0.405174E-07
   0.309000E+04  -0.114972E-07   0.110666E-06  -0.691542E-07
   0.309100E+04  -0.480685E-08   0.150417E-06  -0.908005E-07
   0.309200E+04   0.226980E-08   0.175543E-06  -0.103529E-06
   0.309300E+04   0.902487E-08   0.183928E-06  -0.106285E-06
   0.309400E+04   0.147921E-07   0.175047E-06  -0.989695E-07
   0.309500E+04   0.190123E-07   0.149997E-06  -0.824386E-07
   0.309600E+04   0.212875E-07   0.111367E-06  -0.584048E-07
   0.309700E+04   0.214178E-07   0.629770E-07  -0.292635E-07
   0.309800E+04   0.194194E-07   0.950301E-08   0.214479E-08
   0.309900E+04   0.155195E-07  -0.439742E-07   0.328101E-07
   0.310000E+04   0.101312E-07  -0.924503E-07   0.598411E-07
   0.310100E+04   0.381013E-08  -0.131465E-06   0.807375E-07
   0.310200E+04  -0.280268E-08  -0.157514E-06   0.936210E-07
   0.310300E+04  -0.904558E-08  -0.168363E-06   0.974047E-07
   0.310400E+04  -0.143023E-07  -0.163238E-06   0.918834E-07
   0.310500E+04  -0.180627E-07  -0.142879E-06   0.777396E-07
   0.310600E+04  -0.199720E-07  -0.109445E-06   0.564646E-07
   0.310700E+04  -0.198643E-07  -0.662942E-07   0.302038E-07
   0.310800E+04  -0.177767E-07  -0.176437E-07   0.154204E-08
   0.310900E+04  -0.139429E-07   0.318354E-07  -0.267497E-07
   0.311000E+04  -0.876751E-08   0.774680E-07  -0.519817E-07
   0.311100E+04  -0.278382E-08   0.115015E-06  -0.718006E-07
   0.311200E+04   0.340104E-08   0.141069E-06  -0.844087E-07
   0.311300E+04   0.916745E-08   0.153361E-06  -0.887272E-07
   0.311400E+04   0.139452E-07   0.150957E-06  -0.844873E-07
   0.311500E+04   0.172697E-07   0.134332E-06  -0.722431E-07
   0.311600E+04   0.188269E-07   0.105295E-06  -0.533053E-07
   0.311700E+04   0.184830E-07   0.668021E-07  -0.296035E-07
   0.311800E+04   0.162956E-07   0.226595E-07  -0.349110E-08
   0.311900E+04   0.125053E-07  -0.228538E-07   0.224870E-07
   0.312000E+04   0.750998E-08  -0.653977E-07   0.458416E-07
   0.312100E+04   0.182298E-08  -0.100984E-06   0.643773E-07
   0.312200E+04  -0.397941E-08  -0.126351E-06   0.763988E-07
   0.312300E+04  -0.931620E-08  -0.139259E-06   0.808649E-07
   0.312400E+04  -0.136598E-07  -0.138693E-06   0.774788E-07
   0.312500E+04  -0.165881E-07  -0.124934E-06   0.667038E-07
   0.312600E+04  -0.178252E-07  -0.995173E-07   0.497065E-07
   0.312700E+04  -0.172675E-07  -0.650620E-07   0.282331E-07
   0.312800E+04  -0.149919E-07  -0.250071E-07   0.443114E-08
   0.312900E+04  -0.112463E-07   0.167307E-07  -0.193636E-07
   0.313000E+04  -0.642250E-08   0.561382E-07  -0.408559E-07
   0.313100E+04  -0.101559E-08   0.894905E-07  -0.580119E-07
   0.313200E+04   0.442667E-08   0.113703E-06  -0.692511E-07
   0.313300E+04   0.935930E-08   0.126616E-06  -0.735916E-07
   0.313400E+04   0.132945E-07   0.127186E-06  -0.707355E-07
   0.313500E+04   0.158499E-07   0.115569E-06  -0.610857E-07
   0.313600E+04   0.167855E-07   0.930862E-07  -0.456964E-07
   0.313700E+04   0.160262E-07   0.620782E-07  -0.261591E-07
   0.313800E+04   0.136675E-07   0.256651E-07  -0.444049E-08
   0.313900E+04   0.996383E-08  -0.125661E-07   0.173151E-07
   0.314000E+04   0.530173E-08  -0.489129E-07   0.369963E-07
   0.314100E+04   0.159399E-09  -0.799151E-07   0.527290E-07
   0.314200E+04  -0.494210E-08  -0.102684E-06   0.630548E-07
   0.314300E+04  -0.949146E-08  -0.115169E-06   0.670656E-07
   0.314400E+04  -0.130383E-07  -0.116347E-06   0.644828E-07
   0.314500E+04  -0.152374E-07  -0.106298E-06   0.556742E-07
   0.314600E+04  -0.158826E-07  -0.861823E-07   0.416073E-07
   0.314700E+04  -0.149257E-07  -0.581144E-07   0.237455E-07
   0.314800E+04  -0.124793E-07  -0.249394E-07   0.389743E-08
   0.314900E+04  -0.880467E-08   0.100508E-07  -0.159654E-07
   0.315000E+04  -0.428314E-08   0.434435E-07  -0.339033E-07
   0.315100E+04   0.622871E-09   0.720365E-07  -0.481972E-07
   0.315200E+04   0.541718E-08   0.931446E-07  -0.575129E-07
   0.315300E+04   0.961993E-08   0.104851E-06  -0.610253E-07
   0.315400E+04   0.128155E-07   0.106181E-06  -0.584906E-07
   0.315500E+04   0.146936E-07   0.971816E-07  -0.502609E-07
   0.315600E+04   0.150792E-07   0.788998E-07  -0.372400E-07
   0.315700E+04   0.139485E-07   0.532668E-07  -0.207863E-07
   0.315800E+04   0.114302E-07   0.228956E-07  -0.257191E-08
   0.315900E+04   0.779080E-08  -0.918250E-08   0.155855E-07
   0.316000E+04   0.340625E-08  -0.398194E-07   0.319040E-07
   0.316100E+04  -0.127649E-08  -0.660575E-07   0.448107E-07
   0.316200E+04  -0.578519E-08  -0.854146E-07   0.530939E-07
   0.316300E+04  -0.966998E-08  -0.961175E-07   0.560152E-07
   0.316400E+04  -0.125482E-07  -0.972638E-07   0.533754E-07
   0.316500E+04  -0.141419E-07  -0.888963E-07   0.455254E-07
   0.316600E+04  -0.143052E-07  -0.719841E-07   0.333227E-07
   0.316700E+04  -0.130369E-07  -0.483141E-07   0.180398E-07
   0.316800E+04  -0.104794E-07  -0.203042E-07   0.123210E-08
   0.316900E+04  -0.690319E-08   0.924193E-08  -0.154194E-07
   0.317000E+04  -0.267782E-08   0.374145E-07  -0.302754E-07
   0.317100E+04   0.176574E-08   0.614829E-07  -0.418995E-07
   0.317200E+04   0.597922E-08   0.791599E-07  -0.491963E-07
   0.317300E+04   0.954217E-08   0.888179E-07  -0.515144E-07
   0.317400E+04   0.121039E-07   0.896382E-07  -0.487035E-07
   0.317500E+04   0.134181E-07   0.816791E-07  -0.411223E-07
   0.317600E+04   0.133663E-07   0.658564E-07  -0.295948E-07
   0.317700E+04   0.119686E-07   0.438415E-07  -0.153222E-07
   0.317800E+04   0.937989E-08   0.178861E-07   0.241453E-09
   0.317900E+04   0.587348E-08  -0.940644E-08   0.155364E-07
   0.318000E+04   0.181178E-08  -0.353416E-07   0.290533E-07
   0.318100E+04  -0.239082E-08  -0.573991E-07   0.394814E-07
   0.318200E+04  -0.631023E-08  -0.734767E-07   0.458351E-07
   0.318300E+04  -0.955546E-08  -0.820908E-07   0.475472E-07
   0.318400E+04  -0.118077E-07  -0.825123E-07   0.445181E-07
   0.318500E+04  -0.128515E-07  -0.748271E-07   0.371195E-07
   0.318600E+04  -0.125956E-07  -0.599157E-07   0.261502E-07
   0.318700E+04  -0.110808E-07  -0.393548E-07   0.127512E-07
   0.318800E+04  -0.847441E-08  -0.152525E-07  -0.171268E-08
   0.318900E+04  -0.505207E-08   0.996689E-08  -0.157909E-07
   0.319000E+04  -0.116884E-08   0.338055E-07  -0.280926E-07
   0.319100E+04   0.277743E-08   0.539389E-07  -0.374232E-07
   0.319200E+04   0.638682E-08   0.684420E-07  -0.429007E-07
   0.319300E+04   0.929769E-08   0.759726E-07  -0.440379E-07
   0.319400E+04   0.112229E-07   0.758955E-07  -0.407859E-07
   0.319500E+04   0.119782E-07   0.683341E-07  -0.335324E-07
   0.319600E+04   0.114997E-07   0.541479E-07  -0.230567E-07
   0.319700E+04   0.984937E-08   0.348369E-07  -0.104475E-07
   0.319800E+04   0.720746E-08   0.123846E-07   0.301020E-08
   0.319900E+04   0.385318E-08  -0.109447E-07   0.159655E-07
   0.320000E+04   0.135480E-09  -0.328330E-07   0.271365E-07
   0.320100E+04  -0.356295E-08  -0.511385E-07   0.354371E-07
   0.320200E+04  -0.686478E-08  -0.641042E-07   0.400822E-07
   0.320300E+04  -0.943626E-08  -0.705263E-07   0.406618E-07
   0.320400E+04  -0.110207E-07  -0.698653E-07   0.371763E-07
   0.320500E+04  -0.114640E-07  -0.622896E-07   0.300312E-07
   0.320600E+04  -0.107291E-07  -0.486497E-07   0.199909E-07
   0.320700E+04  -0.889923E-08  -0.303837E-07   0.809769E-08
   0.320800E+04  -0.616832E-08  -0.936777E-08  -0.443567E-08
   0.320900E+04  -0.282048E-08   0.122764E-07  -0.163494E-07
   0.321000E+04   0.799479E-09   0.323943E-07  -0.264628E-07
   0.321100E+04   0.432141E-08   0.490129E-07  -0.337908E-07
   0.321200E+04   0.738760E-08   0.605332E-07  -0.376398E-07
   0.321300E+04   0.968886E-08   0.658839E-07  -0.376729E-07
   0.321400E+04   0.109956E-07   0.646198E-07  -0.339386E-07
   0.321500E+04   0.111805E-07   0.569582E-07  -0.268612E-07
   0.321600E+04   0.102306E-07   0.437476E-07  -0.171929E-07
   0.321700E+04   0.824803E-08   0.263758E-07  -0.593494E-08
   0.321800E+04   0.543873E-08   0.662416E-08   0.576605E-08
   0.321900E+04   0.209095E-08  -0.135137E-07   0.167344E-07
   0.322000E+04  -0.145442E-08  -0.320332E-07   0.258832E-07
   0.322100E+04  -0.483870E-08  -0.471176E-07   0.323220E-07
   0.322200E+04  -0.772178E-08  -0.573161E-07   0.354429E-07
   0.322300E+04  -0.981634E-08  -0.616831E-07   0.349782E-07
   0.322400E+04  -0.109165E-07  -0.598654E-07   0.310222E-07
   0.322500E+04  -0.109182E-07  -0.521295E-07   0.240176E-07
   0.322600E+04  -0.982857E-08  -0.393269E-07   0.147064E-07
   0.322700E+04  -0.776496E-08  -0.228017E-07   0.405168E-08
   0.322800E+04  -0.494192E-08  -0.425041E-08  -0.686121E-08
   0.322900E+04  -0.164900E-08   0.144514E-07  -0.169354E-07
   0.323000E+04   0.177904E-08   0.314385E-07  -0.251723E-07
   0.323100E+04   0.499633E-08   0.450412E-07  -0.307705E-07
   0.323200E+04   0.768092E-08   0.539496E-07  -0.332038E-07
   0.323300E+04   0.956702E-08   0.573392E-07  -0.322700E-07
   0.323400E+04   0.104715E-07   0.549471E-07  -0.281078E-07
   0.323500E+04   0.103115E-07   0.470906E-07  -0.211782E-07
   0.323600E+04   0.911235E-08   0.346287E-07  -0.122143E-07
   0.323700E+04   0.700400E-08   0.188694E-07  -0.214451E-08
   0.323800E+04   0.420701E-08   0.143305E-08   0.800339E-08
   0.323900E+04   0.100966E-08  -0.159129E-07   0.172065E-07
   0.324000E+04  -0.226173E-08  -0.314325E-07   0.245496E-07
   0.324100E+04  -0.527608E-08  -0.435943E-07   0.293158E-07
   0.324200E+04  -0.773104E-08  -0.512222E-07   0.310564E-07
   0.324300E+04  -0.938338E-08  -0.536080E-07   0.296329E-07
   0.324400E+04  -0.100731E-07  -0.505775E-07   0.252268E-07
   0.324500E+04  -0.973879E-08  -0.425008E-07   0.183181E-07
   0.324600E+04  -0.842344E-08  -0.302491E-07   0.963338E-08
   0.324700E+04  -0.626888E-08  -0.151013E-07   0.697409E-10
   0.324800E+04  -0.350086E-08   0.138832E-08  -0.939748E-08
   0.324900E+04  -0.405434E-09   0.175495E-07  -0.178138E-07
   0.325000E+04   0.270047E-08   0.317643E-07  -0.243413E-07
   0.325100E+04   0.550139E-08   0.426285E-07  -0.283422E-07
   0.325200E+04   0.771536E-08   0.490898E-07  -0.294404E-07
   0.325300E+04   0.912218E-08   0.505495E-07  -0.275568E-07
   0.325400E+04   0.958539E-08   0.469172E-07  -0.229136E-07
   0.325500E+04   0.906539E-08   0.386139E-07  -0.160094E-07
   0.325600E+04   0.762287E-08   0.265246E-07  -0.756498E-08
   0.325700E+04   0.541182E-08   0.119040E-07   0.155091E-08
   0.325800E+04   0.266332E-08  -0.375308E-08   0.104113E-07
   0.325900E+04  -0.338508E-09  -0.188642E-07   0.181248E-07
   0.326000E+04  -0.328569E-08  -0.319191E-07   0.239252E-07
   0.326100E+04  -0.587788E-08  -0.416302E-07   0.272476E-07
   0.326200E+04  -0.785275E-08  -0.470593E-07   0.277829E-07
   0.326300E+04  -0.901247E-08  -0.477078E-07   0.255066E-07
   0.326400E+04  -0.924332E-08  -0.435623E-07   0.206783E-07
   0.326500E+04  -0.852673E-08  -0.350905E-07   0.138126E-07
   0.326600E+04  -0.694056E-08  -0.231890E-07   0.562439E-08
   0.326700E+04  -0.465064E-08  -0.908931E-08  -0.304507E-08
   0.326800E+04  -0.189334E-08   0.576982E-08  -0.113146E-07
   0.326900E+04   0.104882E-08   0.198886E-07  -0.183522E-07
   0.327000E+04   0.387610E-08   0.318576E-07  -0.234589E-07
   0.327100E+04   0.630213E-08   0.404979E-07  -0.261375E-07
   0.327200E+04   0.808281E-08   0.449776E-07  -0.261413E-07
   0.327300E+04   0.904086E-08   0.448910E-07  -0.234960E-07
   0.327400E+04   0.908342E-08   0.402957E-07  -0.184950E-07
   0.327500E+04   0.821094E-08   0.317012E-07  -0.116668E-07
   0.327600E+04   0.651665E-08   0.200138E-07  -0.371944E-08
   0.327700E+04   0.417646E-08   0.644075E-08   0.453291E-08
   0.327800E+04   0.143077E-08  -0.763336E-08   0.122529E-07
   0.327900E+04  -0.144038E-08  -0.207881E-07   0.186650E-07
   0.328000E+04  -0.414586E-08  -0.317101E-07   0.231333E-07
   0.328100E+04  -0.641306E-08  -0.393239E-07   0.252244E-07
   0.328200E+04  -0.801535E-08  -0.428979E-07   0.247490E-07
   0.328300E+04  -0.879484E-08  -0.421140E-07   0.217793E-07
   0.328400E+04  -0.867791E-08  -0.370960E-07   0.166388E-07
   0.328500E+04  -0.768220E-08  -0.283922E-07   0.986731E-08
   0.328600E+04  -0.591424E-08  -0.169164E-07   0.216463E-08
   0.328700E+04  -0.355817E-08  -0.385209E-08  -0.568195E-08
   0.328800E+04  -0.856580E-09   0.946895E-08  -0.128779E-07
   0.328900E+04   0.191442E-08   0.217025E-07  -0.187018E-07
   0.329000E+04   0.447336E-08   0.316269E-07  -0.225779E-07
   0.329100E+04   0.656199E-08   0.382653E-07  -0.241326E-07
   0.329200E+04   0.797127E-08   0.409812E-07  -0.232305E-07
   0.329300E+04   0.856231E-08   0.395392E-07  -0.199863E-07
   0.329400E+04   0.827997E-08   0.341254E-07  -0.147506E-07
   0.329500E+04   0.715796E-08   0.253240E-07  -0.807222E-08
   0.329600E+04   0.531490E-08   0.140551E-07  -0.641241E-09
   0.329700E+04   0.294178E-08   0.147873E-08   0.678229E-08
   0.329800E+04   0.282138E-09  -0.111244E-07   0.134458E-07
   0.329900E+04  -0.239288E-08  -0.224827E-07   0.186805E-07
   0.330000E+04  -0.481220E-08  -0.314621E-07   0.219679E-07
   0.330100E+04  -0.673229E-08  -0.371787E-07   0.229916E-07
   0.330200E+04  -0.796165E-08  -0.390859E-07   0.216670E-07
   0.330300E+04  -0.837991E-08  -0.370258E-07   0.181483E-07
   0.330400E+04  -0.794956E-08  -0.312423E-07   0.128107E-07
   0.330500E+04  -0.671930E-08  -0.223523E-07   0.621058E-08
   0.330600E+04  -0.481848E-08  -0.112804E-07  -0.972435E-09
   0.330700E+04  -0.244355E-08   0.837167E-09  -0.800515E-08
   0.330800E+04   0.162280E-09   0.127688E-07  -0.141756E-07
   0.330900E+04   0.273403E-08   0.233126E-07  -0.188650E-07
   0.331000E+04   0.501191E-08   0.314173E-07  -0.216094E-07
   0.331100E+04   0.676765E-08   0.362868E-07  -0.221458E-07
   0.331200E+04   0.782743E-08   0.374580E-07  -0.204367E-07
   0.331300E+04   0.808916E-08   0.348446E-07  -0.166724E-07
   0.331400E+04   0.753238E-08   0.287427E-07  -0.112497E-07
   0.331500E+04   0.621978E-08   0.197971E-07  -0.473009E-08
   0.331600E+04   0.429030E-08   0.893338E-08   0.221827E-08
   0.331700E+04   0.194454E-08  -0.273785E-08   0.888929E-08
   0.331800E+04  -0.576051E-09  -0.140346E-07   0.146106E-07
   0.331900E+04  -0.301395E-08  -0.238233E-07   0.188115E-07
   0.332000E+04  -0.512184E-08  -0.311328E-07   0.210797E-07
   0.332100E+04  -0.668771E-08  -0.352504E-07   0.212020E-07
   0.332200E+04  -0.755616E-08  -0.357921E-07   0.191843E-07
   0.332300E+04  -0.764387E-08  -0.327375E-07   0.152492E-07
   0.332400E+04  -0.694762E-08  -0.264295E-07   0.981152E-08
   0.332500E+04  -0.554412E-08  -0.175354E-07   0.343511E-08
   0.332600E+04  -0.358172E-08  -0.697745E-08  -0.322573E-08
   0.332700E+04  -0.126485E-08   0.416301E-08  -0.949317E-08
   0.332800E+04   0.116716E-08   0.147561E-07  -0.147348E-07
   0.332900E+04   0.346460E-08   0.237380E-07  -0.184273E-07
   0.333000E+04   0.539298E-08   0.302178E-07  -0.202087E-07
   0.333100E+04   0.675681E-08   0.335661E-07  -0.199141E-07
   0.333200E+04   0.741931E-08   0.334759E-07  -0.175901E-07
   0.333300E+04   0.731606E-08   0.299915E-07  -0.134896E-07
   0.333400E+04   0.646120E-08   0.234999E-07  -0.804359E-08
   0.333500E+04   0.494557E-08   0.146897E-07  -0.181661E-08
   0.333600E+04   0.292706E-08   0.447758E-08   0.455160E-08
   0.333700E+04   0.614218E-09  -0.608554E-08   0.104116E-07
   0.333800E+04  -0.175531E-08  -0.159228E-07   0.151701E-07
   0.333900E+04  -0.393911E-08  -0.240404E-07   0.183501E-07
   0.334000E+04  -0.571473E-08  -0.296279E-07   0.196379E-07
   0.334100E+04  -0.690227E-08  -0.321386E-07   0.189143E-07
   0.334200E+04  -0.738254E-08  -0.313430E-07   0.162650E-07
   0.334300E+04  -0.710890E-08  -0.273497E-07   0.119707E-07
   0.334400E+04  -0.611170E-08  -0.205910E-07   0.647699E-08
   0.334500E+04  -0.449486E-08  -0.117772E-07   0.348502E-09
   0.334600E+04  -0.242493E-08  -0.182200E-08  -0.578960E-08
   0.334700E+04  -0.113898E-09   0.825178E-08  -0.113152E-07
   0.334800E+04   0.220264E-08   0.174169E-07  -0.156722E-07
   0.334900E+04   0.428954E-08   0.247460E-07  -0.184267E-07
   0.335000E+04   0.593607E-08   0.295048E-07  -0.193099E-07
   0.335100E+04   0.697726E-08   0.312259E-07  -0.182441E-07
   0.335200E+04   0.731049E-08   0.297536E-07  -0.153498E-07
   0.335300E+04   0.690567E-08   0.252579E-07  -0.109315E-07
   0.335400E+04   0.580797E-08   0.182151E-07  -0.544594E-08
   0.335500E+04   0.413296E-08   0.935698E-08   0.545255E-09
   0.335600E+04   0.205444E-08  -0.404802E-09   0.643322E-08
   0.335700E+04  -0.213430E-09  -0.100727E-07   0.116239E-07
   0.335800E+04  -0.243816E-08  -0.186651E-07   0.155979E-07
   0.335900E+04  -0.439270E-08  -0.253156E-07   0.179629E-07
   0.336000E+04  -0.587854E-08  -0.293604E-07   0.184922E-07
   0.336100E+04  -0.674584E-08  -0.304043E-07   0.171466E-07
   0.336200E+04  -0.690854E-08  -0.283590E-07   0.140772E-07
   0.336300E+04  -0.635288E-08  -0.234502E-07   0.960835E-08
   0.336400E+04  -0.513857E-08  -0.161926E-07   0.420387E-08
   0.336500E+04  -0.339245E-08  -0.733588E-08  -0.158104E-08
   0.336600E+04  -0.129536E-08   0.221256E-08  -0.715680E-08
   0.336700E+04   0.936447E-09   0.114809E-07  -0.119594E-07
   0.336800E+04   0.307346E-08   0.195316E-07  -0.155073E-07
   0.336900E+04   0.489626E-08   0.255565E-07  -0.174499E-07
   0.337000E+04   0.621790E-08   0.289575E-07  -0.176020E-07
   0.337100E+04   0.690275E-08   0.294063E-07  -0.159612E-07
   0.337200E+04   0.688023E-08   0.268758E-07  -0.127073E-07
   0.337300E+04   0.615177E-08   0.216410E-07  -0.818228E-08
   0.337400E+04   0.479051E-08   0.142494E-07  -0.285469E-08
   0.337500E+04   0.293371E-08   0.546338E-08   0.272882E-08
   0.337600E+04   0.768673E-09  -0.381774E-08   0.799956E-08
   0.337700E+04  -0.148637E-08  -0.126502E-07   0.124247E-07
   0.337800E+04  -0.360442E-08  -0.201415E-07   0.155610E-07
   0.337900E+04  -0.537268E-08  -0.255406E-07   0.170992E-07
   0.338000E+04  -0.661404E-08  -0.283130E-07   0.168947E-07
   0.338100E+04  -0.720484E-08  -0.281941E-07   0.149806E-07
   0.338200E+04  -0.708720E-08  -0.252137E-07   0.115636E-07
   0.338300E+04  -0.627457E-08  -0.196916E-07   0.700129E-08
   0.338400E+04  -0.485016E-08  -0.122032E-07   0.176524E-08
   0.338500E+04  -0.295824E-08  -0.352010E-08  -0.360802E-08
   0.338600E+04  -0.789328E-09   0.546996E-08  -0.857183E-08
   0.338700E+04   0.143920E-08   0.138533E-07  -0.126250E-07
   0.338800E+04   0.350516E-08   0.207832E-07  -0.153626E-07
   0.338900E+04   0.520393E-08   0.255654E-07  -0.165161E-07
   0.339000E+04   0.636902E-08   0.277275E-07  -0.159800E-07
   0.339100E+04   0.688860E-08   0.270655E-07  -0.138213E-07
   0.339200E+04   0.671644E-08   0.236629E-07  -0.102716E-07
   0.339300E+04   0.587617E-08   0.178807E-07  -0.570223E-08
   0.339400E+04   0.445845E-08   0.103188E-07  -0.585622E-09
   0.339500E+04   0.261138E-08   0.175437E-08   0.455342E-08
   0.339600E+04   0.525091E-09  -0.693854E-08   0.919152E-08
   0.339700E+04  -0.158769E-08  -0.148778E-07   0.128600E-07
   0.339800E+04  -0.351338E-08  -0.212628E-07   0.151921E-07
   0.339900E+04  -0.505916E-08  -0.254552E-07   0.159597E-07
   0.340000E+04  -0.607234E-08  -0.270424E-07   0.150959E-07
   0.340100E+04  -0.645558E-08  -0.258784E-07   0.127002E-07
   0.340200E+04  -0.617634E-08  -0.220971E-07   0.902759E-08
   0.340300E+04  -0.526974E-08  -0.160967E-07   0.446171E-08
   0.340400E+04  -0.383445E-08  -0.849813E-08  -0.525408E-09
   0.340500E+04  -0.202223E-08  -0.809752E-10  -0.542181E-08
   0.340600E+04  -0.220610E-10   0.829679E-08  -0.972813E-08
   0.340700E+04   0.195939E-08   0.157860E-07  -0.130084E-07
   0.340800E+04   0.371898E-08   0.216325E-07  -0.149341E-07
   0.340900E+04   0.507785E-08   0.252528E-07  -0.153172E-07
   0.341000E+04   0.589950E-08   0.262925E-07  -0.141280E-07
   0.341100E+04   0.610356E-08   0.246609E-07  -0.114978E-07
   0.341200E+04   0.567363E-08   0.205386E-07  -0.770431E-08
   0.341300E+04   0.465860E-08   0.143578E-07  -0.314225E-08
   0.341400E+04   0.316730E-08   0.675691E-08   0.171722E-08
   0.341500E+04   0.135701E-08  -0.148516E-08   0.637518E-08
   0.341600E+04  -0.582944E-09  -0.952882E-08   0.103560E-07
   0.341700E+04  -0.245074E-08  -0.165593E-07   0.132559E-07
   0.341800E+04  -0.405286E-08  -0.218689E-07   0.147833E-07
   0.341900E+04  -0.522392E-08  -0.249287E-07   0.147885E-07
   0.342000E+04  -0.584354E-08  -0.254405E-07   0.132780E-07
   0.342100E+04  -0.584858E-08  -0.233664E-07   0.104130E-07
   0.342200E+04  -0.523941E-08  -0.189307E-07   0.649214E-08
   0.342300E+04  -0.407972E-08  -0.125962E-07   0.192055E-08
   0.342400E+04  -0.248977E-08  -0.501570E-08  -0.283222E-08
   0.342500E+04  -0.633984E-09   0.303512E-08  -0.728029E-08
   0.342600E+04   0.129607E-08   0.107371E-07  -0.109711E-07
   0.342700E+04   0.310132E-08   0.173108E-07  -0.135314E-07
   0.342800E+04   0.459562E-08   0.220953E-07  -0.147049E-07
   0.342900E+04   0.562476E-08   0.246148E-07  -0.143778E-07
   0.343000E+04   0.608221E-08   0.246254E-07  -0.125898E-07
   0.343100E+04   0.591989E-08   0.221392E-07  -0.952926E-08
   0.343200E+04   0.515306E-08   0.174211E-07  -0.551339E-08
   0.343300E+04   0.385862E-08   0.109610E-07  -0.955227E-09
   0.343400E+04   0.216720E-08   0.342286E-08   0.367885E-08
   0.343500E+04   0.249791E-09  -0.442381E-08   0.791684E-08
   0.343600E+04  -0.169975E-08  -0.117822E-07   0.113293E-07
   0.343700E+04  -0.348444E-08  -0.179094E-07   0.135727E-07
   0.343800E+04  -0.492421E-08  -0.221911E-07   0.144242E-07
   0.343900E+04  -0.587413E-08  -0.242036E-07   0.138037E-07
   0.344000E+04  -0.623909E-08  -0.237554E-07   0.117814E-07
   0.344100E+04  -0.598333E-08  -0.209055E-07   0.856974E-08
   0.344200E+04  -0.513391E-08  -0.159561E-07   0.450121E-08
   0.344300E+04  -0.377780E-08  -0.942053E-08  -0.594465E-11
   0.344400E+04  -0.205292E-08  -0.197008E-08  -0.449087E-08
   0.344500E+04  -0.133975E-09   0.563484E-08  -0.849713E-08
   0.344600E+04   0.178534E-08   0.126224E-07  -0.116192E-07
   0.344700E+04   0.351204E-08   0.182878E-07  -0.135435E-07
   0.344800E+04   0.487343E-08   0.220640E-07  -0.140799E-07
   0.344900E+04   0.573450E-08   0.235790E-07  -0.131803E-07
   0.345000E+04   0.601149E-08   0.226922E-07  -0.109433E-07
   0.345100E+04   0.568017E-08   0.195074E-07  -0.760282E-08
   0.345200E+04   0.477807E-08   0.143613E-07  -0.350438E-08
   0.345300E+04   0.340039E-08   0.778739E-08   0.931201E-09
   0.345400E+04   0.169009E-08   0.461522E-09   0.525070E-08
   0.345500E+04  -0.176828E-09  -0.686805E-08   0.901487E-08
   0.345600E+04  -0.200935E-08  -0.134568E-07   0.118431E-07
   0.345700E+04  -0.362095E-08  -0.186394E-07   0.134517E-07
   0.345800E+04  -0.484856E-08  -0.218971E-07   0.136828E-07
   0.345900E+04  -0.556902E-08  -0.229094E-07   0.125192E-07
   0.346000E+04  -0.571154E-08  -0.215859E-07   0.100860E-07
   0.346100E+04  -0.526461E-08  -0.180737E-07   0.663680E-08
   0.346200E+04  -0.427700E-08  -0.127418E-07   0.252754E-08
   0.346300E+04  -0.285254E-08  -0.614215E-08  -0.182036E-08
   0.346400E+04  -0.113932E-08   0.104724E-08  -0.596324E-08
   0.346500E+04   0.685548E-09   0.809191E-08  -0.948040E-08
   0.346600E+04   0.243411E-08   0.142758E-07  -0.120169E-07
   0.346700E+04   0.392678E-08   0.189740E-07  -0.133194E-07
   0.346800E+04   0.501061E-08   0.217157E-07  -0.132615E-07
   0.346900E+04   0.557485E-08   0.222314E-07  -0.118560E-07
   0.347000E+04   0.556210E-08   0.204791E-07  -0.925288E-08
   0.347100E+04   0.497398E-08   0.166477E-07  -0.572350E-08
   0.347200E+04   0.387090E-08   0.111366E-07  -0.163234E-08
   0.347300E+04   0.236563E-08   0.451411E-08   0.260058E-08
   0.347400E+04   0.611796E-09  -0.254131E-08   0.654277E-08
   0.347500E+04  -0.121196E-08  -0.931021E-08   0.979339E-08
   0.347600E+04  -0.292017E-08  -0.151057E-07   0.120240E-07
   0.347700E+04  -0.433947E-08  -0.193428E-07   0.130116E-07
   0.347800E+04  -0.532615E-08  -0.215980E-07   0.126612E-07
   0.347900E+04  -0.578076E-08  -0.216508E-07   0.110146E-07
   0.348000E+04  -0.565804E-08  -0.195058E-07   0.824558E-08
   0.348100E+04  -0.497140E-08  -0.153906E-07   0.464190E-08
   0.348200E+04  -0.379134E-08  -0.973227E-08   0.575174E-09
   0.348300E+04  -0.223820E-08  -0.311257E-08  -0.353724E-08
   0.348400E+04  -0.469682E-09   0.379174E-08  -0.727503E-08
   0.348500E+04   0.133523E-08   0.102781E-07  -0.102578E-07
   0.348600E+04   0.299454E-08   0.156898E-07  -0.121836E-07
   0.348700E+04   0.434178E-08   0.194821E-07  -0.128595E-07
   0.348800E+04   0.524282E-08   0.212777E-07  -0.122209E-07
   0.348900E+04   0.560943E-08   0.209039E-07  -0.103374E-07
   0.349000E+04   0.540808E-08   0.184092E-07  -0.740507E-08
   0.349100E+04   0.466313E-08   0.140577E-07  -0.372645E-08
   0.349200E+04   0.345419E-08   0.830077E-08   0.321202E-09
   0.349300E+04   0.190775E-08   0.173088E-08   0.432442E-08
   0.349400E+04   0.184179E-09  -0.497964E-08   0.787586E-08
   0.349500E+04  -0.153877E-08  -0.111472E-07   0.106158E-07
   0.349600E+04  -0.308414E-08  -0.161465E-07   0.122686E-07
   0.349700E+04  -0.429381E-08  -0.194738E-07   0.126705E-07
   0.349800E+04  -0.504459E-08  -0.207979E-07   0.117857E-07
   0.349900E+04  -0.526066E-08  -0.199924E-07   0.970969E-08
   0.350000E+04  -0.492123E-08  -0.171486E-07   0.665892E-08
   0.350100E+04  -0.406250E-08  -0.125645E-07   0.294823E-08
   0.350200E+04  -0.277384E-08  -0.671408E-08  -0.104159E-08
   0.350300E+04  -0.118854E-08  -0.198117E-09  -0.490289E-08
   0.350400E+04   0.529874E-09   0.631724E-08  -0.824283E-08
   0.350500E+04   0.220438E-08   0.121686E-07  -0.107233E-07
   0.350600E+04   0.366254E-08   0.167627E-07  -0.120953E-07
   0.350700E+04   0.475408E-08   0.196364E-07  -0.122239E-07
   0.350800E+04   0.536618E-08   0.205034E-07  -0.111014E-07
   0.350900E+04   0.543494E-08   0.192825E-07  -0.884791E-08
   0.351000E+04   0.495180E-08   0.161051E-07  -0.569842E-08
   0.351100E+04   0.396437E-08   0.113008E-07  -0.197846E-08
   0.351200E+04   0.257154E-08   0.536352E-08   0.192948E-08
   0.351300E+04   0.913379E-09  -0.109982E-08   0.562513E-08
   0.351400E+04  -0.843145E-09  -0.743108E-08   0.873136E-08
   0.351500E+04  -0.252110E-08  -0.129881E-07   0.109325E-07
   0.351600E+04  -0.395156E-08  -0.172098E-07   0.120065E-07
   0.351700E+04  -0.499068E-08  -0.196730E-07   0.118470E-07
   0.351800E+04  -0.553424E-08  -0.201347E-07   0.104738E-07
   0.351900E+04  -0.552810E-08  -0.185561E-07   0.803059E-08
   0.352000E+04  -0.497359E-08  -0.151058E-07   0.476981E-08
   0.352100E+04  -0.392725E-08  -0.101416E-07   0.102640E-08
   0.352200E+04  -0.249501E-08  -0.417366E-08  -0.281649E-08
   0.352300E+04  -0.821362E-09   0.218828E-08  -0.636676E-08
   0.352400E+04   0.925343E-09   0.829689E-08  -0.926334E-08
   0.352500E+04   0.256993E-08   0.135334E-07  -0.112129E-07
   0.352600E+04   0.394811E-08   0.173701E-07  -0.120195E-07
   0.352700E+04   0.492303E-08   0.194240E-07  -0.116042E-07
   0.352800E+04   0.539896E-08   0.194946E-07  -0.100128E-07
   0.352900E+04   0.533080E-08   0.175839E-07  -0.741069E-08
   0.353000E+04   0.472846E-08   0.138950E-07  -0.406547E-08
   0.353100E+04   0.365558E-08   0.881103E-08  -0.319613E-09
   0.353200E+04   0.222289E-08   0.285502E-08   0.344485E-08
   0.353300E+04   0.576835E-09  -0.336352E-08   0.684533E-08
   0.353400E+04  -0.111543E-08  -0.921107E-08   0.953760E-08
   0.353500E+04  -0.268302E-08  -0.140945E-07   0.112508E-07
   0.353600E+04  -0.396862E-08  -0.175214E-07   0.118145E-07
   0.353700E+04  -0.484433E-08  -0.191493E-07   0.111762E-07
   0.353800E+04  -0.522451E-08  -0.188205E-07   0.940549E-08
   0.353900E+04  -0.507416E-08  -0.165766E-07   0.668725E-08
   0.354000E+04  -0.441229E-08  -0.126541E-07   0.330190E-08
   0.354100E+04  -0.330968E-08  -0.745917E-08  -0.403339E-09
   0.354200E+04  -0.188143E-08  -0.152588E-08  -0.405009E-08
   0.354300E+04  -0.275061E-09   0.453882E-08  -0.726749E-08
   0.354400E+04   0.134462E-08   0.101170E-07  -0.972996E-08
   0.354500E+04   0.281236E-08   0.146427E-07  -0.111902E-07
   0.354600E+04   0.397928E-08   0.176592E-07  -0.115040E-07
   0.354700E+04   0.472791E-08   0.188652E-07  -0.106448E-07
   0.354800E+04   0.498401E-08   0.181448E-07  -0.870552E-08
   0.354900E+04   0.472390E-08   0.155784E-07  -0.588909E-08
   0.355000E+04   0.397672E-08   0.114340E-07  -0.248696E-08
   0.355100E+04   0.282115E-08   0.613939E-08   0.115080E-08
   0.355200E+04   0.137726E-08   0.237499E-09   0.465154E-08
   0.355300E+04  -0.205915E-09  -0.566878E-08   0.765805E-08
   0.355400E+04  -0.176566E-08  -0.109783E-07   0.986511E-08
   0.355500E+04  -0.314219E-08  -0.151528E-07   0.110504E-07
   0.355600E+04  -0.419490E-08  -0.177713E-07   0.110968E-07
   0.355700E+04  -0.481661E-08  -0.185727E-07   0.100044E-07
   0.355800E+04  -0.494437E-08  -0.174815E-07   0.788963E-08
   0.355900E+04  -0.456568E-08  -0.146150E-07   0.497314E-08
   0.356000E+04  -0.371958E-08  -0.102704E-07   0.155705E-08
   0.356100E+04  -0.249256E-08  -0.489414E-08  -0.200631E-08
   0.356200E+04  -0.100952E-08   0.963920E-09  -0.535053E-08
   0.356300E+04   0.578982E-09   0.670707E-08  -0.813265E-08
   0.356400E+04   0.211214E-08   0.117524E-07  -0.100681E-07
   0.356500E+04   0.343525E-08   0.155901E-07  -0.109598E-07
   0.356600E+04   0.441539E-08   0.178347E-07  -0.107177E-07
   0.356700E+04   0.495481E-08   0.182644E-07  -0.936821E-08
   0.356800E+04   0.500068E-08   0.168422E-07  -0.705088E-08
   0.356900E+04   0.455029E-08   0.137198E-07  -0.400399E-08
   0.357000E+04   0.365108E-08   0.922067E-08  -0.539998E-09
   0.357100E+04   0.239561E-08   0.380725E-08   0.298657E-08
   0.357200E+04   0.911952E-09  -0.196707E-08   0.621536E-08
   0.357300E+04  -0.649455E-09  -0.751434E-08   0.881704E-08
   0.357400E+04  -0.213118E-08  -0.122719E-07   0.105268E-07
   0.357500E+04  -0.338481E-08  -0.157597E-07   0.111713E-07
   0.357600E+04  -0.428592E-08  -0.176283E-07   0.106860E-07
   0.357700E+04  -0.474662E-08  -0.176945E-07   0.912184E-08
   0.357800E+04  -0.472421E-08  -0.159589E-07   0.663931E-08
   0.357900E+04  -0.422530E-08  -0.126051E-07   0.349230E-08
   0.358000E+04  -0.330479E-08  -0.798069E-08   0.181756E-11
   0.358100E+04  -0.206007E-08  -0.256096E-08  -0.347689E-08
   0.358200E+04  -0.620767E-09   0.309978E-08  -0.659058E-08
   0.358300E+04   0.864577E-09   0.842484E-08  -0.902401E-08
   0.358400E+04   0.224380E-08   0.128739E-07  -0.105320E-07
   0.358500E+04   0.337664E-08   0.159977E-07  -0.109642E-07
   0.358600E+04   0.414896E-08   0.174836E-07  -0.102805E-07
   0.358700E+04   0.448426E-08   0.171864E-07  -0.855420E-08
   0.358800E+04   0.435121E-08   0.151427E-07  -0.596511E-08
   0.358900E+04   0.376667E-08   0.115667E-07  -0.278042E-08
   0.359000E+04   0.279358E-08   0.682712E-08   0.672507E-09
   0.359100E+04   0.153431E-08   0.140950E-08   0.403965E-08
   0.359200E+04   0.119918E-09  -0.413371E-08   0.697649E-08
   0.359300E+04  -0.130340E-08  -0.923965E-08   0.918307E-08
   0.359400E+04  -0.258942E-08  -0.133923E-07   0.104345E-07
   0.359500E+04  -0.360686E-08  -0.161748E-07   0.106038E-07
   0.359600E+04  -0.425276E-08  -0.173114E-07   0.967443E-08
   0.359700E+04  -0.446292E-08  -0.166949E-07   0.774213E-08
   0.359800E+04  -0.421826E-08  -0.143969E-07   0.500470E-08
   0.359900E+04  -0.354659E-08  -0.106597E-07   0.174181E-08
   0.360000E+04  -0.251946E-08  -0.587103E-08  -0.171362E-08
   0.360100E+04  -0.124463E-08  -0.523654E-09  -0.500934E-08
   0.360200E+04   0.145205E-09   0.483493E-08  -0.780968E-08
   0.360300E+04   0.150618E-08   0.965865E-08  -0.982959E-08
   0.360400E+04   0.269816E-08   0.134585E-07  -0.108636E-07
   0.360500E+04   0.359912E-08   0.158522E-07  -0.108064E-07
   0.360600E+04   0.411770E-08   0.166026E-07  -0.966363E-08
   0.360700E+04   0.420247E-08   0.156412E-07  -0.755082E-08
   0.360800E+04   0.384714E-08   0.130750E-07  -0.468162E-08
   0.360900E+04   0.309100E-08   0.917405E-08  -0.134591E-08
   0.361000E+04   0.201478E-08   0.434406E-08   0.211979E-08
   0.361100E+04   0.732160E-09  -0.916034E-09   0.536650E-08
   0.361200E+04  -0.622069E-09  -0.606512E-08   0.806820E-08
   0.361300E+04  -0.190596E-08  -0.105754E-07   0.995478E-08
   0.361400E+04  -0.298513E-08  -0.139860E-07   0.108393E-07
   0.361500E+04  -0.374659E-08  -0.159504E-07   0.106367E-07
   0.361600E+04  -0.411045E-08  -0.162706E-07   0.937193E-08
   0.361700E+04  -0.403811E-08  -0.149176E-07   0.717752E-08
   0.361800E+04  -0.353620E-08  -0.120334E-07   0.427938E-08
   0.361900E+04  -0.265592E-08  -0.791609E-08   0.973799E-09
   0.362000E+04  -0.148768E-08  -0.298907E-08  -0.240281E-08
   0.362100E+04  -0.151835E-09   0.224268E-08  -0.550817E-08
   0.362200E+04   0.121378E-08   0.724433E-08  -0.802889E-08
   0.362300E+04   0.246801E-08   0.115059E-07  -0.971207E-08
   0.362400E+04   0.348094E-08   0.145940E-07  -0.103908E-07
   0.362500E+04   0.414722E-08   0.161964E-07  -0.100007E-07
   0.362600E+04   0.439699E-08   0.161528E-07  -0.858612E-08
   0.362700E+04   0.420299E-08   0.144713E-07  -0.629530E-08
   0.362800E+04   0.358347E-08   0.113269E-07  -0.336477E-08
   0.362900E+04   0.260029E-08   0.704319E-08  -0.951467E-10
   0.363000E+04   0.135264E-08   0.205911E-08   0.317969E-08
   0.363100E+04  -0.331124E-10  -0.311639E-08   0.612661E-08
   0.363200E+04  -0.141634E-08  -0.795626E-08   0.844706E-08
   0.363300E+04  -0.265651E-08  -0.119692E-07   0.990726E-08
   0.363400E+04  -0.362760E-08  -0.147495E-07   0.103617E-07
   0.363500E+04  -0.423094E-08  -0.160185E-07   0.976763E-08
   0.363600E+04  -0.440528E-08  -0.156522E-07   0.818887E-08
   0.363700E+04  -0.413310E-08  -0.136937E-07   0.578904E-08
   0.363800E+04  -0.344233E-08  -0.103484E-07   0.281449E-08
   0.363900E+04  -0.240353E-08  -0.596227E-08  -0.431065E-09
   0.364000E+04  -0.112267E-08  -0.986487E-09  -0.361768E-08
   0.364100E+04   0.269735E-09   0.406912E-08  -0.642280E-08
   0.364200E+04   0.163188E-08   0.868819E-08  -0.856405E-08
   0.364300E+04   0.282521E-08   0.124005E-07  -0.982782E-08
   0.364400E+04   0.372847E-08   0.148299E-07  -0.100907E-07
   0.364500E+04   0.425015E-08   0.157325E-07  -0.933165E-08
   0.364600E+04   0.433768E-08   0.150210E-07  -0.763381E-08
   0.364700E+04   0.398284E-08   0.127734E-07  -0.517554E-08
   0.364800E+04   0.322252E-08   0.922466E-08  -0.221190E-08
   0.364900E+04   0.213489E-08   0.474206E-08   0.951678E-09
   0.365000E+04   0.831425E-09  -0.212409E-09   0.399068E-08
   0.365100E+04  -0.554533E-09  -0.512951E-08   0.659469E-08
   0.365200E+04  -0.188139E-08  -0.950492E-08   0.849903E-08
   0.365300E+04  -0.301374E-08  -0.128907E-07   0.951155E-08
   0.365400E+04  -0.383620E-08  -0.149411E-07   0.953202E-08
   0.365500E+04  -0.426511E-08  -0.154474E-07   0.856201E-08
   0.365600E+04  -0.425708E-08  -0.143593E-07   0.670441E-08
   0.365700E+04  -0.381333E-08  -0.117896E-07   0.415260E-08
   0.365800E+04  -0.297953E-08  -0.800250E-08   0.117042E-08
   0.365900E+04  -0.184110E-08  -0.338645E-08  -0.193498E-08
   0.366000E+04  -0.514433E-09   0.158574E-08  -0.484461E-08
   0.366100E+04   0.865003E-09   0.640518E-08  -0.726025E-08
   0.366200E+04   0.215650E-08   0.105789E-07  -0.893480E-08
   0.366300E+04   0.322847E-08   0.136802E-07  -0.969739E-08
   0.366400E+04   0.397186E-08   0.153916E-07  -0.947060E-08
   0.366500E+04   0.431122E-08   0.155379E-07  -0.827811E-08
   0.366600E+04   0.421240E-08   0.141029E-07  -0.624205E-08
   0.366700E+04   0.368595E-08   0.112316E-07  -0.357031E-08
   0.366800E+04   0.278598E-08   0.721508E-08  -0.535114E-09
   0.366900E+04   0.160462E-08   0.246040E-08   0.255483E-08
   0.367000E+04   0.262574E-09  -0.255053E-08   0.538587E-08
   0.367100E+04  -0.110325E-08  -0.731023E-08   0.767137E-08
   0.367200E+04  -0.235371E-08  -0.113372E-07   0.918077E-08
   0.367300E+04  -0.336158E-08  -0.142247E-07   0.976294E-08
   0.367400E+04  -0.402458E-08  -0.156820E-07   0.936128E-08
   0.367500E+04  -0.427570E-08  -0.155639E-07   0.801924E-08
   0.367600E+04  -0.409006E-08  -0.138847E-07   0.587559E-08
   0.367700E+04  -0.348731E-08  -0.108170E-07   0.315002E-08
   0.367800E+04  -0.252964E-08  -0.667343E-08   0.120550E-09
   0.367900E+04  -0.131537E-08  -0.187495E-08  -0.290495E-08
   0.368000E+04   0.311536E-10   0.309226E-08  -0.562014E-08
   0.368100E+04   0.137224E-08   0.772615E-08  -0.775135E-08
   0.368200E+04   0.257090E-08   0.115598E-07  -0.908533E-08
   0.368300E+04   0.350484E-08   0.142088E-07  -0.949067E-08
   0.368400E+04   0.407890E-08   0.154097E-07  -0.893091E-08
   0.368500E+04   0.423470E-08   0.150468E-07  -0.746785E-08
   0.368600E+04   0.395657E-08   0.131631E-07  -0.525494E-08
   0.368700E+04   0.327308E-08   0.995575E-08  -0.252124E-08
   0.368800E+04   0.225406E-08   0.575542E-08   0.452172E-09
   0.368900E+04   0.100345E-08   0.992367E-09   0.336101E-08
   0.369000E+04  -0.351359E-09  -0.384753E-08   0.590892E-08
   0.369100E+04  -0.167252E-08  -0.827234E-08   0.783762E-08
   0.369200E+04  -0.282582E-08  -0.118340E-07   0.895312E-08
   0.369300E+04  -0.369434E-08  -0.141738E-07   0.914519E-08
   0.369400E+04  -0.419032E-08  -0.150586E-07   0.839836E-08
   0.369500E+04  -0.426411E-08  -0.144037E-07   0.679307E-08
   0.369600E+04  -0.390914E-08  -0.122818E-07   0.449713E-08
   0.369700E+04  -0.316250E-08  -0.891428E-08   0.174823E-08
   0.369800E+04  -0.210114E-08  -0.464877E-08  -0.117054E-08
   0.369900E+04  -0.833897E-09   0.768639E-10  -0.395984E-08
   0.370000E+04   0.509601E-09   0.477926E-08  -0.633462E-08
   0.370100E+04   0.179224E-08   0.897892E-08  -0.805327E-08
   0.370200E+04   0.288342E-08   0.122490E-07  -0.894212E-08
   0.370300E+04   0.367236E-08   0.142587E-07  -0.891294E-08
   0.370400E+04   0.407939E-08   0.148066E-07  -0.797164E-08
   0.370500E+04   0.406407E-08   0.138407E-07  -0.621742E-08
   0.370600E+04   0.362922E-08   0.114636E-07  -0.383220E-08
   0.370700E+04   0.282064E-08   0.792129E-08  -0.106184E-08
   0.370800E+04   0.172232E-08   0.357811E-08   0.180929E-08
   0.370900E+04   0.447880E-09  -0.112105E-08   0.448744E-08
   0.371000E+04  -0.871132E-09  -0.569603E-08   0.669963E-08
   0.371100E+04  -0.209866E-08  -0.968050E-08   0.822147E-08
   0.371200E+04  -0.310807E-08  -0.126694E-07   0.889993E-08
   0.371300E+04  -0.379509E-08  -0.143599E-07   0.866884E-08
   0.371400E+04  -0.408847E-08  -0.145825E-07   0.755531E-08
   0.371500E+04  -0.395724E-08  -0.133172E-07   0.567671E-08
   0.371600E+04  -0.341391E-08  -0.106959E-07   0.322838E-08
   0.371700E+04  -0.251317E-08  -0.698821E-08   0.463341E-09
   0.371800E+04  -0.134631E-08  -0.257386E-08  -0.233373E-08
   0.371900E+04  -0.319465E-10   0.209627E-08  -0.487578E-08
   0.372000E+04   0.129609E-08   0.654621E-08  -0.690283E-08
   0.372100E+04   0.250237E-08   0.103234E-07  -0.820848E-08
   0.372200E+04   0.346370E-08   0.130447E-07  -0.866096E-08
   0.372300E+04   0.408163E-08   0.144352E-07  -0.821643E-08
   0.372400E+04   0.429252E-08   0.143561E-07  -0.692327E-08
   0.372500E+04   0.407400E-08   0.128182E-07  -0.491685E-08
   0.372600E+04   0.344727E-08   0.998097E-08  -0.240549E-08
   0.372700E+04   0.247497E-08   0.613540E-08   0.351098E-09
   0.372800E+04   0.125480E-08   0.167457E-08   0.306855E-08
   0.372900E+04  -0.903711E-10  -0.294680E-08   0.546707E-08
   0.373000E+04  -0.142497E-08  -0.725872E-08   0.730016E-08
   0.373100E+04  -0.261448E-08  -0.108238E-07   0.837980E-08
   0.373200E+04  -0.353908E-08  -0.132814E-07   0.859567E-08
   0.373300E+04  -0.410574E-08  -0.143848E-07   0.792636E-08
   0.373400E+04  -0.425770E-08  -0.140251E-07   0.644139E-08
   0.373500E+04  -0.398010E-08  -0.122427E-07   0.429399E-08
   0.373600E+04  -0.330154E-08  -0.922257E-08   0.170527E-08
   0.373700E+04  -0.229109E-08  -0.527498E-08  -0.105854E-08
   0.373800E+04  -0.105124E-08  -0.803757E-09  -0.371343E-08
   0.373900E+04   0.292451E-09   0.373507E-08  -0.598676E-08
   0.374000E+04   0.160416E-08   0.787982E-08  -0.764518E-08
   0.374100E+04   0.275149E-08   0.112101E-07  -0.851851E-08
   0.374200E+04   0.361892E-08   0.133895E-07  -0.851716E-08
   0.374300E+04   0.411939E-08   0.141997E-07  -0.764118E-08
   0.374400E+04   0.420310E-08   0.135622E-07  -0.598025E-08
   0.374500E+04   0.386243E-08   0.115462E-07  -0.370444E-08
   0.374600E+04   0.313262E-08   0.836091E-08  -0.104670E-08
   0.374700E+04   0.208808E-08   0.433428E-08   0.172096E-08
   0.374800E+04   0.834811E-09  -0.121027E-09   0.431534E-08
   0.374900E+04  -0.500480E-09  -0.454965E-08   0.647103E-08
   0.375000E+04  -0.178322E-08  -0.850005E-08   0.796754E-08
   0.375100E+04  -0.288461E-08  -0.115705E-07   0.865179E-08
   0.375200E+04  -0.369468E-08  -0.134497E-07   0.845374E-08
   0.375300E+04  -0.413332E-08  -0.139485E-07   0.739351E-08
   0.375400E+04  -0.415832E-08  -0.130187E-07   0.557926E-08
   0.375500E+04  -0.376946E-08  -0.107578E-07   0.319607E-08
   0.375600E+04  -0.300844E-08  -0.739866E-08   0.487036E-09
   0.375700E+04  -0.195443E-08  -0.328538E-08  -0.227162E-08
   0.375800E+04  -0.715893E-09   0.116169E-08  -0.479877E-08
   0.375900E+04   0.580533E-09   0.548910E-08  -0.683704E-08
   0.376000E+04   0.180299E-08   0.925638E-08  -0.817913E-08
   0.376100E+04   0.282782E-08   0.120809E-07  -0.868888E-08
   0.376200E+04   0.355213E-08   0.136767E-07  -0.831514E-08
   0.376300E+04   0.390418E-08   0.138831E-07  -0.709690E-08
   0.376400E+04   0.385055E-08   0.126811E-07  -0.515929E-08
   0.376500E+04   0.339941E-08   0.101949E-07  -0.270073E-08
   0.376600E+04   0.259952E-08   0.667885E-08   0.273760E-10
   0.376700E+04   0.153511E-08   0.249127E-08   0.274631E-08
   0.376800E+04   0.317114E-09  -0.194206E-08   0.517847E-08
   0.376900E+04  -0.928212E-09  -0.617143E-08   0.707570E-08
   0.377000E+04  -0.207230E-08  -0.976893E-08   0.824459E-08
   0.377100E+04  -0.299738E-08  -0.123719E-07   0.856609E-08
   0.377200E+04  -0.360854E-08  -0.137196E-07   0.800769E-08
   0.377300E+04  -0.384335E-08  -0.136794E-07   0.662657E-08
   0.377400E+04  -0.367814E-08  -0.122600E-07   0.456380E-08
   0.377500E+04  -0.313038E-08  -0.961003E-08   0.202983E-08
   0.377600E+04  -0.225673E-08  -0.600253E-08  -0.716926E-09
   0.377700E+04  -0.114717E-08  -0.180702E-08  -0.339652E-08
   0.377800E+04   0.842605E-10   0.254854E-08  -0.573596E-08
   0.377900E+04   0.131124E-08   0.662133E-08  -0.749701E-08
   0.378000E+04   0.240810E-08   0.999881E-08  -0.850042E-08
   0.378100E+04   0.326268E-08   0.123405E-07  -0.864413E-08
   0.378200E+04   0.378780E-08   0.134126E-07  -0.791362E-08
   0.378300E+04   0.393016E-08   0.131110E-07  -0.638325E-08
   0.378400E+04   0.367571E-08   0.114721E-07  -0.420869E-08
   0.378500E+04   0.305103E-08   0.866801E-08  -0.161096E-08
   0.378600E+04   0.212059E-08   0.498918E-08   0.114611E-08
   0.378700E+04   0.980034E-09   0.814038E-09   0.378273E-08
   0.378800E+04  -0.253606E-09  -0.342964E-08   0.603164E-08
   0.378900E+04  -0.145394E-08  -0.730850E-08   0.766527E-08
   0.379000E+04  -0.249815E-08  -0.104278E-07   0.851884E-08
   0.379100E+04  -0.327957E-08  -0.124714E-07   0.850702E-08
   0.379200E+04  -0.371857E-08  -0.132340E-07   0.763249E-08
   0.379300E+04  -0.377069E-08  -0.126415E-07   0.598562E-08
   0.379400E+04  -0.343111E-08  -0.107584E-07   0.373509E-08
   0.379500E+04  -0.273517E-08  -0.778041E-08   0.111072E-08
   0.379600E+04  -0.175464E-08  -0.401473E-08  -0.162006E-08
   0.379700E+04  -0.590394E-09   0.152089E-09  -0.417935E-08
   0.379800E+04   0.637928E-09   0.429361E-08  -0.630712E-08
   0.379900E+04   0.180420E-08   0.798713E-08  -0.778754E-08
   0.380000E+04   0.278870E-08   0.108568E-07  -0.847089E-08
   0.380100E+04   0.349031E-08   0.126118E-07  -0.828865E-08
   0.380200E+04   0.383690E-08   0.130760E-07  -0.726031E-08
   0.380300E+04   0.379259E-08   0.122052E-07  -0.549130E-08
   0.380400E+04   0.336148E-08   0.100919E-07  -0.316208E-08
   0.380500E+04   0.258711E-08   0.695510E-08  -0.509737E-09
   0.380600E+04   0.154806E-08   0.311759E-08   0.219624E-08
   0.380700E+04   0.349830E-09  -0.102695E-08   0.468136E-08
   0.380800E+04  -0.885919E-09  -0.505449E-08   0.669403E-08
   0.380900E+04  -0.203381E-08  -0.855400E-08   0.803103E-08
   0.381000E+04  -0.297754E-08  -0.111693E-07   0.855807E-08
   0.381100E+04  -0.362178E-08  -0.126355E-07   0.822329E-08
   0.381200E+04  -0.390183E-08  -0.128055E-07   0.706233E-08
   0.381300E+04  -0.379022E-08  -0.116650E-07   0.519453E-08
   0.381400E+04  -0.329946E-08  -0.933371E-08   0.281060E-08
   0.381500E+04  -0.248071E-08  -0.605259E-08   0.153135E-09
   0.381600E+04  -0.141848E-08  -0.215918E-08  -0.250819E-08
   0.381700E+04  -0.221996E-09   0.194715E-08  -0.490403E-08
   0.381800E+04   0.986080E-09   0.584609E-08  -0.679275E-08
   0.381900E+04   0.208215E-08   0.913938E-08  -0.798488E-08
   0.382000E+04   0.295437E-08   0.114914E-07  -0.836220E-08
   0.382100E+04   0.351407E-08   0.126635E-07  -0.788958E-08
   0.382200E+04   0.370484E-08   0.125379E-07  -0.661829E-08
   0.382300E+04   0.350825E-08   0.111297E-07  -0.468057E-08
   0.382400E+04   0.294575E-08   0.858526E-08  -0.227590E-08
   0.382500E+04   0.207643E-08   0.516658E-08   0.349441E-09
   0.382600E+04   0.990970E-09   0.122476E-08   0.292758E-08
   0.382700E+04  -0.197701E-09  -0.283619E-08   0.519634E-08
   0.382800E+04  -0.136595E-08  -0.660066E-08   0.692594E-08
   0.382900E+04  -0.239216E-08  -0.968390E-08   0.794224E-08
   0.383000E+04  -0.316917E-08  -0.117713E-07   0.814432E-08
   0.383100E+04  -0.361532E-08  -0.126503E-07   0.751454E-08
   0.383200E+04  -0.368285E-08  -0.122322E-07   0.612005E-08
   0.383300E+04  -0.336286E-08  -0.105608E-07   0.410574E-08
   0.383400E+04  -0.268625E-08  -0.780779E-08   0.167921E-08
   0.383500E+04  -0.172069E-08  -0.425521E-08  -0.910545E-09
   0.383600E+04  -0.563749E-09  -0.266415E-09  -0.339866E-08
   0.383700E+04   0.667010E-09   0.375106E-08  -0.553145E-08
   0.383800E+04   0.184598E-08   0.738716E-08  -0.709220E-08
   0.383900E+04   0.285230E-08   0.102711E-07  -0.792323E-08
   0.384000E+04   0.358220E-08   0.121092E-07  -0.794176E-08
   0.384100E+04   0.395956E-08   0.127147E-07  -0.714816E-08
   0.384200E+04   0.394376E-08   0.120265E-07  -0.562571E-08
   0.384300E+04   0.353385E-08   0.101158E-07  -0.353183E-08
   0.384400E+04   0.276874E-08   0.717785E-08  -0.108189E-08
   0.384500E+04   0.172331E-08   0.351267E-08   0.147299E-08
   0.384600E+04   0.500892E-09  -0.506094E-09   0.387160E-08
   0.384700E+04  -0.777126E-09  -0.446920E-08   0.586938E-08
   0.384800E+04  -0.198360E-08  -0.797355E-08   0.726328E-08
   0.384900E+04  -0.299842E-08  -0.106632E-07   0.791241E-08
   0.385000E+04  -0.372071E-08  -0.122657E-07   0.775225E-08
   0.385100E+04  -0.407895E-08  -0.126196E-07   0.680106E-08
   0.385200E+04  -0.403823E-08  -0.116905E-07   0.515778E-08
   0.385300E+04  -0.360372E-08  -0.957511E-08   0.299176E-08
   0.385400E+04  -0.282017E-08  -0.649031E-08   0.525256E-09
   0.385500E+04  -0.176728E-08  -0.275153E-08  -0.198935E-08
   0.385600E+04  -0.551674E-09   0.125978E-08  -0.429543E-08
   0.385700E+04   0.703943E-09   0.513502E-08  -0.615830E-08
   0.385800E+04   0.187321E-08   0.848012E-08  -0.738913E-08
   0.385900E+04   0.283886E-08   0.109556E-07  -0.786415E-08
   0.386000E+04   0.350461E-08   0.123110E-07  -0.753705E-08
   0.386100E+04   0.380480E-08   0.124105E-07  -0.644360E-08
   0.386200E+04   0.371099E-08   0.112460E-07  -0.469774E-08
   0.386300E+04   0.323477E-08   0.893832E-08  -0.247973E-08
   0.386400E+04   0.242647E-08   0.572448E-08  -0.176086E-10
   0.386500E+04   0.136998E-08   0.193321E-08   0.243626E-08
   0.386600E+04   0.174143E-09  -0.204849E-08   0.463106E-08
   0.386700E+04  -0.103833E-08  -0.581492E-08   0.634312E-08
   0.386800E+04  -0.214335E-08  -0.898301E-08   0.739875E-08
   0.386900E+04  -0.302808E-08  -0.112313E-07   0.769188E-08
   0.387000E+04  -0.360235E-08  -0.123325E-07   0.719473E-08
   0.387100E+04  -0.380777E-08  -0.121767E-07   0.596049E-08
   0.387200E+04  -0.362364E-08  -0.107819E-07   0.411766E-08
   0.387300E+04  -0.306891E-08  -0.829251E-08   0.185673E-08
   0.387400E+04  -0.220024E-08  -0.496398E-08  -0.589453E-09
   0.387500E+04  -0.110615E-08  -0.113683E-08  -0.296963E-08
   0.387600E+04   0.102062E-09   0.279825E-08  -0.503989E-08
   0.387700E+04   0.130165E-08   0.644027E-08  -0.658869E-08
   0.387800E+04   0.237095E-08   0.941879E-08  -0.745837E-08
   0.387900E+04   0.320175E-08   0.114316E-07  -0.756130E-08
   0.388000E+04   0.371024E-08   0.122754E-07  -0.688864E-08
   0.388100E+04   0.384554E-08   0.118663E-07  -0.551117E-08
   0.388200E+04   0.359481E-08   0.102481E-07  -0.357181E-08
   0.388300E+04   0.298448E-08   0.758771E-08  -0.127090E-08
   0.388400E+04   0.207749E-08   0.415794E-08   0.115448E-08
   0.388500E+04   0.966853E-09   0.309392E-09   0.345488E-08
   0.388600E+04  -0.233902E-09  -0.356527E-08   0.539410E-08
   0.388700E+04  -0.140229E-08  -0.707142E-08   0.677342E-08
   0.388800E+04  -0.241936E-08  -0.985270E-08   0.745193E-08
   0.388900E+04  -0.318182E-08  -0.116272E-07   0.736096E-08
   0.389000E+04  -0.361254E-08  -0.122160E-07   0.651100E-08
   0.389100E+04  -0.366836E-08  -0.115615E-07   0.499061E-08
   0.389200E+04  -0.334443E-08  -0.973248E-08   0.295722E-08
   0.389300E+04  -0.267473E-08  -0.691762E-08   0.620915E-09
   0.389400E+04  -0.172847E-08  -0.340549E-08  -0.177716E-08
   0.389500E+04  -0.603112E-09   0.444767E-09  -0.398958E-08
   0.389600E+04   0.585681E-09   0.424017E-08  -0.578808E-08
   0.389700E+04   0.171579E-08   0.759397E-08  -0.698694E-08
   0.389800E+04   0.267109E-08   0.101651E-07  -0.746210E-08
   0.389900E+04   0.335333E-08   0.116926E-07  -0.716388E-08
   0.390000E+04   0.369208E-08   0.120224E-07  -0.612207E-08
   0.390100E+04   0.365196E-08   0.111225E-07  -0.444290E-08
   0.390200E+04   0.323621E-08   0.908611E-08  -0.229815E-08
   0.390300E+04   0.248640E-08   0.612192E-08   0.924279E-10
   0.390400E+04   0.147823E-08   0.253261E-08   0.248369E-08
   0.390500E+04   0.313847E-09  -0.131612E-08   0.463019E-08
   0.390600E+04  -0.888491E-09  -0.503296E-08   0.631138E-08
   0.390700E+04  -0.200640E-08  -0.824084E-08   0.735425E-08
   0.390800E+04  -0.292578E-08  -0.106153E-07   0.765111E-08
   0.390900E+04  -0.355230E-08  -0.119174E-07   0.717067E-08
   0.391000E+04  -0.382101E-08  -0.120177E-07   0.596134E-08
   0.391100E+04  -0.370289E-08  -0.109096E-07   0.414636E-08
   0.391200E+04  -0.320773E-08  -0.870899E-08   0.191124E-08
   0.391300E+04  -0.238323E-08  -0.564269E-08  -0.515154E-09
   0.391400E+04  -0.131010E-08  -0.202476E-08  -0.288398E-08
   0.391500E+04  -0.939921E-10   0.177577E-08  -0.495190E-08
   0.391600E+04   0.114515E-08   0.537274E-08  -0.650595E-08
   0.391700E+04   0.228511E-08   0.840231E-08  -0.738544E-08
   0.391800E+04   0.321369E-08   0.105601E-07  -0.749842E-08
   0.391900E+04   0.383985E-08   0.116322E-07  -0.683125E-08
   0.392000E+04   0.410274E-08   0.115169E-07  -0.545015E-08
   0.392100E+04   0.397770E-08   0.102344E-07  -0.349454E-08
   0.392200E+04   0.347851E-08   0.792520E-08  -0.116298E-08
   0.392300E+04   0.265583E-08   0.483461E-08   0.130695E-08
   0.392400E+04   0.159188E-08   0.128789E-08   0.366286E-08
   0.392500E+04   0.392017E-09  -0.234350E-08   0.566317E-08
   0.392600E+04  -0.825986E-09  -0.568019E-08   0.710182E-08
   0.392700E+04  -0.194387E-08  -0.837389E-08   0.782927E-08
   0.392800E+04  -0.285479E-08  -0.101433E-07   0.776785E-08
   0.392900E+04  -0.347391E-08  -0.108028E-07   0.691977E-08
   0.393000E+04  -0.374684E-08  -0.102822E-07   0.536712E-08
   0.393100E+04  -0.365477E-08  -0.863324E-08   0.326360E-08
   0.393200E+04  -0.321606E-08  -0.602510E-08   0.819101E-09
   0.393300E+04  -0.248396E-08  -0.272681E-08  -0.172150E-08
   0.393400E+04  -0.154088E-08   0.920107E-09  -0.410312E-08
   0.393500E+04  -0.489605E-09   0.453654E-08  -0.608628E-08
   0.393600E+04   0.557419E-09   0.774458E-08  -0.747137E-08
   0.393700E+04   0.148976E-08   0.102063E-07  -0.811890E-08
   0.393800E+04   0.221039E-08   0.116583E-07  -0.796365E-08
   0.393900E+04   0.264563E-08   0.119390E-07  -0.702135E-08
   0.394000E+04   0.275262E-08   0.110055E-07  -0.538707E-08
   0.394100E+04   0.252358E-08   0.893827E-08  -0.322571E-08
   0.394200E+04   0.198644E-08   0.593314E-08  -0.755316E-09
   0.394300E+04   0.120174E-08   0.228218E-08   0.177493E-08
   0.394400E+04   0.256201E-09  -0.165588E-08   0.410991E-08
   0.394500E+04  -0.746425E-09  -0.549167E-08   0.601428E-08
   0.394600E+04  -0.169623E-08  -0.884446E-08   0.729628E-08
   0.394700E+04  -0.248866E-08  -0.113805E-07   0.782706E-08
   0.394800E+04  -0.303544E-08  -0.128470E-07   0.755365E-08
   0.394900E+04  -0.327382E-08  -0.130970E-07   0.650423E-08
   0.395000E+04  -0.317317E-08  -0.121051E-07   0.478528E-08
   0.395100E+04  -0.273826E-08  -0.996904E-08   0.257069E-08
   0.395200E+04  -0.200888E-08  -0.690069E-08   0.841985E-10
   0.395300E+04  -0.105580E-08  -0.320411E-08  -0.242327E-08
   0.395400E+04   0.263998E-10   0.754861E-09  -0.469895E-08
   0.395500E+04   0.112902E-08   0.458547E-08  -0.651368E-08
   0.395600E+04   0.214039E-08   0.791132E-08  -0.768506E-08
   0.395700E+04   0.295737E-08   0.104081E-07  -0.809566E-08
   0.395800E+04   0.349594E-08   0.118360E-07  -0.770480E-08
   0.395900E+04   0.369992E-08   0.120635E-07  -0.655245E-08
   0.396000E+04   0.354682E-08   0.110800E-07  -0.475502E-08
   0.396100E+04   0.305026E-08   0.899667E-08  -0.249341E-08
   0.396200E+04   0.225872E-08   0.603440E-08   0.537391E-11
   0.396300E+04   0.125068E-08   0.250112E-08   0.249127E-08
   0.396400E+04   0.126764E-09  -0.123978E-08   0.471644E-08
   0.396500E+04  -0.100046E-08  -0.480643E-08   0.646027E-08
   0.396600E+04  -0.201786E-08  -0.783728E-08   0.755156E-08
   0.396700E+04  -0.282321E-08  -0.100276E-07   0.788556E-08
   0.396800E+04  -0.333558E-08  -0.111601E-07   0.743436E-08
   0.396900E+04  -0.350353E-08  -0.111266E-07   0.624935E-08
   0.397000E+04  -0.331037E-08  -0.993853E-08   0.445574E-08
   0.397100E+04  -0.277586E-08  -0.772506E-08   0.223953E-08
   0.397200E+04  -0.195419E-08  -0.471952E-08  -0.171558E-09
   0.397300E+04  -0.928534E-09  -0.123510E-08  -0.253135E-08
   0.397400E+04   0.197394E-09   0.236747E-08  -0.460024E-08
   0.397500E+04   0.130983E-08   0.571690E-08  -0.616955E-08
   0.397600E+04   0.229647E-08   0.846934E-08  -0.708248E-08
   0.397700E+04   0.305784E-08   0.103434E-07  -0.724992E-08
   0.397800E+04   0.351731E-08   0.111487E-07  -0.665919E-08
   0.397900E+04   0.362880E-08   0.108051E-07  -0.537500E-08
   0.398000E+04   0.338142E-08   0.935050E-08  -0.353261E-08
   0.398100E+04   0.280047E-08   0.693653E-08  -0.132372E-08
   0.398200E+04   0.194478E-08   0.381291E-08   0.102320E-08
   0.398300E+04   0.900711E-09   0.301462E-09   0.326640E-08
   0.398400E+04  -0.226706E-09  -0.323692E-08   0.517549E-08
   0.398500E+04  -0.132442E-08  -0.643935E-08   0.655492E-08
   0.398600E+04  -0.228288E-08  -0.897812E-08   0.726380E-08
   0.398700E+04  -0.300706E-08  -0.105941E-07   0.723012E-08
   0.398800E+04  -0.342613E-08  -0.111233E-07   0.645788E-08
   0.398900E+04  -0.350044E-08  -0.105133E-07   0.502646E-08
   0.399000E+04  -0.322552E-08  -0.882853E-08   0.308229E-08
   0.399100E+04  -0.263229E-08  -0.624349E-08   0.823769E-09
   0.399200E+04  -0.178381E-08  -0.302466E-08  -0.151913E-08
   0.399300E+04  -0.768696E-09   0.496824E-09  -0.370841E-08
   0.399400E+04   0.308078E-09   0.395926E-08  -0.552233E-08
   0.399500E+04   0.133595E-08   0.700738E-08  -0.677799E-08
   0.399600E+04   0.221013E-08   0.932874E-08  -0.734986E-08
   0.399700E+04   0.284233E-08   0.106857E-07  -0.718241E-08
   0.399800E+04   0.316975E-08   0.109395E-07  -0.629562E-08
   0.399900E+04   0.316147E-08   0.100649E-07  -0.478269E-08
   0.400000E+04   0.282149E-08   0.815190E-08  -0.280037E-08
   0.400100E+04   0.218828E-08   0.539730E-08  -0.552712E-09
   0.400200E+04   0.133068E-08   0.208398E-08   0.172980E-08
   0.400300E+04   0.340748E-09  -0.144783E-08   0.381394E-08
   0.400400E+04  -0.675784E-09  -0.483537E-08   0.548752E-08
   0.400500E+04  -0.161045E-08  -0.773046E-08   0.658103E-08
   0.400600E+04  -0.236329E-08  -0.983504E-08   0.698485E-08
   0.400700E+04  -0.285319E-08  -0.109316E-07   0.666031E-08
   0.400800E+04  -0.302629E-08  -0.109056E-07   0.564348E-08
   0.400900E+04  -0.286160E-08  -0.975686E-08   0.404130E-08
   0.401000E+04  -0.237326E-08  -0.759976E-08   0.202051E-08
   0.401100E+04  -0.160917E-08  -0.465176E-08  -0.209553E-09
   0.401200E+04  -0.646153E-09  -0.121107E-08  -0.241843E-08
   0.401300E+04   0.417828E-09   0.237356E-08  -0.437814E-08
   0.401400E+04   0.147367E-08   0.573836E-08  -0.588654E-08
   0.401500E+04   0.241224E-08   0.854148E-08  -0.678791E-08
   0.401600E+04   0.313556E-08   0.104978E-07  -0.698882E-08
   0.401700E+04   0.356687E-08   0.114077E-07  -0.646762E-08
   0.401800E+04   0.365845E-08   0.111777E-07  -0.527653E-08
   0.401900E+04   0.339667E-08   0.982940E-08  -0.353622E-08
   0.402000E+04   0.280341E-08   0.749754E-08  -0.142344E-08
   0.402100E+04   0.193395E-08   0.441628E-08   0.847129E-09
   0.402200E+04   0.871470E-09   0.895262E-09   0.304479E-08
   0.402300E+04  -0.281308E-09  -0.271175E-08   0.494638E-08
   0.402400E+04  -0.141249E-08  -0.604277E-08   0.635902E-08
   0.402500E+04  -0.241227E-08  -0.876425E-08   0.713967E-08
   0.402600E+04  -0.318402E-08  -0.106048E-07   0.720967E-08
   0.402700E+04  -0.365402E-08  -0.113826E-07   0.656256E-08
   0.402800E+04  -0.377886E-08  -0.110234E-07   0.526465E-08
   0.402900E+04  -0.354978E-08  -0.956807E-08   0.344808E-08
   0.403000E+04  -0.299352E-08  -0.716813E-08   0.129721E-08
   0.403100E+04  -0.216946E-08  -0.406993E-08  -0.970280E-09
   0.403200E+04  -0.116361E-08  -0.589579E-09  -0.312566E-08
   0.403300E+04  -0.797602E-10   0.291937E-08  -0.495246E-08
   0.403400E+04   0.971069E-09   0.610184E-08  -0.626852E-08
   0.403500E+04   0.188194E-08   0.863733E-08  -0.694441E-08
   0.403600E+04   0.256088E-08   0.102723E-07  -0.691650E-08
   0.403700E+04   0.294018E-08   0.108456E-07  -0.619324E-08
   0.403800E+04   0.298328E-08   0.103049E-07  -0.485398E-08
   0.403900E+04   0.268840E-08   0.871114E-08  -0.304070E-08
   0.404000E+04   0.208870E-08   0.623243E-08  -0.943194E-09
   0.404100E+04   0.124878E-08   0.312628E-08   0.122050E-08
   0.404200E+04   0.258067E-09  -0.286771E-09   0.322657E-08
   0.404300E+04  -0.778375E-09  -0.365608E-08   0.486839E-08
   0.404400E+04  -0.175063E-08  -0.663668E-08   0.597772E-08
   0.404500E+04  -0.255516E-08  -0.892451E-08   0.644189E-08
   0.404600E+04  -0.310549E-08  -0.102873E-07   0.621527E-08
   0.404700E+04  -0.334098E-08  -0.105880E-07   0.532380E-08
   0.404800E+04  -0.323318E-08  -0.979858E-08   0.386221E-08
   0.404900E+04  -0.278870E-08  -0.800275E-08   0.198418E-08
   0.405000E+04  -0.204870E-08  -0.538685E-08  -0.113613E-09
   0.405100E+04  -0.108470E-08  -0.222075E-08  -0.221178E-08
   0.405200E+04   0.859635E-11   0.116992E-08  -0.409083E-08
   0.405300E+04   0.112284E-08   0.443722E-08  -0.555380E-08
   0.405400E+04   0.214703E-08   0.724648E-08  -0.644657E-08
   0.405500E+04   0.297872E-08   0.931046E-08  -0.667371E-08
   0.405600E+04   0.353441E-08   0.104186E-07  -0.620841E-08
   0.405700E+04   0.375796E-08   0.104586E-07  -0.509520E-08
   0.405800E+04   0.362628E-08   0.942743E-08  -0.344553E-08
   0.405900E+04   0.315171E-08   0.743162E-08  -0.142635E-08
   0.406000E+04   0.238074E-08   0.467629E-08   0.756967E-09
   0.406100E+04   0.138931E-08   0.144396E-08   0.288163E-08
   0.406200E+04   0.275226E-09  -0.193443E-08   0.473030E-08
   0.406300E+04  -0.851750E-09  -0.511331E-08   0.611332E-08
   0.406400E+04  -0.188090E-08  -0.776783E-08   0.688822E-08
   0.406500E+04  -0.271164E-08  -0.962701E-08   0.697438E-08
   0.406600E+04  -0.326361E-08  -0.105013E-07   0.636136E-08
   0.406700E+04  -0.348461E-08  -0.103017E-07   0.511003E-08
   0.406800E+04  -0.335572E-08  -0.904916E-08   0.334655E-08
   0.406900E+04  -0.289306E-08  -0.687166E-08   0.124948E-08
   0.407000E+04  -0.214596E-08  -0.399152E-08  -0.968327E-09
   0.407100E+04  -0.119179E-08  -0.702420E-09  -0.308140E-08
   0.407200E+04  -0.128000E-09   0.266065E-08  -0.487463E-08
   0.407300E+04   0.937844E-09   0.575553E-08  -0.616521E-08
   0.407400E+04   0.189900E-08   0.826786E-08  -0.682131E-08
   0.407500E+04   0.266037E-08   0.994299E-08  -0.677551E-08
   0.407600E+04   0.314803E-08   0.106119E-07  -0.603175E-08
   0.407700E+04   0.331659E-08   0.102084E-07  -0.466499E-08
   0.407800E+04   0.315362E-08   0.877533E-08  -0.281362E-08
   0.407900E+04   0.268065E-08   0.646058E-08  -0.665411E-09
   0.408000E+04   0.195073E-08   0.350139E-08   0.156152E-08
   0.408100E+04   0.104275E-08   0.200213E-09   0.364088E-08
   0.408200E+04   0.531329E-10  -0.310626E-08   0.536122E-08
   0.408300E+04  -0.914152E-09  -0.608148E-08   0.654735E-08
   0.408400E+04  -0.175842E-08  -0.842338E-08   0.707821E-08
   0.408500E+04  -0.239263E-08  -0.989506E-08   0.689910E-08
   0.408600E+04  -0.275235E-08  -0.103489E-07   0.602723E-08
   0.408700E+04  -0.280233E-08  -0.974126E-08   0.454997E-08
   0.408800E+04  -0.254004E-08  -0.813714E-08   0.261592E-08
   0.408900E+04  -0.199584E-08  -0.570293E-08   0.419805E-09
   0.409000E+04  -0.122974E-08  -0.268951E-08  -0.181733E-08
   0.409100E+04  -0.325092E-09   0.593574E-09  -0.387055E-08
   0.409200E+04   0.620145E-09   0.380978E-08  -0.553390E-08
   0.409300E+04   0.150360E-08   0.662994E-08  -0.664124E-08
   0.409400E+04   0.222917E-08   0.876585E-08  -0.708308E-08
   0.409500E+04   0.271706E-08   0.999960E-08  -0.681760E-08
   0.409600E+04   0.291215E-08   0.102057E-07  -0.587477E-08
   0.409700E+04   0.278974E-08   0.936363E-08  -0.435323E-08
   0.409800E+04   0.235830E-08   0.756001E-08  -0.241007E-08
   0.409900E+04   0.165866E-08   0.497930E-08  -0.244784E-09
   0.410000E+04   0.759934E-09   0.188500E-08   0.192110E-08
   0.410100E+04  -0.247513E-09  -0.140747E-08   0.386662E-08
   0.410200E+04  -0.126129E-08  -0.456292E-08   0.539391E-08
   0.410300E+04  -0.217750E-08  -0.726074E-08   0.634825E-08
   0.410400E+04  -0.290143E-08  -0.922747E-08   0.663384E-08
   0.410500E+04  -0.335731E-08  -0.102647E-07   0.622338E-08
   0.410600E+04  -0.349624E-08  -0.102689E-07   0.516081E-08
   0.410700E+04  -0.330129E-08  -0.924245E-08   0.355670E-08
   0.410800E+04  -0.278942E-08  -0.729227E-08   0.157683E-08
   0.410900E+04  -0.200989E-08  -0.461941E-08  -0.574764E-09
   0.411000E+04  -0.103941E-08  -0.149800E-08  -0.267669E-08
   0.411100E+04   0.256044E-10   0.175279E-08  -0.451284E-08
   0.411200E+04   0.107872E-08   0.480152E-08  -0.589443E-08
   0.411300E+04   0.201431E-08   0.733828E-08  -0.667930E-08
   0.411400E+04   0.273828E-08   0.910640E-08  -0.678637E-08
   0.411500E+04   0.317769E-08   0.992852E-08  -0.620387E-08
   0.411600E+04   0.328823E-08   0.972459E-08  -0.499053E-08
   0.411700E+04   0.305882E-08   0.851984E-08  -0.326952E-08
   0.411800E+04   0.251284E-08   0.644201E-08  -0.121587E-08
   0.411900E+04   0.170588E-08   0.370804E-08   0.961479E-09
   0.412000E+04   0.720201E-09   0.601709E-09   0.304096E-08
   0.412100E+04  -0.343516E-09  -0.255554E-08   0.481103E-08
   0.412200E+04  -0.137631E-08  -0.543764E-08   0.609180E-08
   0.412300E+04  -0.227193E-08  -0.774730E-08   0.675334E-08
   0.412400E+04  -0.293762E-08  -0.924648E-08   0.672899E-08
   0.412500E+04  -0.330351E-08  -0.978069E-08   0.602212E-08
   0.412600E+04  -0.332974E-08  -0.929478E-08   0.470583E-08
   0.412700E+04  -0.301058E-08  -0.783849E-08   0.291551E-08
   0.412800E+04  -0.237511E-08  -0.556127E-08   0.835014E-09
   0.412900E+04  -0.148434E-08  -0.269691E-08  -0.132206E-08
   0.413000E+04  -0.425231E-09   0.460519E-09  -0.333413E-08
   0.413100E+04   0.698067E-09   0.358679E-08  -0.499423E-08
   0.413200E+04   0.177457E-08   0.636079E-08  -0.613112E-08
   0.413300E+04   0.269758E-08   0.849741E-08  -0.662672E-08
   0.413400E+04   0.337540E-08   0.977675E-08  -0.642824E-08
   0.413500E+04   0.374047E-08   0.100666E-07  -0.555354E-08
   0.413600E+04   0.375615E-08   0.933617E-08  -0.408947E-08
   0.413700E+04   0.342038E-08   0.765879E-08  -0.218303E-08
   0.413800E+04   0.276583E-08   0.520485E-08  -0.265711E-10
   0.413900E+04   0.185662E-08   0.222415E-08   0.216172E-08
   0.414000E+04   0.781898E-09  -0.979684E-09   0.415989E-08
   0.414100E+04  -0.353162E-09  -0.408019E-08   0.576469E-08
   0.414200E+04  -0.143784E-08  -0.676151E-08   0.681215E-08
   0.414300E+04  -0.236693E-08  -0.875069E-08   0.719417E-08
   0.414400E+04  -0.305124E-08  -0.984558E-08   0.686945E-08
   0.414500E+04  -0.342640E-08  -0.993551E-08   0.586764E-08
   0.414600E+04  -0.345916E-08  -0.901260E-08   0.428634E-08
   0.414700E+04  -0.315060E-08  -0.717255E-08   0.228118E-08
   0.414800E+04  -0.253577E-08  -0.460484E-08   0.501343E-10
   0.414900E+04  -0.168001E-08  -0.157337E-08  -0.218651E-08
   0.415000E+04  -0.672192E-09   0.161056E-08  -0.420831E-08
   0.415100E+04   0.384348E-09   0.462007E-08  -0.581689E-08
   0.415200E+04   0.138231E-08   0.714613E-08  -0.685580E-08
   0.415300E+04   0.222128E-08   0.892921E-08  -0.722611E-08
   0.415400E+04   0.281780E-08   0.978578E-08  -0.689619E-08
   0.415500E+04   0.311370E-08   0.962717E-08  -0.590459E-08
   0.415600E+04   0.308183E-08   0.846865E-08  -0.435586E-08
   0.415700E+04   0.272859E-08   0.642791E-08  -0.240971E-08
   0.415800E+04   0.209309E-08   0.371313E-08  -0.264554E-09
   0.415900E+04   0.124297E-08   0.601759E-09   0.186267E-08
   0.416000E+04   0.267337E-09  -0.258779E-08   0.375861E-08
   0.416100E+04  -0.732407E-09  -0.552862E-08   0.523507E-08
   0.416200E+04  -0.165298E-08  -0.791870E-08   0.614796E-08
   0.416300E+04  -0.239974E-08  -0.951173E-08   0.641167E-08
   0.416400E+04  -0.289632E-08  -0.101423E-07   0.600748E-08
   0.416500E+04  -0.309233E-08  -0.974272E-08   0.498505E-08
   0.416600E+04  -0.296838E-08  -0.835026E-08   0.345700E-08
   0.416700E+04  -0.253791E-08  -0.610315E-08   0.158704E-08
   0.416800E+04  -0.184574E-08  -0.322676E-08  -0.427024E-09
   0.416900E+04  -0.963296E-09  -0.106274E-10  -0.237373E-08
   0.417000E+04   0.187195E-10   0.322089E-08  -0.404973E-08
   0.417100E+04   0.999695E-09   0.614160E-08  -0.528059E-08
   0.417200E+04   0.187941E-08   0.845663E-08  -0.593865E-08
   0.417300E+04   0.256824E-08   0.993235E-08  -0.595601E-08
   0.417400E+04   0.299632E-08   0.104202E-07  -0.533129E-08
   0.417500E+04   0.312055E-08   0.987144E-08  -0.412966E-08
   0.417600E+04   0.292891E-08   0.834259E-08  -0.247598E-08
   0.417700E+04   0.244162E-08   0.598914E-08  -0.541861E-09
   0.417800E+04   0.170889E-08   0.304991E-08   0.147205E-08
   0.417900E+04   0.805740E-09  -0.177309E-09   0.335672E-08
   0.418000E+04  -0.175783E-09  -0.336603E-08   0.491623E-08
   0.418100E+04  -0.113605E-08  -0.619431E-08   0.598783E-08
   0.418200E+04  -0.197804E-08  -0.837743E-08   0.645868E-08
   0.418300E+04  -0.261729E-08  -0.969675E-08   0.627735E-08
   0.418400E+04  -0.299040E-08  -0.100219E-07   0.545909E-08
   0.418500E+04  -0.306149E-08  -0.932395E-08   0.408423E-08
   0.418600E+04  -0.282571E-08  -0.767798E-08   0.228995E-08
   0.418700E+04  -0.230963E-08  -0.525557E-08   0.256216E-09
   0.418800E+04  -0.156833E-08  -0.230701E-08  -0.181259E-08
   0.418900E+04  -0.679692E-09   0.864241E-09  -0.370857E-08
   0.419000E+04   0.263748E-09   0.393256E-08  -0.524151E-08
   0.419100E+04   0.116436E-08   0.658337E-08  -0.625827E-08
   0.419200E+04   0.192952E-08   0.854514E-08  -0.665831E-08
   0.419300E+04   0.248110E-08   0.961707E-08  -0.640386E-08
   0.419400E+04   0.276351E-08   0.968943E-08  -0.552365E-08
   0.419500E+04   0.274940E-08   0.875463E-08  -0.410984E-08
   0.419600E+04   0.244238E-08   0.690790E-08  -0.230847E-08
   0.419700E+04   0.187663E-08   0.433745E-08  -0.304414E-09
   0.419800E+04   0.111328E-08   0.130519E-08   0.169760E-08
   0.419900E+04   0.234078E-09  -0.188002E-08   0.349396E-08
   0.420000E+04  -0.667096E-09  -0.489397E-08   0.490301E-08
   0.420100E+04  -0.149396E-08  -0.743007E-08   0.578356E-08
   0.420200E+04  -0.215780E-08  -0.923062E-08   0.604928E-08
   0.420300E+04  -0.258668E-08  -0.101130E-07   0.567736E-08
   0.420400E+04  -0.273291E-08  -0.998815E-08   0.471076E-08
   0.420500E+04  -0.257806E-08  -0.886959E-08   0.325357E-08
   0.420600E+04  -0.213490E-08  -0.687179E-08   0.146025E-08
   0.420700E+04  -0.144625E-08  -0.419845E-08  -0.480391E-09
   0.420800E+04  -0.580645E-09  -0.112154E-08  -0.236470E-08
   0.420900E+04   0.374625E-09   0.204650E-08  -0.399513E-08
   0.421000E+04   0.132236E-08   0.498469E-08  -0.520063E-08
   0.421100E+04   0.216540E-08   0.739627E-08  -0.585425E-08
   0.421200E+04   0.281651E-08   0.903892E-08  -0.588616E-08
   0.421300E+04   0.320735E-08   0.974938E-08  -0.529093E-08
   0.421400E+04   0.329547E-08   0.945996E-08  -0.412800E-08
   0.421500E+04   0.306873E-08   0.820530E-08  -0.251567E-08
   0.421600E+04   0.254658E-08   0.611856E-08  -0.618869E-09
   0.421700E+04   0.177821E-08   0.341770E-08   0.136775E-08
   0.421800E+04   0.837605E-09   0.382955E-09   0.323983E-08
   0.421900E+04  -0.183887E-09  -0.267196E-08   0.480437E-08
   0.422000E+04  -0.118676E-08  -0.543203E-08   0.589958E-08
   0.422100E+04  -0.207336E-08  -0.761324E-08   0.641157E-08
   0.422200E+04  -0.275779E-08  -0.899168E-08   0.628619E-08
   0.422300E+04  -0.317447E-08  -0.942642E-08   0.553465E-08
   0.422400E+04  -0.328480E-08  -0.887395E-08   0.423254E-08
   0.422500E+04  -0.308098E-08  -0.739250E-08   0.251218E-08
   0.422600E+04  -0.258673E-08  -0.513610E-08   0.549202E-09
   0.422700E+04  -0.185482E-08  -0.233864E-08  -0.145543E-08
   0.422800E+04  -0.961648E-09   0.710101E-09  -0.329593E-08
   0.422900E+04   0.541257E-12   0.369423E-08  -0.478279E-08
   0.423000E+04   0.933068E-09   0.630421E-08  -0.576222E-08
   0.423100E+04   0.174084E-08   0.826860E-08  -0.613203E-08
   0.423200E+04   0.234200E-08   0.938198E-08  -0.585218E-08
   0.423300E+04   0.267622E-08   0.952608E-08  -0.494910E-08
   0.423400E+04   0.271076E-08   0.868200E-08  -0.351315E-08
   0.423500E+04   0.244375E-08   0.693224E-08  -0.168956E-08
   0.423600E+04   0.190429E-08   0.445235E-08   0.336209E-09
   0.423700E+04   0.114945E-08   0.149306E-08   0.235728E-08
   0.423800E+04   0.258366E-09  -0.164534E-08   0.416639E-08
   0.423900E+04  -0.675851E-09  -0.464366E-08   0.557702E-08
   0.424000E+04  -0.155563E-08  -0.719649E-08   0.644242E-08
   0.424100E+04  -0.228888E-08  -0.904343E-08   0.667066E-08
   0.424200E+04  -0.279841E-08  -0.999580E-08   0.623414E-08
   0.424300E+04  -0.302972E-08  -0.995596E-08   0.517253E-08
   0.424400E+04  -0.295657E-08  -0.892739E-08   0.358894E-08
   0.424500E+04  -0.258363E-08  -0.701436E-08   0.163961E-08
   0.424600E+04  -0.194598E-08  -0.441136E-08  -0.481836E-09
   0.424700E+04  -0.110552E-08  -0.138315E-08  -0.256389E-08
   0.424800E+04  -0.144702E-09   0.176225E-08  -0.439859E-08
   0.424900E+04   0.841859E-09   0.470519E-08  -0.580254E-08
   0.425000E+04   0.175695E-08   0.714714E-08  -0.663553E-08
   0.425100E+04   0.251060E-08   0.884136E-08  -0.681477E-08
   0.425200E+04   0.302913E-08   0.961833E-08  -0.632335E-08
   0.425300E+04   0.326251E-08   0.940327E-08  -0.521197E-08
   0.425400E+04   0.318938E-08   0.822396E-08  -0.359395E-08
   0.425500E+04   0.281906E-08   0.620807E-08  -0.163377E-08
   0.425600E+04   0.219047E-08   0.357026E-08   0.469524E-09
   0.425700E+04   0.136807E-08   0.590228E-09   0.250239E-08
   0.425800E+04   0.435218E-09  -0.241592E-08   0.425839E-08
   0.425900E+04  -0.514366E-09  -0.512817E-08   0.555908E-08
   0.426000E+04  -0.138615E-08  -0.725561E-08   0.627206E-08
   0.426100E+04  -0.209436E-08  -0.856662E-08   0.632439E-08
   0.426200E+04  -0.257064E-08  -0.891310E-08   0.571002E-08
   0.426300E+04  -0.277085E-08  -0.824629E-08   0.449043E-08
   0.426400E+04  -0.267941E-08  -0.662246E-08   0.278851E-08
   0.426500E+04  -0.231067E-08  -0.419798E-08   0.776187E-09
   0.426600E+04  -0.170722E-08  -0.121406E-08  -0.134284E-08
   0.426700E+04  -0.935332E-09   0.202724E-08  -0.335360E-08
   0.426800E+04  -0.779973E-10   0.519324E-08  -0.505151E-08
   0.426900E+04   0.773724E-09   0.795433E-08  -0.626289E-08
   0.427000E+04   0.153014E-08   0.100174E-07  -0.686247E-08
   0.427100E+04   0.211216E-08   0.111561E-07  -0.678593E-08
   0.427200E+04   0.245943E-08   0.112339E-07  -0.603637E-08
   0.427300E+04   0.253647E-08   0.102189E-07  -0.468396E-08
   0.427400E+04   0.233625E-08   0.818832E-08  -0.285889E-08
   0.427500E+04   0.188079E-08   0.532094E-08  -0.738286E-09
   0.427600E+04   0.121881E-08   0.188068E-08   0.147150E-08
   0.427700E+04   0.420553E-09  -0.180922E-08   0.355555E-08
   0.427800E+04  -0.429532E-09  -0.539781E-08   0.531178E-08
   0.427900E+04  -0.124159E-08  -0.854098E-08   0.657100E-08
   0.428000E+04  -0.192973E-08  -0.109354E-07   0.721360E-08
   0.428100E+04  -0.242088E-08  -0.123487E-07   0.718124E-08
   0.428200E+04  -0.266244E-08  -0.126422E-07   0.648225E-08
   0.428300E+04  -0.262769E-08  -0.117850E-07   0.519045E-08
   0.428400E+04  -0.231860E-08  -0.985720E-08   0.343729E-08
   0.428500E+04  -0.176563E-08  -0.704179E-08   0.139837E-08
   0.428600E+04  -0.102458E-08  -0.360699E-08  -0.724478E-09
   0.428700E+04  -0.170911E-09   0.120251E-09  -0.272355E-08
   0.428800E+04   0.708107E-09   0.378632E-08  -0.440612E-08
   0.428900E+04   0.152234E-08   0.704558E-08  -0.561358E-08
   0.429000E+04   0.218809E-08   0.959411E-08  -0.623699E-08
   0.429100E+04   0.263676E-08   0.111992E-07  -0.622756E-08
   0.429200E+04   0.282192E-08   0.117217E-07  -0.560082E-08
   0.429300E+04   0.272411E-08   0.111289E-07  -0.443435E-08
   0.429400E+04   0.235289E-08   0.949706E-08  -0.285917E-08
   0.429500E+04   0.174591E-08   0.700261E-08  -0.104578E-08
   0.429600E+04   0.965047E-09   0.390419E-08   0.813707E-09
   0.429700E+04   0.900878E-10   0.516075E-09   0.252548E-08
   0.429800E+04  -0.789435E-09  -0.282343E-08   0.391398E-08
   0.429900E+04  -0.158343E-08  -0.578586E-08   0.483975E-08
   0.430000E+04  -0.221050E-08  -0.808508E-08   0.521355E-08
   0.430100E+04  -0.260629E-08  -0.950541E-08   0.500503E-08
   0.430200E+04  -0.273010E-08  -0.992227E-08   0.424543E-08
   0.430300E+04  -0.256913E-08  -0.931370E-08   0.302378E-08
   0.430400E+04  -0.213974E-08  -0.776129E-08   0.147719E-08
   0.430500E+04  -0.148587E-08  -0.544083E-08  -0.223820E-09
   0.430600E+04  -0.674515E-09  -0.260345E-08  -0.189337E-08
   0.430700E+04   0.211098E-09   0.450632E-09  -0.334980E-08
   0.430800E+04   0.108004E-08   0.340306E-08  -0.443474E-08
   0.430900E+04   0.184296E-08   0.594989E-08  -0.502969E-08
   0.431000E+04   0.242130E-08   0.783241E-08  -0.506847E-08
   0.431100E+04   0.275528E-08   0.886298E-08  -0.454409E-08
   0.431200E+04   0.281008E-08   0.894361E-08  -0.350960E-08
   0.431300E+04   0.257939E-08   0.807506E-08  -0.207252E-08
   0.431400E+04   0.208610E-08   0.635593E-08  -0.383764E-09
   0.431500E+04   0.137996E-08   0.397170E-08   0.137809E-08
   0.431600E+04   0.532503E-09   0.117499E-08   0.302534E-08
   0.431700E+04  -0.370269E-09  -0.174091E-08   0.438077E-08
   0.431800E+04  -0.123668E-08  -0.447250E-08   0.529610E-08
   0.431900E+04  -0.197878E-08  -0.673738E-08   0.566760E-08
   0.432000E+04  -0.252132E-08  -0.830315E-08   0.544712E-08
   0.432100E+04  -0.280949E-08  -0.901109E-08   0.464735E-08
   0.432200E+04  -0.281454E-08  -0.879205E-08   0.334093E-08
   0.432300E+04  -0.253671E-08  -0.767312E-08   0.165329E-08
   0.432400E+04  -0.200524E-08  -0.577430E-08  -0.249882E-09
   0.432500E+04  -0.127541E-08  -0.329569E-08  -0.217936E-08
   0.432600E+04  -0.422816E-09  -0.496473E-09  -0.394162E-08
   0.432700E+04   0.464278E-09   0.233210E-08  -0.535851E-08
   0.432800E+04   0.129404E-08   0.489690E-08  -0.628541E-08
   0.432900E+04   0.198045E-08   0.693320E-08  -0.662613E-08
   0.433000E+04   0.245214E-08   0.823189E-08  -0.634274E-08
   0.433100E+04   0.265970E-08   0.866092E-08  -0.545963E-08
   0.433200E+04   0.258078E-08   0.817869E-08  -0.406121E-08
   0.433300E+04   0.222242E-08   0.683814E-08  -0.228346E-08
   0.433400E+04   0.162034E-08   0.478098E-08  -0.300280E-09
   0.433500E+04   0.835344E-09   0.222294E-08   0.169400E-08
   0.433600E+04  -0.528850E-10  -0.568715E-09   0.350424E-08
   0.433700E+04  -0.953900E-09  -0.330284E-08   0.495419E-08
   0.433800E+04  -0.177573E-08  -0.569452E-08   0.590423E-08
   0.433900E+04  -0.243426E-08  -0.749445E-08   0.626546E-08
   0.434000E+04  -0.286186E-08  -0.851466E-08   0.600854E-08
   0.434100E+04  -0.301426E-08  -0.864782E-08   0.516661E-08
   0.434200E+04  -0.287513E-08  -0.787830E-08   0.383175E-08
   0.434300E+04  -0.245773E-08  -0.628372E-08   0.214552E-08
   0.434400E+04  -0.180358E-08  -0.402693E-08   0.284486E-09
   0.434500E+04  -0.978213E-09  -0.133926E-08  -0.155782E-08
   0.434600E+04  -0.645109E-10   0.150333E-08  -0.319063E-08
   0.434700E+04   0.845781E-09   0.420856E-08  -0.444533E-08
   0.434800E+04   0.166142E-08   0.649793E-08  -0.519267E-08
   0.434900E+04   0.230099E-08   0.813528E-08  -0.535582E-08
   0.435000E+04   0.270122E-08   0.895104E-08  -0.491820E-08
   0.435100E+04   0.282346E-08   0.885967E-08  -0.392510E-08
   0.435200E+04   0.265760E-08   0.786841E-08  -0.247906E-08
   0.435300E+04   0.222310E-08   0.607656E-08  -0.729329E-09
   0.435400E+04   0.156698E-08   0.366532E-08   0.114325E-08
   0.435500E+04   0.758943E-09   0.879212E-09   0.294472E-08
   0.435600E+04  -0.115751E-09  -0.199893E-08   0.448769E-08
   0.435700E+04  -0.965114E-09  -0.467690E-08   0.561039E-08
   0.435800E+04  -0.169989E-08  -0.688303E-08   0.619307E-08
   0.435900E+04  -0.224280E-08  -0.839395E-08   0.617017E-08
   0.436000E+04  -0.253648E-08  -0.905740E-08   0.553689E-08
   0.436100E+04  -0.254953E-08  -0.880774E-08   0.434972E-08
   0.436200E+04  -0.227976E-08  -0.767263E-08   0.272063E-08
   0.436300E+04  -0.175453E-08  -0.577014E-08   0.805742E-09
   0.436400E+04  -0.102801E-08  -0.329656E-08  -0.121046E-08
   0.436500E+04  -0.175717E-09  -0.506313E-09  -0.313378E-08
   0.436600E+04   0.713233E-09   0.231412E-08  -0.477983E-08
   0.436700E+04   0.154522E-08   0.487555E-08  -0.599256E-08
   0.436800E+04   0.223178E-08   0.691564E-08  -0.665981E-08
   0.436900E+04   0.269871E-08   0.822569E-08  -0.672438E-08
   0.437000E+04   0.289383E-08   0.867202E-08  -0.618945E-08
   0.437100E+04   0.279248E-08   0.820951E-08  -0.511789E-08
   0.437200E+04   0.240022E-08   0.688618E-08  -0.362549E-08
   0.437300E+04   0.175247E-08   0.483822E-08  -0.186888E-08
   0.437400E+04   0.911150E-09   0.227597E-08  -0.292980E-10
   0.437500E+04  -0.415004E-10  -0.537623E-09   0.170602E-08
   0.437600E+04  -0.101111E-08  -0.331395E-08   0.316298E-08
   0.437700E+04  -0.190067E-08  -0.576827E-08   0.419835E-08
   0.437800E+04  -0.262036E-08  -0.764882E-08   0.471419E-08
   0.437900E+04  -0.309667E-08  -0.876255E-08   0.466762E-08
   0.438000E+04  -0.327991E-08  -0.899480E-08   0.407491E-08
   0.438100E+04  -0.314937E-08  -0.832098E-08   0.300939E-08
   0.438200E+04  -0.271555E-08  -0.680900E-08   0.159363E-08
   0.438300E+04  -0.201926E-08  -0.461224E-08  -0.135175E-10
   0.438400E+04  -0.112766E-08  -0.195382E-08  -0.163351E-08
   0.438500E+04  -0.127663E-09   0.896309E-09  -0.308673E-08
   0.438600E+04   0.882735E-09   0.364901E-08  -0.421111E-08
   0.438700E+04   0.180418E-08   0.602554E-08  -0.487898E-08
   0.438800E+04   0.254588E-08   0.778608E-08  -0.501027E-08
   0.438900E+04   0.303473E-08   0.875420E-08  -0.458087E-08
   0.439000E+04   0.322258E-08   0.883486E-08  -0.362516E-08
   0.439100E+04   0.309108E-08   0.802409E-08  -0.223254E-08
   0.439200E+04   0.265356E-08   0.640921E-08  -0.538322E-09
   0.439300E+04   0.195366E-08   0.415987E-08   0.129011E-08
   0.439400E+04   0.106101E-08   0.151053E-08   0.307040E-08
   0.439500E+04   0.642621E-10  -0.126366E-08   0.462387E-08
   0.439600E+04  -0.937773E-09  -0.387513E-08   0.579377E-08
   0.439700E+04  -0.184595E-08  -0.605340E-08   0.646128E-08
   0.439800E+04  -0.257070E-08  -0.757294E-08   0.655761E-08
   0.439900E+04  -0.304088E-08  -0.827629E-08   0.607099E-08
   0.440000E+04  -0.321084E-08  -0.809030E-08   0.504780E-08
   0.440100E+04  -0.306484E-08  -0.703366E-08   0.358781E-08
   0.440200E+04  -0.261853E-08  -0.521512E-08   0.183393E-08
   0.440300E+04  -0.191722E-08  -0.282234E-08  -0.423708E-10
   0.440400E+04  -0.103118E-08  -0.102722E-09  -0.185854E-08
   0.440500E+04  -0.485133E-10   0.266186E-08  -0.343949E-08
   0.440600E+04   0.933783E-09   0.518402E-08  -0.463534E-08
   0.440700E+04   0.181961E-08   0.720027E-08  -0.533647E-08
   0.440800E+04   0.252339E-08   0.849812E-08  -0.548440E-08
   0.440900E+04   0.297861E-08   0.893799E-08  -0.507744E-08
   0.441000E+04   0.314437E-08   0.846763E-08  -0.417039E-08
   0.441100E+04   0.300931E-08   0.712774E-08  -0.286850E-08
   0.441200E+04   0.259257E-08   0.504802E-08  -0.131621E-08
   0.441300E+04   0.194157E-08   0.243417E-08   0.318044E-09
   0.441400E+04   0.112700E-08  -0.452856E-09   0.185955E-08
   0.441500E+04   0.235461E-09  -0.332332E-08   0.314553E-08
   0.441600E+04  -0.639530E-09  -0.588805E-08   0.404210E-08
   0.441700E+04  -0.140713E-08  -0.788787E-08   0.445816E-08
   0.441800E+04  -0.198847E-08  -0.911990E-08   0.435485E-08
   0.441900E+04  -0.232473E-08  -0.945823E-08   0.374945E-08
   0.442000E+04  -0.238305E-08  -0.886675E-08   0.271346E-08
   0.442100E+04  -0.215983E-08  -0.740294E-08   0.136507E-08
   0.442200E+04  -0.168098E-08  -0.521201E-08  -0.143432E-09
   0.442300E+04  -0.999201E-09  -0.251229E-08  -0.164165E-08
   0.442400E+04  -0.188419E-09   0.426861E-09  -0.295917E-08
   0.442500E+04   0.663841E-09   0.331235E-08  -0.394362E-08
   0.442600E+04   0.146553E-08   0.585698E-08  -0.447698E-08
   0.442700E+04   0.212958E-08   0.780850E-08  -0.448834E-08
   0.442800E+04   0.258293E-08   0.897505E-08  -0.396188E-08
   0.442900E+04   0.277404E-08   0.924446E-08  -0.293912E-08
   0.443000E+04   0.267827E-08   0.859546E-08  -0.151521E-08
   0.443100E+04   0.230050E-08   0.709960E-08   0.170292E-09
   0.443200E+04   0.167470E-08   0.491376E-08   0.194741E-08
   0.443300E+04   0.860537E-09   0.226396E-08   0.363291E-08
   0.443400E+04  -0.626204E-10  -0.577756E-09   0.504903E-08
   0.443500E+04  -0.100372E-08  -0.332116E-08   0.604175E-08
   0.443600E+04  -0.186923E-08  -0.568746E-08   0.649684E-08
   0.443700E+04  -0.257265E-08  -0.743765E-08   0.635194E-08
   0.443800E+04  -0.304321E-08  -0.839685E-08   0.560348E-08
   0.443900E+04  -0.323311E-08  -0.847197E-08   0.430766E-08
   0.444000E+04  -0.312230E-08  -0.766106E-08   0.257548E-08
   0.444100E+04  -0.272055E-08  -0.605329E-08   0.562043E-09
   0.444200E+04  -0.206646E-08  -0.381967E-08  -0.154844E-08
   0.444300E+04  -0.122356E-08  -0.119539E-08  -0.356079E-08
   0.444400E+04  -0.273930E-09   0.154442E-08  -0.528813E-08
   0.444500E+04   0.690063E-09   0.411292E-08  -0.657034E-08
   0.444600E+04   0.157505E-08   0.624101E-08  -0.728995E-08
   0.444700E+04   0.229597E-08   0.770501E-08  -0.738377E-08
   0.444800E+04   0.278457E-08   0.834954E-08  -0.684904E-08
   0.444900E+04   0.299614E-08   0.810356E-08  -0.574369E-08
   0.445000E+04   0.291381E-08   0.698769E-08  -0.418037E-08
   0.445100E+04   0.255007E-08   0.511221E-08  -0.231513E-08
   0.445200E+04   0.194528E-08   0.266585E-08  -0.331756E-09
   0.445300E+04   0.116338E-08  -0.103400E-09   0.157664E-08
   0.445400E+04   0.285186E-09  -0.291357E-08   0.322690E-08
   0.445500E+04  -0.599900E-09  -0.547745E-08   0.446398E-08
   0.445600E+04  -0.140308E-08  -0.753195E-08   0.517629E-08
   0.445700E+04  -0.204520E-08  -0.886489E-08   0.530648E-08
   0.445800E+04  -0.246470E-08  -0.933676E-08   0.485679E-08
   0.445900E+04  -0.262380E-08  -0.889501E-08   0.388830E-08
   0.446000E+04  -0.251213E-08  -0.757951E-08   0.251421E-08
   0.446100E+04  -0.214755E-08  -0.551860E-08   0.887911E-09
   0.446200E+04  -0.157405E-08  -0.291616E-08  -0.813016E-09
   0.446300E+04  -0.856978E-09  -0.309787E-10  -0.240515E-08
   0.446400E+04  -0.760604E-10   0.284944E-08  -0.371812E-08
   0.446500E+04   0.683018E-09   0.543803E-08  -0.461207E-08
   0.446600E+04   0.133762E-08   0.747722E-08  -0.499189E-08
   0.446700E+04   0.181682E-08   0.876503E-08  -0.481689E-08
   0.446800E+04   0.206881E-08   0.917550E-08  -0.410475E-08
   0.446900E+04   0.206633E-08   0.867134E-08  -0.292956E-08
   0.447000E+04   0.180945E-08   0.730769E-08  -0.141399E-08
   0.447100E+04   0.132566E-08   0.522637E-08   0.283499E-09
   0.447200E+04   0.666881E-09   0.264141E-08   0.198507E-08
   0.447300E+04  -0.958740E-10  -0.182735E-09   0.351197E-08
   0.447400E+04  -0.879967E-09  -0.295812E-08   0.470302E-08
   0.447500E+04  -0.159977E-08  -0.540252E-08   0.543134E-08
   0.447600E+04  -0.217568E-08  -0.726805E-08   0.561747E-08
   0.447700E+04  -0.254244E-08  -0.836628E-08   0.523772E-08
   0.447800E+04  -0.265615E-08  -0.858723E-08   0.432673E-08
   0.447900E+04  -0.249894E-08  -0.791039E-08   0.297402E-08
   0.448000E+04  -0.208108E-08  -0.640660E-08   0.131500E-08
   0.448100E+04  -0.144007E-08  -0.423067E-08  -0.482825E-09
   0.448200E+04  -0.637033E-09  -0.160548E-08  -0.223692E-08
   0.448300E+04   0.249425E-09   0.120085E-08  -0.376835E-08
   0.448400E+04   0.113119E-08   0.390232E-08  -0.492007E-08
   0.448500E+04   0.191963E-08   0.622419E-08  -0.557299E-08
   0.448600E+04   0.253462E-08   0.793089E-08  -0.565824E-08
   0.448700E+04   0.291290E-08   0.884989E-08  -0.516424E-08
   0.448800E+04   0.301456E-08   0.888919E-08  -0.413806E-08
   0.448900E+04   0.282734E-08   0.804639E-08  -0.268069E-08
   0.449000E+04   0.236801E-08   0.640883E-08  -0.936931E-09
   0.449100E+04   0.168087E-08   0.414438E-08   0.919270E-09
   0.449200E+04   0.833413E-09   0.148419E-08   0.270236E-08
   0.449300E+04  -0.904176E-10  -0.130105E-08   0.423395E-08
   0.449400E+04  -0.998610E-09  -0.392886E-08   0.536088E-08
   0.449500E+04  -0.180037E-08  -0.613377E-08   0.597063E-08
   0.449600E+04  -0.241528E-08  -0.769446E-08   0.600271E-08
   0.449700E+04  -0.278148E-08  -0.845622E-08   0.545464E-08
   0.449800E+04  -0.286196E-08  -0.834663E-08   0.438221E-08
   0.449900E+04  -0.264834E-08  -0.738280E-08   0.289363E-08
   0.450000E+04  -0.216183E-08  -0.566940E-08   0.113856E-08
   0.450100E+04  -0.145113E-08  -0.338780E-08  -0.707158E-09
   0.450200E+04  -0.587577E-09  -0.777335E-09  -0.245935E-08
   0.450300E+04   0.341991E-09   0.188935E-08  -0.394413E-08
   0.450400E+04   0.124399E-08   0.433428E-08  -0.501547E-08
   0.450500E+04   0.202749E-08   0.630271E-08  -0.556987E-08
   0.450600E+04   0.261339E-08   0.758923E-08  -0.555665E-08
   0.450700E+04   0.294242E-08   0.805887E-08  -0.498282E-08
   0.450800E+04   0.298109E-08   0.766092E-08  -0.391214E-08
   0.450900E+04   0.272510E-08   0.643413E-08  -0.245828E-08
   0.451000E+04   0.219978E-08   0.450281E-08  -0.773010E-09
   0.451100E+04   0.145754E-08   0.206412E-08   0.969479E-09
   0.451200E+04   0.572594E-09  -0.632088E-09   0.259051E-08
   0.451300E+04  -0.366538E-09  -0.330876E-08   0.392522E-08
   0.451400E+04  -0.126593E-08  -0.568999E-08   0.483938E-08
   0.451500E+04  -0.203571E-08  -0.752919E-08   0.524304E-08
   0.451600E+04  -0.259914E-08  -0.863435E-08   0.509955E-08
   0.451700E+04  -0.290028E-08  -0.888761E-08   0.442909E-08
   0.451800E+04  -0.290966E-08  -0.825744E-08   0.330636E-08
   0.451900E+04  -0.262713E-08  -0.680187E-08   0.185265E-08
   0.452000E+04  -0.208189E-08  -0.466269E-08   0.223131E-09
   0.452100E+04  -0.132946E-08  -0.205107E-08  -0.140928E-08
   0.452200E+04  -0.446038E-09   0.773817E-09  -0.287191E-08
   0.452300E+04   0.479242E-09   0.353115E-08  -0.401020E-08
   0.452400E+04   0.135332E-08   0.594688E-08  -0.470372E-08
   0.452500E+04   0.208863E-08   0.778158E-08  -0.487860E-08
   0.452600E+04   0.261189E-08   0.885460E-08  -0.451519E-08
   0.452700E+04   0.287151E-08   0.906237E-08  -0.365003E-08
   0.452800E+04   0.284272E-08   0.838876E-08  -0.237210E-08
   0.452900E+04   0.252999E-08   0.690655E-08  -0.813565E-09
   0.453000E+04   0.196647E-08   0.476987E-08   0.863894E-09
   0.453100E+04   0.121061E-08   0.219838E-08   0.248583E-08
   0.453200E+04   0.340073E-09  -0.545166E-09   0.388312E-08
   0.453300E+04  -0.556145E-09  -0.318177E-08   0.490953E-08
   0.453400E+04  -0.138679E-08  -0.544453E-08   0.545689E-08
   0.453500E+04  -0.206760E-08  -0.710582E-08   0.546645E-08
   0.453600E+04  -0.252987E-08  -0.800027E-08   0.493504E-08
   0.453700E+04  -0.272735E-08  -0.804146E-08   0.391562E-08
   0.453800E+04  -0.264088E-08  -0.723048E-08   0.251193E-08
   0.453900E+04  -0.228026E-08  -0.565555E-08   0.867959E-09
   0.454000E+04  -0.168316E-08  -0.348272E-08  -0.846823E-09
   0.454100E+04  -0.911217E-09  -0.938717E-09  -0.245486E-08
   0.454200E+04  -0.436852E-10   0.171247E-08  -0.378881E-08
   0.454300E+04   0.830665E-09   0.419669E-08  -0.470889E-08
   0.454400E+04   0.162261E-08   0.625771E-08  -0.511739E-08
   0.454500E+04   0.225156E-08   0.768349E-08  -0.496898E-08
   0.454600E+04   0.265370E-08   0.832777E-08  -0.427560E-08
   0.454700E+04   0.278847E-08   0.812495E-08  -0.310560E-08
   0.454800E+04   0.264261E-08   0.709668E-08  -0.157698E-08
   0.454900E+04   0.223141E-08   0.534945E-08   0.154392E-09
   0.455000E+04   0.159707E-08   0.306354E-08   0.191050E-08
   0.455100E+04   0.804306E-09   0.474360E-09   0.350926E-08
   0.455200E+04  -0.663176E-10  -0.215182E-08   0.478305E-08
   0.455300E+04  -0.926664E-09  -0.454528E-08   0.559581E-08
   0.455400E+04  -0.169005E-08  -0.646061E-08   0.585705E-08
   0.455500E+04  -0.228008E-08  -0.770197E-08   0.553120E-08
   0.455600E+04  -0.263845E-08  -0.814318E-08   0.464148E-08
   0.455700E+04  -0.273083E-08  -0.774079E-08   0.326770E-08
   0.455800E+04  -0.255031E-08  -0.653850E-08   0.153844E-08
   0.455900E+04  -0.211804E-08  -0.466275E-08  -0.381832E-09
   0.456000E+04  -0.148096E-08  -0.230974E-08  -0.230924E-08
   0.456100E+04  -0.706925E-09   0.274669E-09  -0.405903E-08
   0.456200E+04   0.122291E-09   0.282018E-08  -0.546413E-08
   0.456300E+04   0.919456E-09   0.505981E-08  -0.639204E-08
   0.456400E+04   0.160084E-08   0.675737E-08  -0.675813E-08
   0.456500E+04   0.209484E-08   0.773172E-08  -0.653414E-08
   0.456600E+04   0.234929E-08   0.787551E-08  -0.575096E-08
   0.456700E+04   0.233688E-08   0.716632E-08  -0.449542E-08
   0.456800E+04   0.205789E-08   0.566918E-08  -0.290139E-08
   0.456900E+04   0.154020E-08   0.353009E-08  -0.113608E-08
   0.457000E+04   0.836428E-09   0.961304E-09   0.616952E-09
   0.457100E+04   0.185226E-10  -0.178021E-08   0.217655E-08
   0.457200E+04  -0.829598E-09  -0.441887E-08   0.338240E-08
   0.457300E+04  -0.162065E-08  -0.668853E-08   0.411130E-08
   0.457400E+04  -0.227290E-08  -0.835961E-08   0.428975E-08
   0.457500E+04  -0.271858E-08  -0.926245E-08   0.390140E-08
   0.457600E+04  -0.291081E-08  -0.930469E-08   0.298864E-08
   0.457700E+04  -0.282837E-08  -0.848071E-08   0.164830E-08
   0.457800E+04  -0.247797E-08  -0.687223E-08   0.217349E-10
   0.457900E+04  -0.189350E-08  -0.464010E-08  -0.171964E-08
   0.458000E+04  -0.113264E-08  -0.200792E-08  -0.339186E-08
   0.458100E+04  -0.270968E-09   0.760633E-09  -0.481718E-08
   0.458200E+04   0.605747E-09   0.338860E-08  -0.584230E-08
   0.458300E+04   0.141027E-08   0.561391E-08  -0.635400E-08
   0.458400E+04   0.206279E-08   0.721596E-08  -0.629083E-08
   0.458500E+04   0.249906E-08   0.803803E-08  -0.564938E-08
   0.458600E+04   0.267694E-08   0.800317E-08  -0.448482E-08
   0.458700E+04   0.258065E-08   0.712189E-08  -0.290530E-08
   0.458800E+04   0.222239E-08   0.549106E-08  -0.106113E-08
   0.458900E+04   0.164111E-08   0.328386E-08   0.870495E-09
   0.459000E+04   0.898437E-09   0.732099E-09   0.270335E-08
   0.459100E+04   0.724704E-10  -0.189755E-08   0.426108E-08
   0.459200E+04  -0.750257E-09  -0.433079E-08   0.539505E-08
   0.459300E+04  -0.148359E-08  -0.631373E-08   0.599934E-08
   0.459400E+04  -0.205053E-08  -0.763882E-08   0.602148E-08
   0.459500E+04  -0.239113E-08  -0.816606E-08   0.546769E-08
   0.459600E+04  -0.246857E-08  -0.783727E-08   0.440217E-08
   0.459700E+04  -0.227292E-08  -0.668204E-08   0.294051E-08
   0.459800E+04  -0.182220E-08  -0.481472E-08   0.123789E-08
   0.459900E+04  -0.116046E-08  -0.242276E-08  -0.526757E-09
   0.460000E+04  -0.353401E-09   0.252479E-09  -0.216895E-08
   0.460100E+04   0.518395E-09   0.294028E-08  -0.351743E-08
   0.460200E+04   0.136761E-08   0.536827E-08  -0.443159E-08
   0.460300E+04   0.210908E-08   0.729018E-08  -0.481568E-08
   0.460400E+04   0.266845E-08   0.851099E-08  -0.462856E-08
   0.460500E+04   0.298971E-08   0.890688E-08  -0.388772E-08
   0.460600E+04   0.304084E-08   0.843783E-08  -0.266751E-08
   0.460700E+04   0.281707E-08   0.715179E-08  -0.109142E-08
   0.460800E+04   0.234130E-08   0.517975E-08   0.680575E-09
   0.460900E+04   0.166173E-08   0.272250E-08   0.246833E-08
   0.461000E+04   0.846918E-09   0.301175E-10   0.408999E-08
   0.461100E+04  -0.212132E-10  -0.262349E-08   0.538051E-08
   0.461200E+04  -0.855751E-09  -0.496846E-08   0.620848E-08
   0.461300E+04  -0.157363E-08  -0.676649E-08   0.648951E-08
   0.461400E+04  -0.210405E-08  -0.783510E-08   0.619482E-08
   0.461500E+04  -0.239571E-08  -0.806622E-08   0.535406E-08
   0.461600E+04  -0.242188E-08  -0.743720E-08   0.405229E-08
   0.461700E+04  -0.218315E-08  -0.601312E-08   0.242120E-08
   0.461800E+04  -0.170720E-08  -0.394013E-08   0.625592E-09
   0.461900E+04  -0.104599E-08  -0.143060E-08  -0.115343E-08
   0.462000E+04  -0.270253E-09   0.125855E-08  -0.273705E-08
   0.462100E+04   0.537680E-09   0.385198E-08  -0.396701E-08
   0.462200E+04   0.129243E-08   0.608400E-08  -0.472179E-08
   0.462300E+04   0.191428E-08   0.772559E-08  -0.492904E-08
   0.462400E+04   0.233741E-08   0.860771E-08  -0.457295E-08
   0.462500E+04   0.251656E-08   0.863848E-08  -0.369591E-08
   0.462600E+04   0.243173E-08   0.781254E-08  -0.239413E-08
   0.462700E+04   0.209016E-08   0.621149E-08  -0.807796E-09
   0.462800E+04   0.152558E-08   0.399562E-08   0.893231E-09
   0.462900E+04   0.794794E-09   0.138748E-08   0.252684E-08
   0.463000E+04  -0.282375E-10  -0.135074E-08   0.391732E-08
   0.463100E+04  -0.859918E-09  -0.394399E-08   0.491334E-08
   0.463200E+04  -0.161561E-08  -0.613230E-08   0.540353E-08
   0.463300E+04  -0.221830E-08  -0.769732E-08   0.532794E-08
   0.463400E+04  -0.260650E-08  -0.848442E-08   0.468426E-08
   0.463500E+04  -0.274052E-08  -0.841846E-08   0.352828E-08
   0.463600E+04  -0.260656E-08  -0.751132E-08   0.196827E-08
   0.463700E+04  -0.221811E-08  -0.586063E-08   0.154137E-09
   0.463800E+04  -0.161458E-08  -0.363967E-08  -0.173770E-08
   0.463900E+04  -0.857243E-09  -0.107967E-08  -0.352214E-08
   0.464000E+04  -0.230239E-10   0.155390E-08  -0.502413E-08
   0.464100E+04   0.803418E-09   0.398844E-08  -0.609637E-08
   0.464200E+04   0.153832E-08   0.597214E-08  -0.663418E-08
   0.464300E+04   0.210741E-08   0.729968E-08  -0.658609E-08
   0.464400E+04   0.245345E-08   0.783324E-08  -0.595896E-08
   0.464500E+04   0.254215E-08   0.751664E-08  -0.481724E-08
   0.464600E+04   0.236564E-08   0.638108E-08  -0.327635E-08
   0.464700E+04   0.194329E-08   0.454201E-08  -0.149089E-08
   0.464800E+04   0.131973E-08   0.218742E-08   0.361092E-09
   0.464900E+04   0.560273E-09  -0.441287E-09   0.209621E-08
   0.465000E+04  -0.255738E-09  -0.307392E-08   0.354437E-08
   0.465100E+04  -0.104307E-08  -0.543900E-08   0.456600E-08
   0.465200E+04  -0.171932E-08  -0.729144E-08   0.506616E-08
   0.465300E+04  -0.221336E-08  -0.843756E-08   0.500409E-08
   0.465400E+04  -0.247261E-08  -0.875486E-08   0.439719E-08
   0.465500E+04  -0.246850E-08  -0.820454E-08   0.331906E-08
   0.465600E+04  -0.219937E-08  -0.683560E-08   0.189189E-08
   0.465700E+04  -0.169075E-08  -0.477990E-08   0.273729E-09
   0.465800E+04  -0.992775E-09  -0.223888E-08  -0.135773E-08
   0.465900E+04  -0.175125E-09   0.536834E-09  -0.282349E-08
   0.466000E+04   0.680008E-09   0.327278E-08  -0.396164E-08
   0.466100E+04   0.148627E-08   0.569846E-08  -0.464404E-08
   0.466200E+04   0.216190E-08   0.757471E-08  -0.478956E-08
   0.466300E+04   0.263803E-08   0.871789E-08  -0.437247E-08
   0.466400E+04   0.286571E-08   0.901839E-08  -0.342523E-08
   0.466500E+04   0.282082E-08   0.845166E-08  -0.203535E-08
   0.466600E+04   0.250659E-08   0.708056E-08  -0.336520E-09
   0.466700E+04   0.195326E-08   0.504884E-08   0.150480E-08
   0.466800E+04   0.121499E-08   0.256642E-08   0.330629E-08
   0.466900E+04   0.364426E-09  -0.112042E-09   0.488826E-08
   0.467000E+04  -0.514663E-09  -0.271307E-08   0.609184E-08
   0.467100E+04  -0.133587E-08  -0.497222E-08   0.679514E-08
   0.467200E+04  -0.201887E-08  -0.666091E-08   0.692564E-08
   0.467300E+04  -0.249751E-08  -0.760964E-08   0.646758E-08
   0.467400E+04  -0.272643E-08  -0.772508E-08   0.546353E-08
   0.467500E+04  -0.268564E-08  -0.699948E-08   0.401022E-08
   0.467600E+04  -0.238242E-08  -0.551126E-08   0.224867E-08
   0.467700E+04  -0.185048E-08  -0.341691E-08   0.350036E-09
   0.467800E+04  -0.114647E-08  -0.934904E-09  -0.150167E-08
   0.467900E+04  -0.344134E-09   0.167669E-08  -0.312816E-08
   0.468000E+04   0.473267E-09   0.414658E-08  -0.437472E-08
   0.468100E+04   0.122144E-08   0.621797E-08  -0.512579E-08
   0.468200E+04   0.182367E-08   0.767478E-08  -0.531641E-08
   0.468300E+04   0.221860E-08   0.836366E-08  -0.493857E-08
   0.468400E+04   0.236642E-08   0.820965E-08  -0.404175E-08
   0.468500E+04   0.225291E-08   0.722385E-08  -0.272764E-08
   0.468600E+04   0.189074E-08   0.550225E-08  -0.113953E-08
   0.468700E+04   0.131812E-08   0.321603E-08   0.552446E-09
   0.468800E+04   0.594807E-09   0.594116E-09   0.216879E-08
   0.468900E+04  -0.204086E-09  -0.210005E-08   0.353900E-08
   0.469000E+04  -0.995848E-09  -0.459529E-08   0.451897E-08
   0.469100E+04  -0.169867E-08  -0.664023E-08   0.500559E-08
   0.469200E+04  -0.224005E-08  -0.802877E-08   0.494723E-08
   0.469300E+04  -0.256422E-08  -0.862097E-08   0.434879E-08
   0.469400E+04  -0.263786E-08  -0.835722E-08   0.327105E-08
   0.469500E+04  -0.245350E-08  -0.726418E-08   0.182426E-08
   0.469600E+04  -0.203028E-08  -0.545200E-08   0.156698E-09
   0.469700E+04  -0.141193E-08  -0.310310E-08  -0.156070E-08
   0.469800E+04  -0.662316E-09  -0.453525E-09  -0.315193E-08
   0.469900E+04   0.141142E-09   0.223096E-08  -0.445409E-08
   0.470000E+04   0.915407E-09   0.468188E-08  -0.533412E-08
   0.470100E+04   0.158034E-08   0.665522E-08  -0.570251E-08
   0.470200E+04   0.206691E-08   0.795607E-08  -0.552252E-08
   0.470300E+04   0.232426E-08   0.845822E-08  -0.481396E-08
   0.470400E+04   0.232496E-08   0.811678E-08  -0.365122E-08
   0.470500E+04   0.206776E-08   0.697247E-08  -0.215567E-08
   0.470600E+04   0.157778E-08   0.514723E-08  -0.483252E-09
   0.470700E+04   0.903905E-09   0.283153E-08   0.119145E-08
   0.470800E+04   0.113864E-09   0.264839E-09   0.269309E-08
   0.470900E+04  -0.712728E-09  -0.228891E-08   0.386348E-08
   0.471000E+04  -0.149246E-08  -0.456828E-08   0.457781E-08
   0.471100E+04  -0.214661E-08  -0.634095E-08   0.475745E-08
   0.471200E+04  -0.260918E-08  -0.742733E-08   0.437804E-08
   0.471300E+04  -0.283357E-08  -0.771873E-08   0.347204E-08
   0.471400E+04  -0.279730E-08  -0.718828E-08   0.212555E-08
   0.471500E+04  -0.250426E-08  -0.589351E-08   0.469649E-09
   0.471600E+04  -0.198425E-08  -0.397033E-08  -0.133290E-08
   0.471700E+04  -0.128991E-08  -0.161899E-08  -0.310403E-08
   0.471800E+04  -0.491268E-09   0.916381E-09  -0.466842E-08
   0.471900E+04   0.331427E-09   0.337276E-08  -0.587112E-08
   0.472000E+04   0.109593E-08   0.549503E-08  -0.659316E-08
   0.472100E+04   0.172641E-08   0.706189E-08  -0.676345E-08
   0.472200E+04   0.216116E-08   0.790836E-08  -0.636581E-08
   0.472300E+04   0.235892E-08   0.794242E-08  -0.544033E-08
   0.472400E+04   0.230298E-08   0.715425E-08  -0.407912E-08
   0.472500E+04   0.200288E-08   0.561707E-08  -0.241669E-08
   0.472600E+04   0.149331E-08   0.347956E-08  -0.616101E-09
   0.472700E+04   0.830494E-09   0.950640E-09   0.114774E-08
   0.472800E+04   0.863401E-10  -0.172180E-08   0.270597E-08
   0.472900E+04  -0.659006E-09  -0.427606E-08   0.391286E-08
   0.473000E+04  -0.132546E-08  -0.646311E-08   0.466061E-08
   0.473100E+04  -0.184126E-08  -0.807159E-08   0.489004E-08
   0.473200E+04  -0.215041E-08  -0.894898E-08   0.459637E-08
   0.473300E+04  -0.221846E-08  -0.901658E-08   0.382925E-08
   0.473400E+04  -0.203607E-08  -0.827702E-08   0.268729E-08
   0.473500E+04  -0.162003E-08  -0.681330E-08   0.130749E-08
   0.473600E+04  -0.101155E-08  -0.477981E-08  -0.149241E-09
   0.473700E+04  -0.272066E-09  -0.238603E-08  -0.151505E-08
   0.473800E+04   0.523087E-09   0.125274E-09  -0.263274E-08
   0.473900E+04   0.129237E-08   0.250309E-08  -0.337228E-08
   0.474000E+04   0.195642E-08   0.451389E-08  -0.364447E-08
   0.474100E+04   0.244624E-08   0.596543E-08  -0.341036E-08
   0.474200E+04   0.271029E-08   0.672603E-08  -0.268545E-08
   0.474300E+04   0.271985E-08   0.673765E-08  -0.153829E-08
   0.474400E+04   0.247199E-08   0.602109E-08  -0.834462E-10
   0.474500E+04   0.198998E-08   0.467313E-08   0.153016E-08
   0.474600E+04   0.132099E-08   0.285577E-08   0.313465E-08
   0.474700E+04   0.531309E-09   0.778702E-09   0.456052E-08
   0.474800E+04  -0.300346E-09  -0.132306E-08   0.565426E-08
   0.474900E+04  -0.109080E-08  -0.321410E-08   0.629426E-08
   0.475000E+04  -0.176089E-08  -0.468351E-08   0.640371E-08
   0.475100E+04  -0.224348E-08  -0.556712E-08   0.595867E-08
   0.475200E+04  -0.249028E-08  -0.576482E-08   0.499098E-08
   0.475300E+04  -0.247678E-08  -0.525115E-08   0.358529E-08
   0.475400E+04  -0.220467E-08  -0.407801E-08   0.187073E-08
   0.475500E+04  -0.170169E-08  -0.236930E-08   0.799773E-11
   0.475600E+04  -0.101875E-08  -0.307963E-09  -0.182685E-08
   0.475700E+04  -0.224762E-09   0.188318E-08  -0.346018E-08
   0.475800E+04   0.600460E-09   0.396482E-08  -0.473843E-08
   0.475900E+04   0.137429E-08   0.570641E-08  -0.554369E-08
   0.476000E+04   0.201973E-08   0.691053E-08  -0.580570E-08
   0.476100E+04   0.247324E-08   0.743396E-08  -0.550900E-08
   0.476200E+04   0.269119E-08   0.720316E-08  -0.469449E-08
   0.476300E+04   0.265425E-08   0.622265E-08  -0.345527E-08
   0.476400E+04   0.236928E-08   0.457523E-08  -0.192709E-08
   0.476500E+04   0.186857E-08   0.241417E-08  -0.274444E-09
   0.476600E+04   0.120641E-08  -0.520387E-10   0.132626E-08
   0.476700E+04   0.453481E-09  -0.258064E-08   0.270485E-08
   0.476800E+04  -0.310515E-09  -0.491933E-08   0.371485E-08
   0.476900E+04  -0.100509E-08  -0.683201E-08   0.424862E-08
   0.477000E+04  -0.155731E-08  -0.812313E-08   0.424847E-08
   0.477100E+04  -0.190935E-08  -0.865794E-08   0.371276E-08
   0.477200E+04  -0.202447E-08  -0.837665E-08   0.269623E-08
   0.477300E+04  -0.189089E-08  -0.730100E-08   0.130454E-08
   0.477400E+04  -0.152299E-08  -0.553256E-08  -0.316353E-09
   0.477500E+04  -0.959905E-09  -0.324277E-08  -0.199505E-08
   0.477600E+04  -0.261536E-09  -0.655955E-09  -0.355215E-08
   0.477700E+04   0.497621E-09   0.197320E-08  -0.481863E-08
   0.477800E+04   0.123612E-08   0.438534E-08  -0.565315E-08
   0.477900E+04   0.187396E-08   0.634271E-08  -0.595668E-08
   0.478000E+04   0.234088E-08   0.765321E-08  -0.568283E-08
   0.478100E+04   0.258363E-08   0.819002E-08  -0.484285E-08
   0.478200E+04   0.257154E-08   0.790450E-08  -0.350480E-08
   0.478300E+04   0.229985E-08   0.683127E-08  -0.178702E-08
   0.478400E+04   0.179026E-08   0.508477E-08   0.153643E-09
   0.478500E+04   0.108890E-08   0.284773E-08   0.213739E-08
   0.478600E+04   0.261735E-09   0.352638E-09   0.397949E-08
   0.478700E+04  -0.612067E-09  -0.214183E-08   0.550876E-08
   0.478800E+04  -0.144813E-08  -0.437712E-08   0.658469E-08
   0.478900E+04  -0.216543E-08  -0.612115E-08   0.711157E-08
   0.479000E+04  -0.269450E-08  -0.719193E-08   0.704796E-08
   0.479100E+04  -0.298456E-08  -0.747624E-08   0.641078E-08
   0.479200E+04  -0.300865E-08  -0.694118E-08   0.527344E-08
   0.479300E+04  -0.276646E-08  -0.563771E-08   0.375829E-08
   0.479400E+04  -0.228435E-08  -0.369559E-08   0.202407E-08
   0.479500E+04  -0.161276E-08  -0.131027E-08   0.249700E-09
   0.479600E+04  -0.821093E-09   0.127687E-08  -0.138391E-08
   0.479700E+04   0.932229E-11   0.380293E-08  -0.271234E-08
   0.479800E+04   0.793469E-09   0.601026E-08  -0.360437E-08
   0.479900E+04   0.145128E-08   0.767254E-08  -0.397532E-08
   0.480000E+04   0.191578E-08   0.861784E-08  -0.379565E-08
   0.480100E+04   0.213989E-08   0.874610E-08  -0.309397E-08
   0.480200E+04   0.210124E-08   0.803931E-08  -0.195404E-08
   0.480300E+04   0.180441E-08   0.656342E-08  -0.506263E-09
   0.480400E+04   0.128053E-08   0.446166E-08   0.108571E-08
   0.480500E+04   0.584051E-09   0.194003E-08   0.264168E-08
   0.480600E+04  -0.212767E-09  -0.753546E-09   0.398333E-08
   0.480700E+04  -0.102722E-08  -0.335440E-08   0.495252E-08
   0.480800E+04  -0.177462E-08  -0.560791E-08   0.542751E-08
   0.480900E+04  -0.237688E-08  -0.729529E-08   0.533556E-08
   0.481000E+04  -0.277055E-08  -0.825571E-08   0.466057E-08
   0.481100E+04  -0.291329E-08  -0.840254E-08   0.344495E-08
   0.481200E+04  -0.278816E-08  -0.773192E-08   0.178563E-08
   0.481300E+04  -0.240546E-08  -0.632303E-08  -0.175431E-09
   0.481400E+04  -0.180163E-08  -0.432975E-08  -0.226532E-08
   0.481500E+04  -0.103562E-08  -0.196484E-08  -0.429732E-08
   0.481600E+04  -0.182843E-09   0.521957E-09  -0.608947E-08
   0.481700E+04   0.672443E-09   0.286958E-08  -0.748257E-08
   0.481800E+04   0.144576E-08   0.483238E-08  -0.835590E-08
   0.481900E+04   0.206101E-08   0.620536E-08  -0.863899E-08
   0.482000E+04   0.245827E-08   0.684516E-08  -0.831834E-08
   0.482100E+04   0.259988E-08   0.668476E-08  -0.743826E-08
   0.482200E+04   0.247437E-08   0.574042E-08  -0.609605E-08
   0.482300E+04   0.209765E-08   0.411000E-08  -0.443165E-08
   0.482400E+04   0.151139E-08   0.196297E-08  -0.261316E-08
   0.482500E+04   0.778862E-09  -0.476866E-09  -0.819567E-09
   0.482600E+04  -0.215150E-10  -0.295434E-08   0.777622E-09
   0.482700E+04  -0.804150E-09  -0.520904E-08   0.203176E-08
   0.482800E+04  -0.148500E-08  -0.700201E-08   0.283587E-08
   0.482900E+04  -0.199017E-08  -0.814033E-08   0.313330E-08
   0.483000E+04  -0.226347E-08  -0.849696E-08   0.292310E-08
   0.483100E+04  -0.227222E-08  -0.802395E-08   0.225967E-08
   0.483200E+04  -0.201068E-08  -0.675754E-08   0.124663E-08
   0.483300E+04  -0.150072E-08  -0.481469E-08   0.256944E-10
   0.483400E+04  -0.789750E-09  -0.238141E-08  -0.123854E-08
   0.483500E+04   0.540043E-10   0.306076E-09  -0.237606E-08
   0.483600E+04   0.948278E-09   0.298517E-08  -0.322953E-08
   0.483700E+04   0.180501E-08   0.539356E-08  -0.367110E-08
   0.483800E+04   0.253919E-08   0.729583E-08  -0.361620E-08
   0.483900E+04   0.307734E-08   0.850738E-08  -0.303291E-08
   0.484000E+04   0.336496E-08   0.891316E-08  -0.194586E-08
   0.484100E+04   0.337193E-08   0.847940E-08  -0.434404E-09
   0.484200E+04   0.309555E-08   0.725700E-08   0.137494E-08
   0.484300E+04   0.256079E-08   0.537633E-08   0.332090E-08
   0.484400E+04   0.181775E-08   0.303398E-08   0.522348E-08
   0.484500E+04   0.936583E-09   0.472668E-09   0.690206E-08
   0.484600E+04   0.490177E-12  -0.204347E-08   0.819360E-08
   0.484700E+04  -0.902694E-09  -0.425583E-08   0.896918E-08
   0.484800E+04  -0.168928E-08  -0.593773E-08   0.914722E-08
   0.484900E+04  -0.228805E-08  -0.691753E-08   0.870192E-08
   0.485000E+04  -0.264737E-08  -0.709619E-08   0.766613E-08
   0.485100E+04  -0.274018E-08  -0.645744E-08   0.612837E-08
   0.485200E+04  -0.256658E-08  -0.506942E-08   0.422423E-08
   0.485300E+04  -0.215356E-08  -0.307788E-08   0.212303E-08
   0.485400E+04  -0.155208E-08  -0.691301E-09   0.111607E-10
   0.485500E+04  -0.831667E-09   0.184029E-08  -0.192632E-08
   0.485600E+04  -0.731487E-10   0.425081E-08  -0.352396E-08
   0.485700E+04   0.639716E-09   0.628527E-08  -0.465207E-08
   0.485800E+04   0.122890E-08   0.772577E-08  -0.522939E-08
   0.485900E+04   0.163013E-08   0.841387E-08  -0.523073E-08
   0.486000E+04   0.179953E-08   0.826677E-08  -0.468900E-08
   0.486100E+04   0.171806E-08   0.728600E-08  -0.369135E-08
   0.486200E+04   0.139351E-08   0.555738E-08  -0.236985E-08
   0.486300E+04   0.859633E-09   0.324256E-08  -0.887690E-09
   0.486400E+04   0.172665E-09   0.562759E-09   0.577744E-09
   0.486500E+04  -0.594479E-09  -0.222347E-08   0.185316E-08
   0.486600E+04  -0.135973E-08  -0.484636E-08   0.278714E-08
   0.486700E+04  -0.204034E-08  -0.705207E-08   0.326564E-08
   0.486800E+04  -0.256139E-08  -0.862832E-08   0.322365E-08
   0.486900E+04  -0.286359E-08  -0.942572E-08   0.265174E-08
   0.487000E+04  -0.290942E-08  -0.937274E-08   0.159700E-08
   0.487100E+04  -0.268703E-08  -0.848281E-08   0.158173E-09
   0.487200E+04  -0.221165E-08  -0.685272E-08  -0.152452E-08
   0.487300E+04  -0.152406E-08  -0.465262E-08  -0.328369E-08
   0.487400E+04  -0.686606E-09  -0.210858E-08  -0.494189E-08
   0.487500E+04   0.223072E-09   0.520517E-09  -0.632967E-08
   0.487600E+04   0.111985E-08   0.296937E-08  -0.730287E-08
   0.487700E+04   0.191968E-08   0.499325E-08  -0.775721E-08
   0.487800E+04   0.254809E-08   0.639289E-08  -0.763883E-08
   0.487900E+04   0.294765E-08   0.703462E-08  -0.694967E-08
   0.488000E+04   0.308376E-08   0.686388E-08  -0.574719E-08
   0.488100E+04   0.294809E-08   0.591052E-08  -0.413840E-08
   0.488200E+04   0.255935E-08   0.428559E-08  -0.226889E-08
   0.488300E+04   0.196133E-08   0.216975E-08  -0.307985E-09
   0.488400E+04   0.121833E-08  -0.205449E-09   0.156845E-08
   0.488500E+04   0.408644E-09  -0.258137E-08   0.319581E-08
   0.488600E+04  -0.383554E-09  -0.469899E-08   0.443726E-08
   0.488700E+04  -0.107676E-08  -0.632557E-08   0.519740E-08
   0.488800E+04  -0.160047E-08  -0.727867E-08   0.543151E-08
   0.488900E+04  -0.190240E-08  -0.744500E-08   0.514956E-08
   0.489000E+04  -0.195378E-08  -0.679227E-08   0.441462E-08
   0.489100E+04  -0.175227E-08  -0.537274E-08   0.333569E-08
   0.489200E+04  -0.132217E-08  -0.331812E-08   0.205583E-08
   0.489300E+04  -0.711904E-09  -0.826400E-09   0.736835E-09
   0.489400E+04   0.109683E-10   0.185812E-08  -0.458099E-09
   0.489500E+04   0.766720E-09   0.446955E-08  -0.138174E-08
   0.489600E+04   0.147165E-08   0.674733E-08  -0.191856E-08
   0.489700E+04   0.204669E-08   0.846263E-08  -0.199714E-08
   0.489800E+04   0.242560E-08   0.944164E-08  -0.159798E-08
   0.489900E+04   0.256180E-08   0.958316E-08  -0.755918E-09
   0.490000E+04   0.243324E-08   0.886891E-08   0.443182E-09
   0.490100E+04   0.204480E-08   0.736545E-08   0.187103E-08
   0.490200E+04   0.142793E-08   0.521746E-08   0.337005E-08
   0.490300E+04   0.637593E-09   0.263311E-08   0.476962E-08
   0.490400E+04  -0.253157E-09  -0.136931E-09   0.590382E-08
   0.490500E+04  -0.116047E-08  -0.282482E-08   0.662881E-08
   0.490600E+04  -0.199807E-08  -0.517257E-08   0.683817E-08
   0.490700E+04  -0.268585E-08  -0.695797E-08   0.647442E-08
   0.490800E+04  -0.315793E-08  -0.801688E-08   0.553574E-08
   0.490900E+04  -0.336915E-08  -0.825959E-08   0.407704E-08
   0.491000E+04  -0.329958E-08  -0.767949E-08   0.220532E-08
   0.491100E+04  -0.295643E-08  -0.635337E-08   0.697301E-10
   0.491200E+04  -0.237321E-08  -0.443316E-08  -0.215264E-08
   0.491300E+04  -0.160630E-08  -0.213004E-08  -0.427388E-08
   0.491400E+04  -0.729190E-09   0.307421E-09  -0.611346E-08
   0.491500E+04   0.174994E-09   0.261895E-08  -0.751582E-08
   0.491600E+04   0.102184E-08   0.455934E-08  -0.836540E-08
   0.491700E+04   0.173415E-08   0.592369E-08  -0.859776E-08
   0.491800E+04   0.224959E-08   0.656838E-08  -0.820562E-08
   0.491900E+04   0.252683E-08   0.642584E-08  -0.723909E-08
   0.492000E+04   0.254950E-08   0.551144E-08  -0.580035E-08
   0.492100E+04   0.232754E-08   0.392183E-08  -0.403302E-08
   0.492200E+04   0.189585E-08   0.182506E-08  -0.210759E-08
   0.492300E+04   0.131043E-08  -0.556807E-09  -0.204214E-09
   0.492400E+04   0.642285E-09  -0.297048E-08   0.150533E-08
   0.492500E+04  -0.301007E-10  -0.515753E-08   0.287459E-08
   0.492600E+04  -0.629107E-09  -0.688104E-08   0.379674E-08
   0.492700E+04  -0.108616E-08  -0.795004E-08   0.421461E-08
   0.492800E+04  -0.134895E-08  -0.823931E-08   0.412561E-08
   0.492900E+04  -0.138698E-08  -0.770255E-08   0.358088E-08
   0.493000E+04  -0.119478E-08  -0.637738E-08   0.267901E-08
   0.493100E+04  -0.792531E-09  -0.438193E-08   0.155473E-08
   0.493200E+04  -0.224053E-09  -0.190317E-08   0.364001E-09
   0.493300E+04   0.447766E-09   0.821802E-09  -0.733070E-09
   0.493400E+04   0.114748E-08   0.352956E-08  -0.158971E-08
   0.493500E+04   0.179494E-08   0.595685E-08  -0.208846E-08
   0.493600E+04   0.231376E-08   0.786706E-08  -0.215412E-08
   0.493700E+04   0.263929E-08   0.907409E-08  -0.176211E-08
   0.493800E+04   0.272562E-08   0.946098E-08  -0.941587E-09
   0.493900E+04   0.255054E-08   0.899168E-08   0.227165E-09
   0.494000E+04   0.211819E-08   0.771449E-08   0.162080E-08
   0.494100E+04   0.145903E-08   0.575706E-08   0.308558E-08
   0.494200E+04   0.627090E-09   0.331334E-08   0.445338E-08
   0.494300E+04  -0.305183E-09   0.623887E-09   0.555939E-08
   0.494400E+04  -0.125396E-08  -0.204854E-08   0.625968E-08
   0.494500E+04  -0.213229E-08  -0.444547E-08   0.644689E-08
   0.494600E+04  -0.285866E-08  -0.633876E-08   0.606220E-08
   0.494700E+04  -0.336512E-08  -0.755338E-08   0.510267E-08
   0.494800E+04  -0.360405E-08  -0.798475E-08   0.362280E-08
   0.494900E+04  -0.355286E-08  -0.760878E-08   0.173035E-08
   0.495000E+04  -0.321630E-08  -0.648369E-08  -0.423280E-09
   0.495100E+04  -0.262597E-08  -0.474341E-08  -0.265718E-08
   0.495200E+04  -0.183719E-08  -0.258317E-08  -0.477819E-08
   0.495300E+04  -0.923484E-09  -0.239049E-09  -0.659948E-08
   0.495400E+04   0.306628E-10   0.203682E-08  -0.795871E-08
   0.495500E+04   0.938192E-09   0.400239E-08  -0.873388E-08
   0.495600E+04   0.171802E-08   0.545088E-08  -0.885523E-08
   0.495700E+04   0.230296E-08   0.623209E-08  -0.831216E-08
   0.495800E+04   0.264618E-08   0.626790E-08  -0.715422E-08
   0.495900E+04   0.272558E-08   0.556024E-08  -0.548635E-08
   0.496000E+04   0.254567E-08   0.419071E-08  -0.345858E-08
   0.496100E+04   0.213667E-08   0.231200E-08  -0.125140E-08
   0.496200E+04   0.155105E-08   0.131809E-09   0.941734E-09
   0.496300E+04   0.857909E-09  -0.210884E-08   0.293317E-08
   0.496400E+04   0.135538E-09  -0.416091E-08   0.455901E-08
   0.496500E+04  -0.536739E-09  -0.579341E-08   0.569459E-08
   0.496600E+04  -0.108685E-08  -0.681781E-08   0.626594E-08
   0.496700E+04  -0.145743E-08  -0.710801E-08   0.625600E-08
   0.496800E+04  -0.161169E-08  -0.661394E-08   0.570513E-08
   0.496900E+04  -0.153713E-08  -0.536743E-08   0.470583E-08
   0.497000E+04  -0.124668E-08  -0.347950E-08   0.339224E-08
   0.497100E+04  -0.777187E-09  -0.112959E-08   0.192558E-08
   0.497200E+04  -0.185437E-09   0.145236E-08   0.476947E-09
   0.497300E+04   0.457983E-09   0.400917E-08  -0.790614E-09
   0.497400E+04   0.107621E-08   0.628250E-08  -0.173908E-08
   0.497500E+04   0.159432E-08   0.803932E-08  -0.226960E-08
   0.497600E+04   0.194736E-08   0.909579E-08  -0.233243E-08
   0.497700E+04   0.208734E-08   0.933636E-08  -0.193169E-08
   0.497800E+04   0.198853E-08   0.872596E-08  -0.112439E-08
   0.497900E+04   0.165040E-08   0.731406E-08  -0.138602E-10
   0.498000E+04   0.109801E-08   0.523014E-08   0.126156E-08
   0.498100E+04   0.379676E-09   0.267108E-08   0.254366E-08
   0.498200E+04  -0.437740E-09  -0.118347E-09   0.367150E-08
   0.498300E+04  -0.127551E-08  -0.286992E-08   0.449888E-08
   0.498400E+04  -0.205098E-08  -0.531881E-08   0.491028E-08
   0.498500E+04  -0.268605E-08  -0.723010E-08   0.483370E-08
   0.498600E+04  -0.311511E-08  -0.842245E-08   0.424882E-08
   0.498700E+04  -0.329191E-08  -0.878621E-08   0.318990E-08
   0.498800E+04  -0.319440E-08  -0.829443E-08   0.174294E-08
   0.498900E+04  -0.282722E-08  -0.700547E-08   0.373260E-10
   0.499000E+04  -0.222143E-08  -0.505695E-08  -0.176705E-08
   0.499100E+04  -0.143164E-08  -0.265178E-08  -0.349598E-08
   0.499200E+04  -0.530714E-09  -0.374910E-10  -0.497883E-08
   0.499300E+04   0.397391E-09   0.251890E-08  -0.606613E-08
   0.499400E+04   0.126590E-08   0.475796E-08  -0.664522E-08
   0.499500E+04   0.199379E-08   0.645411E-08  -0.665228E-08
   0.499600E+04   0.251387E-08   0.743846E-08  -0.607939E-08
   0.499700E+04   0.277935E-08   0.761583E-08  -0.497600E-08
   0.499800E+04   0.276850E-08   0.697423E-08  -0.344459E-08
   0.499900E+04   0.248670E-08   0.558593E-08  -0.163086E-08
   0.500000E+04   0.196585E-08   0.359984E-08   0.290507E-09
   0.500100E+04   0.126101E-08   0.122618E-08   0.213309E-08
   0.500200E+04   0.444822E-09  -0.128519E-08   0.371729E-08
   0.500300E+04  -0.399843E-09  -0.367036E-08   0.488833E-08
   0.500400E+04  -0.118828E-08  -0.567853E-08   0.553175E-08
   0.500500E+04  -0.184248E-08  -0.709767E-08   0.558499E-08
   0.500600E+04  -0.229888E-08  -0.777636E-08   0.504381E-08
   0.500700E+04  -0.251475E-08  -0.763934E-08   0.396277E-08
   0.500800E+04  -0.247231E-08  -0.669535E-08   0.244990E-08
   0.500900E+04  -0.218034E-08  -0.503629E-08   0.655970E-09
   0.501000E+04  -0.167311E-08  -0.282804E-08  -0.124061E-08
   0.501100E+04  -0.100664E-08  -0.293510E-09  -0.305162E-08
   0.501200E+04  -0.252826E-09   0.230995E-08  -0.459788E-08
   0.501300E+04   0.508102E-09   0.471684E-08  -0.572718E-08
   0.501400E+04   0.119590E-08   0.668060E-08  -0.632954E-08
   0.501500E+04   0.173865E-08   0.799878E-08  -0.634818E-08
   0.501600E+04   0.208017E-08   0.853382E-08  -0.578511E-08
   0.501700E+04   0.218583E-08   0.822718E-08  -0.470079E-08
   0.501800E+04   0.204615E-08   0.710544E-08  -0.320796E-08
   0.501900E+04   0.167769E-08   0.527783E-08  -0.146009E-08
   0.502000E+04   0.112141E-08   0.292522E-08   0.364197E-09
   0.502100E+04   0.438373E-09   0.281928E-09   0.207927E-08
   0.502200E+04  -0.296569E-09  -0.238801E-08   0.351132E-08
   0.502300E+04  -0.100253E-08  -0.481755E-08   0.451591E-08
   0.502400E+04  -0.160098E-08  -0.676374E-08   0.499266E-08
   0.502500E+04  -0.202392E-08  -0.803228E-08   0.489534E-08
   0.502600E+04  -0.222102E-08  -0.849732E-08   0.423651E-08
   0.502700E+04  -0.216487E-08  -0.811413E-08   0.308618E-08
   0.502800E+04  -0.185399E-08  -0.692370E-08   0.156467E-08
   0.502900E+04  -0.131313E-08  -0.504855E-08  -0.169651E-09
   0.503000E+04  -0.590900E-09  -0.268025E-08  -0.193648E-08
   0.503100E+04   0.245041E-09  -0.600336E-10  -0.355189E-08
   0.503200E+04   0.111479E-08   0.254572E-08  -0.484697E-08
   0.503300E+04   0.193426E-08   0.487252E-08  -0.568499E-08
   0.503400E+04   0.262369E-08   0.668454E-08  -0.597524E-08
   0.503500E+04   0.311571E-08   0.779854E-08  -0.568215E-08
   0.503600E+04   0.336227E-08   0.810236E-08  -0.482890E-08
   0.503700E+04   0.333946E-08   0.756624E-08  -0.349497E-08
   0.503800E+04   0.305002E-08   0.624570E-08  -0.180802E-08
   0.503900E+04   0.252311E-08   0.427576E-08   0.691280E-10
   0.504000E+04   0.181135E-08   0.185712E-08   0.195503E-08
   0.504100E+04   0.985510E-09  -0.764362E-09   0.366810E-08
   0.504200E+04   0.127366E-09  -0.332275E-08   0.504500E-08
   0.504300E+04  -0.678610E-09  -0.555911E-08   0.595718E-08
   0.504400E+04  -0.135381E-08  -0.724784E-08   0.632389E-08
   0.504500E+04  -0.183349E-08  -0.821960E-08   0.612026E-08
   0.504600E+04  -0.207332E-08  -0.837839E-08   0.537966E-08
   0.504700E+04  -0.205394E-08  -0.771122E-08   0.419015E-08
   0.504800E+04  -0.178286E-08  -0.628919E-08   0.268539E-08
   0.504900E+04  -0.129378E-08  -0.426011E-08   0.103078E-08
   0.505000E+04  -0.643104E-09  -0.183314E-08  -0.593521E-09
   0.505100E+04   0.957941E-10   0.742726E-09  -0.201113E-08
   0.505200E+04   0.840030E-09   0.320424E-08  -0.306759E-08
   0.505300E+04   0.150568E-08   0.530098E-08  -0.364630E-08
   0.505400E+04   0.201636E-08   0.682099E-08  -0.368056E-08
   0.505500E+04   0.231103E-08   0.761257E-08  -0.316056E-08
   0.505600E+04   0.235030E-08   0.759981E-08  -0.213453E-08
   0.505700E+04   0.212051E-08   0.679033E-08  -0.704063E-09
   0.505800E+04   0.163521E-08   0.527451E-08   0.986148E-09
   0.505900E+04   0.933926E-09   0.321615E-08   0.276283E-08
   0.506000E+04   0.782692E-10   0.835604E-09   0.444169E-08
   0.506100E+04  -0.854196E-09  -0.161293E-08   0.584605E-08
   0.506200E+04  -0.177768E-08  -0.386764E-08   0.682479E-08
   0.506300E+04  -0.260671E-08  -0.568612E-08   0.726767E-08
   0.506400E+04  -0.326471E-08  -0.687055E-08   0.711662E-08
   0.506500E+04  -0.369157E-08  -0.728830E-08   0.637166E-08
   0.506600E+04  -0.384965E-08  -0.688588E-08   0.509104E-08
   0.506700E+04  -0.372743E-08  -0.569491E-08   0.338544E-08
   0.506800E+04  -0.334061E-08  -0.382934E-08   0.140695E-08
   0.506900E+04  -0.273037E-08  -0.147420E-08  -0.666199E-09
   0.507000E+04  -0.195912E-08   0.113287E-08  -0.264742E-08
   0.507100E+04  -0.110415E-08   0.372564E-08  -0.436049E-08
   0.507200E+04  -0.249722E-09   0.603621E-08  -0.565704E-08
   0.507300E+04   0.521457E-09   0.782232E-08  -0.643135E-08
   0.507400E+04   0.113656E-08   0.889208E-08  -0.663065E-08
   0.507500E+04   0.153998E-08   0.912375E-08  -0.626013E-08
   0.507600E+04   0.169881E-08   0.847842E-08  -0.538201E-08
   0.507700E+04   0.160606E-08   0.700444E-08  -0.410885E-08
   0.507800E+04   0.128120E-08   0.483298E-08  -0.259174E-08
   0.507900E+04   0.767939E-09   0.216524E-08  -0.100466E-08
   0.508000E+04   0.129634E-09  -0.747408E-09   0.473543E-09
   0.508100E+04  -0.557392E-09  -0.362836E-08   0.167751E-08
   0.508200E+04  -0.121179E-08  -0.620336E-08   0.247245E-08
   0.508300E+04  -0.175563E-08  -0.822778E-08   0.276794E-08
   0.508400E+04  -0.212252E-08  -0.951101E-08   0.252727E-08
   0.508500E+04  -0.226442E-08  -0.993540E-08   0.177125E-08
   0.508600E+04  -0.215674E-08  -0.946784E-08   0.576163E-09
   0.508700E+04  -0.180085E-08  -0.816291E-08  -0.933997E-09
   0.508800E+04  -0.122402E-08  -0.615716E-08  -0.260007E-08
   0.508900E+04  -0.476716E-09  -0.365517E-08  -0.424395E-08
   0.509000E+04   0.372533E-09  -0.908823E-09  -0.568668E-08
   0.509100E+04   0.124408E-08   0.180811E-08  -0.676671E-08
   0.509200E+04   0.205525E-08   0.422759E-08  -0.735634E-08
   0.509300E+04   0.272876E-08   0.611417E-08  -0.737481E-08
   0.509400E+04   0.320052E-08   0.728855E-08  -0.679664E-08
   0.509500E+04   0.342620E-08   0.764535E-08  -0.565432E-08
   0.509600E+04   0.338565E-08   0.716333E-08  -0.403533E-08
   0.509700E+04   0.308494E-08   0.590704E-08  -0.207346E-08
   0.509800E+04   0.255572E-08   0.401985E-08   0.643697E-10
   0.509900E+04   0.185189E-08   0.170886E-08   0.219463E-08
   0.510000E+04   0.104414E-08  -0.776474E-09   0.413528E-08
   0.510100E+04   0.212675E-09  -0.317008E-08   0.572367E-08
   0.510200E+04  -0.560960E-09  -0.521653E-08   0.683234E-08
   0.510300E+04  -0.120219E-08  -0.669718E-08   0.738121E-08
   0.510400E+04  -0.165099E-08  -0.745253E-08   0.734495E-08
   0.510500E+04  -0.186793E-08  -0.739840E-08   0.675472E-08
   0.510600E+04  -0.183814E-08  -0.653452E-08   0.569421E-08
   0.510700E+04  -0.157271E-08  -0.494441E-08   0.429044E-08
   0.510800E+04  -0.110741E-08  -0.278679E-08   0.270015E-08
   0.510900E+04  -0.498904E-09  -0.279341E-09   0.109341E-08
   0.511000E+04   0.181213E-09   0.232364E-08  -0.364082E-09
   0.511100E+04   0.853907E-09   0.475714E-08  -0.152800E-08
   0.511200E+04   0.144097E-08   0.677254E-08  -0.229006E-08
   0.511300E+04   0.187322E-08   0.816294E-08  -0.258882E-08
   0.511400E+04   0.209772E-08   0.878420E-08  -0.241551E-08
   0.511500E+04   0.208341E-08   0.856967E-08  -0.181433E-08
   0.511600E+04   0.182446E-08   0.753689E-08  -0.877148E-09
   0.511700E+04   0.134098E-08   0.578581E-08   0.266698E-09
   0.511800E+04   0.677160E-09   0.348856E-08   0.146461E-08
   0.511900E+04  -0.103162E-09   0.871967E-09   0.255733E-08
   0.512000E+04  -0.922934E-09  -0.180553E-08   0.339621E-08
   0.512100E+04  -0.169971E-08  -0.428009E-08   0.385944E-08
   0.512200E+04  -0.235404E-08  -0.630923E-08   0.386547E-08
   0.512300E+04  -0.281764E-08  -0.769628E-08   0.338219E-08
   0.512400E+04  -0.304038E-08  -0.831019E-08   0.243102E-08
   0.512500E+04  -0.299552E-08  -0.809858E-08   0.108537E-08
   0.512600E+04  -0.268256E-08  -0.709276E-08  -0.536328E-09
   0.512700E+04  -0.212745E-08  -0.540416E-08  -0.228241E-08
   0.512800E+04  -0.138007E-08  -0.321270E-08  -0.398325E-08
   0.512900E+04  -0.509372E-09  -0.748089E-09  -0.546853E-08
   0.513000E+04   0.403460E-09   0.173383E-08  -0.658481E-08
   0.513100E+04   0.127312E-08   0.397738E-08  -0.721142E-08
   0.513200E+04   0.201865E-08   0.575320E-08  -0.727318E-08
   0.513300E+04   0.257151E-08   0.688177E-08  -0.674858E-08
   0.513400E+04   0.288240E-08   0.725159E-08  -0.567252E-08
   0.513500E+04   0.292608E-08   0.683048E-08  -0.413341E-08
   0.513600E+04   0.270378E-08   0.566868E-08  -0.226478E-08
   0.513700E+04   0.224299E-08   0.389342E-08  -0.232331E-09
   0.513800E+04   0.159448E-08   0.169568E-08   0.178230E-08
   0.513900E+04   0.827023E-09  -0.689663E-09   0.359947E-08
   0.514000E+04   0.203675E-10  -0.300814E-08   0.505926E-08
   0.514100E+04  -0.742991E-09  -0.501206E-08   0.603724E-08
   0.514200E+04  -0.138622E-08  -0.648607E-08   0.645672E-08
   0.514300E+04  -0.184597E-08  -0.726952E-08   0.629613E-08
   0.514400E+04  -0.207879E-08  -0.727313E-08   0.559087E-08
   0.514500E+04  -0.206552E-08  -0.648834E-08   0.442942E-08
   0.514600E+04  -0.181310E-08  -0.498841E-08   0.294406E-08
   0.514700E+04  -0.135378E-08  -0.292107E-08   0.129720E-08
   0.514800E+04  -0.741665E-09  -0.493588E-09  -0.335336E-09
   0.514900E+04  -0.470289E-10   0.204834E-08  -0.178233E-08
   0.515000E+04   0.651026E-09   0.444563E-08  -0.289469E-08
   0.515100E+04   0.127285E-08   0.645232E-08  -0.356070E-08
   0.515200E+04   0.174657E-08   0.786063E-08  -0.371736E-08
   0.515300E+04   0.201566E-08   0.852233E-08  -0.335682E-08
   0.515400E+04   0.204491E-08   0.836393E-08  -0.252702E-08
   0.515500E+04   0.182425E-08   0.739428E-08  -0.132671E-08
   0.515600E+04   0.136999E-08   0.570384E-08   0.104825E-09
   0.515700E+04   0.723350E-09   0.345555E-08   0.160219E-08
   0.515800E+04  -0.535595E-10   0.868395E-09   0.299105E-08
   0.515900E+04  -0.883902E-09  -0.180481E-08   0.410628E-08
   0.516000E+04  -0.168384E-08  -0.430299E-08   0.480921E-08
   0.516100E+04  -0.237097E-08  -0.638329E-08   0.500226E-08
   0.516200E+04  -0.287269E-08  -0.784561E-08   0.463946E-08
   0.516300E+04  -0.313361E-08  -0.855278E-08   0.373171E-08
   0.516400E+04  -0.312117E-08  -0.844432E-08   0.234639E-08
   0.516500E+04  -0.282912E-08  -0.754228E-08   0.601125E-09
   0.516600E+04  -0.227824E-08  -0.594875E-08  -0.134746E-08
   0.516700E+04  -0.151442E-08  -0.383507E-08  -0.331899E-08
   0.516800E+04  -0.604198E-09  -0.142404E-08  -0.512710E-08
   0.516900E+04   0.371767E-09   0.103307E-08  -0.659773E-08
   0.517000E+04   0.132661E-08   0.328255E-08  -0.758638E-08
   0.517100E+04   0.217577E-08   0.509430E-08  -0.799236E-08
   0.517200E+04   0.284532E-08   0.628561E-08  -0.776876E-08
   0.517300E+04   0.327908E-08   0.673988E-08  -0.692709E-08
   0.517400E+04   0.344402E-08   0.641862E-08  -0.553611E-08
   0.517500E+04   0.333327E-08   0.536540E-08  -0.371505E-08
   0.517600E+04   0.296650E-08   0.370119E-08  -0.162190E-08
   0.517700E+04   0.238761E-08   0.161191E-08   0.562137E-09
   0.517800E+04   0.166000E-08  -0.670964E-09   0.265023E-08
   0.517900E+04   0.859944E-09  -0.289441E-08   0.446803E-08
   0.518000E+04   0.686391E-10  -0.481021E-08   0.587028E-08
   0.518100E+04  -0.636100E-09  -0.620090E-08   0.675439E-08
   0.518200E+04  -0.118777E-08  -0.690263E-08   0.706953E-08
   0.518300E+04  -0.153789E-08  -0.682260E-08   0.682052E-08
   0.518400E+04  -0.166072E-08  -0.594926E-08   0.606598E-08
   0.518500E+04  -0.155571E-08  -0.435417E-08   0.491111E-08
   0.518600E+04  -0.124722E-08  -0.218540E-08   0.349589E-08
   0.518700E+04  -0.781657E-09   0.347026E-09   0.197988E-08
   0.518800E+04  -0.222351E-09   0.299207E-08   0.525266E-09
   0.518900E+04   0.357347E-09   0.548296E-08  -0.720086E-09
   0.519000E+04   0.882015E-09   0.756425E-08  -0.163784E-08
   0.519100E+04   0.128231E-08   0.901779E-08  -0.215106E-08
   0.519200E+04   0.150248E-08   0.968522E-08  -0.223160E-08
   0.519300E+04   0.150650E-08   0.948439E-08  -0.190215E-08
   0.519400E+04   0.128210E-08   0.841824E-08  -0.123291E-08
   0.519500E+04   0.842321E-09   0.657515E-08  -0.333157E-09
   0.519600E+04   0.224484E-09   0.412060E-08   0.661363E-09
   0.519700E+04  -0.513479E-09   0.128120E-08   0.160382E-08
   0.519800E+04  -0.129882E-08  -0.167764E-08   0.235293E-08
   0.519900E+04  -0.205140E-08  -0.447781E-08   0.278892E-08
   0.520000E+04  -0.269192E-08  -0.685608E-08   0.282733E-08
   0.520100E+04  -0.315018E-08  -0.859015E-08   0.242899E-08
   0.520200E+04  -0.337243E-08  -0.952058E-08   0.160520E-08
   0.520300E+04  -0.332721E-08  -0.956653E-08   0.417509E-09
   0.520400E+04  -0.300882E-08  -0.873362E-08  -0.102785E-08
   0.520500E+04  -0.243837E-08  -0.711306E-08  -0.259052E-08
   0.520600E+04  -0.166194E-08  -0.487229E-08  -0.411022E-08
   0.520700E+04  -0.746365E-09  -0.223806E-08  -0.542344E-08
   0.520800E+04   0.227217E-09   0.526479E-09  -0.638068E-08
   0.520900E+04   0.117125E-08   0.314818E-08  -0.686252E-08
   0.521000E+04   0.200034E-08   0.537117E-08  -0.679288E-08
   0.521100E+04   0.263968E-08   0.698239E-08  -0.614802E-08
   0.521200E+04   0.303244E-08   0.783250E-08  -0.496035E-08
   0.521300E+04   0.314538E-08   0.785050E-08  -0.331649E-08
   0.521400E+04   0.297213E-08   0.705017E-08  -0.134988E-08
   0.521500E+04   0.253383E-08   0.552798E-08   0.771499E-09
   0.521600E+04   0.187696E-08   0.345268E-08   0.286104E-08
   0.521700E+04   0.106874E-08   0.104755E-08   0.473148E-08
   0.521800E+04   0.190359E-09  -0.143277E-08   0.621315E-08
   0.521900E+04  -0.671057E-09  -0.372851E-08   0.717065E-08
   0.522000E+04  -0.143115E-08  -0.560142E-08   0.751633E-08
   0.522100E+04  -0.201665E-08  -0.685902E-08   0.721911E-08
   0.522200E+04  -0.237263E-08  -0.737414E-08   0.630775E-08
   0.522300E+04  -0.246781E-08  -0.709761E-08   0.486834E-08
   0.522400E+04  -0.229752E-08  -0.606298E-08   0.303607E-08
   0.522500E+04  -0.188395E-08  -0.438264E-08   0.982205E-09
   0.522600E+04  -0.127368E-08  -0.223591E-08  -0.110254E-08
   0.522700E+04  -0.532776E-09   0.149736E-09  -0.302644E-08
   0.522800E+04   0.260072E-09   0.252233E-08  -0.461535E-08
   0.522900E+04   0.102166E-08   0.463161E-08  -0.572945E-08
   0.523000E+04   0.167281E-08   0.625493E-08  -0.627652E-08
   0.523100E+04   0.214641E-08   0.722033E-08  -0.622053E-08
   0.523200E+04   0.239425E-08   0.742435E-08  -0.558450E-08
   0.523300E+04   0.239188E-08   0.684280E-08  -0.444757E-08
   0.523400E+04   0.214098E-08   0.553332E-08  -0.293645E-08
   0.523500E+04   0.166911E-08   0.362956E-08  -0.121221E-08
   0.523600E+04   0.102673E-08   0.132749E-08   0.546259E-09
   0.523700E+04   0.281978E-09  -0.113468E-08   0.216048E-08
   0.523800E+04  -0.486458E-09  -0.350099E-08   0.347035E-08
   0.523900E+04  -0.119748E-08  -0.552403E-08   0.435018E-08
   0.524000E+04  -0.177598E-08  -0.699040E-08   0.472104E-08
   0.524100E+04  -0.216058E-08  -0.774281E-08   0.455829E-08
   0.524200E+04  -0.231005E-08  -0.769632E-08   0.389348E-08
   0.524300E+04  -0.220754E-08  -0.684734E-08   0.281053E-08
   0.524400E+04  -0.186237E-08  -0.527421E-08   0.143650E-08
   0.524500E+04  -0.130918E-08  -0.312948E-08  -0.719623E-10
   0.524600E+04  -0.604349E-09  -0.624567E-09  -0.154519E-08
   0.524700E+04   0.179657E-09   0.199164E-08  -0.281831E-08
   0.524800E+04   0.961728E-09   0.445801E-08  -0.374850E-08
   0.524900E+04   0.166037E-08   0.652765E-08  -0.422994E-08
   0.525000E+04   0.220206E-08   0.799304E-08  -0.420481E-08
   0.525100E+04   0.252875E-08   0.870712E-08  -0.366942E-08
   0.525200E+04   0.260389E-08   0.859824E-08  -0.267463E-08
   0.525300E+04   0.241619E-08   0.767749E-08  -0.132069E-08
   0.525400E+04   0.198085E-08   0.603759E-08   0.253111E-09
   0.525500E+04   0.133811E-08   0.384346E-08   0.188277E-08
   0.525600E+04   0.549269E-09   0.131545E-08   0.339650E-08
   0.525700E+04  -0.309514E-09  -0.129303E-08   0.463249E-08
   0.525800E+04  -0.115482E-08  -0.372129E-08   0.545569E-08
   0.525900E+04  -0.190439E-08  -0.572784E-08   0.577184E-08
   0.526000E+04  -0.248539E-08  -0.711491E-08   0.553739E-08
   0.526100E+04  -0.284169E-08  -0.774847E-08   0.476421E-08
   0.526200E+04  -0.293957E-08  -0.757185E-08   0.351863E-08
   0.526300E+04  -0.277095E-08  -0.661130E-08   0.191495E-08
   0.526400E+04  -0.235425E-08  -0.497324E-08   0.103976E-09
   0.526500E+04  -0.173236E-08  -0.283321E-08  -0.174217E-08
   0.526600E+04  -0.968299E-09  -0.417903E-09  -0.344737E-08
   0.526700E+04  -0.138723E-09   0.201815E-08  -0.484940E-08
   0.526800E+04   0.673850E-09   0.421867E-08  -0.581623E-08
   0.526900E+04   0.138943E-08   0.595183E-08  -0.625942E-08
   0.527000E+04   0.193866E-08   0.703412E-08  -0.614297E-08
   0.527100E+04   0.226981E-08   0.734909E-08  -0.548688E-08
   0.527200E+04   0.235395E-08   0.685938E-08  -0.436494E-08
   0.527300E+04   0.218781E-08   0.561057E-08  -0.289708E-08
   0.527400E+04   0.179399E-08   0.372666E-08  -0.123699E-08
   0.527500E+04   0.121854E-08   0.139748E-08   0.443726E-09
   0.527600E+04   0.526153E-09  -0.114066E-08   0.197319E-08
   0.527700E+04  -0.206568E-09  -0.362901E-08   0.319691E-08
   0.527800E+04  -0.898999E-09  -0.581274E-08   0.399371E-08
   0.527900E+04  -0.147484E-08  -0.746699E-08   0.428813E-08
   0.528000E+04  -0.186997E-08  -0.841975E-08   0.405826E-08
   0.528100E+04  -0.203908E-08  -0.856951E-08   0.333791E-08
   0.528200E+04  -0.196039E-08  -0.789566E-08   0.221322E-08
   0.528300E+04  -0.163788E-08  -0.646067E-08   0.813718E-09
   0.528400E+04  -0.110104E-08  -0.440386E-08  -0.701036E-09
   0.528500E+04  -0.401852E-09  -0.192728E-08  -0.215796E-08
   0.528600E+04   0.390369E-09   0.724680E-09  -0.338844E-08
   0.528700E+04   0.119602E-08   0.329007E-08  -0.424588E-08
   0.528800E+04   0.193321E-08   0.551589E-08  -0.462113E-08
   0.528900E+04   0.252605E-08   0.718368E-08  -0.445412E-08
   0.529000E+04   0.291233E-08   0.813159E-08  -0.374056E-08
   0.529100E+04   0.304975E-08   0.827063E-08  -0.253291E-08
   0.529200E+04   0.292018E-08   0.759357E-08  -0.935647E-09
   0.529300E+04   0.253149E-08   0.617539E-08   0.904816E-09
   0.529400E+04   0.191672E-08   0.416552E-08   0.281455E-08
   0.529500E+04   0.113070E-08   0.177234E-08   0.460935E-08
   0.529600E+04   0.244557E-09  -0.758134E-09   0.611315E-08
   0.529700E+04  -0.661476E-09  -0.316750E-08   0.717564E-08
   0.529800E+04  -0.150608E-08  -0.521135E-08   0.768744E-08
   0.529900E+04  -0.221493E-08  -0.668421E-08   0.759116E-08
   0.530000E+04  -0.272807E-08  -0.744043E-08   0.688732E-08
   0.530100E+04  -0.300569E-08  -0.740895E-08   0.563450E-08
   0.530200E+04  -0.303189E-08  -0.660035E-08   0.394365E-08
   0.530300E+04  -0.281595E-08  -0.510559E-08   0.196722E-08
   0.530400E+04  -0.239101E-08  -0.308643E-08  -0.115849E-09
   0.530500E+04  -0.181033E-08  -0.758652E-09  -0.211777E-08
   0.530600E+04  -0.114154E-08   0.163030E-08  -0.386041E-08
   0.530700E+04  -0.459403E-09   0.382693E-08  -0.519270E-08
   0.530800E+04   0.162062E-09   0.559784E-08  -0.600538E-08
   0.530900E+04   0.657322E-09   0.675399E-08  -0.624141E-08
   0.531000E+04   0.976148E-09   0.717019E-08  -0.590115E-08
   0.531100E+04   0.108879E-08   0.679825E-08  -0.504171E-08
   0.531200E+04   0.988958E-09   0.567209E-08  -0.377069E-08
   0.531300E+04   0.694388E-09   0.390444E-08  -0.223473E-08
   0.531400E+04   0.244796E-09   0.167549E-08  -0.604327E-09
   0.531500E+04  -0.302411E-09  -0.785535E-09   0.943739E-09
   0.531600E+04  -0.878322E-09  -0.322375E-08   0.224447E-08
   0.531700E+04  -0.140991E-08  -0.538480E-08   0.316141E-08
   0.531800E+04  -0.182789E-08  -0.704101E-08   0.360040E-08
   0.531900E+04  -0.207417E-08  -0.801492E-08   0.351892E-08
   0.532000E+04  -0.210818E-08  -0.819771E-08   0.293007E-08
   0.532100E+04  -0.191142E-08  -0.756074E-08   0.190091E-08
   0.532200E+04  -0.148963E-08  -0.615885E-08   0.545166E-09
   0.532300E+04  -0.872543E-09  -0.412526E-08  -0.988755E-09
   0.532400E+04  -0.111088E-09  -0.165834E-08  -0.253331E-08
   0.532500E+04   0.727648E-09   0.998197E-09  -0.391926E-08
   0.532600E+04   0.156713E-08   0.357984E-08  -0.499328E-08
   0.532700E+04   0.232913E-08   0.582801E-08  -0.563384E-08
   0.532800E+04   0.294171E-08   0.751623E-08  -0.576381E-08
   0.532900E+04   0.334659E-08   0.847317E-08  -0.535850E-08
   0.533000E+04   0.350518E-08   0.860016E-08  -0.444819E-08
   0.533100E+04   0.340264E-08   0.788136E-08  -0.311516E-08
   0.533200E+04   0.304950E-08   0.638561E-08  -0.148520E-08
   0.533300E+04   0.248073E-08   0.425970E-08   0.285225E-09
   0.533400E+04   0.175231E-08   0.171380E-08   0.202502E-08
   0.533500E+04   0.935592E-09  -0.999557E-09   0.356599E-08
   0.533600E+04   0.110197E-09  -0.361078E-08   0.476006E-08
   0.533700E+04  -0.644079E-09  -0.586025E-08   0.549445E-08
   0.533800E+04  -0.125531E-08  -0.752439E-08   0.570317E-08
   0.533900E+04  -0.166675E-08  -0.843805E-08   0.537377E-08
   0.534000E+04  -0.184256E-08  -0.851104E-08   0.454857E-08
   0.534100E+04  -0.177146E-08  -0.773712E-08   0.332022E-08
   0.534200E+04  -0.146785E-08  -0.619450E-08   0.182217E-08
   0.534300E+04  -0.970317E-09  -0.403784E-08   0.214848E-09
   0.534400E+04  -0.337673E-09  -0.148258E-08  -0.133082E-08
   0.534500E+04   0.357093E-09   0.121683E-08  -0.265110E-08
   0.534600E+04   0.103432E-08   0.379260E-08  -0.360632E-08
   0.534700E+04   0.161588E-08   0.599048E-08  -0.409532E-08
   0.534800E+04   0.203326E-08   0.759529E-08  -0.406594E-08
   0.534900E+04   0.223465E-08   0.845239E-08  -0.352051E-08
   0.535000E+04   0.219039E-08   0.848294E-08  -0.251573E-08
   0.535100E+04   0.189612E-08   0.769146E-08  -0.115693E-08
   0.535200E+04   0.137343E-08   0.616499E-08   0.412616E-09
   0.535300E+04   0.667781E-09   0.406380E-08   0.202635E-08
   0.535400E+04  -0.155962E-09   0.160479E-08   0.351147E-08
   0.535500E+04  -0.101997E-08  -0.960810E-09   0.470673E-08
   0.535600E+04  -0.184128E-08  -0.337313E-08   0.547900E-08
   0.535700E+04  -0.254008E-08  -0.539012E-08   0.573711E-08
   0.535800E+04  -0.304783E-08  -0.681209E-08   0.544138E-08
   0.535900E+04  -0.331411E-08  -0.750180E-08   0.460793E-08
   0.536000E+04  -0.331174E-08  -0.739817E-08   0.330739E-08
   0.536100E+04  -0.303956E-08  -0.652205E-08   0.165798E-08
   0.536200E+04  -0.252253E-08  -0.497373E-08  -0.186238E-09
   0.536300E+04  -0.180927E-08  -0.292218E-08  -0.205072E-08
   0.536400E+04  -0.967110E-09  -0.587405E-09  -0.375794E-08
   0.536500E+04  -0.754194E-10   0.178244E-08  -0.514520E-08
   0.536600E+04   0.782427E-09   0.393671E-08  -0.608094E-08
   0.536700E+04   0.152736E-08   0.564820E-08  -0.647791E-08
   0.536800E+04   0.209252E-08   0.673651E-08  -0.630184E-08
   0.536900E+04   0.242986E-08   0.708663E-08  -0.557476E-08
   0.537000E+04   0.251480E-08   0.666074E-08  -0.437264E-08
   0.537100E+04   0.234858E-08   0.550207E-08  -0.281752E-08
   0.537200E+04   0.195779E-08   0.373040E-08  -0.106504E-08
   0.537300E+04   0.139148E-08   0.152971E-08   0.711415E-09
   0.537400E+04   0.715879E-09  -0.870815E-09   0.233830E-08
   0.537500E+04   0.741323E-11  -0.322035E-08   0.365947E-08
   0.537600E+04  -0.655336E-09  -0.527230E-08   0.455194E-08
   0.537700E+04  -0.119984E-08  -0.680974E-08   0.493809E-08
   0.537800E+04  -0.156720E-08  -0.766779E-08   0.479333E-08
   0.537900E+04  -0.171829E-08  -0.775071E-08   0.414816E-08
   0.538000E+04  -0.163786E-08  -0.704193E-08   0.308470E-08
   0.538100E+04  -0.133611E-08  -0.560591E-08   0.172780E-08
   0.538200E+04  -0.847673E-09  -0.358184E-08   0.231834E-09
   0.538300E+04  -0.227988E-09  -0.116956E-08  -0.123551E-08
   0.538400E+04   0.452472E-09   0.139063E-08  -0.251088E-08
   0.538500E+04   0.111558E-08   0.384237E-08  -0.345236E-08
   0.538600E+04   0.168377E-08   0.593932E-08  -0.395438E-08
   0.538700E+04   0.208824E-08   0.747010E-08  -0.395890E-08
   0.538800E+04   0.227632E-08   0.827990E-08  -0.346161E-08
   0.538900E+04   0.221723E-08   0.828612E-08  -0.251261E-08
   0.539000E+04   0.190556E-08   0.748681E-08  -0.121145E-08
   0.539100E+04   0.136231E-08   0.596087E-08   0.303016E-09
   0.539200E+04   0.633077E-09   0.385998E-08   0.186686E-08
   0.539300E+04  -0.216204E-09   0.139321E-08   0.330802E-08
   0.539400E+04  -0.110563E-08  -0.119425E-08   0.446413E-08
   0.539500E+04  -0.194920E-08  -0.364594E-08   0.519954E-08
   0.539600E+04  -0.266337E-08  -0.572017E-08   0.541964E-08
   0.539700E+04  -0.317541E-08  -0.721441E-08   0.508112E-08
   0.539800E+04  -0.343075E-08  -0.798577E-08   0.419708E-08
   0.539900E+04  -0.339856E-08  -0.796521E-08   0.283640E-08
   0.540000E+04  -0.307497E-08  -0.716430E-08   0.111744E-08
   0.540100E+04  -0.248369E-08  -0.567369E-08  -0.803265E-09
   0.540200E+04  -0.167383E-08  -0.365351E-08  -0.274627E-08
   0.540300E+04  -0.715222E-09  -0.131669E-08  -0.452688E-08
   0.540400E+04   0.308300E-09   0.109312E-08  -0.597337E-08
   0.540500E+04   0.130698E-08   0.332665E-08  -0.694405E-08
   0.540600E+04   0.219383E-08   0.515470E-08  -0.734137E-08
   0.540700E+04   0.289298E-08   0.639171E-08  -0.712164E-08
   0.540800E+04   0.334692E-08   0.691477E-08  -0.629942E-08
   0.540900E+04   0.352185E-08   0.667613E-08  -0.494618E-08
   0.541000E+04   0.341068E-08   0.570805E-08  -0.318320E-08
   0.541100E+04   0.303332E-08   0.411926E-08  -0.116971E-08
   0.541200E+04   0.243430E-08   0.208365E-08   0.912845E-09
   0.541300E+04   0.167794E-08  -0.177872E-09   0.287856E-08
   0.541400E+04   0.841598E-09  -0.242031E-08   0.455523E-08
   0.541500E+04   0.767647E-11  -0.440008E-08   0.580099E-08
   0.541600E+04  -0.744793E-09  -0.590036E-08   0.651783E-08
   0.541700E+04  -0.134810E-08  -0.675375E-08   0.666057E-08
   0.541800E+04  -0.175258E-08  -0.685987E-08   0.624052E-08
   0.541900E+04  -0.193137E-08  -0.619614E-08   0.532336E-08
   0.542000E+04  -0.188275E-08  -0.482045E-08   0.402160E-08
   0.542100E+04  -0.162990E-08  -0.286572E-08   0.248235E-08
   0.542200E+04  -0.121796E-08  -0.526607E-09   0.871740E-09
   0.542300E+04  -0.708871E-09   0.196018E-08  -0.642475E-09
   0.542400E+04  -0.174467E-09   0.433990E-08  -0.190825E-08
   0.542500E+04   0.311505E-09   0.636578E-08  -0.280479E-08
   0.542600E+04   0.681493E-09   0.782433E-08  -0.325472E-08
   0.542700E+04   0.881620E-09   0.855732E-08  -0.323157E-08
   0.542800E+04   0.877707E-09   0.847826E-08  -0.276193E-08
   0.542900E+04   0.659224E-09   0.758161E-08  -0.192198E-08
   0.543000E+04   0.240745E-09   0.594378E-08  -0.828835E-09
   0.543100E+04  -0.339257E-09   0.371588E-08   0.372414E-09
   0.543200E+04  -0.102216E-08   0.110881E-08   0.152460E-08
   0.543300E+04  -0.173510E-08  -0.162772E-08   0.247563E-08
   0.543400E+04  -0.239849E-08  -0.423012E-08   0.309516E-08
   0.543500E+04  -0.293428E-08  -0.644734E-08   0.328895E-08
   0.543600E+04  -0.327422E-08  -0.806603E-08   0.300950E-08
   0.543700E+04  -0.336720E-08  -0.893190E-08   0.226179E-08
   0.543800E+04  -0.318495E-08  -0.896519E-08   0.110350E-08
   0.543900E+04  -0.272544E-08  -0.816853E-08  -0.360307E-09
   0.544000E+04  -0.201372E-08  -0.662659E-08  -0.198754E-08
   0.544100E+04  -0.109998E-08  -0.449735E-08  -0.361344E-08
   0.544200E+04  -0.550452E-10  -0.199603E-08  -0.506741E-08
   0.544300E+04   0.103616E-08   0.626721E-09  -0.619071E-08
   0.544400E+04   0.208274E-08   0.311021E-08  -0.685308E-08
   0.544500E+04   0.299649E-08   0.521001E-08  -0.696667E-08
   0.544600E+04   0.370047E-08   0.672259E-08  -0.649578E-08
   0.544700E+04   0.413641E-08   0.750569E-08  -0.546136E-08
   0.544800E+04   0.427039E-08   0.749241E-08  -0.393986E-08
   0.544900E+04   0.409607E-08   0.669765E-08  -0.205643E-08
   0.545000E+04   0.363522E-08   0.521614E-08   0.268619E-10
   0.545100E+04   0.293557E-08   0.321238E-08   0.212658E-08
   0.545200E+04   0.206598E-08   0.903464E-09   0.405574E-08
   0.545300E+04   0.110964E-08  -0.146341E-08   0.564207E-08
   0.545400E+04   0.155879E-09  -0.363647E-08   0.674497E-08
   0.545500E+04  -0.708625E-09  -0.538528E-08   0.726925E-08
   0.545600E+04  -0.140826E-08  -0.652445E-08   0.717456E-08
   0.545700E+04  -0.188575E-08  -0.693265E-08   0.647926E-08
   0.545800E+04  -0.210755E-08  -0.656506E-08   0.525853E-08
   0.545900E+04  -0.206675E-08  -0.545790E-08   0.363683E-08
   0.546000E+04  -0.178334E-08  -0.372467E-08   0.177549E-08
   0.546100E+04  -0.130174E-08  -0.154444E-08  -0.143363E-09
   0.546200E+04  -0.685832E-09   0.856597E-09  -0.193485E-08
   0.546300E+04  -0.120809E-10   0.322844E-08  -0.342963E-08
   0.546400E+04   0.638543E-09   0.532301E-08  -0.449052E-08
   0.546500E+04   0.118908E-08   0.691974E-08  -0.502580E-08
   0.546600E+04   0.157462E-08   0.784837E-08  -0.499794E-08
   0.546700E+04   0.174898E-08   0.800652E-08  -0.442674E-08
   0.546800E+04   0.168954E-08   0.737048E-08  -0.338675E-08
   0.546900E+04   0.139942E-08   0.599779E-08  -0.199912E-08
   0.547000E+04   0.907140E-09   0.402160E-08  -0.418814E-09
   0.547100E+04   0.263564E-09   0.163725E-08   0.118154E-08
   0.547200E+04  -0.463506E-09  -0.917514E-09   0.262951E-08
   0.547300E+04  -0.119645E-08  -0.338674E-08   0.377058E-08
   0.547400E+04  -0.185599E-08  -0.552231E-08   0.448392E-08
   0.547500E+04  -0.236959E-08  -0.710925E-08   0.469470E-08
   0.547600E+04  -0.267907E-08  -0.798766E-08   0.438153E-08
   0.547700E+04  -0.274684E-08  -0.806913E-08   0.357847E-08
   0.547800E+04  -0.255999E-08  -0.734577E-08   0.237121E-08
   0.547900E+04  -0.213187E-08  -0.589114E-08   0.888081E-09
   0.548000E+04  -0.150088E-08  -0.385281E-08  -0.713399E-09
   0.548100E+04  -0.726760E-09  -0.143744E-08  -0.226296E-08
   0.548200E+04   0.115360E-09   0.111023E-08  -0.359528E-08
   0.548300E+04   0.942547E-09   0.353224E-08  -0.456717E-08
   0.548400E+04   0.167246E-08   0.558366E-08  -0.507250E-08
   0.548500E+04   0.223175E-08   0.705750E-08  -0.505324E-08
   0.548600E+04   0.256354E-08   0.780574E-08  -0.450566E-08
   0.548700E+04   0.263334E-08   0.775439E-08  -0.348082E-08
   0.548800E+04   0.243259E-08   0.691098E-08  -0.207955E-08
   0.548900E+04   0.197972E-08   0.536374E-08  -0.442198E-09
   0.549000E+04   0.131838E-08   0.327254E-08   0.126560E-08
   0.549100E+04   0.513147E-09   0.852568E-09   0.286981E-08
   0.549200E+04  -0.356891E-09  -0.164775E-08   0.420579E-08
   0.549300E+04  -0.120602E-08  -0.397209E-08   0.513509E-08
   0.549400E+04  -0.195050E-08  -0.588250E-08   0.555967E-08
   0.549500E+04  -0.251690E-08  -0.718371E-08   0.543193E-08
   0.549600E+04  -0.284947E-08  -0.774317E-08   0.475970E-08
   0.549700E+04  -0.291567E-08  -0.750461E-08   0.360554E-08
   0.549800E+04  -0.270937E-08  -0.649386E-08   0.208044E-08
   0.549900E+04  -0.225138E-08  -0.481630E-08   0.332670E-09
   0.550000E+04  -0.158723E-08  -0.264608E-08  -0.146720E-08
   0.550100E+04  -0.782516E-09  -0.208439E-09  -0.314352E-08
   0.550200E+04   0.838746E-10   0.224337E-08  -0.453331E-08
   0.550300E+04   0.927756E-09   0.445391E-08  -0.550260E-08
   0.550400E+04   0.166821E-08   0.619177E-08  -0.595990E-08
   0.550500E+04   0.223579E-08   0.727329E-08  -0.586523E-08
   0.550600E+04   0.257945E-08   0.758145E-08  -0.523391E-08
   0.550700E+04   0.267168E-08   0.707809E-08  -0.413471E-08
   0.550800E+04   0.251110E-08   0.580797E-08  -0.268250E-08
   0.550900E+04   0.212242E-08   0.389451E-08  -0.102627E-08
   0.551000E+04   0.155367E-08   0.152749E-08   0.666339E-09
   0.551100E+04   0.871105E-09  -0.105609E-08   0.222636E-08
   0.551200E+04   0.152106E-09  -0.359590E-08   0.350090E-08
   0.551300E+04  -0.522940E-09  -0.583461E-08   0.436880E-08
   0.551400E+04  -0.107914E-08  -0.754400E-08   0.475299E-08
   0.551500E+04  -0.145501E-08  -0.854807E-08   0.462825E-08
   0.551600E+04  -0.160900E-08  -0.874097E-08   0.402353E-08
   0.551700E+04  -0.152395E-08  -0.809782E-08   0.301867E-08
   0.551800E+04  -0.120905E-08  -0.667732E-08   0.173577E-08
   0.551900E+04  -0.699006E-09  -0.461598E-08   0.326199E-09
   0.552000E+04  -0.505969E-10  -0.211441E-08  -0.104552E-08
   0.552100E+04   0.663131E-09   0.582803E-09  -0.221923E-08
   0.552200E+04   0.136039E-08   0.321168E-08  -0.305626E-08
   0.552300E+04   0.195914E-08   0.551534E-08  -0.345436E-08
   0.552400E+04   0.238571E-08   0.726979E-08  -0.335890E-08
   0.552500E+04   0.258263E-08   0.830628E-08  -0.276920E-08
   0.552600E+04   0.251488E-08   0.852816E-08  -0.173919E-08
   0.552700E+04   0.217388E-08   0.792027E-08  -0.372483E-09
   0.552800E+04   0.157895E-08   0.655021E-08   0.118790E-08
   0.552900E+04   0.775750E-09   0.456118E-08   0.277390E-08
   0.553000E+04  -0.167722E-09   0.215720E-08   0.420959E-08
   0.553100E+04  -0.116760E-08  -0.417761E-09   0.532937E-08
   0.553200E+04  -0.213220E-08  -0.290461E-08   0.599530E-08
   0.553300E+04  -0.297088E-08  -0.505540E-08   0.611182E-08
   0.553400E+04  -0.360295E-08  -0.665837E-08   0.563634E-08
   0.553500E+04  -0.396560E-08  -0.755916E-08   0.458458E-08
   0.553600E+04  -0.402015E-08  -0.767612E-08   0.303013E-08
   0.553700E+04  -0.375590E-08  -0.700816E-08   0.109813E-08
   0.553800E+04  -0.319132E-08  -0.563429E-08  -0.104627E-08
   0.553900E+04  -0.237235E-08  -0.370502E-08  -0.321344E-08
   0.554000E+04  -0.136804E-08  -0.142649E-08  -0.520753E-08
   0.554100E+04  -0.263954E-09   0.961102E-09  -0.684537E-08
   0.554200E+04   0.846029E-09   0.320837E-08  -0.797427E-08
   0.554300E+04   0.186866E-08   0.508257E-08  -0.848693E-08
   0.554400E+04   0.272012E-08   0.639151E-08  -0.833199E-08
   0.554500E+04   0.333389E-08   0.700332E-08  -0.751910E-08
   0.554600E+04   0.366674E-08   0.685986E-08  -0.611806E-08
   0.554700E+04   0.370246E-08   0.598249E-08  -0.425216E-08
   0.554800E+04   0.345283E-08   0.446963E-08  -0.208625E-08
   0.554900E+04   0.295583E-08   0.248635E-08   0.189103E-09
   0.555000E+04   0.227127E-08   0.247045E-09   0.237590E-08
   0.555100E+04   0.147431E-08  -0.200698E-08   0.428759E-08
   0.555200E+04   0.647570E-09  -0.403270E-08   0.576667E-08
   0.555300E+04  -0.127387E-09  -0.561078E-08   0.669924E-08
   0.555400E+04  -0.778307E-09  -0.656854E-08   0.702516E-08
   0.555500E+04  -0.124939E-08  -0.679809E-08   0.674277E-08
   0.555600E+04  -0.150662E-08  -0.626783E-08   0.590777E-08
   0.555700E+04  -0.154072E-08  -0.502606E-08   0.462651E-08
   0.555800E+04  -0.136751E-08  -0.319632E-08   0.304429E-08
   0.555900E+04  -0.102555E-08  -0.964928E-09   0.132996E-08
   0.556000E+04  -0.571499E-09   0.143799E-08  -0.341491E-09
   0.556100E+04  -0.734705E-10   0.376208E-08  -0.180676E-08
   0.556200E+04   0.396661E-09   0.576256E-08  -0.293046E-08
   0.556300E+04   0.771375E-09   0.722550E-08  -0.361826E-08
   0.556400E+04   0.995092E-09   0.799011E-08  -0.382553E-08
   0.556500E+04   0.103045E-08   0.796563E-08  -0.356072E-08
   0.556600E+04   0.862607E-09   0.714115E-08  -0.288314E-08
   0.556700E+04   0.501113E-09   0.558729E-08  -0.189544E-08
   0.556800E+04  -0.208573E-10   0.344957E-08  -0.731652E-09
   0.556900E+04  -0.649843E-09   0.934110E-09   0.457953E-09
   0.557000E+04  -0.131766E-08  -0.171296E-08   0.152357E-08
   0.557100E+04  -0.194860E-08  -0.423019E-08   0.233235E-08
   0.557200E+04  -0.246759E-08  -0.636716E-08   0.278293E-08
   0.557300E+04  -0.280835E-08  -0.790986E-08   0.281652E-08
   0.557400E+04  -0.292075E-08  -0.870243E-08   0.242329E-08
   0.557500E+04  -0.277667E-08  -0.866309E-08   0.164356E-08
   0.557600E+04  -0.237352E-08  -0.779259E-08   0.563435E-09
   0.557700E+04  -0.173532E-08  -0.617442E-08  -0.694426E-09
   0.557800E+04  -0.910870E-09  -0.396656E-08  -0.198411E-08
   0.557900E+04   0.305113E-10  -0.138578E-08  -0.315229E-08
   0.558000E+04   0.100553E-08   0.131406E-08  -0.405508E-08
   0.558100E+04   0.192496E-08   0.386743E-08  -0.457393E-08
   0.558200E+04   0.270239E-08   0.602378E-08  -0.462909E-08
   0.558300E+04   0.326287E-08   0.757265E-08  -0.418905E-08
   0.558400E+04   0.355051E-08   0.836473E-08  -0.327498E-08
   0.558500E+04   0.353427E-08   0.832673E-08  -0.195967E-08
   0.558600E+04   0.321134E-08   0.746858E-08  -0.360980E-09
   0.558700E+04   0.260781E-08   0.588222E-08   0.136948E-08
   0.558800E+04   0.177644E-08   0.373209E-08   0.306144E-08
   0.558900E+04   0.791799E-09   0.123830E-08   0.454318E-08
   0.559000E+04  -0.256772E-09  -0.134573E-08   0.565920E-08
   0.559100E+04  -0.127367E-08  -0.375904E-08   0.628650E-08
   0.559200E+04  -0.216622E-08  -0.575949E-08   0.634770E-08
   0.559300E+04  -0.285358E-08  -0.714827E-08   0.581978E-08
   0.559400E+04  -0.327452E-08  -0.778982E-08   0.473742E-08
   0.559500E+04  -0.339326E-08  -0.762535E-08   0.319043E-08
   0.559600E+04  -0.320287E-08  -0.667845E-08   0.131577E-08
   0.559700E+04  -0.272578E-08  -0.505237E-08  -0.715427E-09
   0.559800E+04  -0.201148E-08  -0.291915E-08  -0.271431E-08
   0.559900E+04  -0.113149E-08  -0.501729E-09  -0.449272E-08
   0.560000E+04  -0.172275E-09   0.194899E-08  -0.588164E-08
   0.560100E+04   0.773288E-09   0.417996E-08  -0.674801E-08
   0.560200E+04   0.161505E-08   0.596194E-08  -0.700793E-08
   0.560300E+04   0.227434E-08   0.711294E-08  -0.663520E-08
   0.560400E+04   0.269158E-08   0.751674E-08  -0.566411E-08
   0.560500E+04   0.283185E-08   0.713471E-08  -0.418626E-08
   0.560600E+04   0.268805E-08   0.600957E-08  -0.234180E-08
   0.560700E+04   0.228120E-08   0.426083E-08  -0.305683E-09
   0.560800E+04   0.165793E-08   0.207236E-08   0.172932E-08
   0.560900E+04   0.885520E-09  -0.326680E-09   0.357152E-08
   0.561000E+04   0.447889E-10  -0.268551E-08   0.504901E-08
   0.561100E+04  -0.778179E-09  -0.475763E-08   0.602641E-08
   0.561200E+04  -0.150081E-08  -0.632630E-08   0.641789E-08
   0.561300E+04  -0.205233E-08  -0.722688E-08   0.619528E-08
   0.561400E+04  -0.238079E-08  -0.736393E-08   0.539047E-08
   0.561500E+04  -0.245807E-08  -0.672110E-08   0.409173E-08
   0.561600E+04  -0.228241E-08  -0.536294E-08   0.243449E-08
   0.561700E+04  -0.187817E-08  -0.342842E-08   0.587533E-09
   0.561800E+04  -0.129300E-08  -0.111668E-08  -0.126417E-08
   0.561900E+04  -0.592537E-09   0.133328E-08  -0.293805E-08
   0.562000E+04   0.146639E-09   0.366717E-08  -0.427212E-08
   0.562100E+04   0.845162E-09   0.564152E-08  -0.514106E-08
   0.562200E+04   0.142922E-08   0.704879E-08  -0.546837E-08
   0.562300E+04   0.183830E-08   0.773881E-08  -0.523356E-08
   0.562400E+04   0.203142E-08   0.763441E-08  -0.447354E-08
   0.562500E+04   0.199134E-08   0.673964E-08  -0.327828E-08
   0.562600E+04   0.172627E-08   0.513965E-08  -0.178094E-08
   0.562700E+04   0.126879E-08   0.299229E-08  -0.143835E-09
   0.562800E+04   0.672368E-09   0.512284E-09   0.145862E-08
   0.562900E+04   0.551899E-11  -0.205046E-08   0.285802E-08
   0.563000E+04  -0.655498E-09  -0.443622E-08   0.390933E-08
   0.563100E+04  -0.123486E-08  -0.640185E-08   0.450580E-08
   0.563200E+04  -0.166533E-08  -0.774558E-08   0.458976E-08
   0.563300E+04  -0.189546E-08  -0.832766E-08   0.415835E-08
   0.563400E+04  -0.189526E-08  -0.808472E-08   0.326350E-08
   0.563500E+04  -0.165952E-08  -0.703646E-08   0.200620E-08
   0.563600E+04  -0.120860E-08  -0.528384E-08   0.525777E-09
   0.563700E+04  -0.586561E-09  -0.299911E-08  -0.101492E-08
   0.563800E+04   0.143303E-09  -0.408491E-09  -0.244667E-08
   0.563900E+04   0.904866E-09   0.223053E-08  -0.361175E-08
   0.564000E+04   0.161705E-08   0.465518E-08  -0.438059E-08
   0.564100E+04   0.220226E-08   0.662390E-08  -0.466548E-08
   0.564200E+04   0.259454E-08   0.794069E-08  -0.442999E-08
   0.564300E+04   0.274664E-08   0.847494E-08  -0.369303E-08
   0.564400E+04   0.263514E-08   0.817453E-08  -0.252720E-08
   0.564500E+04   0.226328E-08   0.707106E-08  -0.105146E-08
   0.564600E+04   0.166101E-08   0.527663E-08   0.580949E-09
   0.564700E+04   0.882308E-09   0.297236E-08   0.219827E-08
   0.564800E+04   0.876247E-13   0.390095E-09   0.362801E-08
   0.564900E+04  -0.900958E-09  -0.221113E-08   0.471484E-08
   0.565000E+04  -0.173271E-08  -0.457130E-08   0.533695E-08
   0.565100E+04  -0.241244E-08  -0.645562E-08   0.541891E-08
   0.565200E+04  -0.287110E-08  -0.767827E-08   0.493998E-08
   0.565300E+04  -0.306040E-08  -0.812095E-08   0.393681E-08
   0.565400E+04  -0.295774E-08  -0.774469E-08   0.250026E-08
   0.565500E+04  -0.256873E-08  -0.659350E-08   0.766685E-09
   0.565600E+04  -0.192679E-08  -0.478961E-08  -0.109546E-08
   0.565700E+04  -0.109009E-08  -0.252074E-08  -0.290240E-08
   0.565800E+04  -0.135956E-09  -0.207724E-10  -0.447350E-08
   0.565900E+04   0.846624E-09   0.245424E-08  -0.564945E-08
   0.566000E+04   0.176563E-08   0.465226E-08  -0.630848E-08
   0.566100E+04   0.253500E-08   0.635102E-08  -0.637880E-08
   0.566200E+04   0.308297E-08   0.738055E-08  -0.584612E-08
   0.566300E+04   0.335903E-08   0.764045E-08  -0.475541E-08
   0.566400E+04   0.333875E-08   0.710991E-08  -0.320666E-08
   0.566500E+04   0.302601E-08   0.584960E-08  -0.134524E-08
   0.566600E+04   0.245243E-08   0.399518E-08   0.652479E-09
   0.566700E+04   0.167404E-08   0.174317E-08   0.259645E-08
   0.566800E+04   0.765587E-09  -0.669436E-09   0.430179E-08
   0.566900E+04  -0.187023E-09  -0.298968E-08   0.560706E-08
   0.567000E+04  -0.109527E-08  -0.497472E-08   0.639015E-08
   0.567100E+04  -0.187679E-08  -0.641691E-08   0.658032E-08
   0.567200E+04  -0.246341E-08  -0.716521E-08   0.616498E-08
   0.567300E+04  -0.280771E-08  -0.714077E-08   0.519067E-08
   0.567400E+04  -0.288739E-08  -0.634511E-08   0.375820E-08
   0.567500E+04  -0.270706E-08  -0.486000E-08   0.201220E-08
   0.567600E+04  -0.229727E-08  -0.283912E-08   0.126541E-09
   0.567700E+04  -0.171094E-08  -0.492299E-09  -0.171332E-08
   0.567800E+04  -0.101750E-08   0.193604E-08  -0.332892E-08
   0.567900E+04  -0.295428E-09   0.419203E-08  -0.456663E-08
   0.568000E+04   0.376096E-09   0.603846E-08  -0.531284E-08
   0.568100E+04   0.925475E-09   0.727932E-08  -0.550508E-08
   0.568200E+04   0.129615E-08   0.778008E-08  -0.513778E-08
   0.568300E+04   0.145243E-08   0.748172E-08  -0.426231E-08
   0.568400E+04   0.138302E-08   0.640710E-08  -0.298116E-08
   0.568500E+04   0.110207E-08   0.465888E-08  -0.143697E-08
   0.568600E+04   0.647420E-09   0.240935E-08   0.202478E-09
   0.568700E+04   0.764381E-10  -0.116935E-09   0.176178E-08
   0.568800E+04  -0.540272E-09  -0.266592E-08   0.307607E-08
   0.568900E+04  -0.112652E-08  -0.497984E-08   0.400808E-08
   0.569000E+04  -0.160880E-08  -0.682343E-08   0.446218E-08
   0.569100E+04  -0.192427E-08  -0.800804E-08   0.439410E-08
   0.569200E+04  -0.202771E-08  -0.841085E-08   0.381533E-08
   0.569300E+04  -0.189650E-08  -0.798762E-08   0.279171E-08
   0.569400E+04  -0.153342E-08  -0.677735E-08   0.143631E-08
   0.569500E+04  -0.966650E-09  -0.489855E-08  -0.102432E-09
   0.569600E+04  -0.247134E-09  -0.253740E-08  -0.165640E-08
   0.569700E+04   0.556427E-09   0.709693E-10  -0.305539E-08
   0.569800E+04   0.136455E-08   0.266618E-08  -0.414504E-08
   0.569900E+04   0.209512E-08   0.498890E-08  -0.480303E-08
   0.570000E+04   0.267190E-08   0.680704E-08  -0.495206E-08
   0.570100E+04   0.303253E-08   0.793920E-08  -0.456811E-08
   0.570200E+04   0.313516E-08   0.827303E-08  -0.368322E-08
   0.570300E+04   0.296311E-08   0.777656E-08  -0.238249E-08
   0.570400E+04   0.252693E-08   0.650135E-08  -0.795451E-09
   0.570500E+04   0.186369E-08   0.457726E-08   0.917046E-09
   0.570600E+04   0.103364E-08   0.219921E-08   0.257939E-08
   0.570700E+04   0.114385E-09  -0.392611E-09   0.401926E-08
   0.570800E+04  -0.806694E-09  -0.293708E-08   0.508556E-08
   0.570900E+04  -0.164111E-08  -0.517863E-08   0.566409E-08
   0.571000E+04  -0.230812E-08  -0.689310E-08   0.568969E-08
   0.571100E+04  -0.274282E-08  -0.791041E-08   0.515325E-08
   0.571200E+04  -0.290283E-08  -0.813162E-08   0.410315E-08
   0.571300E+04  -0.277256E-08  -0.753885E-08   0.264067E-08
   0.571400E+04  -0.236506E-08  -0.619691E-08   0.910113E-09
   0.571500E+04  -0.172079E-08  -0.424644E-08  -0.915686E-09
   0.571600E+04  -0.903775E-09  -0.188950E-08  -0.265272E-08
   0.571700E+04   0.464288E-11   0.631187E-09  -0.412447E-08
   0.571800E+04   0.913832E-09   0.305701E-08  -0.517989E-08
   0.571900E+04   0.173283E-08   0.513990E-08  -0.570892E-08
   0.572000E+04   0.237937E-08   0.666755E-08  -0.565387E-08
   0.572100E+04   0.278805E-08   0.748499E-08  -0.501562E-08
   0.572200E+04   0.291688E-08   0.751028E-08  -0.385383E-08
   0.572300E+04   0.275143E-08   0.674276E-08  -0.228132E-08
   0.572400E+04   0.230632E-08   0.526287E-08  -0.452914E-09
   0.572500E+04   0.162376E-08   0.322384E-08   0.144988E-08
   0.572600E+04   0.769381E-09   0.835906E-09   0.323700E-08
   0.572700E+04  -0.174264E-09  -0.165532E-08   0.472890E-08
   0.572800E+04  -0.111591E-08  -0.399397E-08   0.577454E-08
   0.572900E+04  -0.196461E-08  -0.594013E-08   0.626668E-08
   0.573000E+04  -0.263870E-08  -0.729432E-08   0.615270E-08
   0.573100E+04  -0.307386E-08  -0.791782E-08   0.544004E-08
   0.573200E+04  -0.322939E-08  -0.774681E-08   0.419557E-08
   0.573300E+04  -0.309214E-08  -0.679875E-08   0.253901E-08
   0.573400E+04  -0.267761E-08  -0.517050E-08   0.631056E-09
   0.573500E+04  -0.202830E-08  -0.302829E-08  -0.134260E-08
   0.573600E+04  -0.120926E-08  -0.590617E-09  -0.318977E-08
   0.573700E+04  -0.301503E-09   0.189419E-08  -0.473094E-08
   0.573800E+04   0.606210E-09   0.417343E-08  -0.581710E-08
   0.573900E+04   0.142625E-08   0.601588E-08  -0.634457E-08
   0.574000E+04   0.208088E-08   0.723548E-08  -0.626519E-08
   0.574100E+04   0.250990E-08   0.771028E-08  -0.559102E-08
   0.574200E+04   0.267652E-08   0.739492E-08  -0.439289E-08
   0.574300E+04   0.257081E-08   0.632507E-08  -0.279317E-08
   0.574400E+04   0.221043E-08   0.461378E-08  -0.953332E-09
   0.574500E+04   0.163851E-08   0.243969E-08   0.942378E-09
   0.574600E+04   0.919050E-09   0.286823E-10   0.270546E-08
   0.574700E+04   0.130132E-09  -0.236938E-08   0.416204E-08
   0.574800E+04  -0.644143E-09  -0.450632E-08   0.517027E-08
   0.574900E+04  -0.132235E-08  -0.616116E-08   0.563430E-08
   0.575000E+04  -0.183408E-08  -0.716279E-08   0.551371E-08
   0.575100E+04  -0.212707E-08  -0.740750E-08   0.482718E-08
   0.575200E+04  -0.217247E-08  -0.686963E-08   0.365028E-08
   0.575300E+04  -0.196763E-08  -0.560413E-08   0.210744E-08
   0.575400E+04  -0.153625E-08  -0.374091E-08   0.359109E-09
   0.575500E+04  -0.925726E-09  -0.147142E-08  -0.141473E-08
   0.575600E+04  -0.202169E-09   0.971048E-09  -0.303289E-08
   0.575700E+04   0.556551E-09   0.333540E-08  -0.433141E-08
   0.575800E+04   0.126891E-08   0.537858E-08  -0.518001E-08
   0.575900E+04   0.185819E-08   0.689060E-08  -0.549518E-08
   0.576000E+04   0.226040E-08   0.771622E-08  -0.524835E-08
   0.576100E+04   0.243090E-08   0.777093E-08  -0.446852E-08
   0.576200E+04   0.234897E-08   0.704972E-08  -0.323888E-08
   0.576300E+04   0.201992E-08   0.562765E-08  -0.168809E-08
   0.576400E+04   0.147453E-08   0.365219E-08   0.231427E-10
   0.576500E+04   0.765843E-09   0.132807E-08   0.171865E-08
   0.576600E+04  -0.362870E-10  -0.110376E-08   0.322488E-08
   0.576700E+04  -0.852389E-09  -0.339096E-08   0.438859E-08
   0.576800E+04  -0.160153E-08  -0.529584E-08   0.509248E-08
   0.576900E+04  -0.220960E-08  -0.661994E-08   0.526690E-08
   0.577000E+04  -0.261686E-08  -0.722459E-08   0.489682E-08
   0.577100E+04  -0.278401E-08  -0.704546E-08   0.402298E-08
   0.577200E+04  -0.269612E-08  -0.609938E-08   0.273749E-08
   0.577300E+04  -0.236404E-08  -0.448288E-08   0.117408E-08
   0.577400E+04  -0.182317E-08  -0.236253E-08  -0.505846E-09
   0.577500E+04  -0.112971E-08   0.419893E-10  -0.212995E-08
   0.577600E+04  -0.354704E-09   0.248030E-08  -0.353269E-08
   0.577700E+04   0.423289E-09   0.469700E-08  -0.457233E-08
   0.577800E+04   0.112639E-08   0.645797E-08  -0.514539E-08
   0.577900E+04   0.168545E-08   0.757454E-08  -0.519710E-08
   0.578000E+04   0.204712E-08   0.792317E-08  -0.472677E-08
   0.578100E+04   0.217932E-08   0.745846E-08  -0.378756E-08
   0.578200E+04   0.207445E-08   0.621829E-08  -0.248069E-08
   0.578300E+04   0.174998E-08   0.432043E-08  -0.944690E-09
   0.578400E+04   0.124651E-08   0.195093E-08   0.659160E-09
   0.578500E+04   0.623309E-09  -0.654430E-09   0.216372E-08
   0.578600E+04  -0.480281E-10  -0.323394E-08   0.341343E-08
   0.578700E+04  -0.691252E-09  -0.552643E-08   0.428044E-08
   0.578800E+04  -0.123362E-08  -0.729782E-08   0.467792E-08
   0.578900E+04  -0.161367E-08  -0.836506E-08   0.456894E-08
   0.579000E+04  -0.178788E-08  -0.861497E-08   0.397021E-08
   0.579100E+04  -0.173536E-08  -0.801603E-08   0.295019E-08
   0.579200E+04  -0.146022E-08  -0.662194E-08   0.162174E-08
   0.579300E+04  -0.991316E-09  -0.456664E-08   0.130239E-09
   0.579400E+04  -0.379302E-09  -0.205105E-08  -0.136185E-08
   0.579500E+04   0.308584E-09   0.676844E-09  -0.269212E-08
   0.579600E+04   0.995577E-09   0.334688E-08  -0.371540E-08
   0.579700E+04   0.160350E-08   0.569379E-08  -0.431919E-08
   0.579800E+04   0.206112E-08   0.748386E-08  -0.443568E-08
   0.579900E+04   0.231190E-08   0.853854E-08  -0.404913E-08
   0.580000E+04   0.232023E-08   0.875241E-08  -0.319781E-08
   0.580100E+04   0.207564E-08   0.810391E-08  -0.197028E-08
   0.580200E+04   0.159439E-08   0.665752E-08  -0.496395E-09
   0.580300E+04   0.918278E-09   0.455741E-08   0.106615E-08
   0.580400E+04   0.110852E-09   0.201295E-08   0.254819E-08
   0.580500E+04  -0.748771E-09  -0.722343E-09   0.378684E-08
   0.580600E+04  -0.157373E-08  -0.337619E-08   0.464276E-08
   0.580700E+04  -0.227820E-08  -0.568494E-08   0.501501E-08
   0.580800E+04  -0.278616E-08  -0.742002E-08   0.485218E-08
   0.580900E+04  -0.303936E-08  -0.841079E-08   0.415835E-08
   0.581000E+04  -0.300355E-08  -0.856158E-08   0.299343E-08
   0.581100E+04  -0.267240E-08  -0.786113E-08   0.146769E-08
   0.581200E+04  -0.206865E-08  -0.638348E-08  -0.268973E-09
   0.581300E+04  -0.124240E-08  -0.428028E-08  -0.204194E-08
   0.581400E+04  -0.266568E-09  -0.176529E-08  -0.366952E-08
   0.581500E+04   0.769928E-09   0.907389E-09  -0.498149E-08
   0.581600E+04   0.177067E-08   0.346907E-08  -0.583666E-08
   0.581700E+04   0.264106E-08   0.566363E-08  -0.613768E-08
   0.581800E+04   0.329763E-08   0.727334E-08  -0.584148E-08
   0.581900E+04   0.367621E-08   0.814068E-08  -0.496440E-08
   0.582000E+04   0.373838E-08   0.818402E-08  -0.358126E-08
   0.582100E+04   0.347539E-08   0.740553E-08  -0.181854E-08
   0.582200E+04   0.290918E-08   0.589058E-08   0.157738E-09
   0.582300E+04   0.209046E-08   0.379865E-08   0.215815E-08
   0.582400E+04   0.109393E-08   0.134681E-08   0.398860E-08
   0.582500E+04   0.111360E-10  -0.121270E-08   0.546956E-08
   0.582600E+04  -0.105829E-08  -0.361828E-08   0.645410E-08
   0.582700E+04  -0.201619E-08  -0.562574E-08   0.684267E-08
   0.582800E+04  -0.277537E-08  -0.703313E-08   0.659332E-08
   0.582900E+04  -0.326787E-08  -0.770119E-08   0.572620E-08
   0.583000E+04  -0.345149E-08  -0.756734E-08   0.432190E-08
   0.583100E+04  -0.331369E-08  -0.665179E-08   0.251378E-08
   0.583200E+04  -0.287261E-08  -0.505508E-08   0.475024E-09
   0.583300E+04  -0.217513E-08  -0.294748E-08  -0.159832E-08
   0.583400E+04  -0.129203E-08  -0.551234E-09  -0.350661E-08
   0.583500E+04  -0.311005E-09   0.188250E-08  -0.506621E-08
   0.583600E+04   0.672100E-09   0.409962E-08  -0.612765E-08
   0.583700E+04   0.156265E-08   0.586925E-08  -0.659030E-08
   0.583800E+04   0.227645E-08   0.700759E-08  -0.641224E-08
   0.583900E+04   0.274785E-08   0.739673E-08  -0.561431E-08
   0.584000E+04   0.293591E-08   0.699679E-08  -0.427794E-08
   0.584100E+04   0.282812E-08   0.584994E-08  -0.253693E-08
   0.584200E+04   0.244123E-08   0.407597E-08  -0.564101E-09
   0.584300E+04   0.181914E-08   0.185992E-08   0.144594E-08
   0.584400E+04   0.102821E-08  -0.567119E-09   0.329611E-08
   0.584500E+04   0.150262E-09  -0.295180E-08   0.480641E-08
   0.584600E+04  -0.725754E-09  -0.504477E-08   0.583159E-08
   0.584700E+04  -0.151280E-08  -0.662639E-08   0.627543E-08
   0.584800E+04  -0.213443E-08  -0.752953E-08   0.609996E-08
   0.584900E+04  -0.253230E-08  -0.765686E-08   0.532886E-08
   0.585000E+04  -0.267181E-08  -0.699107E-08   0.404472E-08
   0.585100E+04  -0.254518E-08  -0.559678E-08   0.238038E-08
   0.585200E+04  -0.217188E-08  -0.361415E-08   0.505344E-09
   0.585300E+04  -0.159619E-08  -0.124451E-08  -0.139146E-08
   0.585400E+04  -0.882307E-09   0.127012E-08  -0.312069E-08
   0.585500E+04  -0.107513E-09   0.367188E-08  -0.451157E-08
   0.585600E+04   0.645985E-09   0.571352E-08  -0.542885E-08
   0.585700E+04   0.129957E-08   0.718386E-08  -0.578611E-08
   0.585800E+04   0.178631E-08   0.792957E-08  -0.555407E-08
   0.585900E+04   0.205768E-08   0.787108E-08  -0.476299E-08
   0.586000E+04   0.208843E-08   0.701099E-08  -0.349919E-08
   0.586100E+04   0.187891E-08   0.543400E-08  -0.189583E-08
   0.586200E+04   0.145474E-08   0.329851E-08  -0.119050E-09
   0.586300E+04   0.863888E-09   0.820598E-09   0.164910E-08
   0.586400E+04   0.171428E-09  -0.174791E-08   0.322928E-08
   0.586500E+04  -0.547427E-09  -0.414514E-08   0.446296E-08
   0.586600E+04  -0.121529E-08  -0.612585E-08   0.522842E-08
   0.586700E+04  -0.176075E-08  -0.748663E-08   0.545275E-08
   0.586800E+04  -0.212581E-08  -0.808674E-08   0.511888E-08
   0.586900E+04  -0.227190E-08  -0.786268E-08   0.426682E-08
   0.587000E+04  -0.218383E-08  -0.683485E-08   0.298911E-08
   0.587100E+04  -0.187123E-08  -0.510573E-08   0.142089E-08
   0.587200E+04  -0.136742E-08  -0.284964E-08  -0.274274E-09
   0.587300E+04  -0.725788E-09  -0.295105E-09  -0.192142E-08
   0.587400E+04  -0.140634E-10   0.229828E-08  -0.335223E-08
   0.587500E+04   0.692885E-09   0.466622E-08  -0.442225E-08
   0.587600E+04   0.132099E-08   0.656665E-08  -0.502563E-08
   0.587700E+04   0.180481E-08   0.780442E-08  -0.510567E-08
   0.587800E+04   0.209448E-08   0.825128E-08  -0.466033E-08
   0.587900E+04   0.216092E-08   0.785910E-08  -0.374204E-08
   0.588000E+04   0.199896E-08   0.666489E-08  -0.245182E-08
   0.588100E+04   0.162782E-08   0.478724E-08  -0.928546E-09
   0.588200E+04   0.108918E-08   0.241445E-08   0.665826E-09
   0.588300E+04   0.442663E-09  -0.214514E-09   0.216320E-08
   0.588400E+04  -0.240374E-09  -0.283418E-08   0.340693E-08
   0.588500E+04  -0.884458E-09  -0.517948E-08   0.426812E-08
   0.588600E+04  -0.141801E-08  -0.701269E-08   0.465896E-08
   0.588700E+04  -0.178097E-08  -0.814757E-08   0.454178E-08
   0.588800E+04  -0.193130E-08  -0.846835E-08   0.393279E-08
   0.588900E+04  -0.184957E-08  -0.794152E-08   0.290025E-08
   0.589000E+04  -0.154117E-08  -0.661937E-08   0.155719E-08
   0.589100E+04  -0.103604E-08  -0.463476E-08   0.494084E-10
   0.589200E+04  -0.385654E-09  -0.218766E-08  -0.145983E-08
   0.589300E+04   0.342123E-09   0.475023E-09  -0.280701E-08
   0.589400E+04   0.107005E-08   0.308446E-08  -0.384561E-08
   0.589500E+04   0.171952E-08   0.537717E-08  -0.446152E-08
   0.589600E+04   0.221878E-08   0.712170E-08  -0.458515E-08
   0.589700E+04   0.251052E-08   0.814213E-08  -0.419886E-08
   0.589800E+04   0.255807E-08   0.833584E-08  -0.333904E-08
   0.589900E+04   0.234946E-08   0.768399E-08  -0.209249E-08
   0.590000E+04   0.189897E-08   0.625335E-08  -0.587575E-09
   0.590100E+04   0.124606E-08   0.418950E-08   0.101903E-08
   0.590200E+04   0.451565E-09   0.170208E-08   0.255856E-08
   0.590300E+04  -0.408216E-09  -0.956595E-09   0.386770E-08
   0.590400E+04  -0.124918E-08  -0.351708E-08   0.480573E-08
   0.590500E+04  -0.198786E-08  -0.572024E-08   0.526927E-08
   0.590600E+04  -0.255000E-08  -0.734346E-08   0.520333E-08
   0.590700E+04  -0.287810E-08  -0.822331E-08   0.460741E-08
   0.590800E+04  -0.293750E-08  -0.827202E-08   0.353587E-08
   0.590900E+04  -0.272004E-08  -0.748635E-08   0.209281E-08
   0.591000E+04  -0.224517E-08  -0.594783E-08   0.421648E-09
   0.591100E+04  -0.155820E-08  -0.381439E-08  -0.130936E-08
   0.591200E+04  -0.725967E-09  -0.130419E-08  -0.292426E-08
   0.591300E+04   0.169762E-09   0.132658E-08  -0.425738E-08
   0.591400E+04   0.104036E-08   0.380989E-08  -0.517044E-08
   0.591500E+04   0.179924E-08   0.589307E-08  -0.556690E-08
   0.591600E+04   0.237050E-08   0.736458E-08  -0.540208E-08
   0.591700E+04   0.269665E-08   0.807548E-08  -0.468811E-08
   0.591800E+04   0.274445E-08   0.795449E-08  -0.349302E-08
   0.591900E+04   0.250832E-08   0.701523E-08  -0.193416E-08
   0.592000E+04   0.201109E-08   0.535469E-08  -0.166551E-09
   0.592100E+04   0.130177E-08   0.314324E-08   0.163267E-08
   0.592200E+04   0.450779E-09   0.607227E-09   0.328213E-08
   0.592300E+04  -0.457008E-09  -0.199422E-08   0.461459E-08
   0.592400E+04  -0.133072E-08  -0.439563E-08   0.549395E-08
   0.592500E+04  -0.208252E-08  -0.635226E-08   0.582922E-08
   0.592600E+04  -0.263637E-08  -0.766511E-08   0.558384E-08
   0.592700E+04  -0.293564E-08  -0.820112E-08   0.477964E-08
   0.592800E+04  -0.294875E-08  -0.790671E-08   0.349481E-08
   0.592900E+04  -0.267234E-08  -0.681317E-08   0.185616E-08
   0.593000E+04  -0.213164E-08  -0.503338E-08   0.264740E-10
   0.593100E+04  -0.137789E-08  -0.275017E-08  -0.181184E-08
   0.593200E+04  -0.483315E-09  -0.197572E-09  -0.347512E-08
   0.593300E+04   0.466153E-09   0.236316E-08  -0.479697E-08
   0.593400E+04   0.137938E-08   0.467034E-08  -0.564506E-08
   0.593500E+04   0.216907E-08   0.648862E-08  -0.593451E-08
   0.593600E+04   0.276047E-08   0.763308E-08  -0.563648E-08
   0.593700E+04   0.309863E-08   0.798818E-08  -0.478110E-08
   0.593800E+04   0.315382E-08   0.751961E-08  -0.345449E-08
   0.593900E+04   0.292424E-08   0.627774E-08  -0.178998E-08
   0.594000E+04   0.243607E-08   0.439254E-08   0.452615E-10
   0.594100E+04   0.174056E-08   0.206026E-08   0.186715E-08
   0.594200E+04   0.908694E-09  -0.476680E-09   0.349328E-08
   0.594300E+04   0.239169E-10  -0.295448E-08   0.476128E-08
   0.594400E+04  -0.826409E-09  -0.511502E-08   0.554520E-08
   0.594500E+04  -0.155983E-08  -0.673234E-08   0.576814E-08
   0.594600E+04  -0.210711E-08  -0.763581E-08   0.540992E-08
   0.594700E+04  -0.241907E-08  -0.772777E-08   0.450893E-08
   0.594800E+04  -0.247141E-08  -0.699361E-08   0.315813E-08
   0.594900E+04  -0.226687E-08  -0.550348E-08   0.149545E-08
   0.595000E+04  -0.183468E-08  -0.340522E-08  -0.310314E-09
   0.595100E+04  -0.122724E-08  -0.909518E-09  -0.207677E-08
   0.595200E+04  -0.514411E-09   0.173157E-08  -0.362645E-08
   0.595300E+04   0.223868E-09   0.425018E-08  -0.480485E-08
   0.595400E+04   0.906073E-09   0.638994E-08  -0.549608E-08
   0.595500E+04   0.145765E-08   0.793212E-08  -0.563447E-08
   0.595600E+04   0.181884E-08   0.871794E-08  -0.521114E-08
   0.595700E+04   0.195090E-08   0.866486E-08  -0.427461E-08
   0.595800E+04   0.184014E-08   0.777505E-08  -0.292566E-08
   0.595900E+04   0.149936E-08   0.613533E-08  -0.130677E-08
   0.596000E+04   0.966436E-09   0.390842E-08   0.412625E-09
   0.596100E+04   0.300352E-09   0.131649E-08   0.205368E-08
   0.596200E+04  -0.425022E-09  -0.138130E-08   0.344656E-08
   0.596300E+04  -0.112871E-08  -0.391512E-08   0.444791E-08
   0.596400E+04  -0.173120E-08  -0.603185E-08   0.495562E-08
   0.596500E+04  -0.216287E-08  -0.752069E-08   0.491925E-08
   0.596600E+04  -0.237141E-08  -0.823465E-08   0.434519E-08
   0.596700E+04  -0.232754E-08  -0.810535E-08   0.329591E-08
   0.596800E+04  -0.202828E-08  -0.715000E-08   0.188348E-08
   0.596900E+04  -0.149757E-08  -0.546953E-08   0.257907E-09
   0.597000E+04  -0.784011E-09  -0.323834E-08  -0.140838E-08
   0.597100E+04   0.438272E-10  -0.686467E-09  -0.293842E-08
   0.597200E+04   0.904348E-09   0.192384E-08  -0.416904E-08
   0.597300E+04   0.171117E-08   0.432481E-08  -0.496784E-08
   0.597400E+04   0.238198E-08   0.627046E-08  -0.524696E-08
   0.597500E+04   0.284699E-08   0.756158E-08  -0.497231E-08
   0.597600E+04   0.305622E-08   0.806601E-08  -0.416725E-08
   0.597700E+04   0.298478E-08   0.773205E-08  -0.291041E-08
   0.597800E+04   0.263564E-08   0.659370E-08  -0.132769E-08
   0.597900E+04   0.203958E-08   0.476712E-08   0.420481E-09
   0.598000E+04   0.125229E-08   0.243873E-08   0.215563E-08
   0.598100E+04   0.348974E-09  -0.153793E-09   0.369951E-08
   0.598200E+04  -0.583141E-09  -0.274581E-08   0.489250E-08
   0.598300E+04  -0.145347E-08  -0.507273E-08   0.561005E-08
   0.598400E+04  -0.217719E-08  -0.689697E-08   0.577569E-08
   0.598500E+04  -0.268374E-08  -0.803222E-08   0.536904E-08
   0.598600E+04  -0.292402E-08  -0.836242E-08   0.442818E-08
   0.598700E+04  -0.287534E-08  -0.785358E-08   0.304595E-08
   0.598800E+04  -0.254381E-08  -0.655726E-08   0.136070E-08
   0.598900E+04  -0.196373E-08  -0.460531E-08  -0.457722E-09
   0.599000E+04  -0.119425E-08  -0.219640E-08  -0.222519E-08
   0.599100E+04  -0.313401E-09   0.424248E-09  -0.376209E-08
   0.599200E+04   0.589737E-09   0.298983E-08  -0.491170E-08
   0.599300E+04   0.142401E-08   0.523920E-08  -0.555625E-08
   0.599400E+04   0.210538E-08   0.694346E-08  -0.562912E-08
   0.599500E+04   0.256545E-08   0.792931E-08  -0.512178E-08
   0.599600E+04   0.275837E-08   0.809668E-08  -0.408487E-08
   0.599700E+04   0.266550E-08   0.742896E-08  -0.262321E-08
   0.599800E+04   0.229731E-08   0.599465E-08  -0.885276E-09
   0.599900E+04   0.169231E-08   0.394036E-08   0.951831E-09
   0.600000E+04   0.913201E-09   0.147588E-08   0.270036E-08
   0.600100E+04   0.404973E-10  -0.114723E-08   0.418105E-08
   0.600200E+04  -0.835654E-09  -0.366130E-08   0.524143E-08
   0.600300E+04  -0.162463E-08  -0.580979E-08   0.577148E-08
   0.600400E+04  -0.224457E-08  -0.737346E-08   0.571498E-08
   0.600500E+04  -0.263073E-08  -0.819271E-08   0.507543E-08
   0.600600E+04  -0.274214E-08  -0.818378E-08   0.391586E-08
   0.600700E+04  -0.256587E-08  -0.734733E-08   0.235263E-08
   0.600800E+04  -0.211841E-08  -0.576826E-08   0.543732E-09
   0.600900E+04  -0.144410E-08  -0.360711E-08  -0.132717E-08
   0.601000E+04  -0.610800E-09  -0.108363E-08  -0.306935E-08
   0.601100E+04   0.296972E-09   0.154561E-08  -0.450444E-08
   0.601200E+04   0.118650E-08   0.401341E-08  -0.548461E-08
   0.601300E+04   0.196623E-08   0.606910E-08  -0.590773E-08
   0.601400E+04   0.255504E-08   0.750411E-08  -0.572790E-08
   0.601500E+04   0.289048E-08   0.817315E-08  -0.496033E-08
   0.601600E+04   0.293515E-08   0.800896E-08  -0.367998E-08
   0.601700E+04   0.268061E-08   0.702912E-08  -0.201420E-08
   0.601800E+04   0.214830E-08   0.533415E-08  -0.129951E-09
   0.601900E+04   0.138760E-08   0.309716E-08   0.178298E-08
   0.602000E+04   0.470928E-09   0.546176E-09   0.353115E-08
   0.602100E+04  -0.513384E-09  -0.205922E-08   0.493701E-08
   0.602200E+04  -0.146983E-08  -0.445437E-08   0.585697E-08
   0.602300E+04  -0.230525E-08  -0.639654E-08   0.619598E-08
   0.602400E+04  -0.293806E-08  -0.768969E-08   0.591732E-08
   0.602500E+04  -0.330637E-08  -0.820440E-08   0.504642E-08
   0.602600E+04  -0.337417E-08  -0.789097E-08   0.366845E-08
   0.602700E+04  -0.313481E-08  -0.678445E-08   0.191990E-08
   0.602800E+04  -0.261173E-08  -0.500088E-08  -0.251351E-10
   0.602900E+04  -0.185600E-08  -0.272537E-08  -0.197240E-08
   0.603000E+04  -0.941276E-09  -0.193021E-09  -0.372706E-08
   0.603100E+04   0.436155E-10   0.233513E-08  -0.511330E-08
   0.603200E+04   0.100350E-08   0.459894E-08  -0.599208E-08
   0.603300E+04   0.184630E-08   0.636574E-08  -0.627516E-08
   0.603400E+04   0.249220E-08   0.745421E-08  -0.593402E-08
   0.603500E+04   0.288142E-08   0.775291E-08  -0.500277E-08
   0.603600E+04   0.298011E-08   0.723166E-08  -0.357471E-08
   0.603700E+04   0.278347E-08   0.594463E-08  -0.179297E-08
   0.603800E+04   0.231608E-08   0.402474E-08   0.163947E-09
   0.603900E+04   0.162921E-08   0.167004E-08   0.210012E-08
   0.604000E+04   0.795455E-09  -0.876620E-09   0.382195E-08
   0.604100E+04  -0.986613E-10  -0.335247E-08   0.515767E-08
   0.604200E+04  -0.961516E-09  -0.550179E-08   0.597460E-08
   0.604300E+04  -0.170563E-08  -0.710212E-08   0.619247E-08
   0.604400E+04  -0.225645E-08  -0.798711E-08   0.579140E-08
   0.604500E+04  -0.255976E-08  -0.806358E-08   0.481386E-08
   0.604600E+04  -0.258700E-08  -0.732117E-08   0.336021E-08
   0.604700E+04  -0.233795E-08  -0.583343E-08   0.157846E-08
   0.604800E+04  -0.184052E-08  -0.375039E-08  -0.350729E-09
   0.604900E+04  -0.114770E-08  -0.128324E-08  -0.223243E-08
   0.605000E+04  -0.331985E-09   0.131721E-08  -0.387715E-08
   0.605100E+04   0.522151E-09   0.378621E-08  -0.512001E-08
   0.605200E+04   0.132697E-08   0.587209E-08  -0.583733E-08
   0.605300E+04   0.200042E-08   0.736207E-08  -0.595908E-08
   0.605400E+04   0.247450E-08   0.810404E-08  -0.547583E-08
   0.605500E+04   0.270212E-08   0.802218E-08  -0.443955E-08
   0.605600E+04   0.266176E-08   0.712478E-08  -0.295818E-08
   0.605700E+04   0.235957E-08   0.550346E-08  -0.118452E-08
   0.605800E+04   0.182850E-08   0.332391E-08   0.699391E-09
   0.605900E+04   0.112483E-08   0.808949E-09   0.250083E-08
   0.606000E+04   0.322249E-09  -0.178414E-08   0.403605E-08
   0.606100E+04  -0.495848E-09  -0.418991E-08   0.514891E-08
   0.606200E+04  -0.124494E-08  -0.616187E-08   0.572673E-08
   0.606300E+04  -0.184811E-08  -0.749769E-08   0.571167E-08
   0.606400E+04  -0.224393E-08  -0.805991E-08   0.510650E-08
   0.606500E+04  -0.239272E-08  -0.779008E-08   0.397423E-08
   0.606600E+04  -0.228056E-08  -0.671473E-08   0.243156E-08
   0.606700E+04  -0.192067E-08  -0.494280E-08   0.636929E-09
   0.606800E+04  -0.135191E-08  -0.265455E-08  -0.122572E-08
   0.606900E+04  -0.634742E-09  -0.832159E-10  -0.296571E-08
   0.607000E+04   0.155078E-09   0.250876E-08  -0.440507E-08
   0.607100E+04   0.934348E-09   0.485650E-08  -0.539667E-08
   0.607200E+04   0.162101E-08   0.671977E-08  -0.583916E-08
   0.607300E+04   0.214263E-08   0.790746E-08  -0.568725E-08
   0.607400E+04   0.244383E-08   0.829719E-08  -0.495627E-08
   0.607500E+04   0.249199E-08   0.784783E-08  -0.372054E-08
   0.607600E+04   0.228060E-08   0.660371E-08  -0.210572E-08
   0.607700E+04   0.182988E-08   0.469024E-08  -0.275964E-09
   0.607800E+04   0.118473E-08   0.230108E-08   0.158284E-08
   0.607900E+04   0.410049E-09  -0.321546E-09   0.328203E-08
   0.608000E+04  -0.415896E-09  -0.291155E-08   0.464937E-08
   0.608100E+04  -0.120953E-08  -0.520611E-08   0.554656E-08
   0.608200E+04  -0.189056E-08  -0.697250E-08   0.588330E-08
   0.608300E+04  -0.239014E-08  -0.803185E-08   0.562639E-08
   0.608400E+04  -0.265798E-08  -0.827741E-08   0.480302E-08
   0.608500E+04  -0.266744E-08  -0.768546E-08   0.349792E-08
   0.608600E+04  -0.241819E-08  -0.631776E-08   0.184465E-08
   0.608700E+04  -0.193624E-08  -0.431523E-08   0.118955E-10
   0.608800E+04  -0.127120E-08  -0.188363E-08  -0.181377E-08
   0.608900E+04  -0.491129E-09   0.727532E-09  -0.344692E-08
   0.609000E+04   0.324447E-09   0.325042E-08  -0.472219E-08
   0.609100E+04   0.109276E-08   0.542628E-08  -0.551105E-08
   0.609200E+04   0.173627E-08   0.703190E-08  -0.573489E-08
   0.609300E+04   0.219064E-08   0.790245E-08  -0.537294E-08
   0.609400E+04   0.241129E-08   0.794838E-08  -0.446423E-08
   0.609500E+04   0.237795E-08   0.716463E-08  -0.310353E-08
   0.609600E+04   0.209662E-08   0.563122E-08  -0.143154E-08
   0.609700E+04   0.159897E-08   0.350511E-08   0.379544E-09
   0.609800E+04   0.938880E-09   0.100426E-08   0.214373E-08
   0.609900E+04   0.186914E-09  -0.161464E-08   0.368025E-08
   0.610000E+04  -0.577086E-09  -0.408237E-08   0.483202E-08
   0.610100E+04  -0.127228E-08  -0.614469E-08   0.548175E-08
   0.610200E+04  -0.182521E-08  -0.758835E-08   0.556378E-08
   0.610300E+04  -0.217744E-08  -0.826296E-08   0.507083E-08
   0.610400E+04  -0.229163E-08  -0.809646E-08   0.405460E-08
   0.610500E+04  -0.215538E-08  -0.710256E-08   0.262040E-08
   0.610600E+04  -0.178256E-08  -0.537950E-08   0.916344E-09
   0.610700E+04  -0.121186E-08  -0.310013E-08  -0.881937E-09
   0.610800E+04  -0.502822E-09  -0.494381E-09  -0.258930E-08
   0.610900E+04   0.270352E-09   0.217410E-08  -0.403007E-08
   0.611000E+04   0.102648E-08   0.463479E-08  -0.505609E-08
   0.611100E+04   0.168584E-08   0.663787E-08  -0.556186E-08
   0.611200E+04   0.217845E-08   0.797974E-08  -0.549536E-08
   0.611300E+04   0.245138E-08   0.852375E-08  -0.486337E-08
   0.611400E+04   0.247432E-08   0.821430E-08  -0.373075E-08
   0.611500E+04   0.224281E-08   0.708250E-08  -0.221377E-08
   0.611600E+04   0.177879E-08   0.524316E-08  -0.468212E-09
   0.611700E+04   0.112844E-08   0.288313E-08   0.132662E-08
   0.611800E+04   0.357517E-09   0.242359E-09   0.298629E-08
   0.611900E+04  -0.455380E-09  -0.241048E-08   0.434012E-08
   0.612000E+04  -0.122688E-08  -0.480536E-08   0.524873E-08
   0.612100E+04  -0.187743E-08  -0.669836E-08   0.561827E-08
   0.612200E+04  -0.233956E-08  -0.789652E-08   0.541010E-08
   0.612300E+04  -0.256486E-08  -0.827755E-08   0.464478E-08
   0.612400E+04  -0.252915E-08  -0.780227E-08   0.339994E-08
   0.612500E+04  -0.223503E-08  -0.651866E-08   0.180239E-08
   0.612600E+04  -0.171182E-08  -0.455705E-08   0.151295E-10
   0.612700E+04  -0.101266E-08  -0.211681E-08  -0.177933E-08
   0.612800E+04  -0.209163E-09   0.553856E-09  -0.339766E-08
   0.612900E+04   0.615811E-09   0.318318E-08  -0.467446E-08
   0.613000E+04   0.137663E-08   0.550353E-08  -0.547930E-08
   0.613100E+04   0.199367E-08   0.727862E-08  -0.572999E-08
   0.613200E+04   0.240153E-08   0.832762E-08  -0.540113E-08
   0.613300E+04   0.255582E-08   0.854356E-08  -0.452672E-08
   0.613400E+04   0.243787E-08   0.790427E-08  -0.319672E-08
   0.613500E+04   0.205685E-08   0.647462E-08  -0.154790E-08
   0.613600E+04   0.144898E-08   0.439997E-08   0.250155E-09
   0.613700E+04   0.674046E-09   0.189138E-08   0.201234E-08
   0.613800E+04  -0.190475E-09  -0.795903E-09   0.355702E-08
   0.613900E+04  -0.105721E-08  -0.338839E-08   0.472459E-08
   0.614000E+04  -0.183768E-08  -0.562223E-08   0.539391E-08
   0.614100E+04  -0.245121E-08  -0.727007E-08   0.549472E-08
   0.614200E+04  -0.283319E-08  -0.816424E-08   0.501494E-08
   0.614300E+04  -0.294169E-08  -0.821377E-08   0.400203E-08
   0.614400E+04  -0.276179E-08  -0.741375E-08   0.255817E-08
   0.614500E+04  -0.230726E-08  -0.584576E-08   0.830017E-09
   0.614600E+04  -0.161934E-08  -0.366962E-08  -0.100627E-08
   0.614700E+04  -0.762744E-09  -0.110710E-08  -0.276289E-08
   0.614800E+04   0.180729E-09   0.158065E-08  -0.425962E-08
   0.614900E+04   0.112027E-08   0.411971E-08  -0.534211E-08
   0.615000E+04   0.196508E-08   0.625124E-08  -0.589771E-08
   0.615100E+04   0.263342E-08   0.775781E-08  -0.586703E-08
   0.615200E+04   0.306074E-08   0.848557E-08  -0.525001E-08
   0.615300E+04   0.320611E-08   0.835983E-08  -0.410604E-08
   0.615400E+04   0.305624E-08   0.739262E-08  -0.254800E-08
   0.615500E+04   0.262680E-08   0.568143E-08  -0.730820E-09
   0.615600E+04   0.196083E-08   0.339923E-08   0.116419E-08
   0.615700E+04   0.112431E-08   0.776745E-09   0.294774E-08
   0.615800E+04   0.199587E-09  -0.192105E-08   0.444181E-08
   0.615900E+04  -0.722916E-09  -0.442198E-08   0.549767E-08
   0.616000E+04  -0.155376E-08  -0.647445E-08   0.601099E-08
   0.616100E+04  -0.221341E-08  -0.787303E-08   0.593245E-08
   0.616200E+04  -0.264012E-08  -0.847939E-08   0.527266E-08
   0.616300E+04  -0.279605E-08  -0.823635E-08   0.410110E-08
   0.616400E+04  -0.267084E-08  -0.717360E-08   0.253895E-08
   0.616500E+04  -0.228253E-08  -0.540459E-08   0.746796E-09
   0.616600E+04  -0.167550E-08  -0.311484E-08  -0.109182E-08
   0.616700E+04  -0.915806E-09  -0.542886E-09  -0.278906E-08
   0.616800E+04  -0.843221E-10   0.204420E-08  -0.417194E-08
   0.616900E+04   0.731577E-09   0.437817E-08  -0.509991E-08
   0.617000E+04   0.144697E-08   0.621708E-08  -0.547918E-08
   0.617100E+04   0.198804E-08   0.737013E-08  -0.527221E-08
   0.617200E+04   0.229957E-08   0.771718E-08  -0.450148E-08
   0.617300E+04   0.235050E-08   0.722112E-08  -0.324717E-08
   0.617400E+04   0.213700E-08   0.593170E-08  -0.163889E-08
   0.617500E+04   0.168275E-08   0.398044E-08   0.157582E-09
   0.617600E+04   0.103639E-08   0.156728E-08   0.195723E-08
   0.617700E+04   0.266475E-09  -0.105992E-08   0.357476E-08
   0.617800E+04  -0.545705E-09  -0.363070E-08   0.484349E-08
   0.617900E+04  -0.131447E-08  -0.587971E-08   0.563239E-08
   0.618000E+04  -0.195860E-08  -0.757388E-08   0.585944E-08
   0.618100E+04  -0.240969E-08  -0.853632E-08   0.550005E-08
   0.618200E+04  -0.261921E-08  -0.866453E-08   0.458948E-08
   0.618300E+04  -0.256345E-08  -0.794095E-08   0.321930E-08
   0.618400E+04  -0.224595E-08  -0.643493E-08   0.152801E-08
   0.618500E+04  -0.169719E-08  -0.429577E-08  -0.313136E-09
   0.618600E+04  -0.971433E-09  -0.173753E-08  -0.211757E-08
   0.618700E+04  -0.141157E-09   0.982678E-09  -0.370249E-08
   0.618800E+04   0.710317E-09   0.359089E-08  -0.490751E-08
   0.618900E+04   0.149737E-08   0.582422E-08  -0.561101E-08
   0.619000E+04   0.214081E-08   0.745770E-08  -0.574255E-08
   0.619100E+04   0.257596E-08   0.832721E-08  -0.529005E-08
   0.619200E+04   0.275925E-08   0.834633E-08  -0.430098E-08
   0.619300E+04   0.267264E-08   0.751514E-08  -0.287752E-08
   0.619400E+04   0.232540E-08   0.592030E-08  -0.116608E-08
   0.619500E+04   0.175318E-08   0.372627E-08   0.657627E-09
   0.619600E+04   0.101431E-08   0.115852E-08   0.240657E-08
   0.619700E+04   0.183788E-09  -0.151938E-08   0.390148E-08
   0.619800E+04  -0.654332E-09  -0.403270E-08   0.498915E-08
   0.619900E+04  -0.141558E-08  -0.612354E-08   0.555807E-08
   0.620000E+04  -0.202365E-08  -0.757722E-08   0.554977E-08
   0.620100E+04  -0.241818E-08  -0.824418E-08   0.496482E-08
   0.620200E+04  -0.256082E-08  -0.805533E-08   0.386269E-08
   0.620300E+04  -0.243911E-08  -0.702914E-08   0.235567E-08
   0.620400E+04  -0.206762E-08  -0.526981E-08   0.597373E-09
   0.620500E+04  -0.148637E-08  -0.295671E-08  -0.123296E-08
   0.620600E+04  -0.756618E-09  -0.326106E-09  -0.294879E-08
   0.620700E+04   0.455263E-10   0.235295E-08  -0.437535E-08
   0.620800E+04   0.836988E-09   0.480604E-08  -0.536743E-08
   0.620900E+04   0.153631E-08   0.678144E-08  -0.582424E-08
   0.621000E+04   0.207205E-08   0.807584E-08  -0.569966E-08
   0.621100E+04   0.239012E-08   0.855520E-08  -0.500688E-08
   0.621200E+04   0.245937E-08   0.816849E-08  -0.381704E-08
   0.621300E+04   0.227467E-08   0.695305E-08  -0.225188E-08
   0.621400E+04   0.185742E-08   0.503086E-08  -0.471246E-09
   0.621500E+04   0.125326E-08   0.259624E-08   0.134325E-08
   0.621600E+04   0.527234E-09  -0.103900E-09   0.300687E-08
   0.621700E+04  -0.242972E-09  -0.279512E-08   0.435061E-08
   0.621800E+04  -0.975203E-09  -0.520343E-08   0.523852E-08
   0.621900E+04  -0.159140E-08  -0.708322E-08   0.558154E-08
   0.622000E+04  -0.202579E-08  -0.824226E-08   0.534660E-08
   0.622100E+04  -0.223177E-08  -0.856143E-08   0.455994E-08
   0.622200E+04  -0.218686E-08  -0.800685E-08   0.330437E-08
   0.622300E+04  -0.189509E-08  -0.663348E-08   0.171070E-08
   0.622400E+04  -0.138671E-08  -0.457959E-08  -0.557326E-10
   0.622500E+04  -0.715130E-09  -0.205278E-08  -0.181202E-08
   0.622600E+04   0.485957E-10   0.691125E-09  -0.337652E-08
   0.622700E+04   0.823055E-09   0.337402E-08  -0.458752E-08
   0.622800E+04   0.152494E-08   0.572384E-08  -0.531987E-08
   0.622900E+04   0.207774E-08   0.750223E-08  -0.549782E-08
   0.623000E+04   0.241974E-08   0.852884E-08  -0.510283E-08
   0.623100E+04   0.251057E-08   0.869969E-08  -0.417550E-08
   0.623200E+04   0.233558E-08   0.799779E-08  -0.281142E-08
   0.623300E+04   0.190758E-08   0.649495E-08  -0.115136E-08
   0.623400E+04   0.126571E-08   0.434447E-08   0.633174E-09
   0.623500E+04   0.471724E-09   0.176558E-08   0.235757E-08
   0.623600E+04  -0.396269E-09  -0.978811E-09   0.384306E-08
   0.623700E+04  -0.125161E-08  -0.360887E-08   0.493519E-08
   0.623800E+04  -0.200791E-08  -0.585632E-08   0.551965E-08
   0.623900E+04  -0.258794E-08  -0.749172E-08   0.553419E-08
   0.624000E+04  -0.293148E-08  -0.834786E-08   0.497506E-08
   0.624100E+04  -0.300171E-08  -0.833675E-08   0.389752E-08
   0.624200E+04  -0.278905E-08  -0.745863E-08   0.241030E-08
   0.624300E+04  -0.231233E-08  -0.580197E-08   0.664516E-09
   0.624400E+04  -0.161711E-08  -0.353446E-08  -0.116172E-08
   0.624500E+04  -0.771212E-09  -0.886017E-09  -0.288155E-08
   0.624600E+04   0.142014E-09   0.187465E-08  -0.431847E-08
   0.624700E+04   0.103203E-08   0.446730E-08  -0.532453E-08
   0.624800E+04   0.181022E-08   0.662871E-08  -0.579549E-08
   0.624900E+04   0.239885E-08   0.813942E-08  -0.568164E-08
   0.625000E+04   0.273893E-08   0.884603E-08  -0.499302E-08
   0.625100E+04   0.279631E-08   0.867679E-08  -0.379852E-08
   0.625200E+04   0.256514E-08   0.764890E-08  -0.221897E-08
   0.625300E+04   0.206861E-08   0.586670E-08  -0.414912E-09
   0.625400E+04   0.135664E-08   0.351101E-08   0.142978E-08
   0.625500E+04   0.501013E-09   0.820720E-09   0.312660E-08
   0.625600E+04  -0.411895E-09  -0.193155E-08   0.450170E-08
   0.625700E+04  -0.128974E-08  -0.446722E-08   0.541371E-08
   0.625800E+04  -0.204351E-08  -0.653011E-08   0.576822E-08
   0.625900E+04  -0.259652E-08  -0.791253E-08   0.552757E-08
   0.626000E+04  -0.289216E-08  -0.847632E-08   0.471480E-08
   0.626100E+04  -0.289963E-08  -0.816697E-08   0.341143E-08
   0.626200E+04  -0.261709E-08  -0.701902E-08   0.174929E-08
   0.626300E+04  -0.207186E-08  -0.515252E-08  -0.102841E-09
   0.626400E+04  -0.131773E-08  -0.276074E-08  -0.195638E-08
   0.626500E+04  -0.429552E-09  -0.903618E-10  -0.362210E-08
   0.626600E+04   0.504311E-09   0.258369E-08  -0.492946E-08
   0.626700E+04   0.139085E-08   0.498632E-08  -0.574400E-08
   0.626800E+04   0.214178E-08   0.687035E-08  -0.598109E-08
   0.626900E+04   0.268249E-08   0.804174E-08  -0.561467E-08
   0.627000E+04   0.295949E-08   0.837937E-08  -0.467997E-08
   0.627100E+04   0.294586E-08   0.784738E-08  -0.327004E-08
   0.627200E+04   0.264389E-08   0.649885E-08  -0.152636E-08
   0.627300E+04   0.208488E-08   0.447035E-08   0.375515E-09
   0.627400E+04   0.132596E-08   0.196796E-08   0.224373E-08
   0.627500E+04   0.444224E-09  -0.753671E-09   0.388968E-08
   0.627600E+04  -0.470991E-09  -0.341742E-08   0.514716E-08
   0.627700E+04  -0.132721E-08  -0.575187E-08   0.588930E-08
   0.627800E+04  -0.203815E-08  -0.751907E-08   0.604150E-08
   0.627900E+04  -0.253246E-08  -0.853873E-08   0.558905E-08
   0.628000E+04  -0.276090E-08  -0.870664E-08   0.457861E-08
   0.628100E+04  -0.270133E-08  -0.800527E-08   0.311355E-08
   0.628200E+04  -0.236089E-08  -0.650554E-08   0.134335E-08
   0.628300E+04  -0.177526E-08  -0.435954E-08  -0.551549E-09
   0.628400E+04  -0.100499E-08  -0.178499E-08  -0.237818E-08
   0.628500E+04  -0.129353E-09   0.956989E-09  -0.395068E-08
   0.628600E+04   0.761766E-09   0.358852E-08  -0.510929E-08
   0.628700E+04   0.157696E-08   0.584337E-08  -0.573662E-08
   0.628800E+04   0.223262E-08   0.749406E-08  -0.576966E-08
   0.628900E+04   0.266140E-08   0.837510E-08  -0.520621E-08
   0.629000E+04   0.281902E-08   0.839982E-08  -0.410511E-08
   0.629100E+04   0.268882E-08   0.756918E-08  -0.258031E-08
   0.629200E+04   0.228335E-08   0.597160E-08  -0.789177E-09
   0.629300E+04   0.164311E-08   0.377386E-08   0.108354E-08
   0.629400E+04   0.832444E-09   0.120403E-08   0.284457E-08
   0.629500E+04  -0.670434E-10  -0.147195E-08   0.431190E-08
   0.629600E+04  -0.964760E-09  -0.397748E-08   0.533338E-08
   0.629700E+04  -0.177032E-08  -0.605363E-08   0.580234E-08
   0.629800E+04  -0.240272E-08  -0.748570E-08   0.566856E-08
   0.629900E+04  -0.279851E-08  -0.812517E-08   0.494346E-08
   0.630000E+04  -0.291825E-08  -0.790498E-08   0.369909E-08
   0.630100E+04  -0.275040E-08  -0.684645E-08   0.206078E-08
   0.630200E+04  -0.231252E-08  -0.505712E-08   0.194527E-09
   0.630300E+04  -0.164937E-08  -0.271982E-08  -0.170995E-08
   0.630400E+04  -0.828359E-09  -0.740201E-10  -0.345850E-08
   0.630500E+04   0.673828E-10   0.260865E-08  -0.487233E-08
   0.630600E+04   0.947453E-09   0.505216E-08  -0.580627E-08
   0.630700E+04   0.172339E-08   0.700432E-08  -0.616364E-08
   0.630800E+04   0.231766E-08   0.826264E-08  -0.590616E-08
   0.630900E+04   0.267151E-08   0.869507E-08  -0.505796E-08
   0.631000E+04   0.275092E-08   0.825363E-08  -0.370321E-08
   0.631100E+04   0.254996E-08   0.697942E-08  -0.197765E-08
   0.631200E+04   0.209136E-08   0.499854E-08  -0.548522E-10
   0.631300E+04   0.142412E-08   0.250937E-08   0.187136E-08
   0.631400E+04   0.618410E-09  -0.237587E-09   0.360665E-08
   0.631500E+04  -0.241649E-09  -0.296520E-08   0.497585E-08
   0.631600E+04  -0.106660E-08  -0.539789E-08   0.584083E-08
   0.631700E+04  -0.177084E-08  -0.728977E-08   0.611457E-08
   0.631800E+04  -0.228138E-08  -0.844966E-08   0.576998E-08
   0.631900E+04  -0.254533E-08  -0.876067E-08   0.484275E-08
   0.632000E+04  -0.253530E-08  -0.819210E-08   0.342771E-08
   0.632100E+04  -0.225218E-08  -0.680267E-08   0.166924E-08
   0.632200E+04  -0.172509E-08  -0.473459E-08  -0.253429E-09
   0.632300E+04  -0.100832E-08  -0.219905E-08  -0.214439E-08
   0.632400E+04  -0.175868E-09   0.545157E-09  -0.381098E-08
   0.632500E+04   0.686210E-09   0.321807E-08  -0.508343E-08
   0.632600E+04   0.148856E-08   0.554703E-08  -0.583203E-08
   0.632700E+04   0.214770E-08   0.729444E-08  -0.598043E-08
   0.632800E+04   0.259454E-08   0.828200E-08  -0.551334E-08
   0.632900E+04   0.278149E-08   0.840887E-08  -0.447810E-08
   0.633000E+04   0.268730E-08   0.766194E-08  -0.297987E-08
   0.633100E+04   0.231932E-08   0.611719E-08  -0.117092E-08
   0.633200E+04   0.171274E-08   0.393193E-08   0.764892E-09
   0.633300E+04   0.927076E-09   0.132876E-08   0.263081E-08
   0.633400E+04   0.400912E-10  -0.142711E-08   0.423723E-08
   0.633500E+04  -0.860050E-09  -0.405490E-08   0.542102E-08
   0.633600E+04  -0.168375E-08  -0.628695E-08   0.606210E-08
   0.633700E+04  -0.234905E-08  -0.789593E-08   0.609567E-08
   0.633800E+04  -0.278997E-08  -0.871810E-08   0.551882E-08
   0.633900E+04  -0.296315E-08  -0.866999E-08   0.439082E-08
   0.634000E+04  -0.285226E-08  -0.775693E-08   0.282703E-08
   0.634100E+04  -0.246959E-08  -0.607250E-08   0.987192E-09
   0.634200E+04  -0.185476E-08  -0.378898E-08  -0.940900E-09
   0.634300E+04  -0.107066E-08  -0.113980E-08  -0.276052E-08
   0.634400E+04  -0.196971E-09   0.160428E-08  -0.428606E-08
   0.634500E+04   0.677919E-09   0.416283E-08  -0.536198E-08
   0.634600E+04   0.146598E-08   0.627436E-08  -0.587861E-08
   0.634700E+04   0.208849E-08   0.772299E-08  -0.578339E-08
   0.634800E+04   0.248405E-08   0.836057E-08  -0.508617E-08
   0.634900E+04   0.261476E-08   0.812176E-08  -0.385826E-08
   0.635000E+04   0.247009E-08   0.703077E-08  -0.222509E-08
   0.635100E+04   0.206785E-08   0.519894E-08  -0.353492E-09
   0.635200E+04   0.145230E-08   0.281339E-08   0.156535E-08
   0.635300E+04   0.689551E-09   0.118011E-09   0.333540E-08
   0.635400E+04  -0.139269E-09  -0.261143E-08   0.477570E-08
   0.635500E+04  -0.946384E-09  -0.509535E-08   0.573890E-08
   0.635600E+04  -0.164642E-08  -0.707890E-08   0.612621E-08
   0.635700E+04  -0.216518E-08  -0.835788E-08   0.589748E-08
   0.635800E+04  -0.244732E-08  -0.879963E-08   0.507532E-08
   0.635900E+04  -0.246204E-08  -0.835654E-08   0.374276E-08
   0.636000E+04  -0.220630E-08  -0.707088E-08   0.203476E-08
   0.636100E+04  -0.170514E-08  -0.507055E-08   0.124453E-09
   0.636200E+04  -0.100918E-08  -0.255597E-08  -0.179452E-08
   0.636300E+04  -0.189461E-09   0.220252E-09  -0.352780E-08
   0.636400E+04   0.669826E-09   0.297917E-08  -0.490010E-08
   0.636500E+04   0.147994E-08   0.544388E-08  -0.577314E-08
   0.636600E+04   0.215668E-08   0.736775E-08  -0.605973E-08
   0.636700E+04   0.262903E-08   0.855956E-08  -0.573266E-08
   0.636800E+04   0.284648E-08   0.890299E-08  -0.482752E-08
   0.636900E+04   0.278424E-08   0.836838E-08  -0.343899E-08
   0.637000E+04   0.244583E-08   0.701577E-08  -0.171126E-08
   0.637100E+04   0.186286E-08   0.498865E-08   0.176785E-09
   0.637200E+04   0.109187E-08   0.249929E-08   0.202979E-08
   0.637300E+04   0.208653E-09  -0.193055E-09   0.365590E-08
   0.637400E+04  -0.699385E-09  -0.280865E-08   0.488640E-08
   0.637500E+04  -0.154205E-08  -0.507594E-08   0.559297E-08
   0.637600E+04  -0.223548E-08  -0.675938E-08   0.570081E-08
   0.637700E+04  -0.271066E-08  -0.768355E-08   0.519638E-08
   0.637800E+04  -0.292036E-08  -0.775117E-08   0.412880E-08
   0.637900E+04  -0.284398E-08  -0.695310E-08   0.260496E-08
   0.638000E+04  -0.248958E-08  -0.536937E-08   0.778647E-09
   0.638100E+04  -0.189309E-08  -0.316106E-08  -0.116508E-08
   0.638200E+04  -0.111464E-08  -0.553889E-09  -0.302871E-08
   0.638300E+04  -0.232525E-09   0.218478E-08  -0.462239E-08
   0.638400E+04   0.664783E-09   0.477327E-08  -0.578323E-08
   0.638500E+04   0.148753E-08   0.694436E-08  -0.639196E-08
   0.638600E+04   0.215374E-08   0.847264E-08  -0.638505E-08
   0.638700E+04   0.259748E-08   0.919758E-08  -0.576121E-08
   0.638800E+04   0.277547E-08   0.904005E-08  -0.458159E-08
   0.638900E+04   0.267132E-08   0.801051E-08  -0.296349E-08
   0.639000E+04   0.229714E-08   0.620810E-08  -0.106856E-08
   0.639100E+04   0.169217E-08   0.381061E-08   0.913715E-09
   0.639200E+04   0.918685E-09   0.105652E-08   0.278521E-08
   0.639300E+04   0.555475E-10  -0.177920E-08   0.435933E-08
   0.639400E+04  -0.809850E-09  -0.441311E-08   0.547991E-08
   0.639500E+04  -0.159053E-08  -0.658207E-08   0.603710E-08
   0.639600E+04  -0.220878E-08  -0.807003E-08   0.597844E-08
   0.639700E+04  -0.260403E-08  -0.873006E-08   0.531412E-08
   0.639800E+04  -0.273891E-08  -0.849929E-08   0.411586E-08
   0.639900E+04  -0.260297E-08  -0.740531E-08   0.250953E-08
   0.640000E+04  -0.221358E-08  -0.556335E-08   0.662159E-09
   0.640100E+04  -0.161398E-08  -0.316459E-08  -0.123508E-08
   0.640200E+04  -0.868686E-09  -0.456599E-09  -0.298649E-08
   0.640300E+04  -0.567264E-10   0.228186E-08  -0.441181E-08
   0.640400E+04   0.736612E-09   0.476927E-08  -0.536466E-08
   0.640500E+04   0.142864E-08   0.675005E-08  -0.574743E-08
   0.640600E+04   0.194787E-08   0.802066E-08  -0.552126E-08
   0.640700E+04   0.224135E-08   0.845032E-08  -0.470994E-08
   0.640800E+04   0.228022E-08   0.799439E-08  -0.339743E-08
   0.640900E+04   0.206260E-08   0.669890E-08  -0.171922E-08
   0.641000E+04   0.161379E-08   0.469588E-08   0.151571E-09
   0.641100E+04   0.983597E-09   0.218987E-08   0.202195E-08
   0.641200E+04   0.241149E-09  -0.562944E-09   0.369886E-08
   0.641300E+04  -0.532325E-09  -0.328089E-08   0.500895E-08
   0.641400E+04  -0.125197E-08  -0.568557E-08   0.581639E-08
   0.641500E+04  -0.183818E-08  -0.753027E-08   0.603681E-08
   0.641600E+04  -0.222493E-08  -0.862523E-08   0.564595E-08
   0.641700E+04  -0.236675E-08  -0.885701E-08   0.468225E-08
   0.641800E+04  -0.224356E-08  -0.820016E-08   0.324294E-08
   0.641900E+04  -0.186294E-08  -0.671986E-08   0.147414E-08
   0.642000E+04  -0.125949E-08  -0.456533E-08  -0.444053E-09
   0.642100E+04  -0.491438E-09  -0.195472E-08  -0.231593E-08
   0.642200E+04   0.365202E-09   0.847143E-09  -0.395020E-08
   0.642300E+04   0.122435E-08   0.355569E-08  -0.517956E-08
   0.642400E+04   0.199866E-08   0.589561E-08  -0.587784E-08
   0.642500E+04   0.260842E-08   0.762891E-08  -0.597289E-08
   0.642600E+04   0.298981E-08   0.857917E-08  -0.545408E-08
   0.642700E+04   0.310152E-08   0.864955E-08  -0.437341E-08
   0.642800E+04   0.292905E-08   0.783267E-08  -0.284029E-08
   0.642900E+04   0.248636E-08   0.621137E-08  -0.101039E-08
   0.643000E+04   0.181460E-08   0.395032E-08   0.930182E-09
   0.643100E+04   0.978054E-09   0.127917E-08   0.278386E-08
   0.643200E+04   0.576968E-10  -0.153077E-08   0.436180E-08
   0.643300E+04  -0.856906E-09  -0.419423E-08   0.550310E-08
   0.643400E+04  -0.167665E-08  -0.644103E-08   0.609132E-08
   0.643500E+04  -0.232190E-08  -0.804361E-08   0.606635E-08
   0.643600E+04  -0.273052E-08  -0.884028E-08   0.543060E-08
   0.643700E+04  -0.286421E-08  -0.875159E-08   0.424878E-08
   0.643800E+04  -0.271235E-08  -0.778849E-08   0.264136E-08
   0.643900E+04  -0.229308E-08  -0.605116E-08   0.772319E-09
   0.644000E+04  -0.165146E-08  -0.371875E-08  -0.116760E-08
   0.644100E+04  -0.854850E-09  -0.103105E-08  -0.298030E-08
   0.644200E+04   0.139277E-10   0.173597E-08  -0.448055E-08
   0.644300E+04   0.865037E-09   0.429840E-08  -0.551490E-08
   0.644400E+04   0.161079E-08   0.639340E-08  -0.597734E-08
   0.644500E+04   0.217457E-08   0.780605E-08  -0.582018E-08
   0.644600E+04   0.249866E-08   0.839138E-08  -0.505889E-08
   0.644700E+04   0.255011E-08   0.808914E-08  -0.377059E-08
   0.644800E+04   0.232412E-08   0.693006E-08  -0.208622E-08
   0.644900E+04   0.184447E-08   0.503272E-08  -0.177203E-09
   0.645000E+04   0.116113E-08   0.259147E-08   0.176205E-08
   0.645100E+04   0.345111E-09  -0.143350E-09   0.353391E-08
   0.645200E+04  -0.518787E-09  -0.289101E-08   0.495773E-08
   0.645300E+04  -0.134069E-08  -0.536902E-08   0.588826E-08
   0.645400E+04  -0.203487E-08  -0.732200E-08   0.623047E-08
   0.645500E+04  -0.252851E-08  -0.854781E-08   0.594925E-08
   0.645600E+04  -0.276924E-08  -0.891824E-08   0.507301E-08
   0.645700E+04  -0.273056E-08  -0.839215E-08   0.369081E-08
   0.645800E+04  -0.241454E-08  -0.701980E-08   0.194326E-08
   0.645900E+04  -0.185175E-08  -0.493779E-08   0.817033E-11
   0.646000E+04  -0.109816E-08  -0.235519E-08  -0.191756E-08
   0.646100E+04  -0.229447E-09   0.467674E-09  -0.363808E-08
   0.646200E+04   0.666638E-09   0.324573E-08  -0.497853E-08
   0.646300E+04   0.149927E-08   0.569818E-08  -0.580296E-08
   0.646400E+04   0.218381E-08   0.757715E-08  -0.602818E-08
   0.646500E+04   0.265047E-08   0.869291E-08  -0.563226E-08
   0.646600E+04   0.285149E-08   0.893325E-08  -0.465681E-08
   0.646700E+04   0.276605E-08   0.827493E-08  -0.320272E-08
   0.646800E+04   0.240253E-08   0.678609E-08  -0.141986E-08
   0.646900E+04   0.179766E-08   0.461932E-08   0.508209E-09
   0.647000E+04   0.101288E-08   0.199609E-08   0.238303E-08
   0.647100E+04   0.128178E-09  -0.815764E-09   0.401149E-08
   0.647200E+04  -0.766072E-09  -0.352936E-08   0.522563E-08
   0.647300E+04  -0.157825E-08  -0.586800E-08   0.589978E-08
   0.647400E+04  -0.222483E-08  -0.759341E-08   0.596351E-08
   0.647500E+04  -0.263891E-08  -0.853001E-08   0.540885E-08
   0.647600E+04  -0.277706E-08  -0.858281E-08   0.429116E-08
   0.647700E+04  -0.262380E-08  -0.774713E-08   0.272358E-08
   0.647800E+04  -0.219328E-08  -0.610909E-08   0.865484E-09
   0.647900E+04  -0.152790E-08  -0.383677E-08  -0.109373E-08
   0.648000E+04  -0.694095E-09  -0.116312E-08  -0.295394E-08
   0.648100E+04   0.224338E-09   0.163785E-08  -0.452476E-08
   0.648200E+04   0.113467E-08   0.427898E-08  -0.564493E-08
   0.648300E+04   0.194463E-08   0.648935E-08  -0.619889E-08
   0.648400E+04   0.257171E-08   0.804187E-08  -0.612854E-08
   0.648500E+04   0.295154E-08   0.877654E-08  -0.543931E-08
   0.648600E+04   0.304440E-08   0.861675E-08  -0.419962E-08
   0.648700E+04   0.283931E-08   0.757720E-08  -0.253401E-08
   0.648800E+04   0.235513E-08   0.576238E-08  -0.610483E-09
   0.648900E+04   0.163870E-08   0.335602E-08   0.137656E-08
   0.649000E+04   0.760145E-09   0.602313E-09   0.322611E-08
   0.649100E+04  -0.194183E-09  -0.221891E-08   0.475101E-08
   0.649200E+04  -0.113039E-08  -0.482072E-08   0.579703E-08
   0.649300E+04  -0.195650E-08  -0.693835E-08   0.625856E-08
   0.649400E+04  -0.259169E-08  -0.835619E-08   0.608944E-08
   0.649500E+04  -0.297443E-08  -0.892974E-08   0.530757E-08
   0.649600E+04  -0.306862E-08  -0.860044E-08   0.399321E-08
   0.649700E+04  -0.286718E-08  -0.740152E-08   0.228072E-08
   0.649800E+04  -0.239268E-08  -0.545473E-08   0.344875E-09
   0.649900E+04  -0.169498E-08  -0.295784E-08  -0.161693E-08
   0.650000E+04  -0.846123E-09  -0.164487E-09  -0.340484E-08
   0.650100E+04   0.670194E-10   0.264171E-08  -0.483693E-08
   0.650200E+04   0.951595E-09   0.517610E-08  -0.576778E-08
   0.650300E+04   0.171819E-08   0.718205E-08  -0.610332E-08
   0.650400E+04   0.228987E-08   0.845715E-08  -0.581046E-08
   0.650500E+04   0.260997E-08   0.887390E-08  -0.492046E-08
   0.650600E+04   0.264773E-08   0.839269E-08  -0.352578E-08
   0.650700E+04   0.240140E-08   0.706588E-08  -0.177064E-08
   0.650800E+04   0.189826E-08   0.503246E-08   0.163687E-09
   0.650900E+04   0.119176E-08   0.250381E-08   0.207738E-08
   0.651000E+04   0.356000E-09  -0.257850E-09   0.377248E-08
   0.651100E+04  -0.521885E-09  -0.296627E-08   0.507313E-08
   0.651200E+04  -0.135069E-08  -0.534049E-08   0.584360E-08
   0.651300E+04  -0.204443E-08  -0.713351E-08   0.600212E-08
   0.651400E+04  -0.253114E-08  -0.815770E-08   0.552938E-08
   0.651500E+04  -0.276018E-08  -0.830394E-08   0.447055E-08
   0.651600E+04  -0.270737E-08  -0.755297E-08   0.293074E-08
   0.651700E+04  -0.237739E-08  -0.597746E-08   0.106439E-08
   0.651800E+04  -0.180328E-08  -0.373468E-08  -0.940458E-09
   0.651900E+04  -0.104294E-08  -0.105064E-08  -0.288121E-08
   0.652000E+04  -0.173230E-09   0.180290E-08  -0.456138E-08
   0.652100E+04   0.717978E-09   0.453607E-08  -0.581059E-08
   0.652200E+04   0.154079E-08   0.687035E-08  -0.650189E-08
   0.652300E+04   0.221247E-08   0.856697E-08  -0.656471E-08
   0.652400E+04   0.266594E-08   0.945120E-08  -0.599208E-08
   0.652500E+04   0.285655E-08   0.943023E-08  -0.484129E-08
   0.652600E+04   0.276664E-08   0.850257E-08  -0.322809E-08
   0.652700E+04   0.240726E-08   0.675829E-08  -0.131491E-08
   0.652800E+04   0.181699E-08   0.436984E-08   0.705748E-09
   0.652900E+04   0.105791E-08   0.157451E-08   0.263085E-08
   0.653000E+04   0.209175E-09  -0.134971E-08   0.426757E-08
   0.653100E+04  -0.641149E-09  -0.411240E-08   0.545294E-08
   0.653200E+04  -0.140517E-08  -0.644032E-08   0.607043E-08
   0.653300E+04  -0.200422E-08  -0.810518E-08   0.606182E-08
   0.653400E+04  -0.237691E-08  -0.894682E-08   0.543313E-08
   0.653500E+04  -0.248548E-08  -0.888951E-08   0.425391E-08
   0.653600E+04  -0.231962E-08  -0.794957E-08   0.265016E-08
   0.653700E+04  -0.189755E-08  -0.623356E-08   0.791382E-09
   0.653800E+04  -0.126408E-08  -0.392736E-08  -0.112678E-08
   0.653900E+04  -0.486013E-09  -0.127699E-08  -0.290257E-08
   0.654000E+04   0.354804E-09   0.143653E-08  -0.434883E-08
   0.654100E+04   0.116991E-08   0.392609E-08  -0.531219E-08
   0.654200E+04   0.187337E-08   0.592792E-08  -0.568882E-08
   0.654300E+04   0.239072E-08   0.722865E-08  -0.543518E-08
   0.654400E+04   0.266661E-08   0.768729E-08  -0.457257E-08
   0.654500E+04   0.267064E-08   0.724976E-08  -0.318507E-08
   0.654600E+04   0.240051E-08   0.595461E-08  -0.141109E-08
   0.654700E+04   0.188234E-08   0.392918E-08   0.570641E-09
   0.654800E+04   0.116806E-08   0.137678E-08   0.255928E-08
   0.654900E+04   0.330145E-09  -0.144399E-08   0.435226E-08
   0.655000E+04  -0.545844E-09  -0.424556E-08   0.576598E-08
   0.655100E+04  -0.136999E-08  -0.674074E-08   0.665453E-08
   0.655200E+04  -0.205728E-08  -0.867200E-08   0.692460E-08
   0.655300E+04  -0.253637E-08  -0.983788E-08   0.654510E-08
   0.655400E+04  -0.275700E-08  -0.101137E-07   0.555044E-08
   0.655500E+04  -0.269520E-08  -0.946425E-08   0.403712E-08
   0.655600E+04  -0.235589E-08  -0.794792E-08   0.215403E-08
   0.655700E+04  -0.177248E-08  -0.571066E-08   0.874449E-10
   0.655800E+04  -0.100358E-08  -0.297149E-08  -0.195782E-08
   0.655900E+04  -0.127081E-09  -0.373055E-12  -0.377917E-08
   0.656000E+04   0.767726E-09   0.290909E-08  -0.519668E-08
   0.656100E+04   0.158922E-08   0.546935E-08  -0.607134E-08
   0.656200E+04   0.225280E-08   0.742806E-08  -0.631911E-08
   0.656300E+04   0.268956E-08   0.859363E-08  -0.591934E-08
   0.656400E+04   0.285337E-08   0.885464E-08  -0.491682E-08
   0.656500E+04   0.272564E-08   0.819110E-08  -0.341712E-08
   0.656600E+04   0.231735E-08   0.667645E-08  -0.157581E-08
   0.656700E+04   0.166802E-08   0.447004E-08   0.417424E-09
   0.656800E+04   0.841783E-09   0.180095E-08   0.235814E-08
   0.656900E+04  -0.790030E-10  -0.105534E-08   0.404791E-08
   0.657000E+04  -0.100209E-08  -0.380492E-08   0.531452E-08
   0.657100E+04  -0.183465E-08  -0.616528E-08   0.602944E-08
   0.657200E+04  -0.249264E-08  -0.789400E-08   0.612080E-08
   0.657300E+04  -0.290937E-08  -0.881328E-08   0.558065E-08
   0.657400E+04  -0.304222E-08  -0.882793E-08   0.446559E-08
   0.657500E+04  -0.287704E-08  -0.793489E-08   0.289088E-08
   0.657600E+04  -0.242956E-08  -0.622340E-08   0.101852E-08
   0.657700E+04  -0.174385E-08  -0.386575E-08  -0.959376E-09
   0.657800E+04  -0.887899E-09  -0.109963E-08  -0.284031E-08
   0.657900E+04   0.532912E-10   0.179618E-08  -0.443218E-08
   0.658000E+04   0.986247E-09   0.453034E-08  -0.557294E-08
   0.658100E+04   0.181848E-08   0.682859E-08  -0.614717E-08
   0.658200E+04   0.246782E-08   0.846170E-08  -0.609792E-08
   0.658300E+04   0.287069E-08   0.926878E-08  -0.543246E-08
   0.658400E+04   0.298851E-08   0.917355E-08  -0.422154E-08
   0.658500E+04   0.281150E-08   0.819198E-08  -0.259207E-08
   0.658600E+04   0.235965E-08   0.643046E-08  -0.714075E-09
   0.658700E+04   0.168054E-08   0.407477E-08   0.121675E-08
   0.658800E+04   0.844499E-09   0.137092E-08   0.299919E-08
   0.658900E+04  -0.626902E-10  -0.140015E-08   0.444717E-08
   0.659000E+04  -0.948525E-09  -0.395143E-08   0.540892E-08
   0.659100E+04  -0.172325E-08  -0.601926E-08   0.578261E-08
   0.659200E+04  -0.230901E-08  -0.739043E-08   0.552688E-08
   0.659300E+04  -0.264778E-08  -0.792394E-08   0.466521E-08
   0.659400E+04  -0.270723E-08  -0.756556E-08   0.328365E-08
   0.659500E+04  -0.248396E-08  -0.635330E-08   0.152205E-08
   0.659600E+04  -0.200382E-08  -0.441356E-08  -0.440100E-09
   0.659700E+04  -0.131914E-08  -0.194814E-08  -0.240199E-08
   0.659800E+04  -0.503295E-09   0.786438E-09  -0.416203E-08
   0.659900E+04   0.356869E-09   0.350523E-08  -0.553844E-08
   0.660000E+04   0.117003E-08   0.592413E-08  -0.638791E-08
   0.660100E+04   0.184982E-08   0.778901E-08  -0.662034E-08
   0.660200E+04   0.232375E-08   0.890186E-08  -0.620810E-08
   0.660300E+04   0.254074E-08   0.914119E-08  -0.518905E-08
   0.660400E+04   0.247639E-08   0.847456E-08  -0.366275E-08
   0.660500E+04   0.213559E-08   0.696211E-08  -0.178049E-08
   0.660600E+04   0.155205E-08   0.475054E-08   0.270125E-09
   0.660700E+04   0.784945E-09   0.205823E-08   0.228414E-08
   0.660800E+04  -0.871517E-10  -0.846898E-09   0.406016E-08
   0.660900E+04  -0.974275E-09  -0.367474E-08   0.542079E-08
   0.661000E+04  -0.178429E-08  -0.614254E-08   0.623079E-08
   0.661100E+04  -0.243237E-08  -0.800377E-08   0.641079E-08
   0.661200E+04  -0.284970E-08  -0.907332E-08   0.594548E-08
   0.661300E+04  -0.299065E-08  -0.924642E-08   0.488514E-08
   0.661400E+04  -0.283752E-08  -0.850940E-08   0.334060E-08
   0.661500E+04  -0.240248E-08  -0.694116E-08   0.147191E-08
   0.661600E+04  -0.172643E-08  -0.470515E-08  -0.527915E-09
   0.661700E+04  -0.874994E-09  -0.203277E-08  -0.245255E-08
   0.661800E+04   0.681207E-10   0.800176E-09  -0.410346E-08
   0.661900E+04   0.100953E-08   0.350163E-08  -0.531007E-08
   0.662000E+04   0.185565E-08   0.579305E-08  -0.594725E-08
   0.662100E+04   0.252219E-08   0.743780E-08  -0.594807E-08
   0.662200E+04   0.294271E-08   0.826531E-08  -0.531067E-08
   0.662300E+04   0.307542E-08   0.818852E-08  -0.409846E-08
   0.662400E+04   0.290745E-08   0.721272E-08  -0.243372E-08
   0.662500E+04   0.245618E-08   0.543506E-08  -0.485143E-09
   0.662600E+04   0.176753E-08   0.303463E-08   0.154937E-08
   0.662700E+04   0.911361E-09   0.254178E-09   0.346288E-08
   0.662800E+04  -0.256530E-10  -0.262466E-08   0.506051E-08
   0.662900E+04  -0.948753E-09  -0.531012E-08   0.617936E-08
   0.663000E+04  -0.176473E-08  -0.753013E-08   0.670518E-08
   0.663100E+04  -0.239137E-08  -0.906010E-08   0.658403E-08
   0.663200E+04  -0.276580E-08  -0.974584E-08   0.582790E-08
   0.663300E+04  -0.285091E-08  -0.951937E-08   0.451348E-08
   0.663400E+04  -0.263905E-08  -0.840587E-08   0.277446E-08
   0.663500E+04  -0.215287E-08  -0.652109E-08   0.787904E-09
   0.663600E+04  -0.144297E-08  -0.405958E-08  -0.124372E-08
   0.663700E+04  -0.582752E-09  -0.127474E-08  -0.311317E-08
   0.663800E+04   0.339043E-09   0.154703E-08  -0.462959E-08
   0.663900E+04   0.122741E-08   0.411567E-08  -0.563791E-08
   0.664000E+04   0.199074E-08   0.616715E-08  -0.603474E-08
   0.664100E+04   0.255019E-08   0.749052E-08  -0.577893E-08
   0.664200E+04   0.284770E-08   0.794959E-08  -0.489581E-08
   0.664300E+04   0.285196E-08   0.749695E-08  -0.347472E-08
   0.664400E+04   0.256163E-08   0.617893E-08  -0.165990E-08
   0.664500E+04   0.200547E-08   0.413101E-08   0.364048E-09
   0.664600E+04   0.123946E-08   0.156410E-08   0.239097E-08
   0.664700E+04   0.341149E-09  -0.125691E-08   0.421408E-08
   0.664800E+04  -0.598274E-09  -0.404012E-08   0.564696E-08
   0.664900E+04  -0.148321E-08  -0.649639E-08   0.654252E-08
   0.665000E+04  -0.222338E-08  -0.836888E-08   0.680795E-08
   0.665100E+04  -0.274304E-08  -0.945927E-08   0.641412E-08
   0.665200E+04  -0.298868E-08  -0.964812E-08   0.539854E-08
   0.665300E+04  -0.293449E-08  -0.890712E-08   0.386151E-08
   0.665400E+04  -0.258504E-08  -0.730215E-08   0.195590E-08
   0.665500E+04  -0.197476E-08  -0.498664E-08  -0.128427E-09
   0.665600E+04  -0.116458E-08  -0.218611E-08  -0.218395E-08
   0.665700E+04  -0.235648E-09   0.824727E-09  -0.400662E-08
   0.665800E+04   0.718817E-09   0.374986E-08  -0.541658E-08
   0.665900E+04   0.160302E-08   0.630207E-08  -0.627648E-08
   0.666000E+04   0.232830E-08   0.823208E-08  -0.650536E-08
   0.666100E+04   0.282211E-08   0.935397E-08  -0.608683E-08
   0.666200E+04   0.303539E-08   0.956399E-08  -0.507067E-08
   0.666300E+04   0.294751E-08   0.885115E-08  -0.356757E-08
   0.666400E+04   0.256835E-08   0.729822E-08  -0.173780E-08
   0.666500E+04   0.193727E-08   0.507327E-08   0.225326E-09
   0.666600E+04   0.111909E-08   0.241246E-08   0.211521E-08
   0.666700E+04   0.197438E-09  -0.404073E-09   0.373320E-08
   0.666800E+04  -0.733746E-09  -0.308091E-08   0.490895E-08
   0.666900E+04  -0.157980E-08  -0.533748E-08   0.551787E-08
   0.667000E+04  -0.225496E-08  -0.693678E-08   0.549389E-08
   0.667100E+04  -0.269111E-08  -0.770956E-08   0.483629E-08
   0.667200E+04  -0.284471E-08  -0.757170E-08   0.360978E-08
   0.667300E+04  -0.270118E-08  -0.653278E-08   0.193787E-08
   0.667400E+04  -0.227638E-08  -0.469515E-08  -0.968746E-11
   0.667500E+04  -0.161497E-08  -0.224349E-08  -0.203432E-08
   0.667600E+04  -0.785817E-09   0.574043E-09  -0.392893E-08
   0.667700E+04   0.125069E-09   0.347118E-08  -0.549912E-08
   0.667800E+04   0.102331E-08   0.615279E-08  -0.658312E-08
   0.667900E+04   0.181580E-08   0.834508E-08  -0.706844E-08
   0.668000E+04   0.242028E-08   0.982367E-08  -0.690342E-08
   0.668100E+04   0.277368E-08   0.104365E-07  -0.610267E-08
   0.668200E+04   0.283861E-08   0.101198E-07  -0.474567E-08
   0.668300E+04   0.260715E-08   0.890417E-08  -0.296879E-08
   0.668400E+04   0.210172E-08   0.691220E-08  -0.951440E-09
   0.668500E+04   0.137277E-08   0.434577E-08   0.110211E-08
   0.668600E+04   0.493607E-09   0.146565E-08   0.298356E-08
   0.668700E+04  -0.447005E-09  -0.143497E-08   0.450178E-08
   0.668800E+04  -0.135396E-08  -0.406033E-08   0.550229E-08
   0.668900E+04  -0.213548E-08  -0.614222E-08   0.588306E-08
   0.669000E+04  -0.271251E-08  -0.746729E-08   0.560489E-08
   0.669100E+04  -0.302674E-08  -0.789879E-08   0.469550E-08
   0.669200E+04  -0.304658E-08  -0.739059E-08   0.324673E-08
   0.669300E+04  -0.277039E-08  -0.599185E-08   0.140523E-08
   0.669400E+04  -0.222662E-08  -0.384209E-08  -0.642461E-09
   0.669500E+04  -0.147095E-08  -0.115700E-08  -0.268888E-08
   0.669600E+04  -0.580537E-09   0.179353E-08  -0.452677E-08
   0.669700E+04   0.353811E-09   0.471285E-08  -0.597015E-08
   0.669800E+04   0.123693E-08   0.730781E-08  -0.687333E-08
   0.669900E+04   0.197900E-08   0.931853E-08  -0.714565E-08
   0.670000E+04   0.250477E-08   0.105449E-07  -0.676081E-08
   0.670100E+04   0.276120E-08   0.108671E-07  -0.575946E-08
   0.670200E+04   0.272287E-08   0.102573E-07  -0.424509E-08
   0.670300E+04   0.239466E-08   0.878287E-08  -0.237345E-08
   0.670400E+04   0.181117E-08   0.659938E-08  -0.336602E-09
   0.670500E+04   0.103323E-08   0.393439E-08   0.165662E-08
   0.670600E+04   0.141670E-09   0.106426E-08   0.340201E-08
   0.670700E+04  -0.770920E-09  -0.171421E-08   0.472081E-08
   0.670800E+04  -0.160970E-08  -0.411419E-08   0.547804E-08
   0.670900E+04  -0.228725E-08  -0.588834E-08   0.559629E-08
   0.671000E+04  -0.273256E-08  -0.685417E-08   0.506365E-08
   0.671100E+04  -0.289832E-08  -0.691291E-08   0.393507E-08
   0.671200E+04  -0.276578E-08  -0.605981E-08   0.232672E-08
   0.671300E+04  -0.234673E-08  -0.438476E-08   0.404289E-09
   0.671400E+04  -0.168235E-08  -0.206341E-08  -0.163390E-08
   0.671500E+04  -0.839048E-09   0.660648E-09  -0.357704E-08
   0.671600E+04   0.982424E-10   0.350058E-08  -0.522330E-08
   0.671700E+04   0.103472E-08   0.615546E-08  -0.640037E-08
   0.671800E+04   0.187535E-08   0.834089E-08  -0.698298E-08
   0.671900E+04   0.253453E-08   0.981806E-08  -0.690563E-08
   0.672000E+04   0.294485E-08   0.104181E-07  -0.616930E-08
   0.672100E+04   0.306397E-08   0.100594E-07  -0.484129E-08
   0.672200E+04   0.287893E-08   0.875604E-08  -0.304834E-08
   0.672300E+04   0.240756E-08   0.661663E-08  -0.963749E-09
   0.672400E+04   0.169665E-08   0.383329E-08   0.121033E-08
   0.672500E+04   0.817286E-09   0.662385E-09   0.326344E-08
   0.672600E+04  -0.142415E-09  -0.260141E-08   0.499830E-08
   0.672700E+04  -0.108619E-08  -0.565487E-08   0.625078E-08
   0.672800E+04  -0.191941E-08  -0.821687E-08   0.690665E-08
   0.672900E+04  -0.255870E-08  -0.100568E-07   0.691303E-08
   0.673000E+04  -0.294037E-08  -0.110177E-07   0.628372E-08
   0.673100E+04  -0.302688E-08  -0.110320E-07   0.509762E-08
   0.673200E+04  -0.281064E-08  -0.101282E-07   0.349048E-08
   0.673300E+04  -0.231478E-08  -0.842761E-08   0.164086E-08
   0.673400E+04  -0.159074E-08  -0.613157E-08  -0.248274E-09
   0.673500E+04  -0.713021E-09  -0.350076E-08  -0.197050E-08
   0.673600E+04   0.228409E-09  -0.828261E-09  -0.333723E-08
   0.673700E+04   0.113730E-08   0.159057E-08  -0.419716E-08
   0.673800E+04   0.192092E-08   0.348854E-08  -0.445190E-08
   0.673900E+04   0.249953E-08   0.465404E-08  -0.406624E-08
   0.674000E+04   0.281449E-08   0.495294E-08  -0.307189E-08
   0.674100E+04   0.283424E-08   0.434235E-08  -0.156436E-08
   0.674200E+04   0.255750E-08   0.287522E-08   0.306671E-09
   0.674300E+04   0.201338E-08   0.695024E-09   0.235259E-08
   0.674400E+04   0.125841E-08  -0.197880E-08   0.436507E-08
   0.674500E+04   0.370767E-09  -0.487321E-08   0.613736E-08
   0.674600E+04  -0.557736E-09  -0.768944E-08   0.748547E-08
   0.674700E+04  -0.143102E-08  -0.101335E-07   0.826702E-08
   0.674800E+04  -0.215858E-08  -0.119464E-07   0.839591E-08
   0.674900E+04  -0.266470E-08  -0.129305E-07   0.785125E-08
   0.675000E+04  -0.289624E-08  -0.129700E-07   0.667968E-08
   0.675100E+04  -0.282807E-08  -0.120429E-07   0.499074E-08
   0.675200E+04  -0.246567E-08  -0.102236E-07   0.294584E-08
   0.675300E+04  -0.184458E-08  -0.767532E-08   0.742014E-09
   0.675400E+04  -0.102685E-08  -0.463385E-08  -0.140814E-08
   0.675500E+04  -0.946950E-10  -0.138366E-08  -0.329799E-08
   0.675600E+04   0.857812E-09   0.177082E-08  -0.474786E-08
   0.675700E+04   0.173433E-08   0.453612E-08  -0.562332E-08
   0.675800E+04   0.244605E-08   0.665938E-08  -0.584883E-08
   0.675900E+04   0.292072E-08   0.795400E-08  -0.541539E-08
   0.676000E+04   0.310999E-08   0.831848E-08  -0.438145E-08
   0.676100E+04   0.299435E-08   0.774659E-08  -0.286689E-08
   0.676200E+04   0.258508E-08   0.632785E-08  -0.104074E-08
   0.676300E+04   0.192316E-08   0.423822E-08   0.896094E-09
   0.676400E+04   0.107502E-08   0.172197E-08   0.273141E-08
   0.676500E+04   0.125833E-09  -0.933398E-09   0.426346E-08
   0.676600E+04  -0.829160E-09  -0.342667E-08   0.532161E-08
   0.676700E+04  -0.169434E-08  -0.547388E-08   0.578391E-08
   0.676800E+04  -0.238344E-08  -0.683743E-08   0.558965E-08
   0.676900E+04  -0.282825E-08  -0.735062E-08   0.474568E-08
   0.677000E+04  -0.298559E-08  -0.693484E-08   0.332592E-08
   0.677100E+04  -0.284162E-08  -0.560784E-08   0.146391E-08
   0.677200E+04  -0.241320E-08  -0.348215E-08  -0.660625E-09
   0.677300E+04  -0.174609E-08  -0.753842E-09  -0.284001E-08
   0.677400E+04  -0.910286E-09   0.231728E-08  -0.485971E-08
   0.677500E+04   0.724973E-11   0.543394E-08  -0.652009E-08
   0.677600E+04   0.911474E-09   0.829161E-08  -0.765676E-08
   0.677700E+04   0.170901E-08   0.106094E-07  -0.815731E-08
   0.677800E+04   0.231774E-08   0.121584E-07  -0.797274E-08
   0.677900E+04   0.267515E-08   0.127854E-07  -0.712251E-08
   0.678000E+04   0.274481E-08   0.124279E-07  -0.569256E-08
   0.678100E+04   0.252003E-08   0.111211E-07  -0.382663E-08
   0.678200E+04   0.202456E-08   0.899346E-08  -0.171159E-08
   0.678300E+04   0.131015E-08   0.625459E-08   0.441485E-09
   0.678400E+04   0.451242E-09   0.317324E-08   0.241882E-08
   0.678500E+04  -0.462700E-09   0.502589E-10   0.402568E-08
   0.678600E+04  -0.133634E-08  -0.281205E-08   0.510615E-08
   0.678700E+04  -0.207828E-08  -0.514058E-08   0.555900E-08
   0.678800E+04  -0.261044E-08  -0.671917E-08   0.534792E-08
   0.678900E+04  -0.287615E-08  -0.741045E-08   0.450519E-08
   0.679000E+04  -0.284593E-08  -0.716960E-08   0.312829E-08
   0.679100E+04  -0.252064E-08  -0.604876E-08   0.136994E-08
   0.679200E+04  -0.193143E-08  -0.419139E-08  -0.577643E-09
   0.679300E+04  -0.113662E-08  -0.181737E-08  -0.250236E-08
   0.679400E+04  -0.215825E-09   0.799766E-09  -0.419404E-08
   0.679500E+04   0.738172E-09   0.336102E-08  -0.546593E-08
   0.679600E+04   0.162883E-08   0.557282E-08  -0.617394E-08
   0.679700E+04   0.236572E-08   0.717734E-08  -0.623145E-08
   0.679800E+04   0.287372E-08   0.797916E-08  -0.561830E-08
   0.679900E+04   0.310075E-08   0.786556E-08  -0.438304E-08
   0.680000E+04   0.302309E-08   0.681846E-08  -0.263808E-08
   0.680100E+04   0.264784E-08   0.491654E-08  -0.548489E-09
   0.680200E+04   0.201225E-08   0.232762E-08   0.168478E-08
   0.680300E+04   0.117999E-08  -0.708149E-09   0.384516E-08
   0.680400E+04   0.234663E-09  -0.390253E-08   0.572247E-08
   0.680500E+04  -0.728616E-09  -0.694830E-08   0.713418E-08
   0.680600E+04  -0.161292E-08  -0.955042E-08   0.794393E-08
   0.680700E+04  -0.232936E-08  -0.114559E-07   0.807535E-08
   0.680800E+04  -0.280607E-08  -0.124796E-07   0.751974E-08
   0.680900E+04  -0.299560E-08  -0.125228E-07   0.633691E-08
   0.681000E+04  -0.287965E-08  -0.115835E-07   0.464902E-08
   0.681100E+04  -0.247101E-08  -0.975626E-08   0.262810E-08
   0.681200E+04  -0.181219E-08  -0.722289E-08   0.478425E-09
   0.681300E+04  -0.971127E-09  -0.423374E-08  -0.158425E-08
   0.681400E+04  -0.342478E-10  -0.108233E-08  -0.335474E-08
   0.681500E+04   0.902346E-09   0.192456E-08  -0.465932E-08
   0.681600E+04   0.174267E-08   0.449800E-08  -0.537339E-08
   0.681700E+04   0.240063E-08   0.639627E-08  -0.543413E-08
   0.681800E+04   0.280884E-08   0.744927E-08  -0.484679E-08
   0.681900E+04   0.292546E-08   0.757575E-08  -0.368409E-08
   0.682000E+04   0.273848E-08   0.679123E-08  -0.207865E-08
   0.682100E+04   0.226695E-08   0.520620E-08  -0.209270E-09
   0.682200E+04   0.155906E-08   0.301451E-08   0.171745E-08
   0.682300E+04   0.687208E-09   0.473181E-09   0.348840E-08
   0.682400E+04  -0.259351E-09  -0.212416E-08   0.490595E-08
   0.682500E+04  -0.118362E-08  -0.447769E-08   0.580828E-08
   0.682600E+04  -0.199076E-08  -0.631243E-08   0.608622E-08
   0.682700E+04  -0.259772E-08  -0.740681E-08   0.569458E-08
   0.682800E+04  -0.294180E-08  -0.761568E-08   0.465701E-08
   0.682900E+04  -0.298694E-08  -0.688569E-08   0.306388E-08
   0.683000E+04  -0.272754E-08  -0.526114E-08   0.106322E-08
   0.683100E+04  -0.218895E-08  -0.287999E-08  -0.115411E-08
   0.683200E+04  -0.142496E-08   0.398708E-10  -0.337373E-08
   0.683300E+04  -0.512345E-09   0.322240E-08  -0.537946E-08
   0.683400E+04   0.456984E-09   0.636127E-08  -0.697518E-08
   0.683500E+04   0.138528E-08   0.915081E-08  -0.800483E-08
   0.683600E+04   0.217892E-08   0.113170E-07  -0.836815E-08
   0.683700E+04   0.275794E-08   0.126453E-07  -0.803093E-08
   0.683800E+04   0.306416E-08   0.130022E-07  -0.702843E-08
   0.683900E+04   0.306710E-08   0.123493E-07  -0.546181E-08
   0.684000E+04   0.276706E-08   0.107467E-07  -0.348781E-08
   0.684100E+04   0.219512E-08   0.834734E-08  -0.130281E-08
   0.684200E+04   0.140991E-08   0.538137E-08   0.877183E-09
   0.684300E+04   0.491662E-09   0.213287E-08   0.283846E-08
   0.684400E+04  -0.465983E-09  -0.108889E-08   0.439136E-08
   0.684500E+04  -0.136553E-08  -0.398075E-08   0.538952E-08
   0.684600E+04  -0.211557E-08  -0.627626E-08   0.574466E-08
   0.684700E+04  -0.264010E-08  -0.777256E-08   0.543548E-08
   0.684800E+04  -0.288624E-08  -0.835065E-08   0.450966E-08
   0.684900E+04  -0.282967E-08  -0.798716E-08   0.307882E-08
   0.685000E+04  -0.247703E-08  -0.675627E-08   0.130690E-08
   0.685100E+04  -0.186530E-08  -0.482165E-08  -0.606772E-09
   0.685200E+04  -0.105794E-08  -0.241927E-08  -0.244809E-08
   0.685300E+04  -0.138459E-09   0.167213E-09  -0.401029E-08
   0.685400E+04   0.798164E-09   0.263598E-08  -0.511534E-08
   0.685500E+04   0.165518E-08   0.469838E-08  -0.563240E-08
   0.685600E+04   0.234396E-08   0.610903E-08  -0.549151E-08
   0.685700E+04   0.279308E-08   0.669134E-08  -0.469101E-08
   0.685800E+04   0.295562E-08   0.635619E-08  -0.329803E-08
   0.685900E+04   0.281397E-08   0.511150E-08  -0.144189E-08
   0.686000E+04   0.238170E-08   0.306191E-08   0.698821E-09
   0.686100E+04   0.170213E-08   0.398603E-09   0.291426E-08
   0.686200E+04   0.844009E-09  -0.261990E-08   0.498457E-08
   0.686300E+04  -0.105545E-09  -0.569379E-08   0.670220E-08
   0.686400E+04  -0.104988E-08  -0.851235E-08   0.789298E-08
   0.686500E+04  -0.189269E-08  -0.107856E-07   0.843390E-08
   0.686600E+04  -0.254781E-08  -0.122738E-07   0.826565E-08
   0.686700E+04  -0.294806E-08  -0.128121E-07   0.739877E-08
   0.686800E+04  -0.305209E-08  -0.123274E-07   0.591269E-08
   0.686900E+04  -0.284861E-08  -0.108465E-07   0.394775E-08
   0.687000E+04  -0.235760E-08  -0.849305E-08   0.169111E-08
   0.687100E+04  -0.162832E-08  -0.547611E-08  -0.642161E-09
   0.687200E+04  -0.734259E-09  -0.206886E-08  -0.283079E-08
   0.687300E+04   0.234242E-09   0.141846E-08  -0.466958E-08
   0.687400E+04   0.117922E-08   0.466971E-08  -0.599013E-08
   0.687500E+04   0.200503E-08   0.739436E-08  -0.667771E-08
   0.687600E+04   0.262807E-08   0.935653E-08  -0.668264E-08
   0.687700E+04   0.298527E-08   0.103984E-07  -0.602512E-08
   0.687800E+04   0.304054E-08   0.104554E-07  -0.479279E-08
   0.687900E+04   0.278840E-08   0.956262E-08  -0.313153E-08
   0.688000E+04   0.225459E-08   0.785005E-08  -0.123023E-08
   0.688100E+04   0.149338E-08   0.552901E-08   0.698812E-09
   0.688200E+04   0.582112E-09   0.286991E-08   0.244185E-08
   0.688300E+04  -0.386703E-09   0.174128E-09   0.380582E-08
   0.688400E+04  -0.131479E-08  -0.225728E-08   0.463834E-08
   0.688500E+04  -0.210808E-08  -0.415469E-08   0.484354E-08
   0.688600E+04  -0.268633E-08  -0.530786E-08   0.439207E-08
   0.688700E+04  -0.299120E-08  -0.558764E-08   0.332433E-08
   0.688800E+04  -0.299222E-08  -0.495944E-08   0.174651E-08
   0.688900E+04  -0.268987E-08  -0.348689E-08  -0.180128E-09
   0.689000E+04  -0.211547E-08  -0.132542E-08  -0.225567E-08
   0.689100E+04  -0.132799E-08   0.129363E-08  -0.426193E-08
   0.689200E+04  -0.408016E-09   0.408673E-08  -0.598483E-08
   0.689300E+04   0.550499E-09   0.674733E-08  -0.723635E-08
   0.689400E+04   0.144980E-08   0.897744E-08  -0.787397E-08
   0.689500E+04   0.219830E-08   0.105185E-07  -0.781547E-08
   0.689600E+04   0.271993E-08   0.111781E-07  -0.704768E-08
   0.689700E+04   0.296187E-08   0.108505E-07  -0.562818E-08
   0.689800E+04   0.289994E-08   0.952784E-08  -0.367984E-08
   0.689900E+04   0.254101E-08   0.730159E-08  -0.137878E-08
   0.690000E+04   0.192232E-08   0.435421E-08   0.106322E-08
   0.690100E+04   0.110762E-08   0.941162E-09   0.341983E-08
   0.690200E+04   0.180687E-09  -0.263433E-08   0.547283E-08
   0.690300E+04  -0.763269E-09  -0.605143E-08   0.703399E-08
   0.690400E+04  -0.162732E-08  -0.900365E-08   0.796387E-08
   0.690500E+04  -0.232270E-08  -0.112294E-07   0.818571E-08
   0.690600E+04  -0.277791E-08  -0.125378E-07   0.769296E-08
   0.690700E+04  -0.294596E-08  -0.128278E-07   0.654973E-08
   0.690800E+04  -0.280921E-08  -0.120979E-07   0.488400E-08
   0.690900E+04  -0.238113E-08  -0.104452E-07   0.287444E-08
   0.691000E+04  -0.170494E-08  -0.805599E-08   0.732062E-09
   0.691100E+04  -0.849181E-09  -0.518565E-08  -0.132138E-08
   0.691200E+04   0.992563E-10  -0.213271E-08  -0.307605E-08
   0.691300E+04   0.104402E-08   0.791872E-09  -0.435540E-08
   0.691400E+04   0.188911E-08   0.329645E-08  -0.503417E-08
   0.691500E+04   0.254866E-08   0.513842E-08  -0.505106E-08
   0.691600E+04   0.295573E-08   0.614877E-08  -0.441486E-08
   0.691700E+04   0.306903E-08   0.624910E-08  -0.320341E-08
   0.691800E+04   0.287721E-08   0.545917E-08  -0.155548E-08
   0.691900E+04   0.239993E-08   0.389447E-08   0.343662E-09
   0.692000E+04   0.168585E-08   0.175379E-08   0.228138E-08
   0.692100E+04   0.807655E-09  -0.701736E-09   0.403967E-08
   0.692200E+04  -0.145409E-09  -0.317603E-08   0.541775E-08
   0.692300E+04  -0.107663E-08  -0.536911E-08   0.625291E-08
   0.692400E+04  -0.189170E-08  -0.700864E-08   0.643749E-08
   0.692500E+04  -0.250837E-08  -0.787859E-08   0.593032E-08
   0.692600E+04  -0.286478E-08  -0.784228E-08   0.476127E-08
   0.692700E+04  -0.292580E-08  -0.685724E-08   0.302873E-08
   0.692800E+04  -0.268652E-08  -0.498050E-08   0.889905E-09
   0.692900E+04  -0.217276E-08  -0.236362E-08  -0.145477E-08
   0.693000E+04  -0.143834E-08   0.761943E-09  -0.378171E-08
   0.693100E+04  -0.559556E-09   0.410772E-08  -0.586669E-08
   0.693200E+04   0.372684E-09   0.735706E-08  -0.750737E-08
   0.693300E+04   0.126219E-08   0.101969E-07  -0.854378E-08
   0.693400E+04   0.201739E-08   0.123494E-07  -0.887445E-08
   0.693500E+04   0.256066E-08   0.136001E-07  -0.846665E-08
   0.693600E+04   0.283639E-08   0.138193E-07  -0.735974E-08
   0.693700E+04   0.281656E-08   0.129759E-07  -0.566120E-08
   0.693800E+04   0.250373E-08   0.111405E-07  -0.353575E-08
   0.693900E+04   0.193067E-08   0.847840E-08  -0.118878E-08
   0.694000E+04   0.115705E-08   0.523329E-08   0.115437E-08
   0.694100E+04   0.263293E-09   0.170290E-08   0.327114E-08
   0.694200E+04  -0.657710E-09  -0.179074E-08   0.496405E-08
   0.694300E+04  -0.151013E-08  -0.493343E-08   0.608051E-08
   0.694400E+04  -0.220506E-08  -0.745007E-08   0.652796E-08
   0.694500E+04  -0.266970E-08  -0.913183E-08   0.628291E-08
   0.694600E+04  -0.285484E-08  -0.985662E-08   0.539285E-08
   0.694700E+04  -0.273999E-08  -0.960055E-08   0.397103E-08
   0.694800E+04  -0.233552E-08  -0.843944E-08   0.218447E-08
   0.694900E+04  -0.168168E-08  -0.654016E-08   0.236464E-09
   0.695000E+04  -0.844536E-09  -0.414264E-08  -0.165451E-08
   0.695100E+04   0.907565E-10  -0.153449E-08  -0.327744E-08
   0.695200E+04   0.102863E-08   0.979195E-09  -0.445067E-08
   0.695300E+04   0.187288E-08   0.310774E-08  -0.504072E-08
   0.695400E+04   0.253648E-08   0.460530E-08  -0.497613E-08
   0.695500E+04   0.295055E-08   0.529650E-08  -0.425498E-08
   0.695600E+04   0.307142E-08   0.509489E-08  -0.294529E-08
   0.695700E+04   0.288512E-08   0.401212E-08  -0.117812E-08
   0.695800E+04   0.240895E-08   0.215698E-08   0.865673E-09
   0.695900E+04   0.168969E-08  -0.275570E-09   0.297389E-08
   0.696000E+04   0.798954E-09  -0.302437E-08   0.492470E-08
   0.696100E+04  -0.174102E-09  -0.578892E-08   0.650933E-08
   0.696200E+04  -0.113182E-08  -0.826036E-08   0.755355E-08
   0.696300E+04  -0.197798E-08  -0.101536E-07   0.793562E-08
   0.696400E+04  -0.262761E-08  -0.112368E-07   0.759898E-08
   0.696500E+04  -0.301561E-08  -0.113562E-07   0.655831E-08
   0.696600E+04  -0.310346E-08  -0.104523E-07   0.489838E-08
   0.696700E+04  -0.288311E-08  -0.856704E-08   0.276581E-08
   0.696800E+04  -0.237783E-08  -0.584070E-08   0.354521E-09
   0.696900E+04  -0.163988E-08  -0.249841E-08  -0.211360E-08
   0.697000E+04  -0.745147E-09   0.117155E-08  -0.441083E-08
   0.697100E+04   0.214572E-09   0.484616E-08  -0.632640E-08
   0.697200E+04   0.114092E-08   0.819946E-08  -0.768742E-08
   0.697300E+04   0.193901E-08   0.109349E-07  -0.837609E-08
   0.697400E+04   0.252716E-08   0.128145E-07  -0.834121E-08
   0.697500E+04   0.284518E-08   0.136823E-07  -0.760294E-08
   0.697600E+04   0.286059E-08   0.134798E-07  -0.625033E-08
   0.697700E+04   0.257191E-08   0.122506E-07  -0.443188E-08
   0.697800E+04   0.200886E-08   0.101362E-07  -0.234005E-08
   0.697900E+04   0.122931E-08   0.736064E-08  -0.191421E-09
   0.698000E+04   0.313420E-09   0.420745E-08   0.179557E-08
   0.698100E+04  -0.644552E-09   0.990905E-09   0.342300E-08
   0.698200E+04  -0.154589E-08  -0.197624E-08   0.453361E-08
   0.698300E+04  -0.229749E-08  -0.441432E-08   0.502670E-08
   0.698400E+04  -0.282141E-08  -0.610497E-08   0.486824E-08
   0.698500E+04  -0.306285E-08  -0.691281E-08   0.409398E-08
   0.698600E+04  -0.299581E-08  -0.679857E-08   0.280539E-08
   0.698700E+04  -0.262577E-08  -0.582226E-08   0.115885E-08
   0.698800E+04  -0.198919E-08  -0.413606E-08  -0.650880E-09
   0.698900E+04  -0.114986E-08  -0.196765E-08  -0.241116E-08
   0.699000E+04  -0.192413E-09   0.404163E-09  -0.391379E-08
   0.699100E+04   0.786242E-09   0.267924E-08  -0.497694E-08
   0.699200E+04   0.168682E-08   0.456804E-08  -0.546437E-08
   0.699300E+04   0.241774E-08   0.582247E-08  -0.529998E-08
   0.699400E+04   0.290450E-08   0.626260E-08  -0.447620E-08
   0.699500E+04   0.309726E-08   0.579623E-08  -0.305534E-08
   0.699600E+04   0.297600E-08   0.442953E-08  -0.116371E-08
   0.699700E+04   0.255254E-08   0.226745E-08   0.102086E-08
   0.699800E+04   0.186940E-08  -0.496089E-09   0.328680E-08
   0.699900E+04   0.995548E-09  -0.359724E-08   0.541019E-08
   0.700000E+04   0.193417E-10  -0.672866E-08   0.717746E-08
   0.700100E+04  -0.960388E-09  -0.957057E-08   0.840714E-08
   0.700200E+04  -0.184440E-08  -0.118233E-07   0.896849E-08
   0.700300E+04  -0.254314E-08  -0.132381E-07   0.879492E-08
   0.700400E+04  -0.298585E-08  -0.136430E-07   0.789109E-08
   0.700500E+04  -0.312774E-08  -0.129607E-07   0.633271E-08
   0.700600E+04  -0.295463E-08  -0.112178E-07   0.425918E-08
   0.700700E+04  -0.248430E-08  -0.854252E-08   0.185985E-08
   0.700800E+04  -0.176476E-08  -0.515340E-08  -0.644876E-09
   0.700900E+04  -0.869357E-09  -0.133782E-08  -0.302550E-08
   0.701000E+04   0.110739E-09   0.257572E-08  -0.506632E-08
   0.701100E+04   0.107577E-08   0.624971E-08  -0.658687E-08
   0.701200E+04   0.192757E-08   0.937068E-08  -0.745981E-08
   0.701300E+04   0.257957E-08   0.116797E-07  -0.762333E-08
   0.701400E+04   0.296562E-08   0.129974E-07  -0.708691E-08
   0.701500E+04   0.304674E-08   0.132411E-07  -0.592985E-08
   0.701600E+04   0.281508E-08   0.124319E-07  -0.429261E-08
   0.701700E+04   0.229474E-08   0.106916E-07  -0.236203E-08
   0.701800E+04   0.153932E-08   0.822937E-08  -0.351814E-09
   0.701900E+04   0.626438E-09   0.531954E-08   0.151969E-08
   0.702000E+04  -0.350171E-09   0.227319E-08   0.305207E-08
   0.702100E+04  -0.129021E-08  -0.594021E-09   0.408360E-08
   0.702200E+04  -0.209709E-08  -0.299419E-08   0.450790E-08
   0.702300E+04  -0.268772E-08  -0.469650E-08   0.428493E-08
   0.702400E+04  -0.300111E-08  -0.555052E-08   0.344501E-08
   0.702500E+04  -0.300450E-08  -0.550109E-08   0.208570E-08
   0.702600E+04  -0.269681E-08  -0.459329E-08   0.361568E-09
   0.702700E+04  -0.210874E-08  -0.296698E-08  -0.153185E-08
   0.702800E+04  -0.129968E-08  -0.841472E-09  -0.337845E-08
   0.702900E+04  -0.351686E-09   0.150799E-08  -0.496411E-08
   0.703000E+04   0.638868E-09   0.377970E-08  -0.609915E-08
   0.703100E+04   0.157110E-08   0.567767E-08  -0.663835E-08
   0.703200E+04   0.234988E-08   0.694338E-08  -0.649649E-08
   0.703300E+04   0.289556E-08   0.738368E-08  -0.565783E-08
   0.703400E+04   0.315204E-08   0.689212E-08  -0.417847E-08
   0.703500E+04   0.309257E-08   0.546125E-08  -0.218136E-08
   0.703600E+04   0.272241E-08   0.318491E-08   0.155451E-09
   0.703700E+04   0.207842E-08   0.249936E-09   0.261637E-08
   0.703800E+04   0.122522E-08  -0.308172E-08   0.496965E-08
   0.703900E+04   0.248731E-09  -0.649873E-08   0.699048E-08
   0.704000E+04  -0.752637E-09  -0.967138E-08   0.848359E-08
   0.704100E+04  -0.167793E-08  -0.122847E-07   0.930286E-08
   0.704200E+04  -0.243396E-08  -0.140703E-07   0.936606E-08
   0.704300E+04  -0.294472E-08  -0.148339E-07   0.866322E-08
   0.704400E+04  -0.315919E-08  -0.144751E-07   0.725771E-08
   0.704500E+04  -0.305645E-08  -0.129987E-07   0.528003E-08
   0.704600E+04  -0.264784E-08  -0.105142E-07   0.291477E-08
   0.704700E+04  -0.197577E-08  -0.722638E-08   0.382193E-09
   0.704800E+04  -0.110941E-08  -0.341527E-08  -0.208367E-08
   0.704900E+04  -0.137604E-09   0.591136E-09  -0.425835E-08
   0.705000E+04   0.840167E-09   0.444870E-08  -0.594919E-08
   0.705100E+04   0.172395E-08   0.783072E-08  -0.701427E-08
   0.705200E+04   0.242348E-08   0.104596E-07  -0.737618E-08
   0.705300E+04   0.286744E-08   0.121337E-07  -0.702913E-08
   0.705400E+04   0.301067E-08   0.127458E-07  -0.603882E-08
   0.705500E+04   0.283879E-08   0.122931E-07  -0.453499E-08
   0.705600E+04   0.236967E-08   0.108756E-07  -0.269743E-08
   0.705700E+04   0.165158E-08   0.868470E-08  -0.737030E-09
   0.705800E+04   0.758296E-09   0.598255E-08   0.112636E-08
   0.705900E+04  -0.218501E-09   0.307420E-08   0.268692E-08
   0.706000E+04  -0.117853E-08   0.275803E-09   0.377423E-08
   0.706100E+04  -0.202321E-08  -0.211821E-08   0.427106E-08
   0.706200E+04  -0.266567E-08  -0.386546E-08   0.412551E-08
   0.706300E+04  -0.303971E-08  -0.480040E-08   0.335639E-08
   0.706400E+04  -0.310651E-08  -0.485094E-08   0.205131E-08
   0.706500E+04  -0.285868E-08  -0.404533E-08   0.357532E-09
   0.706600E+04  -0.232096E-08  -0.250852E-08  -0.153334E-08
   0.706700E+04  -0.154782E-08  -0.448451E-09  -0.340532E-08
   0.706800E+04  -0.617842E-09   0.186645E-08  -0.504067E-08
   0.706900E+04   0.374240E-09   0.413599E-08  -0.624270E-08
   0.707000E+04   0.132719E-08   0.606051E-08  -0.685666E-08
   0.707100E+04   0.214362E-08   0.737308E-08  -0.678629E-08
   0.707200E+04   0.273987E-08   0.786862E-08  -0.600452E-08
   0.707300E+04   0.305464E-08   0.742660E-08  -0.455716E-08
   0.707400E+04   0.305517E-08   0.602524E-08  -0.255906E-08
   0.707500E+04   0.274067E-08   0.374544E-08  -0.183319E-09
   0.707600E+04   0.214242E-08   0.764252E-09   0.235560E-08
   0.707700E+04   0.132062E-08  -0.266168E-08   0.482300E-08
   0.707800E+04   0.358247E-09  -0.622102E-08   0.698722E-08
   0.707900E+04  -0.647293E-09  -0.957838E-08   0.864280E-08
   0.708000E+04  -0.159412E-08  -0.124078E-07   0.963095E-08
   0.708100E+04  -0.238620E-08  -0.144253E-07   0.985558E-08
   0.708200E+04  -0.294314E-08  -0.154181E-07   0.929289E-08
   0.708300E+04  -0.320834E-08  -0.152659E-07   0.799389E-08
   0.708400E+04  -0.315475E-08  -0.139539E-07   0.607932E-08
   0.708500E+04  -0.278763E-08  -0.115752E-07   0.372766E-08
   0.708600E+04  -0.214401E-08  -0.832191E-08   0.115735E-08
   0.708700E+04  -0.128892E-08  -0.446725E-08  -0.139494E-08
   0.708800E+04  -0.308757E-09  -0.338976E-09  -0.369780E-08
   0.708900E+04   0.697466E-09   0.371228E-08  -0.554795E-08
   0.709000E+04   0.162823E-08   0.734697E-08  -0.679016E-08
   0.709100E+04   0.238981E-08   0.102693E-07  -0.733220E-08
   0.709200E+04   0.290580E-08   0.122555E-07  -0.715340E-08
   0.709300E+04   0.312489E-08   0.131746E-07  -0.630585E-08
   0.709400E+04   0.302601E-08   0.129999E-07  -0.490815E-08
   0.709500E+04   0.262052E-08   0.118099E-07  -0.313253E-08
   0.709600E+04   0.195092E-08   0.977895E-08  -0.118644E-08
   0.709700E+04   0.108657E-08   0.715736E-08   0.709326E-09
   0.709800E+04   0.116534E-09   0.424525E-08   0.234376E-08
   0.709900E+04  -0.859505E-09   0.136078E-08   0.353769E-08
   0.710000E+04  -0.174144E-08  -0.119298E-08   0.416240E-08
   0.710100E+04  -0.243896E-08  -0.315919E-08   0.415305E-08
   0.710200E+04  -0.288075E-08  -0.435352E-08   0.351530E-08
   0.710300E+04  -0.302178E-08  -0.468253E-08   0.232468E-08
   0.710400E+04  -0.284791E-08  -0.415259E-08   0.718629E-09
   0.710500E+04  -0.237725E-08  -0.286819E-08  -0.111794E-08
   0.710600E+04  -0.165836E-08  -0.101997E-08  -0.297203E-08
   0.710700E+04  -0.765230E-09   0.113625E-08  -0.462506E-08
   0.710800E+04   0.210283E-09   0.330737E-08  -0.587589E-08
   0.710900E+04   0.116786E-08   0.519491E-08  -0.656233E-08
   0.711000E+04   0.200901E-08   0.652752E-08  -0.657861E-08
   0.711100E+04   0.264711E-08   0.709087E-08  -0.588727E-08
   0.711200E+04   0.301632E-08   0.675165E-08  -0.452394E-08
   0.711300E+04   0.307831E-08   0.547332E-08  -0.259481E-08
   0.711400E+04   0.282619E-08   0.332185E-08  -0.266673E-09
   0.711500E+04   0.228526E-08   0.460785E-09   0.224911E-08
   0.711600E+04   0.151042E-08  -0.286383E-08   0.471747E-08
   0.711700E+04   0.580595E-09  -0.634720E-08   0.690293E-08
   0.711800E+04  -0.409335E-09  -0.965595E-08   0.859312E-08
   0.711900E+04  -0.135821E-08  -0.124614E-07   0.962017E-08
   0.712000E+04  -0.216893E-08  -0.144729E-07   0.987765E-08
   0.712100E+04  -0.275839E-08  -0.154675E-07   0.933145E-08
   0.712200E+04  -0.306598E-08  -0.153132E-07   0.802349E-08
   0.712300E+04  -0.305981E-08  -0.139834E-07   0.606785E-08
   0.712400E+04  -0.274001E-08  -0.115603E-07   0.363963E-08
   0.712500E+04  -0.213873E-08  -0.822871E-08   0.957780E-09
   0.712600E+04  -0.131692E-08  -0.425824E-08  -0.173639E-08
   0.712700E+04  -0.358156E-09   0.218731E-10  -0.420294E-08
   0.712800E+04   0.639895E-09   0.425444E-08  -0.622680E-08
   0.712900E+04   0.157538E-08   0.808850E-08  -0.763865E-08
   0.713000E+04   0.235265E-08   0.112129E-07  -0.833113E-08
   0.713100E+04   0.289200E-08   0.133860E-07  -0.826876E-08
   0.713200E+04   0.313782E-08   0.144579E-07  -0.749055E-08
   0.713300E+04   0.306426E-08   0.143840E-07  -0.610503E-08
   0.713400E+04   0.267792E-08   0.132278E-07  -0.427833E-08
   0.713500E+04   0.201714E-08   0.111524E-07  -0.221649E-08
   0.713600E+04   0.114819E-08   0.840316E-08  -0.143811E-09
   0.713700E+04   0.158489E-09   0.528138E-08   0.172050E-08
   0.713800E+04  -0.852229E-09   0.211287E-08   0.318498E-08
   0.713900E+04  -0.178208E-08  -0.785474E-09   0.410555E-08
   0.714000E+04  -0.253737E-08  -0.313795E-08   0.440017E-08
   0.714100E+04  -0.304213E-08  -0.473771E-08   0.405692E-08
   0.714200E+04  -0.324580E-08  -0.546711E-08   0.313478E-08
   0.714300E+04  -0.312840E-08  -0.530847E-08   0.175701E-08
   0.714400E+04  -0.270250E-08  -0.434440E-08   0.977707E-10
   0.714500E+04  -0.201195E-08  -0.274763E-08  -0.163656E-08
   0.714600E+04  -0.112738E-08  -0.761298E-09  -0.322949E-08
   0.714700E+04  -0.138982E-09   0.132807E-08  -0.447760E-08
   0.714800E+04   0.852675E-09   0.322216E-08  -0.521253E-08
   0.714900E+04   0.174691E-08   0.464376E-08  -0.531929E-08
   0.715000E+04   0.245320E-08   0.536749E-08  -0.474926E-08
   0.715100E+04   0.290035E-08   0.524519E-08  -0.352619E-08
   0.715200E+04   0.304379E-08   0.422323E-08  -0.174489E-08
   0.715300E+04   0.287006E-08   0.235006E-08   0.437557E-09
   0.715400E+04   0.239814E-08  -0.227000E-09   0.281707E-08
   0.715500E+04   0.167750E-08  -0.327541E-08   0.516278E-08
   0.715600E+04   0.783015E-09  -0.650009E-08   0.724020E-08
   0.715700E+04  -0.192746E-09  -0.957292E-08   0.883500E-08
   0.715800E+04  -0.114896E-08  -0.121661E-07   0.977486E-08
   0.715900E+04  -0.198689E-08  -0.139859E-07   0.994734E-08
   0.716000E+04  -0.261999E-08  -0.148034E-07   0.931179E-08
   0.716100E+04  -0.298274E-08  -0.144792E-07   0.790418E-08
   0.716200E+04  -0.303736E-08  -0.129788E-07   0.583417E-08
   0.716300E+04  -0.277765E-08  -0.103788E-07   0.327500E-08
   0.716400E+04  -0.222965E-08  -0.686085E-08   0.446791E-09
   0.716500E+04  -0.144892E-08  -0.269569E-08  -0.240466E-08
   0.716600E+04  -0.514895E-09   0.178167E-08  -0.503180E-08
   0.716700E+04   0.477292E-09   0.620351E-08  -0.720929E-08
   0.716800E+04   0.142653E-08   0.102042E-07  -0.875582E-08
   0.716900E+04   0.223611E-08   0.134549E-07  -0.955144E-08
   0.717000E+04   0.282362E-08   0.156946E-07  -0.954869E-08
   0.717100E+04   0.312939E-08   0.167548E-07  -0.877652E-08
   0.717200E+04   0.312264E-08   0.165746E-07  -0.733649E-08
   0.717300E+04   0.280463E-08   0.152056E-07  -0.539174E-08
   0.717400E+04   0.220855E-08   0.128055E-07  -0.314993E-08
   0.717500E+04   0.139615E-08   0.962139E-08  -0.841686E-09
   0.717600E+04   0.451384E-09   0.596448E-08   0.130292E-08
   0.717700E+04  -0.528117E-09   0.217863E-08   0.307777E-08
   0.717800E+04  -0.144111E-08  -0.139395E-08   0.432134E-08
   0.717900E+04  -0.219308E-08  -0.444630E-08   0.493265E-08
   0.718000E+04  -0.270601E-08  -0.673645E-08   0.488087E-08
   0.718100E+04  -0.292633E-08  -0.811006E-08   0.420748E-08
   0.718200E+04  -0.283054E-08  -0.851379E-08   0.302104E-08
   0.718300E+04  -0.242763E-08  -0.799826E-08   0.148494E-08
   0.718400E+04  -0.175824E-08  -0.671008E-08  -0.200565E-09
   0.718500E+04  -0.890571E-09  -0.487407E-08  -0.182009E-08
   0.718600E+04   0.865234E-10  -0.276751E-08  -0.316643E-08
   0.718700E+04   0.107261E-08  -0.689052E-09  -0.406297E-08
   0.718800E+04   0.196592E-08   0.107436E-08  -0.438298E-08
   0.718900E+04   0.267372E-08   0.227914E-08  -0.406367E-08
   0.719000E+04   0.312190E-08   0.275195E-08  -0.311352E-08
   0.719100E+04   0.326251E-08   0.240911E-08  -0.161229E-08
   0.719200E+04   0.307877E-08   0.126635E-08   0.296582E-09
   0.719300E+04   0.258689E-08  -0.562031E-09   0.242025E-08
   0.719400E+04   0.183450E-08  -0.287454E-08   0.453600E-08
   0.719500E+04   0.895842E-09  -0.540337E-08   0.641415E-08
   0.719600E+04  -0.135641E-09  -0.784251E-08   0.784184E-08
   0.719700E+04  -0.115682E-08  -0.988030E-08   0.864543E-08
   0.719800E+04  -0.206530E-08  -0.112330E-07   0.870904E-08
   0.719900E+04  -0.276986E-08  -0.116761E-07   0.798743E-08
   0.720000E+04  -0.319972E-08  -0.110695E-07   0.651185E-08
   0.720100E+04  -0.331174E-08  -0.937506E-08   0.438819E-08
   0.720200E+04  -0.309489E-08  -0.666345E-08   0.178759E-08
   0.720300E+04  -0.257135E-08  -0.311000E-08  -0.106957E-08
   0.720400E+04  -0.179437E-08   0.101992E-08  -0.393470E-08
   0.720500E+04  -0.842840E-09   0.539486E-08  -0.655500E-08
   0.720600E+04   0.186657E-09   0.964827E-08  -0.869792E-08
   0.720700E+04   0.118964E-08   0.134133E-07  -0.101738E-07
   0.720800E+04   0.206434E-08   0.163580E-07  -0.108543E-07
   0.720900E+04   0.272200E-08   0.182175E-07  -0.106846E-07
   0.721000E+04   0.309592E-08   0.188198E-07  -0.968866E-08
   0.721100E+04   0.314821E-08   0.181024E-07  -0.796630E-08
   0.721200E+04   0.287367E-08   0.161191E-07  -0.568324E-08
   0.721300E+04   0.230031E-08   0.130344E-07  -0.305426E-08
   0.721400E+04   0.148654E-08   0.910830E-08  -0.321865E-09
   0.721500E+04   0.515201E-09   0.467103E-08   0.226771E-08
   0.721600E+04  -0.514803E-09   0.916687E-10   0.448870E-08
   0.721700E+04  -0.149856E-08  -0.425699E-08   0.615767E-08
   0.721800E+04  -0.233582E-08  -0.803358E-08   0.715092E-08
   0.721900E+04  -0.294115E-08  -0.109598E-07   0.741568E-08
   0.722000E+04  -0.325262E-08  -0.128455E-07   0.697398E-08
   0.722100E+04  -0.323811E-08  -0.136044E-07   0.591887E-08
   0.722200E+04  -0.289854E-08  -0.132601E-07   0.440337E-08
   0.722300E+04  -0.226781E-08  -0.119398E-07   0.262341E-08
   0.722400E+04  -0.140930E-08  -0.985873E-08   0.796490E-09
   0.722500E+04  -0.409474E-09  -0.729535E-08  -0.861773E-09
   0.722600E+04   0.630932E-09  -0.456094E-08  -0.216061E-08
   0.722700E+04   0.160715E-08  -0.196606E-08  -0.295437E-08
   0.722800E+04   0.242102E-08   0.212257E-09  -0.315790E-08
   0.722900E+04   0.299095E-08   0.175927E-08  -0.275545E-08
   0.723000E+04   0.326021E-08   0.254427E-08  -0.180226E-08
   0.723100E+04   0.320266E-08   0.253319E-08  -0.418534E-09
   0.723200E+04   0.282539E-08   0.179068E-08   0.122349E-08
   0.723300E+04   0.216799E-08   0.471506E-09   0.291802E-08
   0.723400E+04   0.129845E-08  -0.119766E-08   0.444794E-08
   0.723500E+04   0.306259E-09  -0.294435E-08   0.560833E-08
   0.723600E+04  -0.706755E-09  -0.448138E-08   0.622896E-08
   0.723700E+04  -0.163679E-08  -0.553967E-08   0.619336E-08
   0.723800E+04  -0.238866E-08  -0.589938E-08   0.545246E-08
   0.723900E+04  -0.288548E-08  -0.541599E-08   0.403135E-08
   0.724000E+04  -0.307648E-08  -0.403864E-08   0.202842E-08
   0.724100E+04  -0.294219E-08  -0.181861E-08  -0.393135E-09
   0.724200E+04  -0.249641E-08   0.109293E-08  -0.302051E-08
   0.724300E+04  -0.178477E-08   0.445780E-08  -0.561189E-08
   0.724400E+04  -0.880071E-09   0.797315E-08  -0.792016E-08
   0.724500E+04   0.125135E-09   0.113010E-07  -0.971758E-08
   0.724600E+04   0.112800E-08   0.141018E-07  -0.108187E-07
   0.724700E+04   0.202585E-08   0.160696E-07  -0.110992E-07
   0.724800E+04   0.272669E-08   0.169632E-07  -0.105093E-07
   0.724900E+04   0.315855E-08   0.166325E-07  -0.907920E-08
   0.725000E+04   0.327684E-08   0.150357E-07  -0.691703E-08
   0.725100E+04   0.306888E-08   0.122461E-07  -0.419919E-08
   0.725200E+04   0.255523E-08   0.844742E-08  -0.115374E-08
   0.725300E+04   0.178756E-08   0.391853E-08   0.196130E-08
   0.725400E+04   0.843397E-09  -0.991461E-09   0.488247E-08
   0.725500E+04  -0.181743E-09  -0.589505E-08   0.736602E-08
   0.725600E+04  -0.118411E-08  -0.104022E-07   0.921095E-08
   0.725700E+04  -0.206227E-08  -0.141563E-07   0.102779E-07
   0.725800E+04  -0.272742E-08  -0.168675E-07   0.105015E-07
   0.725900E+04  -0.311243E-08  -0.183388E-07   0.989601E-08
   0.726000E+04  -0.317865E-08  -0.184838E-07   0.855230E-08
   0.726100E+04  -0.291986E-08  -0.173334E-07   0.662772E-08
   0.726200E+04  -0.236285E-08  -0.150309E-07   0.432935E-08
   0.726300E+04  -0.156468E-08  -0.118167E-07   0.189246E-08
   0.726400E+04  -0.606883E-09  -0.800360E-08  -0.443541E-09
   0.726500E+04   0.412902E-09  -0.394529E-08  -0.245934E-08
   0.726600E+04   0.139085E-08  -0.137041E-11  -0.397750E-08
   0.726700E+04   0.222753E-08   0.349748E-08  -0.487971E-08
   0.726800E+04   0.283805E-08   0.628096E-08  -0.511772E-08
   0.726900E+04   0.316066E-08   0.816384E-08  -0.471687E-08
   0.727000E+04   0.316304E-08   0.906162E-08  -0.377197E-08
   0.727100E+04   0.284556E-08   0.899555E-08  -0.243582E-08
   0.727200E+04   0.224119E-08   0.808674E-08  -0.901813E-09
   0.727300E+04   0.141214E-08   0.653993E-08   0.617674E-09
   0.727400E+04   0.443452E-09   0.461883E-08   0.191482E-08
   0.727500E+04  -0.565703E-09   0.261556E-08   0.280935E-08
   0.727600E+04  -0.151215E-08   0.817606E-09   0.316855E-08
   0.727700E+04  -0.229925E-08  -0.524481E-09   0.292224E-08
   0.727800E+04  -0.284679E-08  -0.122500E-08   0.207116E-08
   0.727900E+04  -0.309915E-08  -0.118381E-08   0.687711E-09
   0.728000E+04  -0.303096E-08  -0.397714E-09  -0.109084E-08
   0.728100E+04  -0.264972E-08   0.103889E-08  -0.307617E-08
   0.728200E+04  -0.199498E-08   0.294395E-08  -0.504831E-08
   0.728300E+04  -0.113432E-08   0.506743E-08  -0.677863E-08
   0.728400E+04  -0.156400E-09   0.711861E-08  -0.805406E-08
   0.728500E+04   0.838070E-09   0.879821E-08  -0.870003E-08
   0.728600E+04   0.174665E-08   0.983194E-08  -0.859980E-08
   0.728700E+04   0.247563E-08   0.100020E-07  -0.770812E-08
   0.728800E+04   0.294960E-08   0.917313E-08  -0.605772E-08
   0.728900E+04   0.311920E-08   0.731057E-08  -0.375799E-08
   0.729000E+04   0.296611E-08   0.448770E-08  -0.985859E-09
   0.729100E+04   0.250498E-08   0.882671E-09   0.203026E-08
   0.729200E+04   0.178193E-08  -0.323583E-08   0.503191E-08
   0.729300E+04   0.869827E-09  -0.753252E-08   0.775523E-08
   0.729400E+04  -0.139085E-09  -0.116366E-07   0.995646E-08
   0.729500E+04  -0.114263E-08  -0.151772E-07   0.114356E-07
   0.729600E+04  -0.203910E-08  -0.178193E-07   0.120561E-07
   0.729700E+04  -0.273762E-08  -0.192970E-07   0.117581E-07
   0.729800E+04  -0.316739E-08  -0.194405E-07   0.105647E-07
   0.729900E+04  -0.328491E-08  -0.181936E-07   0.857971E-08
   0.730000E+04  -0.307839E-08  -0.156211E-07   0.597793E-08
   0.730100E+04  -0.256895E-08  -0.119043E-07   0.298808E-08
   0.730200E+04  -0.180840E-08  -0.732510E-08  -0.129093E-09
   0.730300E+04  -0.873977E-09  -0.224051E-08  -0.310584E-08
   0.730400E+04   0.139562E-09   0.294979E-08  -0.569300E-08
   0.730500E+04   0.112964E-08   0.784018E-08  -0.768346E-08
   0.730600E+04   0.199630E-08   0.120563E-07  -0.893130E-08
   0.730700E+04   0.265244E-08   0.152885E-07  -0.936468E-08
   0.730800E+04   0.303268E-08   0.173200E-07  -0.899122E-08
   0.730900E+04   0.309997E-08   0.180440E-07  -0.789541E-08
   0.731000E+04   0.284942E-08   0.174718E-07  -0.622831E-08
   0.731100E+04   0.230868E-08   0.157282E-07  -0.419081E-08
   0.731200E+04   0.153514E-08   0.130365E-07  -0.201201E-08
   0.731300E+04   0.609957E-09   0.969391E-08   0.749112E-10
   0.731400E+04  -0.370249E-09   0.604048E-08   0.185691E-08
   0.731500E+04  -0.130334E-08   0.242405E-08   0.316282E-08
   0.731600E+04  -0.209214E-08  -0.834315E-09   0.388045E-08
   0.731700E+04  -0.265443E-08  -0.347161E-08   0.396736E-08
   0.731800E+04  -0.293140E-08  -0.530738E-08   0.345404E-08
   0.731900E+04  -0.289369E-08  -0.625917E-08   0.243947E-08
   0.732000E+04  -0.254443E-08  -0.634728E-08   0.107934E-08
   0.732100E+04  -0.191899E-08  -0.568869E-08  -0.431718E-09
   0.732200E+04  -0.108134E-08  -0.448065E-08  -0.188200E-08
   0.732300E+04  -0.117551E-09  -0.297598E-08  -0.306644E-08
   0.732400E+04   0.873006E-09  -0.145269E-08  -0.380965E-08
   0.732500E+04   0.178783E-08  -0.181071E-09  -0.398580E-08
   0.732600E+04   0.253180E-08   0.607990E-09  -0.353341E-08
   0.732700E+04   0.302694E-08   0.750318E-09  -0.246323E-08
   0.732800E+04   0.322041E-08   0.168302E-09  -0.858541E-09
   0.732900E+04   0.309004E-08  -0.111878E-08   0.113230E-08
   0.733000E+04   0.264661E-08  -0.299517E-08   0.331034E-08
   0.733100E+04   0.193286E-08  -0.525971E-08   0.544609E-08
   0.733200E+04   0.101918E-08  -0.764660E-08   0.730312E-08
   0.733300E+04  -0.344171E-11  -0.985365E-08   0.866276E-08
   0.733400E+04  -0.103271E-08  -0.115751E-07   0.934744E-08
   0.733500E+04  -0.196538E-08  -0.125358E-07   0.924015E-08
   0.733600E+04  -0.270771E-08  -0.125226E-07   0.829811E-08
   0.733700E+04  -0.318507E-08  -0.114105E-07   0.655902E-08
   0.733800E+04  -0.334950E-08  -0.917967E-08   0.413939E-08
   0.733900E+04  -0.318459E-08  -0.592277E-08   0.122489E-08
   0.734000E+04  -0.270719E-08  -0.184011E-08  -0.194636E-08
   0.734100E+04  -0.196567E-08   0.277577E-08  -0.510588E-08
   0.734200E+04  -0.103507E-08   0.756537E-08  -0.798014E-08
   0.734300E+04  -0.940273E-11   0.121348E-07  -0.103167E-07
   0.734400E+04   0.100786E-08   0.160924E-07  -0.119084E-07
   0.734500E+04   0.191431E-08   0.190859E-07  -0.126131E-07
   0.734600E+04   0.261905E-08   0.208363E-07  -0.123680E-07
   0.734700E+04   0.305186E-08   0.211656E-07  -0.111948E-07
   0.734800E+04   0.317040E-08   0.200145E-07  -0.919823E-08
   0.734900E+04   0.296444E-08   0.174496E-07  -0.655557E-08
   0.735000E+04   0.245689E-08   0.136583E-07  -0.349951E-08
   0.735100E+04   0.170140E-08   0.893239E-08  -0.295727E-09
   0.735200E+04   0.776875E-09   0.364169E-08   0.278261E-08
   0.735300E+04  -0.220611E-09  -0.179947E-08   0.548079E-08
   0.735400E+04  -0.118768E-08  -0.697005E-08   0.758643E-08
   0.735500E+04  -0.202421E-08  -0.114803E-07   0.894887E-08
   0.735600E+04  -0.264359E-08  -0.150065E-07   0.949227E-08
   0.735700E+04  -0.298161E-08  -0.173190E-07   0.922100E-08
   0.735800E+04  -0.300300E-08  -0.183006E-07   0.821708E-08
   0.735900E+04  -0.270509E-08  -0.179545E-07   0.662976E-08
   0.736000E+04  -0.211809E-08  -0.163998E-07   0.465863E-08
   0.736100E+04  -0.130201E-08  -0.138565E-07   0.253180E-08
   0.736200E+04  -0.340569E-09  -0.106202E-07   0.481605E-09
   0.736300E+04   0.667389E-09  -0.703123E-08  -0.127967E-08
   0.736400E+04   0.161796E-08  -0.343882E-08  -0.258167E-08
   0.736500E+04   0.241283E-08  -0.166344E-09  -0.331301E-08
   0.736600E+04   0.296932E-08   0.252034E-08  -0.343194E-08
   0.736700E+04   0.322886E-08   0.443755E-08  -0.296943E-08
   0.736800E+04   0.316304E-08   0.549928E-08  -0.202445E-08
   0.736900E+04   0.277654E-08   0.572202E-08  -0.751988E-09
   0.737000E+04   0.210670E-08   0.521851E-08   0.654913E-09
   0.737100E+04   0.121978E-08   0.418120E-08   0.198721E-08
   0.737200E+04   0.204251E-09   0.285745E-08   0.304364E-08
   0.737300E+04  -0.838186E-09   0.151897E-08   0.365374E-08
   0.737400E+04  -0.180294E-08   0.428974E-09   0.369759E-08
   0.737500E+04  -0.259315E-08  -0.189486E-09   0.312033E-08
   0.737600E+04  -0.312957E-08  -0.180520E-09   0.193967E-08
   0.737700E+04  -0.335862E-08   0.525098E-09   0.245742E-09
   0.737800E+04  -0.325783E-08   0.190013E-08  -0.180687E-08
   0.737900E+04  -0.283819E-08   0.382184E-08  -0.401414E-08
   0.738000E+04  -0.214296E-08   0.608377E-08  -0.614316E-08
   0.738100E+04  -0.124336E-08   0.841708E-08  -0.795605E-08
   0.738200E+04  -0.231245E-09   0.105193E-07  -0.923502E-08
   0.738300E+04   0.790185E-09   0.120877E-07  -0.980578E-08
   0.738400E+04   0.171693E-08   0.128532E-07  -0.955690E-08
   0.738500E+04   0.245475E-08   0.126123E-07  -0.845327E-08
   0.738600E+04   0.292879E-08   0.112523E-07  -0.654190E-08
   0.738700E+04   0.309117E-08   0.876821E-08  -0.394969E-08
   0.738800E+04   0.292588E-08   0.526890E-08  -0.873106E-09
   0.738900E+04   0.245040E-08   0.971365E-09   0.243927E-08
   0.739000E+04   0.171391E-08  -0.381586E-08   0.570953E-08
   0.739100E+04   0.792259E-09  -0.871914E-08   0.865643E-08
   0.739200E+04  -0.219758E-09  -0.133333E-07   0.110221E-07
   0.739300E+04  -0.121808E-08  -0.172594E-07   0.125965E-07
   0.739400E+04  -0.209999E-08  -0.201424E-07   0.132377E-07
   0.739500E+04  -0.277462E-08  -0.217055E-07   0.128856E-07
   0.739600E+04  -0.317220E-08  -0.217780E-07   0.115677E-07
   0.739700E+04  -0.325120E-08  -0.203127E-07   0.939667E-08
   0.739800E+04  -0.300259E-08  -0.173925E-07   0.655939E-08
   0.739900E+04  -0.245077E-08  -0.132241E-07   0.329945E-08
   0.740000E+04  -0.165109E-08  -0.812085E-08  -0.106181E-09
   0.740100E+04  -0.684228E-09  -0.247492E-08  -0.337327E-08
   0.740200E+04   0.351984E-09   0.327785E-08  -0.623690E-08
   0.740300E+04   0.135256E-08   0.869683E-08  -0.847596E-08
   0.740400E+04   0.221604E-08   0.133759E-07  -0.993290E-08
   0.740500E+04   0.285480E-08   0.169792E-07  -0.105271E-07
   0.740600E+04   0.320401E-08   0.192696E-07  -0.102606E-07
   0.740700E+04   0.322819E-08   0.201282E-07  -0.921516E-08
   0.740800E+04   0.292491E-08   0.195616E-07  -0.754197E-08
   0.740900E+04   0.232493E-08   0.176973E-07  -0.544442E-08
   0.741000E+04   0.148917E-08   0.147683E-07  -0.315596E-08
   0.741100E+04   0.502441E-09   0.110873E-07  -0.915483E-09
   0.741200E+04  -0.535142E-09   0.701395E-08   0.105738E-08
   0.741300E+04  -0.151838E-08   0.291892E-08   0.258441E-08
   0.741400E+04  -0.234770E-08  -0.852456E-09   0.354614E-08
   0.741500E+04  -0.293926E-08  -0.401268E-08   0.389277E-08
   0.741600E+04  -0.323349E-08  -0.635776E-08   0.364742E-08
   0.741700E+04  -0.320114E-08  -0.778346E-08   0.290153E-08
   0.741800E+04  -0.284626E-08  -0.829073E-08   0.180302E-08
   0.741900E+04  -0.220572E-08  -0.797989E-08   0.538378E-09
   0.742000E+04  -0.134548E-08  -0.703442E-08  -0.689273E-09
   0.742100E+04  -0.353812E-09  -0.569624E-08  -0.168381E-08
   0.742200E+04   0.667703E-09  -0.423521E-08  -0.227896E-08
   0.742300E+04   0.161454E-08  -0.291623E-08  -0.235784E-08
   0.742400E+04   0.238990E-08  -0.196749E-08  -0.186722E-08
   0.742500E+04   0.291457E-08  -0.155328E-08  -0.824736E-09
   0.742600E+04   0.313501E-08  -0.175438E-08   0.681495E-09
   0.742700E+04   0.302883E-08  -0.255809E-08   0.250109E-08
   0.742800E+04   0.260699E-08  -0.385899E-08   0.443652E-08
   0.742900E+04   0.191275E-08  -0.547039E-08   0.626373E-08
   0.743000E+04   0.101721E-08  -0.714540E-08   0.775594E-08
   0.743100E+04   0.120222E-10  -0.860520E-08   0.870839E-08
   0.743200E+04  -0.999918E-09  -0.957168E-08   0.896133E-08
   0.743300E+04  -0.191502E-08  -0.980088E-08   0.841878E-08
   0.743400E+04  -0.263957E-08  -0.911368E-08   0.706117E-08
   0.743500E+04  -0.309928E-08  -0.742023E-08   0.495033E-08
   0.743600E+04  -0.324687E-08  -0.473565E-08   0.222634E-08
   0.743700E+04  -0.306692E-08  -0.118483E-08  -0.903746E-09
   0.743800E+04  -0.257741E-08   0.300422E-08  -0.418411E-08
   0.743900E+04  -0.182792E-08   0.751809E-08  -0.733369E-08
   0.744000E+04  -0.894519E-09   0.119852E-07  -0.100726E-07
   0.744100E+04   0.127945E-09   0.160101E-07  -0.121491E-07
   0.744200E+04   0.113556E-08   0.192109E-07  -0.133639E-07
   0.744300E+04   0.202595E-08   0.212574E-07  -0.135902E-07
   0.744400E+04   0.270870E-08   0.219044E-07  -0.127866E-07
   0.744500E+04   0.311461E-08   0.210182E-07  -0.110021E-07
   0.744600E+04   0.320275E-08   0.185928E-07  -0.837241E-08
   0.744700E+04   0.296459E-08   0.147544E-07  -0.510781E-08
   0.744800E+04   0.242494E-08   0.975349E-08  -0.147432E-08
   0.744900E+04   0.163936E-08   0.394455E-08   0.223089E-08
   0.745000E+04   0.688468E-09  -0.224343E-08   0.570681E-08
   0.745100E+04  -0.330227E-09  -0.834428E-08   0.867614E-08
   0.745200E+04  -0.131235E-08  -0.138955E-07   0.109105E-07
   0.745300E+04  -0.215728E-08  -0.184787E-07   0.122505E-07
   0.745400E+04  -0.277845E-08  -0.217567E-07   0.126195E-07
   0.745500E+04  -0.311217E-08  -0.235020E-07   0.120287E-07
   0.745600E+04  -0.312415E-08  -0.236161E-07   0.105740E-07
   0.745700E+04  -0.281301E-08  -0.221358E-07   0.842487E-08
   0.745800E+04  -0.221039E-08  -0.192276E-07   0.580589E-08
   0.745900E+04  -0.137776E-08  -0.151698E-07   0.297382E-08
   0.746000E+04  -0.400157E-09  -0.103252E-07   0.191604E-09
   0.746100E+04   0.622540E-09  -0.510525E-08  -0.229743E-08
   0.746200E+04   0.158576E-08   0.679015E-10  -0.429283E-08
   0.746300E+04   0.239093E-08   0.480051E-08  -0.565534E-08
   0.746400E+04   0.295553E-08   0.876191E-08  -0.631856E-08
   0.746500E+04   0.322155E-08   0.117121E-07  -0.629276E-08
   0.746600E+04   0.316138E-08   0.135197E-07  -0.566075E-08
   0.746700E+04   0.278063E-08   0.141681E-07  -0.456608E-08
   0.746800E+04   0.211761E-08   0.137508E-07  -0.319523E-08
   0.746900E+04   0.123936E-08   0.124548E-07  -0.175545E-08
   0.747000E+04   0.234879E-09   0.105360E-07  -0.450847E-09
   0.747100E+04  -0.794013E-09   0.828731E-08   0.540874E-09
   0.747200E+04  -0.174302E-08   0.600531E-08   0.108840E-08
   0.747300E+04  -0.251604E-08   0.395660E-08   0.112155E-08
   0.747400E+04  -0.303495E-08   0.234926E-08   0.639049E-09
   0.747500E+04  -0.324759E-08   0.131141E-08  -0.291325E-09
   0.747600E+04  -0.313307E-08   0.879493E-09  -0.154038E-08
   0.747700E+04  -0.270390E-08   0.997249E-09  -0.293208E-08
   0.747800E+04  -0.200473E-08   0.152546E-08  -0.426346E-08
   0.747900E+04  -0.110773E-08   0.226131E-08  -0.532788E-08
   0.748000E+04  -0.105258E-09   0.296520E-08  -0.593904E-08
   0.748100E+04   0.899602E-09   0.339193E-08  -0.595325E-08
   0.748200E+04   0.180358E-08   0.332298E-08  -0.528754E-08
   0.748300E+04   0.251380E-08   0.259607E-08  -0.393154E-08
   0.748400E+04   0.295723E-08   0.112886E-08  -0.195191E-08
   0.748500E+04   0.308825E-08  -0.106603E-08   0.511401E-09
   0.748600E+04   0.289324E-08  -0.387645E-08   0.325676E-08
   0.748700E+04   0.239208E-08  -0.709740E-08   0.603927E-08
   0.748800E+04   0.163608E-08  -0.104483E-07   0.859422E-08
   0.748900E+04   0.702805E-09  -0.135997E-07   0.106632E-07
   0.749000E+04  -0.311844E-09  -0.162059E-07   0.120204E-07
   0.749100E+04  -0.130342E-08  -0.179415E-07   0.124961E-07
   0.749200E+04  -0.216957E-08  -0.185368E-07   0.119955E-07
   0.749300E+04  -0.282051E-08  -0.178093E-07   0.105100E-07
   0.749400E+04  -0.318822E-08  -0.156874E-07   0.812122E-08
   0.749500E+04  -0.323338E-08  -0.122238E-07   0.499492E-08
   0.749600E+04  -0.294945E-08  -0.759732E-08   0.136796E-08
   0.749700E+04  -0.236337E-08  -0.210188E-08  -0.247253E-08
   0.749800E+04  -0.153289E-08   0.387578E-08  -0.621482E-08
   0.749900E+04  -0.540682E-09   0.988808E-08  -0.955097E-08
   0.750000E+04   0.513990E-09   0.154653E-07  -0.122050E-07
   0.750100E+04   0.152537E-08   0.201573E-07  -0.139581E-07
   0.750200E+04   0.239194E-08   0.235743E-07  -0.146689E-07
   0.750300E+04   0.302672E-08   0.254228E-07  -0.142862E-07
   0.750400E+04   0.336612E-08   0.255331E-07  -0.128528E-07
   0.750500E+04   0.337639E-08   0.238757E-07  -0.105012E-07
   0.750600E+04   0.305699E-08   0.205652E-07  -0.744079E-08
   0.750700E+04   0.244073E-08   0.158508E-07  -0.393702E-08
   0.750800E+04   0.159029E-08   0.100947E-07  -0.286783E-09
   0.750900E+04   0.591934E-09   0.374010E-08   0.320962E-08
   0.751000E+04  -0.453330E-09  -0.272752E-08   0.627611E-08
   0.751100E+04  -0.144002E-08  -0.882318E-08   0.868564E-08
   0.751200E+04  -0.226891E-08  -0.141043E-07   0.102798E-07
   0.751300E+04  -0.285711E-08  -0.182078E-07   0.109811E-07
   0.751400E+04  -0.314648E-08  -0.208801E-07   0.107977E-07
   0.751500E+04  -0.310949E-08  -0.219951E-07   0.981860E-08
   0.751600E+04  -0.275200E-08  -0.215612E-07   0.820214E-08
   0.751700E+04  -0.211258E-08  -0.197147E-07   0.615690E-08
   0.751800E+04  -0.125854E-08  -0.167019E-07   0.391867E-08
   0.751900E+04  -0.278971E-09  -0.128516E-07   0.172516E-08
   0.752000E+04   0.724369E-09  -0.853969E-08  -0.208761E-09
   0.752100E+04   0.164749E-08  -0.415235E-08  -0.171264E-08
   0.752200E+04   0.239481E-08  -0.480826E-10  -0.267682E-08
   0.752300E+04   0.288895E-08   0.347486E-08  -0.306178E-08
   0.752400E+04   0.307865E-08   0.620392E-08  -0.289975E-08
   0.752500E+04   0.294397E-08   0.802765E-08  -0.228840E-08
   0.752600E+04   0.249836E-08   0.893994E-08  -0.137744E-08
   0.752700E+04   0.178723E-08   0.903291E-08  -0.349621E-09
   0.752800E+04   0.883344E-09   0.847947E-08   0.601789E-09
   0.752900E+04  -0.120693E-09   0.750772E-08   0.129651E-08
   0.753000E+04  -0.112189E-08   0.637016E-08   0.158929E-08
   0.753100E+04  -0.201745E-08   0.531114E-08   0.138794E-08
   0.753200E+04  -0.271529E-08   0.453617E-08   0.665494E-09
   0.753300E+04  -0.314345E-08   0.418657E-08  -0.534924E-09
   0.753400E+04  -0.325756E-08   0.432207E-08  -0.210314E-08
   0.753500E+04  -0.304532E-08   0.491354E-08  -0.387259E-08
   0.753600E+04  -0.252781E-08   0.584634E-08  -0.563755E-08
   0.753700E+04  -0.175737E-08   0.693425E-08  -0.717522E-08
   0.753800E+04  -0.812213E-09   0.794225E-08  -0.827028E-08
   0.753900E+04   0.211504E-09   0.861581E-08  -0.873944E-08
   0.754000E+04   0.120956E-08   0.871339E-08  -0.845324E-08
   0.754100E+04   0.208032E-08   0.803862E-08  -0.735291E-08
   0.754200E+04   0.273515E-08   0.646849E-08  -0.546020E-08
   0.754300E+04   0.310750E-08   0.397439E-08  -0.287924E-08
   0.754400E+04   0.315976E-08   0.633378E-09   0.210207E-09
   0.754500E+04   0.288713E-08  -0.337174E-08   0.356727E-08
   0.754600E+04   0.231818E-08  -0.776397E-08   0.691130E-08
   0.754700E+04   0.151195E-08  -0.121945E-07   0.994767E-08
   0.754800E+04   0.551934E-09  -0.162735E-07   0.123958E-07
   0.754900E+04  -0.462358E-09  -0.196075E-07   0.140164E-07
   0.755000E+04  -0.142562E-08  -0.218377E-07   0.146355E-07
   0.755100E+04  -0.223749E-08  -0.226780E-07   0.141623E-07
   0.755200E+04  -0.281282E-08  -0.219461E-07   0.126000E-07
   0.755300E+04  -0.309041E-08  -0.195867E-07   0.100472E-07
   0.755400E+04  -0.303935E-08  -0.156826E-07   0.669059E-08
   0.755500E+04  -0.266220E-08  -0.104536E-07   0.278916E-08
   0.755600E+04  -0.199486E-08  -0.424171E-08  -0.134851E-08
   0.755700E+04  -0.110297E-08   0.251487E-08  -0.539178E-08
   0.755800E+04  -0.753324E-10   0.931789E-08  -0.901768E-08
   0.755900E+04   0.985100E-09   0.156511E-07  -0.119398E-07
   0.756000E+04   0.197160E-08   0.210249E-07  -0.139341E-07
   0.756100E+04   0.278450E-08   0.250192E-07  -0.148579E-07
   0.756200E+04   0.334129E-08   0.273203E-07  -0.146626E-07
   0.756300E+04   0.358500E-08   0.277487E-07  -0.133959E-07
   0.756400E+04   0.348994E-08   0.262746E-07  -0.111960E-07
   0.756500E+04   0.306437E-08   0.230204E-07  -0.827741E-08
   0.756600E+04   0.234957E-08   0.182491E-07  -0.490895E-08
   0.756700E+04   0.141573E-08   0.123406E-07  -0.138818E-08
   0.756800E+04   0.354769E-09   0.575754E-08   0.198715E-08
   0.756900E+04  -0.728985E-09  -0.995599E-09   0.494661E-08
   0.757000E+04  -0.172936E-08  -0.741665E-08   0.727136E-08
   0.757100E+04  -0.254910E-08  -0.130486E-07   0.881272E-08
   0.757200E+04  -0.310970E-08  -0.175171E-07   0.950336E-08
   0.757300E+04  -0.335933E-08  -0.205601E-07   0.936004E-08
   0.757400E+04  -0.327797E-08  -0.220455E-07   0.847804E-08
   0.757500E+04  -0.287939E-08  -0.219762E-07   0.701768E-08
   0.757600E+04  -0.220957E-08  -0.204836E-07   0.518482E-08
   0.757700E+04  -0.134193E-08  -0.178076E-07   0.320728E-08
   0.757800E+04  -0.369664E-09  -0.142685E-07   0.130968E-08
   0.757900E+04   0.603855E-09  -0.102317E-07  -0.310458E-09
   0.758000E+04   0.147577E-08  -0.607029E-08  -0.150307E-08
   0.758100E+04   0.215435E-08  -0.212852E-08  -0.218013E-08
   0.758200E+04   0.256844E-08   0.131007E-08  -0.232305E-08
   0.758300E+04   0.267485E-08   0.404626E-08  -0.198218E-08
   0.758400E+04   0.246280E-08   0.597877E-08  -0.126866E-08
   0.758500E+04   0.195510E-08   0.710666E-08  -0.339419E-09
   0.758600E+04   0.120589E-08   0.752067E-08   0.622802E-09
   0.758700E+04   0.295048E-09   0.738458E-08   0.143233E-08
   0.758800E+04  -0.679884E-09   0.690927E-08   0.192372E-08
   0.758900E+04  -0.161376E-08   0.632213E-08   0.197262E-08
   0.759000E+04  -0.240460E-08   0.583569E-08   0.151214E-08
   0.759100E+04  -0.296412E-08   0.561890E-08   0.542743E-09
   0.759200E+04  -0.322686E-08   0.577432E-08  -0.865444E-09
   0.759300E+04  -0.315702E-08   0.632385E-08  -0.257823E-08
   0.759400E+04  -0.275227E-08   0.720459E-08  -0.441044E-08
   0.759500E+04  -0.204425E-08   0.827549E-08  -0.614511E-08
   0.759600E+04  -0.109546E-08   0.933389E-08  -0.755695E-08
   0.759700E+04   0.683407E-11   0.101404E-07  -0.843741E-08
   0.759800E+04   0.115931E-08   0.104491E-07  -0.861900E-08
   0.759900E+04   0.225293E-08   0.100405E-07  -0.799596E-08
   0.760000E+04   0.318386E-08   0.875205E-08  -0.653919E-08
   0.760100E+04   0.386388E-08   0.650431E-08  -0.430365E-08
   0.760200E+04   0.422926E-08   0.331893E-08  -0.142724E-08
   0.760300E+04   0.424705E-08  -0.674076E-09   0.187880E-08
   0.760400E+04   0.391845E-08  -0.524049E-08   0.534746E-08
   0.760500E+04   0.327853E-08  -0.100577E-07   0.867961E-08
   0.760600E+04   0.239264E-08  -0.147408E-07   0.115717E-07
   0.760700E+04   0.134976E-08  -0.188770E-07   0.137447E-07
   0.760800E+04   0.253422E-09  -0.220647E-07   0.149717E-07
   0.760900E+04  -0.788784E-09  -0.239531E-07   0.151006E-07
   0.761000E+04  -0.167611E-08  -0.242795E-07   0.140712E-07
   0.761100E+04  -0.232480E-08  -0.228994E-07   0.119227E-07
   0.761200E+04  -0.267653E-08  -0.198060E-07   0.879273E-08
   0.761300E+04  -0.270419E-08  -0.151384E-07   0.490711E-08
   0.761400E+04  -0.241452E-08  -0.917523E-08   0.560611E-09
   0.761500E+04  -0.184717E-08  -0.231589E-08  -0.390836E-08
   0.761600E+04  -0.107058E-08   0.495051E-08  -0.814755E-08
   0.761700E+04  -0.174733E-09   0.120850E-07  -0.118221E-07
   0.761800E+04   0.738175E-09   0.185441E-07  -0.146441E-07
   0.761900E+04   0.156435E-08   0.238264E-07  -0.163983E-07
   0.762000E+04   0.220915E-08   0.275166E-07  -0.169602E-07
   0.762100E+04   0.259695E-08   0.293213E-07  -0.163066E-07
   0.762200E+04   0.267894E-08   0.290954E-07  -0.145162E-07
   0.762300E+04   0.243832E-08   0.268547E-07  -0.117610E-07
   0.762400E+04   0.189209E-08   0.227748E-07  -0.828895E-08
   0.762500E+04   0.108943E-08   0.171754E-07  -0.440048E-08
   0.762600E+04   0.106768E-09   0.104921E-07  -0.419945E-09
   0.762700E+04  -0.959947E-09   0.323868E-08   0.333407E-08
   0.762800E+04  -0.200501E-08  -0.403776E-08   0.657728E-08
   0.762900E+04  -0.292373E-08  -0.108032E-07   0.908424E-08
   0.763000E+04  -0.362311E-08  -0.165815E-07   0.107065E-07
   0.763100E+04  -0.403140E-08  -0.209926E-07   0.113828E-07
   0.763200E+04  -0.410546E-08  -0.237814E-07   0.111406E-07
   0.763300E+04  -0.383524E-08  -0.248344E-07   0.100887E-07
   0.763400E+04  -0.324492E-08  -0.241829E-07   0.840247E-08
   0.763500E+04  -0.239057E-08  -0.219934E-07   0.630251E-08
   0.763600E+04  -0.135456E-08  -0.185452E-07   0.403013E-08
   0.763700E+04  -0.237287E-09  -0.141997E-07   0.182138E-08
   0.763800E+04   0.852911E-09  -0.936239E-08  -0.117181E-09
   0.763900E+04   0.181066E-08  -0.444314E-08  -0.162872E-08
   0.764000E+04   0.254417E-08   0.181478E-09  -0.262014E-08
   0.764100E+04   0.298445E-08   0.420101E-08  -0.306866E-08
   0.764200E+04   0.309227E-08   0.739517E-08  -0.302043E-08
   0.764300E+04   0.286204E-08   0.964730E-08  -0.258143E-08
   0.764400E+04   0.232231E-08   0.109463E-07  -0.190174E-08
   0.764500E+04   0.153282E-08   0.113775E-07  -0.115523E-08
   0.764600E+04   0.578383E-09   0.111030E-07  -0.516676E-09
   0.764700E+04  -0.439752E-09   0.103358E-07  -0.139167E-09
   0.764800E+04  -0.141423E-08   0.930872E-08  -0.134147E-09
   0.764900E+04  -0.224245E-08   0.824301E-08  -0.556436E-09
   0.765000E+04  -0.283701E-08   0.732025E-08  -0.139591E-08
   0.765100E+04  -0.313450E-08   0.666003E-08  -0.257681E-08
   0.765200E+04  -0.310186E-08   0.630630E-08  -0.396492E-08
   0.765300E+04  -0.273974E-08   0.622387E-08  -0.538180E-08
   0.765400E+04  -0.208221E-08   0.630526E-08  -0.662468E-08
   0.765500E+04  -0.119332E-08   0.638710E-08  -0.748994E-08
   0.765600E+04  -0.160405E-09   0.627419E-08  -0.779757E-08
   0.765700E+04   0.914845E-09   0.576835E-08  -0.741397E-08
   0.765800E+04   0.192679E-08   0.469875E-08  -0.627061E-08
   0.765900E+04   0.277662E-08   0.295016E-08  -0.437633E-08
   0.766000E+04   0.338242E-08   0.485538E-09  -0.182174E-08
   0.766100E+04   0.368744E-08  -0.263958E-08   0.122482E-08
   0.766200E+04   0.366582E-08  -0.627320E-08   0.452986E-08
   0.766300E+04   0.332507E-08  -0.101741E-07   0.781460E-08
   0.766400E+04   0.270522E-08  -0.140300E-07   0.107804E-07
   0.766500E+04   0.187447E-08  -0.174853E-07   0.131371E-07
   0.766600E+04   0.922136E-09  -0.201750E-07   0.146321E-07
   0.766700E+04  -0.507093E-10  -0.217629E-07   0.150764E-07
   0.766800E+04  -0.941725E-09  -0.219787E-07   0.143653E-07
   0.766900E+04  -0.165793E-08  -0.206505E-07   0.124922E-07
   0.767000E+04  -0.212535E-08  -0.177300E-07   0.955283E-08
   0.767100E+04  -0.229672E-08  -0.133066E-07   0.573998E-08
   0.767200E+04  -0.215640E-08  -0.760786E-08   0.132910E-08
   0.767300E+04  -0.172204E-08  -0.987969E-09  -0.334432E-08
   0.767400E+04  -0.104280E-08   0.609751E-08  -0.791338E-08
   0.767500E+04  -0.194299E-09   0.131271E-07  -0.120119E-07
   0.767600E+04   0.729196E-09   0.195568E-07  -0.153067E-07
   0.767700E+04   0.162451E-08   0.248666E-07  -0.175275E-07
   0.767800E+04   0.239030E-08   0.286073E-07  -0.184913E-07
   0.767900E+04   0.293759E-08   0.304411E-07  -0.181186E-07
   0.768000E+04   0.319920E-08   0.301745E-07  -0.164407E-07
   0.768100E+04   0.313681E-08   0.277776E-07  -0.135964E-07
   0.768200E+04   0.274528E-08   0.233908E-07  -0.981999E-08
   0.768300E+04   0.205345E-08   0.173148E-07  -0.541919E-08
   0.768400E+04   0.112155E-08   0.998766E-08  -0.747984E-09
   0.768500E+04   0.353818E-10   0.194925E-08   0.382517E-08
   0.768600E+04  -0.110221E-08  -0.620376E-08   0.794967E-08
   0.768700E+04  -0.218156E-08  -0.138674E-07   0.113230E-07
   0.768800E+04  -0.309721E-08  -0.204809E-07   0.137157E-07
   0.768900E+04  -0.375855E-08  -0.255721E-07   0.149896E-07
   0.769000E+04  -0.409903E-08  -0.287965E-07   0.151064E-07
   0.769100E+04  -0.408298E-08  -0.299626E-07   0.141272E-07
   0.769200E+04  -0.370936E-08  -0.290448E-07   0.122031E-07
   0.769300E+04  -0.301207E-08  -0.261814E-07   0.955664E-08
   0.769400E+04  -0.205671E-08  -0.216577E-07   0.645849E-08
   0.769500E+04  -0.934201E-09  -0.158776E-07   0.319944E-08
   0.769600E+04   0.248101E-09  -0.932438E-08   0.620931E-10
   0.769700E+04   0.137701E-08  -0.251727E-08  -0.270543E-08
   0.769800E+04   0.234463E-08   0.403462E-08  -0.491130E-08
   0.769900E+04   0.305898E-08   0.987493E-08  -0.643497E-08
   0.770000E+04   0.345297E-08   0.146361E-07  -0.723433E-08
   0.770100E+04   0.349093E-08   0.180656E-07  -0.734428E-08
   0.770200E+04   0.317192E-08   0.200399E-07  -0.686737E-08
   0.770300E+04   0.252962E-08   0.205658E-07  -0.595755E-08
   0.770400E+04   0.162876E-08   0.197692E-07  -0.479914E-08
   0.770500E+04   0.558407E-09   0.178731E-07  -0.358336E-08
   0.770600E+04  -0.577022E-09   0.151681E-07  -0.248502E-08
   0.770700E+04  -0.166833E-08   0.119770E-07  -0.164197E-08
   0.770800E+04  -0.261242E-08   0.862008E-08  -0.113960E-08
   0.770900E+04  -0.332254E-08   0.538211E-08  -0.100193E-08
   0.771000E+04  -0.373671E-08   0.248638E-08  -0.119037E-08
   0.771100E+04  -0.382360E-08   0.771060E-10  -0.161005E-08
   0.771200E+04  -0.358526E-08  -0.178770E-08  -0.212315E-08
   0.771300E+04  -0.305633E-08  -0.313266E-08  -0.256752E-08
   0.771400E+04  -0.230006E-08  -0.405165E-08  -0.277855E-08
   0.771500E+04  -0.140128E-08  -0.468649E-08  -0.261188E-08
   0.771600E+04  -0.457303E-09  -0.520040E-08  -0.196414E-08
   0.771700E+04   0.432383E-09  -0.574969E-08  -0.789492E-09
   0.771800E+04   0.117662E-08  -0.645703E-08   0.890148E-09
   0.771900E+04   0.170208E-08  -0.738965E-08   0.298242E-08
   0.772000E+04   0.196086E-08  -0.854524E-08   0.532999E-08
   0.772100E+04   0.193537E-08  -0.984721E-08   0.772375E-08
   0.772200E+04   0.163996E-08  -0.111502E-07   0.992258E-08
   0.772300E+04   0.111924E-08  -0.122556E-07   0.116778E-07
   0.772400E+04   0.443099E-09  -0.129346E-07   0.127596E-07
   0.772500E+04  -0.300896E-09  -0.129580E-07   0.129831E-07
   0.772600E+04  -0.101700E-08  -0.121272E-07   0.122308E-07
   0.772700E+04  -0.161174E-08  -0.103049E-07   0.104694E-07
   0.772800E+04  -0.200411E-08  -0.744069E-08   0.775869E-08
   0.772900E+04  -0.213459E-08  -0.358816E-08   0.425113E-08
   0.773000E+04  -0.197191E-08   0.108776E-08   0.182882E-09
   0.773100E+04  -0.151688E-08   0.631570E-08  -0.414443E-08
   0.773200E+04  -0.802954E-09   0.117346E-07  -0.838882E-08
   0.773300E+04   0.106703E-09   0.169214E-07  -0.121979E-07
   0.773400E+04   0.112529E-08   0.214268E-07  -0.152408E-07
   0.773500E+04   0.215096E-08   0.248172E-07  -0.172392E-07
   0.773600E+04   0.307715E-08   0.267164E-07  -0.179944E-07
   0.773700E+04   0.380349E-08   0.268459E-07  -0.174069E-07
   0.773800E+04   0.424633E-08   0.250570E-07  -0.154887E-07
   0.773900E+04   0.434760E-08   0.213530E-07  -0.123637E-07
   0.774000E+04   0.408137E-08   0.158973E-07  -0.825972E-08
   0.774100E+04   0.345709E-08   0.900863E-08  -0.348954E-08
   0.774200E+04   0.251941E-08   0.113986E-08   0.157541E-08
   0.774300E+04   0.134449E-08  -0.715473E-08   0.653687E-08
   0.774400E+04   0.330812E-10  -0.152633E-07   0.110043E-07
   0.774500E+04  -0.129886E-08  -0.225666E-07   0.146288E-07
   0.774600E+04  -0.253122E-08  -0.284903E-07   0.171329E-07
   0.774700E+04  -0.355116E-08  -0.325544E-07   0.183346E-07
   0.774800E+04  -0.426408E-08  -0.344157E-07   0.181615E-07
   0.774900E+04  -0.460270E-08  -0.338990E-07   0.166563E-07
   0.775000E+04  -0.453370E-08  -0.310138E-07   0.139705E-07
   0.775100E+04  -0.406092E-08  -0.259556E-07   0.103496E-07
   0.775200E+04  -0.322509E-08  -0.190909E-07   0.610891E-08
   0.775300E+04  -0.209997E-08  -0.109273E-07   0.160472E-08
   0.775400E+04  -0.785285E-09  -0.207182E-08  -0.279855E-08
   0.775500E+04   0.602771E-09   0.681949E-08  -0.676051E-08
   0.775600E+04   0.194259E-08   0.150955E-07  -0.999403E-08
   0.775700E+04   0.311859E-08   0.221631E-07  -0.122886E-07
   0.775800E+04   0.403203E-08   0.275348E-07  -0.135256E-07
   0.775900E+04   0.461002E-08   0.308658E-07  -0.136849E-07
   0.776000E+04   0.481192E-08   0.319791E-07  -0.128411E-07
   0.776100E+04   0.463251E-08   0.308742E-07  -0.111518E-07
   0.776200E+04   0.410167E-08   0.277218E-07  -0.883767E-08
   0.776300E+04   0.328063E-08   0.228427E-07  -0.615793E-08
   0.776400E+04   0.225518E-08   0.166755E-07  -0.338255E-08
   0.776500E+04   0.112665E-08   0.973444E-08  -0.765339E-09
   0.776600E+04   0.147696E-11   0.256291E-08   0.148036E-08
   0.776700E+04  -0.101943E-08  -0.431322E-08   0.320039E-08
   0.776800E+04  -0.185059E-08  -0.104286E-07   0.431144E-08
   0.776900E+04  -0.242998E-08  -0.154137E-07   0.480457E-08
   0.777000E+04  -0.272452E-08  -0.190185E-07   0.474053E-08
   0.777100E+04  -0.273239E-08  -0.211253E-07   0.423760E-08
   0.777200E+04  -0.248208E-08  -0.217466E-07   0.345361E-08
   0.777300E+04  -0.202824E-08  -0.210120E-07   0.256418E-08
   0.777400E+04  -0.144486E-08  -0.191449E-07   0.173972E-08
   0.777500E+04  -0.816534E-09  -0.164313E-07   0.112393E-08
   0.777600E+04  -0.228724E-09  -0.131856E-07   0.815986E-09
   0.777700E+04   0.241898E-09  -0.971647E-08   0.858628E-09
   0.777800E+04   0.536004E-09  -0.629584E-08   0.123330E-08
   0.777900E+04   0.618155E-09  -0.313586E-08   0.186297E-08
   0.778000E+04   0.480636E-09  -0.374064E-09   0.262218E-08
   0.778100E+04   0.144173E-09   0.193091E-08   0.335335E-08
   0.778200E+04  -0.344544E-09   0.379355E-08   0.388726E-08
   0.778300E+04  -0.918258E-09   0.528676E-08   0.406563E-08
   0.778400E+04  -0.149690E-08   0.652046E-08   0.376299E-08
   0.778500E+04  -0.199684E-08   0.761630E-08   0.290543E-08
   0.778600E+04  -0.234073E-08   0.868201E-08   0.148397E-08
   0.778700E+04  -0.246668E-08   0.978855E-08  -0.439203E-09
   0.778800E+04  -0.233606E-08   0.109531E-07  -0.273242E-08
   0.778900E+04  -0.193872E-08   0.121303E-07  -0.520438E-08
   0.779000E+04  -0.129536E-08   0.132126E-07  -0.762118E-08
   0.779100E+04  -0.456462E-09   0.140406E-07  -0.972914E-08
   0.779200E+04   0.501959E-09   0.144214E-07  -0.112809E-07
   0.779300E+04   0.148555E-08   0.141546E-07  -0.120623E-07
   0.779400E+04   0.239095E-08   0.130609E-07  -0.119172E-07
   0.779500E+04   0.311638E-08   0.110115E-07  -0.107674E-07
   0.779600E+04   0.357244E-08   0.795428E-08  -0.862543E-08
   0.779700E+04   0.369191E-08   0.393342E-08  -0.559920E-08
   0.779800E+04   0.343761E-08  -0.900863E-09  -0.188643E-08
   0.779900E+04   0.280747E-08  -0.629328E-08   0.223939E-08
   0.780000E+04   0.183615E-08  -0.118965E-07   0.645138E-08
   0.780100E+04   0.593061E-09  -0.172954E-07   0.103977E-07
   0.780200E+04  -0.823121E-09  -0.220407E-07   0.137335E-07
   0.780300E+04  -0.229296E-08  -0.256892E-07   0.161528E-07
   0.780400E+04  -0.368705E-08  -0.278464E-07   0.174184E-07
   0.780500E+04  -0.487794E-08  -0.282078E-07   0.173858E-07
   0.780600E+04  -0.575220E-08  -0.265945E-07   0.160184E-07
   0.780700E+04  -0.622139E-08  -0.229788E-07   0.133941E-07
   0.780800E+04  -0.623072E-08  -0.174975E-07   0.970082E-08
   0.780900E+04  -0.576483E-08  -0.104507E-07   0.522138E-08
   0.781000E+04  -0.484978E-08  -0.228511E-08   0.310273E-09
   0.781100E+04  -0.355131E-08   0.643685E-08  -0.463712E-08
   0.781200E+04  -0.196927E-08   0.150793E-07  -0.921901E-08
   0.781300E+04  -0.228910E-09   0.229838E-07  -0.130627E-07
   0.781400E+04   0.153022E-08   0.295245E-07  -0.158574E-07
   0.781500E+04   0.316674E-08   0.341619E-07  -0.173817E-07
   0.781600E+04   0.455005E-08   0.364904E-07  -0.175230E-07
   0.781700E+04   0.557190E-08   0.362765E-07  -0.162863E-07
   0.781800E+04   0.615587E-08   0.334816E-07  -0.137935E-07
   0.781900E+04   0.626379E-08   0.282695E-07  -0.102709E-07
   0.782000E+04   0.589861E-08   0.209964E-07  -0.602800E-08
   0.782100E+04   0.510348E-08   0.121835E-07  -0.142904E-08
   0.782200E+04   0.395708E-08   0.247663E-08   0.314050E-08
   0.782300E+04   0.256579E-08  -0.740636E-08   0.730828E-08
   0.782400E+04   0.105348E-08  -0.167335E-07   0.107478E-07
   0.782500E+04  -0.450097E-09  -0.248184E-07   0.132061E-07
   0.782600E+04  -0.182120E-08  -0.310754E-07   0.145243E-07
   0.782700E+04  -0.295302E-08  -0.350662E-07   0.146482E-07
   0.782800E+04  -0.376475E-08  -0.365337E-07   0.136297E-07
   0.782900E+04  -0.420785E-08  -0.354192E-07   0.116178E-07
   0.783000E+04  -0.426904E-08  -0.318643E-07   0.884039E-08
   0.783100E+04  -0.396984E-08  -0.261937E-07   0.558043E-08
   0.783200E+04  -0.336271E-08  -0.188849E-07   0.214640E-08
   0.783300E+04  -0.252435E-08  -0.105248E-07  -0.115762E-08
   0.783400E+04  -0.154696E-08  -0.175812E-08  -0.406061E-08
   0.783500E+04  -0.528264E-09   0.676620E-08  -0.634861E-08
   0.783600E+04   0.438485E-09   0.144481E-07  -0.788214E-08
   0.783700E+04   0.127361E-08   0.207826E-07  -0.860527E-08
   0.783800E+04   0.191826E-08   0.253954E-07  -0.854589E-08
   0.783900E+04   0.233910E-08   0.280664E-07  -0.780724E-08
   0.784000E+04   0.253004E-08   0.287378E-07  -0.655210E-08
   0.784100E+04   0.251095E-08   0.275078E-07  -0.498141E-08
   0.784200E+04   0.232354E-08   0.246114E-07  -0.330972E-08
   0.784300E+04   0.202491E-08   0.203898E-07  -0.174040E-08
   0.784400E+04   0.167967E-08   0.152532E-07  -0.443063E-09
   0.784500E+04   0.135140E-08   0.963929E-08   0.464230E-09
   0.784600E+04   0.109456E-08   0.397379E-08   0.926169E-09
   0.784700E+04   0.947660E-09  -0.136536E-08   0.953759E-09
   0.784800E+04   0.928504E-09  -0.607545E-08   0.619929E-09
   0.784900E+04   0.103211E-08  -0.994641E-08   0.478525E-10
   0.785000E+04   0.123144E-08  -0.128673E-07  -0.606609E-09
   0.785100E+04   0.148086E-08  -0.148217E-07  -0.117626E-08
   0.785200E+04   0.172210E-08  -0.158735E-07  -0.150527E-08
   0.785300E+04   0.189182E-08  -0.161458E-07  -0.147051E-08
   0.785400E+04   0.193010E-08  -0.157950E-07  -0.999142E-09
   0.785500E+04   0.178879E-08  -0.149845E-07  -0.803281E-10
   0.785600E+04   0.143881E-08  -0.138606E-07   0.123040E-08
   0.785700E+04   0.875409E-09  -0.125340E-07   0.281470E-08
   0.785800E+04   0.120922E-09  -0.110682E-07   0.450264E-08
   0.785900E+04  -0.775623E-09  -0.947709E-08   0.609062E-08
   0.786000E+04  -0.174194E-08  -0.773098E-08   0.736393E-08
   0.786100E+04  -0.268878E-08  -0.577031E-08   0.812176E-08
   0.786200E+04  -0.351851E-08  -0.352508E-08   0.820172E-08
   0.786300E+04  -0.413511E-08  -0.937162E-09   0.750136E-08
   0.786400E+04  -0.445461E-08   0.201746E-08   0.599405E-08
   0.786500E+04  -0.441486E-08   0.530995E-08   0.373730E-08
   0.786600E+04  -0.398350E-08   0.884599E-08   0.872525E-09
   0.786700E+04  -0.316345E-08   0.124616E-07  -0.238432E-08
   0.786800E+04  -0.199494E-08   0.159287E-07  -0.576032E-08
   0.786900E+04  -0.553994E-09   0.189699E-07  -0.894995E-08
   0.787000E+04   0.105274E-08   0.212827E-07  -0.116440E-07
   0.787100E+04   0.269644E-08   0.225698E-07  -0.135601E-07
   0.787200E+04   0.423705E-08   0.225724E-07  -0.144719E-07
   0.787300E+04   0.553581E-08   0.211043E-07  -0.142336E-07
   0.787400E+04   0.646815E-08   0.180814E-07  -0.127983E-07
   0.787500E+04   0.693569E-08   0.135435E-07  -0.102261E-07
   0.787600E+04   0.687628E-08   0.766591E-08  -0.668322E-08
   0.787700E+04   0.627093E-08   0.757831E-09  -0.243028E-08
   0.787800E+04   0.514701E-08  -0.675204E-08   0.219859E-08
   0.787900E+04   0.357723E-08  -0.143434E-07   0.682426E-08
   0.788000E+04   0.167453E-08  -0.214433E-07   0.110561E-07
   0.788100E+04  -0.416908E-09  -0.274725E-07   0.145273E-07
   0.788200E+04  -0.253350E-08  -0.318961E-07   0.169286E-07
   0.788300E+04  -0.450621E-08  -0.342737E-07   0.180374E-07
   0.788400E+04  -0.617505E-08  -0.343029E-07   0.177395E-07
   0.788500E+04  -0.740307E-08  -0.318541E-07   0.160404E-07
   0.788600E+04  -0.808841E-08  -0.269904E-07   0.130667E-07
   0.788700E+04  -0.817327E-08  -0.199722E-07   0.905554E-08
   0.788800E+04  -0.764915E-08  -0.112441E-07   0.433440E-08
   0.788900E+04  -0.655768E-08  -0.140532E-08  -0.707776E-09
   0.789000E+04  -0.498710E-08   0.883469E-08  -0.565494E-08
   0.789100E+04  -0.306463E-08   0.187114E-07  -0.101008E-07
   0.789200E+04  -0.945489E-09   0.274671E-07  -0.136849E-07
   0.789300E+04   0.120046E-08   0.344132E-07  -0.161238E-07
   0.789400E+04   0.320322E-08   0.389889E-07  -0.172356E-07
   0.789500E+04   0.490695E-08   0.408096E-07  -0.169549E-07
   0.789600E+04   0.618290E-08   0.397011E-07  -0.153365E-07
   0.789700E+04   0.693972E-08   0.357167E-07  -0.125487E-07
   0.789800E+04   0.713025E-08   0.291351E-07  -0.885582E-08
   0.789900E+04   0.675445E-08   0.204392E-07  -0.459252E-08
   0.790000E+04   0.585803E-08   0.102780E-07  -0.132191E-09
   0.790100E+04   0.452721E-08  -0.586098E-09   0.414758E-08
   0.790200E+04   0.288008E-08  -0.113392E-07   0.789903E-08
   0.790300E+04   0.105552E-08  -0.211815E-07   0.108345E-07
   0.790400E+04  -0.799348E-09  -0.293920E-07   0.127505E-07
   0.790500E+04  -0.254188E-08  -0.353854E-07   0.135423E-07
   0.790600E+04  -0.404568E-08  -0.387568E-07   0.132101E-07
   0.790700E+04  -0.521042E-08  -0.393118E-07   0.118537E-07
   0.790800E+04  -0.596886E-08  -0.370765E-07   0.965850E-08
   0.790900E+04  -0.629050E-08  -0.322912E-07   0.687397E-08
   0.791000E+04  -0.618185E-08  -0.253842E-07   0.378641E-08
   0.791100E+04  -0.568321E-08  -0.169324E-07   0.689527E-09
   0.791200E+04  -0.486275E-08  -0.760939E-08  -0.214446E-08
   0.791300E+04  -0.380837E-08   0.187159E-08  -0.449018E-08
   0.791400E+04  -0.261836E-08   0.108168E-07  -0.618860E-08
   0.791500E+04  -0.139183E-08   0.186066E-07  -0.715866E-08
   0.791600E+04  -0.219895E-09   0.247411E-07  -0.740035E-08
   0.791700E+04   0.821691E-09   0.288742E-07  -0.698895E-08
   0.791800E+04   0.167762E-08   0.308318E-07  -0.606163E-08
   0.791900E+04   0.231564E-08   0.306155E-07  -0.479788E-08
   0.792000E+04   0.272652E-08   0.283902E-07  -0.339613E-08
   0.792100E+04   0.292161E-08   0.244587E-07  -0.204943E-08
   0.792200E+04   0.292846E-08   0.192267E-07  -0.922594E-09
   0.792300E+04   0.278512E-08   0.131607E-07  -0.133628E-09
   0.792400E+04   0.253394E-08   0.674459E-08   0.258725E-09
   0.792500E+04   0.221558E-08   0.438503E-09   0.259957E-09
   0.792600E+04   0.186402E-08  -0.535688E-08  -0.631797E-10
   0.792700E+04   0.150308E-08  -0.103265E-07  -0.593149E-09
   0.792800E+04   0.114485E-08  -0.142567E-07  -0.117834E-08
   0.792900E+04   0.790147E-09  -0.170392E-07  -0.165405E-08
   0.793000E+04   0.430800E-09  -0.186649E-07  -0.186529E-08
   0.793100E+04   0.534239E-10  -0.192080E-07  -0.168869E-08
   0.793200E+04  -0.355874E-09  -0.188038E-07  -0.105099E-08
   0.793300E+04  -0.806588E-09  -0.176239E-07   0.581596E-10
   0.793400E+04  -0.129939E-08  -0.158498E-07   0.158071E-08
   0.793500E+04  -0.182290E-08  -0.136515E-07   0.339290E-08
   0.793600E+04  -0.235214E-08  -0.111697E-07   0.531596E-08
   0.793700E+04  -0.284904E-08  -0.850679E-08   0.713392E-08
   0.793800E+04  -0.326507E-08  -0.572521E-08   0.861679E-08
   0.793900E+04  -0.354582E-08  -0.285336E-08   0.954659E-08
   0.794000E+04  -0.363709E-08   0.101992E-09   0.974351E-08
   0.794100E+04  -0.349183E-08   0.313929E-08   0.908929E-08
   0.794200E+04  -0.307713E-08   0.624434E-08   0.754512E-08
   0.794300E+04  -0.238049E-08   0.937398E-08   0.516198E-08
   0.794400E+04  -0.141445E-08   0.124440E-07   0.208184E-08
   0.794500E+04  -0.218896E-09   0.153234E-07  -0.147064E-08
   0.794600E+04   0.113929E-08   0.178370E-07  -0.520551E-08
   0.794700E+04   0.256964E-08   0.197758E-07  -0.879257E-08
   0.794800E+04   0.396425E-08   0.209155E-07  -0.118918E-07
   0.794900E+04   0.520640E-08   0.210409E-07  -0.141863E-07
   0.795000E+04   0.618082E-08   0.199740E-07  -0.154143E-07
   0.795100E+04   0.678475E-08   0.176019E-07  -0.153973E-07
   0.795200E+04   0.693862E-08   0.139019E-07  -0.140615E-07
   0.795300E+04   0.659538E-08   0.895999E-08  -0.114494E-07
   0.795400E+04   0.574734E-08   0.297954E-08  -0.772103E-08
   0.795500E+04   0.442973E-08  -0.372079E-08  -0.314401E-08
   0.795600E+04   0.272055E-08  -0.107220E-07   0.192698E-08
   0.795700E+04   0.736277E-09  -0.175314E-07   0.707960E-08
   0.795800E+04  -0.137613E-08  -0.236190E-07   0.118795E-07
   0.795900E+04  -0.345054E-08  -0.284621E-07   0.159089E-07
   0.796000E+04  -0.531525E-08  -0.315921E-07   0.188045E-07
   0.796100E+04  -0.680782E-08  -0.326412E-07   0.202918E-07
   0.796200E+04  -0.778971E-08  -0.313827E-07   0.202108E-07
   0.796300E+04  -0.815942E-08  -0.277617E-07   0.185332E-07
   0.796400E+04  -0.786286E-08  -0.219120E-07   0.153665E-07
   0.796500E+04  -0.689984E-08  -0.141571E-07   0.109470E-07
   0.796600E+04  -0.532610E-08  -0.499397E-08   0.562025E-08
   0.796700E+04  -0.325034E-08   0.493936E-08  -0.188073E-09
   0.796800E+04  -0.826612E-09   0.149105E-07  -0.600857E-08
   0.796900E+04   0.175761E-08   0.241500E-07  -0.113689E-07
   0.797000E+04   0.429654E-08   0.319147E-07  -0.158347E-07
   0.797100E+04   0.658315E-08   0.375509E-07  -0.190471E-07
   0.797200E+04   0.842680E-08   0.405527E-07  -0.207536E-07
   0.797300E+04   0.966978E-08   0.406091E-07  -0.208292E-07
   0.797400E+04   0.102012E-07   0.376362E-07  -0.192859E-07
   0.797500E+04   0.996738E-08   0.317906E-07  -0.162705E-07
   0.797600E+04   0.897688E-08   0.234623E-07  -0.120496E-07
   0.797700E+04   0.730092E-08   0.132479E-07  -0.698549E-08
   0.797800E+04   0.506786E-08   0.190509E-08  -0.150261E-08
   0.797900E+04   0.245305E-08  -0.970662E-08   0.394991E-08
   0.798000E+04  -0.335601E-09  -0.206955E-07   0.893742E-08
   0.798100E+04  -0.307485E-08  -0.302104E-07   0.130767E-07
   0.798200E+04  -0.554473E-08  -0.375109E-07   0.160671E-07
   0.798300E+04  -0.754697E-08  -0.420285E-07   0.177139E-07
   0.798400E+04  -0.892154E-08  -0.434140E-07   0.179411E-07
   0.798500E+04  -0.955996E-08  -0.415663E-07   0.167929E-07
   0.798600E+04  -0.941420E-08  -0.366402E-07   0.144253E-07
   0.798700E+04  -0.850041E-08  -0.290329E-07   0.110872E-07
   0.798800E+04  -0.689718E-08  -0.193501E-07   0.709396E-08
   0.798900E+04  -0.473863E-08  -0.835512E-08   0.279701E-08
   0.799000E+04  -0.220270E-08   0.309516E-08  -0.144933E-08
   0.799100E+04   0.503908E-09   0.141210E-07  -0.531883E-08
   0.799200E+04   0.316322E-08   0.238917E-07  -0.854019E-08
   0.799300E+04   0.556403E-08   0.316918E-07  -0.109172E-07
   0.799400E+04   0.751919E-08   0.369767E-07  -0.123403E-07
   0.799500E+04   0.888051E-08   0.394127E-07  -0.127899E-07
   0.799600E+04   0.955015E-08   0.388980E-07  -0.123298E-07
   0.799700E+04   0.948756E-08   0.355644E-07  -0.110937E-07
   0.799800E+04   0.871149E-08   0.297586E-07  -0.926632E-08
   0.799900E+04   0.729700E-08   0.220070E-07  -0.705968E-08
   0.800000E+04   0.536789E-08   0.129659E-07  -0.469009E-08
   0.800100E+04   0.308528E-08   0.336310E-08  -0.235603E-08
   0.800200E+04   0.633511E-09  -0.606410E-08  -0.220276E-09
   0.800300E+04  -0.179551E-08  -0.146288E-07   0.160223E-08
   0.800400E+04  -0.401797E-08  -0.217475E-07   0.304982E-08
   0.800500E+04  -0.587254E-08  -0.269813E-07   0.411262E-08
   0.800600E+04  -0.723250E-08  -0.300630E-07   0.482484E-08
   0.800700E+04  -0.801433E-08  -0.309073E-07   0.525209E-08
   0.800800E+04  -0.818257E-08  -0.296058E-07   0.547562E-08
   0.800900E+04  -0.775043E-08  -0.264061E-07   0.557573E-08
   0.801000E+04  -0.677645E-08  -0.216800E-07   0.561649E-08
   0.801100E+04  -0.535766E-08  -0.158825E-07   0.563393E-08
   0.801200E+04  -0.361998E-08  -0.950762E-08   0.562914E-08
   0.801300E+04  -0.170691E-08  -0.304413E-08   0.556731E-08
   0.801400E+04   0.232603E-09   0.306390E-08   0.538289E-08
   0.801500E+04   0.205591E-08   0.844861E-08   0.499025E-08
   0.801600E+04   0.363713E-08   0.128397E-07   0.429857E-08
   0.801700E+04   0.487551E-08   0.160742E-07   0.322898E-08
   0.801800E+04   0.570129E-08   0.180951E-07   0.173190E-08
   0.801900E+04   0.607862E-08   0.189397E-07  -0.198025E-09
   0.802000E+04   0.600556E-08   0.187205E-07  -0.251131E-08
   0.802100E+04   0.551162E-08   0.176010E-07  -0.509921E-08
   0.802200E+04   0.465298E-08   0.157703E-07  -0.779660E-08
   0.802300E+04   0.350624E-08   0.134187E-07  -0.103922E-07
   0.802400E+04   0.216135E-08   0.107185E-07  -0.126460E-07
   0.802500E+04   0.714228E-09   0.781049E-08  -0.143116E-07
   0.802600E+04  -0.740081E-09   0.479810E-08  -0.151625E-07
   0.802700E+04  -0.211339E-08   0.174935E-08  -0.150186E-07
   0.802800E+04  -0.332908E-08  -0.129500E-08  -0.137702E-07
   0.802900E+04  -0.432536E-08  -0.430838E-08  -0.113975E-07
   0.803000E+04  -0.505710E-08  -0.726305E-08  -0.798188E-08
   0.803100E+04  -0.549642E-08  -0.101151E-07  -0.370823E-08
   0.803200E+04  -0.563212E-08  -0.127927E-07   0.114336E-08
   0.803300E+04  -0.546843E-08  -0.151890E-07   0.621582E-08
   0.803400E+04  -0.502332E-08  -0.171633E-07   0.111024E-07
   0.803500E+04  -0.432657E-08  -0.185478E-07   0.153808E-07
   0.803600E+04  -0.341791E-08  -0.191634E-07   0.186513E-07
   0.803700E+04  -0.234529E-08  -0.188397E-07   0.205748E-07
   0.803800E+04  -0.116329E-08  -0.174399E-07   0.209078E-07
   0.803900E+04   0.684207E-10  -0.148851E-07   0.195309E-07
   0.804000E+04   0.128666E-08  -0.111764E-07   0.164662E-07
   0.804100E+04   0.242659E-08  -0.641185E-08   0.118833E-07
   0.804200E+04   0.342391E-08  -0.793511E-09   0.609212E-08
   0.804300E+04   0.421762E-08   0.537462E-08  -0.478135E-09
   0.804400E+04   0.475317E-08   0.117008E-07  -0.731124E-08
   0.804500E+04   0.498608E-08   0.177306E-07  -0.138458E-07
   0.804600E+04   0.488572E-08   0.229812E-07  -0.195226E-07
   0.804700E+04   0.443892E-08   0.269825E-07  -0.238339E-07
   0.804800E+04   0.365301E-08   0.293213E-07  -0.263693E-07
   0.804900E+04   0.255794E-08   0.296843E-07  -0.268551E-07
   0.805000E+04   0.120690E-08   0.278948E-07  -0.251820E-07
   0.805100E+04  -0.324725E-09   0.239407E-07  -0.214197E-07
   0.805200E+04  -0.194242E-08   0.179882E-07  -0.158155E-07
   0.805300E+04  -0.353759E-08   0.103807E-07  -0.877753E-08
   0.805400E+04  -0.499437E-08   0.162082E-08  -0.843685E-09
   0.805500E+04  -0.619796E-08  -0.766255E-08   0.736208E-08
   0.805600E+04  -0.704377E-08  -0.167615E-07   0.151812E-07
   0.805700E+04  -0.744665E-08  -0.249456E-07   0.219762E-07
   0.805800E+04  -0.734946E-08  -0.315234E-07   0.271849E-07
   0.805900E+04  -0.673003E-08  -0.359038E-07   0.303695E-07
   0.806000E+04  -0.560572E-08  -0.376510E-07   0.312548E-07
   0.806100E+04  -0.403502E-08  -0.365284E-07   0.297532E-07
   0.806200E+04  -0.211569E-08  -0.325267E-07   0.259730E-07
   0.806300E+04   0.206376E-10  -0.258723E-07   0.202106E-07
   0.806400E+04   0.221716E-08  -0.170167E-07   0.129264E-07
   0.806500E+04   0.430344E-08  -0.660506E-08   0.470592E-08
   0.806600E+04   0.610888E-08   0.457311E-08  -0.378914E-08
   0.806700E+04   0.747713E-08   0.156464E-07  -0.118766E-07
   0.806800E+04   0.828004E-08   0.257333E-07  -0.189111E-07
   0.806900E+04   0.843006E-08   0.340155E-07  -0.243377E-07
   0.807000E+04   0.788983E-08   0.398081E-07  -0.277378E-07
   0.807100E+04   0.667778E-08   0.426192E-07  -0.288629E-07
   0.807200E+04   0.486928E-08   0.421931E-07  -0.276532E-07
   0.807300E+04   0.259280E-08   0.385349E-07  -0.242404E-07
   0.807400E+04   0.212984E-10   0.319120E-07  -0.189338E-07
   0.807500E+04  -0.264072E-08   0.228342E-07  -0.121922E-07
   0.807600E+04  -0.517346E-08   0.120118E-07  -0.458223E-08
   0.807700E+04  -0.736006E-08   0.297421E-09   0.326996E-08
   0.807800E+04  -0.900543E-08  -0.113847E-07   0.107324E-07
   0.807900E+04  -0.995373E-08  -0.221156E-07   0.172193E-07
   0.808000E+04  -0.101033E-07  -0.310580E-07   0.222389E-07
   0.808100E+04  -0.941706E-08  -0.375249E-07   0.254308E-07
   0.808200E+04  -0.792816E-08  -0.410353E-07   0.265923E-07
   0.808300E+04  -0.573901E-08  -0.413518E-07   0.256899E-07
   0.808400E+04  -0.301468E-08  -0.384973E-07   0.228563E-07
   0.808500E+04   0.294964E-10  -0.327494E-07   0.183739E-07
   0.808600E+04   0.314514E-08  -0.246131E-07   0.126460E-07
   0.808700E+04   0.607140E-08  -0.147745E-07   0.615877E-08
   0.808800E+04   0.855715E-08  -0.404106E-08  -0.561810E-09
   0.808900E+04   0.103829E-07   0.672833E-08  -0.699426E-08
   0.809000E+04   0.113808E-07   0.166952E-07  -0.126639E-07
   0.809100E+04   0.114497E-07   0.251099E-07  -0.171786E-07
   0.809200E+04   0.105661E-07   0.313706E-07  -0.202564E-07
   0.809300E+04   0.878737E-08   0.350678E-07  -0.217415E-07
   0.809400E+04   0.624861E-08   0.360110E-07  -0.216095E-07
   0.809500E+04   0.315232E-08   0.342360E-07  -0.199607E-07
   0.809600E+04  -0.247760E-09   0.299925E-07  -0.170043E-07
   0.809700E+04  -0.366775E-08   0.237143E-07  -0.130338E-07
   0.809800E+04  -0.681765E-08   0.159746E-07  -0.839762E-08
   0.809900E+04  -0.942632E-08   0.743242E-08  -0.346742E-08
   0.810000E+04  -0.112652E-07  -0.122613E-08   0.139280E-08
   0.810100E+04  -0.121688E-07  -0.934578E-08   0.585426E-08
   0.810200E+04  -0.120495E-07  -0.163537E-07   0.964544E-08
   0.810300E+04  -0.109065E-07  -0.218011E-07   0.125670E-07
   0.810400E+04  -0.882688E-08  -0.253914E-07   0.144994E-07
   0.810500E+04  -0.597865E-08  -0.269930E-07   0.154024E-07
   0.810600E+04  -0.259750E-08  -0.266374E-07   0.153088E-07
   0.810700E+04   0.103318E-08  -0.245028E-07   0.143125E-07
   0.810800E+04   0.460629E-08  -0.208864E-07   0.125531E-07
   0.810900E+04   0.781745E-08  -0.161684E-07   0.101996E-07
   0.811000E+04   0.103913E-07  -0.107723E-07   0.743405E-08
   0.811100E+04   0.121057E-07  -0.512579E-08   0.443746E-08
   0.811200E+04   0.128110E-07   0.375648E-09   0.137881E-08
   0.811300E+04   0.124437E-07   0.539675E-08  -0.159228E-08
   0.811400E+04   0.110324E-07   0.968197E-08  -0.434907E-08
   0.811500E+04   0.869558E-08   0.130645E-07  -0.678791E-08
   0.811600E+04   0.563195E-08   0.154654E-07  -0.882618E-08
   0.811700E+04   0.210342E-08   0.168837E-07  -0.103988E-07
   0.811800E+04  -0.158728E-08   0.173802E-07  -0.114549E-07
   0.811900E+04  -0.512271E-08   0.170576E-07  -0.119549E-07
   0.812000E+04  -0.819817E-08   0.160391E-07  -0.118703E-07
   0.812100E+04  -0.105480E-07   0.144502E-07  -0.111849E-07
   0.812200E+04  -0.119689E-07   0.124036E-07  -0.989828E-08
   0.812300E+04  -0.123371E-07   0.999105E-08  -0.803126E-08
   0.812400E+04  -0.116196E-07   0.728163E-08  -0.563161E-08
   0.812500E+04  -0.987679E-08   0.432626E-08  -0.277957E-08
   0.812600E+04  -0.725738E-08   0.116757E-08   0.408585E-09
   0.812700E+04  -0.398536E-08  -0.214718E-08   0.377992E-08
   0.812800E+04  -0.340668E-09  -0.555246E-08   0.714823E-08
   0.812900E+04   0.336503E-08  -0.895274E-08   0.103019E-07
   0.813000E+04   0.681530E-08  -0.122152E-07   0.130162E-07
   0.813100E+04   0.971625E-08  -0.151689E-07   0.150698E-07
   0.813200E+04   0.118217E-07  -0.176106E-07   0.162632E-07
   0.813300E+04   0.129546E-07  -0.193197E-07   0.164391E-07
   0.813400E+04   0.130213E-07  -0.200775E-07   0.155010E-07
   0.813500E+04   0.120202E-07  -0.196935E-07   0.134290E-07
   0.813600E+04   0.100408E-07  -0.180319E-07   0.102903E-07
   0.813700E+04   0.725612E-08  -0.150374E-07   0.624252E-08
   0.813800E+04   0.390684E-08  -0.107565E-07   0.152928E-08
   0.813900E+04   0.280746E-09  -0.535024E-08  -0.353268E-08
   0.814000E+04  -0.331251E-08   0.902824E-09  -0.857450E-08
   0.814100E+04  -0.656804E-08   0.761643E-08  -0.132028E-07
   0.814200E+04  -0.921195E-08   0.143183E-07  -0.170316E-07
   0.814300E+04  -0.110245E-07   0.204833E-07  -0.197166E-07
   0.814400E+04  -0.118589E-07   0.255760E-07  -0.209872E-07
   0.814500E+04  -0.116528E-07   0.290983E-07  -0.206753E-07
   0.814600E+04  -0.104336E-07   0.306386E-07  -0.187355E-07
   0.814700E+04  -0.831507E-08   0.299168E-07  -0.152563E-07
   0.814800E+04  -0.548698E-08   0.268215E-07  -0.104594E-07
   0.814900E+04  -0.219822E-08   0.214340E-07  -0.468718E-08
   0.815000E+04   0.126502E-08   0.140359E-07   0.162132E-08
   0.815100E+04   0.460405E-08   0.509916E-08   0.796437E-08
   0.815200E+04   0.753341E-08  -0.474226E-08   0.138185E-07
   0.815300E+04   0.980509E-08  -0.147376E-07   0.186833E-07
   0.815400E+04   0.112295E-07  -0.240779E-07   0.221257E-07
   0.815500E+04   0.116910E-07  -0.319638E-07   0.238201E-07
   0.815600E+04   0.111574E-07  -0.376754E-07   0.235805E-07
   0.815700E+04   0.968143E-08  -0.406400E-07   0.213804E-07
   0.815800E+04   0.739596E-08  -0.404890E-07   0.173601E-07
   0.815900E+04   0.450163E-08  -0.370998E-07   0.118186E-07
   0.816000E+04   0.124918E-08  -0.306178E-07   0.519157E-08
   0.816100E+04  -0.208237E-08  -0.214552E-07  -0.198407E-08
   0.816200E+04  -0.520972E-08  -0.102660E-07  -0.911456E-08
   0.816300E+04  -0.786942E-08   0.210098E-08  -0.156003E-07
   0.816400E+04  -0.984004E-08   0.146681E-07  -0.208882E-07
   0.816500E+04  -0.109606E-07   0.264087E-07  -0.245208E-07
   0.816600E+04  -0.111434E-07   0.363342E-07  -0.261776E-07
   0.816700E+04  -0.103812E-07   0.435794E-07  -0.257046E-07
   0.816800E+04  -0.874651E-08   0.474808E-07  -0.231300E-07
   0.816900E+04  -0.638489E-08   0.476383E-07  -0.186627E-07
   0.817000E+04  -0.350196E-08   0.439565E-07  -0.126758E-07
   0.817100E+04  -0.345363E-09   0.366593E-07  -0.567445E-08
   0.817200E+04   0.281657E-08   0.262782E-07   0.174788E-08
   0.817300E+04   0.571763E-08   0.136124E-07   0.896143E-08
   0.817400E+04   0.811617E-08  -0.333520E-09   0.153555E-07
   0.817500E+04   0.981519E-08  -0.144326E-07   0.203922E-07
   0.817600E+04   0.106785E-07  -0.275289E-07   0.236540E-07
   0.817700E+04   0.106415E-07  -0.385356E-07   0.248795E-07
   0.817800E+04   0.971602E-08  -0.465280E-07   0.239867E-07
   0.817900E+04   0.798847E-08  -0.508235E-07   0.210782E-07
   0.818000E+04   0.561186E-08  -0.510421E-07   0.164310E-07
   0.818100E+04   0.279230E-08  -0.471407E-07   0.104705E-07
   0.818200E+04  -0.228806E-09  -0.394188E-07   0.373052E-08
   0.818300E+04  -0.319540E-08  -0.284953E-07  -0.319502E-08
   0.818400E+04  -0.585840E-08  -0.152571E-07  -0.970624E-08
   0.818500E+04  -0.799653E-08  -0.784885E-09  -0.152508E-07
   0.818600E+04  -0.943471E-08   0.137376E-07  -0.193726E-07
   0.818700E+04  -0.100583E-07   0.271234E-07  -0.217506E-07
   0.818800E+04  -0.982221E-08   0.382825E-07  -0.222255E-07
   0.818900E+04  -0.875419E-08   0.463130E-07  -0.208099E-07
   0.819000E+04  -0.695185E-08   0.505762E-07  -0.176839E-07
   0.819100E+04  -0.457396E-08   0.507489E-07  -0.131738E-07
   0.819200E+04  -0.182668E-08   0.468483E-07  -0.771936E-08
   0.819300E+04   0.105411E-08   0.392278E-07  -0.183022E-08
   0.819400E+04   0.382280E-08   0.285441E-07   0.396282E-08
   0.819500E+04   0.624479E-08   0.156993E-07   0.915706E-08
   0.819600E+04   0.811611E-08   0.176242E-08   0.133233E-07
   0.819700E+04   0.928043E-08  -0.121223E-07   0.161432E-07
   0.819800E+04   0.964193E-08  -0.248316E-07   0.174346E-07
   0.819900E+04   0.917312E-08  -0.353568E-07   0.171637E-07
   0.820000E+04   0.791684E-08  -0.428855E-07   0.154420E-07
   0.820100E+04   0.598234E-08  -0.468657E-07   0.125104E-07
   0.820200E+04   0.353589E-08  -0.470462E-07   0.871002E-08
   0.820300E+04   0.786576E-09  -0.434909E-07   0.444569E-08
   0.820400E+04  -0.203146E-08  -0.365666E-07   0.143526E-09
   0.820500E+04  -0.467883E-08  -0.269051E-07  -0.379144E-08
   0.820600E+04  -0.693107E-08  -0.153440E-07  -0.701407E-08
   0.820700E+04  -0.859762E-08  -0.285261E-08  -0.927037E-08
   0.820800E+04  -0.953785E-08   0.955209E-08  -0.104183E-07
   0.820900E+04  -0.967287E-08   0.208901E-07  -0.104365E-07
   0.821000E+04  -0.899221E-08   0.302978E-07  -0.941985E-08
   0.821100E+04  -0.755465E-08   0.370941E-07  -0.756364E-08
   0.821200E+04  -0.548324E-08   0.408303E-07  -0.513761E-08
   0.821300E+04  -0.295489E-08   0.413173E-07  -0.245316E-08
   0.821400E+04  -0.185369E-09   0.386312E-07   0.172498E-09
   0.821500E+04   0.258899E-08   0.330963E-07   0.245145E-08
   0.821600E+04   0.513138E-08   0.252483E-07   0.415564E-08
   0.821700E+04   0.722466E-08   0.157818E-07   0.513967E-08
   0.821800E+04   0.868992E-08   0.548722E-08   0.535353E-08
   0.821900E+04   0.940185E-08  -0.481722E-08   0.484407E-08
   0.822000E+04   0.929950E-08  -0.143517E-07   0.374539E-08
   0.822100E+04   0.839172E-08  -0.224348E-07   0.225925E-08
   0.822200E+04   0.675654E-08  -0.285316E-07   0.628065E-09
   0.822300E+04   0.453469E-08  -0.322873E-07  -0.896441E-09
   0.822400E+04   0.191769E-08  -0.335438E-07  -0.208524E-08
   0.822500E+04  -0.868477E-09  -0.323397E-07  -0.276098E-08
   0.822600E+04  -0.358271E-08  -0.288945E-07  -0.282054E-08
   0.822700E+04  -0.598957E-08  -0.235792E-07  -0.224861E-08
   0.822800E+04  -0.787970E-08  -0.168772E-07  -0.112058E-08
   0.822900E+04  -0.908801E-08  -0.934001E-08   0.405653E-09
   0.823000E+04  -0.950826E-08  -0.154094E-08   0.210808E-08
   0.823100E+04  -0.910258E-08   0.596888E-08   0.372727E-08
   0.823200E+04  -0.790502E-08   0.126983E-07   0.499836E-08
   0.823300E+04  -0.601907E-08   0.182457E-07   0.568467E-08
   0.823400E+04  -0.360887E-08   0.223191E-07   0.560916E-08
   0.823500E+04  -0.885269E-09   0.247453E-07   0.467999E-08
   0.823600E+04   0.191243E-08   0.254698E-07   0.290704E-08
   0.823700E+04   0.453728E-08   0.245483E-07   0.407148E-09
   0.823800E+04   0.675637E-08   0.221314E-07  -0.260282E-08
   0.823900E+04   0.837140E-08   0.184452E-07  -0.582488E-08
   0.824000E+04   0.923635E-08   0.137702E-07  -0.890906E-08
   0.824100E+04   0.927078E-08   0.841962E-08  -0.114900E-07
   0.824200E+04   0.846727E-08   0.272026E-08  -0.132272E-07
   0.824300E+04   0.689264E-08  -0.300465E-08  -0.138446E-07
   0.824400E+04   0.468248E-08  -0.844899E-08  -0.131655E-07
   0.824500E+04   0.202962E-08  -0.133342E-07  -0.111380E-07
   0.824600E+04  -0.832675E-09  -0.174168E-07  -0.784900E-08
   0.824700E+04  -0.365114E-08  -0.204948E-07  -0.352348E-08
   0.824800E+04  -0.617496E-08  -0.224114E-07   0.149048E-08
   0.824900E+04  -0.817815E-08  -0.230603E-07   0.675056E-08
   0.825000E+04  -0.947995E-08  -0.223890E-07   0.117603E-07
   0.825100E+04  -0.996126E-08  -0.204041E-07   0.160168E-07
   0.825200E+04  -0.957576E-08  -0.171745E-07   0.190616E-07
   0.825300E+04  -0.835456E-08  -0.128347E-07   0.205288E-07
   0.825400E+04  -0.640389E-08  -0.758584E-08   0.201869E-07
   0.825500E+04  -0.389606E-08  -0.169272E-08   0.179686E-07
   0.825600E+04  -0.105440E-08   0.452281E-08   0.139848E-07
   0.825700E+04   0.186658E-08   0.106940E-07   0.852268E-08
   0.825800E+04   0.460397E-08   0.164271E-07   0.202533E-08
   0.825900E+04   0.691021E-08   0.213236E-07  -0.494477E-08
   0.826000E+04   0.857558E-08   0.250081E-07  -0.117552E-07
   0.826100E+04   0.944748E-08   0.271567E-07  -0.177618E-07
   0.826200E+04   0.944467E-08   0.275272E-07  -0.223703E-07
   0.826300E+04   0.856510E-08   0.259858E-07  -0.250956E-07
   0.826400E+04   0.688658E-08   0.225279E-07  -0.256116E-07
   0.826500E+04   0.456021E-08   0.172913E-07  -0.237885E-07
   0.826600E+04   0.179700E-08   0.105581E-07  -0.197114E-07
   0.826700E+04  -0.115105E-08   0.274555E-08  -0.136799E-07
   0.826800E+04  -0.401375E-08  -0.561682E-08  -0.618616E-08
   0.826900E+04  -0.652744E-08  -0.139209E-07   0.212550E-08
   0.827000E+04  -0.845920E-08  -0.215240E-07   0.105147E-07
   0.827100E+04  -0.962843E-08  -0.277990E-07   0.182121E-07
   0.827200E+04  -0.992384E-08  -0.321878E-07   0.244903E-07
   0.827300E+04  -0.931411E-08  -0.342520E-07   0.287336E-07
   0.827400E+04  -0.785123E-08  -0.337178E-07   0.304980E-07
   0.827500E+04  -0.566624E-08  -0.305090E-07   0.295573E-07
   0.827600E+04  -0.295760E-08  -0.247644E-07   0.259287E-07
   0.827700E+04   0.267996E-10  -0.168390E-07   0.198774E-07
   0.827800E+04   0.301228E-08  -0.728475E-08   0.118970E-07
   0.827900E+04   0.572266E-08   0.318569E-08   0.266896E-08
   0.828000E+04   0.790590E-08   0.137522E-07  -0.699720E-08
   0.828100E+04   0.935759E-08   0.235522E-07  -0.162357E-07
   0.828200E+04   0.994029E-08   0.317521E-07  -0.242037E-07
   0.828300E+04   0.959664E-08   0.376206E-07  -0.301589E-07
   0.828400E+04   0.835518E-08   0.405951E-07  -0.335298E-07
   0.828500E+04   0.632816E-08   0.403371E-07  -0.339706E-07
   0.828600E+04   0.370156E-08   0.367698E-07  -0.313964E-07
   0.828700E+04   0.718134E-09   0.300939E-07  -0.259945E-07
   0.828800E+04  -0.234494E-08   0.207800E-07  -0.182105E-07
   0.828900E+04  -0.520176E-08   0.953706E-08  -0.871106E-08
   0.829000E+04  -0.758437E-08  -0.274153E-08   0.167478E-08
   0.829100E+04  -0.926790E-08  -0.150495E-07   0.120296E-07
   0.829200E+04  -0.100918E-07  -0.263517E-07   0.214302E-07
   0.829300E+04  -0.997531E-08  -0.356724E-07   0.290321E-07
   0.829400E+04  -0.892514E-08  -0.421821E-07   0.341464E-07
   0.829500E+04  -0.703548E-08  -0.452725E-07   0.363041E-07
   0.829600E+04  -0.447943E-08  -0.446145E-07   0.352995E-07
   0.829700E+04  -0.149313E-08  -0.401932E-07   0.312106E-07
   0.829800E+04   0.164618E-08  -0.323159E-07   0.243932E-07
   0.829900E+04   0.464608E-08  -0.215917E-07   0.154493E-07
   0.830000E+04   0.722633E-08  -0.888464E-08   0.517321E-08
   0.830100E+04   0.914536E-08   0.475665E-08  -0.551996E-08
   0.830200E+04   0.102231E-07   0.181871E-07  -0.156776E-07
   0.830300E+04   0.103582E-07   0.302629E-07  -0.243956E-07
   0.830400E+04   0.953780E-08   0.399407E-07  -0.309008E-07
   0.830500E+04   0.783890E-08   0.463698E-07  -0.346207E-07
   0.830600E+04   0.542150E-08   0.489683E-07  -0.352349E-07
   0.830700E+04   0.251358E-08   0.474767E-07  -0.327040E-07
   0.830800E+04  -0.610301E-09   0.419840E-07  -0.272719E-07
   0.830900E+04  -0.365491E-08   0.329237E-07  -0.194426E-07
   0.831000E+04  -0.633227E-08   0.210386E-07  -0.993375E-08
   0.831100E+04  -0.838905E-08   0.731940E-08   0.390058E-09
   0.831200E+04  -0.963068E-08  -0.707972E-08   0.105961E-07
   0.831300E+04  -0.994000E-08  -0.209402E-07   0.197688E-07
   0.831400E+04  -0.928854E-08  -0.330845E-07   0.270924E-07
   0.831500E+04  -0.773945E-08  -0.424782E-07   0.319242E-07
   0.831600E+04  -0.544164E-08  -0.483202E-07   0.338515E-07
   0.831700E+04  -0.261572E-08  -0.501127E-07   0.327270E-07
   0.831800E+04   0.466880E-09  -0.477049E-07   0.286792E-07
   0.831900E+04   0.350980E-08  -0.413059E-07   0.220983E-07
   0.832000E+04   0.622000E-08  -0.314671E-07   0.135983E-07
   0.832100E+04   0.833586E-08  -0.190333E-07   0.395815E-08
   0.832200E+04   0.965225E-08  -0.506970E-08  -0.595011E-08
   0.832300E+04   0.100404E-07   0.923156E-08  -0.152417E-07
   0.832400E+04   0.946014E-08   0.226546E-07  -0.230992E-07
   0.832500E+04   0.796439E-08   0.340655E-07  -0.288456E-07
   0.832600E+04   0.569387E-08   0.425093E-07  -0.320028E-07
   0.832700E+04   0.286400E-08   0.472921E-07  -0.323325E-07
   0.832800E+04  -0.255703E-09   0.480389E-07  -0.298529E-07
   0.832900E+04  -0.336732E-08   0.447235E-07  -0.248328E-07
   0.833000E+04  -0.617310E-08   0.376675E-07  -0.177629E-07
   0.833100E+04  -0.840408E-08   0.275094E-07  -0.930694E-08
   0.833200E+04  -0.984591E-08   0.151464E-07  -0.238544E-09
   0.833300E+04  -0.103596E-07   0.165359E-08   0.863106E-08
   0.833400E+04  -0.989482E-08  -0.118105E-07   0.165269E-07
   0.833500E+04  -0.849517E-08  -0.241048E-07   0.227796E-07
   0.833600E+04  -0.629380E-08  -0.342039E-07   0.268827E-07
   0.833700E+04  -0.350087E-08  -0.412845E-07   0.285348E-07
   0.833800E+04  -0.383342E-09  -0.447931E-07   0.276613E-07
   0.833900E+04   0.276063E-08  -0.444891E-07   0.244147E-07
   0.834000E+04   0.563039E-08  -0.404603E-07   0.191550E-07
   0.834100E+04   0.795178E-08  -0.331093E-07   0.124106E-07
   0.834200E+04   0.950350E-08  -0.231134E-07   0.482601E-08
   0.834300E+04   0.101385E-07  -0.113609E-07  -0.290039E-08
   0.834400E+04   0.979833E-08   0.112908E-08  -0.100811E-07
   0.834500E+04   0.851839E-08   0.132961E-07  -0.161012E-07
   0.834600E+04   0.642495E-08   0.241300E-07  -0.204719E-07
   0.834700E+04   0.372269E-08   0.327559E-07  -0.228699E-07
   0.834800E+04   0.674951E-09   0.385049E-07  -0.231609E-07
   0.834900E+04  -0.242175E-08   0.409662E-07  -0.214043E-07
   0.835000E+04  -0.526648E-08   0.400148E-07  -0.178406E-07
   0.835100E+04  -0.758297E-08   0.358143E-07  -0.128618E-07
   0.835200E+04  -0.914649E-08   0.287954E-07  -0.696986E-08
   0.835300E+04  -0.980553E-08   0.196114E-07  -0.725927E-09
   0.835400E+04  -0.949654E-08   0.907700E-08   0.530320E-08
   0.835500E+04  -0.825003E-08  -0.190576E-08   0.105970E-07
   0.835600E+04  -0.618757E-08  -0.124253E-07   0.147267E-07
   0.835700E+04  -0.350996E-08  -0.216371E-07   0.173895E-07
   0.835800E+04  -0.477650E-09  -0.288320E-07   0.184301E-07
   0.835900E+04   0.261461E-08  -0.334900E-07   0.178474E-07
   0.836000E+04   0.546643E-08  -0.353165E-07   0.157856E-07
   0.836100E+04   0.780105E-08  -0.342584E-07   0.125133E-07
   0.836200E+04   0.939223E-08  -0.304983E-07   0.839111E-08
   0.836300E+04   0.100863E-07  -0.244309E-07   0.383317E-08
   0.836400E+04   0.981685E-08  -0.166215E-07  -0.734663E-09
   0.836500E+04   0.861157E-08  -0.775269E-08  -0.491490E-08
   0.836600E+04   0.658902E-08   0.143569E-08  -0.837343E-08
   0.836700E+04   0.394722E-08   0.102091E-07  -0.108661E-07
   0.836800E+04   0.944213E-09   0.178967E-07  -0.122551E-07
   0.836900E+04  -0.212719E-08   0.239420E-07  -0.125134E-07
   0.837000E+04  -0.496801E-08   0.279409E-07  -0.117188E-07
   0.837100E+04  -0.730232E-08   0.296665E-07  -0.100378E-07
   0.837200E+04  -0.890416E-08   0.290769E-07  -0.770185E-08
   0.837300E+04  -0.961956E-08   0.263095E-07  -0.497951E-08
   0.837400E+04  -0.938151E-08   0.216600E-07  -0.214683E-08
   0.837500E+04  -0.821640E-08   0.155520E-07   0.540194E-09
   0.837600E+04  -0.624132E-08   0.849709E-08   0.286874E-08
   0.837700E+04  -0.365244E-08   0.105210E-08   0.468556E-08
   0.837800E+04  -0.705719E-09  -0.622468E-08   0.590556E-08
   0.837900E+04   0.230825E-08  -0.128143E-07   0.651211E-08
   0.838000E+04   0.509282E-08  -0.182719E-07   0.654991E-08
   0.838100E+04   0.737432E-08  -0.222542E-07   0.611178E-08
   0.838200E+04   0.892896E-08  -0.245368E-07   0.532136E-08
   0.838300E+04   0.960464E-08  -0.250229E-07   0.431419E-08
   0.838400E+04   0.933583E-08  -0.237418E-07   0.321966E-08
   0.838500E+04   0.814991E-08  -0.208402E-07   0.214585E-08
   0.838600E+04   0.616430E-08  -0.165655E-07   0.116900E-08
   0.838700E+04   0.357488E-08  -0.112449E-07   0.328799E-09
   0.838800E+04   0.636591E-09  -0.526119E-08  -0.370589E-09
   0.838900E+04  -0.236166E-08   0.973848E-09  -0.954016E-09
   0.839000E+04  -0.512544E-08   0.704465E-08  -0.146476E-08
   0.839100E+04  -0.738376E-08   0.125565E-07  -0.195154E-08
   0.839200E+04  -0.891563E-08   0.171577E-07  -0.245515E-08
   0.839300E+04  -0.957175E-08   0.205579E-07  -0.299680E-08
   0.839400E+04  -0.928905E-08   0.225438E-07  -0.356990E-08
   0.839500E+04  -0.809679E-08   0.229896E-07  -0.413673E-08
   0.839600E+04  -0.611347E-08   0.218641E-07  -0.463047E-08
   0.839700E+04  -0.353505E-08   0.192331E-07  -0.496278E-08
   0.839800E+04  -0.615554E-09   0.152563E-07  -0.503578E-08
   0.839900E+04   0.235812E-08   0.101809E-07  -0.475727E-08
   0.840000E+04   0.509442E-08   0.432926E-08  -0.405701E-08
   0.840100E+04   0.732595E-08  -0.191776E-08  -0.290185E-08
   0.840200E+04   0.883568E-08  -0.814158E-08  -0.130763E-08
   0.840300E+04   0.947826E-08  -0.139105E-07   0.654169E-09
   0.840400E+04   0.919417E-08  -0.188071E-07   0.285635E-08
   0.840500E+04   0.801541E-08  -0.224564E-07   0.512304E-08
   0.840600E+04   0.606210E-08  -0.245544E-07   0.724372E-08
   0.840700E+04   0.353038E-08  -0.248930E-07   0.899300E-08
   0.840800E+04   0.672934E-09  -0.233813E-07   0.101544E-07
   0.840900E+04  -0.222621E-08  -0.200598E-07   0.105453E-07
   0.841000E+04  -0.487979E-08  -0.151055E-07   0.100412E-07
   0.841100E+04  -0.702574E-08  -0.882779E-08   0.859463E-08
   0.841200E+04  -0.845305E-08  -0.165336E-08   0.624829E-08
   0.841300E+04  -0.902256E-08   0.589951E-08   0.313894E-08
   0.841400E+04  -0.868055E-08   0.132559E-07  -0.508431E-09
   0.841500E+04  -0.746390E-08   0.198264E-07  -0.439634E-08
   0.841600E+04  -0.549619E-08   0.250540E-07  -0.817941E-08
   0.841700E+04  -0.297529E-08   0.284612E-07  -0.114958E-07
   0.841800E+04  -0.153600E-09   0.296942E-07  -0.140024E-07
   0.841900E+04   0.268712E-08   0.285595E-07  -0.154111E-07
   0.842000E+04   0.526375E-08   0.250496E-07  -0.155205E-07
   0.842100E+04   0.731989E-08   0.193536E-07  -0.142421E-07
   0.842200E+04   0.865122E-08   0.118526E-07  -0.116161E-07
   0.842300E+04   0.912575E-08   0.309733E-08  -0.781428E-08
   0.842400E+04   0.869668E-08  -0.623019E-08  -0.313125E-08
   0.842500E+04   0.740696E-08  -0.153683E-07   0.203818E-08
   0.842600E+04   0.538481E-08  -0.235379E-07   0.723236E-08
   0.842700E+04   0.283086E-08  -0.300088E-07   0.119646E-07
   0.842800E+04  -0.190341E-11  -0.341663E-07   0.157692E-07
   0.842900E+04  -0.283333E-08  -0.355698E-07   0.182481E-07
   0.843000E+04  -0.538398E-08  -0.339996E-07   0.191125E-07
   0.843100E+04  -0.740285E-08  -0.294857E-07   0.182152E-07
   0.843200E+04  -0.869218E-08  -0.223164E-07   0.155715E-07
   0.843300E+04  -0.912700E-08  -0.130230E-07   0.113637E-07
   0.843400E+04  -0.866737E-08  -0.234288E-08   0.593058E-08
   0.843500E+04  -0.736209E-08   0.883812E-08  -0.259800E-09
   0.843600E+04  -0.534370E-08   0.195587E-07  -0.665011E-08
   0.843700E+04  -0.281504E-08   0.288655E-07  -0.126444E-07
   0.843800E+04  -0.289883E-10   0.358982E-07  -0.176638E-07
   0.843900E+04   0.273686E-08   0.399704E-07  -0.212032E-07
   0.844000E+04   0.520783E-08   0.406373E-07  -0.228816E-07
   0.844100E+04   0.713945E-08   0.377436E-07  -0.224830E-07
   0.844200E+04   0.834171E-08   0.314475E-07  -0.199818E-07
   0.844300E+04   0.869779E-08   0.222160E-07  -0.155511E-07
   0.844400E+04   0.817549E-08   0.107926E-07  -0.955221E-08
   0.844500E+04   0.683019E-08  -0.186141E-08  -0.250468E-08
   0.844600E+04   0.479909E-08  -0.146480E-07   0.495841E-08
   0.844700E+04   0.228726E-08  -0.264277E-07   0.121481E-07
   0.844800E+04  -0.452929E-09  -0.361220E-07   0.183838E-07
   0.844900E+04  -0.314718E-08  -0.428132E-07   0.230584E-07
   0.845000E+04  -0.552663E-08  -0.458322E-07   0.256976E-07
   0.845100E+04  -0.735471E-08  -0.448261E-07   0.260087E-07
   0.845200E+04  -0.845065E-08  -0.397981E-07   0.239120E-07
   0.845300E+04  -0.870739E-08  -0.311163E-07   0.195533E-07
   0.845400E+04  -0.810204E-08  -0.194888E-07   0.132948E-07
   0.845500E+04  -0.669800E-08  -0.590691E-08   0.568509E-08
   0.845600E+04  -0.463835E-08   0.843913E-08  -0.258934E-08
   0.845700E+04  -0.213140E-08   0.222646E-07  -0.107664E-07
   0.845800E+04   0.570348E-09   0.343063E-07  -0.180797E-07
   0.845900E+04   0.319551E-08   0.434384E-07  -0.238306E-07
   0.846000E+04   0.548104E-08   0.487795E-07  -0.274564E-07
   0.846100E+04   0.719847E-08   0.497776E-07  -0.285854E-07
   0.846200E+04   0.817673E-08   0.462678E-07  -0.270753E-07
   0.846300E+04   0.831908E-08   0.384951E-07  -0.230306E-07
   0.846400E+04   0.761266E-08   0.270989E-07  -0.167961E-07
   0.846500E+04   0.612955E-08   0.130617E-07  -0.892751E-08
   0.846600E+04   0.401940E-08  -0.237557E-08  -0.142135E-09
   0.846700E+04   0.149427E-08  -0.178233E-07   0.874727E-08
   0.846800E+04  -0.119271E-08  -0.318692E-07   0.169083E-07
   0.846900E+04  -0.377278E-08  -0.432079E-07   0.235674E-07
   0.847000E+04  -0.598843E-08  -0.507635E-07   0.280843E-07
   0.847100E+04  -0.761917E-08  -0.537922E-07   0.300139E-07
   0.847200E+04  -0.850347E-08  -0.519560E-07   0.291509E-07
   0.847300E+04  -0.855478E-08  -0.453599E-07   0.255521E-07
   0.847400E+04  -0.777004E-08  -0.345482E-07   0.195333E-07
   0.847500E+04  -0.622970E-08  -0.204605E-07   0.116422E-07
   0.847600E+04  -0.408954E-08  -0.434938E-08   0.260884E-08
   0.847700E+04  -0.156478E-08   0.123314E-07  -0.672208E-08
   0.847800E+04   0.109156E-08   0.280590E-07  -0.154703E-07
   0.847900E+04   0.361415E-08   0.413819E-07  -0.228033E-07
   0.848000E+04   0.575195E-08   0.510553E-07  -0.280154E-07
   0.848100E+04   0.729337E-08   0.561592E-07  -0.305960E-07
   0.848200E+04   0.808732E-08   0.561866E-07  -0.302796E-07
   0.848300E+04   0.805825E-08   0.510954E-07  -0.270728E-07
   0.848400E+04   0.721352E-08   0.413167E-07  -0.212555E-07
   0.848500E+04   0.564243E-08   0.277191E-07  -0.133565E-07
   0.848600E+04   0.350703E-08   0.115323E-07  -0.410482E-08
   0.848700E+04   0.102569E-08  -0.576466E-08   0.563778E-08
   0.848800E+04  -0.154900E-08  -0.225784E-07   0.149580E-07
   0.848900E+04  -0.395569E-08  -0.373492E-07   0.229772E-07
   0.849000E+04  -0.595058E-08  -0.486963E-07   0.289344E-07
   0.849100E+04  -0.733184E-08  -0.555483E-07   0.322595E-07
   0.849200E+04  -0.795988E-08  -0.572452E-07   0.326277E-07
   0.849300E+04  -0.777121E-08  -0.536030E-07   0.299915E-07
   0.849400E+04  -0.678470E-08  -0.449341E-07   0.245860E-07
   0.849500E+04  -0.509952E-08  -0.320216E-07   0.169078E-07
   0.849600E+04  -0.288503E-08  -0.160487E-07   0.766886E-08
   0.849700E+04  -0.363639E-09   0.150927E-08  -0.227067E-08
   0.849800E+04   0.221166E-08   0.190211E-07  -0.119832E-07
   0.849900E+04   0.458273E-08   0.348515E-07  -0.205617E-07
   0.850000E+04   0.651227E-08   0.475143E-07  -0.272052E-07
   0.850100E+04   0.780758E-08   0.558123E-07  -0.312953E-07
   0.850200E+04   0.833983E-08   0.589507E-07  -0.324546E-07
   0.850300E+04   0.805692E-08   0.566135E-07  -0.305825E-07
   0.850400E+04   0.698847E-08   0.489955E-07  -0.258650E-07
   0.850500E+04   0.524279E-08   0.367858E-07  -0.187569E-07
   0.850600E+04   0.299574E-08   0.211054E-07  -0.993846E-08
   0.850700E+04   0.472986E-09   0.340398E-08  -0.250601E-09
   0.850800E+04  -0.207278E-08  -0.146755E-07   0.938506E-08
   0.850900E+04  -0.438729E-08  -0.314497E-07   0.180540E-07
   0.851000E+04  -0.624022E-08  -0.453530E-07   0.249356E-07
   0.851100E+04  -0.744828E-08  -0.550847E-07   0.293815E-07
   0.851200E+04  -0.789346E-08  -0.597317E-07   0.309765E-07
   0.851300E+04  -0.753478E-08  -0.588549E-07   0.295780E-07
   0.851400E+04  -0.641214E-08  -0.525317E-07   0.253291E-07
   0.851500E+04  -0.464208E-08  -0.413495E-07   0.186439E-07
   0.851600E+04  -0.240591E-08  -0.263510E-07   0.101679E-07
   0.851700E+04   0.687917E-10  -0.893711E-08   0.715515E-09
   0.851800E+04   0.253116E-08   0.926445E-08  -0.880791E-08
   0.851900E+04   0.473238E-08   0.265522E-07  -0.174928E-07
   0.852000E+04   0.645075E-08   0.413107E-07  -0.245121E-07
   0.852100E+04   0.751392E-08   0.521626E-07  -0.292002E-07
   0.852200E+04   0.781611E-08   0.580985E-07  -0.311156E-07
   0.852300E+04   0.732864E-08   0.585713E-07  -0.300828E-07
   0.852400E+04   0.610254E-08   0.535481E-07  -0.262080E-07
   0.852500E+04   0.426323E-08   0.435126E-07  -0.198679E-07
   0.852600E+04   0.199765E-08   0.294191E-07  -0.116727E-07
   0.852700E+04  -0.464750E-09   0.126020E-07  -0.240753E-08
   0.852800E+04  -0.287531E-08  -0.535063E-08   0.704397E-08
   0.852900E+04  -0.499130E-08  -0.227472E-07   0.157838E-07
   0.853000E+04  -0.660041E-08  -0.379526E-07   0.229857E-07
   0.853100E+04  -0.754216E-08  -0.495424E-07   0.279734E-07
   0.853200E+04  -0.772398E-08  -0.564370E-07   0.302847E-07
   0.853300E+04  -0.713040E-08  -0.580029E-07   0.297144E-07
   0.853400E+04  -0.582447E-08  -0.541114E-07   0.263328E-07
   0.853500E+04  -0.394121E-08  -0.451497E-07   0.204769E-07
   0.853600E+04  -0.167382E-08  -0.319823E-07   0.127174E-07
   0.853700E+04   0.745989E-09  -0.158683E-07   0.380269E-08
   0.853800E+04   0.307149E-08   0.165928E-08  -0.541380E-08
   0.853900E+04   0.506593E-08   0.189397E-07  -0.140555E-07
   0.854000E+04   0.652646E-08   0.343422E-07  -0.213068E-07
   0.854100E+04   0.730463E-08   0.464206E-07  -0.264898E-07
   0.854200E+04   0.732131E-08   0.540495E-07  -0.291289E-07
   0.854300E+04   0.657461E-08   0.565299E-07  -0.289940E-07
   0.854400E+04   0.514000E-08   0.536540E-07  -0.261209E-07
   0.854500E+04   0.316255E-08   0.457225E-07  -0.208060E-07
   0.854600E+04   0.842235E-09   0.335142E-07  -0.135751E-07
   0.854700E+04  -0.158636E-08   0.182096E-07  -0.513230E-08
   0.854800E+04  -0.387776E-08   0.127704E-08   0.370986E-08
   0.854900E+04  -0.580040E-08  -0.156682E-07   0.121083E-07
   0.855000E+04  -0.715998E-08  -0.310181E-07   0.192709E-07
   0.855100E+04  -0.781905E-08  -0.433251E-07   0.245311E-07
   0.855200E+04  -0.771078E-08  -0.514385E-07   0.274115E-07
   0.855300E+04  -0.684561E-08  -0.546129E-07   0.276666E-07
   0.855400E+04  -0.531011E-08  -0.525763E-07   0.253050E-07
   0.855500E+04  -0.325806E-08  -0.455540E-07   0.205855E-07
   0.855600E+04  -0.894939E-09  -0.342440E-07   0.139895E-07
   0.855700E+04   0.154300E-08  -0.197477E-07   0.617301E-08
   0.855800E+04   0.381253E-08  -0.346288E-08  -0.209870E-08
   0.855900E+04   0.568803E-08   0.130516E-07  -0.100256E-07
   0.856000E+04   0.698422E-08   0.282251E-07  -0.168501E-07
   0.856100E+04   0.757470E-08   0.406254E-07  -0.219298E-07
   0.856200E+04   0.740464E-08   0.490938E-07  -0.247977E-07
   0.856300E+04   0.649609E-08   0.528543E-07  -0.252055E-07
   0.856400E+04   0.494558E-08   0.515845E-07  -0.231445E-07
   0.856500E+04   0.291416E-08   0.454439E-07  -0.188447E-07
   0.856600E+04   0.610982E-09   0.350543E-07  -0.127488E-07
   0.856700E+04  -0.172802E-08   0.214381E-07  -0.546787E-08
   0.856800E+04  -0.386407E-08   0.591671E-08   0.227982E-08
   0.856900E+04  -0.557972E-08  -0.100173E-07   0.973943E-08
   0.857000E+04  -0.670086E-08  -0.248445E-07   0.161927E-07
   0.857100E+04  -0.711429E-08  -0.371636E-07   0.210270E-07
   0.857200E+04  -0.677905E-08  -0.458252E-07   0.237929E-07
   0.857300E+04  -0.573048E-08  -0.500388E-07   0.242461E-07
   0.857400E+04  -0.407649E-08  -0.494460E-07   0.223683E-07
   0.857500E+04  -0.198652E-08  -0.441511E-07   0.183659E-07
   0.857600E+04   0.325738E-09  -0.347066E-07   0.126480E-07
   0.857700E+04   0.262409E-08  -0.220570E-07   0.578371E-08
   0.857800E+04   0.467378E-08  -0.744446E-08  -0.155436E-08
   0.857900E+04   0.626534E-08   0.771292E-08  -0.865670E-08
   0.858000E+04   0.723581E-08   0.219587E-07  -0.148458E-07
   0.858100E+04   0.748517E-08   0.339379E-07  -0.195411E-07
   0.858200E+04   0.698649E-08   0.425266E-07  -0.223140E-07
   0.858300E+04   0.578860E-08   0.469371E-07  -0.229271E-07
   0.858400E+04   0.401104E-08   0.467905E-07  -0.213544E-07
   0.858500E+04   0.183201E-08   0.421494E-07  -0.177810E-07
   0.858600E+04  -0.529803E-09   0.335072E-07  -0.125824E-07
   0.858700E+04  -0.283730E-08   0.217365E-07  -0.628503E-08
   0.858800E+04  -0.485899E-08   0.800146E-08   0.486741E-09
   0.858900E+04  -0.639239E-08  -0.635706E-08   0.707236E-08
   0.859000E+04  -0.728443E-08  -0.199525E-07   0.128398E-07
   0.859100E+04  -0.744688E-08  -0.314864E-07   0.172463E-07
   0.859200E+04  -0.686519E-08  -0.398725E-07   0.198898E-07
   0.859300E+04  -0.559983E-08  -0.443393E-07   0.205454E-07
   0.859400E+04  -0.378007E-08  -0.445007E-07   0.191849E-07
   0.859500E+04  -0.159082E-08  -0.403896E-07   0.159760E-07
   0.859600E+04   0.746149E-09  -0.324496E-07   0.112635E-07
   0.859700E+04   0.299471E-08  -0.214882E-07   0.553218E-08
   0.859800E+04   0.492825E-08  -0.859482E-08  -0.641923E-09
   0.859900E+04   0.635261E-08   0.496772E-08  -0.664940E-08
   0.860000E+04   0.712561E-08   0.178867E-07  -0.119072E-07
   0.860100E+04   0.717137E-08   0.289268E-07  -0.159152E-07
   0.860200E+04   0.648784E-08   0.370488E-07  -0.183032E-07
   0.860300E+04   0.514686E-08   0.415075E-07  -0.188653E-07
   0.860400E+04   0.328675E-08   0.419201E-07  -0.175770E-07
   0.860500E+04   0.109816E-08   0.382995E-07  -0.145945E-07
   0.860600E+04  -0.119536E-08   0.310476E-07  -0.102368E-07
   0.860700E+04  -0.336005E-08   0.209125E-07  -0.495134E-08
   0.860800E+04  -0.517568E-08   0.891132E-08   0.731362E-09
   0.860900E+04  -0.645787E-08  -0.377114E-08   0.625138E-08
   0.861000E+04  -0.707666E-08  -0.158994E-07   0.110743E-07
   0.861100E+04  -0.696966E-08  -0.263076E-07   0.147432E-07
   0.861200E+04  -0.614827E-08  -0.340116E-07   0.169217E-07
   0.861300E+04  -0.469636E-08  -0.383019E-07   0.174250E-07
   0.861400E+04  -0.276169E-08  -0.388094E-07   0.162349E-07
   0.861500E+04  -0.540833E-09  -0.355365E-07   0.134991E-07
   0.861600E+04   0.174087E-08  -0.288525E-07   0.951320E-08
   0.861700E+04   0.385214E-08  -0.194524E-07   0.468946E-08
   0.861800E+04   0.557931E-08  -0.828605E-08  -0.485972E-09
   0.861900E+04   0.674786E-08   0.353825E-08  -0.550196E-08
   0.862000E+04   0.724014E-08   0.148630E-07  -0.987299E-08
   0.862100E+04   0.700718E-08   0.245950E-07  -0.131863E-07
   0.862200E+04   0.607354E-08   0.318104E-07  -0.151409E-07
   0.862300E+04   0.453472E-08   0.358428E-07  -0.155751E-07
   0.862400E+04   0.254737E-08   0.363442E-07  -0.144798E-07
   0.862500E+04   0.313287E-09   0.333149E-07  -0.119960E-07
   0.862600E+04  -0.194113E-08   0.270984E-07  -0.839831E-08
   0.862700E+04  -0.398784E-08   0.183435E-07  -0.406526E-08
   0.862800E+04  -0.562037E-08   0.793689E-08   0.560175E-09
   0.862900E+04  -0.667465E-08  -0.308670E-08   0.501544E-08
   0.863000E+04  -0.704565E-08  -0.136473E-07   0.886442E-08
   0.863100E+04  -0.669789E-08  -0.227258E-07   0.117399E-07
   0.863200E+04  -0.566896E-08  -0.294622E-07   0.133785E-07
   0.863300E+04  -0.406556E-08  -0.332374E-07   0.136445E-07
   0.863400E+04  -0.205253E-08  -0.337304E-07   0.125406E-07
   0.863500E+04   0.163968E-09  -0.309447E-07   0.102050E-07
   0.863600E+04   0.235748E-08  -0.252041E-07   0.689501E-08
   0.863700E+04   0.430431E-08  -0.171153E-07   0.295867E-08
   0.863800E+04   0.580627E-08  -0.750551E-08  -0.120106E-08
   0.863900E+04   0.671079E-08   0.266267E-08  -0.516758E-08
   0.864000E+04   0.692634E-08   0.123868E-07  -0.855216E-08
   0.864100E+04   0.643174E-08   0.207238E-07  -0.110319E-07
   0.864200E+04   0.527815E-08   0.268809E-07  -0.123803E-07
   0.864300E+04   0.358385E-08   0.302916E-07  -0.124878E-07
   0.864400E+04   0.152209E-08   0.306671E-07  -0.113699E-07
   0.864500E+04  -0.696548E-09   0.280210E-07  -0.916311E-08
   0.864600E+04  -0.284562E-08   0.226629E-07  -0.610885E-08
   0.864700E+04  -0.470586E-08   0.151635E-07  -0.252693E-08
   0.864800E+04  -0.608748E-08   0.629484E-08   0.121777E-08
   0.864900E+04  -0.684943E-08  -0.304918E-08   0.475266E-08
   0.865000E+04  -0.691372E-08  -0.119422E-07   0.773464E-08
   0.865100E+04  -0.627328E-08  -0.195169E-07   0.988358E-08
   0.865200E+04  -0.499269E-08  -0.250497E-07   0.110087E-07
   0.865300E+04  -0.320148E-08  -0.280296E-07   0.110257E-07
   0.865400E+04  -0.108101E-08  -0.282048E-07   0.996246E-08
   0.865500E+04   0.115403E-08  -0.256038E-07   0.795359E-08
   0.865600E+04   0.327746E-08  -0.205280E-07   0.522462E-08
   0.865700E+04   0.507454E-08  -0.135176E-07   0.206716E-08
   0.865800E+04   0.636381E-08  -0.529473E-08  -0.119197E-08
   0.865900E+04   0.701544E-08   0.331083E-08  -0.422426E-08
   0.866000E+04   0.696441E-08   0.114452E-07  -0.673257E-08
   0.866100E+04   0.621697E-08   0.183148E-07  -0.848026E-08
   0.866200E+04   0.485001E-08   0.232641E-07  -0.931344E-08
   0.866300E+04   0.300309E-08   0.258377E-07  -0.917450E-08
   0.866400E+04   0.864224E-09   0.258223E-07  -0.810555E-08
   0.866500E+04  -0.134927E-08   0.232637E-07  -0.624169E-08
   0.866600E+04  -0.341292E-08   0.184580E-07  -0.379511E-08
   0.866700E+04  -0.511792E-08   0.119183E-07  -0.103172E-08
   0.866800E+04  -0.629230E-08   0.432018E-08   0.175710E-08
   0.866900E+04  -0.681844E-08  -0.356760E-08   0.428465E-08
   0.867000E+04  -0.664490E-08  -0.109609E-07   0.629787E-08
   0.867100E+04  -0.579162E-08  -0.171380E-07   0.760228E-08
   0.867200E+04  -0.434777E-08  -0.215101E-07   0.808027E-08
   0.867300E+04  -0.246267E-08  -0.236772E-07   0.770129E-08
   0.867400E+04  -0.330439E-09  -0.234650E-07   0.652282E-08
   0.867500E+04   0.182975E-08  -0.209375E-07   0.468245E-08
   0.867600E+04   0.379603E-08  -0.163874E-07   0.238200E-08
   0.867700E+04   0.536645E-08  -0.103026E-07  -0.134610E-09
   0.867800E+04   0.637953E-08  -0.331436E-08  -0.260712E-08
   0.867900E+04   0.673069E-08   0.386769E-08  -0.478587E-08
   0.868000E+04   0.638288E-08   0.105276E-07  -0.645693E-08
   0.868100E+04   0.537036E-08   0.160142E-07  -0.746302E-08
   0.868200E+04   0.379516E-08   0.198051E-07  -0.771811E-08
   0.868300E+04   0.181675E-08   0.215561E-07  -0.721441E-08
   0.868400E+04  -0.364275E-09   0.211324E-07  -0.602118E-08
   0.868500E+04  -0.252651E-08   0.186182E-07  -0.427564E-08
   0.868600E+04  -0.445031E-08   0.143045E-07  -0.216727E-08
   0.868700E+04  -0.594010E-08   0.865643E-08   0.830363E-10
   0.868800E+04  -0.684424E-08   0.226350E-08   0.224633E-08
   0.868900E+04  -0.707043E-08  -0.422140E-08   0.410931E-08
   0.869000E+04  -0.659505E-08  -0.101484E-07   0.549576E-08
   0.869100E+04  -0.546557E-08  -0.149356E-07   0.628362E-08
   0.869200E+04  -0.379566E-08  -0.181259E-07   0.641599E-08
   0.869300E+04  -0.175366E-08  -0.194307E-07   0.590511E-08
   0.869400E+04   0.454581E-09  -0.187556E-07   0.482911E-08
   0.869500E+04   0.260658E-08  -0.162066E-07   0.332199E-08
   0.869600E+04   0.448584E-08  -0.120753E-07   0.155798E-08
   0.869700E+04   0.590381E-08  -0.680708E-08  -0.267746E-09
   0.869800E+04   0.671897E-08  -0.952901E-09  -0.196015E-08
   0.869900E+04   0.685119E-08   0.488744E-08  -0.334478E-08
   0.870000E+04   0.628975E-08   0.101266E-07  -0.428553E-08
   0.870100E+04   0.509434E-08   0.142484E-07  -0.469791E-08
   0.870200E+04   0.338893E-08   0.168585E-07  -0.455657E-08
   0.870300E+04   0.134906E-08   0.177217E-07  -0.389631E-08
   0.870400E+04  -0.816095E-09   0.167829E-07  -0.280678E-08
   0.870500E+04  -0.288503E-08   0.141690E-07  -0.142148E-08
   0.870600E+04  -0.464649E-08   0.101731E-07   0.977074E-10
   0.870700E+04  -0.592096E-08   0.522213E-08   0.157850E-08
   0.870800E+04  -0.657893E-08  -0.169171E-09   0.285701E-08
   0.870900E+04  -0.655402E-08  -0.545128E-08   0.379511E-08
   0.871000E+04  -0.584975E-08  -0.100961E-07   0.429476E-08
   0.871100E+04  -0.453905E-08  -0.136498E-07   0.430761E-08
   0.871200E+04  -0.275684E-08  -0.157771E-07   0.383918E-08
   0.871300E+04  -0.686250E-09  -0.162930E-07   0.294713E-08
   0.871400E+04   0.146010E-08  -0.151789E-07   0.173394E-08
   0.871500E+04   0.346175E-08  -0.125806E-07   0.335016E-09
   0.871600E+04   0.511290E-08  -0.879110E-08  -0.109660E-08
   0.871700E+04   0.624335E-08  -0.421794E-08  -0.240704E-08
   0.871800E+04   0.673586E-08   0.660399E-09  -0.345823E-08
   0.871900E+04   0.653811E-08   0.534422E-08  -0.414244E-08
   0.872000E+04   0.566800E-08   0.936375E-08  -0.439337E-08
   0.872100E+04   0.421188E-08   0.123262E-07  -0.419244E-08
   0.872200E+04   0.231577E-08   0.139544E-07  -0.356992E-08
   0.872300E+04   0.170505E-09   0.141122E-07  -0.260070E-08
   0.872400E+04  -0.200763E-08   0.128165E-07  -0.139535E-08
   0.872500E+04  -0.399890E-08   0.102316E-07  -0.874221E-10
   0.872600E+04  -0.560241E-08   0.665051E-08   0.118148E-08
   0.872700E+04  -0.665651E-08   0.246183E-08   0.227721E-08
   0.872800E+04  -0.705521E-08  -0.189120E-08   0.308761E-08
   0.872900E+04  -0.675886E-08  -0.595729E-08   0.353428E-08
   0.873000E+04  -0.579819E-08  -0.932339E-08   0.358055E-08
   0.873100E+04  -0.427110E-08  -0.116562E-07   0.323472E-08
   0.873200E+04  -0.233265E-08  -0.127347E-07   0.254836E-08
   0.873300E+04  -0.179310E-09  -0.124712E-07   0.160986E-08
   0.873400E+04   0.197109E-08  -0.109172E-07   0.533986E-09
   0.873500E+04   0.390147E-08  -0.825586E-08  -0.551216E-09
   0.873600E+04   0.541761E-08  -0.478107E-08  -0.151892E-08
   0.873700E+04   0.636779E-08  -0.864784E-09  -0.225764E-08
   0.873800E+04   0.665823E-08   0.308237E-08  -0.268350E-08
   0.873900E+04   0.626251E-08   0.665404E-08  -0.274935E-08
   0.874000E+04   0.522417E-08   0.948987E-08  -0.244966E-08
   0.874100E+04   0.365218E-08   0.113118E-07  -0.182077E-08
   0.874200E+04   0.170978E-08   0.119510E-07  -0.936554E-09
   0.874300E+04  -0.402261E-09   0.113637E-07   0.100196E-09
   0.874400E+04  -0.246615E-08   0.963318E-08   0.116940E-08
   0.874500E+04  -0.426929E-08   0.695890E-08   0.214729E-08
   0.874600E+04  -0.562599E-08   0.363403E-08   0.292027E-08
   0.874700E+04  -0.639636E-08   0.134259E-10   0.339767E-08
   0.874800E+04  -0.650061E-08  -0.352409E-08   0.352187E-08
   0.874900E+04  -0.592714E-08  -0.661528E-08   0.327473E-08
   0.875000E+04  -0.473371E-08  -0.894976E-08   0.267967E-08
   0.875100E+04  -0.304153E-08  -0.103012E-07   0.179908E-08
   0.875200E+04  -0.102286E-08  -0.105491E-07   0.727490E-09
   0.875300E+04   0.111653E-08  -0.968974E-08  -0.418895E-09
   0.875400E+04   0.315840E-08  -0.783407E-08  -0.151500E-08
   0.875500E+04   0.489428E-08  -0.519442E-08  -0.244071E-08
   0.875600E+04   0.614678E-08  -0.206059E-08  -0.309417E-08
   0.875700E+04   0.678764E-08   0.123163E-08  -0.340305E-08
   0.875800E+04   0.675085E-08   0.433621E-08  -0.333271E-08
   0.875900E+04   0.603945E-08   0.693310E-08  -0.289006E-08
   0.876000E+04   0.472520E-08   0.876109E-08  -0.212300E-08
   0.876100E+04   0.294129E-08   0.964410E-08  -0.111535E-08
   0.876200E+04   0.868873E-09   0.950803E-08   0.222675E-10
   0.876300E+04  -0.128144E-08   0.838679E-08   0.116442E-08
   0.876400E+04  -0.329097E-08   0.641692E-08   0.218454E-08
   0.876500E+04  -0.495522E-08   0.382154E-08   0.296881E-08
   0.876600E+04  -0.610474E-08   0.885518E-09   0.342867E-08
   0.876700E+04  -0.662234E-08  -0.207546E-08   0.351061E-08
   0.876800E+04  -0.645506E-08  -0.474857E-08   0.320220E-08
   0.876900E+04  -0.561955E-08  -0.685669E-08   0.253363E-08
   0.877000E+04  -0.420047E-08  -0.818705E-08   0.157459E-08
   0.877100E+04  -0.234182E-08  -0.861268E-08   0.426882E-09
   0.877200E+04  -0.232402E-09  -0.810447E-08  -0.786594E-09
   0.877300E+04   0.191341E-08  -0.673284E-08  -0.193515E-08
   0.877400E+04   0.387742E-08  -0.465888E-08  -0.289458E-08
   0.877500E+04   0.545975E-08  -0.211598E-08  -0.356078E-08
   0.877600E+04   0.649916E-08   0.615796E-09  -0.386126E-08
   0.877700E+04   0.688940E-08   0.323999E-08  -0.376329E-08
   0.877800E+04   0.658998E-08   0.547539E-08  -0.327772E-08
   0.877900E+04   0.563024E-08   0.708559E-08  -0.245812E-08
   0.878000E+04   0.410636E-08   0.790356E-08  -0.139522E-08
   0.878100E+04   0.217153E-08   0.784847E-08  -0.207239E-09
   0.878200E+04   0.203565E-10   0.693328E-08   0.972863E-09
   0.878300E+04  -0.213090E-08   0.526232E-08   0.201184E-08
   0.878400E+04  -0.406633E-08   0.301927E-08   0.279081E-08
   0.878500E+04  -0.559233E-08   0.446760E-09   0.321845E-08
   0.878600E+04  -0.655716E-08  -0.217986E-08   0.324139E-08
   0.878700E+04  -0.686641E-08  -0.458205E-08   0.285055E-08
   0.878800E+04  -0.649245E-08  -0.650763E-08   0.208271E-08
   0.878900E+04  -0.547715E-08  -0.775716E-08   0.101723E-08
   0.879000E+04  -0.392757E-08  -0.820450E-08  -0.232038E-09
   0.879100E+04  -0.200488E-08  -0.780947E-08  -0.152852E-08
   0.879200E+04   0.920627E-10  -0.662118E-08  -0.272742E-08
   0.879300E+04   0.214710E-08  -0.477193E-08  -0.369124E-08
   0.879400E+04   0.394883E-08  -0.246240E-08  -0.430476E-08
   0.879500E+04   0.531218E-08   0.603130E-10  -0.448780E-08
   0.879600E+04   0.609730E-08   0.252936E-08  -0.420445E-08
   0.879700E+04   0.622381E-08   0.468656E-08  -0.346769E-08
   0.879800E+04   0.567902E-08   0.630974E-08  -0.233880E-08
   0.879900E+04   0.451919E-08   0.723592E-08  -0.921736E-09
   0.880000E+04   0.286379E-08   0.737798E-08   0.647191E-09
   0.880100E+04   0.883273E-09   0.673323E-08   0.221318E-08
   0.880200E+04  -0.121826E-08   0.538282E-08   0.361892E-08
   0.880300E+04  -0.322395E-08   0.348228E-08   0.472106E-08
   0.880400E+04  -0.492630E-08   0.124423E-08   0.540543E-08
   0.880500E+04  -0.614833E-08  -0.108481E-08   0.559929E-08
   0.880600E+04  -0.676171E-08  -0.325109E-08   0.527945E-08
   0.880700E+04  -0.669986E-08  -0.502080E-08   0.447528E-08
   0.880800E+04  -0.596478E-08  -0.620497E-08   0.326614E-08
   0.880900E+04  -0.462695E-08  -0.667933E-08   0.177362E-08
   0.881000E+04  -0.281818E-08  -0.639718E-08   0.149285E-09
   0.881100E+04  -0.718273E-09  -0.539383E-08  -0.144091E-08
   0.881200E+04   0.146322E-08  -0.378236E-08  -0.283381E-08
   0.881300E+04   0.350827E-08  -0.174091E-08  -0.388609E-08
   0.881400E+04   0.521252E-08   0.506694E-09  -0.448945E-08
   0.881500E+04   0.640603E-08   0.271530E-08  -0.458217E-08
   0.881600E+04   0.697050E-08   0.464479E-08  -0.415592E-08
   0.881700E+04   0.685130E-08   0.608588E-08  -0.325708E-08
   0.881800E+04   0.606294E-08   0.688243E-08  -0.198223E-08
   0.881900E+04   0.468758E-08   0.694807E-08  -0.468418E-09
   0.882000E+04   0.286666E-08   0.627520E-08   0.112094E-08
   0.882100E+04   0.786404E-09   0.493560E-08   0.261305E-08
   0.882200E+04  -0.134106E-08   0.307254E-08   0.384385E-08
   0.882300E+04  -0.329936E-08   0.885269E-09   0.467539E-08
   0.882400E+04  -0.488985E-08  -0.139248E-08   0.501060E-08
   0.882500E+04  -0.595180E-08  -0.351755E-08   0.480393E-08
   0.882600E+04  -0.637876E-08  -0.526340E-08   0.406670E-08
   0.882700E+04  -0.612929E-08  -0.644432E-08   0.286649E-08
   0.882800E+04  -0.523112E-08  -0.693526E-08   0.132066E-08
   0.882900E+04  -0.377828E-08  -0.668511E-08  -0.415390E-09
   0.883000E+04  -0.192143E-08  -0.572209E-08  -0.216409E-08
   0.883100E+04   0.147555E-09  -0.415068E-08  -0.374403E-08
   0.883200E+04   0.221520E-08  -0.214037E-08  -0.498885E-08
   0.883300E+04   0.406823E-08   0.924633E-10  -0.576481E-08
   0.883400E+04   0.551533E-08   0.230767E-08  -0.598503E-08
   0.883500E+04   0.640669E-08   0.426704E-08  -0.561910E-08
   0.883600E+04   0.664932E-08   0.575968E-08  -0.469683E-08
   0.883700E+04   0.621649E-08   0.662459E-08  -0.330577E-08
   0.883800E+04   0.515050E-08   0.676784E-08  -0.158273E-08
   0.883900E+04   0.355840E-08   0.617269E-08   0.299889E-09
   0.884000E+04   0.160104E-08   0.490138E-08   0.215163E-08
   0.884100E+04  -0.523306E-09   0.308862E-08   0.378350E-08
   0.884200E+04  -0.259912E-08   0.927311E-09   0.502753E-08
   0.884300E+04  -0.441562E-08  -0.135195E-08   0.575433E-08
   0.884400E+04  -0.578825E-08  -0.350535E-08   0.588681E-08
   0.884500E+04  -0.657749E-08  -0.530183E-08   0.540853E-08
   0.884600E+04  -0.670307E-08  -0.654770E-08   0.436593E-08
   0.884700E+04  -0.615215E-08  -0.710729E-08   0.286399E-08
   0.884800E+04  -0.498065E-08  -0.691758E-08   0.105585E-08
   0.884900E+04  -0.330760E-08  -0.599502E-08  -0.872684E-09
   0.885000E+04  -0.130295E-08  -0.443398E-08  -0.272212E-08
   0.885100E+04   0.829650E-09  -0.239695E-08  -0.429979E-08
   0.885200E+04   0.287363E-08  -0.974832E-10  -0.543987E-08
   0.885300E+04   0.462150E-08   0.222234E-08  -0.602073E-08
   0.885400E+04   0.589602E-08   0.431749E-08  -0.597785E-08
   0.885500E+04   0.656815E-08   0.596593E-08  -0.531096E-08
   0.885600E+04   0.657026E-08   0.699218E-08  -0.408453E-08
   0.885700E+04   0.590291E-08   0.728606E-08  -0.242158E-08
   0.885800E+04   0.463482E-08   0.681453E-08  -0.491455E-09
   0.885900E+04   0.289582E-08   0.562537E-08   0.150737E-08
   0.886000E+04   0.863612E-09   0.384239E-08   0.336759E-08
   0.886100E+04  -0.125438E-08   0.165253E-08   0.489444E-08
   0.886200E+04  -0.324211E-08  -0.713696E-09   0.592590E-08
   0.886300E+04  -0.489698E-08  -0.300645E-08   0.634973E-08
   0.886400E+04  -0.605042E-08  -0.498292E-08   0.611546E-08
   0.886500E+04  -0.658513E-08  -0.643298E-08   0.524009E-08
   0.886600E+04  -0.644693E-08  -0.720152E-08   0.380686E-08
   0.886700E+04  -0.565036E-08  -0.720497E-08   0.195725E-08
   0.886800E+04  -0.427710E-08  -0.644038E-08  -0.123153E-09
   0.886900E+04  -0.246766E-08  -0.498598E-08  -0.222341E-08
   0.887000E+04  -0.407045E-09  -0.299320E-08  -0.412871E-08
   0.887100E+04   0.169415E-08  -0.670922E-09  -0.564243E-08
   0.887200E+04   0.362119E-08   0.173636E-08  -0.660648E-08
   0.887300E+04   0.517710E-08   0.397422E-08  -0.691775E-08
   0.887400E+04   0.620279E-08   0.580512E-08  -0.653912E-08
   0.887500E+04   0.659322E-08   0.703355E-08  -0.550372E-08
   0.887600E+04   0.630815E-08   0.752679E-08  -0.391194E-08
   0.887700E+04   0.537624E-08   0.722920E-08  -0.192161E-08
   0.887800E+04   0.389212E-08   0.616837E-08   0.267829E-09
   0.887900E+04   0.200676E-08   0.445259E-08   0.243553E-08
   0.888000E+04  -0.879091E-10   0.225977E-08   0.436173E-08
   0.888100E+04  -0.217859E-08  -0.180998E-09   0.585028E-08
   0.888200E+04  -0.405232E-08  -0.261335E-08   0.674884E-08
   0.888300E+04  -0.551817E-08  -0.478051E-08   0.696476E-08
   0.888400E+04  -0.642674E-08  -0.645234E-08   0.647482E-08
   0.888500E+04  -0.668532E-08  -0.744969E-08   0.532795E-08
   0.888600E+04  -0.626740E-08  -0.766353E-08   0.364057E-08
   0.888700E+04  -0.521530E-08  -0.706672E-08   0.158493E-08
   0.888800E+04  -0.363591E-08  -0.571733E-08  -0.628332E-09
   0.888900E+04  -0.168976E-08  -0.375298E-08  -0.277161E-08
   0.889000E+04   0.425342E-09  -0.137679E-08  -0.462368E-08
   0.889100E+04   0.249446E-08   0.116360E-08  -0.599244E-08
   0.889200E+04   0.430743E-08   0.360174E-08  -0.673482E-08
   0.889300E+04   0.568029E-08   0.568028E-08  -0.677167E-08
   0.889400E+04   0.647399E-08   0.717797E-08  -0.609626E-08
   0.889500E+04   0.660856E-08   0.793303E-08  -0.477529E-08
   0.889600E+04   0.607125E-08   0.786049E-08  -0.294238E-08
   0.889700E+04   0.491781E-08   0.696149E-08  -0.784651E-09
   0.889800E+04   0.326676E-08   0.532363E-08   0.147627E-08
   0.889900E+04   0.128730E-08   0.311236E-08   0.360686E-08
   0.890000E+04  -0.817977E-09   0.554059E-09   0.538568E-08
   0.890100E+04  -0.283374E-08  -0.208723E-08   0.662622E-08
   0.890200E+04  -0.455390E-08  -0.453719E-08   0.719625E-08
   0.890300E+04  -0.580267E-08  -0.653975E-08   0.703174E-08
   0.890400E+04  -0.645244E-08  -0.788397E-08   0.614374E-08
   0.890500E+04  -0.643685E-08  -0.842624E-08   0.461771E-08
   0.890600E+04  -0.575754E-08  -0.810565E-08   0.260507E-08
   0.890700E+04  -0.448401E-08  -0.695073E-08   0.308042E-09
   0.890800E+04  -0.274652E-08  -0.507701E-08  -0.204089E-08
   0.890900E+04  -0.722779E-09  -0.267541E-08  -0.420267E-08
   0.891000E+04   0.138011E-08   0.721941E-11  -0.595622E-08
   0.891100E+04   0.334683E-08   0.269350E-08  -0.712118E-08
   0.891200E+04   0.497578E-08   0.510425E-08  -0.757666E-08
   0.891300E+04   0.609965E-08   0.698748E-08  -0.727394E-08
   0.891400E+04   0.660253E-08   0.814475E-08  -0.624181E-08
   0.891500E+04   0.643165E-08   0.845208E-08  -0.458403E-08
   0.891600E+04   0.560288E-08   0.787316E-08  -0.246902E-08
   0.891700E+04   0.419907E-08   0.646362E-08  -0.112911E-09
   0.891800E+04   0.236163E-08   0.436561E-08   0.224244E-08
   0.891900E+04   0.276134E-09   0.179354E-08   0.435411E-08
   0.892000E+04  -0.184659E-08  -0.987915E-09   0.600309E-08
   0.892100E+04  -0.379191E-08  -0.369100E-08   0.701687E-08
   0.892200E+04  -0.536329E-08  -0.603467E-08   0.728741E-08
   0.892300E+04  -0.640230E-08  -0.777379E-08   0.678258E-08
   0.892400E+04  -0.680473E-08  -0.872473E-08   0.554988E-08
   0.892500E+04  -0.653119E-08  -0.878467E-08   0.371200E-08
   0.892600E+04  -0.561112E-08  -0.794267E-08   0.145469E-08
   0.892700E+04  -0.413976E-08  -0.628118E-08  -0.991913E-09
   0.892800E+04  -0.226837E-08  -0.396790E-08  -0.337662E-08
   0.892900E+04  -0.188803E-09  -0.123876E-08  -0.545273E-08
   0.893000E+04   0.188610E-08   0.162625E-08  -0.700332E-08
   0.893100E+04   0.374424E-08   0.433191E-08  -0.786353E-08
   0.893200E+04   0.519597E-08   0.659836E-08  -0.793773E-08
   0.893300E+04   0.609338E-08   0.819016E-08  -0.720960E-08
   0.893400E+04   0.634552E-08   0.894086E-08  -0.574424E-08
   0.893500E+04   0.592758E-08   0.877061E-08  -0.368193E-08
   0.893600E+04   0.488354E-08   0.769474E-08  -0.122420E-08
   0.893700E+04   0.332162E-08   0.582259E-08   0.138637E-08
   0.893800E+04   0.140324E-08   0.334657E-08   0.389065E-08
   0.893900E+04  -0.673402E-09   0.522494E-09   0.603921E-08
   0.894000E+04  -0.269366E-08  -0.235662E-08   0.761772E-08
   0.894100E+04  -0.444831E-08  -0.499087E-08   0.846875E-08
   0.894200E+04  -0.575500E-08  -0.710451E-08   0.850800E-08
   0.894300E+04  -0.647686E-08  -0.847473E-08   0.773293E-08
   0.894400E+04  -0.653662E-08  -0.895498E-08   0.622323E-08
   0.894500E+04  -0.592451E-08  -0.849058E-08   0.413286E-08
   0.894600E+04  -0.469937E-08  -0.712483E-08   0.167440E-08
   0.894700E+04  -0.298278E-08  -0.499501E-08  -0.902457E-09
   0.894800E+04  -0.946674E-09  -0.231865E-08  -0.333637E-08
   0.894900E+04   0.120405E-08   0.628652E-09  -0.538102E-08
   0.895000E+04   0.325240E-08   0.354144E-08  -0.683029E-08
   0.895100E+04   0.499136E-08   0.611590E-08  -0.753939E-08
   0.895200E+04   0.624494E-08   0.808130E-08  -0.743974E-08
   0.895300E+04   0.688618E-08   0.922823E-08  -0.654606E-08
   0.895400E+04   0.684999E-08   0.943057E-08  -0.495499E-08
   0.895500E+04   0.613992E-08   0.865896E-08  -0.283524E-08
   0.895600E+04   0.482775E-08   0.698444E-08  -0.410355E-09
   0.895700E+04   0.304625E-08   0.457159E-08   0.206422E-08
   0.895800E+04   0.975684E-09   0.166209E-08   0.432736E-08
   0.895900E+04  -0.117451E-08  -0.144980E-08   0.613921E-08
   0.896000E+04  -0.318703E-08  -0.444726E-08   0.730597E-08
   0.896100E+04  -0.485878E-08  -0.702345E-08   0.770007E-08
   0.896200E+04  -0.602154E-08  -0.891315E-08   0.727358E-08
   0.896300E+04  -0.655908E-08  -0.992018E-08   0.606348E-08
   0.896400E+04  -0.641895E-08  -0.993797E-08   0.418826E-08
   0.896500E+04  -0.561779E-08  -0.896082E-08   0.183609E-08
   0.896600E+04  -0.423957E-08  -0.708496E-08  -0.754207E-09
   0.896700E+04  -0.242707E-08  -0.449906E-08  -0.331743E-08
   0.896800E+04  -0.367186E-09  -0.146515E-08  -0.558913E-08
   0.896900E+04   0.172804E-08   0.170800E-08  -0.733279E-08
   0.897000E+04   0.364316E-08   0.469649E-08  -0.836419E-08
   0.897100E+04   0.518124E-08   0.719452E-08  -0.857060E-08
   0.897200E+04   0.618401E-08   0.894589E-08  -0.792273E-08
   0.897300E+04   0.654801E-08   0.977051E-08  -0.647816E-08
   0.897400E+04   0.623512E-08   0.958316E-08  -0.437591E-08
   0.897500E+04   0.527654E-08   0.840257E-08  -0.182269E-08
   0.897600E+04   0.376955E-08   0.634975E-08   0.927843E-09
   0.897700E+04   0.186763E-08   0.363591E-08   0.360069E-08
   0.897800E+04  -0.235196E-09   0.540887E-09   0.592743E-08
   0.897900E+04  -0.232416E-08  -0.261541E-08   0.767353E-08
   0.898000E+04  -0.418564E-08  -0.550589E-08   0.866232E-08
   0.898100E+04  -0.562900E-08  -0.782997E-08   0.879313E-08
   0.898200E+04  -0.650606E-08  -0.934464E-08   0.805181E-08
   0.898300E+04  -0.672621E-08  -0.988976E-08   0.651236E-08
   0.898400E+04  -0.626573E-08  -0.940478E-08   0.432965E-08
   0.898500E+04  -0.517027E-08  -0.793541E-08   0.172390E-08
   0.898600E+04  -0.355021E-08  -0.562922E-08  -0.104164E-08
   0.898700E+04  -0.156947E-08  -0.272083E-08  -0.368733E-08
   0.898800E+04   0.571141E-09   0.492008E-09  -0.594560E-08
   0.898900E+04   0.265439E-08   0.367885E-08  -0.758819E-08
   0.899000E+04   0.446871E-08   0.651053E-08  -0.844946E-08
   0.899100E+04   0.582979E-08   0.869310E-08  -0.844338E-08
   0.899200E+04   0.659933E-08   0.999829E-08  -0.757235E-08
   0.899300E+04   0.669913E-08   0.102872E-07  -0.592711E-08
   0.899400E+04   0.611912E-08   0.952528E-08  -0.367754E-08
   0.899500E+04   0.491839E-08   0.778580E-08  -0.105540E-08
   0.899600E+04   0.321916E-08   0.524325E-08   0.166929E-08
   0.899700E+04   0.119439E-08   0.215551E-08   0.421587E-08
   0.899800E+04  -0.949840E-09  -0.116224E-08   0.632172E-08
   0.899900E+04  -0.299531E-08  -0.436977E-08   0.776925E-08
   0.900000E+04  -0.473387E-08  -0.713665E-08   0.840824E-08
   0.900100E+04  -0.598866E-08  -0.917632E-08   0.817144E-08
   0.900200E+04  -0.663207E-08  -0.102757E-07   0.708156E-08
   0.900300E+04  -0.659878E-08  -0.103173E-07   0.524923E-08
   0.900400E+04  -0.589241E-08  -0.929187E-08   0.286179E-08
   0.900500E+04  -0.458507E-08  -0.729961E-08   0.164286E-09
   0.900600E+04  -0.281009E-08  -0.454035E-08  -0.256550E-08
   0.900700E+04  -0.748372E-09  -0.129340E-08  -0.504552E-08
   0.900800E+04   0.139005E-08   0.211078E-08  -0.701835E-08
   0.900900E+04   0.338741E-08   0.532437E-08  -0.827773E-08
   0.901000E+04   0.504043E-08   0.801775E-08  -0.868989E-08
   0.901100E+04   0.618103E-08   0.991343E-08  -0.820753E-08
   0.901200E+04   0.669346E-08   0.108147E-07  -0.687500E-08
   0.901300E+04   0.652610E-08   0.106259E-07  -0.482412E-08
   0.901400E+04   0.569671E-08   0.936290E-08  -0.226097E-08
   0.901500E+04   0.429060E-08   0.715146E-08   0.554820E-09
   0.901600E+04   0.245194E-08   0.421487E-08   0.333653E-08
   0.901700E+04   0.368994E-09   0.851259E-09   0.579947E-08
   0.901800E+04  -0.174509E-08  -0.259672E-08   0.769013E-08
   0.901900E+04  -0.367404E-08  -0.577697E-08   0.881220E-08
   0.902000E+04  -0.522055E-08  -0.836399E-08   0.904680E-08
   0.902100E+04  -0.622646E-08  -0.100924E-07   0.836491E-08
   0.902200E+04  -0.658888E-08  -0.107843E-07   0.683069E-08
   0.902300E+04  -0.627080E-08  -0.103677E-07   0.459524E-08
   0.902400E+04  -0.530481E-08  -0.888443E-08   0.188150E-08
   0.902500E+04  -0.378988E-08  -0.648586E-08  -0.103817E-08
   0.902600E+04  -0.188123E-08  -0.341781E-08  -0.386956E-08
   0.902700E+04   0.225456E-09   0.452721E-11  -0.632654E-08
   0.902800E+04   0.231399E-08   0.342871E-08  -0.816008E-08
   0.902900E+04   0.416977E-08   0.650122E-08  -0.918374E-08
   0.903000E+04   0.560168E-08   0.890378E-08  -0.929275E-08
   0.903100E+04   0.646164E-08   0.103862E-07  -0.847477E-08
   0.903200E+04   0.665977E-08   0.107922E-07  -0.681142E-08
   0.903300E+04   0.617361E-08   0.100760E-07  -0.447003E-08
   0.903400E+04   0.505052E-08   0.830702E-08  -0.168683E-08
   0.903500E+04   0.340290E-08   0.566356E-08   0.125704E-08
   0.903600E+04   0.139686E-08   0.241448E-08   0.406408E-08
   0.903700E+04  -0.764719E-09  -0.110794E-08   0.645071E-08
   0.903800E+04  -0.286274E-08  -0.454197E-08   0.817615E-08
   0.903900E+04  -0.468419E-08  -0.753344E-08   0.906701E-08
   0.904000E+04  -0.604387E-08  -0.977219E-08   0.903504E-08
   0.904100E+04  -0.680319E-08  -0.110240E-07   0.808620E-08
   0.904200E+04  -0.688434E-08  -0.111549E-07   0.632011E-08
   0.904300E+04  -0.627820E-08  -0.101453E-07   0.391997E-08
   0.904400E+04  -0.504532E-08  -0.809236E-08   0.113388E-08
   0.904500E+04  -0.330976E-08  -0.520054E-08  -0.175043E-08
   0.904600E+04  -0.124652E-08  -0.176084E-08  -0.443504E-08
   0.904700E+04   0.936326E-09   0.187859E-08  -0.664232E-08
   0.904800E+04   0.301872E-08   0.534796E-08  -0.814340E-08
   0.904900E+04   0.479103E-08   0.829363E-08  -0.878169E-08
   0.905000E+04   0.607539E-08   0.104143E-07  -0.848911E-08
   0.905100E+04   0.674375E-08   0.114922E-07  -0.729316E-08
   0.905200E+04   0.673091E-08   0.114152E-07  -0.531439E-08
   0.905300E+04   0.604108E-08   0.101891E-07  -0.275424E-08
   0.905400E+04   0.474746E-08   0.793687E-08   0.125417E-09
   0.905500E+04   0.298468E-08   0.488656E-08   0.302892E-08
   0.905600E+04   0.935057E-09   0.134825E-08   0.565699E-08
   0.905700E+04  -0.119005E-08  -0.231760E-08   0.773739E-08
   0.905800E+04  -0.317184E-08  -0.573691E-08   0.905282E-08
   0.905900E+04  -0.480640E-08  -0.856027E-08   0.946331E-08
   0.906000E+04  -0.592556E-08  -0.104988E-07   0.892074E-08
   0.906100E+04  -0.641408E-08  -0.113538E-07   0.747406E-08
   0.906200E+04  -0.622145E-08  -0.110374E-07   0.526453E-08
   0.906300E+04  -0.536703E-08  -0.958182E-08   0.251155E-08
   0.906400E+04  -0.393815E-08  -0.713630E-08  -0.509447E-09
   0.906500E+04  -0.208121E-08  -0.395196E-08  -0.349501E-08
   0.906600E+04   0.132792E-10  -0.356415E-09  -0.614448E-08
   0.906700E+04   0.213007E-08   0.327975E-08  -0.819066E-08
   0.906800E+04   0.405121E-08   0.658088E-08  -0.942708E-08
   0.906900E+04   0.557824E-08   0.920481E-08  -0.972912E-08
   0.907000E+04   0.655254E-08   0.108781E-07  -0.906692E-08
   0.907100E+04   0.687152E-08   0.114242E-07  -0.750847E-08
   0.907200E+04   0.649921E-08   0.107820E-07  -0.521284E-08
   0.907300E+04   0.546993E-08   0.901227E-08  -0.241413E-08
   0.907400E+04   0.388496E-08   0.629201E-08   0.602409E-09
   0.907500E+04   0.190225E-08   0.289640E-08   0.352935E-08
   0.907600E+04  -0.279583E-09  -0.828932E-09   0.606849E-08
   0.907700E+04  -0.244142E-08  -0.450322E-08   0.796130E-08
   0.907800E+04  -0.436591E-08  -0.774944E-08   0.901537E-08
   0.907900E+04  -0.585961E-08  -0.102329E-07   0.912416E-08
   0.908000E+04  -0.677258E-08  -0.116959E-07   0.827801E-08
   0.908100E+04  -0.701373E-08  -0.119840E-07   0.656518E-08
   0.908200E+04  -0.655999E-08  -0.110623E-07   0.416304E-08
   0.908300E+04  -0.545875E-08  -0.901965E-08   0.131992E-08
   0.908400E+04  -0.382293E-08  -0.605942E-08  -0.167010E-08
   0.908500E+04  -0.181958E-08  -0.247943E-08  -0.449736E-08
   0.908600E+04   0.347248E-09   0.135839E-08  -0.686824E-08
   0.908700E+04   0.245717E-08   0.506482E-08  -0.853534E-08
   0.908800E+04   0.429597E-08   0.826303E-08  -0.932294E-08
   0.908900E+04   0.567742E-08   0.106272E-07  -0.914516E-08
   0.909000E+04   0.646218E-08   0.119157E-07  -0.801505E-08
   0.909100E+04   0.657199E-08   0.119963E-07  -0.604346E-08
   0.909200E+04   0.599762E-08   0.108598E-07  -0.342805E-08
   0.909300E+04   0.479975E-08   0.862108E-08  -0.433283E-09
   0.909400E+04   0.310273E-08   0.550772E-08   0.263643E-08
   0.909500E+04   0.108186E-08   0.183702E-08   0.546770E-08
   0.909600E+04  -0.105453E-08  -0.201639E-08   0.777017E-08
   0.909700E+04  -0.308642E-08  -0.565868E-08   0.930618E-08
   0.909800E+04  -0.480450E-08  -0.871709E-08   0.991528E-08
   0.909900E+04  -0.603169E-08  -0.108781E-07   0.953072E-08
   0.910000E+04  -0.664112E-08  -0.119197E-07   0.818656E-08
   0.910100E+04  -0.656923E-08  -0.117341E-07   0.601448E-08
   0.910200E+04  -0.582220E-08  -0.103391E-07   0.323063E-08
   0.910300E+04  -0.447541E-08  -0.787647E-08   0.113791E-09
   0.910400E+04  -0.266576E-08  -0.459756E-08  -0.302282E-08
   0.910500E+04  -0.577704E-09  -0.837920E-09  -0.586333E-08
   0.910600E+04   0.157554E-08   0.301704E-08  -0.812139E-08
   0.910700E+04   0.357377E-08   0.657142E-08  -0.956925E-08
   0.910800E+04   0.521227E-08   0.945935E-08  -0.100611E-07
   0.910900E+04   0.632275E-08   0.113826E-07  -0.954795E-08
   0.911000E+04   0.679055E-08   0.121413E-07  -0.808270E-08
   0.911100E+04   0.656641E-08   0.116545E-07  -0.581490E-08
   0.911200E+04   0.567157E-08   0.996895E-08  -0.297556E-08
   0.911300E+04   0.419567E-08   0.725447E-08   0.146302E-09
   0.911400E+04   0.228766E-08   0.378684E-08   0.323307E-08
   0.911500E+04   0.140751E-09  -0.801569E-10   0.597092E-08
   0.911600E+04  -0.202731E-08  -0.395085E-08   0.808178E-08
   0.911700E+04  -0.399634E-08  -0.742810E-08   0.935177E-08
   0.911800E+04  -0.556616E-08  -0.101539E-07   0.965303E-08
   0.911900E+04  -0.657699E-08  -0.118465E-07   0.895684E-08
   0.912000E+04  -0.692570E-08  -0.123287E-07   0.733661E-08
   0.912100E+04  -0.657639E-08  -0.115473E-07   0.496041E-08
   0.912200E+04  -0.556404E-08  -0.957795E-08   0.207387E-08
   0.912300E+04  -0.399096E-08  -0.661833E-08  -0.102491E-08
   0.912400E+04  -0.201643E-08  -0.296798E-08  -0.401586E-08
   0.912500E+04   0.159518E-09   0.100203E-08  -0.658966E-08
   0.912600E+04   0.231644E-08   0.488685E-08  -0.847951E-08
   0.912700E+04   0.423590E-08   0.828917E-08  -0.948850E-08
   0.912800E+04   0.572375E-08   0.108599E-07  -0.950992E-08
   0.912900E+04   0.662978E-08   0.123340E-07  -0.853836E-08
   0.913000E+04   0.686311E-08   0.125575E-07  -0.667050E-08
   0.913100E+04   0.640134E-08   0.115042E-07  -0.409536E-08
   0.913200E+04   0.529282E-08   0.927765E-08  -0.107520E-08
   0.913300E+04   0.365173E-08   0.610174E-08   0.208120E-08
   0.913400E+04   0.164635E-08   0.229763E-08   0.505003E-08
   0.913500E+04  -0.518051E-09  -0.174872E-08   0.752558E-08
   0.913600E+04  -0.262021E-08  -0.562588E-08   0.925157E-08
   0.913700E+04  -0.444543E-08  -0.893886E-08   0.100475E-07
   0.913800E+04  -0.580747E-08  -0.113496E-07   0.982723E-08
   0.913900E+04  -0.656755E-08  -0.126114E-07   0.860824E-08
   0.914000E+04  -0.664849E-08  -0.125945E-07   0.650993E-08
   0.914100E+04  -0.604262E-08  -0.112996E-07   0.374178E-08
   0.914200E+04  -0.481248E-08  -0.885763E-08   0.582235E-09
   0.914300E+04  -0.308451E-08  -0.551701E-08  -0.264959E-08
   0.914400E+04  -0.103605E-08  -0.161825E-08  -0.562632E-08
   0.914500E+04   0.112270E-08   0.244069E-08  -0.804569E-08
   0.914600E+04   0.317016E-08   0.624492E-08  -0.966140E-08
   0.914700E+04   0.489604E-08   0.940505E-08  -0.103084E-07
   0.914800E+04   0.612278E-08   0.115970E-07  -0.991972E-08
   0.914900E+04   0.672368E-08   0.125954E-07  -0.853376E-08
   0.915000E+04   0.663593E-08   0.122965E-07  -0.629032E-08
   0.915100E+04   0.586696E-08   0.107293E-07  -0.341665E-08
   0.915200E+04   0.449379E-08   0.805249E-08  -0.204457E-09
   0.915300E+04   0.265514E-08   0.453877E-08   0.301976E-08
   0.915400E+04   0.537351E-09   0.546871E-09   0.592788E-08
   0.915500E+04  -0.164465E-08  -0.351486E-08   0.822365E-08
   0.915600E+04  -0.366924E-08  -0.723020E-08   0.967289E-08
   0.915700E+04  -0.533069E-08  -0.102176E-07   0.101275E-07
   0.915800E+04  -0.646018E-08  -0.121692E-07   0.954054E-08
   0.915900E+04  -0.694301E-08  -0.128827E-07   0.797152E-08
   0.916000E+04  -0.673028E-08  -0.122820E-07   0.558010E-08
   0.916100E+04  -0.584395E-08  -0.104251E-07   0.261018E-08
   0.916200E+04  -0.437452E-08  -0.749885E-08  -0.634874E-09
   0.916300E+04  -0.247187E-08  -0.379972E-08  -0.382310E-08
   0.916400E+04  -0.329916E-09   0.296287E-09  -0.662771E-08
   0.916500E+04   0.183316E-08   0.437188E-08  -0.876046E-08
   0.916600E+04   0.379717E-08   0.801113E-08  -0.100010E-07
   0.916700E+04   0.536245E-08   0.108420E-07  -0.102197E-07
   0.916800E+04   0.637019E-08   0.125745E-07  -0.939051E-08
   0.916900E+04   0.671873E-08   0.130304E-07  -0.759433E-08
   0.917000E+04   0.637387E-08   0.121617E-07  -0.501056E-08
   0.917100E+04   0.537248E-08   0.100560E-07  -0.189911E-08
   0.917200E+04   0.381866E-08   0.692715E-08   0.142601E-08
   0.917300E+04   0.187317E-08   0.309430E-08   0.462855E-08
   0.917400E+04  -0.262983E-09  -0.105108E-08   0.738426E-08
   0.917500E+04  -0.236909E-08  -0.508496E-08   0.941391E-08
   0.917600E+04  -0.422730E-08  -0.859409E-08   0.105117E-07
   0.917700E+04  -0.564489E-08  -0.112183E-07   0.105664E-07
   0.917800E+04  -0.647399E-08  -0.126876E-07   0.957248E-08
   0.917900E+04  -0.662678E-08  -0.128499E-07   0.763105E-08
   0.918000E+04  -0.608452E-08  -0.116865E-07   0.493936E-08
   0.918100E+04  -0.489953E-08  -0.931501E-08   0.177084E-08
   0.918200E+04  -0.319001E-08  -0.597675E-08  -0.155275E-08
   0.918300E+04  -0.112802E-08  -0.201286E-08  -0.469416E-08
   0.918400E+04   0.107800E-08   0.217067E-08  -0.733499E-08
   0.918500E+04   0.320439E-08   0.614432E-08  -0.920825E-08
   0.918600E+04   0.503505E-08   0.949897E-08  -0.101256E-07
   0.918700E+04   0.638349E-08   0.118878E-07  -0.999645E-08
   0.918800E+04   0.711178E-08   0.130621E-07  -0.883763E-08
   0.918900E+04   0.714470E-08   0.128964E-07  -0.677128E-08
   0.919000E+04   0.647736E-08   0.114023E-07  -0.401258E-08
   0.919100E+04   0.517580E-08   0.872718E-08  -0.847785E-09
   0.919200E+04   0.337029E-08   0.513938E-08   0.239511E-08
   0.919300E+04   0.124206E-08   0.100131E-08   0.537989E-08
   0.919400E+04  -0.995054E-09  -0.326748E-08   0.779663E-08
   0.919500E+04  -0.311641E-08  -0.723303E-08   0.939342E-08
   0.919600E+04  -0.490939E-08  -0.104912E-07   0.100023E-07
   0.919700E+04  -0.619501E-08  -0.127091E-07   0.955673E-08
   0.919800E+04  -0.684609E-08  -0.136590E-07   0.809832E-08
   0.919900E+04  -0.680023E-08  -0.132419E-07   0.577304E-08
   0.920000E+04  -0.606605E-08  -0.114979E-07   0.281636E-08
   0.920100E+04  -0.472226E-08  -0.860225E-08  -0.470624E-09
   0.920200E+04  -0.290959E-08  -0.484758E-08  -0.375189E-08
   0.920300E+04  -0.816369E-09  -0.614454E-09  -0.669078E-08
   0.920400E+04   0.134077E-08   0.366751E-08  -0.898438E-08
   0.920500E+04   0.333900E-08   0.756338E-08  -0.103946E-07
   0.920600E+04   0.497214E-08   0.106773E-07  -0.107728E-07
   0.920700E+04   0.607169E-08   0.126930E-07  -0.100747E-07
   0.920800E+04   0.652411E-08   0.134060E-07  -0.836585E-08
   0.920900E+04   0.628240E-08   0.127449E-07  -0.581457E-08
   0.921000E+04   0.537093E-08   0.107786E-07  -0.267536E-08
   0.921100E+04   0.388298E-08   0.770953E-08   0.736963E-09
   0.921200E+04   0.197122E-08   0.385307E-08   0.407920E-08
   0.921300E+04  -0.167925E-09  -0.394601E-09   0.701469E-08
   0.921400E+04  -0.231430E-08  -0.459689E-08   0.924754E-08
   0.921500E+04  -0.424657E-08  -0.832140E-08   0.105529E-07
   0.921600E+04  -0.576490E-08  -0.111842E-07   0.107997E-07
   0.921700E+04  -0.671136E-08  -0.128892E-07   0.996445E-08
   0.921800E+04  -0.698622E-08  -0.132584E-07   0.813347E-08
   0.921900E+04  -0.655815E-08  -0.122507E-07   0.549421E-08
   0.922000E+04  -0.546761E-08  -0.996575E-08   0.231630E-08
   0.922100E+04  -0.382274E-08  -0.663458E-08  -0.107592E-08
   0.922200E+04  -0.178847E-08  -0.259573E-08  -0.433641E-08
   0.922300E+04   0.430230E-09   0.173900E-08  -0.713273E-08
   0.922400E+04   0.260923E-08   0.592658E-08  -0.917991E-08
   0.922500E+04   0.452803E-08   0.953806E-08  -0.102696E-07
   0.922600E+04   0.599227E-08   0.122024E-07  -0.102914E-07
   0.922700E+04   0.685354E-08   0.136447E-07  -0.924406E-08
   0.922800E+04   0.702457E-08   0.137143E-07  -0.723579E-08
   0.922900E+04   0.648814E-08   0.124006E-07  -0.447322E-08
   0.923000E+04   0.529893E-08   0.983420E-08  -0.124035E-08
   0.923100E+04   0.357798E-08   0.627407E-08   0.213044E-08
   0.923200E+04   0.150041E-08   0.208119E-08   0.529233E-08
   0.923300E+04  -0.722378E-09  -0.231814E-08   0.791956E-08
   0.923400E+04  -0.286419E-08  -0.647569E-08   0.974075E-08
   0.923500E+04  -0.470709E-08  -0.996712E-08   0.105668E-07
   0.923600E+04  -0.606357E-08  -0.124353E-07   0.103101E-07
   0.923700E+04  -0.679569E-08  -0.136271E-07   0.899416E-08
   0.923800E+04  -0.682908E-08  -0.134190E-07   0.675076E-08
   0.923900E+04  -0.616056E-08  -0.118305E-07   0.380704E-08
   0.924000E+04  -0.485847E-08  -0.902199E-08   0.462274E-09
   0.924100E+04  -0.305567E-08  -0.527861E-08  -0.294260E-08
   0.924200E+04  -0.936046E-09  -0.981545E-09  -0.605976E-08
   0.924300E+04   0.128426E-08   0.343090E-08  -0.857007E-08
   0.924400E+04   0.337890E-08   0.750791E-08  -0.102158E-07
   0.924500E+04   0.513436E-08   0.108322E-07  -0.108268E-07
   0.924600E+04   0.637178E-08   0.130627E-07  -0.103387E-07
   0.924700E+04   0.696518E-08   0.139694E-07  -0.879891E-08
   0.924800E+04   0.685432E-08   0.134571E-07  -0.636244E-08
   0.924900E+04   0.605083E-08   0.115752E-07  -0.327620E-08
   0.925000E+04   0.463703E-08   0.851324E-08   0.146081E-09
   0.925100E+04   0.275754E-08   0.458111E-08   0.355574E-08
   0.925200E+04   0.604520E-09   0.178113E-09   0.660472E-08
   0.925300E+04  -0.160197E-08  -0.424794E-08   0.898104E-08
   0.925400E+04  -0.363644E-08  -0.824635E-08   0.104408E-07
   0.925500E+04  -0.529099E-08  -0.114095E-07   0.108329E-07
   0.925600E+04  -0.639657E-08  -0.134147E-07   0.101151E-07
   0.925700E+04  -0.684028E-08  -0.140570E-07   0.835786E-08
   0.925800E+04  -0.657690E-08  -0.132705E-07   0.573798E-08
   0.925900E+04  -0.563360E-08  -0.111352E-07   0.252024E-08
   0.926000E+04  -0.410716E-08  -0.786891E-08  -0.969201E-09
   0.926100E+04  -0.215415E-08  -0.380524E-08  -0.437602E-08
   0.926200E+04   0.250367E-10   0.640367E-09  -0.735383E-08
   0.926300E+04   0.220663E-08   0.501301E-08  -0.959941E-08
   0.926400E+04   0.416631E-08   0.886477E-08  -0.108838E-07
   0.926500E+04   0.570215E-08   0.118006E-07  -0.110754E-07
   0.926600E+04   0.665528E-08   0.135185E-07  -0.101539E-07
   0.926700E+04   0.692613E-08   0.138412E-07  -0.821202E-08
   0.926800E+04   0.648468E-08   0.127335E-07  -0.544656E-08
   0.926900E+04   0.537365E-08   0.103070E-07  -0.213806E-08
   0.927000E+04   0.370416E-08   0.680849E-08   0.137755E-08
   0.927100E+04   0.164456E-08   0.259479E-08   0.474322E-08
   0.927200E+04  -0.596718E-09  -0.190322E-08   0.761715E-08
   0.927300E+04  -0.279235E-08  -0.622472E-08   0.970771E-08
   0.927400E+04  -0.471923E-08  -0.992600E-08   0.108032E-07
   0.927500E+04  -0.618125E-08  -0.126258E-07   0.107935E-07
   0.927600E+04  -0.702924E-08  -0.140445E-07   0.968150E-08
   0.927700E+04  -0.717622E-08  -0.140327E-07   0.758253E-08
   0.927800E+04  -0.660633E-08  -0.125869E-07   0.471301E-08
   0.927900E+04  -0.537643E-08  -0.985023E-08   0.136822E-08
   0.928000E+04  -0.361039E-08  -0.609765E-08  -0.210784E-08
   0.928100E+04  -0.148650E-08  -0.170859E-08  -0.535755E-08
   0.928200E+04   0.780645E-09   0.287181E-08  -0.804625E-08
   0.928300E+04   0.296196E-08   0.717801E-08  -0.989655E-08
   0.928400E+04   0.483721E-08   0.107715E-07  -0.107167E-07
   0.928500E+04   0.621740E-08   0.132857E-07  -0.104205E-07
   0.928600E+04   0.696399E-08   0.144632E-07  -0.903603E-08
   0.928700E+04   0.700300E-08   0.141825E-07  -0.670314E-08
   0.928800E+04   0.633254E-08   0.124705E-07  -0.365926E-08
   0.928900E+04   0.502292E-08   0.949968E-08  -0.215308E-09
   0.929000E+04   0.320948E-08   0.557109E-08   0.327600E-08
   0.929100E+04   0.107876E-08   0.108355E-08   0.645611E-08
   0.929200E+04  -0.115058E-08  -0.350688E-08   0.899733E-08
   0.929300E+04  -0.325010E-08  -0.773331E-08   0.106363E-07
   0.929400E+04  -0.500485E-08  -0.111657E-07   0.112011E-07
   0.929500E+04  -0.623541E-08  -0.134548E-07   0.106288E-07
   0.929600E+04  -0.681618E-08  -0.143678E-07   0.897262E-08
   0.929700E+04  -0.668820E-08  -0.138122E-07   0.639607E-08
   0.929800E+04  -0.586522E-08  -0.118454E-07   0.315696E-08
   0.929900E+04  -0.443228E-08  -0.866890E-08  -0.418838E-09
   0.930000E+04  -0.253705E-08  -0.460800E-08  -0.397047E-08
   0.930100E+04  -0.374731E-09  -0.784638E-10  -0.713878E-08
   0.930200E+04   0.183188E-08   0.445578E-08  -0.960287E-08
   0.930300E+04   0.385515E-08   0.853007E-08  -0.111128E-07
   0.930400E+04   0.548595E-08   0.117265E-07  -0.115152E-07
   0.930500E+04   0.655498E-08   0.137166E-07  -0.107689E-07
   0.930600E+04   0.695023E-08   0.142953E-07  -0.894916E-08
   0.930700E+04   0.662842E-08   0.134017E-07  -0.624036E-08
   0.930800E+04   0.561958E-08   0.111258E-07  -0.291705E-08
   0.930900E+04   0.402404E-08   0.769910E-08   0.683813E-09
   0.931000E+04   0.200231E-08   0.347156E-08   0.419719E-08
   0.931100E+04  -0.241225E-09  -0.112441E-08   0.726708E-08
   0.931200E+04  -0.247908E-08  -0.561793E-08   0.958285E-08
   0.931300E+04  -0.448383E-08  -0.954776E-08   0.109108E-07
   0.931400E+04  -0.605133E-08  -0.125095E-07   0.111182E-07
   0.931500E+04  -0.702147E-08  -0.141972E-07   0.101865E-07
   0.931600E+04  -0.729460E-08  -0.144344E-07   0.821367E-08
   0.931700E+04  -0.684167E-08  -0.131930E-07   0.540373E-08
   0.931800E+04  -0.570731E-08  -0.105958E-07   0.204630E-08
   0.931900E+04  -0.400530E-08  -0.690464E-08  -0.151313E-08
   0.932000E+04  -0.190705E-08  -0.249370E-08  -0.490851E-08
   0.932100E+04   0.375777E-09   0.218852E-08  -0.779066E-08
   0.932200E+04   0.261284E-08   0.666488E-08  -0.986301E-08
   0.932300E+04   0.457847E-08   0.104783E-07  -0.109119E-07
   0.932400E+04   0.607471E-08   0.132383E-07  -0.108288E-07
   0.932500E+04   0.695134E-08   0.146613E-07  -0.962106E-08
   0.932600E+04   0.712125E-08   0.145995E-07  -0.741170E-08
   0.932700E+04   0.656921E-08   0.130562E-07  -0.442673E-08
   0.932800E+04   0.535344E-08   0.101858E-07  -0.972206E-09
   0.932900E+04   0.359958E-08   0.627808E-08   0.259704E-08
   0.933000E+04   0.148790E-08   0.172911E-08   0.591364E-08
   0.933100E+04  -0.765152E-09  -0.299928E-08   0.863531E-08
   0.933200E+04  -0.292902E-08  -0.742640E-08   0.104799E-07
   0.933300E+04  -0.478263E-08  -0.111017E-07   0.112546E-07
   0.933400E+04  -0.613688E-08  -0.136510E-07   0.108755E-07
   0.933500E+04  -0.685403E-08  -0.148142E-07   0.937675E-08
   0.933600E+04  -0.686169E-08  -0.144726E-07   0.690722E-08
   0.933700E+04  -0.616024E-08  -0.126608E-07   0.371554E-08
   0.933800E+04  -0.482274E-08  -0.956334E-08   0.124960E-09
   0.933900E+04  -0.298748E-08  -0.549593E-08  -0.349947E-08
   0.934000E+04  -0.843815E-09  -0.873589E-09  -0.678806E-08
   0.934100E+04   0.138722E-08   0.383183E-08  -0.940419E-08
   0.934200E+04   0.347554E-08   0.813971E-08  -0.110787E-07
   0.934300E+04   0.520555E-08   0.116098E-07  -0.116374E-07
   0.934400E+04   0.639825E-08   0.138870E-07  -0.110192E-07
   0.934500E+04   0.692963E-08   0.147381E-07  -0.928228E-08
   0.934600E+04   0.674340E-08   0.140754E-07  -0.659864E-08
   0.934700E+04   0.585683E-08   0.119658E-07  -0.323666E-08
   0.934800E+04   0.435912E-08   0.862439E-08   0.465961E-09
   0.934900E+04   0.240234E-08   0.439224E-08   0.413648E-08
   0.935000E+04   0.185994E-09  -0.298054E-09   0.740495E-08
   0.935100E+04  -0.206331E-08  -0.496666E-08   0.994175E-08
   0.935200E+04  -0.411497E-08  -0.913546E-08   0.114912E-07
   0.935300E+04  -0.575798E-08  -0.123770E-07   0.118976E-07
   0.935400E+04  -0.682245E-08  -0.143581E-07   0.111209E-07
   0.935500E+04  -0.719708E-08  -0.148743E-07   0.924105E-08
   0.935600E+04  -0.684058E-08  -0.138707E-07   0.644985E-08
   0.935700E+04  -0.578604E-08  -0.114479E-07   0.303131E-08
   0.935800E+04  -0.413765E-08  -0.785187E-08  -0.667160E-09
   0.935900E+04  -0.206021E-08  -0.344898E-08  -0.427013E-08
   0.936000E+04   0.237523E-09   0.131128E-08  -0.741241E-08
   0.936100E+04   0.252407E-08   0.594215E-08  -0.977622E-08
   0.936200E+04   0.456871E-08   0.996933E-08  -0.111236E-07
   0.936300E+04   0.616493E-08   0.129795E-07  -0.113207E-07
   0.936400E+04   0.715150E-08   0.146626E-07  -0.103513E-07
   0.936500E+04   0.742879E-08   0.148438E-07  -0.831848E-08
   0.936600E+04   0.696905E-08   0.135017E-07  -0.543403E-08
   0.936700E+04   0.581913E-08   0.107703E-07  -0.199684E-08
   0.936800E+04   0.409585E-08   0.692608E-08   0.163775E-08
   0.936900E+04   0.197404E-08   0.235972E-08   0.509425E-08
   0.937000E+04  -0.331179E-09  -0.246359E-08   0.801556E-08
   0.937100E+04  -0.258632E-08  -0.705157E-08   0.100994E-07
   0.937200E+04  -0.456327E-08  -0.109350E-07   0.111296E-07
   0.937300E+04  -0.606247E-08  -0.137159E-07   0.109980E-07
   0.937400E+04  -0.693326E-08  -0.151080E-07   0.971564E-08
   0.937500E+04  -0.708917E-08  -0.149663E-07   0.741218E-08
   0.937600E+04  -0.651666E-08  -0.133022E-07   0.432232E-08
   0.937700E+04  -0.527654E-08  -0.102822E-07   0.762087E-09
   0.937800E+04  -0.349761E-08  -0.621182E-08  -0.290342E-08
   0.937900E+04  -0.136357E-08  -0.150378E-08  -0.629736E-08
   0.938000E+04   0.905803E-09   0.336333E-08  -0.906972E-08
   0.938100E+04   0.307711E-08   0.789407E-08  -0.109332E-07
   0.938200E+04   0.492718E-08   0.116266E-07  -0.116927E-07
   0.938300E+04   0.626588E-08   0.141799E-07  -0.112656E-07
   0.938400E+04   0.695554E-08   0.152928E-07  -0.969022E-08
   0.938500E+04   0.692504E-08   0.148506E-07  -0.712239E-08
   0.938600E+04   0.617708E-08   0.128970E-07  -0.381967E-08
   0.938700E+04   0.478794E-08   0.963002E-08  -0.115282E-09
   0.938800E+04   0.289969E-08   0.538177E-08   0.361573E-08
   0.938900E+04   0.705703E-09   0.584738E-09   0.699466E-08
   0.939000E+04  -0.156911E-08  -0.427223E-08   0.967781E-08
   0.939100E+04  -0.369127E-08  -0.869376E-08   0.113915E-07
   0.939200E+04  -0.544260E-08  -0.122285E-07   0.119602E-07
   0.939300E+04  -0.664257E-08  -0.145153E-07   0.113244E-07
   0.939400E+04  -0.716675E-08  -0.153200E-07   0.954710E-08
   0.939500E+04  -0.695963E-08  -0.145598E-07   0.680732E-08
   0.939600E+04  -0.604033E-08  -0.123115E-07   0.338216E-08
   0.939700E+04  -0.450072E-08  -0.880414E-08  -0.381307E-09
   0.939800E+04  -0.249619E-08  -0.439547E-08  -0.410135E-08
   0.939900E+04  -0.229756E-09   0.464185E-09  -0.740037E-08
   0.940000E+04   0.206853E-08   0.527798E-08  -0.994340E-08
   0.940100E+04   0.416505E-08   0.955319E-08  -0.114722E-07
   0.940200E+04   0.584647E-08   0.128516E-07  -0.118318E-07
   0.940300E+04   0.694146E-08   0.148342E-07  -0.109860E-07
   0.940400E+04   0.733825E-08   0.152960E-07  -0.902150E-08
   0.940500E+04   0.699606E-08   0.141875E-07  -0.613909E-08
   0.940600E+04   0.594926E-08   0.116191E-07  -0.263307E-08
   0.940700E+04   0.430397E-08   0.785083E-08   0.113853E-08
   0.940800E+04   0.222728E-08   0.326556E-08   0.479048E-08
   0.940900E+04  -0.698008E-10  -0.166985E-08   0.794960E-08
   0.941000E+04  -0.235380E-08  -0.645211E-08   0.102928E-07
   0.941100E+04  -0.439258E-08  -0.105929E-07   0.115802E-07
   0.941200E+04  -0.597901E-08  -0.136686E-07   0.116795E-07
   0.941300E+04  -0.695213E-08  -0.153640E-07   0.105795E-07
   0.941400E+04  -0.721352E-08  -0.155040E-07   0.839170E-08
   0.941500E+04  -0.673744E-08  -0.140722E-07   0.533855E-08
   0.941600E+04  -0.557339E-08  -0.112126E-07   0.173111E-08
   0.941700E+04  -0.384118E-08  -0.721490E-08  -0.206272E-08
   0.941800E+04  -0.171863E-08  -0.248521E-08  -0.565567E-08
   0.941900E+04   0.576480E-09   0.249525E-08  -0.868063E-08
   0.942000E+04   0.280870E-08   0.721927E-08  -0.108281E-07
   0.942100E+04   0.474888E-08   0.112054E-07  -0.118780E-07
   0.942200E+04   0.619763E-08   0.140472E-07  -0.117217E-07
   0.942300E+04   0.700567E-08   0.154546E-07  -0.103739E-07
   0.942400E+04   0.708911E-08   0.152842E-07  -0.797059E-08
   0.942500E+04   0.643808E-08   0.135532E-07  -0.475573E-08
   0.942600E+04   0.511779E-08   0.104386E-07  -0.105611E-08
   0.942700E+04   0.326194E-08   0.625908E-08   0.275182E-08
   0.942800E+04   0.105911E-08   0.144223E-08   0.628029E-08
   0.942900E+04  -0.126644E-08  -0.351857E-08   0.916989E-08
   0.943000E+04  -0.347758E-08  -0.811475E-08   0.111262E-07
   0.943100E+04  -0.534855E-08  -0.118744E-07   0.119498E-07
   0.943200E+04  -0.668797E-08  -0.144105E-07   0.115571E-07
   0.943300E+04  -0.735842E-08  -0.154608E-07   0.998838E-08
   0.943400E+04  -0.729044E-08  -0.149145E-07   0.740411E-08
   0.943500E+04  -0.648974E-08  -0.128240E-07   0.406861E-08
   0.943600E+04  -0.503661E-08  -0.939959E-08   0.323066E-09
   0.943700E+04  -0.307784E-08  -0.498834E-08  -0.344927E-08
   0.943800E+04  -0.811749E-09  -0.387218E-10  -0.686219E-08
   0.943900E+04   0.153196E-08   0.494500E-08  -0.956601E-08
   0.944000E+04   0.371560E-08   0.945421E-08  -0.112834E-07
   0.944100E+04   0.551776E-08   0.130279E-07  -0.118375E-07
   0.944200E+04   0.675582E-08   0.152997E-07  -0.111708E-07
   0.944300E+04   0.730464E-08   0.160356E-07  -0.935020E-08
   0.944400E+04   0.710928E-08   0.151579E-07  -0.656110E-08
   0.944500E+04   0.619065E-08   0.127533E-07  -0.308818E-08
   0.944600E+04   0.464342E-08   0.906434E-08   0.713434E-09
   0.944700E+04   0.262633E-08   0.446493E-08   0.445442E-08
   0.944800E+04   0.346028E-09  -0.577837E-09   0.775097E-08
   0.944900E+04  -0.196398E-08  -0.555113E-08   0.102640E-07
   0.945000E+04  -0.406718E-08  -0.994868E-08   0.117340E-07
   0.945100E+04  -0.574819E-08  -0.133225E-07   0.120073E-07
   0.945200E+04  -0.683474E-08  -0.153285E-07   0.110524E-07
   0.945300E+04  -0.721530E-08  -0.157621E-07   0.896287E-08
   0.945400E+04  -0.685047E-08  -0.145787E-07   0.594840E-08
   0.945500E+04  -0.577707E-08  -0.118991E-07   0.231328E-08
   0.945600E+04  -0.410440E-08  -0.799666E-08  -0.157438E-08
   0.945700E+04  -0.200312E-08  -0.326996E-08  -0.532015E-08
   0.945800E+04   0.312116E-09   0.179784E-08  -0.854348E-08
   0.945900E+04   0.260455E-08   0.668828E-08  -0.109165E-07
   0.946000E+04   0.463950E-08   0.109005E-07  -0.121974E-07
   0.946100E+04   0.620829E-08   0.140023E-07  -0.122555E-07
   0.946200E+04   0.714960E-08   0.156745E-07  -0.110842E-07
   0.946300E+04   0.736596E-08   0.157437E-07  -0.880226E-08
   0.946400E+04   0.683372E-08   0.141999E-07  -0.564135E-08
   0.946500E+04   0.560557E-08   0.111979E-07  -0.192284E-08
   0.946600E+04   0.380520E-08   0.704174E-08   0.197507E-08
   0.946700E+04   0.161473E-08   0.215354E-08   0.565581E-08
   0.946800E+04  -0.743792E-09  -0.296907E-08   0.874489E-08
   0.946900E+04  -0.303102E-08  -0.780396E-08   0.109281E-07
   0.947000E+04  -0.501472E-08  -0.118576E-07   0.119837E-07
   0.947100E+04  -0.649340E-08  -0.147157E-07   0.118049E-07
   0.947200E+04  -0.731692E-08  -0.160854E-07   0.104110E-07
   0.947300E+04  -0.740180E-08  -0.158252E-07   0.794551E-08
   0.947400E+04  -0.673978E-08  -0.139599E-07   0.466132E-08
   0.947500E+04  -0.539864E-08  -0.106782E-07   0.895258E-09
   0.947600E+04  -0.351538E-08  -0.631325E-08  -0.296645E-08
   0.947700E+04  -0.128224E-08  -0.130930E-08  -0.652755E-08
   0.947800E+04   0.107288E-08   0.382387E-08  -0.942220E-08
   0.947900E+04   0.330967E-08   0.856275E-08  -0.113525E-07
   0.948000E+04   0.519990E-08   0.124236E-07  -0.121187E-07
   0.948100E+04   0.655073E-08   0.150117E-07  -0.116403E-07
   0.948200E+04   0.722436E-08   0.160621E-07  -0.996357E-08
   0.948300E+04   0.715218E-08   0.154663E-07  -0.725771E-08
   0.948400E+04   0.634171E-08   0.132840E-07  -0.379728E-08
   0.948500E+04   0.487593E-08   0.973668E-08   0.656098E-10
   0.948600E+04   0.290480E-08   0.518564E-08   0.393716E-08
   0.948700E+04   0.629973E-09   0.948659E-10   0.742208E-08
   0.948800E+04  -0.171574E-08  -0.501603E-08   0.101639E-07
   0.948900E+04  -0.389215E-08  -0.962485E-08   0.118816E-07
   0.949000E+04  -0.567621E-08  -0.132601E-07   0.123980E-07
   0.949100E+04  -0.688482E-08  -0.155493E-07   0.116585E-07
   0.949200E+04  -0.739348E-08  -0.162568E-07   0.973632E-08
   0.949300E+04  -0.714914E-08  -0.153085E-07   0.682544E-08
   0.949400E+04  -0.617556E-08  -0.127989E-07   0.322090E-08
   0.949500E+04  -0.457101E-08  -0.898239E-08  -0.711230E-09
   0.949600E+04  -0.249823E-08  -0.424675E-08  -0.457108E-08
   0.949700E+04  -0.167911E-09   0.925839E-09  -0.796574E-08
   0.949800E+04   0.218284E-08   0.600815E-08  -0.105494E-07
   0.949900E+04   0.431465E-08   0.104816E-07  -0.120585E-07
   0.950000E+04   0.601031E-08   0.138893E-07  -0.123390E-07
   0.950100E+04   0.709700E-08   0.158826E-07  -0.113619E-07
   0.950200E+04   0.746393E-08   0.162570E-07  -0.922623E-08
   0.950300E+04   0.707372E-08   0.149729E-07  -0.614949E-08
   0.950400E+04   0.596624E-08   0.121603E-07  -0.244511E-08
   0.950500E+04   0.425458E-08   0.810509E-08   0.150924E-08
   0.950600E+04   0.211363E-08   0.322039E-08   0.531018E-08
   0.950700E+04  -0.237836E-09  -0.199555E-08   0.856976E-08
   0.950800E+04  -0.255938E-08  -0.701022E-08   0.109551E-07
   0.950900E+04  -0.461347E-08  -0.113111E-07   0.122222E-07
   0.951000E+04  -0.618974E-08  -0.144582E-07   0.122414E-07
   0.951100E+04  -0.712650E-08  -0.161288E-07   0.110099E-07
   0.951200E+04  -0.732725E-08  -0.161507E-07   0.865296E-08
   0.951300E+04  -0.677065E-08  -0.145200E-07   0.541059E-08
   0.951400E+04  -0.551273E-08  -0.114016E-07   0.161346E-08
   0.951500E+04  -0.368124E-08  -0.711248E-08  -0.235095E-08
   0.951600E+04  -0.146275E-08  -0.208970E-08  -0.607784E-08
   0.951700E+04   0.916403E-09   0.315430E-08  -0.918639E-08
   0.951800E+04   0.321313E-08   0.808382E-08  -0.113587E-07
   0.951900E+04   0.519238E-08   0.121946E-07  -0.123724E-07
   0.952000E+04   0.665111E-08   0.150655E-07  -0.121232E-07
   0.952100E+04   0.743906E-08   0.164012E-07  -0.106358E-07
   0.952200E+04   0.747410E-08   0.160631E-07  -0.806156E-08
   0.952300E+04   0.675068E-08   0.140828E-07  -0.466288E-08
   0.952400E+04   0.534048E-08   0.106601E-07  -0.786679E-09
   0.952500E+04   0.338518E-08   0.614203E-08   0.317106E-08
   0.952600E+04   0.108209E-08   0.987718E-09   0.680570E-08
   0.952700E+04  -0.133590E-08  -0.427806E-08   0.974530E-08
   0.952800E+04  -0.362400E-08  -0.911861E-08   0.116887E-07
   0.952900E+04  -0.555044E-08  -0.130400E-07   0.124363E-07
   0.953000E+04  -0.692009E-08  -0.156415E-07   0.119106E-07
   0.953100E+04  -0.759429E-08  -0.166565E-07   0.101643E-07
   0.953200E+04  -0.750503E-08  -0.159802E-07   0.737507E-08
   0.953300E+04  -0.666190E-08  -0.136800E-07   0.382745E-08
   0.953400E+04  -0.515107E-08  -0.998887E-08  -0.116032E-09
   0.953500E+04  -0.312660E-08  -0.528209E-08  -0.405185E-08
   0.953600E+04  -0.794670E-09  -0.386975E-10  -0.757664E-08
   0.953700E+04   0.160735E-08   0.520715E-08  -0.103284E-07
   0.953800E+04   0.383514E-08   0.992066E-08  -0.120237E-07
   0.953900E+04   0.566231E-08   0.136210E-07  -0.124865E-07
   0.954000E+04   0.690350E-08   0.159303E-07  -0.116664E-07
   0.954100E+04   0.743322E-08   0.166127E-07  -0.964420E-08
   0.954200E+04   0.719874E-08   0.155978E-07  -0.662347E-08
   0.954300E+04   0.622536E-08   0.129887E-07  -0.291024E-08
   0.954400E+04   0.461389E-08   0.905139E-08   0.111820E-08
   0.954500E+04   0.253033E-08   0.418746E-08   0.505163E-08
   0.954600E+04   0.188906E-09  -0.110652E-08   0.848876E-08
   0.954700E+04  -0.216978E-08  -0.628974E-08   0.110781E-07
   0.954800E+04  -0.430338E-08  -0.108323E-07   0.125540E-07
   0.954900E+04  -0.599251E-08  -0.142695E-07   0.127637E-07
   0.955000E+04  -0.706324E-08  -0.162491E-07   0.116831E-07
   0.955100E+04  -0.740486E-08  -0.165677E-07   0.941940E-08
   0.955200E+04  -0.698123E-08  -0.151915E-07   0.620046E-08
   0.955300E+04  -0.583457E-08  -0.122597E-07   0.235145E-08
   0.955400E+04  -0.408113E-08  -0.807100E-08  -0.173798E-08
   0.955500E+04  -0.189944E-08  -0.305270E-08  -0.565338E-08
   0.955600E+04   0.487939E-09   0.228260E-08  -0.899773E-08
   0.955700E+04   0.283709E-08   0.738931E-08  -0.114318E-07
   0.955800E+04   0.490764E-08   0.117446E-07  -0.127089E-07
   0.955900E+04   0.648733E-08   0.149019E-07  -0.126999E-07
   0.956000E+04   0.741374E-08   0.165364E-07  -0.114066E-07
   0.956100E+04   0.759091E-08   0.164787E-07  -0.896133E-08
   0.956200E+04   0.699920E-08   0.147321E-07  -0.561397E-08
   0.956300E+04   0.569743E-08   0.114726E-07  -0.170611E-08
   0.956400E+04   0.381693E-08   0.703090E-08   0.236358E-08
   0.956500E+04   0.154823E-08   0.185919E-08   0.618001E-08
   0.956600E+04  -0.878297E-09  -0.351523E-08   0.935401E-08
   0.956700E+04  -0.321589E-08  -0.854351E-08   0.115621E-07
   0.956800E+04  -0.522656E-08  -0.127114E-07   0.125795E-07
   0.956900E+04  -0.670532E-08  -0.155915E-07   0.123030E-07
   0.957000E+04  -0.750114E-08  -0.168877E-07   0.107617E-07
   0.957100E+04  -0.753239E-08  -0.164647E-07   0.811420E-08
   0.957200E+04  -0.679518E-08  -0.143628E-07   0.463202E-08
   0.957300E+04  -0.536387E-08  -0.107933E-07   0.672299E-09
   0.957400E+04  -0.338352E-08  -0.611797E-08  -0.335882E-08
   0.957500E+04  -0.105517E-08  -0.811577E-09  -0.704768E-08
   0.957600E+04   0.138458E-08   0.458599E-08  -0.100154E-07
   0.957700E+04   0.368767E-08   0.952486E-08  -0.119567E-07
   0.957800E+04   0.561982E-08   0.135012E-07  -0.126710E-07
   0.957900E+04   0.698436E-08   0.161088E-07  -0.120833E-07
   0.958000E+04   0.764232E-08   0.170805E-07  -0.102520E-07
   0.958100E+04   0.752655E-08   0.163154E-07  -0.736278E-08
   0.958200E+04   0.664857E-08   0.138898E-07  -0.370997E-08
   0.958300E+04   0.509743E-08   0.100491E-07   0.333375E-09
   0.958400E+04   0.303058E-08   0.518322E-08   0.435358E-08
   0.958500E+04   0.657886E-09  -0.213178E-09   0.793858E-08
   0.958600E+04  -0.177980E-08  -0.559100E-08   0.107201E-07
   0.958700E+04  -0.403519E-08  -0.104027E-07   0.124111E-07
   0.958800E+04  -0.587977E-08  -0.141581E-07   0.128359E-07
   0.958900E+04  -0.712707E-08  -0.164744E-07   0.119474E-07
   0.959000E+04  -0.765171E-08  -0.171155E-07   0.983277E-08
   0.959100E+04  -0.740216E-08  -0.160160E-07   0.670471E-08
   0.959200E+04  -0.640594E-08  -0.132879E-07   0.287968E-08
   0.959300E+04  -0.476685E-08  -0.920946E-08  -0.125398E-08
   0.959400E+04  -0.265426E-08  -0.419687E-08  -0.527566E-08
   0.959500E+04  -0.285857E-09   0.123825E-08  -0.877526E-08
   0.959600E+04   0.209468E-08   0.654095E-08  -0.113950E-07
   0.959700E+04   0.424259E-08   0.111696E-07  -0.128661E-07
   0.959800E+04   0.593707E-08   0.146514E-07  -0.130362E-07
   0.959900E+04   0.700390E-08   0.166302E-07  -0.118848E-07
   0.960000E+04   0.733331E-08   0.169037E-07  -0.952620E-08
   0.960100E+04   0.689125E-08   0.154437E-07  -0.619725E-08
   0.960200E+04   0.572291E-08   0.123992E-07  -0.223392E-08
   0.960300E+04   0.394820E-08   0.808134E-08   0.196300E-08
   0.960400E+04   0.174953E-08   0.293192E-08   0.596860E-08
   0.960500E+04  -0.646802E-09  -0.252199E-08   0.937704E-08
   0.960600E+04  -0.299374E-08  -0.772163E-08   0.118429E-07
   0.960700E+04  -0.504870E-08  -0.121337E-07   0.131163E-07
   0.960800E+04  -0.659846E-08  -0.153050E-07   0.130684E-07
   0.960900E+04  -0.748098E-08  -0.169087E-07   0.117046E-07
   0.961000E+04  -0.760210E-08  -0.167780E-07   0.916405E-08
   0.961100E+04  -0.694532E-08  -0.149234E-07   0.570530E-08
   0.961200E+04  -0.557361E-08  -0.115318E-07   0.168025E-08
   0.961300E+04  -0.362317E-08  -0.694747E-08  -0.250183E-08
   0.961400E+04  -0.128967E-08  -0.163741E-08  -0.641593E-08
   0.961500E+04   0.119157E-08   0.385649E-08  -0.966465E-08
   0.961600E+04   0.356951E-08   0.897266E-08  -0.119187E-07
   0.961700E+04   0.560289E-08   0.131872E-07  -0.129503E-07
   0.961800E+04   0.708486E-08   0.160673E-07  -0.126568E-07
   0.961900E+04   0.786405E-08   0.173161E-07  -0.110705E-07
   0.962000E+04   0.786007E-08   0.168024E-07  -0.835595E-08
   0.962100E+04   0.707176E-08   0.145751E-07  -0.479268E-08
   0.962200E+04   0.557745E-08   0.108580E-07  -0.746846E-09
   0.962300E+04   0.352702E-08   0.602720E-08   0.336631E-08
   0.962400E+04   0.112681E-08   0.573315E-09   0.712485E-08
   0.962500E+04  -0.138136E-08  -0.494886E-08   0.101433E-07
   0.962600E+04  -0.374467E-08  -0.997666E-08   0.121122E-07
   0.962700E+04  -0.572501E-08  -0.139970E-07   0.128295E-07
   0.962800E+04  -0.712315E-08  -0.165987E-07   0.122218E-07
   0.962900E+04  -0.779896E-08  -0.175147E-07   0.103512E-07
   0.963000E+04  -0.768564E-08  -0.166493E-07   0.740968E-08
   0.963100E+04  -0.679649E-08  -0.140884E-07   0.369919E-08
   0.963200E+04  -0.522350E-08  -0.100906E-07  -0.399148E-09
   0.963300E+04  -0.312797E-08  -0.506113E-08  -0.446396E-08
   0.963400E+04  -0.724046E-09   0.489023E-09  -0.807679E-08
   0.963500E+04   0.174312E-08   0.599548E-08  -0.108649E-07
   0.963600E+04   0.402237E-08   0.108978E-07  -0.125397E-07
   0.963700E+04   0.588207E-08   0.146966E-07  -0.129260E-07
   0.963800E+04   0.713379E-08   0.170047E-07  -0.119806E-07
   0.963900E+04   0.765143E-08   0.175863E-07  -0.979673E-08
   0.964000E+04   0.738403E-08   0.163816E-07  -0.659464E-08
   0.964100E+04   0.636096E-08   0.135128E-07  -0.269939E-08
   0.964200E+04   0.468883E-08   0.927185E-08   0.149221E-08
   0.964300E+04   0.254057E-08   0.409060E-08   0.555207E-08
   0.964400E+04   0.137684E-09  -0.150289E-08   0.906454E-08
   0.964500E+04  -0.227236E-08  -0.693827E-08   0.116689E-07
   0.964600E+04  -0.444150E-08  -0.116611E-07   0.130961E-07
   0.964700E+04  -0.614645E-08  -0.151893E-07   0.131970E-07
   0.964800E+04  -0.721155E-08  -0.171626E-07   0.119571E-07
   0.964900E+04  -0.752675E-08  -0.173791E-07   0.949868E-08
   0.965000E+04  -0.705893E-08  -0.158162E-07   0.606845E-08
   0.965100E+04  -0.585527E-08  -0.126330E-07   0.201268E-08
   0.965200E+04  -0.403854E-08  -0.815400E-08  -0.225806E-08
   0.965300E+04  -0.179449E-08  -0.283624E-08  -0.631055E-08
   0.965400E+04   0.647021E-09   0.277731E-08  -0.973312E-08
   0.965500E+04   0.303557E-08   0.811315E-08  -0.121776E-07
   0.965600E+04   0.512578E-08   0.126258E-07  -0.133948E-07
   0.965700E+04   0.670237E-08   0.158536E-07  -0.132601E-07
   0.965800E+04   0.760230E-08   0.174657E-07  -0.117864E-07
   0.965900E+04   0.773145E-08   0.172962E-07  -0.912264E-08
   0.966000E+04   0.707436E-08   0.153612E-07  -0.553903E-08
   0.966100E+04   0.569588E-08   0.118570E-07  -0.139956E-08
   0.966200E+04   0.373471E-08   0.714070E-08   0.287506E-08
   0.966300E+04   0.138926E-08   0.169339E-08   0.685014E-08
   0.966400E+04  -0.110247E-08  -0.392864E-08   0.101213E-07
   0.966500E+04  -0.348718E-08  -0.915073E-08   0.123558E-07
   0.966600E+04  -0.552206E-08  -0.134386E-07   0.133263E-07
   0.966700E+04  -0.699962E-08  -0.163528E-07   0.129342E-07
   0.966800E+04  -0.776888E-08  -0.175939E-07   0.112198E-07
   0.966900E+04  -0.775084E-08  -0.170332E-07   0.835839E-08
   0.967000E+04  -0.694659E-08  -0.147259E-07   0.464201E-08
   0.967100E+04  -0.543733E-08  -0.109059E-07   0.450199E-09
   0.967200E+04  -0.337612E-08  -0.596183E-08  -0.378891E-08
   0.967300E+04  -0.972377E-09  -0.397675E-09  -0.764215E-08
   0.967400E+04   0.152944E-08   0.521856E-08  -0.107155E-07
   0.967500E+04   0.387472E-08   0.103128E-07  -0.126945E-07
   0.967600E+04   0.582461E-08   0.143637E-07  -0.133760E-07
   0.967700E+04   0.718045E-08   0.169555E-07  -0.126892E-07
   0.967800E+04   0.780395E-08   0.178212E-07  -0.107031E-07
   0.967900E+04   0.763142E-08   0.168694E-07  -0.761923E-08
   0.968000E+04   0.668023E-08   0.141944E-07  -0.375127E-08
   0.968100E+04   0.504715E-08   0.100662E-07   0.506803E-09
   0.968200E+04   0.289850E-08   0.490345E-08   0.472094E-08
   0.968300E+04   0.453204E-09  -0.769010E-09   0.846132E-08
   0.968400E+04  -0.203943E-08  -0.637391E-08   0.113462E-07
   0.968500E+04  -0.432517E-08  -0.113402E-07   0.130808E-07
   0.968600E+04  -0.617076E-08  -0.151616E-07   0.134878E-07
   0.968700E+04  -0.738772E-08  -0.174478E-07   0.125251E-07
   0.968800E+04  -0.785157E-08  -0.179651E-07   0.102903E-07
   0.968900E+04  -0.751459E-08  -0.166598E-07   0.701100E-08
   0.969000E+04  -0.641066E-08  -0.136643E-07   0.302165E-08
   0.969100E+04  -0.465191E-08  -0.928340E-08  -0.127078E-08
   0.969200E+04  -0.241728E-08  -0.396360E-08  -0.542810E-08
   0.969300E+04   0.657146E-10   0.175251E-08  -0.902569E-08
   0.969400E+04   0.254412E-08   0.728149E-08  -0.116959E-07
   0.969500E+04   0.476537E-08   0.120586E-07  -0.131655E-07
   0.969600E+04   0.650303E-08   0.155955E-07  -0.132838E-07
   0.969700E+04   0.757993E-08   0.175300E-07  -0.120381E-07
   0.969800E+04   0.788620E-08   0.176635E-07  -0.955511E-08
   0.969900E+04   0.739059E-08   0.159811E-07  -0.608797E-08
   0.970000E+04   0.614359E-08   0.126533E-07  -0.199065E-08
   0.970100E+04   0.427239E-08   0.801913E-08   0.231819E-08
   0.970200E+04   0.196790E-08   0.255112E-08   0.639790E-08
   0.970300E+04  -0.534733E-09  -0.319240E-08   0.983085E-08
   0.970400E+04  -0.298006E-08  -0.862439E-08   0.122651E-07
   0.970500E+04  -0.511841E-08  -0.131890E-07   0.134504E-07
   0.970600E+04  -0.673140E-08  -0.164185E-07   0.132640E-07
   0.970700E+04  -0.765421E-08  -0.179808E-07   0.117229E-07
   0.970800E+04  -0.779246E-08  -0.177140E-07   0.898287E-08
   0.970900E+04  -0.713184E-08  -0.156425E-07   0.532209E-08
   0.971000E+04  -0.573966E-08  -0.119753E-07   0.111323E-08
   0.971100E+04  -0.375802E-08  -0.708442E-08  -0.321467E-08
   0.971200E+04  -0.138931E-08  -0.146728E-08  -0.721988E-08
   0.971300E+04   0.112439E-08   0.430399E-08  -0.104932E-07
   0.971400E+04   0.352599E-08   0.964093E-08  -0.126995E-07
   0.971500E+04   0.556967E-08   0.139988E-07  -0.136124E-07
   0.971600E+04   0.704592E-08   0.169321E-07  -0.131372E-07
   0.971700E+04   0.780300E-08   0.181404E-07  -0.113208E-07
   0.971800E+04   0.776246E-08   0.174991E-07  -0.834694E-08
   0.971900E+04   0.692722E-08   0.150722E-07  -0.451785E-08
   0.972000E+04   0.538129E-08   0.111060E-07  -0.223183E-09
   0.972100E+04   0.328131E-08   0.600436E-08   0.409948E-08
   0.972200E+04   0.840597E-09   0.287270E-09   0.800930E-08
   0.972300E+04  -0.169255E-08  -0.546177E-08   0.111072E-07
   0.972400E+04  -0.406017E-08  -0.106554E-07   0.130765E-07
   0.972500E+04  -0.602093E-08  -0.147624E-07   0.137155E-07
   0.972600E+04  -0.737475E-08  -0.173619E-07   0.129582E-07
   0.972700E+04  -0.798322E-08  -0.181864E-07   0.108809E-07
   0.972800E+04  -0.778378E-08  -0.171494E-07   0.769479E-08
   0.972900E+04  -0.679608E-08  -0.143543E-07   0.372444E-08
   0.973000E+04  -0.512009E-08  -0.100841E-07  -0.625306E-09
   0.973100E+04  -0.292589E-08  -0.477253E-08  -0.491047E-08
   0.973200E+04  -0.436406E-09   0.103966E-08  -0.869331E-08
   0.973300E+04   0.209535E-08   0.676019E-08  -0.115870E-07
   0.973400E+04   0.441202E-08   0.118054E-07  -0.132951E-07
   0.973500E+04   0.627815E-08   0.156600E-07  -0.136421E-07
   0.973600E+04   0.750424E-08   0.179293E-07  -0.125912E-07
   0.973700E+04   0.796603E-08   0.183803E-07  -0.102484E-07
   0.973800E+04   0.761719E-08   0.169649E-07  -0.685178E-08
   0.973900E+04   0.649410E-08   0.138254E-07  -0.274718E-08
   0.974000E+04   0.471211E-08   0.927996E-08   0.164679E-08
   0.974100E+04   0.245379E-08   0.379055E-08   0.588151E-08
   0.974200E+04  -0.496871E-10  -0.208440E-08   0.952412E-08
   0.974300E+04  -0.254217E-08  -0.774668E-08   0.122017E-07
   0.974400E+04  -0.476865E-08  -0.126193E-07   0.136395E-07
   0.974500E+04  -0.650131E-08  -0.162056E-07   0.136889E-07
   0.974600E+04  -0.756285E-08  -0.181397E-07   0.123428E-07
   0.974700E+04  -0.784456E-08  -0.182240E-07   0.973651E-08
   0.974800E+04  -0.731749E-08  -0.164497E-07   0.613422E-08
   0.974900E+04  -0.603544E-08  -0.129977E-07   0.190190E-08
   0.975000E+04  -0.412949E-08  -0.822007E-08  -0.252975E-08
   0.975100E+04  -0.179468E-08  -0.260464E-08  -0.670922E-08
   0.975200E+04   0.729918E-09   0.327499E-08  -0.102102E-07
   0.975300E+04   0.318559E-08   0.881785E-08  -0.126753E-07
   0.975400E+04   0.532041E-08   0.134569E-07  -0.138521E-07
   0.975500E+04   0.691500E-08   0.167170E-07  -0.136196E-07
   0.975600E+04   0.780498E-08   0.182636E-07  -0.120002E-07
   0.975700E+04   0.789779E-08   0.179367E-07  -0.915787E-08
   0.975800E+04   0.718226E-08   0.157678E-07  -0.538126E-08
   0.975900E+04   0.572982E-08   0.119764E-07  -0.105462E-08
   0.976000E+04   0.368728E-08   0.694813E-08   0.338143E-08
   0.976100E+04   0.126192E-08   0.119525E-08   0.747480E-08
   0.976200E+04  -0.129960E-08  -0.469536E-08   0.108080E-07
   0.976300E+04  -0.373639E-08  -0.101221E-07   0.130407E-07
   0.976400E+04  -0.579994E-08  -0.145302E-07   0.139447E-07
   0.976500E+04  -0.727950E-08  -0.174680E-07   0.134270E-07
   0.976600E+04  -0.802362E-08  -0.186339E-07   0.115397E-07
   0.976700E+04  -0.795569E-08  -0.179064E-07   0.847432E-08
   0.976800E+04  -0.708177E-08  -0.153573E-07   0.454295E-08
   0.976900E+04  -0.549014E-08  -0.112445E-07   0.146052E-09
   0.977000E+04  -0.334232E-08  -0.598555E-08  -0.426820E-08
   0.977100E+04  -0.856672E-09  -0.115456E-09  -0.824960E-08
   0.977200E+04   0.171378E-08   0.576794E-08  -0.113919E-07
   0.977300E+04   0.410715E-08   0.110649E-07  -0.133741E-07
   0.977400E+04   0.607935E-08   0.152349E-07  -0.139936E-07
   0.977500E+04   0.742901E-08   0.178522E-07  -0.131867E-07
   0.977600E+04   0.801801E-08   0.186488E-07  -0.110352E-07
   0.977700E+04   0.778562E-08   0.175425E-07  -0.775816E-08
   0.977800E+04   0.675475E-08   0.146454E-07  -0.368965E-08
   0.977900E+04   0.502963E-08   0.102521E-07   0.755258E-09
   0.978000E+04   0.278530E-08   0.481037E-08   0.512288E-08
   0.978100E+04   0.249738E-09  -0.112458E-08   0.896716E-08
   0.978200E+04  -0.231926E-08  -0.694683E-08   0.118953E-07
   0.978300E+04  -0.466039E-08  -0.120614E-07   0.136078E-07
   0.978400E+04  -0.653544E-08  -0.159452E-07   0.139291E-07
   0.978500E+04  -0.775355E-08  -0.182001E-07   0.128257E-07
   0.978600E+04  -0.819071E-08  -0.185942E-07   0.104097E-07
   0.978700E+04  -0.780237E-08  -0.170851E-07   0.692719E-08
   0.978800E+04  -0.662800E-08  -0.138249E-07   0.273353E-08
   0.978900E+04  -0.478709E-08  -0.914451E-08  -0.174305E-08
   0.979000E+04  -0.246696E-08  -0.352020E-08  -0.604511E-08
   0.979100E+04   0.963511E-10   0.247501E-08  -0.973263E-08
   0.979200E+04   0.264214E-08   0.822968E-08  -0.124281E-07
   0.979300E+04   0.491163E-08   0.131563E-07  -0.138549E-07
   0.979400E+04   0.667439E-08   0.167515E-07  -0.138660E-07
   0.979500E+04   0.775182E-08   0.186472E-07  -0.124588E-07
   0.979600E+04   0.803540E-08   0.186485E-07  -0.977552E-08
   0.979700E+04   0.749776E-08   0.167537E-07  -0.608907E-08
   0.979800E+04   0.619544E-08   0.131547E-07  -0.177500E-08
   0.979900E+04   0.426316E-08   0.821733E-08   0.272659E-08
   0.980000E+04   0.190004E-08   0.244453E-08   0.695603E-08
   0.980100E+04  -0.650782E-09  -0.357515E-08   0.104810E-07
   0.980200E+04  -0.312695E-08  -0.922744E-08   0.129406E-07
   0.980300E+04  -0.527375E-08  -0.139351E-07   0.140825E-07
   0.980400E+04  -0.687014E-08  -0.172168E-07   0.137886E-07
   0.980500E+04  -0.775143E-08  -0.187363E-07   0.120874E-07
   0.980600E+04  -0.782608E-08  -0.183373E-07   0.915121E-08
   0.980700E+04  -0.708519E-08  -0.160589E-07   0.527855E-08
   0.980800E+04  -0.560345E-08  -0.121323E-07   0.863969E-09
   0.980900E+04  -0.353155E-08  -0.695716E-08  -0.364220E-08
   0.981000E+04  -0.108087E-08  -0.106098E-08  -0.777978E-08
   0.981100E+04   0.149807E-08   0.495466E-08  -0.111257E-07
   0.981200E+04   0.394123E-08   0.104754E-07  -0.133373E-07
   0.981300E+04   0.599798E-08   0.149368E-07  -0.141872E-07
   0.981400E+04   0.745673E-08   0.178822E-07  -0.135871E-07
   0.981500E+04   0.816667E-08   0.190091E-07  -0.115963E-07
   0.981600E+04   0.805315E-08   0.182004E-07  -0.841642E-08
   0.981700E+04   0.712548E-08   0.155367E-07  -0.437054E-08
   0.981800E+04   0.547605E-08   0.112878E-07   0.129373E-09
   0.981900E+04   0.327100E-08   0.588557E-08   0.462452E-08
   0.982000E+04   0.733360E-09  -0.119826E-09   0.865601E-08
   0.982100E+04  -0.187965E-08  -0.611627E-08   0.118117E-07
   0.982200E+04  -0.430281E-08  -0.114920E-07   0.137684E-07
   0.982300E+04  -0.628996E-08  -0.156980E-07   0.143246E-07
   0.982400E+04  -0.763911E-08  -0.183043E-07   0.134215E-07
   0.982500E+04  -0.821307E-08  -0.190437E-07   0.111492E-07
   0.982600E+04  -0.795354E-08  -0.178395E-07   0.773715E-08
   0.982700E+04  -0.688706E-08  -0.148131E-07   0.353157E-08
   0.982800E+04  -0.512239E-08  -0.102721E-07  -0.104028E-08
   0.982900E+04  -0.283950E-08  -0.467915E-08  -0.551337E-08
   0.983000E+04  -0.271226E-09   0.139563E-08  -0.943230E-08
   0.983100E+04   0.232040E-08   0.733231E-08  -0.123978E-07
   0.983200E+04   0.467091E-08   0.125246E-07  -0.141074E-07
   0.983300E+04   0.654031E-08   0.164418E-07  -0.143865E-07
   0.983400E+04   0.773765E-08   0.186828E-07  -0.132060E-07
   0.983500E+04   0.814047E-08   0.190175E-07  -0.106857E-07
   0.983600E+04   0.770736E-08   0.174103E-07  -0.708187E-08
   0.983700E+04   0.648225E-08   0.140236E-07  -0.276143E-08
   0.983800E+04   0.458996E-08   0.920216E-08   0.183556E-08
   0.983900E+04   0.222349E-08   0.343717E-08   0.624068E-08
   0.984000E+04  -0.375574E-09  -0.268315E-08   0.100049E-07
   0.984100E+04  -0.294175E-08  -0.853379E-08   0.127445E-07
   0.984200E+04  -0.521270E-08  -0.135167E-07   0.141801E-07
   0.984300E+04  -0.695602E-08  -0.171218E-07   0.141653E-07
   0.984400E+04  -0.799299E-08  -0.189793E-07   0.127018E-07
   0.984500E+04  -0.821682E-08  -0.188975E-07   0.993896E-08
   0.984600E+04  -0.760367E-08  -0.168825E-07   0.615909E-08
   0.984700E+04  -0.621509E-08  -0.131378E-07   0.174831E-08
   0.984800E+04  -0.419182E-08  -0.804404E-08  -0.284266E-08
   0.984900E+04  -0.173951E-08  -0.211962E-08  -0.714449E-08
   0.985000E+04   0.892216E-09   0.403146E-08  -0.107172E-07
   0.985100E+04   0.343521E-08   0.978148E-08  -0.131952E-07
   0.985200E+04   0.563012E-08   0.145430E-07  -0.143244E-07
   0.985300E+04   0.725285E-08   0.178287E-07  -0.139886E-07
   0.985400E+04   0.813747E-08   0.193018E-07  -0.122213E-07
   0.985500E+04   0.819312E-08   0.188097E-07  -0.920228E-08
   0.985600E+04   0.741339E-08   0.164007E-07  -0.523951E-08
   0.985700E+04   0.587700E-08   0.123184E-07  -0.737729E-09
   0.985800E+04   0.373982E-08   0.697763E-08   0.384286E-08
   0.985900E+04   0.121902E-08   0.922143E-09   0.803351E-08
   0.986000E+04  -0.142901E-08  -0.523095E-08   0.114049E-07
   0.986100E+04  -0.393485E-08  -0.108539E-07   0.136109E-07
   0.986200E+04  -0.604344E-08  -0.153726E-07   0.144242E-07
   0.986300E+04  -0.754015E-08  -0.183248E-07   0.137595E-07
   0.986400E+04  -0.827267E-08  -0.194080E-07   0.116824E-07
   0.986500E+04  -0.816656E-08  -0.185099E-07   0.840306E-08
   0.986600E+04  -0.723288E-08  -0.157206E-07   0.425449E-08
   0.986700E+04  -0.556709E-08  -0.113229E-07  -0.340993E-09
   0.986800E+04  -0.333932E-08  -0.576453E-08  -0.491494E-08
   0.986900E+04  -0.777065E-09   0.388326E-09  -0.900053E-08
   0.987000E+04   0.185806E-08   0.650806E-08  -0.121803E-07
   0.987100E+04   0.429699E-08   0.119699E-07  -0.141286E-07
   0.987200E+04   0.629065E-08   0.162156E-07  -0.146454E-07
   0.987300E+04   0.763546E-08   0.188104E-07  -0.136764E-07
   0.987400E+04   0.819408E-08   0.194878E-07  -0.113188E-07
   0.987500E+04   0.790950E-08   0.181766E-07  -0.781181E-08
   0.987600E+04   0.681090E-08   0.150084E-07  -0.351210E-08
   0.987700E+04   0.501068E-08   0.103044E-07   0.114238E-08
   0.987800E+04   0.269308E-08   0.454286E-08   0.567704E-08
   0.987900E+04   0.953218E-10  -0.168964E-08   0.962904E-08
   0.988000E+04  -0.251652E-08  -0.775802E-08   0.125946E-07
   0.988100E+04  -0.487473E-08  -0.130434E-07   0.142701E-07
   0.988200E+04  -0.673731E-08  -0.170063E-07   0.144836E-07
   0.988300E+04  -0.791269E-08  -0.192417E-07   0.132121E-07
   0.988400E+04  -0.827939E-08  -0.195205E-07   0.105840E-07
   0.988500E+04  -0.779846E-08  -0.178133E-07   0.686663E-08
   0.988600E+04  -0.651755E-08  -0.142930E-07   0.243876E-08
   0.988700E+04  -0.456613E-08  -0.931797E-08  -0.224790E-08
   0.988800E+04  -0.214233E-08  -0.339508E-08  -0.671468E-08
   0.988900E+04   0.507207E-09   0.287157E-08  -0.105047E-07
   0.989000E+04   0.311249E-08   0.884239E-08  -0.132297E-07
   0.989100E+04   0.540768E-08   0.139075E-07  -0.146095E-07
   0.989200E+04   0.715829E-08   0.175490E-07  -0.145007E-07
   0.989300E+04   0.818510E-08   0.193941E-07  -0.129118E-07
   0.989400E+04   0.838253E-08   0.192528E-07  -0.100019E-07
   0.989500E+04   0.772949E-08   0.171381E-07  -0.606527E-08
   0.989600E+04   0.629161E-08   0.132643E-07  -0.150086E-08
   0.989700E+04   0.421462E-08   0.802559E-08   0.322786E-08
   0.989800E+04   0.170957E-08   0.195582E-08   0.764025E-08
   0.989900E+04  -0.968682E-09  -0.432586E-08   0.112875E-07
   0.990000E+04  -0.354737E-08  -0.101781E-07   0.137985E-07
   0.990100E+04  -0.576370E-08  -0.150029E-07   0.149174E-07
   0.990200E+04  -0.739162E-08  -0.183065E-07   0.145302E-07
   0.990300E+04  -0.826493E-08  -0.197502E-07   0.126763E-07
   0.990400E+04  -0.829432E-08  -0.191848E-07   0.954432E-08
   0.990500E+04  -0.747647E-08  -0.166661E-07   0.545343E-08
   0.990600E+04  -0.589456E-08  -0.124493E-07   0.820472E-09
   0.990700E+04  -0.370977E-08  -0.696352E-08  -0.388232E-08
   0.990800E+04  -0.114496E-08  -0.767452E-09  -0.817550E-08
   0.990900E+04   0.153806E-08   0.550698E-08  -0.116213E-07
   0.991000E+04   0.406517E-08   0.112193E-07  -0.138685E-07
   0.991100E+04   0.617789E-08   0.157859E-07  -0.146878E-07
   0.991200E+04   0.765981E-08   0.187395E-07  -0.139960E-07
   0.991300E+04   0.835864E-08   0.197773E-07  -0.118640E-07
   0.991400E+04   0.820186E-08   0.187914E-07  -0.850984E-08
   0.991500E+04   0.720414E-08   0.158808E-07  -0.427656E-08
   0.991600E+04   0.546594E-08   0.113410E-07   0.402838E-09
   0.991700E+04   0.316335E-08   0.563399E-08   0.504954E-08
   0.991800E+04   0.530184E-09  -0.658560E-09   0.918777E-08
   0.991900E+04  -0.216579E-08  -0.689465E-08   0.123934E-07
   0.992000E+04  -0.465011E-08  -0.124375E-07   0.143373E-07
   0.992100E+04  -0.666964E-08  -0.167203E-07   0.148189E-07
   0.992200E+04  -0.801830E-08  -0.193047E-07   0.137872E-07
   0.992300E+04  -0.855816E-08  -0.199249E-07   0.113454E-07
   0.992400E+04  -0.823353E-08  -0.185156E-07   0.774101E-08
   0.992500E+04  -0.707666E-08  -0.152186E-07   0.334054E-08
   0.992600E+04  -0.520452E-08  -0.103685E-07  -0.140796E-08
   0.992700E+04  -0.280693E-08  -0.445857E-08  -0.602045E-08
   0.992800E+04  -0.127222E-09   0.190903E-08  -0.100264E-07
   0.992900E+04   0.256249E-08   0.808498E-08  -0.130169E-07
   0.993000E+04   0.498907E-08   0.134389E-07  -0.146864E-07
   0.993100E+04   0.690615E-08   0.174238E-07  -0.148639E-07
   0.993200E+04   0.811927E-08   0.196319E-07  -0.135308E-07
   0.993300E+04   0.850570E-08   0.198362E-07  -0.108228E-07
   0.993400E+04   0.802696E-08   0.180144E-07  -0.701589E-08
   0.993500E+04   0.673278E-08   0.143507E-07  -0.249886E-08
   0.993600E+04   0.475599E-08   0.921748E-08   0.226685E-08
   0.993700E+04   0.229901E-08   0.313764E-08   0.679401E-08
   0.993800E+04  -0.386775E-09  -0.326899E-08   0.106193E-07
   0.993900E+04  -0.302670E-08  -0.934861E-08   0.133510E-07
   0.994000E+04  -0.535079E-08  -0.144802E-07   0.147084E-07
   0.994100E+04  -0.712139E-08  -0.181390E-07   0.145514E-07
   0.994200E+04  -0.815734E-08  -0.199500E-07   0.128945E-07
   0.994300E+04  -0.835256E-08  -0.197265E-07   0.990550E-08
   0.994400E+04  -0.768687E-08  -0.174892E-07   0.588863E-08
   0.994500E+04  -0.622806E-08  -0.134647E-07   0.125361E-08
   0.994600E+04  -0.412501E-08  -0.806168E-08  -0.352611E-08
   0.994700E+04  -0.159253E-08  -0.183031E-08  -0.796166E-08
   0.994800E+04   0.111058E-08   0.459440E-08  -0.115986E-07
   0.994900E+04   0.370793E-08   0.105571E-07  -0.140635E-07
   0.995000E+04   0.593378E-08   0.154490E-07  -0.151020E-07
   0.995100E+04   0.756016E-08   0.187700E-07  -0.146051E-07
   0.995200E+04   0.842019E-08   0.201801E-07  -0.126203E-07
   0.995300E+04   0.842519E-08   0.195337E-07  -0.934716E-08
   0.995400E+04   0.757371E-08   0.168953E-07  -0.511679E-08
   0.995500E+04   0.595182E-08   0.125326E-07  -0.358561E-09
   0.995600E+04   0.372431E-08   0.688946E-08   0.444381E-08
   0.995700E+04   0.111793E-08   0.540966E-09   0.880150E-08
   0.995800E+04  -0.160173E-08  -0.586538E-08   0.122704E-07
   0.995900E+04  -0.415733E-08  -0.116755E-07   0.144966E-07
   0.996000E+04  -0.628810E-08  -0.162958E-07   0.152525E-07
   0.996100E+04  -0.777648E-08  -0.192532E-07   0.144601E-07
   0.996200E+04  -0.847036E-08  -0.202443E-07   0.121992E-07
   0.996300E+04  -0.829867E-08  -0.191657E-07   0.869952E-08
   0.996400E+04  -0.727868E-08  -0.161253E-07   0.431706E-08
   0.996500E+04  -0.551429E-08  -0.114313E-07  -0.501710E-09
   0.996600E+04  -0.318547E-08  -0.556068E-08  -0.526553E-08
   0.996700E+04  -0.529965E-09   0.888996E-09  -0.948839E-08
   0.996800E+04   0.218098E-08   0.726072E-08  -0.127391E-07
   0.996900E+04   0.467027E-08   0.129049E-07  -0.146853E-07
   0.997000E+04   0.668330E-08   0.172457E-07  -0.151275E-07
   0.997100E+04   0.801390E-08   0.198400E-07  -0.140197E-07
   0.997200E+04   0.852552E-08   0.204223E-07  -0.114738E-07
   0.997300E+04   0.816512E-08   0.189325E-07  -0.774890E-08
   0.997400E+04   0.696875E-08   0.155219E-07  -0.322440E-08
   0.997500E+04   0.505787E-08   0.105377E-07   0.163812E-08
   0.997600E+04   0.262703E-08   0.448828E-08   0.634217E-08
   0.997700E+04  -0.759262E-10  -0.200925E-08   0.104069E-07
   0.997800E+04  -0.277515E-08  -0.829147E-08   0.134162E-07
   0.997900E+04  -0.519492E-08  -0.137166E-07   0.150612E-07
   0.998000E+04  -0.708783E-08  -0.177298E-07   0.151718E-07
   0.998100E+04  -0.826004E-08  -0.199203E-07   0.137344E-07
   0.998200E+04  -0.859112E-08  -0.200632E-07   0.108930E-07
   0.998300E+04  -0.804646E-08  -0.181422E-07   0.693519E-08
   0.998400E+04  -0.668082E-08  -0.143524E-07   0.226244E-08
   0.998500E+04  -0.463283E-08  -0.907957E-08  -0.265044E-08
   0.998600E+04  -0.211095E-08  -0.286147E-08  -0.730375E-08
   0.998700E+04   0.627824E-09   0.366707E-08  -0.112239E-07
   0.998800E+04   0.330409E-08   0.983892E-08  -0.140115E-07
   0.998900E+04   0.564459E-08   0.150227E-07  -0.153825E-07
   0.999000E+04   0.741010E-08   0.186873E-07  -0.151969E-07
   0.999100E+04   0.841989E-08   0.204563E-07  -0.134734E-07
   0.999200E+04   0.857023E-08   0.201462E-07  -0.103873E-07
   0.999300E+04   0.784507E-08   0.177859E-07  -0.625306E-08
   0.999400E+04   0.631771E-08   0.136134E-07  -0.149192E-08
   0.999500E+04   0.414348E-08   0.805205E-08   0.341066E-08
   0.999600E+04   0.154392E-08   0.166721E-08   0.795465E-08
   0.999700E+04  -0.121577E-08  -0.489106E-08   0.116764E-07
   0.999800E+04  -0.385374E-08  -0.109545E-07   0.141961E-07
   0.999900E+04  -0.610023E-08  -0.159047E-07   0.152564E-07
   0.100000E+05  -0.772514E-08  -0.192363E-07   0.147487E-07
   0.100010E+05  -0.856153E-08  -0.206091E-07   0.127247E-07
   0.100020E+05  -0.852273E-08  -0.198821E-07   0.939073E-08
   0.100030E+05  -0.761126E-08  -0.171288E-07   0.508713E-08
   0.100040E+05  -0.591867E-08  -0.126296E-07   0.253398E-09
   0.100050E+05  -0.361630E-08  -0.684344E-08  -0.461650E-08
   0.100060E+05  -0.937863E-09  -0.360908E-09  -0.902459E-08
   0.100070E+05   0.184428E-08   0.615572E-08  -0.125197E-07
   0.100080E+05   0.444689E-08   0.120402E-07  -0.147434E-07
   0.100090E+05   0.660470E-08   0.166902E-07  -0.154671E-07
   0.100100E+05   0.809748E-08   0.196290E-07  -0.146149E-07
   0.100110E+05   0.877249E-08   0.205542E-07  -0.122718E-07
   0.100120E+05   0.856015E-08   0.193691E-07  -0.867520E-08
   0.100130E+05   0.748114E-08   0.161921E-07  -0.419039E-08
   0.100140E+05   0.564443E-08   0.113455E-07   0.726211E-09
   0.100150E+05   0.323614E-08   0.532243E-08   0.557384E-08
   0.100160E+05   0.500714E-09  -0.126309E-08   0.985839E-08
   0.100170E+05  -0.228401E-08  -0.773892E-08   0.131429E-07
   0.100180E+05  -0.483509E-08  -0.134432E-07   0.150920E-07
   0.100190E+05  -0.689325E-08  -0.177921E-07   0.155067E-07
   0.100200E+05  -0.824942E-08  -0.203392E-07   0.143441E-07
   0.100210E+05  -0.876594E-08  -0.208214E-07   0.117224E-07
   0.100220E+05  -0.839069E-08  -0.191863E-07   0.790890E-08
   0.100230E+05  -0.716243E-08  -0.155969E-07   0.329246E-08
   0.100240E+05  -0.520680E-08  -0.104161E-07  -0.165579E-08
   0.100250E+05  -0.272362E-08  -0.416935E-08  -0.643062E-08
   0.100260E+05   0.335495E-10   0.250853E-08  -0.105443E-07
   0.100270E+05   0.278320E-08   0.893817E-08  -0.135763E-07
   0.100280E+05   0.524463E-08   0.144648E-07  -0.152165E-07
   0.100290E+05   0.716657E-08   0.185251E-07  -0.152966E-07
   0.100300E+05   0.835282E-08   0.207048E-07  -0.138078E-07
   0.100310E+05   0.868232E-08   0.207808E-07  -0.109015E-07
   0.100320E+05   0.812149E-08   0.187443E-07  -0.687404E-08
   0.100330E+05   0.672772E-08   0.148021E-07  -0.213672E-08
   0.100340E+05   0.464351E-08   0.935502E-08   0.282640E-08
   0.100350E+05   0.208197E-08   0.295783E-08   0.750774E-08
   0.100360E+05  -0.694940E-09  -0.373764E-08   0.114281E-07
   0.100370E+05  -0.340312E-08  -0.100488E-07   0.141854E-07
   0.100380E+05  -0.576536E-08  -0.153318E-07   0.154964E-07
   0.100390E+05  -0.753968E-08  -0.190474E-07   0.152250E-07
   0.100400E+05  -0.854404E-08  -0.208162E-07   0.133968E-07
   0.100410E+05  -0.867499E-08  -0.204570E-07   0.101964E-07
   0.100420E+05  -0.791832E-08  -0.180057E-07   0.594901E-08
   0.100430E+05  -0.635055E-08  -0.137120E-07   0.108682E-08
   0.100440E+05  -0.413119E-08  -0.801361E-08  -0.389454E-08
   0.100450E+05  -0.148653E-08  -0.149189E-08  -0.848677E-08
   0.100460E+05   0.131346E-08   0.518731E-08  -0.122208E-07
   0.100470E+05   0.398259E-08   0.113417E-07  -0.147145E-07
   0.100480E+05   0.624777E-08   0.163420E-07  -0.157123E-07
   0.100490E+05   0.787681E-08   0.196767E-07  -0.151107E-07
   0.100500E+05   0.870225E-08   0.210037E-07  -0.129696E-07
   0.100510E+05   0.863847E-08   0.201859E-07  -0.950600E-08
   0.100520E+05   0.769054E-08   0.173051E-07  -0.507207E-08
   0.100530E+05   0.595380E-08   0.126540E-07  -0.119349E-09
   0.100540E+05   0.360418E-08   0.670619E-08   0.484730E-08
   0.100550E+05   0.880386E-09   0.683034E-10   0.932116E-08
   0.100560E+05  -0.194045E-08  -0.658210E-08   0.128454E-07
   0.100570E+05  -0.457097E-08  -0.125655E-07   0.150598E-07
   0.100580E+05  -0.674290E-08  -0.172700E-07   0.157376E-07
   0.100590E+05  -0.823445E-08  -0.202135E-07   0.148086E-07
   0.100600E+05  -0.889294E-08  -0.210935E-07   0.123668E-07
   0.100610E+05  -0.865044E-08  -0.198178E-07   0.866082E-08
   0.100620E+05  -0.753080E-08  -0.165142E-07   0.406840E-08
   0.100630E+05  -0.564722E-08  -0.115178E-07  -0.941655E-09
   0.100640E+05  -0.319083E-08  -0.533692E-08  -0.585748E-08
   0.100650E+05  -0.411239E-09   0.139887E-08  -0.101763E-07
   0.100660E+05   0.240890E-08   0.800256E-08  -0.134559E-07
   0.100670E+05   0.498266E-08   0.137999E-07  -0.153596E-07
   0.100680E+05   0.704811E-08   0.181984E-07  -0.156910E-07
   0.100690E+05   0.839501E-08   0.207476E-07  -0.144139E-07
   0.100700E+05   0.888632E-08   0.211853E-07  -0.116565E-07
   0.100710E+05   0.847218E-08   0.194645E-07  -0.769819E-08
   0.100720E+05   0.719501E-08   0.157585E-07  -0.294122E-08
   0.100730E+05   0.518530E-08   0.104432E-07   0.213005E-08
   0.100740E+05   0.264825E-08   0.405892E-08   0.699868E-08
   0.100750E+05  -0.157085E-09  -0.274430E-08   0.111678E-07
   0.100760E+05  -0.294421E-08  -0.927331E-08   0.142114E-07
   0.100770E+05  -0.542842E-08  -0.148623E-07   0.158178E-07
   0.100780E+05  -0.735587E-08  -0.189410E-07   0.158215E-07
   0.100790E+05  -0.852945E-08  -0.210927E-07   0.142206E-07
   0.100800E+05  -0.882900E-08  -0.210970E-07   0.111766E-07
   0.100810E+05  -0.822354E-08  -0.189525E-07   0.699837E-08
   0.100820E+05  -0.677454E-08  -0.148771E-07   0.211088E-08
   0.100830E+05  -0.462964E-08  -0.928581E-08  -0.298830E-08
   0.100840E+05  -0.200769E-08  -0.274883E-08  -0.777959E-08
   0.100850E+05   0.823650E-09   0.406686E-08  -0.117744E-07
   0.100860E+05   0.357511E-08   0.104653E-07  -0.145650E-07
   0.100870E+05   0.596540E-08   0.157928E-07  -0.158663E-07
   0.100880E+05   0.774992E-08   0.195041E-07  -0.155447E-07
   0.100890E+05   0.874574E-08   0.212191E-07  -0.136324E-07
   0.100900E+05   0.885036E-08   0.207608E-07  -0.103238E-07
   0.100910E+05   0.805218E-08   0.181741E-07  -0.595602E-08
   0.100920E+05   0.643181E-08   0.137214E-07  -0.974429E-09
   0.100930E+05   0.415386E-08   0.785548E-08   0.411248E-08
   0.100940E+05   0.145022E-08   0.117416E-08   0.878510E-08
   0.100950E+05  -0.140355E-08  -0.564119E-08   0.125656E-07
   0.100960E+05  -0.411636E-08  -0.118949E-07   0.150669E-07
   0.100970E+05  -0.641125E-08  -0.169480E-07   0.160321E-07
   0.100980E+05  -0.805369E-08  -0.202836E-07   0.153608E-07
   0.100990E+05  -0.887554E-08  -0.215597E-07   0.131194E-07
   0.101000E+05  -0.879228E-08  -0.206442E-07   0.953494E-08
   0.101010E+05  -0.781167E-08  -0.176285E-07   0.497137E-08
   0.101020E+05  -0.603307E-08  -0.128187E-07  -0.107021E-09
   0.101030E+05  -0.363729E-08  -0.670399E-08  -0.518301E-08
   0.101040E+05  -0.868292E-09   0.926340E-10  -0.973920E-08
   0.101050E+05   0.199175E-08   0.687821E-08  -0.133108E-07
   0.101060E+05   0.465116E-08   0.129604E-07  -0.155331E-07
   0.101070E+05   0.683857E-08   0.177180E-07  -0.161787E-07
   0.101080E+05   0.833060E-08   0.206648E-07  -0.151809E-07
   0.101090E+05   0.897469E-08   0.214990E-07  -0.126406E-07
   0.101100E+05   0.870475E-08   0.201342E-07  -0.881615E-08
   0.101110E+05   0.754792E-08   0.167087E-07  -0.409694E-08
   0.101120E+05   0.562191E-08   0.115712E-07   0.103603E-08
   0.101130E+05   0.312302E-08   0.524555E-08   0.605930E-08
   0.101140E+05   0.306170E-09  -0.162253E-08   0.104603E-07
   0.101150E+05  -0.254110E-08  -0.833140E-08   0.137897E-07
   0.101160E+05  -0.512793E-08  -0.141950E-07   0.157074E-07
   0.101170E+05  -0.718985E-08  -0.186131E-07   0.160171E-07
   0.101180E+05  -0.851579E-08  -0.211322E-07   0.146865E-07
   0.101190E+05  -0.896967E-08  -0.214927E-07   0.118510E-07
   0.101200E+05  -0.850437E-08  -0.196548E-07   0.779965E-08
   0.101210E+05  -0.716659E-08  -0.158034E-07   0.294586E-08
   0.101220E+05  -0.509216E-08  -0.103290E-07  -0.221467E-08
   0.101230E+05  -0.249227E-08  -0.378827E-08  -0.715459E-08
   0.101240E+05   0.368033E-09   0.315265E-08  -0.113686E-07
   0.101250E+05   0.319684E-08   0.978617E-08  -0.144254E-07
   0.101260E+05   0.570516E-08   0.154353E-07  -0.160111E-07
   0.101270E+05   0.763639E-08   0.195230E-07  -0.159623E-07
   0.101280E+05   0.879256E-08   0.216308E-07  -0.142821E-07
   0.101290E+05   0.905454E-08   0.215420E-07  -0.111404E-07
   0.101300E+05   0.839430E-08   0.192638E-07  -0.685662E-08
   0.101310E+05   0.687779E-08   0.150268E-07  -0.186694E-08
   0.101320E+05   0.465836E-08   0.926172E-08   0.331979E-08
   0.101330E+05   0.196112E-08   0.255551E-08   0.817409E-08
   0.101340E+05  -0.939922E-09  -0.440840E-08   0.121999E-07
   0.101350E+05  -0.374979E-08  -0.109197E-07   0.149853E-07
   0.101360E+05  -0.618259E-08  -0.163138E-07   0.162445E-07
   0.101370E+05  -0.799068E-08  -0.200396E-07   0.158473E-07
   0.101380E+05  -0.898997E-08  -0.217159E-07   0.138326E-07
   0.101390E+05  -0.907868E-08  -0.211702E-07   0.104043E-07
   0.101400E+05  -0.824780E-08  -0.184571E-07   0.591087E-08
   0.101410E+05  -0.658203E-08  -0.138522E-07   0.809918E-09
   0.101420E+05  -0.425124E-08  -0.782463E-08  -0.437851E-08
   0.101430E+05  -0.149308E-08  -0.989040E-09  -0.912488E-08
   0.101440E+05   0.141113E-08   0.595680E-08  -0.129443E-07
   0.101450E+05   0.416517E-08   0.123033E-07  -0.154458E-07
   0.101460E+05   0.648808E-08   0.174015E-07  -0.163729E-07
   0.101470E+05   0.814289E-08   0.207291E-07  -0.156291E-07
   0.101480E+05   0.896080E-08   0.219444E-07  -0.132887E-07
   0.101490E+05   0.885846E-08   0.209209E-07  -0.958873E-08
   0.101500E+05   0.784651E-08   0.177606E-07  -0.490532E-08
   0.101510E+05   0.602855E-08   0.127836E-07   0.284727E-09
   0.101520E+05   0.359061E-08   0.649588E-08   0.545244E-08
   0.101530E+05   0.782175E-09  -0.462222E-09   0.100706E-07
   0.101540E+05  -0.210921E-08  -0.738144E-08   0.136677E-07
   0.101550E+05  -0.478732E-08  -0.135558E-07   0.158758E-07
   0.101560E+05  -0.697751E-08  -0.183545E-07   0.164684E-07
   0.101570E+05  -0.845477E-08  -0.212869E-07   0.153836E-07
   0.101580E+05  -0.906676E-08  -0.220519E-07   0.127307E-07
   0.101590E+05  -0.874945E-08  -0.205697E-07   0.877877E-08
   0.101600E+05  -0.753369E-08  -0.169894E-07   0.392991E-08
   0.101610E+05  -0.554224E-08  -0.116745E-07  -0.132213E-08
   0.101620E+05  -0.297722E-08  -0.516562E-08  -0.644201E-08
   0.101630E+05  -0.996491E-10   0.187416E-08  -0.109075E-07
   0.101640E+05   0.279720E-08   0.872729E-08  -0.142627E-07
   0.101650E+05   0.541769E-08   0.146946E-07  -0.161647E-07
   0.101660E+05   0.749396E-08   0.191669E-07  -0.164186E-07
   0.101670E+05   0.881333E-08   0.216871E-07  -0.149976E-07
   0.101680E+05   0.924002E-08   0.219968E-07  -0.120456E-07
   0.101690E+05   0.872910E-08   0.200634E-07  -0.786319E-08
   0.101700E+05   0.733113E-08   0.160829E-07  -0.287645E-08
   0.101710E+05   0.518712E-08   0.104605E-07   0.240590E-08
   0.101720E+05   0.251421E-08   0.376922E-08   0.744463E-08
   0.101730E+05  -0.416393E-09  -0.330843E-08   0.117249E-07
   0.101740E+05  -0.330704E-08  -0.100500E-07   0.148088E-07
   0.101750E+05  -0.586394E-08  -0.157670E-07   0.163803E-07
   0.101760E+05  -0.782716E-08  -0.198748E-07   0.162772E-07
   0.101770E+05  -0.899708E-08  -0.219532E-07   0.145082E-07
   0.101780E+05  -0.925485E-08  -0.217885E-07   0.112520E-07
   0.101790E+05  -0.857449E-08  -0.193963E-07   0.683917E-08
   0.101800E+05  -0.702562E-08  -0.150195E-07   0.171856E-08
   0.101810E+05  -0.476639E-08  -0.910408E-08  -0.358833E-08
   0.101820E+05  -0.202741E-08  -0.225367E-08  -0.854056E-08
   0.101830E+05   0.911777E-09   0.483218E-08  -0.126329E-07
   0.101840E+05   0.375116E-08   0.114292E-07  -0.154474E-07
   0.101850E+05   0.620089E-08   0.168623E-07  -0.166960E-07
   0.101860E+05   0.801082E-08   0.205747E-07  -0.162503E-07
   0.101870E+05   0.899609E-08   0.221848E-07  -0.141542E-07
   0.101880E+05   0.905602E-08   0.215254E-07  -0.106202E-07
   0.101890E+05   0.818440E-08   0.186610E-07  -0.600746E-08
   0.101900E+05   0.647019E-08   0.138812E-07  -0.785095E-09
   0.101910E+05   0.408851E-08   0.767190E-08   0.451524E-08
   0.101920E+05   0.128273E-08   0.665218E-09   0.935381E-08
   0.101930E+05  -0.166024E-08  -0.642434E-08   0.132378E-07
   0.101940E+05  -0.443931E-08  -0.128730E-07   0.157716E-07
   0.101950E+05  -0.676991E-08  -0.180216E-07   0.166973E-07
   0.101960E+05  -0.841305E-08  -0.213428E-07   0.159211E-07
   0.101970E+05  -0.919980E-08  -0.224951E-07   0.135228E-07
   0.101980E+05  -0.904857E-08  -0.213581E-07   0.974805E-08
   0.101990E+05  -0.797353E-08  -0.180446E-07   0.498294E-08
   0.102000E+05  -0.608322E-08  -0.128896E-07  -0.284920E-09
   0.102010E+05  -0.356959E-08  -0.641639E-08  -0.551640E-08
   0.102020E+05  -0.688420E-09   0.716910E-09  -0.101758E-07
   0.102030E+05   0.226669E-08   0.778416E-08  -0.137856E-07
   0.102040E+05   0.499428E-08   0.140653E-07  -0.159752E-07
   0.102050E+05   0.721579E-08   0.189199E-07  -0.165189E-07
   0.102060E+05   0.870401E-08   0.218523E-07  -0.153593E-07
   0.102070E+05   0.930631E-08   0.225626E-07  -0.126128E-07
   0.102080E+05   0.896031E-08   0.209773E-07  -0.855833E-08
   0.102090E+05   0.770028E-08   0.172569E-07  -0.360870E-08
   0.102100E+05   0.565380E-08   0.117798E-07   0.173127E-08
   0.102110E+05   0.302875E-08   0.510375E-08   0.691629E-08
   0.102120E+05   0.922488E-10  -0.209075E-08   0.114162E-07
   0.102130E+05  -0.285661E-08  -0.906999E-08   0.147704E-07
   0.102140E+05  -0.551718E-08  -0.151218E-07   0.166342E-07
   0.102150E+05  -0.761795E-08  -0.196282E-07   0.168152E-07
   0.102160E+05  -0.894425E-08  -0.221287E-07   0.152921E-07
   0.102170E+05  -0.936020E-08  -0.223673E-07   0.122176E-07
   0.102180E+05  -0.882259E-08  -0.203188E-07   0.790268E-08
   0.102190E+05  -0.738537E-08  -0.161915E-07   0.278516E-08
   0.102200E+05  -0.519421E-08  -0.104061E-07  -0.261492E-08
   0.102210E+05  -0.247170E-08  -0.355306E-08  -0.774836E-08
   0.102220E+05   0.505280E-09   0.366763E-08  -0.120928E-07
   0.102230E+05   0.343380E-08   0.105179E-07  -0.152059E-07
   0.102240E+05   0.601573E-08   0.162970E-07  -0.167709E-07
   0.102250E+05   0.798815E-08   0.204128E-07  -0.166285E-07
   0.102260E+05   0.915017E-08   0.224427E-07  -0.147940E-07
   0.102270E+05   0.938346E-08   0.221766E-07  -0.114548E-07
   0.102280E+05   0.866437E-08   0.196389E-07  -0.695234E-08
   0.102290E+05   0.706635E-08   0.150858E-07  -0.174690E-08
   0.102300E+05   0.475251E-08   0.897984E-08   0.362935E-08
   0.102310E+05   0.195903E-08   0.194250E-08   0.862654E-08
   0.102320E+05  -0.102893E-08  -0.530892E-08   0.127333E-07
   0.102330E+05  -0.390628E-08  -0.120345E-07   0.155289E-07
   0.102340E+05  -0.637915E-08  -0.175471E-07   0.167266E-07
   0.102350E+05  -0.819489E-08  -0.212827E-07   0.162027E-07
   0.102360E+05  -0.916785E-08  -0.228581E-07   0.140095E-07
   0.102370E+05  -0.919841E-08  -0.221100E-07   0.103700E-07
   0.102380E+05  -0.828314E-08  -0.191120E-07   0.565538E-08
   0.102390E+05  -0.651523E-08  -0.141674E-07   0.347119E-09
   0.102400E+05  -0.407502E-08  -0.777838E-08  -0.501207E-08
   0.102410E+05  -0.121165E-08  -0.594872E-09  -0.987365E-08
   0.102420E+05   0.178237E-08   0.665152E-08  -0.137393E-07
   0.102430E+05   0.460097E-08   0.132222E-07  -0.162117E-07
   0.102440E+05   0.695576E-08   0.184467E-07  -0.170358E-07
   0.102450E+05   0.860552E-08   0.217915E-07  -0.161242E-07
   0.102460E+05   0.938082E-08   0.229144E-07  -0.135669E-07
   0.102470E+05   0.920142E-08   0.216996E-07  -0.962205E-08
   0.102480E+05   0.808445E-08   0.182695E-07  -0.468993E-08
   0.102490E+05   0.614280E-08   0.129730E-07   0.727954E-09
   0.102500E+05   0.357363E-08   0.634926E-08   0.607982E-08
   0.102510E+05   0.638298E-09  -0.926471E-09   0.108199E-07
   0.102520E+05  -0.236426E-08  -0.811203E-08   0.144642E-07
   0.102530E+05  -0.512802E-08  -0.144739E-07   0.166399E-07
   0.102540E+05  -0.737112E-08  -0.193622E-07   0.171236E-07
   0.102550E+05  -0.886461E-08  -0.222769E-07   0.158641E-07
   0.102560E+05  -0.945591E-08  -0.229191E-07   0.129881E-07
   0.102570E+05  -0.908438E-08  -0.212216E-07   0.878710E-08
   0.102580E+05  -0.778762E-08  -0.173560E-07   0.368810E-08
   0.102590E+05  -0.569767E-08  -0.117155E-07  -0.179000E-08
   0.102600E+05  -0.302760E-08  -0.487470E-08  -0.708918E-08
   0.102610E+05  -0.498244E-10   0.246884E-08  -0.116692E-07
   0.102620E+05   0.293168E-08   0.956556E-08  -0.150629E-07
   0.102630E+05   0.561236E-08   0.156905E-07  -0.169236E-07
   0.102640E+05   0.771823E-08   0.202173E-07  -0.170608E-07
   0.102650E+05   0.903379E-08   0.226822E-07  -0.154597E-07
   0.102660E+05   0.942413E-08   0.228315E-07  -0.122829E-07
   0.102670E+05   0.884872E-08   0.206475E-07  -0.785379E-08
   0.102680E+05   0.736563E-08   0.163509E-07  -0.262380E-08
   0.102690E+05   0.512568E-08   0.103780E-07   0.287358E-08
   0.102700E+05   0.235709E-08   0.333648E-08   0.807724E-08
   0.102710E+05  -0.657733E-09  -0.405623E-08   0.124557E-07
   0.102720E+05  -0.361103E-08  -0.110464E-07   0.155612E-07
   0.102730E+05  -0.620104E-08  -0.169209E-07   0.170758E-07
   0.102740E+05  -0.816285E-08  -0.210798E-07   0.168436E-07
   0.102750E+05  -0.929547E-08  -0.230978E-07   0.148870E-07
   0.102760E+05  -0.948238E-08  -0.227679E-07   0.114045E-07
   0.102770E+05  -0.870349E-08  -0.201225E-07   0.675053E-08
   0.102780E+05  -0.703732E-08  -0.154305E-07   0.139936E-08
   0.102790E+05  -0.465300E-08  -0.916979E-08  -0.410305E-08
   0.102800E+05  -0.179314E-08  -0.197877E-08  -0.919488E-08
   0.102810E+05   0.125091E-08   0.540866E-08  -0.133557E-07
   0.102820E+05   0.416875E-08   0.122381E-07  -0.161598E-07
   0.102830E+05   0.666258E-08   0.178114E-07  -0.173193E-07
   0.102840E+05   0.847760E-08   0.215583E-07  -0.167143E-07
   0.102850E+05   0.942808E-08   0.230947E-07  -0.144048E-07
   0.102860E+05   0.941632E-08   0.222617E-07  -0.106246E-07
   0.102870E+05   0.844274E-08   0.191425E-07  -0.575811E-08
   0.102880E+05   0.660586E-08   0.140536E-07  -0.300883E-09
   0.102890E+05   0.409238E-08   0.751339E-08   0.519087E-08
   0.102900E+05   0.115815E-08   0.188584E-09   0.101569E-07
   0.102910E+05  -0.189786E-08  -0.717311E-08   0.140902E-07
   0.102920E+05  -0.476405E-08  -0.138195E-07   0.165888E-07
   0.102930E+05  -0.714795E-08  -0.190707E-07   0.173966E-07
   0.102940E+05  -0.880611E-08  -0.223884E-07   0.164301E-07
   0.102950E+05  -0.956893E-08  -0.234313E-07   0.137868E-07
   0.102960E+05  -0.935807E-08  -0.220899E-07   0.973536E-08
   0.102970E+05  -0.819446E-08  -0.184979E-07   0.468848E-08
   0.102980E+05  -0.619626E-08  -0.130187E-07  -0.839272E-09
   0.102990E+05  -0.356685E-08  -0.620876E-08  -0.628383E-08
   0.103000E+05  -0.574140E-09   0.123924E-08  -0.110892E-07
   0.103010E+05   0.247672E-08   0.856687E-08  -0.147641E-07
   0.103020E+05   0.527447E-08   0.150274E-07  -0.169325E-07
   0.103030E+05   0.753350E-08   0.199618E-07  -0.173717E-07
   0.103040E+05   0.902301E-08   0.228665E-07  -0.160354E-07
   0.103050E+05   0.959062E-08   0.234445E-07  -0.130587E-07
   0.103060E+05   0.917796E-08   0.216358E-07  -0.874426E-08
   0.103070E+05   0.782670E-08   0.176243E-07  -0.353162E-08
   0.103080E+05   0.567437E-08   0.118187E-07   0.204755E-08
   0.103090E+05   0.294039E-08   0.481087E-08   0.742364E-08
   0.103100E+05  -0.962580E-10  -0.268385E-08   0.120472E-07
   0.103110E+05  -0.312547E-08  -0.990009E-08   0.154452E-07
   0.103120E+05  -0.583765E-08  -0.161003E-07   0.172690E-07
   0.103130E+05  -0.795531E-08  -0.206502E-07   0.173307E-07
   0.103140E+05  -0.926140E-08  -0.230836E-07   0.156219E-07
   0.103150E+05  -0.962153E-08  -0.231498E-07   0.123148E-07
   0.103160E+05  -0.899775E-08  -0.208401E-07   0.774509E-08
   0.103170E+05  -0.745247E-08  -0.163881E-07   0.237767E-08
   0.103180E+05  -0.514220E-08  -0.102467E-07  -0.324077E-08
   0.103190E+05  -0.230164E-08  -0.304162E-08  -0.853739E-08
   0.103200E+05   0.780207E-09   0.449207E-08  -0.129716E-07
   0.103210E+05   0.378949E-08   0.115850E-07  -0.160904E-07
   0.103220E+05   0.641949E-08   0.175121E-07  -0.175746E-07
   0.103230E+05   0.840197E-08   0.216665E-07  -0.172713E-07
   0.103240E+05   0.953452E-08   0.236215E-07  -0.152102E-07
   0.103250E+05   0.970128E-08   0.231748E-07  -0.116001E-07
   0.103260E+05   0.888481E-08   0.203689E-07  -0.680815E-08
   0.103270E+05   0.716797E-08   0.154870E-07  -0.132234E-08
   0.103280E+05   0.472549E-08   0.902479E-08   0.429820E-08
   0.103290E+05   0.180624E-08   0.163947E-08   0.948014E-08
   0.103300E+05  -0.129213E-08  -0.591672E-08   0.136946E-07
   0.103310E+05  -0.425353E-08  -0.128734E-07   0.165109E-07
   0.103320E+05  -0.677566E-08  -0.185205E-07   0.176410E-07
   0.103330E+05  -0.860087E-08  -0.222810E-07   0.169688E-07
   0.103340E+05  -0.954249E-08  -0.237696E-07   0.145620E-07
   0.103350E+05  -0.950390E-08  -0.228325E-07   0.106657E-07
   0.103360E+05  -0.848848E-08  -0.195632E-07   0.567722E-08
   0.103370E+05  -0.659931E-08  -0.142931E-07   0.105811E-09
   0.103380E+05  -0.402872E-08  -0.755796E-08  -0.547921E-08
   0.103390E+05  -0.103874E-08  -0.434614E-10  -0.105066E-07
   0.103400E+05   0.206561E-08   0.748473E-08  -0.144615E-07
   0.103410E+05   0.496741E-08   0.142589E-07  -0.169379E-07
   0.103420E+05   0.737018E-08   0.195879E-07  -0.176806E-07
   0.103430E+05   0.902812E-08   0.229271E-07  -0.166109E-07
   0.103440E+05   0.977124E-08   0.239350E-07  -0.138351E-07
   0.103450E+05   0.952278E-08   0.225071E-07  -0.963384E-08
   0.103460E+05   0.830704E-08   0.187879E-07  -0.443360E-08
   0.103470E+05   0.624701E-08   0.131554E-07   0.123676E-08
   0.103480E+05   0.355188E-08   0.618315E-08   0.679978E-08
   0.103490E+05   0.495715E-09  -0.141813E-08   0.116883E-07
   0.103500E+05  -0.261044E-08  -0.887317E-08   0.154033E-07
   0.103510E+05  -0.545030E-08  -0.154211E-07   0.175651E-07
   0.103520E+05  -0.773461E-08  -0.203933E-07   0.179517E-07
   0.103530E+05  -0.923067E-08  -0.232814E-07   0.165221E-07
   0.103540E+05  -0.978612E-08  -0.237894E-07   0.134205E-07
   0.103550E+05  -0.934452E-08  -0.218645E-07   0.896150E-08
   0.103560E+05  -0.795120E-08  -0.177018E-07   0.359850E-08
   0.103570E+05  -0.574861E-08  -0.117255E-07  -0.212268E-08
   0.103580E+05  -0.296191E-08  -0.454490E-08  -0.761932E-08
   0.103590E+05   0.124035E-09   0.310695E-08  -0.123312E-07
   0.103600E+05   0.319368E-08   0.104484E-07  -0.157778E-07
   0.103610E+05   0.593302E-08   0.167288E-07  -0.176073E-07
   0.103620E+05   0.806166E-08   0.213052E-07  -0.176327E-07
   0.103630E+05   0.936151E-08   0.237082E-07  -0.158509E-07
   0.103640E+05   0.969903E-08   0.236898E-07  -0.124433E-07
   0.103650E+05   0.903900E-08   0.212490E-07  -0.775714E-08
   0.103660E+05   0.744820E-08   0.166324E-07  -0.227043E-08
   0.103670E+05   0.508861E-08   0.103087E-07   0.345685E-08
   0.103680E+05   0.220100E-08   0.292136E-08   0.883981E-08
   0.103690E+05  -0.919613E-09  -0.477681E-08   0.133284E-07
   0.103700E+05  -0.395407E-08  -0.120007E-07   0.164634E-07
   0.103710E+05  -0.659160E-08  -0.180127E-07   0.179236E-07
   0.103720E+05  -0.856162E-08  -0.221984E-07   0.175586E-07
   0.103730E+05  -0.966136E-08  -0.241291E-07   0.154041E-07
   0.103740E+05  -0.977669E-08  -0.236059E-07   0.116789E-07
   0.103750E+05  -0.889383E-08  -0.206799E-07   0.676191E-08
   0.103760E+05  -0.710088E-08  -0.156479E-07   0.115446E-08
   0.103770E+05  -0.457894E-08  -0.902127E-08  -0.457136E-08
   0.103780E+05  -0.158372E-08  -0.147500E-08  -0.983086E-08
   0.103790E+05   0.158045E-08   0.622180E-08  -0.140864E-07
   0.103800E+05   0.459164E-08   0.132840E-07  -0.169025E-07
   0.103810E+05   0.714311E-08   0.189906E-07  -0.179901E-07
   0.103820E+05   0.897464E-08   0.227586E-07  -0.172363E-07
   0.103830E+05   0.989908E-08   0.242021E-07  -0.147163E-07
   0.103840E+05   0.982151E-08   0.231725E-07  -0.106856E-07
   0.103850E+05   0.874897E-08   0.197732E-07  -0.555409E-08
   0.103860E+05   0.678988E-08   0.143499E-07   0.155518E-09
   0.103870E+05   0.414299E-08   0.745506E-08   0.586098E-08
   0.103880E+05   0.107722E-08  -0.208362E-09   0.109799E-07
   0.103890E+05  -0.209570E-08  -0.785824E-08   0.149891E-07
   0.103900E+05  -0.505303E-08  -0.147133E-07   0.174783E-07
   0.103910E+05  -0.749388E-08  -0.200728E-07   0.181917E-07
   0.103920E+05  -0.916990E-08  -0.233881E-07   0.170544E-07
   0.103930E+05  -0.991067E-08  -0.243189E-07   0.141804E-07
   0.103940E+05  -0.964108E-08  -0.227683E-07   0.986067E-08
   0.103950E+05  -0.838903E-08  -0.188923E-07   0.453399E-08
   0.103960E+05  -0.628265E-08  -0.130849E-07  -0.125794E-08
   0.103970E+05  -0.353726E-08  -0.593764E-08  -0.692560E-08
   0.103980E+05  -0.433453E-09   0.182074E-08  -0.118918E-07
   0.103990E+05   0.271154E-08   0.939824E-08  -0.156506E-07
   0.104000E+05   0.557620E-08   0.160206E-07  -0.178189E-07
   0.104010E+05   0.786749E-08   0.210102E-07  -0.181758E-07
   0.104020E+05   0.935087E-08   0.238556E-07  -0.166852E-07
   0.104030E+05   0.987417E-08   0.242637E-07  -0.134993E-07
   0.104040E+05   0.938324E-08   0.221898E-07  -0.894374E-08
   0.104050E+05   0.792753E-08   0.178426E-07  -0.348403E-08
   0.104060E+05   0.565505E-08   0.116631E-07   0.232169E-08
   0.104070E+05   0.279738E-08   0.427958E-08   0.787963E-08
   0.104080E+05  -0.353964E-09  -0.355599E-08   0.126209E-07
   0.104090E+05  -0.347723E-08  -0.110448E-07   0.160598E-07
   0.104100E+05  -0.625330E-08  -0.174227E-07   0.178433E-07
   0.104110E+05  -0.839820E-08  -0.220380E-07   0.177872E-07
   0.104120E+05  -0.969223E-08  -0.244183E-07   0.158953E-07
   0.104130E+05  -0.100023E-07  -0.243187E-07   0.123589E-07
   0.104140E+05  -0.929587E-08  -0.217470E-07   0.753786E-08
   0.104150E+05  -0.764386E-08  -0.169632E-07   0.192350E-08
   0.104160E+05  -0.521399E-08  -0.104529E-07  -0.391107E-08
   0.104170E+05  -0.225347E-08  -0.287852E-08  -0.936952E-08
   0.104180E+05   0.936119E-09   0.498885E-08  -0.138932E-07
   0.104190E+05   0.402955E-08   0.123476E-07  -0.170180E-07
   0.104200E+05   0.671116E-08   0.184474E-07  -0.184222E-07
   0.104210E+05   0.870700E-08   0.226661E-07  -0.179591E-07
   0.104220E+05   0.981294E-08   0.245730E-07  -0.156723E-07
   0.104230E+05   0.991545E-08   0.239729E-07  -0.117915E-07
   0.104240E+05   0.900331E-08   0.209266E-07  -0.670929E-08
   0.104250E+05   0.716884E-08   0.157443E-07  -0.941100E-09
   0.104260E+05   0.459853E-08   0.895475E-08   0.492715E-08
   0.104270E+05   0.155407E-08   0.125083E-08   0.102987E-07
   0.104280E+05  -0.165423E-08  -0.658068E-08   0.146271E-07
   0.104290E+05  -0.469915E-08  -0.137395E-07   0.174713E-07
   0.104300E+05  -0.726988E-08  -0.194934E-07   0.185417E-07
   0.104310E+05  -0.910377E-08  -0.232532E-07   0.177288E-07
   0.104320E+05  -0.100132E-07  -0.246330E-07   0.151152E-07
   0.104330E+05  -0.990454E-08  -0.234896E-07   0.109669E-07
   0.104340E+05  -0.878823E-08  -0.199374E-07   0.570669E-08
   0.104350E+05  -0.677733E-08  -0.143370E-07  -0.129417E-09
   0.104360E+05  -0.407626E-08  -0.725850E-08  -0.594636E-08
   0.104370E+05  -0.959957E-09   0.576574E-09  -0.111509E-07
   0.104380E+05   0.225411E-08   0.836868E-08  -0.152120E-07
   0.104390E+05   0.523833E-08   0.153219E-07  -0.177154E-07
   0.104400E+05   0.768838E-08   0.207252E-07  -0.184054E-07
   0.104410E+05   0.935428E-08   0.240250E-07  -0.172116E-07
   0.104420E+05   0.100659E-07   0.248821E-07  -0.142558E-07
   0.104430E+05   0.975056E-08   0.232062E-07  -0.983994E-08
   0.104440E+05   0.844013E-08   0.191655E-07  -0.441516E-08
   0.104450E+05   0.626819E-08   0.131697E-07   0.146400E-08
   0.104460E+05   0.345630E-08   0.582832E-08   0.719628E-08
   0.104470E+05   0.291441E-09  -0.211101E-08   0.121950E-07
   0.104480E+05  -0.290324E-08  -0.983915E-08   0.159480E-07
   0.104490E+05  -0.580136E-08  -0.165677E-07   0.180700E-07
   0.104500E+05  -0.810669E-08  -0.216098E-07   0.183422E-07
   0.104510E+05  -0.958334E-08  -0.244497E-07   0.167344E-07
   0.104520E+05  -0.100799E-07  -0.247964E-07   0.134086E-07
   0.104530E+05  -0.954510E-08  -0.226127E-07   0.870245E-08
   0.104540E+05  -0.803279E-08  -0.181200E-07   0.309500E-08
   0.104550E+05  -0.569681E-08  -0.117752E-07  -0.284224E-08
   0.104560E+05  -0.277523E-08  -0.422462E-08  -0.850344E-08
   0.104570E+05   0.433927E-09   0.376171E-08  -0.133104E-07
   0.104580E+05   0.360302E-08   0.113688E-07  -0.167714E-07
   0.104590E+05   0.640827E-08   0.178198E-07  -0.185318E-07
   0.104600E+05   0.856280E-08   0.224551E-07  -0.184102E-07
   0.104610E+05   0.984597E-08   0.248001E-07  -0.164170E-07
   0.104620E+05   0.101260E-07   0.246135E-07  -0.127539E-07
   0.104630E+05   0.937334E-08   0.219123E-07  -0.779291E-08
   0.104640E+05   0.766405E-08   0.169703E-07  -0.203913E-08
   0.104650E+05   0.517185E-08   0.102902E-07   0.392107E-08
   0.104660E+05   0.215058E-08   0.255259E-08   0.947972E-08
   0.104670E+05  -0.109164E-08  -0.545340E-08   0.140693E-07
   0.104680E+05  -0.422386E-08  -0.129106E-07   0.172205E-07
   0.104690E+05  -0.692606E-08  -0.190570E-07   0.186108E-07
   0.104700E+05  -0.892183E-08  -0.232640E-07   0.180968E-07
   0.104710E+05  -0.100066E-07  -0.251002E-07   0.157293E-07
   0.104720E+05  -0.100687E-07  -0.243759E-07   0.117484E-07
   0.104730E+05  -0.910072E-08  -0.211626E-07   0.655927E-08
   0.104740E+05  -0.720029E-08  -0.157860E-07   0.690379E-09
   0.104750E+05  -0.456046E-08  -0.879265E-08  -0.525979E-08
   0.104760E+05  -0.144987E-08  -0.894820E-09  -0.106840E-07
   0.104770E+05   0.181454E-08   0.710245E-08  -0.150282E-07
   0.104780E+05   0.489981E-08   0.143833E-07  -0.178481E-07
   0.104790E+05   0.749097E-08   0.202043E-07  -0.188545E-07
   0.104800E+05   0.932317E-08   0.239705E-07  -0.179433E-07
   0.104810E+05   0.102087E-07   0.252962E-07  -0.152058E-07
   0.104820E+05   0.100564E-07   0.240445E-07  -0.109199E-07
   0.104830E+05   0.888062E-08   0.203416E-07  -0.552154E-08
   0.104840E+05   0.680039E-08   0.145638E-07   0.439212E-09
   0.104850E+05   0.402693E-08   0.729978E-08   0.635461E-08
   0.104860E+05   0.842335E-09  -0.709615E-09   0.116210E-07
   0.104870E+05  -0.242918E-08  -0.864687E-08   0.157007E-07
   0.104880E+05  -0.545434E-08  -0.157011E-07   0.181764E-07
   0.104890E+05  -0.792478E-08  -0.211509E-07   0.187945E-07
   0.104900E+05  -0.958854E-08  -0.244381E-07   0.174908E-07
   0.104910E+05  -0.102758E-07  -0.252246E-07   0.143971E-07
   0.104920E+05  -0.991637E-08  -0.234276E-07   0.982821E-08
   0.104930E+05  -0.854666E-08  -0.192278E-07   0.424972E-08
   0.104940E+05  -0.630630E-08  -0.130514E-07  -0.176929E-08
   0.104950E+05  -0.342380E-08  -0.552665E-08  -0.761423E-08
   0.104960E+05  -0.193331E-09   0.257980E-08  -0.126878E-07
   0.104970E+05   0.305526E-08   0.104414E-07  -0.164708E-07
   0.104980E+05   0.599013E-08   0.172558E-07  -0.185753E-07
   0.104990E+05   0.831125E-08   0.223268E-07  -0.187845E-07
   0.105000E+05   0.978111E-08   0.251357E-07  -0.170746E-07
   0.105010E+05   0.102490E-07   0.253942E-07  -0.136176E-07
   0.105020E+05   0.966643E-08   0.230739E-07  -0.876408E-08
   0.105030E+05   0.809215E-08   0.184099E-07  -0.300725E-08
   0.105040E+05   0.568624E-08   0.118765E-07   0.306715E-08
   0.105050E+05   0.269387E-08   0.413942E-08   0.884053E-08
   0.105060E+05  -0.579760E-09  -0.401242E-08   0.137246E-07
   0.105070E+05  -0.380045E-08  -0.117469E-07   0.172215E-07
   0.105080E+05  -0.663915E-08  -0.182740E-07   0.189746E-07
   0.105090E+05  -0.880554E-08  -0.229261E-07   0.188049E-07
   0.105100E+05  -0.100777E-07  -0.252266E-07   0.167297E-07
   0.105110E+05  -0.103249E-07  -0.249386E-07   0.129608E-07
   0.105120E+05  -0.952084E-08  -0.220893E-07   0.788299E-08
   0.105130E+05  -0.774662E-08  -0.169675E-07   0.201506E-08
   0.105140E+05  -0.518242E-08  -0.100943E-07  -0.404327E-08
   0.105150E+05  -0.208923E-08  -0.217025E-08  -0.967245E-08
   0.105160E+05   0.121772E-08   0.599608E-08  -0.142963E-07
   0.105170E+05   0.440113E-08   0.135705E-07  -0.174410E-07
   0.105180E+05   0.713602E-08   0.197785E-07  -0.187834E-07
   0.105190E+05   0.914292E-08   0.239838E-07  -0.181843E-07
   0.105200E+05   0.102164E-07   0.257542E-07  -0.157027E-07
   0.105210E+05   0.102463E-07   0.249053E-07  -0.115903E-07
   0.105220E+05   0.922857E-08   0.215198E-07  -0.626525E-08
   0.105230E+05   0.726643E-08   0.159391E-07  -0.270394E-09
   0.105240E+05   0.455940E-08   0.872911E-08   0.578255E-08
   0.105250E+05   0.138324E-08   0.622218E-09   0.112752E-07
   0.105260E+05  -0.193819E-08  -0.755692E-08   0.156457E-07
   0.105270E+05  -0.506592E-08  -0.149756E-07   0.184461E-07
   0.105280E+05  -0.768049E-08  -0.208780E-07   0.193882E-07
   0.105290E+05  -0.951453E-08  -0.246623E-07   0.183732E-07
   0.105300E+05  -0.103801E-07  -0.259424E-07   0.155020E-07
   0.105310E+05  -0.101881E-07  -0.245870E-07   0.110649E-07
   0.105320E+05  -0.895701E-08  -0.207338E-07   0.551222E-08
   0.105330E+05  -0.681164E-08  -0.147752E-07  -0.591221E-09
   0.105340E+05  -0.397006E-08  -0.731880E-08  -0.662408E-08
   0.105350E+05  -0.721634E-09   0.874907E-09  -0.119716E-07
   0.105360E+05   0.260257E-08   0.896962E-08  -0.160884E-07
   0.105370E+05   0.566348E-08   0.161387E-07  -0.185541E-07
   0.105380E+05   0.814865E-08   0.216496E-07  -0.191167E-07
   0.105390E+05   0.980414E-08   0.249385E-07  -0.177180E-07
   0.105400E+05   0.104605E-07   0.256684E-07  -0.144999E-07
   0.105410E+05   0.100502E-07   0.237630E-07  -0.979016E-08
   0.105420E+05   0.861456E-08   0.194154E-07  -0.406907E-08
   0.105430E+05   0.629946E-08   0.130683E-07   0.207948E-08
   0.105440E+05   0.334080E-08   0.536881E-08   0.802746E-08
   0.105450E+05   0.403842E-10  -0.289715E-08   0.131667E-07
   0.105460E+05  -0.326487E-08  -0.108852E-07   0.169712E-07
   0.105470E+05  -0.623725E-08  -0.177784E-07   0.190503E-07
   0.105480E+05  -0.857270E-08  -0.228712E-07   0.191896E-07
   0.105490E+05  -0.100319E-07  -0.256409E-07   0.173719E-07
   0.105500E+05  -0.104649E-07  -0.258017E-07   0.137800E-07
   0.105510E+05  -0.982609E-08  -0.233339E-07   0.877770E-08
   0.105520E+05  -0.817941E-08  -0.184861E-07   0.287306E-08
   0.105530E+05  -0.569168E-08  -0.117504E-07  -0.333349E-08
   0.105540E+05  -0.261571E-08  -0.381190E-08  -0.921022E-08
   0.105550E+05   0.735439E-09   0.452073E-08  -0.141586E-07
   0.105560E+05   0.402028E-08   0.123977E-07  -0.176745E-07
   0.105570E+05   0.690379E-08   0.190149E-07  -0.193994E-07
   0.105580E+05   0.909152E-08   0.236959E-07  -0.191575E-07
   0.105590E+05   0.103597E-07   0.259612E-07  -0.169734E-07
   0.105600E+05   0.105782E-07   0.255773E-07  -0.130701E-07
   0.105610E+05   0.972370E-08   0.225807E-07  -0.784604E-08
   0.105620E+05   0.788226E-08   0.172745E-07  -0.183478E-08
   0.105630E+05   0.524064E-08   0.101978E-07   0.434945E-08
   0.105640E+05   0.206727E-08   0.207065E-08   0.100744E-07
   0.105650E+05  -0.131505E-08  -0.627909E-08   0.147544E-07
   0.105660E+05  -0.456207E-08  -0.140002E-07   0.179100E-07
   0.105670E+05  -0.734313E-08  -0.203047E-07   0.192172E-07
   0.105680E+05  -0.937496E-08  -0.245488E-07   0.185406E-07
   0.105690E+05  -0.104506E-07  -0.262981E-07   0.159473E-07
   0.105700E+05  -0.104604E-07  -0.253725E-07   0.117005E-07
   0.105710E+05  -0.940353E-08  -0.218645E-07   0.623231E-08
   0.105720E+05  -0.738798E-08  -0.161303E-07   0.100228E-09
   0.105730E+05  -0.461953E-08  -0.875329E-08  -0.606989E-08
   0.105740E+05  -0.138091E-08  -0.484707E-09  -0.116476E-07
   0.105750E+05   0.199706E-08   0.783263E-08  -0.160623E-07
   0.105760E+05   0.516918E-08   0.153505E-07  -0.188613E-07
   0.105770E+05   0.781113E-08   0.213018E-07  -0.197567E-07
   0.105780E+05   0.965255E-08   0.250789E-07  -0.186542E-07
   0.105790E+05   0.105047E-07   0.262956E-07  -0.156635E-07
   0.105800E+05   0.102798E-07   0.248270E-07  -0.110870E-07
   0.105810E+05   0.900000E-08   0.208223E-07  -0.538911E-08
   0.105820E+05   0.679519E-08   0.146897E-07   0.850813E-09
   0.105830E+05   0.388985E-08   0.705490E-08   0.699763E-08
   0.105840E+05   0.580201E-09  -0.130251E-08   0.124251E-07
   0.105850E+05  -0.279605E-08  -0.952860E-08   0.165800E-07
   0.105860E+05  -0.589412E-08  -0.167822E-07   0.190382E-07
   0.105870E+05  -0.839735E-08  -0.223209E-07   0.195484E-07
   0.105880E+05  -0.100496E-07  -0.255768E-07   0.180579E-07
   0.105890E+05  -0.106813E-07  -0.262149E-07   0.147179E-07
   0.105900E+05  -0.102271E-07  -0.241670E-07   0.986852E-08
   0.105910E+05  -0.873241E-08  -0.196395E-07   0.400381E-08
   0.105920E+05  -0.634883E-08  -0.130921E-07  -0.227810E-08
   0.105930E+05  -0.331890E-08  -0.519153E-08  -0.833627E-08
   0.105940E+05   0.486775E-10   0.325694E-08  -0.135522E-07
   0.105950E+05   0.341048E-08   0.113911E-07  -0.173931E-07
   0.105960E+05   0.642341E-08   0.183799E-07  -0.194660E-07
   0.105970E+05   0.877970E-08   0.235084E-07  -0.195585E-07
   0.105980E+05   0.102384E-07   0.262511E-07  -0.176602E-07
   0.105990E+05   0.106499E-07   0.263251E-07  -0.139638E-07
   0.106000E+05   0.997148E-08   0.237200E-07  -0.884592E-08
   0.106010E+05   0.827163E-08   0.186987E-07  -0.282857E-08
   0.106020E+05   0.572310E-08   0.117708E-07   0.347405E-08
   0.106030E+05   0.258546E-08   0.364140E-08   0.941814E-08
   0.106040E+05  -0.821391E-09  -0.486142E-08   0.143960E-07
   0.106050E+05  -0.414983E-08  -0.128705E-07   0.178984E-07
   0.106060E+05  -0.705994E-08  -0.195684E-07   0.195660E-07
   0.106070E+05  -0.925425E-08  -0.242705E-07   0.192270E-07
   0.106080E+05  -0.105081E-07  -0.264954E-07   0.169143E-07
   0.106090E+05  -0.106927E-07  -0.260139E-07   0.128624E-07
   0.106100E+05  -0.978815E-08  -0.228727E-07   0.748385E-08
   0.106110E+05  -0.788587E-08  -0.173901E-07   0.132702E-08
   0.106120E+05  -0.517910E-08  -0.101234E-07  -0.497962E-08
   0.106130E+05  -0.194335E-08  -0.181247E-08  -0.107916E-07
   0.106140E+05   0.149168E-08   0.669565E-08  -0.155144E-07
   0.106150E+05   0.477569E-08   0.145331E-07  -0.186640E-07
   0.106160E+05   0.757354E-08   0.208999E-07  -0.199164E-07
   0.106170E+05   0.959947E-08   0.251454E-07  -0.191411E-07
   0.106180E+05   0.106463E-07   0.268348E-07  -0.164142E-07
   0.106190E+05   0.106067E-07   0.257939E-07  -0.120114E-07
   0.106200E+05   0.948400E-08   0.221270E-07  -0.637939E-08
   0.106210E+05   0.739234E-08   0.162064E-07  -0.908540E-10
   0.106220E+05   0.454473E-08   0.863468E-08   0.621399E-08
   0.106230E+05   0.123156E-08   0.183363E-09   0.118927E-07
   0.106240E+05  -0.220900E-08  -0.828571E-08   0.163662E-07
   0.106250E+05  -0.542552E-08  -0.159083E-07   0.191778E-07
   0.106260E+05  -0.808913E-08  -0.219058E-07   0.200401E-07
   0.106270E+05  -0.992714E-08  -0.256651E-07   0.188643E-07
   0.106280E+05  -0.107509E-07  -0.268010E-07   0.157697E-07
   0.106290E+05  -0.104752E-07  -0.251958E-07   0.110713E-07
   0.106300E+05  -0.912690E-08  -0.210118E-07   0.524816E-08
   0.106310E+05  -0.684247E-08  -0.146742E-07  -0.110561E-08
   0.106320E+05  -0.385405E-08  -0.682904E-08  -0.734122E-08
   0.106330E+05  -0.465840E-09   0.172367E-08  -0.128215E-07
   0.106340E+05   0.297685E-08   0.101108E-07  -0.169858E-07
   0.106350E+05   0.612281E-08   0.174755E-07  -0.194075E-07
   0.106360E+05   0.865081E-08   0.230643E-07  -0.198376E-07
   0.106370E+05   0.103024E-07   0.263048E-07  -0.182303E-07
   0.106380E+05   0.109082E-07   0.268634E-07  -0.147477E-07
   0.106390E+05   0.104054E-07   0.246803E-07  -0.974370E-08
   0.106400E+05   0.884448E-08   0.199753E-07  -0.372784E-08
   0.106410E+05   0.638356E-08   0.132259E-07   0.268642E-08
   0.106420E+05   0.327288E-08   0.511878E-08   0.884431E-08
   0.106430E+05  -0.170878E-09  -0.352039E-08   0.141165E-07
   0.106440E+05  -0.359680E-08  -0.118108E-07   0.179635E-07
   0.106450E+05  -0.665553E-08  -0.189065E-07   0.199906E-07
   0.106460E+05  -0.903492E-08  -0.240829E-07   0.199883E-07
   0.106470E+05  -0.104919E-07  -0.268104E-07   0.179541E-07
   0.106480E+05  -0.108773E-07  -0.268092E-07   0.140927E-07
   0.106490E+05  -0.101513E-07  -0.240776E-07   0.879533E-08
   0.106500E+05  -0.838715E-08  -0.188927E-07   0.260009E-08
   0.106510E+05  -0.576437E-08  -0.117820E-07  -0.386290E-08
   0.106520E+05  -0.255002E-08  -0.347026E-08  -0.993572E-08
   0.106530E+05   0.928242E-09   0.519490E-08  -0.149997E-07
   0.106540E+05   0.431566E-08   0.133289E-07  -0.185388E-07
   0.106550E+05   0.726652E-08   0.201009E-07  -0.201920E-07
   0.106560E+05   0.947944E-08   0.248183E-07  -0.197904E-07
   0.106570E+05   0.107281E-07   0.269977E-07  -0.173748E-07
   0.106580E+05   0.108846E-07   0.264146E-07  -0.131915E-07
   0.106590E+05   0.993232E-08   0.231261E-07  -0.766729E-08
   0.106600E+05   0.796775E-08   0.174658E-07  -0.136603E-08
   0.106610E+05   0.519087E-08   0.100097E-07   0.506867E-08
   0.106620E+05   0.188467E-08   0.151763E-08   0.109792E-07
   0.106630E+05  -0.161366E-08  -0.714425E-08   0.157610E-07
   0.106640E+05  -0.494707E-08  -0.150915E-07   0.189245E-07
   0.106650E+05  -0.777513E-08  -0.215120E-07   0.201448E-07
   0.106660E+05  -0.980876E-08  -0.257486E-07   0.192954E-07
   0.106670E+05  -0.108398E-07  -0.273666E-07   0.164611E-07
   0.106680E+05  -0.107623E-07  -0.261982E-07   0.119293E-07
   0.106690E+05  -0.958335E-08  -0.223598E-07   0.616114E-08
   0.106700E+05  -0.742267E-08  -0.162406E-07  -0.255469E-09
   0.106710E+05  -0.450018E-08  -0.846271E-08  -0.666599E-08
   0.106720E+05  -0.111378E-08   0.181641E-09  -0.124158E-07
   0.106730E+05   0.239101E-08   0.881127E-08  -0.169173E-07
   0.106740E+05   0.565631E-08   0.165457E-07  -0.197094E-07
   0.106750E+05   0.834840E-08   0.225950E-07  -0.205055E-07
   0.106760E+05   0.101918E-07   0.263406E-07  -0.192221E-07
   0.106770E+05   0.109975E-07   0.273985E-07  -0.159880E-07
   0.106780E+05   0.106822E-07   0.256588E-07  -0.111314E-07
   0.106790E+05   0.927695E-08   0.212968E-07  -0.514603E-08
   0.106800E+05   0.692419E-08   0.147559E-07   0.135859E-08
   0.106810E+05   0.386313E-08   0.670191E-08   0.771947E-08
   0.106820E+05   0.405515E-09  -0.204410E-08   0.132878E-07
   0.106830E+05  -0.309620E-08  -0.105899E-07   0.174951E-07
   0.106840E+05  -0.628474E-08  -0.180629E-07   0.199114E-07
   0.106850E+05  -0.883451E-08  -0.236995E-07   0.202893E-07
   0.106860E+05  -0.104848E-07  -0.269227E-07   0.185892E-07
   0.106870E+05  -0.110666E-07  -0.274014E-07   0.149838E-07
   0.106880E+05  -0.105197E-07  -0.250847E-07   0.984015E-08
   0.106890E+05  -0.889900E-08  -0.202067E-07   0.368305E-08
   0.106900E+05  -0.636918E-08  -0.132634E-07  -0.285896E-08
   0.106910E+05  -0.318769E-08  -0.496200E-08  -0.911742E-08
   0.106920E+05   0.321261E-09   0.385106E-08  -0.144522E-07
   0.106930E+05   0.379983E-08   0.122763E-07  -0.183169E-07
   0.106940E+05   0.689301E-08   0.194529E-07  -0.203146E-07
   0.106950E+05   0.928490E-08   0.246470E-07  -0.202386E-07
   0.106960E+05   0.107310E-07   0.273262E-07  -0.180938E-07
   0.106970E+05   0.110830E-07   0.272144E-07  -0.140962E-07
   0.106980E+05   0.103045E-07   0.243200E-07  -0.865083E-08
   0.106990E+05   0.847423E-08   0.189356E-07  -0.231125E-08
   0.107000E+05   0.577854E-08   0.116081E-07   0.427748E-08
   0.107010E+05   0.249223E-08   0.308316E-08   0.104442E-07
   0.107020E+05  -0.104933E-08  -0.577073E-08   0.155603E-07
   0.107030E+05  -0.448443E-08  -0.140507E-07   0.191039E-07
   0.107040E+05  -0.746190E-08  -0.209117E-07   0.207129E-07
   0.107050E+05  -0.967700E-08  -0.256528E-07   0.202226E-07
   0.107060E+05  -0.109025E-07  -0.277888E-07   0.176822E-07
   0.107070E+05  -0.110122E-07  -0.271000E-07   0.133503E-07
   0.107080E+05  -0.999332E-08  -0.236548E-07   0.766824E-08
   0.107090E+05  -0.794868E-08  -0.178029E-07   0.121576E-08
   0.107100E+05  -0.508572E-08  -0.101399E-07  -0.534852E-08
   0.107110E+05  -0.169568E-08  -0.144674E-08  -0.113541E-07
   0.107120E+05   0.187612E-08   0.738992E-08  -0.161869E-07
   0.107130E+05   0.526545E-08   0.154681E-07  -0.193523E-07
   0.107140E+05   0.812633E-08   0.219627E-07  -0.205255E-07
   0.107150E+05   0.101664E-07   0.262094E-07  -0.195849E-07
   0.107160E+05   0.111767E-07   0.277730E-07  -0.166245E-07
   0.107170E+05   0.110532E-07   0.264921E-07  -0.119448E-07
   0.107180E+05   0.980738E-08   0.224952E-07  -0.602214E-08
   0.107190E+05   0.756537E-08   0.161887E-07   0.539798E-09
   0.107200E+05   0.455491E-08   0.821473E-08   0.707149E-08
   0.107210E+05   0.108241E-08  -0.613387E-09   0.129058E-07
   0.107220E+05  -0.249835E-08  -0.939450E-08   0.174462E-07
   0.107230E+05  -0.582220E-08  -0.172314E-07   0.202276E-07
   0.107240E+05  -0.854989E-08  -0.233223E-07   0.209638E-07
   0.107250E+05  -0.104027E-07  -0.270431E-07   0.195775E-07
   0.107260E+05  -0.111909E-07  -0.280109E-07   0.162073E-07
   0.107270E+05  -0.108333E-07  -0.261233E-07   0.111948E-07
   0.107280E+05  -0.936536E-08  -0.215695E-07   0.504926E-08
   0.107290E+05  -0.693603E-08  -0.148107E-07  -0.160401E-08
   0.107300E+05  -0.379237E-08  -0.653371E-08  -0.808741E-08
   0.107310E+05  -0.254524E-09   0.241914E-08  -0.137402E-07
   0.107320E+05   0.331687E-08   0.111358E-07  -0.179857E-07
   0.107330E+05   0.655744E-08   0.187277E-07  -0.203908E-07
   0.107340E+05   0.913627E-08   0.244200E-07  -0.207095E-07
   0.107350E+05   0.107896E-07   0.276314E-07  -0.189088E-07
   0.107360E+05   0.113480E-07   0.280329E-07  -0.151718E-07
   0.107370E+05   0.107534E-07   0.255823E-07  -0.987943E-08
   0.107380E+05   0.906535E-08   0.205283E-07  -0.357174E-08
   0.107390E+05   0.645485E-08   0.133853E-07   0.310735E-08
   0.107400E+05   0.318716E-08   0.488162E-08   0.947551E-08
   0.107410E+05  -0.405309E-09  -0.411532E-08   0.148817E-07
   0.107420E+05  -0.395684E-08  -0.126870E-07   0.187725E-07
   0.107430E+05  -0.710568E-08  -0.199575E-07   0.207491E-07
   0.107440E+05  -0.953096E-08  -0.251834E-07   0.206075E-07
   0.107450E+05  -0.109854E-07  -0.278291E-07   0.183602E-07
   0.107460E+05  -0.113207E-07  -0.276222E-07   0.142345E-07
   0.107470E+05  -0.105026E-07  -0.245813E-07   0.864979E-08
   0.107480E+05  -0.861446E-08  -0.190144E-07   0.217488E-08
   0.107490E+05  -0.584893E-08  -0.114877E-07  -0.453013E-08
   0.107500E+05  -0.248823E-08  -0.276803E-08  -0.107810E-07
   0.107510E+05   0.112452E-08   0.625533E-08  -0.159393E-07
   0.107520E+05   0.462035E-08   0.146612E-07  -0.194776E-07
   0.107530E+05   0.764202E-08   0.215906E-07  -0.210333E-07
   0.107540E+05   0.988051E-08   0.263345E-07  -0.204462E-07
   0.107550E+05   0.111066E-07   0.284061E-07  -0.177745E-07
   0.107560E+05   0.111944E-07   0.275912E-07  -0.132894E-07
   0.107570E+05   0.101340E-07   0.239698E-07  -0.744757E-08
   0.107580E+05   0.803295E-08   0.179085E-07  -0.844573E-09
   0.107590E+05   0.510505E-08   0.100232E-07   0.584568E-08
   0.107600E+05   0.164871E-08   0.111660E-08   0.119398E-07
   0.107610E+05  -0.198346E-08  -0.790378E-08   0.168144E-07
   0.107620E+05  -0.542061E-08  -0.161179E-07   0.199702E-07
   0.107630E+05  -0.831152E-08  -0.226872E-07   0.210829E-07
   0.107640E+05  -0.103605E-07  -0.269402E-07   0.200363E-07
   0.107650E+05  -0.113575E-07  -0.284414E-07   0.169347E-07
   0.107660E+05  -0.111997E-07  -0.270355E-07   0.120921E-07
   0.107670E+05  -0.990235E-08  -0.228639E-07   0.600069E-08
   0.107680E+05  -0.759678E-08  -0.163503E-07  -0.719485E-09
   0.107690E+05  -0.451752E-08  -0.815767E-08  -0.738350E-08
   0.107700E+05  -0.978282E-09   0.878928E-09  -0.133115E-07
   0.107710E+05   0.265999E-08   0.983776E-08  -0.178980E-07
   0.107720E+05   0.602588E-08   0.178042E-07  -0.206739E-07
   0.107730E+05   0.877546E-08   0.239642E-07  -0.213542E-07
   0.107740E+05   0.106274E-07   0.276874E-07  -0.198674E-07
   0.107750E+05   0.113917E-07   0.285914E-07  -0.163632E-07
   0.107760E+05   0.109891E-07   0.265815E-07  -0.111970E-07
   0.107770E+05   0.945970E-08   0.218601E-07  -0.489382E-08
   0.107780E+05   0.695823E-08   0.149065E-07   0.190470E-08
   0.107790E+05   0.373899E-08   0.642811E-08   0.850612E-08
   0.107800E+05   0.129710E-09  -0.271128E-08   0.142377E-07
   0.107810E+05  -0.350179E-08  -0.115799E-07   0.185150E-07
   0.107820E+05  -0.678506E-08  -0.192730E-07   0.209018E-07
   0.107830E+05  -0.938486E-08  -0.250047E-07   0.211544E-07
   0.107840E+05  -0.110354E-07  -0.281891E-07   0.192469E-07
   0.107850E+05  -0.115673E-07  -0.284996E-07   0.153742E-07
   0.107860E+05  -0.109254E-07  -0.259028E-07   0.993168E-08
   0.107870E+05  -0.917410E-08  -0.206617E-07   0.347552E-08
   0.107880E+05  -0.649086E-08  -0.133096E-07  -0.333418E-08
   0.107890E+05  -0.314845E-08  -0.459568E-08  -0.980066E-08
   0.107900E+05   0.513006E-09   0.459143E-08  -0.152616E-07
   0.107910E+05   0.412061E-08   0.133141E-07  -0.191569E-07
   0.107920E+05   0.730672E-08   0.206815E-07  -0.210858E-07
   0.107930E+05   0.974650E-08   0.259404E-07  -0.208481E-07
   0.107940E+05   0.111910E-07   0.285523E-07  -0.184645E-07
   0.107950E+05   0.114927E-07   0.282485E-07  -0.141751E-07
   0.107960E+05   0.106206E-07   0.250578E-07  -0.841486E-08
   0.107970E+05   0.866343E-08   0.193037E-07  -0.176946E-08
   0.107980E+05   0.582059E-08   0.115718E-07   0.508444E-08
   0.107990E+05   0.238209E-08   0.265007E-08   0.114481E-07
   0.108000E+05  -0.130116E-08  -0.655145E-08   0.166719E-07
   0.108010E+05  -0.485309E-08  -0.150933E-07   0.202220E-07
   0.108020E+05  -0.791079E-08  -0.221026E-07   0.217344E-07
   0.108030E+05  -0.101616E-07  -0.268622E-07   0.210530E-07
   0.108040E+05  -0.113751E-07  -0.288841E-07   0.182450E-07
   0.108050E+05  -0.114265E-07  -0.279592E-07   0.135946E-07
   0.108060E+05  -0.103097E-07  -0.241791E-07   0.757410E-08
   0.108070E+05  -0.813787E-08  -0.179272E-07   0.796020E-09
   0.108080E+05  -0.513184E-08  -0.983931E-08  -0.604946E-08
   0.108090E+05  -0.159791E-08  -0.739480E-09  -0.122648E-07
   0.108100E+05   0.210355E-08   0.844431E-08  -0.172162E-07
   0.108110E+05   0.559477E-08   0.167746E-07  -0.203984E-07
   0.108120E+05   0.851918E-08   0.234003E-07  -0.214863E-07
   0.108130E+05   0.105778E-07   0.276433E-07  -0.203683E-07
   0.108140E+05   0.115597E-07   0.290682E-07  -0.171580E-07
   0.108150E+05   0.113638E-07   0.275269E-07  -0.121824E-07
   0.108160E+05   0.100092E-07   0.231737E-07  -0.594910E-08
   0.108170E+05   0.763312E-08   0.164502E-07   0.905588E-09
   0.108180E+05   0.447727E-08   0.804001E-08   0.768135E-08
   0.108190E+05   0.863093E-09  -0.120039E-08   0.136854E-07
   0.108200E+05  -0.284096E-08  -0.103292E-07   0.183030E-07
   0.108210E+05  -0.625698E-08  -0.184152E-07   0.210605E-07
   0.108220E+05  -0.903621E-08  -0.246329E-07   0.216736E-07
   0.108230E+05  -0.108946E-07  -0.283470E-07   0.200766E-07
   0.108240E+05  -0.116419E-07  -0.291771E-07   0.164293E-07
   0.108250E+05  -0.112013E-07  -0.270370E-07   0.111006E-07
   0.108260E+05  -0.961685E-08  -0.221435E-07   0.463144E-08
   0.108270E+05  -0.704975E-08  -0.149950E-07  -0.232060E-08
   0.108280E+05  -0.376146E-08  -0.632019E-08  -0.904819E-08
   0.108290E+05  -0.873416E-10   0.299561E-08  -0.148664E-07
   0.108300E+05   0.359763E-08   0.120009E-07  -0.191828E-07
   0.108310E+05   0.691706E-08   0.197752E-07  -0.215576E-07
   0.108320E+05   0.953155E-08   0.255226E-07  -0.217491E-07
   0.108330E+05   0.111734E-07   0.286538E-07  -0.197381E-07
   0.108340E+05   0.116740E-07   0.288458E-07  -0.157303E-07
   0.108350E+05   0.109810E-07   0.260755E-07  -0.101353E-07
   0.108360E+05   0.916408E-08   0.206222E-07  -0.352501E-08
   0.108370E+05   0.640742E-08   0.130394E-07   0.342468E-08
   0.108380E+05   0.299144E-08   0.409846E-08   0.100028E-07
   0.108390E+05  -0.735908E-09  -0.528979E-08   0.155360E-07
   0.108400E+05  -0.439462E-08  -0.141680E-07   0.194570E-07
   0.108410E+05  -0.761136E-08  -0.216300E-07   0.213631E-07
   0.108420E+05  -0.100575E-07  -0.269132E-07   0.210568E-07
   0.108430E+05  -0.114830E-07  -0.294766E-07   0.185670E-07
   0.108440E+05  -0.117413E-07  -0.290562E-07   0.141452E-07
   0.108450E+05  -0.108053E-07  -0.256924E-07   0.824099E-08
   0.108460E+05  -0.876931E-08  -0.197257E-07   0.145564E-08
   0.108470E+05  -0.584017E-08  -0.117625E-07  -0.551886E-08
   0.108480E+05  -0.231585E-08  -0.261338E-08  -0.119704E-07
   0.108490E+05   0.144472E-08   0.678937E-08  -0.172396E-07
   0.108500E+05   0.505830E-08   0.154870E-07  -0.207869E-07
   0.108510E+05   0.815643E-08   0.225918E-07  -0.222479E-07
   0.108520E+05   0.104230E-07   0.273783E-07  -0.214709E-07
   0.108530E+05   0.116266E-07   0.293568E-07  -0.185322E-07
   0.108540E+05   0.116442E-07   0.283240E-07  -0.137289E-07
   0.108550E+05   0.104737E-07   0.243836E-07  -0.754845E-08
   0.108560E+05   0.823438E-08   0.179365E-07  -0.619202E-09
   0.108570E+05   0.515458E-08   0.963957E-08   0.635354E-08
   0.108580E+05   0.154872E-08   0.339071E-09   0.126596E-07
   0.108590E+05  -0.221488E-08  -0.901555E-08   0.176562E-07
   0.108600E+05  -0.575155E-08  -0.174686E-07   0.208339E-07
   0.108610E+05  -0.869948E-08  -0.241556E-07   0.218685E-07
   0.108620E+05  -0.107567E-07  -0.283916E-07   0.206545E-07
   0.108630E+05  -0.117120E-07  -0.297413E-07   0.173156E-07
   0.108640E+05  -0.114665E-07  -0.280637E-07   0.121928E-07
   0.108650E+05  -0.100438E-07  -0.235267E-07   0.580959E-08
   0.108660E+05  -0.758777E-08  -0.165902E-07  -0.118162E-08
   0.108670E+05  -0.434795E-08  -0.795930E-08  -0.806563E-08
   0.108680E+05  -0.654087E-09   0.148724E-08  -0.141376E-07
   0.108690E+05   0.311739E-08   0.107867E-07  -0.187749E-07
   0.108700E+05   0.658177E-08   0.189907E-07  -0.215010E-07
   0.108710E+05   0.938530E-08   0.252617E-07  -0.220340E-07
   0.108720E+05   0.112414E-07   0.289589E-07  -0.203155E-07
   0.108730E+05   0.119597E-07   0.297039E-07  -0.165172E-07
   0.108740E+05   0.114659E-07   0.274191E-07  -0.110231E-07
   0.108750E+05   0.980935E-08   0.223361E-07  -0.439083E-08
   0.108760E+05   0.715778E-08   0.149728E-07   0.270529E-08
   0.108770E+05   0.378068E-08   0.607973E-08   0.954293E-08
   0.108780E+05   0.217136E-10  -0.343531E-08   0.154254E-07
   0.108790E+05  -0.373632E-08  -0.126005E-07   0.197530E-07
   0.108800E+05  -0.711049E-08  -0.204787E-07   0.220838E-07
   0.108810E+05  -0.975678E-08  -0.262635E-07   0.221794E-07
   0.108820E+05  -0.114053E-07  -0.293615E-07   0.200294E-07
   0.108830E+05  -0.118878E-07  -0.294529E-07   0.158523E-07
   0.108840E+05  -0.111549E-07  -0.265247E-07   0.100736E-07
   0.108850E+05  -0.928132E-08  -0.208723E-07   0.328268E-08
   0.108860E+05  -0.645824E-08  -0.130691E-07  -0.382744E-08
   0.108870E+05  -0.297388E-08  -0.390883E-08  -0.105306E-07
   0.108880E+05   0.815880E-09   0.567544E-08  -0.161418E-07
   0.108890E+05   0.452372E-08   0.147066E-07  -0.200868E-07
   0.108900E+05   0.777044E-08   0.222631E-07  -0.219612E-07
   0.108910E+05   0.102237E-07   0.275729E-07  -0.215715E-07
   0.108920E+05   0.116319E-07   0.300926E-07  -0.189554E-07
   0.108930E+05   0.118501E-07   0.295632E-07  -0.143779E-07
   0.108940E+05   0.108547E-07   0.260362E-07  -0.830438E-08
   0.108950E+05   0.874595E-08   0.198695E-07  -0.135353E-08
   0.108960E+05   0.573807E-08   0.116902E-07   0.576597E-08
   0.108970E+05   0.213717E-08   0.233168E-08   0.123275E-07
   0.108980E+05  -0.168978E-08  -0.725199E-08   0.176609E-07
   0.108990E+05  -0.535240E-08  -0.160828E-07   0.212206E-07
   0.109000E+05  -0.847673E-08  -0.232591E-07   0.226417E-07
   0.109010E+05  -0.107434E-07  -0.280470E-07   0.217773E-07
   0.109020E+05  -0.119203E-07  -0.299562E-07   0.187136E-07
   0.109030E+05  -0.118864E-07  -0.287897E-07   0.137613E-07
   0.109040E+05  -0.106440E-07  -0.246642E-07   0.742427E-08
   0.109050E+05  -0.831890E-08  -0.179988E-07   0.348037E-09
   0.109060E+05  -0.514729E-08  -0.947199E-08  -0.674590E-08
   0.109070E+05  -0.145204E-08   0.469869E-10  -0.131337E-07
   0.109080E+05   0.239032E-08   0.958695E-08  -0.181629E-07
   0.109090E+05   0.598801E-08   0.181737E-07  -0.213194E-07
   0.109100E+05   0.897392E-08   0.249296E-07  -0.222799E-07
   0.109110E+05   0.110431E-07   0.291629E-07  -0.209448E-07
   0.109120E+05   0.119841E-07   0.304390E-07  -0.174491E-07
   0.109130E+05   0.117003E-07   0.286247E-07  -0.121485E-07
   0.109140E+05   0.102202E-07   0.239020E-07  -0.558327E-08
   0.109150E+05   0.769424E-08   0.167499E-07   0.157670E-08
   0.109160E+05   0.438001E-08   0.789589E-08   0.860009E-08
   0.109170E+05   0.615588E-09  -0.175832E-08   0.147688E-07
   0.109180E+05  -0.321470E-08  -0.112287E-07   0.194514E-07
   0.109190E+05  -0.671950E-08  -0.195490E-07   0.221675E-07
   0.109200E+05  -0.954043E-08  -0.258699E-07   0.226369E-07
   0.109210E+05  -0.113887E-07  -0.295452E-07   0.208085E-07
   0.109220E+05  -0.120745E-07  -0.301984E-07   0.168658E-07
   0.109230E+05  -0.115267E-07  -0.277613E-07   0.112081E-07
   0.109240E+05  -0.980002E-08  -0.224811E-07   0.441022E-08
   0.109250E+05  -0.706976E-08  -0.148953E-07  -0.283622E-08
   0.109260E+05  -0.361373E-08  -0.577766E-08  -0.979315E-08
   0.109270E+05   0.215833E-09   0.394133E-08  -0.157514E-07
   0.109280E+05   0.402821E-08   0.132687E-07  -0.201032E-07
   0.109290E+05   0.743407E-08   0.212508E-07  -0.224040E-07
   0.109300E+05   0.100852E-07   0.270701E-07  -0.224184E-07
   0.109310E+05   0.117101E-07   0.301292E-07  -0.201440E-07
   0.109320E+05   0.121417E-07   0.301121E-07  -0.158121E-07
   0.109330E+05   0.113347E-07   0.270163E-07  -0.986405E-08
   0.109340E+05   0.937006E-08   0.211536E-07  -0.290661E-08
   0.109350E+05   0.644699E-08   0.131184E-07   0.435002E-08
   0.109360E+05   0.286269E-08   0.372753E-08   0.111645E-07
   0.109370E+05  -0.101789E-08  -0.606313E-08   0.168400E-07
   0.109380E+05  -0.479927E-08  -0.152561E-07   0.207956E-07
   0.109390E+05  -0.809576E-08  -0.229138E-07   0.226252E-07
   0.109400E+05  -0.105708E-07  -0.282546E-07   0.221396E-07
   0.109410E+05  -0.119715E-07  -0.307327E-07   0.193859E-07
   0.109420E+05  -0.121543E-07  -0.300937E-07   0.146426E-07
   0.109430E+05  -0.110998E-07  -0.264012E-07   0.839183E-08
   0.109440E+05  -0.891504E-08  -0.200303E-07   0.126988E-08
   0.109450E+05  -0.582234E-08  -0.116299E-07  -0.599731E-08
   0.109460E+05  -0.213698E-08  -0.205618E-08  -0.126683E-07
   0.109470E+05   0.176504E-08   0.771407E-08  -0.180618E-07
   0.109480E+05   0.548527E-08   0.166834E-07  -0.216262E-07
   0.109490E+05   0.864350E-08   0.239353E-07  -0.229963E-07
   0.109500E+05   0.109165E-07   0.287279E-07  -0.220301E-07
   0.109510E+05   0.120713E-07   0.305699E-07  -0.188244E-07
   0.109520E+05   0.119887E-07   0.292707E-07  -0.137041E-07
   0.109530E+05   0.106758E-07   0.249603E-07  -0.719033E-08
   0.109540E+05   0.826527E-08   0.180763E-07   0.535564E-10
   0.109550E+05   0.500200E-08   0.931943E-08   0.728891E-08
   0.109560E+05   0.121814E-08  -0.417897E-09   0.137774E-07
   0.109570E+05  -0.270065E-08  -0.101422E-07   0.188562E-07
   0.109580E+05  -0.635457E-08  -0.188606E-07   0.220058E-07
   0.109590E+05  -0.937043E-08  -0.256817E-07   0.229034E-07
   0.109600E+05  -0.114398E-07  -0.299072E-07   0.214553E-07
   0.109610E+05  -0.123503E-07  -0.311029E-07   0.178076E-07
   0.109620E+05  -0.120079E-07  -0.291435E-07   0.123306E-07
   0.109630E+05  -0.104460E-07  -0.242255E-07   0.558187E-08
   0.109640E+05  -0.782252E-08  -0.168476E-07  -0.175089E-08
   0.109650E+05  -0.440366E-08  -0.775956E-08  -0.891977E-08
   0.109660E+05  -0.537076E-09   0.211336E-08  -0.151930E-07
   0.109670E+05   0.338371E-08   0.117653E-07  -0.199296E-07
   0.109680E+05   0.695933E-08   0.202123E-07  -0.226450E-07
   0.109690E+05   0.982534E-08   0.265923E-07  -0.230605E-07
   0.109700E+05   0.116894E-07   0.302540E-07  -0.211317E-07
   0.109710E+05   0.123612E-07   0.308227E-07  -0.170538E-07
   0.109720E+05   0.117718E-07   0.282395E-07  -0.112414E-07
   0.109730E+05   0.998095E-08   0.227669E-07  -0.428623E-08
   0.109740E+05   0.717098E-08   0.149628E-07   0.310258E-08
   0.109750E+05   0.362825E-08   0.562353E-08   0.101712E-07
   0.109760E+05  -0.285927E-09  -0.429727E-08   0.161980E-07
   0.109770E+05  -0.417214E-08  -0.137858E-07   0.205670E-07
   0.109780E+05  -0.763360E-08  -0.218714E-07   0.228311E-07
   0.109790E+05  -0.103166E-07  -0.277261E-07   0.227577E-07
   0.109800E+05  -0.119467E-07  -0.307489E-07   0.203528E-07
   0.109810E+05  -0.123567E-07  -0.306271E-07   0.158605E-07
   0.109820E+05  -0.115038E-07  -0.273694E-07   0.973819E-08
   0.109830E+05  -0.947413E-08  -0.213042E-07   0.261020E-08
   0.109840E+05  -0.647391E-08  -0.130470E-07  -0.479583E-08
   0.109850E+05  -0.280857E-08  -0.343780E-08  -0.117232E-07
   0.109860E+05   0.114837E-08   0.654478E-08  -0.174632E-07
   0.109870E+05   0.499340E-08   0.158829E-07  -0.214278E-07
   0.109880E+05   0.833418E-08   0.236237E-07  -0.232095E-07
   0.109890E+05   0.108296E-07   0.289764E-07  -0.226233E-07
   0.109900E+05   0.122245E-07   0.313929E-07  -0.197257E-07
   0.109910E+05   0.123760E-07   0.306248E-07  -0.148090E-07
   0.109920E+05   0.112681E-07   0.267480E-07  -0.837215E-08
   0.109930E+05   0.901327E-08   0.201560E-07  -0.106948E-08
   0.109940E+05   0.584106E-08   0.115195E-07   0.635557E-08
   0.109950E+05   0.207493E-08   0.171865E-08   0.131464E-07
   0.109960E+05  -0.190087E-08  -0.824710E-08   0.186103E-07
   0.109970E+05  -0.568044E-08  -0.173605E-07   0.221895E-07
   0.109980E+05  -0.887766E-08  -0.246904E-07   0.235177E-07
   0.109990E+05  -0.111657E-07  -0.294871E-07   0.224581E-07
   0.110000E+05  -0.123102E-07  -0.312586E-07   0.191174E-07
   0.110010E+05  -0.121936E-07  -0.298214E-07   0.138348E-07
   0.110020E+05  -0.108271E-07  -0.253195E-07   0.714810E-08
   0.110030E+05  -0.834954E-08  -0.182095E-07  -0.261581E-09
   0.110040E+05  -0.501337E-08  -0.921491E-08  -0.763876E-08
   0.110050E+05  -0.115905E-08   0.747953E-09  -0.142309E-07
   0.110060E+05   0.281973E-08   0.106631E-07  -0.193651E-07
   0.110070E+05   0.651616E-08   0.195184E-07  -0.225168E-07
   0.110080E+05   0.955186E-08   0.264092E-07  -0.233638E-07
   0.110090E+05   0.116155E-07   0.306303E-07  -0.218188E-07
   0.110100E+05   0.124948E-07   0.317486E-07  -0.180388E-07
   0.110110E+05   0.120981E-07   0.296470E-07  -0.124092E-07
   0.110120E+05   0.104638E-07   0.245370E-07  -0.550469E-08
   0.110130E+05   0.775693E-08   0.169372E-07   0.196937E-08
   0.110140E+05   0.425206E-08   0.762048E-08   0.924871E-08
   0.110150E+05   0.305534E-09  -0.246428E-08   0.155882E-07
   0.110160E+05  -0.368085E-08  -0.122893E-07   0.203381E-07
   0.110170E+05  -0.730076E-08  -0.208525E-07   0.230100E-07
   0.110180E+05  -0.101848E-07  -0.272801E-07   0.233275E-07
   0.110190E+05  -0.120384E-07  -0.309154E-07   0.212539E-07
   0.110200E+05  -0.126715E-07  -0.313865E-07   0.169970E-07
   0.110210E+05  -0.120185E-07  -0.286443E-07   0.109871E-07
   0.110220E+05  -0.101450E-07  -0.229676E-07   0.383430E-08
   0.110230E+05  -0.724072E-08  -0.149350E-07  -0.373435E-08
   0.110240E+05  -0.360102E-08  -0.536644E-08  -0.109485E-07
   0.110250E+05   0.403749E-09   0.476106E-08  -0.170734E-07
   0.110260E+05   0.436571E-08   0.144124E-07  -0.214846E-07
   0.110270E+05   0.788108E-08   0.226002E-07  -0.237319E-07
   0.110280E+05   0.105914E-07   0.284859E-07  -0.235856E-07
   0.110290E+05   0.122200E-07   0.314650E-07  -0.210597E-07
   0.110300E+05   0.126005E-07   0.312296E-07  -0.164111E-07
   0.110310E+05   0.116938E-07   0.277996E-07  -0.101135E-07
   0.110320E+05   0.959188E-08   0.215212E-07  -0.280869E-08
   0.110330E+05   0.650896E-08   0.130316E-07   0.475804E-08
   0.110340E+05   0.275939E-08   0.319476E-08   0.118145E-07
   0.110350E+05  -0.127421E-08  -0.698722E-08   0.176400E-07
   0.110360E+05  -0.518001E-08  -0.164759E-07   0.216393E-07
   0.110370E+05  -0.855892E-08  -0.243026E-07   0.234033E-07
   0.110380E+05  -0.110654E-07  -0.296673E-07   0.227509E-07
   0.110390E+05  -0.124425E-07  -0.320203E-07   0.197479E-07
   0.110400E+05  -0.125488E-07  -0.311190E-07   0.147002E-07
   0.110410E+05  -0.113720E-07  -0.270524E-07   0.812302E-08
   0.110420E+05  -0.903096E-08  -0.202326E-07   0.688418E-09
   0.110430E+05  -0.576351E-08  -0.113530E-07  -0.684329E-08
   0.110440E+05  -0.190207E-08  -0.131769E-08  -0.137010E-07
   0.110450E+05   0.216000E-08   0.885062E-08  -0.191814E-07
   0.110460E+05   0.600861E-08   0.181149E-07  -0.227211E-07
   0.110470E+05   0.925115E-08   0.255295E-07  -0.239542E-07
   0.110480E+05   0.115565E-07   0.303370E-07  -0.227496E-07
   0.110490E+05   0.126891E-07   0.320454E-07  -0.192248E-07
   0.110500E+05   0.125327E-07   0.304789E-07  -0.137343E-07
   0.110510E+05   0.111025E-07   0.257957E-07  -0.683328E-08
   0.110520E+05   0.854387E-08   0.184724E-07   0.778533E-09
   0.110530E+05   0.511721E-08   0.925559E-08   0.832829E-08
   0.110540E+05   0.117172E-08  -0.914325E-09   0.150488E-07
   0.110550E+05  -0.289026E-08  -0.109987E-07   0.202566E-07
   0.110560E+05  -0.665428E-08  -0.199668E-07   0.234221E-07
   0.110570E+05  -0.973608E-08  -0.269011E-07   0.242234E-07
   0.110580E+05  -0.118208E-07  -0.310906E-07   0.225794E-07
   0.110590E+05  -0.126952E-07  -0.321044E-07   0.186582E-07
   0.110600E+05  -0.122696E-07  -0.298350E-07   0.128602E-07
   0.110610E+05  -0.105868E-07  -0.245105E-07   0.577721E-08
   0.110620E+05  -0.781803E-08  -0.166709E-07  -0.186758E-08
   0.110630E+05  -0.424574E-08  -0.711371E-08  -0.929356E-08
   0.110640E+05  -0.234417E-09   0.318756E-08  -0.157423E-07
   0.110650E+05   0.380627E-08   0.131823E-07  -0.205548E-07
   0.110660E+05   0.746338E-08   0.218501E-07  -0.232391E-07
   0.110670E+05   0.103628E-07   0.283049E-07  -0.235206E-07
   0.110680E+05   0.122076E-07   0.318858E-07  -0.213699E-07
   0.110690E+05   0.128081E-07   0.322242E-07  -0.170064E-07
   0.110700E+05   0.121018E-07   0.292821E-07  -0.108760E-07
   0.110710E+05   0.101593E-07   0.233563E-07  -0.360550E-08
   0.110720E+05   0.717762E-08   0.150481E-07   0.406112E-08
   0.110730E+05   0.346008E-08   0.520240E-08   0.113385E-07
   0.110740E+05  -0.614739E-09  -0.517828E-08   0.174804E-07
   0.110750E+05  -0.463146E-08  -0.150361E-07   0.218554E-07
   0.110760E+05  -0.818031E-08  -0.233656E-07   0.240122E-07
   0.110770E+05  -0.108990E-07  -0.293167E-07   0.237253E-07
   0.110780E+05  -0.125096E-07  -0.322813E-07   0.210185E-07
   0.110790E+05  -0.128472E-07  -0.319556E-07   0.161629E-07
   0.110800E+05  -0.118768E-07  -0.283713E-07   0.964909E-08
   0.110810E+05  -0.969674E-08  -0.218930E-07   0.213744E-08
   0.110820E+05  -0.652897E-08  -0.131807E-07  -0.560901E-08
   0.110830E+05  -0.269647E-08  -0.312313E-08  -0.128025E-07
   0.110840E+05   0.140973E-08   0.725299E-08  -0.187108E-07
   0.110850E+05   0.537038E-08   0.168876E-07  -0.227321E-07
   0.110860E+05   0.878084E-08   0.247954E-07  -0.244564E-07
   0.110870E+05   0.112924E-07   0.301666E-07  -0.237078E-07
   0.110880E+05   0.126479E-07   0.324497E-07  -0.205623E-07
   0.110890E+05   0.127081E-07   0.314081E-07  -0.153404E-07
   0.110900E+05   0.114662E-07   0.271443E-07  -0.857451E-08
   0.110910E+05   0.904819E-08   0.200899E-07  -0.955035E-09
   0.110920E+05   0.570049E-08   0.109619E-07   0.674030E-08
   0.110930E+05   0.176478E-08   0.689647E-09   0.137256E-07
   0.110940E+05  -0.235685E-08  -0.967970E-08   0.192871E-07
   0.110950E+05  -0.624290E-08  -0.190881E-07   0.228559E-07
   0.110960E+05  -0.949548E-08  -0.265744E-07   0.240665E-07
   0.110970E+05  -0.117810E-07  -0.313727E-07   0.227940E-07
   0.110980E+05  -0.128642E-07  -0.329906E-07   0.191670E-07
   0.110990E+05  -0.126325E-07  -0.312596E-07   0.135550E-07
   0.111000E+05  -0.111074E-07  -0.263529E-07   0.653048E-08
   0.111010E+05  -0.844261E-08  -0.187674E-07  -0.118901E-08
   0.111020E+05  -0.490827E-08  -0.927402E-08  -0.881434E-08
   0.111030E+05  -0.863756E-09   0.116137E-08  -0.155651E-07
   0.111040E+05   0.327906E-08   0.114760E-07  -0.207494E-07
   0.111050E+05   0.709776E-08   0.206188E-07  -0.238346E-07
   0.111060E+05   0.102025E-07   0.276574E-07  -0.245018E-07
   0.111070E+05   0.122757E-07   0.318736E-07  -0.226786E-07
   0.111080E+05   0.131048E-07   0.328369E-07  -0.185468E-07
   0.111090E+05   0.126039E-07   0.304483E-07  -0.125242E-07
   0.111100E+05   0.108224E-07   0.249510E-07  -0.522187E-08
   0.111110E+05   0.794054E-08   0.169057E-07   0.261787E-08
   0.111120E+05   0.425096E-08   0.713367E-08   0.101970E-07
   0.111130E+05   0.128816E-09  -0.336697E-08   0.167434E-07
   0.111140E+05  -0.400627E-08  -0.135230E-07   0.215896E-07
   0.111150E+05  -0.773301E-08  -0.222954E-07   0.242408E-07
   0.111160E+05  -0.106714E-07  -0.287859E-07   0.244260E-07
   0.111170E+05  -0.125217E-07  -0.323283E-07   0.221253E-07
   0.111180E+05  -0.130947E-07  -0.325569E-07   0.175728E-07
   0.111190E+05  -0.123316E-07  -0.294443E-07   0.112321E-07
   0.111200E+05  -0.103095E-07  -0.233042E-07   0.375014E-08
   0.111210E+05  -0.723444E-08  -0.147597E-07  -0.410955E-08
   0.111220E+05  -0.341969E-08  -0.468020E-08  -0.115441E-07
   0.111230E+05   0.745652E-09   0.590748E-08  -0.177935E-07
   0.111240E+05   0.483646E-08   0.159234E-07  -0.222181E-07
   0.111250E+05   0.843492E-08   0.243451E-07  -0.243640E-07
   0.111260E+05   0.111732E-07   0.303116E-07  -0.240097E-07
   0.111270E+05   0.127708E-07   0.332117E-07  -0.211887E-07
   0.111280E+05   0.130638E-07   0.327465E-07  -0.161864E-07
   0.111290E+05   0.120209E-07   0.289605E-07  -0.951130E-08
   0.111300E+05   0.974742E-08   0.222366E-07  -0.184315E-08
   0.111310E+05   0.647424E-08   0.132584E-07   0.603625E-08
   0.111320E+05   0.253447E-08   0.293953E-08   0.133227E-07
   0.111330E+05  -0.167046E-08  -0.766836E-08   0.192718E-07
   0.111340E+05  -0.571173E-08  -0.174835E-07   0.232748E-07
   0.111350E+05  -0.917687E-08  -0.255039E-07   0.249210E-07
   0.111360E+05  -0.117119E-07  -0.309103E-07   0.240398E-07
   0.111370E+05  -0.130574E-07  -0.331491E-07   0.207181E-07
   0.111380E+05  -0.130752E-07  -0.319899E-07   0.152923E-07
   0.111390E+05  -0.117625E-07  -0.275487E-07   0.831340E-08
   0.111400E+05  -0.925216E-08  -0.202767E-07   0.491408E-09
   0.111410E+05  -0.579955E-08  -0.109143E-07  -0.737705E-08
   0.111420E+05  -0.175623E-08  -0.416050E-09  -0.144900E-07
   0.111430E+05   0.246564E-08   0.101469E-07  -0.201220E-07
   0.111440E+05   0.643538E-08   0.196959E-07  -0.236982E-07
   0.111450E+05   0.974773E-08   0.272547E-07  -0.248530E-07
   0.111460E+05   0.120642E-07   0.320496E-07  -0.234678E-07
   0.111470E+05   0.131478E-07   0.335880E-07  -0.196831E-07
   0.111480E+05   0.128871E-07   0.317096E-07  -0.138845E-07
   0.111490E+05   0.113079E-07   0.266024E-07  -0.666335E-08
   0.111500E+05   0.857047E-08   0.187842E-07   0.124336E-08
   0.111510E+05   0.495363E-08   0.904988E-08   0.902802E-08
   0.111520E+05   0.826122E-09  -0.160953E-08   0.158949E-07
   0.111530E+05  -0.339086E-08  -0.121078E-07   0.211414E-07
   0.111540E+05  -0.726662E-08  -0.213742E-07   0.242299E-07
   0.111550E+05  -0.104049E-07  -0.284631E-07   0.248424E-07
   0.111560E+05  -0.124844E-07  -0.326503E-07   0.229139E-07
   0.111570E+05  -0.132916E-07  -0.335072E-07   0.186385E-07
   0.111580E+05  -0.127426E-07  -0.309449E-07   0.124503E-07
   0.111590E+05  -0.108919E-07  -0.252235E-07   0.497903E-08
   0.111600E+05  -0.792682E-08  -0.169259E-07  -0.301405E-08
   0.111610E+05  -0.414860E-08  -0.689828E-08  -0.107136E-07
   0.111620E+05   0.582927E-10   0.383552E-08  -0.173337E-07
   0.111630E+05   0.426531E-08   0.141789E-07  -0.221977E-07
   0.111640E+05   0.804356E-08   0.230740E-07  -0.248078E-07
   0.111650E+05   0.110075E-07   0.296100E-07  -0.248959E-07
   0.111660E+05   0.128545E-07   0.331161E-07  -0.224511E-07
   0.111670E+05   0.133954E-07   0.332302E-07  -0.177212E-07
   0.111680E+05   0.125744E-07   0.299361E-07  -0.111875E-07
   0.111690E+05   0.104745E-07   0.235657E-07  -0.351599E-08
   0.111700E+05   0.730929E-08   0.147650E-07   0.451064E-08
   0.111710E+05   0.340118E-08   0.442890E-08   0.120726E-07
   0.111720E+05  -0.851349E-09  -0.639011E-08   0.183966E-07
   0.111730E+05  -0.501439E-08  -0.165893E-07   0.228353E-07
   0.111740E+05  -0.866285E-08  -0.251282E-07   0.249330E-07
   0.111750E+05  -0.114239E-07  -0.311346E-07   0.244724E-07
   0.111760E+05  -0.130149E-07  -0.339940E-07   0.214975E-07
   0.111770E+05  -0.132724E-07  -0.334126E-07   0.163088E-07
   0.111780E+05  -0.121692E-07  -0.294472E-07   0.943302E-08
   0.111790E+05  -0.981669E-08  -0.225000E-07   0.156979E-08
   0.111800E+05  -0.645387E-08  -0.132777E-07  -0.647984E-08
   0.111810E+05  -0.242313E-08  -0.271969E-08  -0.138950E-07
   0.111820E+05   0.186474E-08   0.809750E-08  -0.199186E-07
   0.111830E+05   0.597241E-08   0.180703E-07  -0.239350E-07
   0.111840E+05   0.948060E-08   0.261803E-07  -0.255326E-07
   0.111850E+05   0.120309E-07   0.315986E-07  -0.245462E-07
   0.111860E+05   0.133624E-07   0.337706E-07  -0.210740E-07
   0.111870E+05   0.133383E-07   0.324723E-07  -0.154680E-07
   0.111880E+05   0.119603E-07   0.278342E-07  -0.829785E-08
   0.111890E+05   0.936800E-08   0.203277E-07  -0.293429E-09
   0.111900E+05   0.582518E-08   0.107175E-07   0.772991E-08
   0.111910E+05   0.169280E-08  -0.163294E-10   0.149543E-07
   0.111920E+05  -0.260774E-08  -0.107779E-07   0.206431E-07
   0.111930E+05  -0.663760E-08  -0.204677E-07   0.242156E-07
   0.111940E+05  -0.998524E-08  -0.280945E-07   0.253071E-07
   0.111950E+05  -0.123085E-07  -0.328768E-07   0.238060E-07
   0.111960E+05  -0.133695E-07  -0.343227E-07   0.198651E-07
   0.111970E+05  -0.130592E-07  -0.322804E-07   0.138870E-07
   0.111980E+05  -0.114085E-07  -0.269539E-07   0.648245E-08
   0.111990E+05  -0.858489E-08  -0.188828E-07  -0.159143E-08
   0.112000E+05  -0.487620E-08  -0.888711E-08  -0.950839E-08
   0.112010E+05  -0.660671E-09   0.201609E-08  -0.164574E-07
   0.112020E+05   0.363132E-08   0.127161E-07  -0.217253E-07
   0.112030E+05   0.756121E-08   0.221220E-07  -0.247701E-07
   0.112040E+05   0.107270E-07   0.292740E-07  -0.252759E-07
   0.112050E+05   0.128042E-07   0.334417E-07  -0.231860E-07
   0.112060E+05   0.135794E-07   0.341984E-07  -0.187084E-07
   0.112070E+05   0.129717E-07   0.314653E-07  -0.122951E-07
   0.112080E+05   0.110414E-07   0.255196E-07  -0.459624E-08
   0.112090E+05   0.798371E-08   0.169666E-07   0.360614E-08
   0.112100E+05   0.410924E-08   0.667837E-08   0.114778E-07
   0.112110E+05  -0.187787E-09  -0.429553E-08   0.182172E-07
   0.112120E+05  -0.446967E-08  -0.148346E-07   0.231377E-07
   0.112130E+05  -0.829983E-08  -0.238617E-07   0.257372E-07
   0.112140E+05  -0.112874E-07  -0.304534E-07   0.257499E-07
   0.112150E+05  -0.131271E-07  -0.339340E-07   0.231736E-07
   0.112160E+05  -0.136304E-07  -0.339448E-07   0.182700E-07
   0.112170E+05  -0.127453E-07  -0.304812E-07   0.115382E-07
   0.112180E+05  -0.105609E-07  -0.238930E-07   0.366417E-08
   0.112190E+05  -0.729942E-08  -0.148494E-07  -0.454941E-08
   0.112200E+05  -0.329275E-08  -0.427085E-08  -0.122647E-07
   0.112210E+05   0.105073E-08   0.676477E-08  -0.186943E-07
   0.112220E+05   0.528802E-08   0.171320E-07  -0.231817E-07
   0.112230E+05   0.898662E-08   0.257726E-07  -0.252683E-07
   0.112240E+05   0.117687E-07   0.318037E-07  -0.247404E-07
   0.112250E+05   0.133497E-07   0.346081E-07  -0.216511E-07
   0.112260E+05   0.135673E-07   0.338971E-07  -0.163153E-07
   0.112270E+05   0.123983E-07   0.297410E-07  -0.927775E-08
   0.112280E+05   0.996105E-08   0.225614E-07  -0.125732E-08
   0.112290E+05   0.650324E-08   0.130890E-07   0.692597E-08
   0.112300E+05   0.237703E-08   0.228900E-08   0.144347E-07
   0.112310E+05  -0.199700E-08  -0.873700E-08   0.204994E-07
   0.112320E+05  -0.617265E-08  -0.188636E-07   0.244975E-07
   0.112330E+05  -0.972364E-08  -0.270564E-07   0.260167E-07
   0.112340E+05  -0.122872E-07  -0.324774E-07   0.248974E-07
   0.112350E+05  -0.136009E-07  -0.345711E-07   0.212493E-07
   0.112360E+05  -0.135299E-07  -0.331214E-07   0.154402E-07
   0.112370E+05  -0.120805E-07  -0.282734E-07   0.805897E-08
   0.112380E+05  -0.939982E-08  -0.205198E-07  -0.144306E-09
   0.112390E+05  -0.576064E-08  -0.106500E-07  -0.833504E-08
   0.112400E+05  -0.153392E-08   0.329423E-09  -0.156790E-07
   0.112410E+05   0.284911E-08   0.112980E-07  -0.214276E-07
   0.112420E+05   0.694090E-08   0.211352E-07  -0.249943E-07
   0.112430E+05   0.103232E-07   0.288350E-07  -0.260145E-07
   0.112440E+05   0.126500E-07   0.336086E-07  -0.243833E-07
   0.112450E+05   0.136824E-07   0.349652E-07  -0.202660E-07
   0.112460E+05   0.133136E-07   0.327623E-07  -0.140819E-07
   0.112470E+05   0.115798E-07   0.272207E-07  -0.646129E-08
   0.112480E+05   0.865636E-08   0.189021E-07   0.181822E-08
   0.112490E+05   0.484020E-08   0.865231E-08   0.991129E-08
   0.112500E+05   0.519685E-09  -0.248526E-08   0.169909E-07
   0.112510E+05  -0.386509E-08  -0.133755E-07   0.223329E-07
   0.112520E+05  -0.786707E-08  -0.229076E-07   0.253896E-07
   0.112530E+05  -0.110779E-07  -0.301085E-07   0.258465E-07
   0.112540E+05  -0.131697E-07  -0.342423E-07   0.236540E-07
   0.112550E+05  -0.139282E-07  -0.348854E-07   0.190327E-07
   0.112560E+05  -0.132754E-07  -0.319703E-07   0.124515E-07
   0.112570E+05  -0.112769E-07  -0.257929E-07   0.457973E-08
   0.112580E+05  -0.813574E-08  -0.169821E-07  -0.378109E-08
   0.112590E+05  -0.417159E-08  -0.643633E-08  -0.117788E-07
   0.112600E+05   0.211687E-09   0.476788E-08  -0.185977E-07
   0.112610E+05   0.456722E-08   0.154859E-07  -0.235415E-07
   0.112620E+05   0.845075E-08   0.246217E-07  -0.261049E-07
   0.112630E+05   0.114659E-07   0.312395E-07  -0.260249E-07
   0.112640E+05   0.133048E-07   0.346600E-07  -0.233082E-07
   0.112650E+05   0.137795E-07   0.345294E-07  -0.182304E-07
   0.112660E+05   0.128410E-07   0.308560E-07  -0.113085E-07
   0.112670E+05   0.105848E-07   0.240098E-07  -0.324775E-08
   0.112680E+05   0.724107E-08   0.146852E-07   0.512976E-08
   0.112690E+05   0.315105E-08   0.382980E-08   0.129691E-07
   0.112700E+05  -0.126746E-08  -0.745124E-08   0.194697E-07
   0.112710E+05  -0.556277E-08  -0.180084E-07   0.239672E-07
   0.112720E+05  -0.929542E-08  -0.267650E-07   0.260013E-07
   0.112730E+05  -0.120830E-07  -0.328269E-07   0.253631E-07
   0.112740E+05  -0.136394E-07  -0.355741E-07   0.221164E-07
   0.112750E+05  -0.138037E-07  -0.347241E-07   0.165917E-07
   0.112760E+05  -0.125573E-07  -0.303611E-07   0.935243E-08
   0.112770E+05  -0.100254E-07  -0.229278E-07   0.113785E-08
   0.112780E+05  -0.646461E-08  -0.131803E-07  -0.721240E-08
   0.112790E+05  -0.223690E-08  -0.211132E-08  -0.148438E-07
   0.112800E+05   0.222745E-08   0.915107E-08  -0.209744E-07
   0.112810E+05   0.647353E-08   0.194582E-07  -0.249743E-07
   0.112820E+05   0.100683E-07   0.277583E-07  -0.264307E-07
   0.112830E+05   0.126448E-07   0.332038E-07  -0.251896E-07
   0.112840E+05   0.139397E-07   0.352379E-07  -0.213723E-07
   0.112850E+05   0.138200E-07   0.336518E-07  -0.153628E-07
   0.112860E+05   0.122971E-07   0.286063E-07  -0.776949E-08
   0.112870E+05   0.952544E-08   0.206154E-07   0.637438E-09
   0.112880E+05   0.578702E-08   0.104945E-07   0.900390E-08
   0.112890E+05   0.146260E-08  -0.722917E-09   0.164792E-07
   0.112900E+05  -0.300700E-08  -0.118905E-07   0.223027E-07
   0.112910E+05  -0.716592E-08  -0.218660E-07   0.258818E-07
   0.112920E+05  -0.105897E-07  -0.296279E-07   0.268519E-07
   0.112930E+05  -0.129288E-07  -0.343798E-07   0.251146E-07
   0.112940E+05  -0.139440E-07  -0.356320E-07   0.208471E-07
   0.112950E+05  -0.135313E-07  -0.332516E-07   0.144848E-07
   0.112960E+05  -0.117323E-07  -0.274767E-07   0.667698E-08
   0.112970E+05  -0.873039E-08  -0.188921E-07  -0.177954E-08
   0.112980E+05  -0.483176E-08  -0.837036E-08  -0.100215E-07
   0.112990E+05  -0.434520E-09   0.301756E-08  -0.172072E-07
   0.113000E+05   0.401200E-08   0.141110E-07  -0.226029E-07
   0.113010E+05   0.805309E-08   0.237781E-07  -0.256571E-07
   0.113020E+05   0.112750E-07   0.310316E-07  -0.260576E-07
   0.113030E+05   0.133475E-07   0.351292E-07  -0.237634E-07
   0.113040E+05   0.140571E-07   0.356501E-07  -0.190091E-07
   0.113050E+05   0.133298E-07   0.325380E-07  -0.122811E-07
   0.113060E+05   0.112378E-07   0.261072E-07  -0.426797E-08
   0.113070E+05   0.799310E-08   0.170108E-07   0.420915E-08
   0.113080E+05   0.392551E-08   0.617450E-08   0.122809E-07
   0.113090E+05  -0.550777E-09  -0.529790E-08   0.191181E-07
   0.113100E+05  -0.497940E-08  -0.162367E-07   0.240167E-07
   0.113110E+05  -0.890838E-08  -0.255256E-07   0.264696E-07
   0.113120E+05  -0.119363E-07  -0.322161E-07   0.262191E-07
   0.113130E+05  -0.137531E-07  -0.356239E-07   0.232828E-07
   0.113140E+05  -0.141723E-07  -0.353993E-07   0.179529E-07
   0.113150E+05  -0.131496E-07  -0.315628E-07   0.107661E-07
   0.113160E+05  -0.107878E-07  -0.245040E-07   0.244936E-08
   0.113170E+05  -0.732645E-08  -0.149412E-07  -0.615407E-08
   0.113180E+05  -0.311747E-08  -0.384906E-08  -0.141706E-07
   0.113190E+05   0.141072E-08   0.764096E-08  -0.207853E-07
   0.113200E+05   0.579678E-08   0.183560E-07  -0.253253E-07
   0.113210E+05   0.959355E-08   0.272014E-07  -0.273281E-07
   0.113220E+05   0.124137E-07   0.332727E-07  -0.265895E-07
   0.113230E+05   0.139692E-07   0.359478E-07  -0.231842E-07
   0.113240E+05   0.141011E-07   0.349511E-07  -0.174584E-07
   0.113250E+05   0.127954E-07   0.303817E-07  -0.999493E-08
   0.113260E+05   0.101850E-07   0.227038E-07  -0.155381E-08
   0.113270E+05   0.653605E-08   0.126993E-07   0.700522E-08
   0.113280E+05   0.222085E-08   0.138875E-08   0.148103E-07
   0.113290E+05  -0.231993E-08  -0.100731E-07   0.210665E-07
   0.113300E+05  -0.662226E-08  -0.205148E-07   0.251367E-07
   0.113310E+05  -0.102461E-07  -0.288678E-07   0.266072E-07
   0.113320E+05  -0.128205E-07  -0.342756E-07   0.253298E-07
   0.113330E+05  -0.140811E-07  -0.361816E-07   0.214369E-07
   0.113340E+05  -0.138977E-07  -0.343860E-07   0.153286E-07
   0.113350E+05  -0.122875E-07  -0.290664E-07   0.763191E-08
   0.113360E+05  -0.941332E-08  -0.207605E-07  -0.863530E-09
   0.113370E+05  -0.556738E-08  -0.103112E-07  -0.928552E-08
   0.113380E+05  -0.114138E-08   0.121904E-08  -0.167686E-07
   0.113390E+05   0.341328E-08   0.126564E-07  -0.225424E-07
   0.113400E+05   0.763154E-08   0.228353E-07  -0.260104E-07
   0.113410E+05   0.110822E-07   0.307175E-07  -0.268114E-07
   0.113420E+05   0.134118E-07   0.354981E-07  -0.248561E-07
   0.113430E+05   0.143809E-07   0.366876E-07  -0.203369E-07
   0.113440E+05   0.138888E-07   0.341625E-07  -0.137086E-07
   0.113450E+05   0.119833E-07   0.281781E-07  -0.564225E-08
   0.113460E+05   0.885692E-08   0.193426E-07   0.304344E-08
   0.113470E+05   0.482645E-08   0.855516E-08   0.114651E-07
   0.113480E+05   0.301347E-09  -0.308505E-08   0.187650E-07
   0.113490E+05  -0.425819E-08  -0.143914E-07   0.241984E-07
   0.113500E+05  -0.838809E-08  -0.242106E-07   0.272102E-07
   0.113510E+05  -0.116677E-07  -0.315406E-07   0.274909E-07
   0.113520E+05  -0.137630E-07  -0.356327E-07   0.250094E-07
   0.113530E+05  -0.144601E-07  -0.360685E-07   0.200156E-07
   0.113540E+05  -0.136880E-07  -0.328026E-07   0.130158E-07
   0.113550E+05  -0.115253E-07  -0.261677E-07   0.472083E-08
   0.113560E+05  -0.819249E-08  -0.168407E-07  -0.402596E-08
   0.113570E+05  -0.402964E-08  -0.577418E-08  -0.123348E-07
   0.113580E+05   0.538379E-09   0.590088E-08  -0.193602E-07
   0.113590E+05   0.504512E-08   0.169903E-07  -0.243871E-07
   0.113600E+05   0.903012E-08   0.263587E-07  -0.269042E-07
   0.113610E+05   0.120860E-07   0.330454E-07  -0.266559E-07
   0.113620E+05   0.138999E-07   0.363625E-07  -0.236690E-07
   0.113630E+05   0.142857E-07   0.359658E-07  -0.182498E-07
   0.113640E+05   0.132029E-07   0.318900E-07  -0.109531E-07
   0.113650E+05   0.107612E-07   0.245452E-07  -0.252580E-08
   0.113660E+05   0.720882E-08   0.146762E-07   0.616911E-08
   0.113670E+05   0.290792E-08   0.328588E-08   0.142408E-07
   0.113680E+05  -0.170272E-08  -0.846620E-08   0.208613E-07
   0.113690E+05  -0.615232E-08  -0.193824E-07   0.253505E-07
   0.113700E+05  -0.998610E-08  -0.283492E-07   0.272451E-07
   0.113710E+05  -0.128118E-07  -0.344505E-07   0.263467E-07
   0.113720E+05  -0.143397E-07  -0.370621E-07   0.227421E-07
   0.113730E+05  -0.144125E-07  -0.359148E-07   0.167944E-07
   0.113740E+05  -0.130210E-07  -0.311227E-07   0.910669E-08
   0.113750E+05  -0.103059E-07  -0.231719E-07   0.460459E-09
   0.113760E+05  -0.654291E-08  -0.128708E-07  -0.826410E-08
   0.113770E+05  -0.211505E-08  -0.126840E-08  -0.161777E-07
   0.113780E+05   0.252645E-08   0.104528E-07  -0.224728E-07
   0.113790E+05   0.690812E-08   0.210976E-07  -0.265062E-07
   0.113800E+05   0.105826E-07   0.295794E-07  -0.278644E-07
   0.113810E+05   0.131743E-07   0.350320E-07  -0.264068E-07
   0.113820E+05   0.144180E-07   0.368977E-07  -0.222794E-07
   0.113830E+05   0.141856E-07   0.349845E-07  -0.159010E-07
   0.113840E+05   0.124997E-07   0.294861E-07  -0.792013E-08
   0.113850E+05   0.953132E-08   0.209625E-07   0.850842E-09
   0.113860E+05   0.558262E-08   0.102831E-07   0.951827E-08
   0.113870E+05   0.105602E-08  -0.146208E-08   0.171985E-07
   0.113880E+05  -0.358666E-08  -0.130729E-07   0.231081E-07
   0.113890E+05  -0.787129E-08  -0.233619E-07   0.266437E-07
   0.113900E+05  -0.113599E-07  -0.312756E-07   0.274440E-07
   0.113910E+05  -0.136953E-07  -0.360021E-07   0.254267E-07
   0.113920E+05  -0.146377E-07  -0.370537E-07   0.207969E-07
   0.113930E+05  -0.140892E-07  -0.343179E-07   0.140269E-07
   0.113940E+05  -0.121042E-07  -0.280682E-07   0.580752E-08
   0.113950E+05  -0.888361E-08  -0.189376E-07  -0.302156E-08
   0.113960E+05  -0.475454E-08  -0.785320E-08  -0.115579E-07
   0.113970E+05  -0.137279E-09   0.405720E-08  -0.189281E-07
   0.113980E+05   0.449773E-08   0.155806E-07  -0.243774E-07
   0.113990E+05   0.867780E-08   0.255422E-07  -0.273462E-07
   0.114000E+05   0.119763E-07   0.329256E-07  -0.275281E-07
   0.114010E+05   0.140560E-07   0.369764E-07  -0.249009E-07
   0.114020E+05   0.147040E-07   0.372797E-07  -0.197294E-07
   0.114030E+05   0.138531E-07   0.338022E-07  -0.125384E-07
   0.114040E+05   0.115892E-07   0.268967E-07  -0.405965E-08
   0.114050E+05   0.814234E-08   0.172656E-07   0.484275E-08
   0.114060E+05   0.386347E-08   0.589010E-08   0.132605E-07
   0.114070E+05  -0.811192E-09  -0.607010E-08   0.203339E-07
   0.114080E+05  -0.540469E-08  -0.173948E-07   0.253392E-07
   0.114090E+05  -0.944794E-08  -0.269279E-07   0.277631E-07
   0.114100E+05  -0.125276E-07  -0.336954E-07   0.273550E-07
   0.114110E+05  -0.143284E-07  -0.370051E-07   0.241531E-07
   0.114120E+05  -0.146652E-07  -0.365172E-07   0.184804E-07
   0.114130E+05  -0.135023E-07  -0.322795E-07   0.109125E-07
   0.114140E+05  -0.109568E-07  -0.247229E-07   0.221863E-08
   0.114150E+05  -0.728727E-08  -0.146174E-07  -0.671653E-08
   0.114160E+05  -0.286701E-08  -0.299407E-08  -0.149829E-07
   0.114170E+05   0.185357E-08   0.896019E-08  -0.217379E-07
   0.114180E+05   0.639307E-08   0.200236E-07  -0.262926E-07
   0.114190E+05   0.102881E-07   0.290642E-07  -0.281819E-07
   0.114200E+05   0.131407E-07   0.351558E-07  -0.272125E-07
   0.114210E+05   0.146588E-07   0.376722E-07  -0.234825E-07
   0.114220E+05   0.146863E-07   0.363520E-07  -0.173719E-07
   0.114230E+05   0.132192E-07   0.313251E-07  -0.950355E-08
   0.114240E+05   0.104058E-07   0.231003E-07  -0.680399E-09
   0.114250E+05   0.653207E-08   0.125134E-07   0.819685E-08
   0.114260E+05   0.199228E-08   0.642231E-09   0.162214E-07
   0.114270E+05  -0.275091E-08  -0.113029E-07   0.225731E-07
   0.114280E+05  -0.721368E-08  -0.221028E-07   0.266020E-07
   0.114290E+05  -0.109405E-07  -0.306539E-07   0.278950E-07
   0.114300E+05  -0.135503E-07  -0.360808E-07   0.263185E-07
   0.114310E+05  -0.147761E-07  -0.378257E-07   0.220317E-07
   0.114320E+05  -0.144915E-07  -0.357062E-07   0.154713E-07
   0.114330E+05  -0.127244E-07  -0.299334E-07   0.730630E-08
   0.114340E+05  -0.965379E-08  -0.210915E-07  -0.162917E-08
   0.114350E+05  -0.559195E-08  -0.100780E-07  -0.104216E-07
   0.114360E+05  -0.952535E-09   0.198734E-08  -0.181709E-07
   0.114370E+05   0.379148E-08   0.138768E-07  -0.240825E-07
   0.114380E+05   0.815606E-08   0.243796E-07  -0.275487E-07
   0.114390E+05   0.116954E-07   0.324257E-07  -0.282107E-07
   0.114400E+05   0.140476E-07   0.371951E-07  -0.259954E-07
   0.114410E+05   0.149713E-07   0.382014E-07  -0.211236E-07
   0.114420E+05   0.143710E-07   0.353420E-07  -0.140876E-07
   0.114430E+05   0.123061E-07   0.289088E-07  -0.560080E-08
   0.114440E+05   0.898584E-08   0.195587E-07   0.347408E-08
   0.114450E+05   0.474729E-08   0.824642E-08   0.122135E-07
   0.114460E+05   0.215634E-10  -0.387202E-08   0.197269E-07
   0.114470E+05  -0.471032E-08  -0.155578E-07   0.252479E-07
   0.114480E+05  -0.896640E-08  -0.256154E-07   0.282123E-07
   0.114490E+05  -0.123130E-07  -0.330148E-07   0.283158E-07
   0.114500E+05  -0.144088E-07  -0.369970E-07   0.255456E-07
   0.114510E+05  -0.150401E-07  -0.371512E-07   0.201816E-07
   0.114520E+05  -0.141424E-07  -0.334577E-07   0.127683E-07
   0.114530E+05  -0.118069E-07  -0.262900E-07   0.405910E-08
   0.114540E+05  -0.827190E-08  -0.163767E-07  -0.505985E-08
   0.114550E+05  -0.389790E-08  -0.472798E-08  -0.136604E-07
   0.114560E+05   0.868730E-09   0.746752E-08  -0.208671E-07
   0.114570E+05   0.554140E-08   0.189640E-07  -0.259461E-07
   0.114580E+05   0.964291E-08   0.285855E-07  -0.283806E-07
   0.114590E+05   0.127542E-07   0.353460E-07  -0.279237E-07
   0.114600E+05   0.145571E-07   0.385505E-07  -0.246234E-07
   0.114610E+05   0.148671E-07   0.378659E-07  -0.188183E-07
   0.114620E+05   0.136519E-07   0.333556E-07  -0.111029E-07
   0.114630E+05   0.110350E-07   0.254736E-07  -0.226730E-08
   0.114640E+05   0.728354E-08   0.150179E-07   0.678348E-08
   0.114650E+05   0.278042E-08   0.305024E-08   0.151218E-07
   0.114660E+05  -0.201415E-08  -0.921276E-08   0.218923E-07
   0.114670E+05  -0.660985E-08  -0.205231E-07   0.263990E-07
   0.114680E+05  -0.105362E-07  -0.297290E-07   0.281769E-07
   0.114690E+05  -0.133907E-07  -0.358924E-07   0.270395E-07
   0.114700E+05  -0.148800E-07  -0.383848E-07   0.230983E-07
   0.114710E+05  -0.148498E-07  -0.369518E-07   0.167513E-07
   0.114720E+05  -0.133010E-07  -0.317396E-07   0.864320E-08
   0.114730E+05  -0.103893E-07  -0.232797E-07  -0.400529E-09
   0.114740E+05  -0.641017E-08  -0.124358E-07  -0.945768E-08
   0.114750E+05  -0.176795E-08  -0.315490E-09  -0.176033E-07
   0.114760E+05   0.306472E-08   0.118427E-07  -0.240042E-07
   0.114770E+05   0.759533E-08   0.227951E-07  -0.280040E-07
   0.114780E+05   0.113617E-07   0.314204E-07  -0.291903E-07
   0.114790E+05   0.139793E-07   0.368339E-07  -0.274373E-07
   0.114800E+05   0.151804E-07   0.384778E-07  -0.229183E-07
   0.114810E+05   0.148416E-07   0.361789E-07  -0.160892E-07
   0.114820E+05   0.129965E-07   0.301663E-07  -0.764123E-08
   0.114830E+05   0.983243E-08   0.210483E-07   0.156841E-08
   0.114840E+05   0.567156E-08   0.975099E-08   0.106045E-07
   0.114850E+05   0.937899E-09  -0.257656E-08   0.185490E-07
   0.114860E+05  -0.388575E-08  -0.146789E-07   0.245944E-07
   0.114870E+05  -0.830705E-08  -0.253227E-07   0.281268E-07
   0.114880E+05  -0.118744E-07  -0.334221E-07   0.287881E-07
   0.114890E+05  -0.142231E-07  -0.381502E-07   0.265132E-07
   0.114900E+05  -0.151126E-07  -0.390236E-07   0.215364E-07
   0.114910E+05  -0.144512E-07  -0.359517E-07   0.143683E-07
   0.114920E+05  -0.123053E-07  -0.292468E-07   0.574310E-08
   0.114930E+05  -0.889327E-08  -0.195920E-07  -0.345544E-08
   0.114940E+05  -0.456279E-08  -0.797244E-08  -0.122846E-07
   0.114950E+05   0.244338E-09   0.442557E-08  -0.198387E-07
   0.114960E+05   0.503726E-08   0.163351E-07  -0.253417E-07
   0.114970E+05   0.932612E-08   0.265382E-07  -0.282266E-07
   0.114980E+05   0.126721E-07   0.339896E-07  -0.281933E-07
   0.114990E+05   0.147323E-07   0.379246E-07  -0.252397E-07
   0.115000E+05   0.152947E-07   0.379362E-07  -0.196621E-07
   0.115010E+05   0.143002E-07   0.340180E-07  -0.120254E-07
   0.115020E+05   0.118484E-07   0.265646E-07  -0.310505E-08
   0.115030E+05   0.818808E-08   0.163317E-07   0.619107E-08
   0.115040E+05   0.369139E-08   0.435966E-08   0.149159E-07
   0.115050E+05  -0.118361E-08  -0.813274E-08   0.221795E-07
   0.115060E+05  -0.593981E-08  -0.198725E-07   0.272402E-07
   0.115070E+05  -0.100917E-07  -0.296621E-07   0.295804E-07
   0.115080E+05  -0.132151E-07  -0.365021E-07   0.289594E-07
   0.115090E+05  -0.149903E-07  -0.396931E-07   0.254387E-07
   0.115100E+05  -0.152348E-07  -0.389072E-07   0.193756E-07
   0.115110E+05  -0.139223E-07  -0.342223E-07   0.113872E-07
   0.115120E+05  -0.111854E-07  -0.261140E-07   0.228782E-08
   0.115130E+05  -0.730210E-08  -0.154076E-07  -0.699434E-08
   0.115140E+05  -0.266774E-08  -0.319426E-08  -0.155115E-07
   0.115150E+05   0.224535E-08   0.928037E-08  -0.223931E-07
   0.115160E+05   0.693591E-08   0.207431E-07  -0.269349E-07
   0.115170E+05   0.109249E-07   0.300229E-07  -0.286708E-07
   0.115180E+05   0.138045E-07   0.361710E-07  -0.274207E-07
   0.115190E+05   0.152796E-07   0.385574E-07  -0.233094E-07
   0.115200E+05   0.151982E-07   0.369359E-07  -0.167537E-07
   0.115210E+05   0.135668E-07   0.314693E-07  -0.842069E-08
   0.115220E+05   0.105503E-07   0.227131E-07   0.840585E-09
   0.115230E+05   0.645481E-08   0.115595E-07   0.100852E-07
   0.115240E+05   0.169682E-08  -0.853861E-09   0.183690E-07
   0.115250E+05  -0.323924E-08  -0.132594E-07   0.248446E-07
   0.115260E+05  -0.785046E-08  -0.243893E-07   0.288483E-07
   0.115270E+05  -0.116667E-07  -0.331042E-07   0.299675E-07
   0.115280E+05  -0.142984E-07  -0.385105E-07   0.280837E-07
   0.115290E+05  -0.154770E-07  -0.400512E-07   0.233840E-07
   0.115300E+05  -0.150816E-07  -0.375631E-07   0.163429E-07
   0.115310E+05  -0.131521E-07  -0.312939E-07   0.767385E-08
   0.115320E+05  -0.988486E-08  -0.218775E-07  -0.174335E-08
   0.115330E+05  -0.561282E-08  -0.102690E-07  -0.109521E-07
   0.115340E+05  -0.771777E-09   0.235165E-08  -0.190168E-07
   0.115350E+05   0.414417E-08   0.147008E-07  -0.251179E-07
   0.115360E+05   0.863298E-08   0.255213E-07  -0.286361E-07
   0.115370E+05   0.122359E-07   0.337112E-07  -0.292154E-07
   0.115380E+05   0.145845E-07   0.384365E-07  -0.267996E-07
   0.115390E+05   0.154379E-07   0.392161E-07  -0.216384E-07
   0.115400E+05   0.147082E-07   0.359715E-07  -0.142620E-07
   0.115410E+05   0.124688E-07   0.290351E-07  -0.542725E-08
   0.115420E+05   0.894769E-08   0.191166E-07   0.395971E-08
   0.115430E+05   0.450378E-08   0.723103E-08   0.129356E-07
   0.115440E+05  -0.409251E-09  -0.540496E-08   0.205785E-07
   0.115450E+05  -0.528941E-08  -0.174968E-07   0.261022E-07
   0.115460E+05  -0.963754E-08  -0.278042E-07   0.289362E-07
   0.115470E+05  -0.130083E-07  -0.352677E-07   0.287848E-07
   0.115480E+05  -0.150557E-07  -0.391175E-07   0.256569E-07
   0.115490E+05  -0.155685E-07  -0.389516E-07   0.198662E-07
   0.115500E+05  -0.144919E-07  -0.347777E-07   0.119987E-07
   0.115510E+05  -0.119334E-07  -0.270125E-07   0.285365E-08
   0.115520E+05  -0.815175E-08  -0.164399E-07  -0.663805E-08
   0.115530E+05  -0.353101E-08  -0.413120E-08  -0.155086E-07
   0.115540E+05   0.145883E-08   0.866417E-08  -0.228523E-07
   0.115550E+05   0.630959E-08   0.206457E-07  -0.279178E-07
   0.115560E+05   0.105267E-07   0.305944E-07  -0.301851E-07
   0.115570E+05   0.136799E-07   0.374977E-07  -0.294188E-07
   0.115580E+05   0.154468E-07   0.406523E-07  -0.256927E-07
   0.115590E+05   0.156462E-07   0.397369E-07  -0.193820E-07
   0.115600E+05   0.142568E-07   0.348445E-07  -0.111259E-07
   0.115610E+05   0.114191E-07   0.264740E-07  -0.176250E-08
   0.115620E+05   0.742157E-08   0.154790E-07   0.775675E-08
   0.115630E+05   0.267108E-08   0.298145E-08   0.164637E-07
   0.115640E+05  -0.234830E-08  -0.974313E-08   0.234724E-07
   0.115650E+05  -0.712481E-08  -0.213954E-07   0.280695E-07
   0.115660E+05  -0.111711E-07  -0.307850E-07   0.297871E-07
   0.115670E+05  -0.140741E-07  -0.369519E-07   0.284506E-07
   0.115680E+05  -0.155371E-07  -0.392652E-07   0.241968E-07
   0.115690E+05  -0.154103E-07  -0.374869E-07   0.174602E-07
   0.115700E+05  -0.137059E-07  -0.317975E-07   0.892870E-08
   0.115710E+05  -0.105974E-07  -0.227773E-07  -0.526459E-09
   0.115720E+05  -0.640173E-08  -0.113476E-07  -0.993940E-08
   0.115730E+05  -0.154712E-08   0.132273E-08  -0.183482E-07
   0.115740E+05   0.347061E-08   0.139368E-07  -0.248932E-07
   0.115750E+05   0.813857E-08   0.252017E-07  -0.289046E-07
   0.115760E+05   0.119791E-07   0.339607E-07  -0.299714E-07
   0.115770E+05   0.145988E-07   0.393113E-07  -0.279831E-07
   0.115780E+05   0.157284E-07   0.406977E-07  -0.231416E-07
   0.115790E+05   0.152507E-07   0.379680E-07  -0.159405E-07
   0.115800E+05   0.132126E-07   0.313901E-07  -0.711502E-08
   0.115810E+05   0.982027E-08   0.216246E-07   0.243273E-08
   0.115820E+05   0.541868E-08   0.965811E-08   0.117261E-07
   0.115830E+05   0.456083E-09  -0.329742E-08   0.198135E-07
   0.115840E+05  -0.456141E-08  -0.159279E-07   0.258655E-07
   0.115850E+05  -0.912148E-08  -0.269510E-07   0.292601E-07
   0.115860E+05  -0.127579E-07  -0.352473E-07   0.296460E-07
   0.115870E+05  -0.150981E-07  -0.399741E-07   0.269793E-07
   0.115880E+05  -0.159015E-07  -0.406523E-07   0.215279E-07
   0.115890E+05  -0.150839E-07  -0.372148E-07   0.138450E-07
   0.115900E+05  -0.127264E-07  -0.300142E-07   0.471240E-08
   0.115910E+05  -0.906729E-08  -0.197867E-07  -0.493866E-08
   0.115920E+05  -0.447787E-08  -0.757762E-08  -0.141226E-07
   0.115930E+05   0.575325E-09   0.536527E-08  -0.218999E-07
   0.115940E+05   0.557800E-08   0.177190E-07  -0.274732E-07
   0.115950E+05   0.100206E-07   0.282202E-07  -0.302689E-07
   0.115960E+05   0.134500E-07   0.357943E-07  -0.299957E-07
   0.115970E+05   0.155164E-07   0.396654E-07  -0.266750E-07
   0.115980E+05   0.160084E-07   0.394352E-07  -0.206387E-07
   0.115990E+05   0.148750E-07   0.351249E-07  -0.124962E-07
   0.116000E+05   0.122310E-07   0.271723E-07  -0.307207E-08
   0.116010E+05   0.834528E-08   0.163883E-07   0.667761E-08
   0.116020E+05   0.361352E-08   0.387384E-08   0.157626E-07
   0.116030E+05  -0.148208E-08  -0.909201E-08   0.232593E-07
   0.116040E+05  -0.642190E-08  -0.211826E-07   0.284054E-07
   0.116050E+05  -0.107019E-07  -0.311591E-07   0.306772E-07
   0.116060E+05  -0.138852E-07  -0.379971E-07   0.298436E-07
   0.116070E+05  -0.156465E-07  -0.409915E-07   0.259896E-07
   0.116080E+05  -0.158055E-07  -0.398287E-07   0.195081E-07
   0.116090E+05  -0.143452E-07  -0.346190E-07   0.110598E-07
   0.116100E+05  -0.114142E-07  -0.258859E-07   0.150603E-08
   0.116110E+05  -0.731125E-08  -0.145129E-07  -0.817901E-08
   0.116120E+05  -0.245492E-08  -0.165380E-08  -0.170075E-07
   0.116130E+05   0.265887E-08   0.113848E-07  -0.240788E-07
   0.116140E+05   0.750752E-08   0.232768E-07  -0.286716E-07
   0.116150E+05   0.115951E-07   0.328118E-07  -0.303174E-07
   0.116160E+05   0.145028E-07   0.390190E-07  -0.288487E-07
   0.116170E+05   0.159321E-07   0.412661E-07  -0.244160E-07
   0.116180E+05   0.157351E-07   0.393243E-07  -0.174730E-07
   0.116190E+05   0.139298E-07   0.333920E-07  -0.873003E-08
   0.116200E+05   0.106983E-07   0.240750E-07   0.917863E-09
   0.116210E+05   0.636860E-08   0.123249E-07   0.104826E-07
   0.116220E+05   0.138109E-08  -0.657822E-09   0.189838E-07
   0.116230E+05  -0.375629E-08  -0.135460E-07   0.255488E-07
   0.116240E+05  -0.851982E-08  -0.250211E-07   0.295024E-07
   0.116250E+05  -0.124234E-07  -0.339080E-07   0.304353E-07
   0.116260E+05  -0.150682E-07  -0.392951E-07   0.282467E-07
   0.116270E+05  -0.161835E-07  -0.406274E-07   0.231550E-07
   0.116280E+05  -0.156544E-07  -0.377636E-07   0.156753E-07
   0.116290E+05  -0.135336E-07  -0.309909E-07   0.656746E-08
   0.116300E+05  -0.100362E-07  -0.209962E-07  -0.324119E-08
   0.116310E+05  -0.551805E-08  -0.879613E-08  -0.127506E-07
   0.116320E+05  -0.439203E-09   0.436629E-08  -0.209899E-07
   0.116330E+05   0.468259E-08   0.171483E-07  -0.271165E-07
   0.116340E+05   0.932485E-08   0.282445E-07  -0.305025E-07
   0.116350E+05   0.130137E-07   0.365198E-07  -0.307987E-07
   0.116360E+05   0.153720E-07   0.411260E-07  -0.279709E-07
   0.116370E+05   0.161584E-07   0.415879E-07  -0.223032E-07
   0.116380E+05   0.152916E-07   0.378527E-07  -0.143699E-07
   0.116390E+05   0.128590E-07   0.302956E-07  -0.497686E-08
   0.116400E+05   0.910779E-08   0.196817E-07   0.492044E-08
   0.116410E+05   0.441993E-08   0.708873E-08   0.143143E-07
   0.116420E+05  -0.726725E-09  -0.620327E-08   0.222474E-07
   0.116430E+05  -0.580721E-08  -0.188419E-07   0.279109E-07
   0.116440E+05  -0.103029E-07  -0.295406E-07   0.307268E-07
   0.116450E+05  -0.137546E-07  -0.372099E-07   0.304071E-07
   0.116460E+05  -0.158093E-07  -0.410687E-07   0.269837E-07
   0.116470E+05  -0.162563E-07  -0.407246E-07   0.208052E-07
   0.116480E+05  -0.150490E-07  -0.362137E-07   0.125017E-07
   0.116490E+05  -0.123096E-07  -0.279975E-07   0.292063E-08
   0.116500E+05  -0.831687E-08  -0.169163E-07  -0.695946E-08
   0.116510E+05  -0.347770E-08  -0.410352E-08  -0.161288E-07
   0.116520E+05   0.171422E-08   0.912988E-08  -0.236492E-07
   0.116530E+05   0.672877E-08   0.214289E-07  -0.287504E-07
   0.116540E+05   0.110535E-07   0.315328E-07  -0.309084E-07
   0.116550E+05   0.142460E-07   0.384042E-07  -0.298991E-07
   0.116560E+05   0.159790E-07   0.413349E-07  -0.258219E-07
   0.116570E+05   0.160740E-07   0.400186E-07  -0.190897E-07
   0.116580E+05   0.145196E-07   0.345826E-07  -0.103867E-07
   0.116590E+05   0.114726E-07   0.255751E-07  -0.599409E-09
   0.116600E+05   0.724271E-08   0.139099E-07   0.927426E-08
   0.116610E+05   0.226026E-08   0.773071E-09   0.182263E-07
   0.116620E+05  -0.296700E-08  -0.124974E-07   0.253417E-07
   0.116630E+05  -0.790589E-08  -0.245484E-07   0.298919E-07
   0.116640E+05  -0.120522E-07  -0.341497E-07   0.314092E-07
   0.116650E+05  -0.149821E-07  -0.403194E-07   0.297350E-07
   0.116660E+05  -0.163956E-07  -0.424247E-07   0.250360E-07
   0.116670E+05  -0.161472E-07  -0.402466E-07   0.177875E-07
   0.116680E+05  -0.142606E-07  -0.340028E-07   0.872560E-08
   0.116690E+05  -0.109271E-07  -0.243255E-07  -0.122835E-08
   0.116700E+05  -0.648538E-08  -0.121977E-07  -0.110611E-07
   0.116710E+05  -0.138767E-08   0.114683E-08  -0.197711E-07
   0.116720E+05   0.384661E-08   0.143497E-07  -0.264705E-07
   0.116730E+05   0.868375E-08   0.260658E-07  -0.304760E-07
   0.116740E+05   0.126302E-07   0.351012E-07  -0.313788E-07
   0.116750E+05   0.152831E-07   0.405344E-07  -0.290864E-07
   0.116760E+05   0.163712E-07   0.418114E-07  -0.238323E-07
   0.116770E+05   0.157829E-07   0.388017E-07  -0.161526E-07
   0.116780E+05   0.135779E-07   0.318126E-07  -0.683136E-08
   0.116790E+05   0.998073E-08   0.215579E-07   0.317934E-08
   0.116800E+05   0.535856E-08   0.908531E-08   0.128562E-07
   0.116810E+05   0.183406E-09  -0.433001E-08   0.212092E-07
   0.116820E+05  -0.501577E-08  -0.173157E-07   0.273830E-07
   0.116830E+05  -0.970707E-08  -0.285422E-07   0.307439E-07
   0.116840E+05  -0.134100E-07  -0.368584E-07   0.309452E-07
   0.116850E+05  -0.157443E-07  -0.414092E-07   0.279625E-07
   0.116860E+05  -0.164695E-07  -0.417238E-07   0.220968E-07
   0.116870E+05  -0.155089E-07  -0.377630E-07   0.139440E-07
   0.116880E+05  -0.129577E-07  -0.299247E-07   0.433410E-08
   0.116890E+05  -0.907386E-08  -0.190031E-07  -0.575296E-08
   0.116900E+05  -0.425148E-08  -0.610795E-08  -0.152874E-07
   0.116910E+05   0.101913E-08   0.744798E-08  -0.232946E-07
   0.116920E+05   0.620143E-08   0.202831E-07  -0.289546E-07
   0.116930E+05   0.107674E-07   0.310877E-07  -0.316861E-07
   0.116940E+05   0.142512E-07   0.387579E-07  -0.312059E-07
   0.116950E+05   0.162973E-07   0.425082E-07  -0.275580E-07
   0.116960E+05   0.166962E-07   0.419524E-07  -0.211098E-07
   0.116970E+05   0.154063E-07   0.371426E-07  -0.125144E-07
   0.116980E+05   0.125582E-07   0.285652E-07  -0.264452E-08
   0.116990E+05   0.844150E-08   0.170909E-07   0.749623E-08
   0.117000E+05   0.347544E-08   0.388655E-08   0.168760E-07
   0.117010E+05  -0.183396E-08  -0.970386E-08   0.245396E-07
   0.117020E+05  -0.694537E-08  -0.222961E-07   0.297065E-07
   0.117030E+05  -0.113374E-07  -0.326068E-07   0.318499E-07
   0.117040E+05  -0.145617E-07  -0.395850E-07   0.307516E-07
   0.117050E+05  -0.162892E-07  -0.425190E-07   0.265235E-07
   0.117060E+05  -0.163432E-07  -0.411095E-07   0.195975E-07
   0.117070E+05  -0.147179E-07  -0.355005E-07   0.106807E-07
   0.117080E+05  -0.115792E-07  -0.262650E-07   0.684206E-09
   0.117090E+05  -0.724736E-08  -0.143466E-07  -0.937032E-08
   0.117100E+05  -0.216513E-08  -0.963606E-09  -0.184544E-07
   0.117110E+05   0.314793E-08   0.125153E-07  -0.256381E-07
   0.117120E+05   0.814821E-08   0.247104E-07  -0.301847E-07
   0.117130E+05   0.123236E-07   0.343724E-07  -0.316263E-07
   0.117140E+05   0.152457E-07   0.405093E-07  -0.298120E-07
   0.117150E+05   0.166140E-07   0.424889E-07  -0.249230E-07
   0.117160E+05   0.162861E-07   0.401030E-07  -0.174552E-07
   0.117170E+05   0.142930E-07   0.335893E-07  -0.816793E-08
   0.117180E+05   0.108358E-07   0.236078E-07   0.199241E-08
   0.117190E+05   0.626522E-08   0.111733E-07   0.119895E-07
   0.117200E+05   0.104615E-08  -0.244728E-08   0.208023E-07
   0.117210E+05  -0.428980E-08  -0.158641E-07   0.275298E-07
   0.117220E+05  -0.919852E-08  -0.277066E-07   0.314826E-07
   0.117230E+05  -0.131789E-07  -0.367629E-07   0.322540E-07
   0.117240E+05  -0.158242E-07  -0.421038E-07   0.297611E-07
   0.117250E+05  -0.168634E-07  -0.431781E-07   0.242543E-07
   0.117260E+05  -0.161892E-07  -0.398692E-07   0.162916E-07
   0.117270E+05  -0.138690E-07  -0.325073E-07   0.668177E-08
   0.117280E+05  -0.101383E-07  -0.218361E-07  -0.359741E-08
   0.117290E+05  -0.537682E-08  -0.893770E-08  -0.134993E-07
   0.117300E+05  -0.697140E-10   0.487789E-08  -0.220151E-07
   0.117310E+05   0.524169E-08   0.182059E-07  -0.282765E-07
   0.117320E+05   0.100152E-07   0.296903E-07  -0.316450E-07
   0.117330E+05   0.137629E-07   0.381617E-07  -0.317769E-07
   0.117340E+05   0.161014E-07   0.427573E-07  -0.286584E-07
   0.117350E+05   0.167907E-07   0.430091E-07  -0.226082E-07
   0.117360E+05   0.157590E-07   0.388914E-07  -0.142440E-07
   0.117370E+05   0.131100E-07   0.308245E-07  -0.442088E-08
   0.117380E+05   0.911287E-08   0.196316E-07   0.585673E-08
   0.117390E+05   0.417443E-08   0.645534E-08   0.155369E-07
   0.117400E+05  -0.120189E-08  -0.735869E-08   0.236279E-07
   0.117410E+05  -0.646751E-08  -0.203991E-07   0.292992E-07
   0.117420E+05  -0.110846E-07  -0.313329E-07   0.319668E-07
   0.117430E+05  -0.145810E-07  -0.390413E-07   0.313530E-07
   0.117440E+05  -0.165985E-07  -0.427344E-07   0.275147E-07
   0.117450E+05  -0.169294E-07  -0.420321E-07   0.208387E-07
   0.117460E+05  -0.155382E-07  -0.370030E-07   0.120016E-07
   0.117470E+05  -0.125647E-07  -0.281581E-07   0.190182E-08
   0.117480E+05  -0.831062E-08  -0.163987E-07  -0.843217E-08
   0.117490E+05  -0.320858E-08  -0.292487E-08  -0.179468E-07
   0.117500E+05   0.222192E-08   0.108867E-07  -0.256707E-07
   0.117510E+05   0.742740E-08   0.236233E-07  -0.308141E-07
   0.117520E+05   0.118768E-07   0.339804E-07  -0.328493E-07
   0.117530E+05   0.151159E-07   0.408950E-07  -0.315652E-07
   0.117540E+05   0.168135E-07   0.436540E-07  -0.270888E-07
   0.117550E+05   0.167955E-07   0.419681E-07  -0.198726E-07
   0.117560E+05   0.150627E-07   0.360010E-07  -0.106488E-07
   0.117570E+05   0.117909E-07   0.263536E-07  -0.354791E-09
   0.117580E+05   0.731338E-08   0.140030E-07   0.996219E-08
   0.117590E+05   0.208652E-08   0.203224E-09   0.192520E-07
   0.117600E+05  -0.335628E-08  -0.136427E-07   0.265688E-07
   0.117610E+05  -0.845913E-08  -0.261254E-07   0.311673E-07
   0.117620E+05  -0.127004E-07  -0.359733E-07   0.325793E-07
   0.117630E+05  -0.156457E-07  -0.421823E-07   0.306616E-07
   0.117640E+05  -0.169930E-07  -0.441185E-07   0.256107E-07
   0.117650E+05  -0.166027E-07  -0.415832E-07   0.179433E-07
   0.117660E+05  -0.145125E-07  -0.348335E-07   0.844340E-08
   0.117670E+05  -0.109340E-07  -0.245563E-07  -0.191720E-08
   0.117680E+05  -0.623066E-08  -0.117988E-07  -0.120782E-07
   0.117690E+05  -0.881116E-09   0.213814E-08  -0.209987E-07
   0.117700E+05   0.456943E-08   0.158329E-07  -0.277641E-07
   0.117710E+05   0.956493E-08   0.278877E-07  -0.316789E-07
   0.117720E+05   0.135952E-07   0.370716E-07  -0.323384E-07
   0.117730E+05   0.162481E-07   0.424461E-07  -0.296702E-07
   0.117740E+05   0.172514E-07   0.434610E-07  -0.239417E-07
   0.117750E+05   0.165011E-07   0.400116E-07  -0.157336E-07
   0.117760E+05   0.140717E-07   0.324489E-07  -0.588041E-08
   0.117770E+05   0.102094E-07   0.215445E-07   0.461423E-08
   0.117780E+05   0.530636E-08   0.841234E-08   0.146798E-07
   0.117790E+05  -0.138595E-09  -0.560505E-08   0.232883E-07
   0.117800E+05  -0.557107E-08  -0.190734E-07   0.295590E-07
   0.117810E+05  -0.104375E-07  -0.306128E-07   0.328486E-07
   0.117820E+05  -0.142418E-07  -0.390393E-07   0.328173E-07
   0.117830E+05  -0.165957E-07  -0.434852E-07   0.294632E-07
   0.117840E+05  -0.172589E-07  -0.434886E-07   0.231236E-07
   0.117850E+05  -0.161633E-07  -0.390409E-07   0.144403E-07
   0.117860E+05  -0.134202E-07  -0.305877E-07   0.429459E-08
   0.117870E+05  -0.930935E-08  -0.189845E-07  -0.628241E-08
   0.117880E+05  -0.425001E-08  -0.540921E-08  -0.162149E-07
   0.117890E+05   0.124135E-08   0.875743E-08  -0.244920E-07
   0.117900E+05   0.660388E-08   0.220726E-07  -0.302712E-07
   0.117910E+05   0.112895E-07   0.331787E-07  -0.329642E-07
   0.117920E+05   0.148188E-07   0.409416E-07  -0.322971E-07
   0.117930E+05   0.168304E-07   0.445672E-07  -0.283389E-07
   0.117940E+05   0.171175E-07   0.436821E-07  -0.214944E-07
   0.117950E+05   0.156492E-07   0.383724E-07  -0.124632E-07
   0.117960E+05   0.125741E-07   0.291755E-07  -0.216830E-08
   0.117970E+05   0.820513E-08   0.170253E-07   0.833750E-08
   0.117980E+05   0.298758E-08   0.315743E-08   0.179795E-07
   0.117990E+05  -0.254603E-08  -0.110165E-07   0.257706E-07
   0.118000E+05  -0.783034E-08  -0.240530E-07   0.309124E-07
   0.118010E+05  -0.123248E-07  -0.346237E-07   0.328764E-07
   0.118020E+05  -0.155689E-07  -0.416513E-07   0.314589E-07
   0.118030E+05  -0.172293E-07  -0.444193E-07   0.268017E-07
   0.118040E+05  -0.171340E-07  -0.426458E-07   0.193780E-07
   0.118050E+05  -0.152899E-07  -0.365123E-07   0.994429E-08
   0.118060E+05  -0.118825E-07  -0.266456E-07  -0.536370E-09
   0.118070E+05  -0.725708E-08  -0.140542E-07  -0.109927E-07
   0.118080E+05  -0.188344E-08  -0.254878E-10  -0.203545E-07
   0.118090E+05   0.369166E-08   0.140053E-07  -0.276619E-07
   0.118100E+05   0.890034E-08   0.266017E-07  -0.321634E-07
   0.118110E+05   0.132115E-07   0.364726E-07  -0.333931E-07
   0.118120E+05   0.161851E-07   0.426043E-07  -0.312184E-07
   0.118130E+05   0.175171E-07   0.443643E-07  -0.258541E-07
   0.118140E+05   0.170705E-07   0.415661E-07  -0.178405E-07
   0.118150E+05   0.148897E-07   0.344888E-07  -0.798914E-08
   0.118160E+05   0.111959E-07   0.238490E-07   0.270011E-08
   0.118170E+05   0.636483E-08   0.107284E-07   0.131406E-07
   0.118180E+05   0.888365E-09  -0.353696E-08   0.222698E-07
   0.118190E+05  -0.467534E-08  -0.174921E-07   0.291578E-07
   0.118200E+05  -0.975889E-08  -0.297119E-07   0.331018E-07
   0.118210E+05  -0.138435E-07  -0.389466E-07   0.336987E-07
   0.118220E+05  -0.165121E-07  -0.442494E-07   0.308860E-07
   0.118230E+05  -0.174916E-07  -0.450734E-07   0.249485E-07
   0.118240E+05  -0.166814E-07  -0.413281E-07   0.164897E-07
   0.118250E+05  -0.141634E-07  -0.333885E-07   0.637034E-08
   0.118260E+05  -0.101938E-07  -0.220579E-07  -0.437928E-08
   0.118270E+05  -0.517742E-08  -0.848598E-08  -0.146641E-07
   0.118280E+05   0.373971E-09   0.594803E-08  -0.234363E-07
   0.118290E+05   0.589342E-08   0.197760E-07  -0.298018E-07
   0.118300E+05   0.108168E-07   0.315903E-07  -0.331121E-07
   0.118310E+05   0.146404E-07   0.401881E-07  -0.330303E-07
   0.118320E+05   0.169724E-07   0.446933E-07  -0.295660E-07
   0.118330E+05   0.175727E-07   0.446472E-07  -0.230740E-07
   0.118340E+05   0.163780E-07   0.400548E-07  -0.142190E-07
   0.118350E+05   0.135083E-07   0.313851E-07  -0.390757E-08
   0.118360E+05   0.925432E-08   0.195234E-07   0.680439E-08
   0.118370E+05   0.404879E-08   0.568126E-08   0.168191E-07
   0.118380E+05  -0.157824E-08  -0.872688E-08   0.251092E-07
   0.118390E+05  -0.705308E-08  -0.222280E-07   0.308227E-07
   0.118400E+05  -0.118170E-07  -0.334409E-07   0.333702E-07
   0.118410E+05  -0.153833E-07  -0.412171E-07   0.324854E-07
   0.118420E+05  -0.173870E-07  -0.447586E-07   0.282527E-07
   0.118430E+05  -0.176222E-07  -0.436993E-07   0.210988E-07
   0.118440E+05  -0.160630E-07  -0.381433E-07   0.117497E-07
   0.118450E+05  -0.128669E-07  -0.286539E-07   0.115662E-08
   0.118460E+05  -0.835806E-08  -0.161974E-07  -0.960043E-08
   0.118470E+05  -0.299516E-08  -0.204414E-08  -0.194232E-07
   0.118480E+05   0.267589E-08   0.123606E-07  -0.273070E-07
   0.118490E+05   0.807726E-08   0.255442E-07  -0.324436E-07
   0.118500E+05   0.126583E-07   0.361566E-07  -0.343036E-07
   0.118510E+05   0.159515E-07   0.431091E-07  -0.326913E-07
   0.118520E+05   0.176207E-07   0.456847E-07  -0.277644E-07
   0.118530E+05   0.174950E-07   0.436125E-07  -0.200187E-07
   0.118540E+05   0.155865E-07   0.370956E-07  -0.102379E-07
   0.118550E+05   0.120894E-07   0.267906E-07   0.586292E-09
   0.118560E+05   0.735993E-08   0.137414E-07   0.113549E-07
   0.118570E+05   0.188034E-08  -0.727206E-09   0.209737E-07
   0.118580E+05  -0.379026E-08  -0.151442E-07   0.284650E-07
   0.118590E+05  -0.907300E-08  -0.280426E-07   0.330671E-07
   0.118600E+05  -0.134282E-07  -0.381087E-07   0.343123E-07
   0.118610E+05  -0.164108E-07  -0.443166E-07   0.320750E-07
   0.118620E+05  -0.177154E-07  -0.460330E-07   0.265845E-07
   0.118630E+05  -0.172079E-07  -0.430820E-07   0.184017E-07
   0.118640E+05  -0.149392E-07  -0.357637E-07   0.836248E-08
   0.118650E+05  -0.111402E-07  -0.248235E-07  -0.250772E-08
   0.118660E+05  -0.619823E-08  -0.113769E-07  -0.130984E-07
   0.118670E+05  -0.617799E-09   0.320455E-08  -0.223272E-07
   0.118680E+05   0.503100E-08   0.174327E-07  -0.292507E-07
   0.118690E+05   0.101706E-07   0.298549E-07  -0.331603E-07
   0.118700E+05   0.142748E-07   0.392021E-07  -0.336554E-07
   0.118710E+05   0.169228E-07   0.445185E-07  -0.306842E-07
   0.118720E+05   0.178422E-07   0.452598E-07  -0.245490E-07
   0.118730E+05   0.169367E-07   0.413484E-07  -0.158761E-07
   0.118740E+05   0.142965E-07   0.331825E-07  -0.555198E-08
   0.118750E+05   0.101889E-07   0.215952E-07   0.536742E-08
   0.118760E+05   0.503144E-08   0.777016E-08   0.157639E-07
   0.118770E+05  -0.650720E-09  -0.687925E-08   0.245716E-07
   0.118780E+05  -0.627826E-08  -0.208538E-07   0.308855E-07
   0.118790E+05  -0.112768E-07  -0.327216E-07   0.340543E-07
   0.118800E+05  -0.151357E-07  -0.412644E-07   0.337474E-07
   0.118810E+05  -0.174598E-07  -0.456021E-07   0.299886E-07
   0.118820E+05  -0.180105E-07  -0.452831E-07   0.231541E-07
   0.118830E+05  -0.167297E-07  -0.403309E-07   0.139350E-07
   0.118840E+05  -0.137463E-07  -0.312422E-07   0.326635E-08
   0.118850E+05  -0.936292E-08  -0.189363E-07  -0.776736E-08
   0.118860E+05  -0.402537E-08  -0.466260E-08  -0.180431E-07
   0.118870E+05   0.172279E-08   0.101275E-07  -0.265139E-07
   0.118880E+05   0.729567E-08   0.239279E-07  -0.323153E-07
   0.118890E+05   0.121248E-07   0.353316E-07  -0.348544E-07
   0.118900E+05   0.157170E-07   0.431744E-07  -0.338699E-07
   0.118910E+05   0.177051E-07   0.466539E-07  -0.294596E-07
   0.118920E+05   0.178853E-07   0.454117E-07  -0.220706E-07
   0.118930E+05   0.162381E-07   0.395704E-07  -0.124538E-07
   0.118940E+05   0.129306E-07   0.297212E-07  -0.158758E-08
   0.118950E+05   0.829940E-08   0.168648E-07   0.942168E-08
   0.118960E+05   0.281657E-08   0.230852E-08   0.194525E-07
   0.118970E+05  -0.295853E-08  -0.124658E-07   0.274828E-07
   0.118980E+05  -0.843624E-08  -0.259533E-07   0.326942E-07
   0.118990E+05  -0.130568E-07  -0.367799E-07   0.345557E-07
   0.119000E+05  -0.163474E-07  -0.438421E-07   0.328780E-07
   0.119010E+05  -0.179708E-07  -0.464198E-07   0.278332E-07
   0.119020E+05  -0.177595E-07  -0.442505E-07   0.199377E-07
   0.119030E+05  -0.157333E-07  -0.375562E-07   0.999904E-08
   0.119040E+05  -0.120973E-07  -0.270207E-07  -0.965642E-09
   0.119050E+05  -0.722119E-08  -0.137209E-07  -0.118337E-07
   0.119060E+05  -0.160152E-08   0.983801E-09  -0.214915E-07
   0.119070E+05   0.418863E-08   0.155892E-07  -0.289482E-07
   0.119080E+05   0.955830E-08   0.286004E-07  -0.334370E-07
   0.119090E+05   0.139588E-07   0.386842E-07  -0.344938E-07
   0.119100E+05   0.169399E-07   0.448056E-07  -0.320048E-07
   0.119110E+05   0.181958E-07   0.463336E-07  -0.262187E-07
   0.119120E+05   0.175964E-07   0.431061E-07  -0.177215E-07
   0.119130E+05   0.152008E-07   0.354467E-07  -0.737698E-08
   0.119140E+05   0.112517E-07   0.241328E-07   0.376091E-08
   0.119150E+05   0.615032E-08   0.103157E-07   0.145557E-07
   0.119160E+05   0.415849E-09  -0.459583E-08   0.239044E-07
   0.119170E+05  -0.536739E-08  -0.190793E-07   0.308498E-07
   0.119180E+05  -0.106096E-07  -0.316541E-07   0.346785E-07
   0.119190E+05  -0.147757E-07  -0.410323E-07   0.349944E-07
   0.119200E+05  -0.174400E-07  -0.462508E-07   0.317586E-07
   0.119210E+05  -0.183296E-07  -0.467694E-07   0.252946E-07
   0.119220E+05  -0.173525E-07  -0.425272E-07   0.162553E-07
   0.119230E+05  -0.146071E-07  -0.339484E-07   0.555649E-08
   0.119240E+05  -0.103725E-07  -0.219003E-07  -0.571569E-08
   0.119250E+05  -0.507963E-08  -0.760486E-08  -0.164159E-07
   0.119260E+05   0.731980E-09   0.748554E-08  -0.254563E-07
   0.119270E+05   0.646959E-08   0.218359E-07  -0.319172E-07
   0.119280E+05   0.115476E-07   0.339853E-07  -0.351415E-07
   0.119290E+05   0.154472E-07   0.426959E-07  -0.348014E-07
   0.119300E+05   0.177697E-07   0.470792E-07  -0.309327E-07
   0.119310E+05   0.182771E-07   0.466873E-07  -0.239307E-07
   0.119320E+05   0.169163E-07   0.415587E-07  -0.145107E-07
   0.119330E+05   0.138253E-07   0.322149E-07  -0.363470E-08
   0.119340E+05   0.931861E-08   0.196074E-07   0.758614E-08
   0.119350E+05   0.385580E-08   0.502073E-08   0.180052E-07
   0.119360E+05  -0.200562E-08  -0.100578E-07   0.265572E-07
   0.119370E+05  -0.766691E-08  -0.240903E-07   0.323672E-07
   0.119380E+05  -0.125492E-07  -0.356451E-07   0.348401E-07
   0.119390E+05  -0.161526E-07  -0.435428E-07   0.337213E-07
   0.119400E+05  -0.181073E-07  -0.469770E-07   0.291234E-07
   0.119410E+05  -0.182116E-07  -0.455968E-07   0.215148E-07
   0.119420E+05  -0.164522E-07  -0.395431E-07   0.116721E-07
   0.119430E+05  -0.130063E-07  -0.294343E-07   0.601135E-09
   0.119440E+05  -0.822347E-08  -0.163039E-07  -0.105655E-07
   0.119450E+05  -0.258985E-08  -0.149499E-08  -0.206841E-07
   0.119460E+05   0.332098E-08   0.134766E-07  -0.287167E-07
   0.119470E+05   0.890663E-08   0.270771E-07  -0.338373E-07
   0.119480E+05   0.135974E-07   0.379111E-07  -0.355160E-07
   0.119490E+05   0.169142E-07   0.448649E-07  -0.335739E-07
   0.119500E+05   0.185181E-07   0.472197E-07  -0.282018E-07
   0.119510E+05   0.182444E-07   0.447264E-07  -0.199405E-07
   0.119520E+05   0.161198E-07   0.376307E-07  -0.962689E-08
   0.119530E+05   0.123602E-07   0.266490E-07   0.169200E-08
   0.119540E+05   0.734827E-08   0.128961E-07   0.128651E-07
   0.119550E+05   0.159490E-08  -0.222897E-08   0.227549E-07
   0.119560E+05  -0.431302E-08  -0.171847E-07   0.303533E-07
   0.119570E+05  -0.977236E-08  -0.304447E-07   0.348850E-07
   0.119580E+05  -0.142254E-07  -0.406532E-07   0.358865E-07
   0.119590E+05  -0.172168E-07  -0.467638E-07   0.332538E-07
   0.119600E+05  -0.184400E-07  -0.481467E-07   0.272532E-07
   0.119610E+05  -0.177689E-07  -0.446530E-07   0.184948E-07
   0.119620E+05  -0.152708E-07  -0.366307E-07   0.787013E-08
   0.119630E+05  -0.111998E-07  -0.248896E-07  -0.353839E-08
   0.119640E+05  -0.597069E-08  -0.106193E-07  -0.145678E-07
   0.119650E+05  -0.117136E-09   0.473206E-08  -0.240930E-07
   0.119660E+05   0.576289E-08   0.196049E-07  -0.311422E-07
   0.119670E+05   0.110681E-07   0.324875E-07  -0.349955E-07
   0.119680E+05   0.152551E-07   0.420699E-07  -0.352589E-07
   0.119690E+05   0.178945E-07   0.473778E-07  -0.319050E-07
   0.119700E+05   0.187139E-07   0.478723E-07  -0.252756E-07
   0.119710E+05   0.176268E-07   0.435047E-07  -0.160475E-07
   0.119720E+05   0.147412E-07   0.347225E-07  -0.516342E-08
   0.119730E+05   0.103488E-07   0.224232E-07   0.626404E-08
   0.119740E+05   0.489538E-08   0.786382E-08   0.170658E-07
   0.119750E+05  -0.106447E-08  -0.746788E-08   0.261356E-07
   0.119760E+05  -0.692380E-08  -0.220047E-07   0.325433E-07
   0.119770E+05  -0.120853E-07  -0.342601E-07   0.356299E-07
   0.119780E+05  -0.160222E-07  -0.429800E-07   0.350751E-07
   0.119790E+05  -0.183321E-07  -0.472711E-07   0.309302E-07
   0.119800E+05  -0.187783E-07  -0.466922E-07   0.236137E-07
   0.119810E+05  -0.173138E-07  -0.413000E-07   0.138686E-07
   0.119820E+05  -0.140867E-07  -0.316433E-07   0.268682E-08
   0.119830E+05  -0.942483E-08  -0.187073E-07  -0.879143E-08
   0.119840E+05  -0.380282E-08  -0.381401E-08  -0.193944E-07
   0.119850E+05   0.220634E-08   0.115132E-07  -0.280379E-07
   0.119860E+05   0.798969E-08   0.257047E-07  -0.338367E-07
   0.119870E+05   0.129568E-07   0.373049E-07  -0.361944E-07
   0.119880E+05   0.166000E-07   0.451210E-07  -0.348652E-07
   0.119890E+05   0.185462E-07   0.483453E-07  -0.299792E-07
   0.119900E+05   0.185954E-07   0.466380E-07  -0.220294E-07
   0.119910E+05   0.167408E-07   0.401624E-07  -0.118220E-07
   0.119920E+05   0.131699E-07   0.295687E-07  -0.394321E-09
   0.119930E+05   0.824567E-08   0.159288E-07   0.110906E-07
   0.119940E+05   0.246928E-08   0.626533E-09   0.214627E-07
   0.119950E+05  -0.357052E-08  -0.147826E-07   0.296643E-07
   0.119960E+05  -0.925763E-08  -0.287302E-07   0.348577E-07
   0.119970E+05  -0.140114E-07  -0.397948E-07   0.365114E-07
   0.119980E+05  -0.173458E-07  -0.468472E-07   0.344540E-07
   0.119990E+05  -0.189194E-07  -0.491659E-07   0.288926E-07
   0.120000E+05  -0.185699E-07  -0.465108E-07   0.203913E-07
   0.120010E+05  -0.163312E-07  -0.391486E-07   0.981441E-08
