   0.000000E+00  -0.361928E-08  -0.889374E-09   0.338745E-08
   0.100000E+01  -0.164201E-08   0.125854E-09   0.810641E-08
   0.200000E+01   0.534520E-09   0.112672E-08   0.120231E-07
   0.300000E+01   0.271534E-08   0.200573E-08   0.147430E-07
   0.400000E+01   0.470192E-08   0.266797E-08   0.159914E-07
   0.500000E+01   0.631130E-08   0.304103E-08   0.156418E-07
   0.600000E+01   0.739387E-08   0.308267E-08   0.137285E-07
   0.700000E+01   0.784814E-08   0.278536E-08   0.104440E-07
   0.800000E+01   0.763089E-08   0.217724E-08   0.611971E-08
   0.900000E+01   0.676178E-08   0.131938E-08   0.119247E-08
   0.100000E+02   0.532184E-08   0.299600E-09  -0.383933E-08
   0.110000E+02   0.344597E-08  -0.776520E-09  -0.846625E-08
   0.120000E+02   0.131024E-08  -0.179651E-08  -0.122195E-07
   0.130000E+02  -0.885015E-09  -0.265267E-08  -0.147184E-07
   0.140000E+02  -0.293438E-08  -0.325331E-08  -0.157095E-07
   0.150000E+02  -0.464719E-08  -0.353236E-08  -0.150922E-07
   0.160000E+02  -0.586594E-08  -0.345649E-08  -0.129296E-07
   0.170000E+02  -0.648144E-08  -0.302876E-08  -0.944178E-08
   0.180000E+02  -0.644332E-08  -0.228865E-08  -0.498430E-08
   0.190000E+02  -0.576478E-08  -0.130828E-08  -0.117864E-10
   0.200000E+02  -0.452103E-08  -0.185211E-09   0.496805E-08
   0.210000E+02  -0.284177E-08   0.967357E-09   0.944605E-08
   0.220000E+02  -0.898204E-09   0.203213E-08   0.129635E-07
   0.230000E+02   0.111388E-08   0.289973E-08   0.151590E-07
   0.240000E+02   0.299356E-08   0.348001E-08   0.158055E-07
   0.250000E+02   0.455454E-08   0.371142E-08   0.148339E-07
   0.260000E+02   0.564357E-08   0.356757E-08   0.123400E-07
   0.270000E+02   0.615541E-08   0.306019E-08   0.857580E-08
   0.280000E+02   0.604307E-08   0.223820E-08   0.392332E-08
   0.290000E+02   0.532220E-08   0.118298E-08  -0.114349E-08
   0.300000E+02   0.406922E-08   0.285171E-12  -0.610721E-08
   0.310000E+02   0.241347E-08  -0.119038E-08  -0.104596E-07
   0.320000E+02   0.523978E-09  -0.226791E-08  -0.137537E-07
   0.330000E+02  -0.140758E-08  -0.312189E-08  -0.156494E-07
   0.340000E+02  -0.318619E-08  -0.366402E-08  -0.159486E-07
   0.350000E+02  -0.463314E-08  -0.383716E-08  -0.146160E-07
   0.360000E+02  -0.560384E-08  -0.362145E-08  -0.117830E-07
   0.370000E+02  -0.600233E-08  -0.303649E-08  -0.773478E-08
   0.380000E+02  -0.579075E-08  -0.213961E-08  -0.288165E-08
   0.390000E+02  -0.499295E-08  -0.102024E-08   0.228251E-08
   0.400000E+02  -0.369197E-08   0.209040E-09   0.723046E-08
   0.410000E+02  -0.202146E-08   0.142381E-08   0.114554E-07
   0.420000E+02  -0.152050E-09   0.250046E-08   0.145228E-07
   0.430000E+02   0.172598E-08   0.332876E-08   0.161150E-07
   0.440000E+02   0.342197E-08   0.382316E-08   0.160643E-07
   0.450000E+02   0.476420E-08   0.393168E-08   0.143701E-07
   0.460000E+02   0.561722E-08   0.364132E-08   0.112001E-07
   0.470000E+02   0.589553E-08   0.297961E-08   0.687332E-08
   0.480000E+02   0.557213E-08   0.201204E-08   0.182804E-08
   0.490000E+02   0.468118E-08   0.835502E-09  -0.342239E-08
   0.500000E+02   0.331446E-08  -0.431333E-09  -0.834188E-08
   0.510000E+02   0.161197E-08  -0.166006E-08  -0.124263E-07
   0.520000E+02  -0.252349E-09  -0.272555E-08  -0.152551E-07
   0.530000E+02  -0.208830E-08  -0.351870E-08  -0.165346E-07
   0.540000E+02  -0.370878E-08  -0.395761E-08  -0.161283E-07
   0.550000E+02  -0.494878E-08  -0.399609E-08  -0.140716E-07
   0.560000E+02  -0.568219E-08  -0.362847E-08  -0.105688E-07
   0.570000E+02  -0.583455E-08  -0.289041E-08  -0.597242E-08
   0.580000E+02  -0.539065E-08  -0.185540E-08  -0.748340E-09
   0.590000E+02  -0.439601E-08  -0.627496E-09   0.457188E-08
   0.600000E+02  -0.295231E-08   0.669177E-09   0.944485E-08
   0.610000E+02  -0.120695E-08   0.190297E-08   0.133709E-07
   0.620000E+02   0.661876E-09   0.294807E-08   0.159452E-07
   0.630000E+02   0.246339E-08   0.369737E-08   0.168997E-07
   0.640000E+02   0.401361E-08   0.407343E-08   0.161307E-07
   0.650000E+02   0.515414E-08   0.403647E-08   0.137102E-07
   0.660000E+02   0.576827E-08   0.358864E-08   0.987942E-08
   0.670000E+02   0.579294E-08   0.277390E-08   0.502431E-08
   0.680000E+02   0.522518E-08   0.167375E-08  -0.362901E-09
   0.690000E+02   0.412244E-08   0.399102E-09  -0.573380E-08
   0.700000E+02   0.259682E-08  -0.920950E-09  -0.105395E-07
   0.710000E+02   0.803683E-09  -0.215217E-08  -0.142870E-07
   0.720000E+02  -0.107417E-08  -0.316884E-08  -0.165891E-07
   0.730000E+02  -0.284508E-08  -0.386660E-08  -0.172052E-07
   0.740000E+02  -0.432806E-08  -0.417319E-08  -0.160658E-07
   0.750000E+02  -0.537127E-08  -0.405590E-08  -0.132805E-07
   0.760000E+02  -0.586753E-08  -0.352506E-08  -0.912748E-08
   0.770000E+02  -0.576532E-08  -0.263319E-08  -0.402568E-08
   0.780000E+02  -0.507407E-08  -0.146977E-08   0.150740E-08
   0.790000E+02  -0.386334E-08  -0.152298E-09   0.690819E-08
   0.800000E+02  -0.225578E-08   0.118559E-08   0.116245E-07
   0.810000E+02  -0.414719E-09   0.240766E-08   0.151718E-07
   0.820000E+02   0.147244E-08   0.338899E-08   0.171832E-07
   0.830000E+02   0.321327E-08   0.402868E-08   0.174472E-07
   0.840000E+02   0.462995E-08   0.426028E-08   0.159300E-07
   0.850000E+02   0.557740E-08   0.405865E-08   0.127795E-07
   0.860000E+02   0.595815E-08   0.344273E-08   0.831104E-08
   0.870000E+02   0.573233E-08   0.247371E-08   0.297593E-08
   0.880000E+02   0.492189E-08   0.124899E-08  -0.268437E-08
   0.890000E+02   0.360840E-08  -0.107586E-09  -0.809301E-08
   0.900000E+02   0.192491E-08  -0.145831E-08  -0.126965E-07
   0.910000E+02   0.424188E-10  -0.266553E-08  -0.160216E-07
   0.920000E+02  -0.184745E-08  -0.360573E-08  -0.177234E-07
   0.930000E+02  -0.355196E-08  -0.418214E-08  -0.176218E-07
   0.940000E+02  -0.489694E-08  -0.433469E-08  -0.157200E-07
   0.950000E+02  -0.574456E-08  -0.404629E-08  -0.122049E-07
   0.960000E+02  -0.600743E-08  -0.334471E-08  -0.742911E-08
   0.970000E+02  -0.565768E-08  -0.229990E-08  -0.187540E-08
   0.980000E+02  -0.472986E-08  -0.101707E-08   0.389218E-08
   0.990000E+02  -0.331756E-08   0.373971E-09   0.928546E-08
   0.100000E+03  -0.156399E-08   0.173191E-08   0.137521E-07
   0.101000E+03   0.352498E-09   0.291831E-08   0.168323E-07
   0.102000E+03   0.223660E-08   0.381171E-08   0.182058E-07
   0.103000E+03   0.389587E-08   0.432009E-08   0.177256E-07
   0.104000E+03   0.516040E-08   0.439033E-08   0.154331E-07
   0.105000E+03   0.590019E-08   0.401375E-08   0.115552E-07
   0.106000E+03   0.603852E-08   0.322719E-08   0.648152E-08
   0.107000E+03   0.555983E-08   0.210937E-08   0.725334E-09
   0.108000E+03   0.451154E-08   0.773044E-09  -0.512830E-08
   0.109000E+03   0.299929E-08  -0.646380E-09  -0.104820E-07
   0.110000E+03   0.117632E-08  -0.200458E-08  -0.147870E-07
   0.111000E+03  -0.772032E-09  -0.316296E-08  -0.175994E-07
   0.112000E+03  -0.264719E-08  -0.400286E-08  -0.186260E-07
   0.113000E+03  -0.425753E-08  -0.443763E-08  -0.177547E-07
   0.114000E+03  -0.543798E-08  -0.442164E-08  -0.150666E-07
   0.115000E+03  -0.606689E-08  -0.395505E-08  -0.108290E-07
   0.116000E+03  -0.607856E-08  -0.308392E-08  -0.546810E-08
   0.117000E+03  -0.547008E-08  -0.189571E-08   0.473130E-09
   0.118000E+03  -0.430179E-08  -0.510476E-09   0.639042E-08
   0.119000E+03  -0.269129E-08   0.931250E-09   0.116794E-07
   0.120000E+03  -0.801580E-09   0.228272E-08   0.157975E-07
   0.121000E+03   0.117545E-08   0.340590E-08   0.183193E-07
   0.122000E+03   0.303847E-08   0.418558E-08   0.189807E-07
   0.123000E+03   0.459729E-08   0.454118E-08   0.177067E-07
   0.124000E+03   0.569218E-08   0.443508E-08   0.146192E-07
   0.125000E+03   0.621033E-08   0.387663E-08   0.100262E-07
   0.126000E+03   0.609740E-08   0.292126E-08   0.439033E-08
   0.127000E+03   0.536326E-08   0.166509E-08  -0.171716E-08
   0.128000E+03   0.408112E-08   0.235166E-09  -0.767460E-08
   0.129000E+03   0.238022E-08  -0.122333E-08  -0.128731E-07
   0.130000E+03   0.432844E-09  -0.256185E-08  -0.167786E-07
   0.131000E+03  -0.156318E-08  -0.364362E-08  -0.189870E-07
   0.132000E+03  -0.340455E-08  -0.435758E-08  -0.192657E-07
   0.133000E+03  -0.490320E-08  -0.462985E-08  -0.175784E-07
   0.134000E+03  -0.590554E-08  -0.443132E-08  -0.140891E-07
   0.135000E+03  -0.630816E-08  -0.378078E-08  -0.914656E-08
   0.136000E+03  -0.606852E-08  -0.274316E-08  -0.324945E-08
   0.137000E+03  -0.520946E-08  -0.142303E-08   0.300407E-08
   0.138000E+03  -0.381701E-08   0.459263E-10   0.897698E-08
   0.139000E+03  -0.203179E-08   0.151444E-08   0.140582E-07
   0.140000E+03  -0.348472E-10   0.283287E-08   0.177252E-07
   0.141000E+03   0.197073E-08   0.386640E-08   0.195977E-07
   0.142000E+03   0.378045E-08   0.450890E-08   0.194768E-07
   0.143000E+03   0.520921E-08   0.469376E-08   0.173667E-07
   0.144000E+03   0.611030E-08   0.440085E-08   0.134744E-07
   0.145000E+03   0.639038E-08   0.365869E-08   0.818989E-08
   0.146000E+03   0.601919E-08   0.254168E-08   0.204686E-08
   0.147000E+03   0.503276E-08   0.116264E-08  -0.433106E-08
   0.148000E+03   0.352995E-08  -0.338570E-09  -0.102936E-07
   0.149000E+03   0.166253E-08  -0.180924E-08  -0.152303E-07
   0.150000E+03  -0.380150E-09  -0.309935E-08  -0.186326E-07
   0.151000E+03  -0.239036E-08  -0.407689E-08  -0.201468E-07
   0.152000E+03  -0.416308E-08  -0.464134E-08  -0.196102E-07
   0.153000E+03  -0.551695E-08  -0.473405E-08  -0.170689E-07
   0.154000E+03  -0.631275E-08  -0.434429E-08  -0.127739E-07
   0.155000E+03  -0.646775E-08  -0.351055E-08  -0.715643E-08
   0.156000E+03  -0.596428E-08  -0.231665E-08  -0.784295E-09
   0.157000E+03  -0.485171E-08  -0.883399E-09   0.569504E-08
   0.158000E+03  -0.324159E-08   0.643673E-09   0.116205E-07
   0.159000E+03  -0.129646E-08   0.210909E-08   0.163846E-07
   0.160000E+03   0.786547E-09   0.336324E-08   0.194961E-07
   0.161000E+03   0.279571E-08   0.427769E-08   0.206301E-07
   0.162000E+03   0.452622E-08   0.475831E-08   0.196625E-07
   0.163000E+03   0.580110E-08   0.475499E-08   0.166831E-07
   0.164000E+03   0.648926E-08   0.426683E-08   0.119874E-07
   0.165000E+03   0.651896E-08   0.334242E-08   0.604763E-08
   0.166000E+03   0.588533E-08   0.207495E-08  -0.535148E-09
   0.167000E+03   0.465099E-08   0.592816E-09  -0.709154E-08
   0.168000E+03   0.293987E-08  -0.953340E-09  -0.129520E-07
   0.169000E+03   0.924798E-09  -0.240599E-08  -0.175152E-07
   0.170000E+03  -0.119004E-08  -0.361678E-08  -0.203096E-07
   0.171000E+03  -0.318973E-08  -0.446164E-08  -0.210422E-07
   0.172000E+03  -0.487051E-08  -0.485356E-08  -0.196295E-07
   0.173000E+03  -0.606053E-08  -0.475152E-08  -0.162063E-07
   0.174000E+03  -0.663740E-08  -0.416481E-08  -0.111135E-07
   0.175000E+03  -0.654082E-08  -0.315217E-08  -0.486391E-08
   0.176000E+03  -0.577882E-08  -0.181591E-08   0.190938E-08
   0.177000E+03  -0.442715E-08  -0.291604E-09   0.851708E-08
   0.178000E+03  -0.262173E-08   0.126570E-08   0.142838E-07
   0.179000E+03  -0.544978E-09   0.269727E-08   0.186171E-07
   0.180000E+03   0.159263E-08   0.385684E-08   0.210682E-07
   0.181000E+03   0.357389E-08   0.462561E-08   0.213788E-07
   0.182000E+03   0.519697E-08   0.492440E-08   0.195079E-07
   0.183000E+03   0.629596E-08   0.472181E-08   0.156369E-07
   0.184000E+03   0.675781E-08   0.403754E-08   0.101523E-07
   0.185000E+03   0.653400E-08   0.294047E-08   0.360722E-08
   0.186000E+03   0.564559E-08   0.154172E-08  -0.333479E-08
   0.187000E+03   0.418126E-08  -0.165906E-10  -0.996663E-08
   0.188000E+03   0.228844E-08  -0.157583E-08  -0.156098E-07
   0.189000E+03   0.158477E-09  -0.297697E-08  -0.196838E-07
   0.190000E+03  -0.199272E-08  -0.407687E-08  -0.217658E-07
   0.191000E+03  -0.394659E-08  -0.476287E-08  -0.216344E-07
   0.192000E+03  -0.550411E-08  -0.496437E-08  -0.192934E-07
   0.193000E+03  -0.650606E-08  -0.466011E-08  -0.149720E-07
   0.194000E+03  -0.684932E-08  -0.388040E-08  -0.910286E-08
   0.195000E+03  -0.649744E-08  -0.270413E-08  -0.227836E-08
   0.196000E+03  -0.548452E-08  -0.125075E-08   0.480887E-08
   0.197000E+03  -0.391189E-08   0.331818E-09   0.114363E-07
   0.198000E+03  -0.193796E-08   0.188230E-08   0.169253E-07
   0.199000E+03   0.237761E-09   0.324248E-08   0.207103E-07
   0.200000E+03   0.239482E-08   0.427340E-08   0.223974E-07
   0.201000E+03   0.431416E-08   0.486954E-08   0.218048E-07
   0.202000E+03   0.580041E-08   0.496967E-08   0.189832E-07
   0.203000E+03   0.670171E-08   0.456314E-08   0.142107E-07
   0.204000E+03   0.692526E-08   0.369102E-08   0.796588E-08
   0.205000E+03   0.644683E-08   0.244195E-08   0.879947E-09
   0.206000E+03   0.531337E-08   0.943165E-09  -0.632734E-08
   0.207000E+03   0.363837E-08  -0.652536E-09  -0.129206E-07
   0.208000E+03   0.159049E-08  -0.218234E-08  -0.182239E-07
   0.209000E+03  -0.623471E-09  -0.349005E-08  -0.216899E-07
   0.210000E+03  -0.277947E-08  -0.444210E-08  -0.229565E-07
   0.211000E+03  -0.465892E-08  -0.494118E-08  -0.218846E-07
   0.212000E+03  -0.607086E-08  -0.493622E-08  -0.185732E-07
   0.213000E+03  -0.687133E-08  -0.442764E-08  -0.133504E-07
   0.214000E+03  -0.697811E-08  -0.346732E-08  -0.674089E-08
   0.215000E+03  -0.637908E-08  -0.215332E-08   0.586616E-09
   0.216000E+03  -0.513361E-08  -0.619855E-09   0.788711E-08
   0.217000E+03  -0.336661E-08   0.976434E-09   0.144150E-07
   0.218000E+03  -0.125599E-08   0.247249E-08   0.195003E-07
   0.219000E+03   0.985279E-09   0.371553E-08   0.226171E-07
   0.220000E+03   0.313072E-08   0.457869E-08   0.234384E-07
   0.221000E+03   0.496322E-08   0.497400E-08   0.218700E-07
   0.222000E+03   0.629704E-08   0.486136E-08   0.180612E-07
   0.223000E+03   0.699667E-08   0.425267E-08   0.123908E-07
   0.224000E+03   0.699056E-08   0.321056E-08   0.542950E-08
   0.225000E+03   0.627843E-08   0.184195E-08  -0.211772E-08
   0.226000E+03   0.493138E-08   0.287066E-09  -0.948283E-08
   0.227000E+03   0.308475E-08  -0.129492E-08  -0.159129E-07
   0.228000E+03   0.924498E-09  -0.274225E-08  -0.207471E-07
   0.229000E+03  -0.133158E-08  -0.390716E-08  -0.234845E-07
   0.230000E+03  -0.345584E-08  -0.467099E-08  -0.238360E-07
   0.231000E+03  -0.523376E-08  -0.495634E-08  -0.217550E-07
   0.232000E+03  -0.648566E-08  -0.473494E-08  -0.174428E-07
   0.233000E+03  -0.708482E-08  -0.403050E-08  -0.113296E-07
   0.234000E+03  -0.697034E-08  -0.291616E-08  -0.403161E-08
   0.235000E+03  -0.615325E-08  -0.150694E-08   0.371139E-08
   0.236000E+03  -0.471546E-08   0.521702E-10   0.111107E-07
   0.237000E+03  -0.280146E-08   0.160116E-08   0.174091E-07
   0.238000E+03  -0.603771E-09   0.298144E-08   0.219584E-07
   0.239000E+03   0.165648E-08   0.405218E-08   0.242859E-07
   0.240000E+03   0.375188E-08   0.470470E-08   0.241438E-07
   0.241000E+03   0.547159E-08   0.487360E-08   0.215353E-07
   0.242000E+03   0.664264E-08   0.454333E-08   0.167154E-07
   0.243000E+03   0.714727E-08   0.374970E-08   0.101663E-07
   0.244000E+03   0.693480E-08   0.257599E-08   0.254892E-08
   0.245000E+03   0.602660E-08   0.114424E-08  -0.536378E-08
   0.246000E+03   0.451395E-08  -0.397444E-09  -0.127650E-07
   0.247000E+03   0.254872E-08  -0.189028E-08  -0.188965E-07
   0.248000E+03   0.328071E-09  -0.318122E-08  -0.231261E-07
   0.249000E+03  -0.192541E-08  -0.413869E-08  -0.250132E-07
   0.250000E+03  -0.398612E-08  -0.466613E-08  -0.243542E-07
   0.251000E+03  -0.564807E-08  -0.471180E-08  -0.212046E-07
   0.252000E+03  -0.674551E-08  -0.427393E-08  -0.158747E-07
   0.253000E+03  -0.716946E-08  -0.340064E-08  -0.889865E-08
   0.254000E+03  -0.687849E-08  -0.218474E-08  -0.981464E-09
   0.255000E+03  -0.590271E-08  -0.753867E-09   0.707257E-08
   0.256000E+03  -0.434056E-08   0.742945E-09   0.144414E-07
   0.257000E+03  -0.234873E-08   0.215084E-08   0.203693E-07
   0.258000E+03  -0.126379E-09   0.332528E-08   0.242439E-07
   0.259000E+03   0.210498E-08   0.414696E-08   0.256600E-07
   0.260000E+03   0.412362E-08   0.453412E-08   0.244615E-07
   0.261000E+03   0.572974E-08   0.445074E-08   0.207587E-07
   0.262000E+03   0.676530E-08   0.391004E-08   0.149182E-07
   0.263000E+03   0.712956E-08   0.297267E-08   0.752674E-08
   0.264000E+03   0.678879E-08   0.174004E-08  -0.667894E-09
   0.265000E+03   0.577935E-08   0.343369E-09  -0.883226E-08
   0.266000E+03   0.420361E-08  -0.107031E-08  -0.161322E-07
   0.267000E+03   0.221945E-08  -0.235373E-08  -0.218178E-07
   0.268000E+03   0.242055E-10  -0.337490E-08  -0.253007E-07
   0.269000E+03  -0.216512E-08  -0.403083E-08  -0.262149E-07
   0.270000E+03  -0.413349E-08  -0.425815E-08  -0.244550E-07
   0.271000E+03  -0.568908E-08  -0.403943E-08  -0.201882E-07
   0.272000E+03  -0.668206E-08  -0.340451E-08  -0.138389E-07
   0.273000E+03  -0.701895E-08  -0.242684E-08  -0.604606E-08
   0.274000E+03  -0.667138E-08  -0.121520E-08   0.240070E-08
   0.275000E+03  -0.567820E-08   0.983639E-10   0.106413E-07
   0.276000E+03  -0.414099E-08   0.137294E-08   0.178328E-07
   0.277000E+03  -0.221335E-08   0.247400E-08   0.232352E-07
   0.278000E+03  -0.853072E-10   0.328785E-08   0.262882E-07
   0.279000E+03   0.203580E-08   0.373365E-08   0.266687E-07
   0.280000E+03   0.394577E-08   0.377178E-08   0.243254E-07
   0.281000E+03   0.546340E-08   0.340766E-08   0.194850E-07
   0.282000E+03   0.644781E-08   0.269050E-08   0.126307E-07
   0.283000E+03   0.681142E-08   0.170732E-08   0.445367E-08
   0.284000E+03   0.652758E-08   0.572818E-09  -0.421633E-08
   0.285000E+03   0.563198E-08  -0.583831E-09  -0.124952E-07
   0.286000E+03   0.421805E-08  -0.163362E-08  -0.195348E-07
   0.287000E+03   0.242669E-08  -0.246227E-08  -0.246095E-07
   0.288000E+03   0.431718E-09  -0.298305E-08  -0.271912E-07
   0.289000E+03  -0.157757E-08  -0.314636E-08  -0.270043E-07
   0.290000E+03  -0.341488E-08  -0.294502E-08  -0.240550E-07
   0.291000E+03  -0.491455E-08  -0.241469E-08  -0.186319E-07
   0.292000E+03  -0.594667E-08  -0.162926E-08  -0.112783E-07
   0.293000E+03  -0.642825E-08  -0.691790E-09  -0.273748E-08
   0.294000E+03  -0.632938E-08   0.278014E-09   0.612237E-08
   0.295000E+03  -0.567408E-08   0.115834E-08   0.143961E-07
   0.296000E+03  -0.453592E-08   0.184019E-08   0.212343E-07
   0.297000E+03  -0.302899E-08   0.224087E-08   0.259304E-07
   0.298000E+03  -0.129541E-08   0.231448E-08   0.279936E-07
   0.299000E+03   0.509217E-09   0.205812E-08   0.272003E-07
   0.300000E+03   0.223083E-08   0.151287E-08   0.236184E-07
   0.301000E+03   0.373090E-08   0.759415E-09   0.176016E-07
   0.302000E+03   0.489793E-08  -0.913982E-10   0.975500E-08
   0.303000E+03   0.565556E-08  -0.912050E-09   0.873898E-09
   0.304000E+03   0.596648E-08  -0.157449E-08  -0.813628E-08
   0.305000E+03   0.583214E-08  -0.196705E-08  -0.163523E-07
   0.306000E+03   0.528865E-08  -0.201014E-08  -0.229279E-07
   0.307000E+03   0.439945E-08  -0.166882E-08  -0.271804E-07
   0.308000E+03   0.324602E-08  -0.960636E-09  -0.286621E-07
   0.309000E+03   0.191775E-08   0.425876E-10  -0.272073E-07
   0.310000E+03   0.502286E-09   0.121938E-08  -0.229509E-07
   0.311000E+03  -0.922438E-09   0.240963E-08  -0.163163E-07
   0.312000E+03  -0.229373E-08   0.343107E-08  -0.797368E-08
   0.313000E+03  -0.356662E-08   0.409960E-08   0.122744E-08
   0.314000E+03  -0.471329E-08   0.425152E-08   0.103440E-07
   0.315000E+03  -0.571970E-08   0.376511E-08   0.184356E-07
   0.316000E+03  -0.658025E-08   0.257921E-08   0.246614E-07
   0.317000E+03  -0.729135E-08   0.706612E-09   0.283663E-07
   0.318000E+03  -0.784518E-08  -0.175985E-08   0.291502E-07
   0.319000E+03  -0.822458E-08  -0.464930E-08   0.269099E-07
   0.320000E+03  -0.840032E-08  -0.772357E-08   0.218526E-07
   0.321000E+03  -0.833114E-08  -0.106959E-07   0.144761E-07
   0.322000E+03  -0.796705E-08  -0.132562E-07   0.552013E-08
   0.323000E+03  -0.725562E-08  -0.151010E-07  -0.410778E-08
   0.324000E+03  -0.615065E-08  -0.159644E-07  -0.134240E-07
   0.325000E+03  -0.462221E-08  -0.156482E-07  -0.214691E-07
   0.326000E+03  -0.266670E-08  -0.140466E-07  -0.274062E-07
   0.327000E+03  -0.315545E-09  -0.111644E-07  -0.306075E-07
   0.328000E+03   0.235894E-08  -0.712429E-08  -0.307201E-07
   0.329000E+03   0.524172E-08  -0.216408E-08  -0.277041E-07
   0.330000E+03   0.817795E-08   0.337778E-08  -0.218393E-07
   0.331000E+03   0.109811E-07   0.908728E-08  -0.136987E-07
   0.332000E+03   0.134457E-07   0.145085E-07  -0.409220E-08
   0.333000E+03   0.153643E-07   0.191830E-07   0.601414E-08
   0.334000E+03   0.165467E-07   0.226917E-07   0.155956E-07
   0.335000E+03   0.168398E-07   0.246950E-07   0.236730E-07
   0.336000E+03   0.161464E-07   0.249674E-07   0.294128E-07
   0.337000E+03   0.144398E-07   0.234229E-07   0.322133E-07
   0.338000E+03   0.117739E-07   0.201288E-07   0.317674E-07
   0.339000E+03   0.828525E-08   0.153059E-07   0.280965E-07
   0.340000E+03   0.418819E-08   0.931370E-08   0.215502E-07
   0.341000E+03  -0.238159E-09   0.262367E-08   0.127733E-07
   0.342000E+03  -0.467020E-08  -0.422003E-08   0.264229E-08
   0.343000E+03  -0.876576E-08  -0.106470E-07  -0.782237E-08
   0.344000E+03  -0.121935E-07  -0.161113E-07  -0.175591E-07
   0.345000E+03  -0.146634E-07  -0.201410E-07  -0.255729E-07
   0.346000E+03  -0.159549E-07  -0.223828E-07  -0.310370E-07
   0.347000E+03  -0.159401E-07  -0.226365E-07  -0.333785E-07
   0.348000E+03  -0.146004E-07  -0.208763E-07  -0.323378E-07
   0.349000E+03  -0.120323E-07  -0.172567E-07  -0.279976E-07
   0.350000E+03  -0.844393E-08  -0.121019E-07  -0.207765E-07
   0.351000E+03  -0.414029E-08  -0.587930E-08  -0.113890E-07
   0.352000E+03   0.500829E-09   0.841036E-09  -0.774416E-09
   0.353000E+03   0.506099E-08   0.743649E-08   0.999673E-08
   0.354000E+03   0.911828E-08   0.132884E-07   0.198309E-07
   0.355000E+03   0.122861E-07   0.178390E-07   0.277222E-07
   0.356000E+03   0.142503E-07   0.206435E-07   0.328558E-07
   0.357000E+03   0.148001E-07   0.214130E-07   0.346910E-07
   0.358000E+03   0.138516E-07   0.200430E-07   0.330187E-07
   0.359000E+03   0.114584E-07   0.166260E-07   0.279842E-07
   0.360000E+03   0.781093E-08   0.114454E-07   0.200752E-07
   0.361000E+03   0.322255E-08   0.495222E-08   0.100735E-07
   0.362000E+03  -0.189694E-08  -0.227489E-08  -0.102144E-08
   0.363000E+03  -0.707689E-08  -0.958083E-08  -0.120936E-07
   0.364000E+03  -0.118285E-07  -0.162938E-07  -0.220223E-07
   0.365000E+03  -0.156899E-07  -0.217866E-07  -0.297964E-07
   0.366000E+03  -0.182707E-07  -0.255352E-07  -0.346170E-07
   0.367000E+03  -0.192895E-07  -0.271673E-07  -0.359800E-07
   0.368000E+03  -0.186031E-07  -0.264980E-07  -0.337289E-07
   0.369000E+03  -0.162229E-07  -0.235484E-07  -0.280724E-07
   0.370000E+03  -0.123168E-07  -0.185445E-07  -0.195651E-07
   0.371000E+03  -0.719663E-08  -0.118983E-07  -0.905326E-08
   0.372000E+03  -0.129208E-08  -0.417026E-08   0.240965E-08
   0.373000E+03   0.488773E-08   0.398080E-08   0.136690E-07
   0.374000E+03   0.108001E-07   0.118581E-07   0.235853E-07
   0.375000E+03   0.159191E-07   0.187906E-07   0.311506E-07
   0.376000E+03   0.197841E-07   0.241938E-07   0.355908E-07
   0.377000E+03   0.220443E-07   0.276238E-07   0.364458E-07
   0.378000E+03   0.224917E-07   0.288168E-07   0.336174E-07
   0.379000E+03   0.210825E-07   0.277126E-07   0.273814E-07
   0.380000E+03   0.179420E-07   0.244587E-07   0.183609E-07
   0.381000E+03   0.133544E-07   0.193952E-07   0.746473E-08
   0.382000E+03   0.773678E-08   0.130212E-07  -0.420370E-08
   0.383000E+03   0.160058E-08   0.594680E-08  -0.154578E-07
   0.384000E+03  -0.449613E-08  -0.116527E-08  -0.251484E-07
   0.385000E+03  -0.100013E-07  -0.766252E-08  -0.322803E-07
   0.386000E+03  -0.144209E-07  -0.129643E-07  -0.361151E-07
   0.387000E+03  -0.173663E-07  -0.166162E-07  -0.362473E-07
   0.388000E+03  -0.185907E-07  -0.183316E-07  -0.326470E-07
   0.389000E+03  -0.180129E-07  -0.180170E-07  -0.256653E-07
   0.390000E+03  -0.157244E-07  -0.157787E-07  -0.160000E-07
   0.391000E+03  -0.119810E-07  -0.119100E-07  -0.462613E-08
   0.392000E+03  -0.717662E-08  -0.686008E-08   0.730173E-08
   0.393000E+03  -0.180554E-08  -0.118816E-08   0.185665E-07
   0.394000E+03   0.358649E-08   0.449265E-08   0.280125E-07
   0.395000E+03   0.845567E-08   0.957659E-08   0.346632E-07
   0.396000E+03   0.123136E-07   0.135254E-07   0.378225E-07
   0.397000E+03   0.147751E-07   0.159210E-07   0.371464E-07
   0.398000E+03   0.155964E-07   0.165070E-07   0.326807E-07
   0.399000E+03   0.146988E-07   0.152127E-07   0.248579E-07
   0.400000E+03   0.121765E-07   0.121593E-07   0.144555E-07
   0.401000E+03   0.828700E-08   0.764726E-08   0.251858E-08
   0.402000E+03   0.342547E-08   0.212496E-08  -0.974548E-08
   0.403000E+03  -0.191481E-08  -0.385644E-08  -0.210892E-07
   0.404000E+03  -0.719171E-08  -0.969870E-08  -0.303520E-07
   0.405000E+03  -0.118685E-07  -0.148168E-07  -0.365790E-07
   0.406000E+03  -0.154677E-07  -0.186974E-07  -0.391198E-07
   0.407000E+03  -0.176192E-07  -0.209507E-07  -0.376963E-07
   0.408000E+03  -0.180973E-07  -0.213493E-07  -0.324330E-07
   0.409000E+03  -0.168440E-07  -0.198508E-07  -0.238471E-07
   0.410000E+03  -0.139748E-07  -0.166020E-07  -0.127975E-07
   0.411000E+03  -0.976755E-08  -0.119238E-07  -0.399206E-09
   0.412000E+03  -0.463488E-08  -0.627927E-08   0.120891E-07
   0.413000E+03   0.917503E-09  -0.226224E-09   0.233923E-07
   0.414000E+03   0.634150E-08   0.563872E-08   0.323494E-07
   0.415000E+03   0.111020E-07   0.107406E-07   0.380324E-07
   0.416000E+03   0.147311E-07   0.145843E-07   0.398422E-07
   0.417000E+03   0.168755E-07   0.168047E-07   0.375722E-07
   0.418000E+03   0.173328E-07   0.172040E-07   0.314312E-07
   0.419000E+03   0.160721E-07   0.157719E-07   0.220250E-07
   0.420000E+03   0.132376E-07   0.126869E-07   0.102966E-07
   0.421000E+03   0.913431E-08   0.829849E-08  -0.256772E-08
   0.422000E+03   0.419683E-08   0.309168E-08  -0.152582E-07
   0.423000E+03  -0.105453E-08  -0.236217E-08  -0.264744E-07
   0.424000E+03  -0.606723E-08  -0.746389E-08  -0.350582E-07
   0.425000E+03  -0.103133E-07  -0.116480E-07  -0.401125E-07
   0.426000E+03  -0.133439E-07  -0.144415E-07  -0.410951E-07
   0.427000E+03  -0.148365E-07  -0.155134E-07  -0.378756E-07
   0.428000E+03  -0.146287E-07  -0.147104E-07  -0.307519E-07
   0.429000E+03  -0.127366E-07  -0.120748E-07  -0.204224E-07
   0.430000E+03  -0.935413E-08  -0.784258E-08  -0.791744E-08
   0.431000E+03  -0.483484E-08  -0.242211E-08   0.550378E-08
   0.432000E+03   0.343598E-09   0.364532E-08   0.184798E-07
   0.433000E+03   0.562766E-08   0.973855E-08   0.296853E-07
   0.434000E+03   0.104447E-07   0.152184E-07   0.379660E-07
   0.435000E+03   0.142622E-07   0.194923E-07   0.424579E-07
   0.436000E+03   0.166437E-07   0.220747E-07   0.426770E-07
   0.437000E+03   0.172954E-07   0.226379E-07   0.385708E-07
   0.438000E+03   0.160985E-07   0.210474E-07   0.305269E-07
   0.439000E+03   0.131246E-07   0.173791E-07   0.193360E-07
   0.440000E+03   0.863104E-08   0.119147E-07   0.611423E-08
   0.441000E+03   0.303748E-08   0.511806E-08  -0.780862E-08
   0.442000E+03  -0.311422E-08  -0.240814E-08  -0.210231E-07
   0.443000E+03  -0.921349E-08  -0.997886E-08  -0.321830E-07
   0.444000E+03  -0.146421E-07  -0.168924E-07  -0.401428E-07
   0.445000E+03  -0.188367E-07  -0.224983E-07  -0.440757E-07
   0.446000E+03  -0.213470E-07  -0.262606E-07  -0.435593E-07
   0.447000E+03  -0.218827E-07  -0.278111E-07  -0.386217E-07
   0.448000E+03  -0.203455E-07  -0.269856E-07  -0.297407E-07
   0.449000E+03  -0.168415E-07  -0.238418E-07  -0.177982E-07
   0.450000E+03  -0.116733E-07  -0.186546E-07  -0.399265E-08
   0.451000E+03  -0.531289E-08  -0.118907E-07   0.102810E-07
   0.452000E+03   0.164402E-08  -0.416455E-08   0.235724E-07
   0.453000E+03   0.853561E-08   0.382049E-08   0.345231E-07
   0.454000E+03   0.146992E-07   0.113395E-07   0.420055E-07
   0.455000E+03   0.195371E-07   0.177157E-07   0.452393E-07
   0.456000E+03   0.225769E-07   0.223856E-07   0.438730E-07
   0.457000E+03   0.235187E-07   0.249524E-07   0.380224E-07
   0.458000E+03   0.222671E-07   0.252241E-07   0.282611E-07
   0.459000E+03   0.189410E-07   0.232304E-07   0.155656E-07
   0.460000E+03   0.138636E-07   0.192182E-07   0.121728E-08
   0.461000E+03   0.753069E-08   0.136260E-07  -0.133259E-07
   0.462000E+03   0.562272E-09   0.703874E-08  -0.265775E-07
   0.463000E+03  -0.635935E-08   0.129058E-09  -0.371739E-07
   0.464000E+03  -0.125575E-07  -0.641062E-08  -0.440142E-07
   0.465000E+03  -0.174289E-07  -0.119373E-07  -0.463746E-07
   0.466000E+03  -0.205046E-07  -0.159215E-07  -0.439845E-07
   0.467000E+03  -0.214972E-07  -0.180000E-07  -0.370572E-07
   0.468000E+03  -0.203301E-07  -0.180108E-07  -0.262713E-07
   0.469000E+03  -0.171454E-07  -0.160091E-07  -0.127045E-07
   0.470000E+03  -0.122897E-07  -0.122593E-07   0.227370E-08
   0.471000E+03  -0.627875E-08  -0.720750E-08   0.171399E-07
   0.472000E+03   0.255079E-09  -0.143408E-08   0.303713E-07
   0.473000E+03   0.662733E-08   0.440655E-08   0.406009E-07
   0.474000E+03   0.121718E-07   0.965438E-08   0.467586E-07
   0.475000E+03   0.163092E-07   0.137128E-07   0.481822E-07
   0.476000E+03   0.186072E-07   0.161110E-07   0.446882E-07
   0.477000E+03   0.188254E-07   0.165543E-07   0.365938E-07
   0.478000E+03   0.169412E-07   0.149558E-07   0.246880E-07
   0.479000E+03   0.131527E-07   0.114470E-07   0.101552E-07
   0.480000E+03   0.785950E-08   0.636620E-08  -0.554348E-08
   0.481000E+03   0.162159E-08   0.225079E-09  -0.208167E-07
   0.482000E+03  -0.489772E-08  -0.634284E-08  -0.341042E-07
   0.483000E+03  -0.110006E-07  -0.126468E-07  -0.440366E-07
   0.484000E+03  -0.160273E-07  -0.180099E-07  -0.495758E-07
   0.485000E+03  -0.194258E-07  -0.218399E-07  -0.501235E-07
   0.486000E+03  -0.208101E-07  -0.236916E-07  -0.455858E-07
   0.487000E+03  -0.200026E-07  -0.233153E-07  -0.363860E-07
   0.488000E+03  -0.170546E-07  -0.206856E-07  -0.234255E-07
   0.489000E+03  -0.122431E-07  -0.160077E-07  -0.799577E-08
   0.490000E+03  -0.604485E-08  -0.970020E-08   0.835058E-08
   0.491000E+03   0.911848E-09  -0.235531E-08   0.239559E-07
   0.492000E+03   0.791063E-08   0.531832E-08   0.372257E-07
   0.493000E+03   0.142210E-07   0.125661E-07   0.467912E-07
   0.494000E+03   0.191746E-07   0.186637E-07   0.516509E-07
   0.495000E+03   0.222354E-07   0.229904E-07   0.512748E-07
   0.496000E+03   0.230576E-07   0.250946E-07   0.456624E-07
   0.497000E+03   0.215244E-07   0.247413E-07   0.353465E-07
   0.498000E+03   0.177624E-07   0.219395E-07   0.213429E-07
   0.499000E+03   0.121327E-07   0.169449E-07   0.505071E-08
   0.500000E+03   0.519533E-08   0.102376E-07  -0.118870E-07
   0.501000E+03  -0.234537E-08   0.247707E-08  -0.277490E-07
   0.502000E+03  -0.971283E-08  -0.556199E-08  -0.409102E-07
   0.503000E+03  -0.161378E-07  -0.130662E-07  -0.500082E-07
   0.504000E+03  -0.209387E-07  -0.192650E-07  -0.540835E-07
   0.505000E+03  -0.235936E-07  -0.235091E-07  -0.526807E-07
   0.506000E+03  -0.237970E-07  -0.253381E-07  -0.458987E-07
   0.507000E+03  -0.214947E-07  -0.245291E-07  -0.343845E-07
   0.508000E+03  -0.168932E-07  -0.211237E-07  -0.192724E-07
   0.509000E+03  -0.104417E-07  -0.154273E-07  -0.207169E-08
   0.510000E+03  -0.278926E-08  -0.798251E-08   0.154836E-07
   0.511000E+03   0.528001E-08   0.481911E-09   0.316095E-07
   0.512000E+03   0.129264E-07   0.912138E-08   0.446530E-07
   0.513000E+03   0.193413E-07   0.170589E-07   0.532614E-07
   0.514000E+03   0.238319E-07   0.234726E-07   0.565220E-07
   0.515000E+03   0.258950E-07   0.276801E-07   0.540590E-07
   0.516000E+03   0.252728E-07   0.292086E-07   0.460752E-07
   0.517000E+03   0.219835E-07   0.278468E-07   0.333368E-07
   0.518000E+03   0.163240E-07   0.236705E-07   0.170995E-07
   0.519000E+03   0.884393E-08   0.170398E-07  -0.101499E-08
   0.520000E+03   0.292328E-09   0.856867E-08  -0.191807E-07
   0.521000E+03  -0.845647E-08  -0.932308E-09  -0.355513E-07
   0.522000E+03  -0.164918E-07  -0.105333E-07  -0.484477E-07
   0.523000E+03  -0.229604E-07  -0.192758E-07  -0.565297E-07
   0.524000E+03  -0.271568E-07  -0.262678E-07  -0.589351E-07
   0.525000E+03  -0.285981E-07  -0.307738E-07  -0.553711E-07
   0.526000E+03  -0.270795E-07  -0.322909E-07  -0.461485E-07
   0.527000E+03  -0.226995E-07  -0.306031E-07  -0.321554E-07
   0.528000E+03  -0.158559E-07  -0.258077E-07  -0.147715E-07
   0.529000E+03  -0.720972E-08  -0.183123E-07   0.426756E-08
   0.530000E+03   0.237802E-08  -0.879902E-08   0.230436E-07
   0.531000E+03   0.119321E-07   0.183678E-08   0.396490E-07
   0.532000E+03   0.204616E-07   0.125716E-07   0.523801E-07
   0.533000E+03   0.270623E-07   0.223523E-07   0.599120E-07
   0.534000E+03   0.310118E-07   0.301987E-07   0.614356E-07
   0.535000E+03   0.318473E-07   0.353020E-07   0.567446E-07
   0.536000E+03   0.294184E-07   0.371063E-07   0.462605E-07
   0.537000E+03   0.239084E-07   0.353682E-07   0.309960E-07
   0.538000E+03   0.158214E-07   0.301856E-07   0.124567E-07
   0.539000E+03   0.593623E-08   0.219935E-07  -0.750687E-08
   0.540000E+03  -0.476884E-08   0.115278E-07  -0.268843E-07
   0.541000E+03  -0.152135E-07  -0.242919E-09  -0.437072E-07
   0.542000E+03  -0.243248E-07  -0.122074E-07  -0.562491E-07
   0.543000E+03  -0.311483E-07  -0.232184E-07  -0.632023E-07
   0.544000E+03  -0.349483E-07  -0.322046E-07  -0.638137E-07
   0.545000E+03  -0.352876E-07  -0.382756E-07  -0.579659E-07
   0.546000E+03  -0.320783E-07  -0.408120E-07  -0.461943E-07
   0.547000E+03  -0.255964E-07  -0.395300E-07  -0.296388E-07
   0.548000E+03  -0.164596E-07  -0.345137E-07  -0.993350E-08
   0.549000E+03  -0.556978E-08  -0.262123E-07   0.109541E-07
   0.550000E+03   0.597623E-08  -0.154015E-07   0.309192E-07
   0.551000E+03   0.169966E-07  -0.311218E-08   0.479314E-07
   0.552000E+03   0.263458E-07   0.946671E-08   0.602400E-07
   0.553000E+03   0.330344E-07   0.211026E-07   0.665538E-07
   0.554000E+03   0.363350E-07   0.306393E-07   0.661753E-07
   0.555000E+03   0.358624E-07   0.371118E-07   0.590766E-07
   0.556000E+03   0.316203E-07   0.398439E-07   0.459078E-07
   0.557000E+03   0.240079E-07   0.385192E-07   0.279382E-07
   0.558000E+03   0.137856E-07   0.332178E-07   0.693326E-08
   0.559000E+03   0.200220E-08   0.244151E-07  -0.150181E-07
   0.560000E+03  -0.101097E-07   0.129416E-07  -0.357111E-07
   0.561000E+03  -0.212599E-07  -0.926340E-10  -0.530462E-07
   0.562000E+03  -0.302353E-07  -0.134025E-07  -0.652404E-07
   0.563000E+03  -0.360298E-07  -0.256509E-07  -0.710100E-07
   0.564000E+03  -0.379555E-07  -0.355800E-07  -0.697040E-07
   0.565000E+03  -0.357229E-07  -0.421361E-07  -0.613749E-07
   0.566000E+03  -0.294811E-07  -0.445778E-07  -0.467802E-07
   0.567000E+03  -0.198132E-07  -0.425557E-07  -0.273131E-07
   0.568000E+03  -0.768547E-08  -0.361549E-07  -0.486855E-08
   0.569000E+03   0.564550E-08  -0.258967E-07   0.183410E-07
   0.570000E+03   0.187582E-07  -0.126973E-07   0.400040E-07
   0.571000E+03   0.302131E-07   0.221264E-08   0.579393E-07
   0.572000E+03   0.387060E-07   0.174012E-07   0.703145E-07
   0.573000E+03   0.432108E-07   0.313698E-07   0.758316E-07
   0.574000E+03   0.430989E-07   0.426986E-07   0.738600E-07
   0.575000E+03   0.382189E-07   0.501867E-07   0.645053E-07
   0.576000E+03   0.289294E-07   0.529756E-07   0.486049E-07
   0.577000E+03   0.160795E-07   0.506423E-07   0.276509E-07
   0.578000E+03   0.935703E-09   0.432529E-07   0.364851E-08
   0.579000E+03  -0.149372E-07   0.313714E-07  -0.210777E-07
   0.580000E+03  -0.298309E-07   0.160204E-07  -0.441095E-07
   0.581000E+03  -0.420702E-07  -0.140305E-08  -0.631718E-07
   0.582000E+03  -0.501926E-07  -0.192487E-07  -0.763549E-07
   0.583000E+03  -0.531133E-07  -0.357628E-07  -0.823031E-07
   0.584000E+03  -0.502575E-07  -0.492512E-07  -0.803484E-07
   0.585000E+03  -0.416455E-07  -0.582421E-07  -0.705773E-07
   0.586000E+03  -0.279188E-07  -0.616324E-07  -0.538238E-07
   0.587000E+03  -0.103036E-07  -0.588045E-07  -0.315889E-07
   0.588000E+03   0.948784E-08  -0.497013E-07  -0.589501E-08
   0.589000E+03   0.294113E-07  -0.348519E-07   0.209107E-07
   0.590000E+03   0.472856E-07  -0.153440E-07   0.463841E-07
   0.591000E+03   0.610115E-07   0.725468E-08   0.682207E-07
   0.592000E+03   0.687925E-07   0.310217E-07   0.844778E-07
   0.593000E+03   0.693366E-07   0.538406E-07   0.937600E-07
   0.594000E+03   0.620172E-07   0.735832E-07   0.953492E-07
   0.595000E+03   0.469750E-07   0.882987E-07   0.892679E-07
   0.596000E+03   0.251489E-07   0.963920E-07   0.762682E-07
   0.597000E+03  -0.177062E-08   0.967750E-07   0.577493E-07
   0.598000E+03  -0.314647E-07   0.889786E-07   0.356109E-07
   0.599000E+03  -0.611772E-07   0.732125E-07   0.120587E-07
   0.600000E+03  -0.879579E-07   0.503681E-07  -0.106188E-07
   0.601000E+03  -0.108937E-06   0.219632E-07  -0.302801E-07
   0.602000E+03  -0.121603E-06  -0.996834E-08  -0.451422E-07
   0.603000E+03  -0.124066E-06  -0.430335E-07  -0.539552E-07
   0.604000E+03  -0.115268E-06  -0.746697E-07  -0.561198E-07
   0.605000E+03  -0.951254E-07  -0.102353E-06  -0.517385E-07
   0.606000E+03  -0.645937E-07  -0.123804E-06  -0.415939E-07
   0.607000E+03  -0.256287E-07  -0.137181E-06  -0.270586E-07
   0.608000E+03   0.189402E-07  -0.141237E-06  -0.994466E-08
   0.609000E+03   0.656246E-07  -0.135427E-06   0.769074E-08
   0.610000E+03   0.110561E-06  -0.119963E-06   0.237630E-07
   0.611000E+03   0.149841E-06  -0.958068E-07   0.363794E-07
   0.612000E+03   0.179853E-06  -0.645997E-07   0.440372E-07
   0.613000E+03   0.197620E-06  -0.285391E-07   0.457795E-07
   0.614000E+03   0.201079E-06   0.979151E-08   0.412943E-07
   0.615000E+03   0.189301E-06   0.476240E-07   0.309455E-07
   0.616000E+03   0.162605E-06   0.822213E-07   0.157335E-07
   0.617000E+03   0.122575E-06   0.111091E-06  -0.281052E-08
   0.618000E+03   0.719603E-07   0.132177E-06  -0.227850E-07
   0.619000E+03   0.144687E-07   0.144019E-06  -0.421171E-07
   0.620000E+03  -0.455235E-07   0.145859E-06  -0.587796E-07
   0.621000E+03  -0.103332E-06   0.137697E-06  -0.710018E-07
   0.622000E+03  -0.154356E-06   0.120278E-06  -0.774547E-07
   0.623000E+03  -0.194473E-06   0.950294E-07  -0.773892E-07
   0.624000E+03  -0.220395E-06   0.639393E-07  -0.707142E-07
   0.625000E+03  -0.229963E-06   0.293941E-07  -0.580067E-07
   0.626000E+03  -0.222337E-06  -0.601216E-08  -0.404513E-07
   0.627000E+03  -0.198091E-06  -0.396813E-07  -0.197178E-07
   0.628000E+03  -0.159164E-06  -0.692114E-07   0.221177E-08
   0.629000E+03  -0.108712E-06  -0.925768E-07   0.232486E-07
   0.630000E+03  -0.508406E-07  -0.108275E-06   0.414126E-07
   0.631000E+03   0.974016E-08  -0.115428E-06   0.550365E-07
   0.632000E+03   0.681194E-07  -0.113832E-06   0.629360E-07
   0.633000E+03   0.119604E-06  -0.103955E-06   0.645295E-07
   0.634000E+03   0.160118E-06  -0.868782E-07   0.598934E-07
   0.635000E+03   0.186552E-06  -0.641905E-07   0.497491E-07
   0.636000E+03   0.197025E-06  -0.378513E-07   0.353804E-07
   0.637000E+03   0.191032E-06  -0.100231E-07   0.184930E-07
   0.638000E+03   0.169480E-06   0.171042E-07   0.102867E-08
   0.639000E+03   0.134593E-06   0.414846E-07  -0.150450E-07
   0.640000E+03   0.896985E-07   0.613716E-07  -0.279478E-07
   0.641000E+03   0.389267E-07   0.754425E-07  -0.362790E-07
   0.642000E+03  -0.131685E-07   0.828860E-07  -0.391700E-07
   0.643000E+03  -0.620164E-07   0.834452E-07  -0.363790E-07
   0.644000E+03  -0.103436E-06   0.774152E-07  -0.283181E-07
   0.645000E+03  -0.134003E-06   0.655962E-07  -0.160104E-07
   0.646000E+03  -0.151341E-06   0.492095E-07  -0.980291E-09
   0.647000E+03  -0.154319E-06   0.297823E-07   0.149116E-07
   0.648000E+03  -0.143129E-06   0.901341E-08   0.296705E-07
   0.649000E+03  -0.119241E-06  -0.113690E-07   0.413862E-07
   0.650000E+03  -0.852487E-07  -0.297465E-07   0.484442E-07
   0.651000E+03  -0.446034E-07  -0.447343E-07   0.497071E-07
   0.652000E+03  -0.128266E-08  -0.552812E-07   0.446460E-07
   0.653000E+03   0.405903E-07  -0.607389E-07   0.334067E-07
   0.654000E+03   0.771325E-07  -0.608956E-07   0.168042E-07
   0.655000E+03   0.105060E-06  -0.559733E-07  -0.375612E-08
   0.656000E+03   0.121981E-06  -0.465910E-07  -0.264226E-07
   0.657000E+03   0.126609E-06  -0.336971E-07  -0.490917E-07
   0.658000E+03   0.118855E-06  -0.184790E-07  -0.696327E-07
   0.659000E+03   0.998184E-07  -0.225714E-08  -0.861190E-07
   0.660000E+03   0.716554E-07   0.136263E-07  -0.970402E-07
   0.661000E+03   0.373537E-07   0.279160E-07  -0.101473E-06
   0.662000E+03   0.428838E-09   0.395398E-07  -0.991904E-07
   0.663000E+03  -0.354243E-07   0.476868E-07  -0.906966E-07
   0.664000E+03  -0.666933E-07   0.518600E-07  -0.771827E-07
   0.665000E+03  -0.903858E-07   0.519026E-07  -0.604048E-07
   0.666000E+03  -0.104313E-06   0.479955E-07  -0.424983E-07
   0.667000E+03  -0.107293E-06   0.406271E-07  -0.257440E-07
   0.668000E+03  -0.992466E-07   0.305412E-07  -0.123119E-07
   0.669000E+03  -0.811942E-07   0.186654E-07  -0.400973E-08
   0.670000E+03  -0.551372E-07   0.602843E-08  -0.206139E-08
   0.671000E+03  -0.238480E-07  -0.632789E-08  -0.694230E-08
   0.672000E+03   0.941421E-08  -0.174337E-07  -0.182890E-07
   0.673000E+03   0.412324E-07  -0.264673E-07  -0.348962E-07
   0.674000E+03   0.683733E-07  -0.328168E-07  -0.548032E-07
   0.675000E+03   0.881076E-07  -0.361221E-07  -0.754645E-07
   0.676000E+03   0.984771E-07  -0.362955E-07  -0.939895E-07
   0.677000E+03   0.984843E-07  -0.335193E-07  -0.107428E-06
   0.678000E+03   0.881839E-07  -0.282218E-07  -0.113072E-06
   0.679000E+03   0.686708E-07  -0.210336E-07  -0.108754E-06
   0.680000E+03   0.419633E-07  -0.127288E-07  -0.930868E-07
   0.681000E+03   0.107970E-07  -0.415613E-08  -0.656557E-07
   0.682000E+03  -0.216531E-07   0.383535E-08  -0.271043E-07
   0.683000E+03  -0.520920E-07   0.104681E-07   0.208686E-07
   0.684000E+03  -0.774343E-07   0.151019E-07   0.756182E-07
   0.685000E+03  -0.951121E-07   0.172865E-07   0.133755E-06
   0.686000E+03  -0.103330E-06   0.167995E-07   0.191422E-06
   0.687000E+03  -0.101241E-06   0.136636E-07   0.244619E-06
   0.688000E+03  -0.890306E-07   0.814483E-08   0.289551E-06
   0.689000E+03  -0.678941E-07   0.730119E-09   0.322953E-06
   0.690000E+03  -0.399157E-07  -0.791276E-08   0.342377E-06
   0.691000E+03  -0.785866E-08  -0.169906E-07   0.346400E-06
   0.692000E+03   0.251108E-07  -0.256507E-07   0.334735E-06
   0.693000E+03   0.557398E-07  -0.330518E-07   0.308240E-06
   0.694000E+03   0.810126E-07  -0.384350E-07   0.268817E-06
   0.695000E+03   0.984501E-07  -0.411889E-07   0.219217E-06
   0.696000E+03   0.106355E-06  -0.409030E-07   0.162763E-06
   0.697000E+03   0.103977E-06  -0.374059E-07   0.103036E-06
   0.698000E+03   0.915883E-07  -0.307845E-07   0.435318E-07
   0.699000E+03   0.704504E-07  -0.213823E-07  -0.126510E-07
   0.700000E+03   0.426868E-07  -0.977706E-08  -0.630780E-07
   0.701000E+03   0.110687E-07   0.326107E-08  -0.106163E-06
   0.702000E+03  -0.212630E-07   0.168276E-07  -0.141257E-06
   0.703000E+03  -0.511127E-07   0.299538E-07  -0.168624E-06
   0.704000E+03  -0.755485E-07   0.416829E-07  -0.189318E-06
   0.705000E+03  -0.921943E-07   0.511469E-07  -0.204970E-06
   0.706000E+03  -0.994654E-07   0.576368E-07  -0.217501E-06
   0.707000E+03  -0.967239E-07   0.606613E-07  -0.228812E-06
   0.708000E+03  -0.843387E-07   0.599879E-07  -0.240469E-06
   0.709000E+03  -0.636452E-07   0.556640E-07  -0.253421E-06
   0.710000E+03  -0.368063E-07   0.480139E-07  -0.267807E-06
   0.711000E+03  -0.659257E-08   0.376141E-07  -0.282840E-06
   0.712000E+03   0.239002E-07   0.252462E-07  -0.296820E-06
   0.713000E+03   0.515645E-07   0.118328E-07  -0.307262E-06
   0.714000E+03   0.735955E-07  -0.163876E-08  -0.311134E-06
   0.715000E+03   0.877744E-07  -0.141995E-07  -0.305183E-06
   0.716000E+03   0.926920E-07  -0.249796E-07  -0.286325E-06
   0.717000E+03   0.878900E-07  -0.332810E-07  -0.252050E-06
   0.718000E+03   0.739056E-07  -0.386355E-07  -0.200804E-06
   0.719000E+03   0.522150E-07  -0.408417E-07  -0.132313E-06
   0.720000E+03   0.250816E-07  -0.399786E-07  -0.477897E-07
   0.721000E+03  -0.467547E-08  -0.363930E-07   0.499733E-07
   0.722000E+03  -0.339706E-07  -0.306623E-07   0.156675E-06
   0.723000E+03  -0.597667E-07  -0.235359E-07   0.266720E-06
   0.724000E+03  -0.793865E-07  -0.158600E-07   0.373571E-06
   0.725000E+03  -0.907864E-07  -0.849250E-08   0.470218E-06
   0.726000E+03  -0.927670E-07  -0.221692E-08   0.549722E-06
   0.727000E+03  -0.850963E-07   0.233688E-08   0.605779E-06
   0.728000E+03  -0.685346E-07   0.475745E-08   0.633272E-06
   0.729000E+03  -0.447580E-07   0.489469E-08   0.628738E-06
   0.730000E+03  -0.161876E-07   0.287653E-08   0.590726E-06
   0.731000E+03   0.142584E-07  -0.903241E-09   0.519993E-06
   0.732000E+03   0.434632E-07  -0.582542E-08   0.419529E-06
   0.733000E+03   0.684317E-07  -0.111111E-07   0.294404E-06
   0.734000E+03   0.865983E-07  -0.159063E-07   0.151434E-06
   0.735000E+03   0.960906E-07  -0.193785E-07  -0.128818E-08
   0.736000E+03   0.959229E-07  -0.208135E-07  -0.154970E-06
   0.737000E+03   0.860968E-07  -0.197050E-07  -0.300751E-06
   0.738000E+03   0.675999E-07  -0.158254E-07  -0.430342E-06
   0.739000E+03   0.423018E-07  -0.926931E-08  -0.536598E-06
   0.740000E+03   0.127575E-07  -0.465539E-09  -0.614004E-06
   0.741000E+03  -0.180625E-07   0.984775E-08  -0.659011E-06
   0.742000E+03  -0.470851E-07   0.206828E-07  -0.670204E-06
   0.743000E+03  -0.714613E-07   0.308931E-07  -0.648304E-06
   0.744000E+03  -0.888688E-07   0.392888E-07  -0.595986E-06
   0.745000E+03  -0.977606E-07   0.447645E-07  -0.517567E-06
   0.746000E+03  -0.975311E-07   0.464288E-07  -0.418569E-06
   0.747000E+03  -0.885820E-07   0.437212E-07  -0.305232E-06
   0.748000E+03  -0.722777E-07   0.365045E-07  -0.183997E-06
   0.749000E+03  -0.507957E-07   0.251195E-07  -0.610384E-07
   0.750000E+03  -0.268836E-07   0.103961E-07   0.581369E-07
   0.751000E+03  -0.354971E-08  -0.638513E-08   0.168969E-06
   0.752000E+03   0.162833E-07  -0.235816E-07   0.268000E-06
   0.753000E+03   0.301229E-07  -0.393201E-07   0.352888E-06
   0.754000E+03   0.362127E-07  -0.516646E-07   0.422299E-06
   0.755000E+03   0.337658E-07  -0.588037E-07   0.475701E-06
   0.756000E+03   0.230969E-07  -0.592438E-07   0.513094E-06
   0.757000E+03   0.563616E-08  -0.519879E-07   0.534721E-06
   0.758000E+03  -0.161823E-07  -0.366825E-07   0.540813E-06
   0.759000E+03  -0.391494E-07  -0.137167E-07   0.531390E-06
   0.760000E+03  -0.596089E-07   0.157406E-07   0.506174E-06
   0.761000E+03  -0.738527E-07   0.497725E-07   0.464615E-06
   0.762000E+03  -0.785455E-07   0.858183E-07   0.406037E-06
   0.763000E+03  -0.711350E-07   0.120844E-06   0.329897E-06
   0.764000E+03  -0.502040E-07   0.151573E-06   0.236121E-06
   0.765000E+03  -0.157247E-07   0.174751E-06   0.125468E-06
   0.766000E+03   0.308162E-07   0.187437E-06  -0.118987E-09
   0.767000E+03   0.864414E-07   0.187283E-06  -0.137236E-06
   0.768000E+03   0.146862E-06   0.172789E-06  -0.280869E-06
   0.769000E+03   0.206799E-06   0.143497E-06  -0.424412E-06
   0.770000E+03   0.260433E-06   0.100114E-06  -0.559882E-06
   0.771000E+03   0.301926E-06   0.445437E-07  -0.678329E-06
   0.772000E+03   0.325990E-06  -0.201833E-07  -0.770435E-06
   0.773000E+03   0.328430E-06  -0.900762E-07  -0.827265E-06
   0.774000E+03   0.306627E-06  -0.160441E-06  -0.841091E-06
   0.775000E+03   0.259893E-06  -0.226213E-06  -0.806248E-06
   0.776000E+03   0.189668E-06  -0.282336E-06  -0.719899E-06
   0.777000E+03   0.995376E-07  -0.324165E-06  -0.582661E-06
   0.778000E+03  -0.495111E-08  -0.347854E-06  -0.398982E-06
   0.779000E+03  -0.116660E-06  -0.350702E-06  -0.177228E-06
   0.780000E+03  -0.227389E-06  -0.331419E-06   0.705669E-07
   0.781000E+03  -0.328533E-06  -0.290293E-06   0.329302E-06
   0.782000E+03  -0.411796E-06  -0.229243E-06   0.581729E-06
   0.783000E+03  -0.469917E-06  -0.151733E-06   0.809647E-06
   0.784000E+03  -0.497330E-06  -0.625691E-07   0.995282E-06
   0.785000E+03  -0.490707E-06   0.324184E-07   0.112274E-05
   0.786000E+03  -0.449325E-06   0.126789E-06   0.117942E-05
   0.787000E+03  -0.375219E-06   0.213962E-06   0.115725E-05
   0.788000E+03  -0.273109E-06   0.287718E-06   0.105366E-05
   0.789000E+03  -0.150086E-06   0.342680E-06   0.872092E-06
   0.790000E+03  -0.150975E-07   0.374741E-06   0.622140E-06
   0.791000E+03   0.121748E-06   0.381408E-06   0.319098E-06
   0.792000E+03   0.249985E-06   0.362020E-06  -0.169320E-07
   0.793000E+03   0.359648E-06   0.317827E-06  -0.362396E-06
   0.794000E+03   0.442099E-06   0.251927E-06  -0.691999E-06
   0.795000E+03   0.490761E-06   0.169050E-06  -0.980634E-06
   0.796000E+03   0.501691E-06   0.752121E-07  -0.120539E-05
   0.797000E+03   0.473932E-06  -0.227331E-07  -0.134748E-05
   0.798000E+03   0.409629E-06  -0.117615E-06  -0.139385E-05
   0.799000E+03   0.313875E-06  -0.202494E-06  -0.133850E-05
   0.800000E+03   0.194315E-06  -0.271203E-06  -0.118311E-05
   0.801000E+03   0.605245E-07  -0.318815E-06  -0.937239E-06
   0.802000E+03  -0.767714E-07  -0.342032E-06  -0.617726E-06
   0.803000E+03  -0.206585E-06  -0.339438E-06  -0.247582E-06
   0.804000E+03  -0.318575E-06  -0.311594E-06   0.145711E-06
   0.805000E+03  -0.403906E-06  -0.260997E-06   0.532286E-06
   0.806000E+03  -0.455977E-06  -0.191861E-06   0.882242E-06
   0.807000E+03  -0.470967E-06  -0.109782E-06   0.116805E-05
   0.808000E+03  -0.448136E-06  -0.212804E-07   0.136680E-05
   0.809000E+03  -0.389874E-06   0.667214E-07   0.146216E-05
   0.810000E+03  -0.301474E-06   0.147452E-06   0.144579E-05
   0.811000E+03  -0.190665E-06   0.214826E-06   0.131812E-05
   0.812000E+03  -0.669404E-07   0.263922E-06   0.108846E-05
   0.813000E+03   0.592628E-07   0.291356E-06   0.774337E-06
   0.814000E+03   0.177456E-06   0.295528E-06   0.400180E-06
   0.815000E+03   0.277987E-06   0.276725E-06  -0.461672E-08
   0.816000E+03   0.352852E-06   0.237060E-06  -0.408039E-06
   0.817000E+03   0.396352E-06   0.180269E-06  -0.778047E-06
   0.818000E+03   0.405545E-06   0.111376E-06  -0.108519E-05
   0.819000E+03   0.380456E-06   0.362558E-07  -0.130506E-05
   0.820000E+03   0.324030E-06  -0.388627E-07  -0.142026E-05
   0.821000E+03   0.241823E-06  -0.107916E-06  -0.142191E-05
   0.822000E+03   0.141484E-06  -0.165502E-06  -0.131038E-05
   0.823000E+03   0.320545E-07  -0.207308E-06  -0.109526E-05
   0.824000E+03  -0.768425E-07  -0.230445E-06  -0.794565E-06
   0.825000E+03  -0.175846E-06  -0.233650E-06  -0.433279E-06
   0.826000E+03  -0.256667E-06  -0.217352E-06  -0.412244E-07
   0.827000E+03  -0.312791E-06  -0.183587E-06   0.349399E-06
   0.828000E+03  -0.340011E-06  -0.135791E-06   0.706708E-06
   0.829000E+03  -0.336745E-06  -0.784676E-07   0.100180E-05
   0.830000E+03  -0.304119E-06  -0.167778E-07   0.121112E-05
   0.831000E+03  -0.245812E-06   0.439149E-07   0.131847E-05
   0.832000E+03  -0.167667E-06   0.985072E-07   0.131623E-05
   0.833000E+03  -0.771321E-07   0.142585E-06   0.120601E-05
   0.834000E+03   0.174435E-07   0.172779E-06   0.998421E-06
   0.835000E+03   0.107568E-06   0.187027E-06   0.712081E-06
   0.836000E+03   0.185369E-06   0.184706E-06   0.372001E-06
   0.837000E+03   0.244283E-06   0.166648E-06   0.739189E-08
   0.838000E+03   0.279607E-06   0.135018E-06  -0.350854E-06
   0.839000E+03   0.288880E-06   0.930846E-07  -0.672803E-06
   0.840000E+03   0.272044E-06   0.449017E-07  -0.932019E-06
   0.841000E+03   0.231395E-06  -0.507476E-08  -0.110777E-05
   0.842000E+03   0.171310E-06  -0.523901E-07  -0.118673E-05
   0.843000E+03   0.978048E-07  -0.929837E-07  -0.116403E-05
   0.844000E+03   0.179426E-07  -0.123536E-06  -0.104353E-05
   0.845000E+03  -0.608320E-07  -0.141737E-06  -0.837389E-06
   0.846000E+03  -0.131382E-06  -0.146462E-06  -0.564901E-06
   0.847000E+03  -0.187519E-06  -0.137828E-06  -0.250696E-06
   0.848000E+03  -0.224547E-06  -0.117146E-06   0.774516E-07
   0.849000E+03  -0.239652E-06  -0.867630E-07   0.391086E-06
   0.850000E+03  -0.232111E-06  -0.498128E-07   0.663547E-06
   0.851000E+03  -0.203303E-06  -0.991006E-08   0.872254E-06
   0.852000E+03  -0.156529E-06   0.291953E-07   0.100060E-05
   0.853000E+03  -0.966557E-07   0.639627E-07   0.103931E-05
   0.854000E+03  -0.296248E-07   0.913768E-07   0.987074E-06
   0.855000E+03   0.381266E-07   0.109206E-06   0.850573E-06
   0.856000E+03   0.100275E-06   0.116179E-06   0.643697E-06
   0.857000E+03   0.151197E-06   0.112072E-06   0.386206E-06
   0.858000E+03   0.186472E-06   0.976939E-07   0.101869E-06
   0.859000E+03   0.203265E-06   0.747745E-07  -0.183710E-06
   0.860000E+03   0.200547E-06   0.457774E-07  -0.445391E-06
   0.861000E+03   0.179148E-06   0.136448E-07  -0.660713E-06
   0.862000E+03   0.141626E-06  -0.184916E-07  -0.811835E-06
   0.863000E+03   0.919853E-07  -0.476094E-07  -0.887017E-06
   0.864000E+03   0.352583E-07  -0.710747E-07  -0.881542E-06
   0.865000E+03  -0.229918E-07  -0.868768E-07  -0.797982E-06
   0.866000E+03  -0.772114E-07  -0.937971E-07  -0.645809E-06
   0.867000E+03  -0.122380E-06  -0.914990E-07  -0.440398E-06
   0.868000E+03  -0.154472E-06  -0.805314E-07  -0.201519E-06
   0.869000E+03  -0.170812E-06  -0.622491E-07   0.485415E-07
   0.870000E+03  -0.170293E-06  -0.386590E-07   0.287038E-06
   0.871000E+03  -0.153442E-06  -0.122091E-07   0.492829E-06
   0.872000E+03  -0.122329E-06   0.144584E-07   0.648247E-06
   0.873000E+03  -0.803275E-07   0.387650E-07   0.740619E-06
   0.874000E+03  -0.317643E-07   0.584410E-07   0.763296E-06
   0.875000E+03   0.185222E-07   0.717337E-07   0.716118E-06
   0.876000E+03   0.656551E-07   0.775604E-07   0.605275E-06
   0.877000E+03   0.105188E-06   0.755930E-07   0.442595E-06
   0.878000E+03   0.133518E-06   0.662679E-07   0.244328E-06
   0.879000E+03   0.148216E-06   0.507219E-07   0.295608E-07
   0.880000E+03   0.148224E-06   0.306625E-07  -0.181602E-06
   0.881000E+03   0.133928E-06   0.818681E-08  -0.369902E-06
   0.882000E+03   0.107086E-06  -0.144329E-07  -0.518677E-06
   0.883000E+03   0.706208E-07  -0.349745E-07  -0.615331E-06
   0.884000E+03   0.283138E-07  -0.514809E-07  -0.652393E-06
   0.885000E+03  -0.155825E-07  -0.624433E-07  -0.628088E-06
   0.886000E+03  -0.567668E-07  -0.669370E-07  -0.546354E-06
   0.887000E+03  -0.913068E-07  -0.646964E-07  -0.416348E-06
   0.888000E+03  -0.116011E-06  -0.561239E-07  -0.251464E-06
   0.889000E+03  -0.128722E-06  -0.422339E-07  -0.679859E-07
   0.890000E+03  -0.128499E-06  -0.245379E-07   0.116492E-06
   0.891000E+03  -0.115686E-06  -0.488447E-08   0.284739E-06
   0.892000E+03  -0.918426E-07   0.147311E-07   0.421485E-06
   0.893000E+03  -0.595701E-07   0.323660E-07   0.514800E-06
   0.894000E+03  -0.222299E-07   0.463198E-07   0.557126E-06
   0.895000E+03   0.163990E-07   0.552962E-07   0.545877E-06
   0.896000E+03   0.524995E-07   0.585220E-07   0.483566E-06
   0.897000E+03   0.825892E-07   0.558106E-07   0.377439E-06
   0.898000E+03   0.103854E-06   0.475680E-07   0.238683E-06
   0.899000E+03   0.114410E-06   0.347393E-07   0.812734E-07
   0.900000E+03   0.113464E-06   0.187036E-07  -0.794092E-07
   0.901000E+03   0.101372E-06   0.112816E-08  -0.228065E-06
   0.902000E+03   0.795752E-07  -0.162027E-07  -0.350923E-06
   0.903000E+03   0.504398E-07  -0.315666E-07  -0.437001E-06
   0.904000E+03   0.170008E-07  -0.434729E-07  -0.479087E-06
   0.905000E+03  -0.173478E-07  -0.508053E-07  -0.474331E-06
   0.906000E+03  -0.491958E-07  -0.529252E-07  -0.424408E-06
   0.907000E+03  -0.754518E-07  -0.497256E-07  -0.335259E-06
   0.908000E+03  -0.936417E-07  -0.416311E-07  -0.216415E-06
   0.909000E+03  -0.102140E-06  -0.295454E-07  -0.800118E-07
   0.910000E+03  -0.100311E-06  -0.147523E-07   0.604364E-07
   0.911000E+03  -0.885554E-07   0.121942E-08   0.191357E-06
   0.912000E+03  -0.682457E-07   0.167522E-07   0.300421E-06
   0.913000E+03  -0.415738E-07   0.303028E-07   0.377694E-06
   0.914000E+03  -0.113175E-07   0.405542E-07   0.416536E-06
   0.915000E+03   0.194459E-07   0.465427E-07   0.414160E-06
   0.916000E+03   0.476498E-07   0.477476E-07   0.371815E-06
   0.917000E+03   0.705418E-07   0.441348E-07   0.294570E-06
   0.918000E+03   0.859502E-07   0.361518E-07   0.190743E-06
   0.919000E+03   0.924886E-07   0.246745E-07   0.710237E-07
   0.920000E+03   0.896780E-07   0.109123E-07  -0.526095E-07
   0.921000E+03   0.779780E-07  -0.371810E-08  -0.168077E-06
   0.922000E+03   0.587232E-07  -0.177382E-07  -0.264368E-06
   0.923000E+03   0.339751E-07  -0.297557E-07  -0.332581E-06
   0.924000E+03   0.630330E-08  -0.386024E-07  -0.366742E-06
   0.925000E+03  -0.214785E-07  -0.434472E-07  -0.364317E-06
   0.926000E+03  -0.465972E-07  -0.438730E-07  -0.326388E-06
   0.927000E+03  -0.665951E-07  -0.399119E-07  -0.257464E-06
   0.928000E+03  -0.795691E-07  -0.320346E-07  -0.164975E-06
   0.929000E+03  -0.843505E-07  -0.210955E-07  -0.584855E-07
   0.930000E+03  -0.806085E-07  -0.824178E-08   0.512845E-07
   0.931000E+03  -0.688688E-07   0.520695E-08   0.153525E-06
   0.932000E+03  -0.504461E-07   0.178931E-07   0.238393E-06
   0.933000E+03  -0.273003E-07   0.285576E-07   0.297953E-06
   0.934000E+03  -0.182928E-08   0.361649E-07   0.326915E-06
   0.935000E+03   0.233774E-07   0.400026E-07   0.323095E-06
   0.936000E+03   0.458003E-07   0.397481E-07   0.287567E-06
   0.937000E+03   0.632403E-07   0.354946E-07   0.224491E-06
   0.938000E+03   0.740337E-07   0.277350E-07   0.140646E-06
   0.939000E+03   0.772092E-07   0.173064E-07   0.447143E-07
   0.940000E+03   0.725741E-07   0.530054E-08  -0.536116E-07
   0.941000E+03   0.607210E-07  -0.704995E-08  -0.144596E-06
   0.942000E+03   0.429563E-07  -0.184975E-07  -0.219418E-06
   0.943000E+03   0.211580E-07  -0.279054E-07  -0.271021E-06
   0.944000E+03  -0.242129E-08  -0.343602E-07  -0.294775E-06
   0.945000E+03  -0.253854E-07  -0.372602E-07  -0.288882E-06
   0.946000E+03  -0.454372E-07  -0.363714E-07  -0.254503E-06
   0.947000E+03  -0.606071E-07  -0.318450E-07  -0.195587E-06
   0.948000E+03  -0.694453E-07  -0.241962E-07  -0.118434E-06
   0.949000E+03  -0.711600E-07  -0.142471E-07  -0.310241E-07
   0.950000E+03  -0.656862E-07  -0.303809E-08   0.577934E-07
   0.951000E+03  -0.536823E-07   0.827973E-08   0.139193E-06
   0.952000E+03  -0.364530E-07   0.185632E-07   0.205245E-06
   0.953000E+03  -0.158093E-07   0.267923E-07   0.249678E-06
   0.954000E+03   0.612089E-08   0.321716E-07   0.268475E-06
   0.955000E+03   0.271105E-07   0.342072E-07   0.260230E-06
   0.956000E+03   0.450586E-07   0.327522E-07   0.226239E-06
   0.957000E+03   0.581999E-07   0.280163E-07   0.170331E-06
   0.958000E+03   0.652769E-07   0.205386E-07   0.984400E-07
   0.959000E+03   0.656602E-07   0.111277E-07   0.179869E-07
   0.960000E+03   0.594025E-07   0.775100E-09  -0.628835E-07
   0.961000E+03   0.472245E-07  -0.944900E-08  -0.136121E-06
   0.962000E+03   0.304337E-07  -0.185064E-07  -0.194565E-06
   0.963000E+03   0.107850E-07  -0.254969E-07  -0.232642E-06
   0.964000E+03  -0.970159E-08  -0.297485E-07  -0.246894E-06
   0.965000E+03  -0.289474E-07  -0.308836E-07  -0.236282E-06
   0.966000E+03  -0.450252E-07  -0.288531E-07  -0.202258E-06
   0.967000E+03  -0.563508E-07  -0.239374E-07  -0.148575E-06
   0.968000E+03  -0.618389E-07  -0.167126E-07  -0.808827E-07
   0.969000E+03  -0.610052E-07  -0.798653E-08  -0.613527E-08
   0.970000E+03  -0.540085E-07   0.128778E-08   0.681201E-07
   0.971000E+03  -0.416267E-07   0.101138E-07   0.134501E-06
   0.972000E+03  -0.251712E-07   0.175563E-07   0.186524E-06
   0.973000E+03  -0.634834E-08   0.228384E-07   0.219228E-06
   0.974000E+03   0.129164E-07   0.254229E-07   0.229655E-06
   0.975000E+03   0.306752E-07   0.250659E-07   0.217103E-06
   0.976000E+03   0.451535E-07   0.218418E-07   0.183172E-06
   0.977000E+03   0.549269E-07   0.161334E-07   0.131561E-06
   0.978000E+03   0.590602E-07   0.859015E-08   0.676768E-07
   0.979000E+03   0.571957E-07   0.595140E-10  -0.193501E-08
   0.980000E+03   0.495828E-07  -0.850331E-08  -0.702557E-07
   0.981000E+03   0.370460E-07  -0.161361E-07  -0.130500E-06
   0.982000E+03   0.208955E-07  -0.219713E-07  -0.176788E-06
   0.983000E+03   0.278990E-08  -0.253279E-07  -0.204719E-06
   0.984000E+03  -0.154340E-07  -0.257839E-07  -0.211788E-06
   0.985000E+03  -0.319481E-07  -0.232228E-07  -0.197605E-06
   0.986000E+03  -0.451161E-07  -0.178473E-07  -0.163908E-06
   0.987000E+03  -0.536559E-07  -0.101615E-07  -0.114359E-06
   0.988000E+03  -0.567644E-07  -0.921125E-09  -0.541462E-07
   0.989000E+03  -0.541923E-07   0.894252E-08   0.105495E-07
   0.990000E+03  -0.462630E-07   0.184163E-07   0.731887E-07
   0.991000E+03  -0.338334E-07   0.265084E-07   0.127530E-06
   0.992000E+03  -0.182019E-07   0.323501E-07   0.168251E-06
   0.993000E+03  -0.972267E-09   0.352850E-07   0.191463E-06
   0.994000E+03   0.161104E-07   0.349380E-07   0.195085E-06
   0.995000E+03   0.313370E-07   0.312558E-07   0.179023E-06
   0.996000E+03   0.432058E-07   0.245158E-07   0.145153E-06
   0.997000E+03   0.505709E-07   0.153014E-07   0.971087E-07
   0.998000E+03   0.527531E-07   0.444652E-08   0.398914E-07
   0.999000E+03   0.496028E-07  -0.704433E-08  -0.206464E-07
   0.100000E+04   0.415088E-07  -0.180943E-07  -0.783984E-07
   0.100100E+04   0.293524E-07  -0.276593E-07  -0.127619E-06
   0.100200E+04   0.144132E-07  -0.348305E-07  -0.163492E-06
   0.100300E+04  -0.176464E-08  -0.389235E-07  -0.182603E-06
   0.100400E+04  -0.175314E-07  -0.395459E-07  -0.183258E-06
   0.100500E+04  -0.312992E-07  -0.366358E-07  -0.165636E-06
   0.100600E+04  -0.417016E-07  -0.304684E-07  -0.131740E-06
   0.100700E+04  -0.477287E-07  -0.216290E-07  -0.851785E-07
   0.100800E+04  -0.488252E-07  -0.109559E-07  -0.307775E-07
   0.100900E+04  -0.449411E-07   0.540877E-09   0.259147E-07
   0.101000E+04  -0.365311E-07   0.117785E-07   0.791952E-07
   0.101100E+04  -0.245027E-07   0.217060E-07   0.123780E-06
   0.101200E+04  -0.101195E-07   0.294058E-07   0.155326E-06
   0.101300E+04   0.513043E-08   0.341819E-07   0.170860E-06
   0.101400E+04   0.196880E-07   0.356256E-07   0.169051E-06
   0.101500E+04   0.320813E-07   0.336531E-07   0.150330E-06
   0.101600E+04   0.410739E-07   0.285103E-07   0.116818E-06
   0.101700E+04   0.457875E-07   0.207467E-07   0.720958E-07
   0.101800E+04   0.457871E-07   0.111581E-07   0.208217E-07
   0.101900E+04   0.411202E-07   0.707062E-09  -0.317484E-07
   0.102000E+04   0.323077E-07  -0.957338E-08  -0.802985E-07
   0.102100E+04   0.202855E-07  -0.186814E-07  -0.119987E-06
   0.102200E+04   0.630599E-08  -0.257444E-07  -0.146930E-06
   0.102300E+04  -0.819214E-08  -0.301031E-07  -0.158579E-06
   0.102400E+04  -0.217317E-07  -0.313741E-07  -0.153959E-06
   0.102500E+04  -0.329469E-07  -0.294843E-07  -0.133753E-06
   0.102600E+04  -0.407210E-07  -0.246746E-07  -0.100209E-06
   0.102700E+04  -0.442968E-07  -0.174719E-07  -0.568919E-07
   0.102800E+04  -0.433503E-07  -0.863374E-08  -0.831509E-08
   0.102900E+04  -0.380190E-07   0.929627E-09   0.405326E-07
   0.103000E+04  -0.288843E-07   0.102478E-07   0.846937E-07
   0.103100E+04  -0.169077E-07   0.183877E-07   0.119743E-06
   0.103200E+04  -0.333042E-08   0.245457E-07   0.142228E-06
   0.103300E+04   0.104555E-07   0.281272E-07   0.150007E-06
   0.103400E+04   0.230494E-07   0.288031E-07   0.142454E-06
   0.103500E+04   0.331844E-07   0.265403E-07   0.120499E-06
   0.103600E+04   0.398544E-07   0.216018E-07   0.865230E-07
   0.103700E+04   0.424140E-07   0.145172E-07   0.440997E-07
   0.103800E+04   0.406405E-07   0.602679E-08  -0.238002E-08
   0.103900E+04   0.347531E-07  -0.299484E-08  -0.481592E-07
   0.104000E+04   0.253866E-07  -0.116280E-07  -0.886007E-07
   0.104100E+04   0.135231E-07  -0.190008E-07  -0.119655E-06
   0.104200E+04   0.389966E-09  -0.243766E-07  -0.138263E-06
   0.104300E+04  -0.126673E-07  -0.272268E-07  -0.142660E-06
   0.104400E+04  -0.243225E-07  -0.272823E-07  -0.132534E-06
   0.104500E+04  -0.334031E-07  -0.245586E-07  -0.109050E-06
   0.104600E+04  -0.390077E-07  -0.193516E-07  -0.747144E-07
   0.104700E+04  -0.405957E-07  -0.122058E-07  -0.331102E-07
   0.104800E+04  -0.380390E-07  -0.385740E-08   0.114779E-07
   0.104900E+04  -0.316315E-07   0.484148E-08   0.545025E-07
   0.105000E+04  -0.220559E-07   0.130093E-07   0.916166E-07
   0.105100E+04  -0.103112E-07   0.198241E-07   0.119111E-06
   0.105200E+04   0.239112E-08   0.246063E-07   0.134286E-06
   0.105300E+04   0.147517E-07   0.268854E-07   0.135713E-06
   0.105400E+04   0.255163E-07   0.264464E-07   0.123369E-06
   0.105500E+04   0.336023E-07   0.233496E-07   0.986248E-07
   0.105600E+04   0.382077E-07   0.179223E-07   0.640977E-07
   0.105700E+04   0.388899E-07   0.107245E-07   0.233710E-07
   0.105800E+04   0.356083E-07   0.249032E-08  -0.193749E-07
   0.105900E+04   0.287254E-07  -0.594648E-08  -0.597913E-07
   0.106000E+04   0.189664E-07  -0.137374E-07  -0.938027E-07
   0.106100E+04   0.734346E-08  -0.201044E-07  -0.118018E-06
   0.106200E+04  -0.494936E-08  -0.244181E-07  -0.130065E-06
   0.106300E+04  -0.166587E-07  -0.262592E-07  -0.128828E-06
   0.106400E+04  -0.265997E-07  -0.254602E-07  -0.114543E-06
   0.106500E+04  -0.337752E-07  -0.221195E-07  -0.887666E-07
   0.106600E+04  -0.374763E-07  -0.165904E-07  -0.542071E-07
   0.106700E+04  -0.373515E-07  -0.944324E-08  -0.144398E-07
   0.106800E+04  -0.334405E-07  -0.140676E-08   0.264619E-07
   0.106900E+04  -0.261666E-07   0.670636E-08   0.643426E-07
   0.107000E+04  -0.162915E-07   0.140818E-07   0.953871E-07
   0.107100E+04  -0.483540E-08   0.199856E-07   0.116503E-06
   0.107200E+04   0.702844E-08   0.238373E-07   0.125630E-06
   0.107300E+04   0.180937E-07   0.252669E-07   0.121938E-06
   0.107400E+04   0.272438E-07   0.241511E-07   0.105901E-06
   0.107500E+04   0.335645E-07   0.206234E-07   0.792441E-07
   0.107600E+04   0.364350E-07   0.150586E-07   0.447517E-07
   0.107700E+04   0.355895E-07   0.803366E-08   0.598195E-08
   0.107800E+04   0.311407E-07   0.267747E-09  -0.331009E-07
   0.107900E+04   0.235667E-07  -0.745128E-08  -0.685312E-07
   0.108000E+04   0.136592E-07  -0.143467E-07  -0.967439E-07
   0.108100E+04   0.244109E-08  -0.197314E-07  -0.114932E-06
   0.108200E+04  -0.893886E-08  -0.230759E-07  -0.121326E-06
   0.108300E+04  -0.193236E-07  -0.240614E-07  -0.115364E-06
   0.108400E+04  -0.276654E-07  -0.226094E-07  -0.977417E-07
   0.108500E+04  -0.331313E-07  -0.188886E-07  -0.703307E-07
   0.108600E+04  -0.351864E-07  -0.132953E-07  -0.359812E-07
   0.108700E+04  -0.336459E-07  -0.641209E-08   0.177414E-08
   0.108800E+04  -0.286919E-07   0.105277E-08   0.390832E-07
   0.108900E+04  -0.208519E-07   0.833779E-08   0.721667E-07
   0.109000E+04  -0.109432E-07   0.147057E-07   0.977008E-07
   0.109100E+04   0.121545E-10   0.195181E-07   0.113151E-06
   0.109200E+04   0.108927E-07   0.222992E-07   0.117021E-06
   0.109300E+04   0.205918E-07   0.227828E-07   0.109002E-06
   0.109400E+04   0.281305E-07   0.209382E-07   0.899895E-07
   0.109500E+04   0.327559E-07   0.169711E-07   0.619883E-07
   0.109600E+04   0.340160E-07   0.113019E-07   0.279001E-07
   0.109700E+04   0.318042E-07   0.452083E-08  -0.877637E-08
   0.109800E+04   0.263677E-07  -0.267262E-08  -0.443043E-07
   0.109900E+04   0.182797E-07  -0.954145E-08  -0.750888E-07
   0.110000E+04   0.838002E-08  -0.153863E-07  -0.980406E-07
   0.110100E+04  -0.231285E-08  -0.196162E-07  -0.110885E-06
   0.110200E+04  -0.127058E-07  -0.218081E-07  -0.112388E-06
   0.110300E+04  -0.217431E-07  -0.217488E-07  -0.102473E-06
   0.110400E+04  -0.285130E-07  -0.194552E-07  -0.822212E-07
   0.110500E+04  -0.323399E-07  -0.151720E-07  -0.537559E-07
   0.110600E+04  -0.328519E-07  -0.934509E-08  -0.200180E-07
   0.110700E+04  -0.300159E-07  -0.257529E-08   0.155359E-07
   0.110800E+04  -0.241398E-07   0.444313E-08   0.492875E-07
   0.110900E+04  -0.158391E-07   0.109937E-07   0.778250E-07
   0.111000E+04  -0.597200E-08   0.164104E-07   0.982869E-07
   0.111100E+04   0.444871E-08   0.201453E-07   0.108649E-06
   0.111200E+04   0.143597E-07   0.218233E-07   0.107923E-06
   0.111300E+04   0.227553E-07   0.212799E-07   0.962532E-07
   0.111400E+04   0.287899E-07   0.185763E-07   0.748898E-07
   0.111500E+04   0.318622E-07   0.139930E-07   0.460595E-07
   0.111600E+04   0.316758E-07   0.799993E-08   0.127316E-07
   0.111700E+04   0.282671E-07   0.120814E-08  -0.216872E-07
   0.111800E+04   0.219998E-07  -0.569257E-08  -0.537007E-07
   0.111900E+04   0.135265E-07  -0.120040E-07  -0.800781E-07
   0.112000E+04   0.372050E-08  -0.170900E-07  -0.981800E-07
   0.112100E+04  -0.641413E-08  -0.204412E-07  -0.106222E-06
   0.112200E+04  -0.158451E-07  -0.217250E-07  -0.103449E-06
   0.112300E+04  -0.236172E-07  -0.208197E-07  -0.902101E-07
   0.112400E+04  -0.289486E-07  -0.178250E-07  -0.679091E-07
   0.112500E+04  -0.313097E-07  -0.130510E-07  -0.388621E-07
   0.112600E+04  -0.304754E-07  -0.698673E-08  -0.605402E-08
   0.112700E+04  -0.265463E-07  -0.248865E-09   0.271668E-07
   0.112800E+04  -0.199370E-07   0.648047E-08   0.574307E-07
   0.112900E+04  -0.113323E-07   0.125232E-07   0.816881E-07
   0.113000E+04  -0.161589E-08   0.172738E-07   0.975168E-07
   0.113100E+04   0.821993E-08   0.202601E-07   0.103363E-06
   0.113200E+04   0.171759E-07   0.211906E-07   0.986956E-07
   0.113300E+04   0.243473E-07   0.199826E-07   0.840505E-07
   0.113400E+04   0.290151E-07   0.167701E-07   0.609732E-07
   0.113500E+04   0.307182E-07   0.118889E-07   0.318541E-07
   0.113600E+04   0.292989E-07   0.584170E-08  -0.317962E-09
   0.113700E+04   0.249170E-07  -0.753395E-09  -0.322626E-07
   0.113800E+04   0.180324E-07  -0.722617E-08  -0.607422E-07
   0.113900E+04   0.935642E-08  -0.129222E-07  -0.828897E-07
   0.114000E+04  -0.221393E-09  -0.172690E-07  -0.964973E-07
   0.114100E+04  -0.972479E-08  -0.198335E-07  -0.100236E-06
   0.114200E+04  -0.181902E-07  -0.203654E-07  -0.937868E-07
   0.114300E+04  -0.247647E-07  -0.188214E-07  -0.778641E-07
   0.114400E+04  -0.287915E-07  -0.153686E-07  -0.541403E-07
   0.114500E+04  -0.298761E-07  -0.103668E-07  -0.250690E-07
   0.114600E+04  -0.279249E-07  -0.433088E-08   0.636810E-08
   0.114700E+04  -0.231527E-07   0.212169E-08   0.369665E-07
   0.114800E+04  -0.160596E-07   0.833417E-08   0.636253E-07
   0.114900E+04  -0.737850E-08   0.136771E-07   0.836614E-07
   0.115000E+04   0.200045E-08   0.176117E-07   0.950792E-07
   0.115100E+04   0.111211E-07   0.197443E-07   0.967690E-07
   0.115200E+04   0.190589E-07   0.198653E-07   0.886149E-07
   0.115300E+04   0.250144E-07   0.179699E-07   0.715010E-07
   0.115400E+04   0.283940E-07   0.142569E-07   0.472157E-07
   0.115500E+04   0.288690E-07   0.910874E-08   0.182660E-07
   0.115600E+04   0.264077E-07   0.305097E-08  -0.123819E-07
   0.115700E+04   0.212770E-07  -0.330094E-08  -0.416051E-07
   0.115800E+04   0.140135E-07  -0.930455E-08  -0.664427E-07
   0.115900E+04   0.536802E-08  -0.143555E-07  -0.843948E-07
   0.116000E+04  -0.377250E-08  -0.179484E-07  -0.936745E-07
   0.116100E+04  -0.124754E-07  -0.197276E-07  -0.933845E-07
   0.116200E+04  -0.198574E-07  -0.195224E-07  -0.836043E-07
   0.116300E+04  -0.251745E-07  -0.173635E-07  -0.653767E-07
   0.116400E+04  -0.278964E-07  -0.134786E-07  -0.405968E-07
   0.116500E+04  -0.277599E-07  -0.826885E-08  -0.118150E-07
   0.116600E+04  -0.247938E-07  -0.226698E-08   0.180249E-07
   0.116700E+04  -0.193147E-07   0.391706E-08   0.458868E-07
   0.116800E+04  -0.118935E-07   0.965832E-08   0.689511E-07
   0.116900E+04  -0.329578E-08   0.143802E-07   0.849000E-07
   0.117000E+04   0.559689E-08   0.176127E-07   0.921496E-07
   0.117100E+04   0.138773E-07   0.190393E-07   0.900079E-07
   0.117200E+04   0.207049E-07   0.185285E-07   0.787398E-07
   0.117300E+04   0.253914E-07   0.161459E-07   0.595360E-07
   0.117400E+04   0.274694E-07   0.121468E-07   0.343868E-07
   0.117500E+04   0.267397E-07   0.694913E-08   0.587668E-08
   0.117600E+04   0.232896E-07   0.109029E-08  -0.230814E-07
   0.117700E+04   0.174833E-07  -0.482809E-08  -0.495433E-07
   0.117800E+04   0.992304E-08  -0.102016E-07  -0.708332E-07
   0.117900E+04   0.138698E-08  -0.144846E-07  -0.848133E-07
   0.118000E+04  -0.725089E-08  -0.172451E-07  -0.900990E-07
   0.118100E+04  -0.151101E-07  -0.182089E-07  -0.861955E-07
   0.118200E+04  -0.213935E-07  -0.172860E-07  -0.735440E-07
   0.118300E+04  -0.254679E-07  -0.145796E-07  -0.534724E-07
   0.118400E+04  -0.269277E-07  -0.103745E-07  -0.280559E-07
   0.118500E+04  -0.256357E-07  -0.510756E-08   0.966977E-10
   0.118600E+04  -0.217351E-07   0.677494E-09   0.281109E-07
   0.118700E+04  -0.156346E-07   0.638565E-08   0.531396E-07
   0.118800E+04  -0.796493E-08   0.114315E-07   0.726520E-07
   0.118900E+04   0.485747E-09   0.152987E-07   0.846893E-07
   0.119000E+04   0.885306E-08   0.175925E-07   0.880610E-07
   0.119100E+04   0.162846E-07   0.180794E-07   0.824625E-07
   0.119200E+04   0.220267E-07   0.167107E-07   0.685017E-07
   0.119300E+04   0.255006E-07   0.136267E-07   0.476335E-07
   0.119400E+04   0.263609E-07   0.914200E-08   0.220081E-07
   0.119500E+04   0.245297E-07   0.371350E-08  -0.575045E-08
   0.119600E+04   0.202033E-07  -0.210685E-08  -0.328129E-07
   0.119700E+04   0.138314E-07  -0.772803E-08  -0.564329E-07
   0.119800E+04   0.607030E-08  -0.125801E-07  -0.742255E-07
   0.119900E+04  -0.228483E-08  -0.161720E-07  -0.844080E-07
   0.120000E+04  -0.103812E-07  -0.181409E-07  -0.859782E-07
   0.120100E+04  -0.173955E-07  -0.182891E-07  -0.788128E-07
   0.120200E+04  -0.226174E-07  -0.166033E-07  -0.636759E-07
   0.120300E+04  -0.255217E-07  -0.132557E-07  -0.421382E-07
   0.120400E+04  -0.258207E-07  -0.858591E-08  -0.164134E-07
   0.120500E+04  -0.234927E-07  -0.306632E-08   0.108690E-07
   0.120600E+04  -0.187834E-07   0.274610E-08   0.369326E-07
   0.120700E+04  -0.121795E-07   0.826632E-08   0.591366E-07
   0.120800E+04  -0.435897E-08   0.129405E-07   0.752430E-07
   0.120900E+04   0.387934E-08   0.163019E-07   0.836428E-07
   0.121000E+04   0.116968E-07   0.180176E-07   0.835160E-07
   0.121100E+04   0.183008E-07   0.179219E-07   0.749120E-07
   0.121200E+04   0.230246E-07   0.160322E-07   0.587407E-07
   0.121300E+04   0.253953E-07   0.125470E-07   0.366761E-07
   0.121400E+04   0.251809E-07   0.782466E-08   0.109838E-07
   0.121500E+04   0.224126E-07   0.234706E-08  -0.157120E-07
   0.121600E+04   0.173812E-07  -0.332990E-08  -0.406964E-07
   0.121700E+04   0.106064E-07  -0.863264E-08  -0.614397E-07
   0.121800E+04   0.278284E-08  -0.130280E-07  -0.758537E-07
   0.121900E+04  -0.529069E-08  -0.160770E-07  -0.825016E-07
   0.122000E+04  -0.127933E-07  -0.174787E-07  -0.807415E-07
   0.122100E+04  -0.189650E-07  -0.171005E-07  -0.707877E-07
   0.122200E+04  -0.231844E-07  -0.149902E-07  -0.536860E-07
   0.122300E+04  -0.250305E-07  -0.113709E-07  -0.312035E-07
   0.122400E+04  -0.243252E-07  -0.661769E-08  -0.564643E-08
   0.122500E+04  -0.211505E-07  -0.121855E-08   0.203764E-07
   0.122600E+04  -0.158391E-07   0.427506E-08   0.442197E-07
   0.122700E+04  -0.893916E-08   0.930460E-08   0.634709E-07
   0.122800E+04  -0.115859E-08   0.133611E-07   0.761935E-07
   0.122900E+04   0.670816E-08   0.160364E-07   0.811226E-07
   0.123000E+04   0.138610E-07   0.170644E-07   0.777900E-07
   0.123100E+04   0.195753E-07   0.163473E-07   0.665687E-07
   0.123200E+04   0.232759E-07   0.139650E-07   0.486315E-07
   0.123300E+04   0.245941E-07   0.101663E-07   0.258287E-07
   0.123400E+04   0.234051E-07   0.534286E-08   0.497344E-09
   0.123500E+04   0.198394E-07  -0.105735E-10  -0.247784E-07
   0.123600E+04   0.142687E-07  -0.534724E-08  -0.474306E-07
   0.123700E+04   0.726708E-08  -0.101237E-07  -0.651683E-07
   0.123800E+04  -0.448185E-09  -0.138552E-07  -0.762096E-07
   0.123900E+04  -0.808992E-08  -0.161643E-07  -0.794601E-07
   0.124000E+04  -0.148815E-07  -0.168191E-07  -0.746220E-07
   0.124100E+04  -0.201356E-07  -0.157563E-07  -0.622206E-07
   0.124200E+04  -0.233240E-07  -0.130870E-07  -0.435479E-07
   0.124300E+04  -0.241305E-07  -0.908485E-08  -0.205286E-07
   0.124400E+04  -0.224823E-07  -0.415803E-08   0.447859E-08
   0.124500E+04  -0.185563E-07   0.119268E-08   0.289222E-07
   0.124600E+04  -0.127608E-07   0.642476E-08   0.503179E-07
   0.124700E+04  -0.569217E-08   0.110091E-07   0.665010E-07
   0.124800E+04   0.192578E-08   0.144833E-07   0.758452E-07
   0.124900E+04   0.931622E-08   0.164984E-07   0.774262E-07
   0.125000E+04   0.157285E-07   0.168537E-07   0.711124E-07
   0.125100E+04   0.205143E-07   0.155167E-07   0.575761E-07
   0.125200E+04   0.231933E-07   0.126253E-07   0.382214E-07
   0.125300E+04   0.235014E-07   0.847389E-08   0.150395E-07
   0.125400E+04   0.214168E-07   0.348264E-08  -0.959673E-08
   0.125500E+04   0.171613E-07  -0.184533E-08  -0.331746E-07
   0.125600E+04   0.111768E-07  -0.697507E-08  -0.532981E-07
   0.125700E+04   0.407938E-08  -0.113939E-07  -0.679311E-07
   0.125800E+04  -0.340358E-08  -0.146631E-07  -0.756028E-07
   0.125900E+04  -0.105083E-07  -0.164619E-07  -0.755558E-07
   0.126000E+04  -0.165124E-07  -0.166190E-07  -0.678199E-07
   0.126100E+04  -0.208079E-07  -0.151294E-07  -0.532073E-07
   0.126200E+04  -0.229635E-07  -0.121541E-07  -0.332263E-07
   0.126300E+04  -0.227668E-07  -0.800257E-08  -0.992648E-08
   0.126400E+04  -0.202464E-07  -0.310087E-08   0.143123E-07
   0.126500E+04  -0.156670E-07   0.205206E-08   0.370224E-07
   0.126600E+04  -0.950238E-08   0.693542E-08   0.559000E-07
   0.126700E+04  -0.238634E-08   0.110594E-07   0.690387E-07
   0.126800E+04   0.495259E-08   0.140145E-07   0.751218E-07
   0.126900E+04   0.117655E-07   0.155127E-07   0.735545E-07
   0.127000E+04   0.173593E-07   0.154160E-07   0.645218E-07
   0.127100E+04   0.211675E-07   0.137492E-07   0.489670E-07
   0.127200E+04   0.228070E-07   0.106967E-07   0.284939E-07
   0.127300E+04   0.221168E-07   0.658272E-08   0.520062E-08
   0.127400E+04   0.191739E-07   0.183722E-08  -0.185344E-07
   0.127500E+04   0.142842E-07  -0.304821E-08  -0.402958E-07
   0.127600E+04   0.795109E-08  -0.757100E-08  -0.578767E-07
   0.127700E+04   0.823401E-09  -0.112689E-07  -0.695023E-07
   0.127800E+04  -0.637097E-08  -0.137671E-07  -0.740093E-07
   0.127900E+04  -0.128995E-07  -0.148156E-07  -0.709621E-07
   0.128000E+04  -0.180994E-07  -0.143149E-07  -0.606946E-07
   0.128100E+04  -0.214452E-07  -0.123248E-07  -0.442743E-07
   0.128200E+04  -0.226015E-07  -0.905774E-08  -0.233909E-07
   0.128300E+04  -0.214567E-07  -0.485644E-08  -0.183174E-09
   0.128400E+04  -0.181338E-07  -0.158235E-09   0.229802E-07
   0.128500E+04  -0.129767E-07   0.455014E-08   0.437422E-07
   0.128600E+04  -0.651527E-08   0.878258E-08   0.599968E-07
   0.128700E+04   0.589688E-09   0.121034E-07   0.701024E-07
   0.128800E+04   0.761379E-08   0.141720E-07   0.730477E-07
   0.128900E+04   0.138430E-07   0.147771E-07   0.685521E-07
   0.129000E+04   0.186462E-07   0.138584E-07   0.570924E-07
   0.129100E+04   0.215393E-07   0.115121E-07   0.398522E-07
   0.129200E+04   0.222339E-07   0.798102E-08   0.185994E-07
   0.129300E+04   0.206659E-07   0.362882E-08  -0.449533E-08
   0.129400E+04   0.170017E-07  -0.109703E-08  -0.270800E-07
   0.129500E+04   0.116204E-07  -0.571144E-08  -0.468609E-07
   0.129600E+04   0.507459E-08  -0.974136E-08  -0.618357E-07
   0.129700E+04  -0.196645E-08  -0.127742E-07  -0.704960E-07
   0.129800E+04  -0.878504E-08  -0.144999E-07  -0.719790E-07
   0.129900E+04  -0.146883E-07  -0.147426E-07  -0.661535E-07
   0.130000E+04  -0.190786E-07  -0.134781E-07  -0.536311E-07
   0.130100E+04  -0.215141E-07  -0.108365E-07  -0.357019E-07
   0.130200E+04  -0.217530E-07  -0.708831E-08  -0.142014E-07
   0.130300E+04  -0.197778E-07  -0.261700E-08   0.867713E-08
   0.130400E+04  -0.157964E-07   0.212061E-08   0.306072E-07
   0.130500E+04  -0.102201E-07   0.664091E-08   0.493650E-07
   0.130600E+04  -0.362129E-08   0.104830E-07   0.630555E-07
   0.130700E+04   0.332544E-08   0.132554E-07   0.703039E-07
   0.130800E+04   0.991200E-08   0.146764E-07   0.703934E-07
   0.130900E+04   0.154691E-07   0.146020E-07   0.633367E-07
   0.131000E+04   0.194342E-07   0.130409E-07   0.498717E-07
   0.131100E+04   0.214085E-07   0.101533E-07   0.313852E-07
   0.131200E+04   0.211969E-07   0.623417E-08   0.976979E-08
   0.131300E+04   0.188274E-07   0.168320E-08  -0.127699E-07
   0.131400E+04   0.145474E-07  -0.303600E-08  -0.339421E-07
   0.131500E+04   0.879813E-08  -0.744332E-08  -0.516007E-07
   0.131600E+04   0.216915E-08  -0.110909E-07  -0.639630E-07
   0.131700E+04  -0.466227E-08  -0.136089E-07  -0.697898E-07
   0.131800E+04  -0.110001E-07  -0.147427E-07  -0.685094E-07
   0.131900E+04  -0.162007E-07  -0.143790E-07  -0.602736E-07
   0.132000E+04  -0.197378E-07  -0.125566E-07  -0.459407E-07
   0.132100E+04  -0.212559E-07  -0.946288E-08  -0.269854E-07
   0.132200E+04  -0.206063E-07  -0.541406E-08  -0.534781E-08
   0.132300E+04  -0.178610E-07  -0.822926E-09   0.167654E-07
   0.132400E+04  -0.133052E-07   0.384327E-08   0.371060E-07
   0.132500E+04  -0.740775E-08   0.811042E-08   0.536125E-07
   0.132600E+04  -0.772459E-09   0.115458E-07   0.646192E-07
   0.132700E+04   0.592327E-08   0.138020E-07   0.690243E-07
   0.132800E+04   0.119978E-07   0.146520E-07   0.664001E-07
   0.132900E+04   0.168346E-07   0.140123E-07   0.570345E-07
   0.133000E+04   0.199448E-07   0.119508E-07   0.418997E-07
   0.133100E+04   0.210165E-07   0.867982E-08   0.225511E-07
   0.133200E+04   0.199463E-07   0.453439E-08   0.967943E-09
   0.133300E+04   0.168491E-07  -0.623232E-10  -0.206494E-07
   0.133400E+04   0.120455E-07  -0.464204E-08  -0.401034E-07
   0.133500E+04   0.602910E-08  -0.873908E-08  -0.554229E-07
   0.133600E+04  -0.584332E-09  -0.119377E-07  -0.650629E-07
   0.133700E+04  -0.712005E-08  -0.139144E-07  -0.680598E-07
   0.133800E+04  -0.129130E-07  -0.144704E-07  -0.641283E-07
   0.133900E+04  -0.173756E-07  -0.135518E-07  -0.536881E-07
   0.134000E+04  -0.200571E-07  -0.112548E-07  -0.378193E-07
   0.134100E+04  -0.206894E-07  -0.781559E-08  -0.181505E-07
   0.134200E+04  -0.192135E-07  -0.358618E-08   0.330781E-08
   0.134300E+04  -0.157855E-07   0.100179E-08   0.243691E-07
   0.134400E+04  -0.107594E-07   0.548088E-08   0.428934E-07
   0.134500E+04  -0.465107E-08   0.939557E-08   0.570046E-07
   0.134600E+04   0.191465E-08   0.123485E-07   0.652807E-07
   0.134700E+04   0.826816E-08   0.140407E-07   0.668967E-07
   0.134800E+04   0.137632E-07   0.143020E-07   0.617071E-07
   0.134900E+04   0.178424E-07   0.131079E-07   0.502584E-07
   0.135000E+04   0.200942E-07   0.105820E-07   0.337323E-07
   0.135100E+04   0.202938E-07   0.698294E-08   0.138230E-07
   0.135200E+04   0.184263E-07   0.267823E-08  -0.743602E-08
   0.135300E+04   0.146867E-07  -0.189363E-08  -0.278795E-07
   0.135400E+04   0.946049E-08  -0.626765E-08  -0.454312E-07
   0.135500E+04   0.328337E-08  -0.999969E-08  -0.583148E-07
   0.135600E+04  -0.321353E-08  -0.127116E-07  -0.652331E-07
   0.135700E+04  -0.936808E-08  -0.141294E-07  -0.654992E-07
   0.135800E+04  -0.145547E-07  -0.141110E-07  -0.591046E-07
   0.135900E+04  -0.182477E-07  -0.126607E-07  -0.467176E-07
   0.136000E+04  -0.200750E-07  -0.992778E-08  -0.296142E-07
   0.136100E+04  -0.198550E-07  -0.619188E-08  -0.954666E-08
   0.136200E+04  -0.176151E-07  -0.183382E-08   0.114364E-07
   0.136300E+04  -0.135882E-07   0.270306E-08   0.311987E-07
   0.136400E+04  -0.818846E-08   0.695805E-08   0.477338E-07
   0.136500E+04  -0.196859E-08   0.105000E-07   0.593689E-07
   0.136600E+04   0.443646E-08   0.129708E-07   0.649338E-07
   0.136700E+04   0.103745E-07   0.141219E-07   0.638787E-07
   0.136800E+04   0.152425E-07   0.138393E-07   0.563286E-07
   0.136900E+04   0.185478E-07   0.121547E-07   0.430686E-07
   0.137000E+04   0.199579E-07   0.924189E-08   0.254623E-07
   0.137100E+04   0.193341E-07   0.539925E-08   0.531170E-08
   0.137200E+04   0.167449E-07   0.101880E-08  -0.153271E-07
   0.137300E+04   0.124586E-07  -0.345368E-08  -0.343537E-07
   0.137400E+04   0.691563E-08  -0.756405E-08  -0.498372E-07
   0.137500E+04   0.683023E-09  -0.108960E-07  -0.602120E-07
   0.137600E+04  -0.560339E-08  -0.131131E-07  -0.644362E-07
   0.137700E+04  -0.113039E-07  -0.139931E-07  -0.620960E-07
   0.137800E+04  -0.158401E-07  -0.134500E-07  -0.534463E-07
   0.137900E+04  -0.187535E-07  -0.115426E-07  -0.393830E-07
   0.138000E+04  -0.197520E-07  -0.846818E-08  -0.213506E-07
   0.138100E+04  -0.187389E-07  -0.454222E-08  -0.119312E-08
   0.138200E+04  -0.158227E-07  -0.165944E-09   0.190335E-07
   0.138300E+04  -0.113051E-07   0.421454E-08   0.372719E-07
   0.138400E+04  -0.565023E-08   0.815376E-08   0.516718E-07
   0.138500E+04   0.563494E-09   0.112522E-07   0.607781E-07
   0.138600E+04   0.670218E-08   0.131966E-07   0.636781E-07
   0.138700E+04   0.121413E-07   0.137920E-07   0.600922E-07
   0.138800E+04   0.163290E-07   0.129812E-07   0.504015E-07
   0.138900E+04   0.188426E-07   0.108499E-07   0.356072E-07
   0.139000E+04   0.194308E-07   0.761836E-08   0.172270E-07
   0.139100E+04   0.180390E-07   0.361812E-08  -0.286017E-08
   0.139200E+04   0.148145E-07  -0.741602E-09  -0.226065E-07
   0.139300E+04   0.100907E-07  -0.501585E-08  -0.400037E-07
   0.139400E+04   0.435311E-08  -0.876926E-08  -0.532875E-07
   0.139500E+04  -0.181091E-08  -0.116203E-07  -0.611162E-07
   0.139600E+04  -0.777198E-08  -0.132802E-07  -0.627064E-07
   0.139700E+04  -0.129230E-07  -0.135818E-07  -0.579112E-07
   0.139800E+04  -0.167409E-07  -0.124968E-07  -0.472336E-07
   0.139900E+04  -0.188398E-07  -0.101381E-07  -0.317741E-07
   0.140000E+04  -0.190098E-07  -0.674800E-08  -0.131170E-07
   0.140100E+04  -0.172384E-07  -0.267371E-08   0.683195E-08
   0.140200E+04  -0.137108E-07   0.166855E-08   0.260397E-07
   0.140300E+04  -0.879092E-08   0.583584E-08   0.425535E-07
   0.140400E+04  -0.298369E-08   0.940367E-08   0.546992E-07
   0.140500E+04   0.311648E-08   0.120092E-07   0.612508E-07
   0.140600E+04   0.888663E-08   0.133880E-07   0.615543E-07
   0.140700E+04   0.137387E-07   0.134009E-07   0.555929E-07
   0.140800E+04   0.171796E-07   0.120480E-07   0.439872E-07
   0.140900E+04   0.188609E-07   0.946833E-08   0.279307E-07
   0.141000E+04   0.186142E-07   0.592570E-08   0.906696E-08
   0.141100E+04   0.164682E-07   0.178153E-08  -0.106783E-07
   0.141200E+04   0.126449E-07  -0.254200E-08  -0.292940E-07
   0.141300E+04   0.753688E-08  -0.660489E-08  -0.448884E-07
   0.141400E+04   0.166701E-08  -0.999424E-08  -0.558815E-07
   0.141500E+04  -0.436523E-08  -0.123661E-07  -0.611644E-07
   0.141600E+04  -0.994493E-08  -0.134803E-07  -0.602120E-07
   0.141700E+04  -0.145043E-07  -0.132250E-07  -0.531345E-07
   0.141800E+04  -0.175807E-07  -0.116277E-07  -0.406648E-07
   0.141900E+04  -0.188630E-07  -0.885207E-08  -0.240831E-07
   0.142000E+04  -0.182238E-07  -0.518158E-08  -0.508496E-08
   0.142100E+04  -0.157312E-07  -0.990182E-09   0.143918E-07
   0.142200E+04  -0.116422E-07   0.329569E-08   0.323647E-07
   0.142300E+04  -0.637568E-08   0.724058E-08   0.470087E-07
   0.142400E+04  -0.469722E-09   0.104443E-07   0.568410E-07
   0.142500E+04   0.547350E-08   0.125823E-07   0.608715E-07
   0.142600E+04   0.108491E-07   0.134392E-07   0.587025E-07
   0.142700E+04   0.151112E-07   0.129297E-07   0.505676E-07
   0.142800E+04   0.178282E-07   0.111077E-07   0.373067E-07
   0.142900E+04   0.187265E-07   0.816044E-08   0.202795E-07
   0.143000E+04   0.177183E-07   0.438914E-08   0.122581E-08
   0.143100E+04   0.149099E-07   0.178485E-09  -0.179120E-07
   0.143200E+04   0.105905E-07  -0.404269E-08  -0.351872E-07
   0.143300E+04   0.520268E-08  -0.784503E-08  -0.488465E-07
   0.143400E+04  -0.703341E-09  -0.108423E-07  -0.575082E-07
   0.143500E+04  -0.652564E-08  -0.127304E-07  -0.603019E-07
   0.143600E+04  -0.116721E-07  -0.133186E-07  -0.569557E-07
   0.143700E+04  -0.156205E-07  -0.125481E-07  -0.478231E-07
   0.143800E+04  -0.179718E-07  -0.104985E-07  -0.338453E-07
   0.143900E+04  -0.184904E-07  -0.737916E-08  -0.164543E-07
   0.144000E+04  -0.171275E-07  -0.350782E-08   0.257356E-08
   0.144100E+04  -0.140260E-07   0.721658E-09   0.212991E-07
   0.144200E+04  -0.950565E-08   0.487946E-08   0.378181E-07
   0.144300E+04  -0.402967E-08   0.854347E-08   0.504546E-07
   0.144400E+04   0.184235E-08   0.113421E-07   0.579311E-07
   0.144500E+04   0.751174E-08   0.129918E-07   0.594976E-07
   0.144600E+04   0.124019E-07   0.133259E-07   0.550069E-07
   0.144700E+04   0.160167E-07   0.123112E-07   0.449284E-07
   0.144800E+04   0.179913E-07   0.100513E-07   0.302986E-07
   0.144900E+04   0.181285E-07   0.677553E-08   0.126153E-07
   0.145000E+04   0.164191E-07   0.281597E-08  -0.631654E-08
   0.145100E+04   0.130417E-07  -0.142671E-08  -0.245683E-07
   0.145200E+04   0.834481E-08  -0.552383E-08  -0.402847E-07
   0.145300E+04   0.281059E-08  -0.906222E-08  -0.518721E-07
   0.145400E+04  -0.299444E-08  -0.116860E-07  -0.581600E-07
   0.145500E+04  -0.847731E-08  -0.131326E-07  -0.585195E-07
   0.145600E+04  -0.130791E-07  -0.132590E-07  -0.529260E-07
   0.145700E+04  -0.163319E-07  -0.120561E-07  -0.419607E-07
   0.145800E+04  -0.179063E-07  -0.964919E-08  -0.267499E-07
   0.145900E+04  -0.176447E-07  -0.628502E-08  -0.884956E-08
   0.146000E+04  -0.155771E-07  -0.230640E-08   0.991386E-08
   0.146100E+04  -0.119178E-07   0.188281E-08   0.276298E-07
   0.146200E+04  -0.704308E-08   0.585874E-08   0.424982E-07
   0.146300E+04  -0.145280E-08   0.922065E-08   0.530122E-07
   0.146400E+04   0.428101E-08   0.116314E-07   0.581110E-07
   0.146500E+04   0.957241E-08   0.128516E-07   0.572871E-07
   0.146600E+04   0.138814E-07   0.127634E-07   0.506363E-07
   0.146700E+04   0.167688E-07   0.113824E-07   0.388472E-07
   0.146800E+04   0.179411E-07   0.885516E-08   0.231299E-07
   0.146900E+04   0.172799E-07   0.544443E-08   0.509170E-08
   0.147000E+04   0.148539E-07   0.150167E-08  -0.134272E-07
   0.147100E+04   0.109117E-07  -0.256882E-08  -0.305412E-07
   0.147200E+04   0.585613E-08  -0.635123E-08  -0.445116E-07
   0.147300E+04   0.202972E-09  -0.946062E-08  -0.539227E-07
   0.147400E+04  -0.547152E-08  -0.115821E-07  -0.578258E-07
   0.147500E+04  -0.105896E-07  -0.125025E-07  -0.558345E-07
   0.147600E+04  -0.146306E-07  -0.121321E-07  -0.481630E-07
   0.147700E+04  -0.171844E-07  -0.105133E-07  -0.356031E-07
   0.147800E+04  -0.179923E-07  -0.781583E-08  -0.194427E-07
   0.147900E+04  -0.169740E-07  -0.431943E-08  -0.133364E-08
   0.148000E+04  -0.142346E-07  -0.384695E-09   0.168771E-07
   0.148100E+04  -0.100545E-07   0.358372E-08   0.333357E-07
   0.148200E+04  -0.486026E-08   0.717857E-08   0.463699E-07
   0.148300E+04   0.819069E-09   0.100316E-07   0.546593E-07
   0.148400E+04   0.640582E-08   0.118511E-07   0.573687E-07
   0.148500E+04   0.113325E-07   0.124515E-07   0.542326E-07
   0.148600E+04   0.150997E-07   0.117722E-07   0.455806E-07
   0.148700E+04   0.173266E-07   0.988374E-08   0.323034E-07
   0.148800E+04   0.177896E-07   0.697998E-08   0.157606E-07
   0.148900E+04   0.164449E-07   0.335855E-08  -0.235802E-08
   0.149000E+04   0.134326E-07  -0.609843E-09  -0.202055E-07
   0.149100E+04   0.906209E-08  -0.451933E-08  -0.359657E-07
   0.149200E+04   0.378055E-08  -0.797033E-08  -0.480380E-07
   0.149300E+04  -0.187307E-08  -0.106103E-07  -0.552001E-07
   0.149400E+04  -0.732285E-08  -0.121698E-07  -0.567316E-07
   0.149500E+04  -0.120146E-07  -0.124895E-07  -0.524861E-07
   0.149600E+04  -0.154724E-07  -0.115371E-07  -0.429058E-07
   0.149700E+04  -0.173464E-07  -0.940949E-08  -0.289748E-07
   0.149800E+04  -0.174488E-07  -0.632374E-08  -0.121185E-07
   0.149900E+04  -0.157725E-07  -0.259425E-08   0.594265E-08
   0.150000E+04  -0.124914E-07   0.139911E-08   0.233684E-07
   0.150100E+04  -0.794224E-08   0.524984E-08   0.383862E-07
   0.150200E+04  -0.259069E-08   0.856621E-08   0.494718E-07
   0.150300E+04   0.301687E-08   0.110111E-07   0.555036E-07
   0.150400E+04   0.830882E-08   0.123365E-07   0.558762E-07
   0.150500E+04   0.127466E-07   0.124083E-07   0.505612E-07
   0.150600E+04   0.158794E-07   0.112202E-07   0.401089E-07
   0.150700E+04   0.173900E-07   0.889398E-08   0.255918E-07
   0.150800E+04   0.171268E-07   0.566722E-08   0.849396E-08
   0.150900E+04   0.151191E-07   0.186880E-08  -0.944018E-08
   0.151000E+04   0.115737E-07  -0.211460E-08  -0.263841E-07
   0.151100E+04   0.685361E-08  -0.587787E-08  -0.406150E-07
   0.151200E+04   0.144091E-08  -0.903876E-08  -0.506890E-07
   0.151300E+04  -0.411250E-08  -0.112767E-07  -0.555878E-07
   0.151400E+04  -0.924120E-08  -0.123656E-07  -0.548212E-07
   0.151500E+04  -0.134238E-07  -0.121961E-07  -0.484765E-07
   0.151600E+04  -0.162360E-07  -0.107874E-07  -0.372084E-07
   0.151700E+04  -0.173935E-07  -0.828468E-08  -0.221717E-07
   0.151800E+04  -0.167808E-07  -0.494408E-08  -0.490250E-08
   0.151900E+04  -0.144627E-07  -0.110681E-08   0.128381E-07
   0.152000E+04  -0.106775E-07   0.283587E-08   0.292439E-07
   0.152100E+04  -0.581219E-08   0.648250E-08   0.426478E-07
   0.152200E+04  -0.363315E-09   0.946227E-08   0.516906E-07
   0.152300E+04   0.511415E-08   0.114728E-07   0.554590E-07
   0.152400E+04   0.100631E-07   0.123107E-07   0.535783E-07
   0.152500E+04   0.139812E-07   0.118923E-07   0.462490E-07
   0.152600E+04   0.164717E-07   0.102620E-07   0.342256E-07
   0.152700E+04   0.172836E-07   0.758764E-08   0.187393E-07
   0.152800E+04   0.163374E-07   0.414301E-08   0.137173E-08
   0.152900E+04   0.137322E-07   0.280202E-09  -0.161068E-07
   0.153000E+04   0.973593E-08  -0.360651E-08  -0.319174E-07
   0.153100E+04   0.475763E-08  -0.712086E-08  -0.444538E-07
   0.153200E+04  -0.694565E-09  -0.990490E-08  -0.524456E-07
   0.153300E+04  -0.606513E-08  -0.116755E-07  -0.550867E-07
   0.153400E+04  -0.108078E-07  -0.122529E-07  -0.521170E-07
   0.153500E+04  -0.144412E-07  -0.115791E-07  -0.438478E-07
   0.153600E+04  -0.165976E-07  -0.972383E-08  -0.311291E-07
   0.153700E+04  -0.170604E-07  -0.687677E-08  -0.152625E-07
   0.153800E+04  -0.157854E-07  -0.332866E-08   0.213213E-08
   0.153900E+04  -0.129058E-07   0.558639E-09   0.192820E-07
   0.154000E+04  -0.871763E-08   0.438899E-08   0.344420E-07
   0.154100E+04  -0.364961E-08   0.777233E-08   0.460722E-07
   0.154200E+04   0.178059E-08   0.103644E-07   0.529943E-07
   0.154300E+04   0.701938E-08   0.119017E-07   0.545112E-07
   0.154400E+04   0.115336E-07   0.122282E-07   0.504766E-07
   0.154500E+04   0.148647E-07   0.113114E-07   0.413098E-07
   0.154600E+04   0.166754E-07   0.924500E-08   0.279516E-07
   0.154700E+04   0.167839E-07   0.623988E-08   0.117678E-07
   0.154800E+04   0.151818E-07   0.260207E-08  -0.558999E-08
   0.154900E+04   0.120351E-07  -0.129826E-08  -0.223534E-07
   0.155000E+04   0.766681E-08  -0.506453E-08  -0.368173E-07
   0.155100E+04   0.252367E-08  -0.831416E-08  -0.475130E-07
   0.155200E+04  -0.286928E-08  -0.107174E-07  -0.533575E-07
   0.155300E+04  -0.796243E-08  -0.120309E-07  -0.537635E-07
   0.155400E+04  -0.122376E-07  -0.121222E-07  -0.486976E-07
   0.155500E+04  -0.152606E-07  -0.109834E-07  -0.386836E-07
   0.155600E+04  -0.167256E-07  -0.873159E-08  -0.247481E-07
   0.155700E+04  -0.164859E-07  -0.559672E-08  -0.831527E-08
   0.155800E+04  -0.145684E-07  -0.189838E-08   0.893879E-08
   0.155900E+04  -0.111711E-07   0.198695E-08   0.252568E-07
   0.156000E+04  -0.664223E-08   0.566428E-08   0.389795E-07
   0.156100E+04  -0.144469E-08   0.876022E-08   0.487140E-07
   0.156200E+04   0.389120E-08   0.109610E-07   0.534757E-07
   0.156300E+04   0.882192E-08   0.120442E-07   0.527872E-07
   0.156400E+04   0.128461E-07   0.119013E-07   0.467269E-07
   0.156500E+04   0.155553E-07   0.105487E-07   0.359195E-07
   0.156600E+04   0.166760E-07   0.812576E-08   0.214722E-07
   0.156700E+04   0.160966E-07   0.488039E-08   0.486080E-08
   0.156800E+04   0.138790E-07   0.114386E-08  -0.122206E-07
   0.156900E+04   0.102518E-07  -0.270310E-08  -0.280325E-07
   0.157000E+04   0.558692E-08  -0.626907E-08  -0.409673E-07
   0.157100E+04   0.361367E-09  -0.919180E-08  -0.497125E-07
   0.157200E+04  -0.489149E-08  -0.111750E-07  -0.533839E-07
   0.157300E+04  -0.963630E-08  -0.120184E-07  -0.516149E-07
   0.157400E+04  -0.133903E-07  -0.116381E-07  -0.445934E-07
   0.157500E+04  -0.157723E-07  -0.100748E-07  -0.330415E-07
   0.157600E+04  -0.165418E-07  -0.748944E-08  -0.181416E-07
   0.157700E+04  -0.156225E-07  -0.414687E-08  -0.141505E-08
   0.157800E+04  -0.131107E-07  -0.388573E-09   0.154329E-07
   0.157900E+04  -0.926473E-08   0.340216E-08   0.306870E-07
   0.158000E+04  -0.447847E-08   0.683934E-08   0.427967E-07
   0.158100E+04   0.758855E-09   0.957359E-08   0.505334E-07
   0.158200E+04   0.591271E-08   0.113277E-07   0.531156E-07
   0.158300E+04   0.104578E-07   0.119246E-07   0.502872E-07
   0.158400E+04   0.139315E-07   0.113056E-07   0.423436E-07
   0.158500E+04   0.159810E-07   0.953580E-08   0.301000E-07
   0.158600E+04   0.163991E-07   0.679768E-08   0.148085E-07
   0.158700E+04   0.151451E-07   0.337203E-08  -0.197045E-08
   0.158800E+04   0.123488E-07  -0.390659E-09  -0.185269E-07
   0.158900E+04   0.829675E-08  -0.410605E-08  -0.331761E-07
   0.159000E+04   0.340345E-08  -0.739519E-08  -0.444292E-07
   0.159100E+04  -0.183156E-08  -0.992316E-08  -0.511455E-07
   0.159200E+04  -0.687446E-08  -0.114332E-07  -0.526471E-07
   0.159300E+04  -0.112116E-07  -0.117728E-07  -0.487880E-07
   0.159400E+04  -0.144020E-07  -0.109092E-07  -0.399680E-07
   0.159500E+04  -0.161217E-07  -0.893261E-08  -0.270910E-07
   0.159600E+04  -0.161973E-07  -0.604668E-08  -0.114728E-07
   0.159700E+04  -0.146228E-07  -0.254793E-08   0.529349E-08
   0.159800E+04  -0.115604E-07   0.120479E-08   0.215002E-07
   0.159900E+04  -0.732371E-08   0.482700E-08   0.354987E-07
   0.160000E+04  -0.234560E-08   0.794783E-08   0.458675E-07
   0.160100E+04   0.286607E-08   0.102479E-07   0.515560E-07
   0.160200E+04   0.778023E-08   0.114921E-07   0.519916E-07
   0.160300E+04   0.118967E-07   0.115532E-07   0.471371E-07
   0.160400E+04   0.147970E-07   0.104253E-07   0.374933E-07
   0.160500E+04   0.161872E-07   0.822407E-08   0.240482E-07
   0.160600E+04   0.159272E-07   0.517508E-08   0.817512E-08
   0.160700E+04   0.140452E-07   0.159079E-08  -0.850741E-08
   0.160800E+04   0.107347E-07  -0.216139E-08  -0.243005E-07
   0.160900E+04   0.633418E-08  -0.569658E-08  -0.375982E-07
   0.161000E+04   0.129275E-08  -0.865176E-08  -0.470504E-07
   0.161100E+04  -0.387571E-08  -0.107228E-07  -0.517005E-07
   0.161200E+04  -0.864501E-08  -0.116956E-07  -0.510817E-07
   0.161300E+04  -0.125302E-07  -0.114678E-07  -0.452641E-07
   0.161400E+04  -0.151370E-07  -0.100597E-07  -0.348469E-07
   0.161500E+04  -0.162017E-07  -0.761198E-08  -0.208967E-07
   0.161600E+04  -0.156177E-07  -0.437149E-08  -0.483807E-08
   0.161700E+04  -0.134467E-07  -0.666371E-09   0.116914E-07
   0.161800E+04  -0.991147E-08   0.312738E-08   0.270086E-07
   0.161900E+04  -0.537360E-08   0.662410E-08   0.395557E-07
   0.162000E+04  -0.296103E-09   0.946768E-08   0.480592E-07
   0.162100E+04   0.480371E-08   0.113678E-07   0.516585E-07
   0.162200E+04   0.940699E-08   0.121294E-07   0.499936E-07
   0.162300E+04   0.130462E-07   0.116728E-07   0.432405E-07
   0.162400E+04   0.153525E-07   0.100415E-07   0.320930E-07
   0.162500E+04   0.160933E-07   0.739814E-08   0.176913E-07
   0.162600E+04   0.151960E-07   0.400782E-08   0.150536E-08
   0.162700E+04   0.127544E-07   0.211471E-09  -0.148151E-07
   0.162800E+04   0.901967E-08  -0.360887E-08  -0.296088E-07
   0.162900E+04   0.437423E-08  -0.706869E-08  -0.413721E-07
   0.163000E+04  -0.707471E-09  -0.982001E-08  -0.489115E-07
   0.163100E+04  -0.570725E-08  -0.115866E-07  -0.514652E-07
   0.163200E+04  -0.101161E-07  -0.121918E-07  -0.487796E-07
   0.163300E+04  -0.134861E-07  -0.115768E-07  -0.411350E-07
   0.163400E+04  -0.154757E-07  -0.980574E-08  -0.293157E-07
   0.163500E+04  -0.158847E-07  -0.705985E-08  -0.145303E-07
   0.163600E+04  -0.146740E-07  -0.361850E-08   0.171249E-08
   0.163700E+04  -0.119698E-07   0.169078E-09   0.177575E-07
   0.163800E+04  -0.805023E-08   0.391933E-08   0.319718E-07
   0.163900E+04  -0.331669E-08   0.725329E-08   0.429110E-07
   0.164000E+04   0.174705E-08   0.983507E-08   0.494661E-07
   0.164100E+04   0.662433E-08   0.114058E-07   0.509756E-07
   0.164200E+04   0.108184E-07   0.118099E-07   0.472929E-07
   0.164300E+04   0.139028E-07   0.110105E-07   0.387999E-07
   0.164400E+04   0.155651E-07   0.909326E-08   0.263680E-07
   0.164500E+04   0.156381E-07   0.625712E-08   0.112683E-07
   0.164600E+04   0.141170E-07   0.279409E-08  -0.495766E-08
   0.164700E+04   0.111595E-07  -0.940718E-09  -0.206560E-07
   0.164800E+04   0.706936E-08  -0.456538E-08  -0.342283E-07
   0.164900E+04   0.226543E-08  -0.771012E-08  -0.442949E-07
   0.165000E+04  -0.276155E-08  -0.100550E-07  -0.498346E-07
   0.165100E+04  -0.749895E-08  -0.113623E-07  -0.502887E-07
   0.165200E+04  -0.114647E-07  -0.115012E-07  -0.456168E-07
   0.165300E+04  -0.142563E-07  -0.104603E-07  -0.363009E-07
   0.165400E+04  -0.155920E-07  -0.834921E-08  -0.232953E-07
   0.165500E+04  -0.153392E-07  -0.538696E-08  -0.792923E-08
   0.165600E+04  -0.135278E-07  -0.187964E-08   0.822936E-08
   0.165700E+04  -0.103470E-07   0.181102E-08   0.235334E-07
   0.165800E+04  -0.612548E-08   0.530462E-08   0.364245E-07
   0.165900E+04  -0.129784E-08   0.824108E-08   0.455918E-07
   0.166000E+04   0.364017E-08   0.103175E-07   0.501051E-07
   0.166100E+04   0.818241E-08   0.113192E-07   0.495089E-07
   0.166200E+04   0.118642E-07   0.111418E-07   0.438687E-07
   0.166300E+04   0.143097E-07   0.980194E-08   0.337637E-07
   0.166400E+04   0.152707E-07   0.743592E-08   0.202270E-07
   0.166500E+04   0.146515E-07   0.428574E-08   0.464034E-08
   0.166600E+04   0.125190E-07   0.674689E-09  -0.114071E-07
   0.166700E+04   0.909558E-08  -0.302562E-08  -0.262809E-07
   0.166800E+04   0.473620E-08  -0.643307E-08  -0.384673E-07
   0.166900E+04  -0.107830E-09  -0.919406E-08  -0.467279E-07
   0.167000E+04  -0.493524E-08  -0.110197E-07  -0.502250E-07
   0.167100E+04  -0.924619E-08  -0.117153E-07  -0.486066E-07
   0.167200E+04  -0.125935E-07  -0.112008E-07  -0.420418E-07
   0.167300E+04  -0.146287E-07  -0.951910E-08  -0.312030E-07
   0.167400E+04  -0.151375E-07  -0.683196E-08  -0.171972E-07
   0.167500E+04  -0.140624E-07  -0.340428E-08  -0.145260E-08
   0.167600E+04  -0.115086E-07   0.422556E-09   0.144270E-07
   0.167700E+04  -0.773338E-08   0.426500E-08   0.288254E-07
   0.167800E+04  -0.312012E-08   0.773595E-08   0.402789E-07
   0.167900E+04   0.186051E-08   0.104838E-07   0.476247E-07
   0.168000E+04   0.669867E-08   0.122282E-07   0.501192E-07
   0.168100E+04   0.108972E-07   0.127880E-07   0.475133E-07
   0.168200E+04   0.140226E-07   0.121003E-07   0.400769E-07
   0.168300E+04   0.157491E-07   0.102265E-07   0.285714E-07
   0.168400E+04   0.158922E-07   0.734654E-08   0.141715E-07
   0.168500E+04   0.144279E-07   0.374106E-08  -0.165509E-08
   0.168600E+04   0.114954E-07  -0.236760E-09  -0.172967E-07
   0.168700E+04   0.738339E-08  -0.419647E-08  -0.311624E-07
   0.168800E+04   0.250077E-08  -0.774946E-08  -0.418434E-07
   0.168900E+04  -0.266422E-08  -0.105478E-07  -0.482568E-07
   0.169000E+04  -0.759355E-08  -0.123189E-07  -0.497549E-07
   0.169100E+04  -0.117918E-07  -0.128929E-07  -0.461909E-07
   0.169200E+04  -0.148362E-07  -0.122192E-07  -0.379332E-07
   0.169300E+04  -0.164196E-07  -0.103713E-07  -0.258274E-07
   0.169400E+04  -0.163818E-07  -0.753912E-08  -0.111099E-07
   0.169500E+04  -0.147251E-07  -0.400971E-08   0.471870E-08
   0.169600E+04  -0.116152E-07  -0.138016E-09   0.200465E-07
   0.169700E+04  -0.736355E-08   0.368887E-08   0.333144E-07
   0.169800E+04  -0.239635E-08   0.709070E-08   0.431747E-07
   0.169900E+04   0.278854E-08   0.973219E-08   0.486281E-07
   0.170000E+04   0.767198E-08   0.113565E-07   0.491249E-07
   0.170100E+04   0.117659E-07   0.118107E-07   0.446209E-07
   0.170200E+04   0.146626E-07   0.110608E-07   0.355806E-07
   0.170300E+04   0.160757E-07   0.919411E-08   0.229299E-07
   0.170400E+04   0.158688E-07   0.641045E-08   0.796114E-08
   0.170500E+04   0.140694E-07   0.300092E-08  -0.779875E-08
   0.170600E+04   0.108652E-07  -0.681825E-09  -0.227442E-07
   0.170700E+04   0.658542E-08  -0.425965E-08  -0.353542E-07
   0.170800E+04   0.166671E-08  -0.736736E-08  -0.443474E-07
   0.170900E+04  -0.339097E-08  -0.968972E-08  -0.488121E-07
   0.171000E+04  -0.807521E-08  -0.109932E-07  -0.482987E-07
   0.171100E+04  -0.119130E-07  -0.111495E-07  -0.428651E-07
   0.171200E+04  -0.145187E-07  -0.101478E-07  -0.330699E-07
   0.171300E+04  -0.156327E-07  -0.809573E-08  -0.199155E-07
   0.171400E+04  -0.151476E-07  -0.520777E-08  -0.474519E-08
   0.171500E+04  -0.131187E-07  -0.178303E-08   0.108937E-07
   0.171600E+04  -0.975786E-08   0.182556E-08   0.254079E-07
   0.171700E+04  -0.541182E-08   0.524739E-08   0.373201E-07
   0.171800E+04  -0.526466E-09   0.813202E-08   0.454197E-07
   0.171900E+04   0.439865E-08   0.101849E-07   0.488854E-07
   0.172000E+04   0.886121E-08   0.111971E-07   0.473686E-07
   0.172100E+04   0.124072E-07   0.110666E-07   0.410286E-07
   0.172200E+04   0.146772E-07   0.980828E-08   0.305155E-07
   0.172300E+04   0.154422E-07   0.755217E-08   0.169039E-07
   0.172400E+04   0.146275E-07   0.452979E-08   0.158274E-08
   0.172500E+04   0.123191E-07   0.105038E-08  -0.138861E-07
   0.172600E+04   0.875523E-08  -0.253084E-08  -0.279272E-07
   0.172700E+04   0.430171E-08  -0.584900E-08  -0.391123E-07
   0.172800E+04  -0.585735E-09  -0.856684E-08  -0.463050E-07
   0.172900E+04  -0.540786E-08  -0.104090E-07  -0.487766E-07
   0.173000E+04  -0.967289E-08  -0.111900E-07  -0.462799E-07
   0.173100E+04  -0.129466E-07  -0.108330E-07  -0.390739E-07
   0.173200E+04  -0.148965E-07  -0.937714E-08  -0.278968E-07
   0.173300E+04  -0.153254E-07  -0.697374E-08  -0.138905E-07
   0.173400E+04  -0.141915E-07  -0.387021E-08   0.151610E-08
   0.173500E+04  -0.116124E-07  -0.384802E-09   0.167527E-07
   0.173600E+04  -0.785254E-08   0.312607E-08   0.302679E-07
   0.173700E+04  -0.329668E-08   0.630427E-08   0.406869E-07
   0.173800E+04   0.158998E-08   0.882647E-08   0.469516E-07
   0.173900E+04   0.630909E-08   0.104371E-07   0.484280E-07
   0.174000E+04   0.103800E-07   0.109744E-07   0.449699E-07
   0.174100E+04   0.133886E-07   0.103864E-07   0.369342E-07
   0.174200E+04   0.150297E-07   0.873652E-08   0.251434E-07
   0.174300E+04   0.151377E-07   0.619638E-08   0.108017E-07
   0.174400E+04   0.137033E-07   0.302835E-08  -0.462778E-08
   0.174500E+04   0.108747E-07  -0.441552E-09  -0.195727E-07
   0.174600E+04   0.694162E-08  -0.385706E-08  -0.325112E-07
   0.174700E+04   0.230619E-08  -0.686814E-08  -0.421272E-07
   0.174800E+04  -0.255841E-08  -0.916681E-08  -0.474440E-07
   0.174900E+04  -0.715618E-08  -0.105185E-07  -0.479236E-07
   0.175000E+04  -0.110188E-07  -0.107860E-07  -0.435211E-07
   0.175100E+04  -0.137535E-07  -0.994323E-08  -0.346888E-07
   0.175200E+04  -0.150828E-07  -0.807804E-08  -0.223296E-07
   0.175300E+04  -0.148725E-07  -0.538274E-08  -0.770496E-08
   0.175400E+04  -0.131457E-07  -0.213453E-08   0.769391E-08
   0.175500E+04  -0.100798E-07   0.133306E-08   0.222983E-07
   0.175600E+04  -0.598866E-08   0.466427E-08   0.346216E-07
   0.175700E+04  -0.129001E-08   0.751762E-08   0.434106E-07
   0.175800E+04   0.353680E-08   0.960076E-08   0.477732E-07
   0.175900E+04   0.799983E-08   0.107004E-07   0.472684E-07
   0.176000E+04   0.116447E-07   0.107040E-07   0.419514E-07
   0.176100E+04   0.141009E-07   0.961130E-08   0.323673E-07
   0.176200E+04   0.151191E-07   0.753424E-08   0.194952E-07
   0.176300E+04   0.145971E-07   0.468541E-08   0.464822E-08
   0.176400E+04   0.125892E-07   0.135632E-08  -0.106604E-07
   0.176500E+04   0.930141E-08  -0.211254E-08  -0.248717E-07
   0.176600E+04   0.506957E-08  -0.536646E-08  -0.365397E-07
   0.176700E+04   0.325481E-09  -0.807286E-08  -0.444783E-07
   0.176800E+04  -0.444737E-08  -0.995526E-08  -0.478824E-07
   0.176900E+04  -0.876306E-08  -0.108216E-07  -0.464088E-07
   0.177000E+04  -0.121827E-07  -0.105837E-07  -0.402114E-07
   0.177100E+04  -0.143593E-07  -0.926646E-08  -0.299251E-07
   0.177200E+04  -0.150726E-07  -0.700517E-08  -0.166001E-07
   0.177300E+04  -0.142517E-07  -0.403165E-08  -0.159573E-08
   0.177400E+04  -0.119820E-07  -0.650547E-09   0.135593E-07
   0.177500E+04  -0.849661E-08   0.279183E-08   0.273218E-07
   0.177600E+04  -0.415187E-08   0.594294E-08   0.382918E-07
   0.177700E+04   0.608585E-09   0.848005E-08   0.453547E-07
   0.177800E+04   0.529930E-08   0.101433E-07   0.477946E-07
   0.177900E+04   0.944249E-08   0.107622E-07   0.453666E-07
   0.178000E+04   0.126167E-07   0.102732E-07   0.383221E-07
   0.178100E+04   0.144998E-07   0.872630E-08   0.273818E-07
   0.178200E+04   0.149015E-07   0.627959E-08   0.136627E-07
   0.178300E+04   0.137827E-07   0.318362E-08  -0.143598E-08
   0.178400E+04   0.112594E-07  -0.244467E-09  -0.163760E-07
   0.178500E+04   0.759074E-08  -0.365322E-08  -0.296364E-07
   0.178600E+04   0.315223E-08  -0.669282E-08  -0.398682E-07
   0.178700E+04  -0.160245E-08  -0.905081E-08  -0.460322E-07
   0.178800E+04  -0.618785E-08  -0.104841E-07  -0.475039E-07
   0.178900E+04  -0.101362E-07  -0.108439E-07  -0.441372E-07
   0.179000E+04  -0.130452E-07  -0.100907E-07  -0.362786E-07
   0.179100E+04  -0.146190E-07  -0.829916E-08  -0.247318E-07
   0.179200E+04  -0.146979E-07  -0.564966E-08  -0.106753E-07
   0.179300E+04  -0.132751E-07  -0.241072E-08   0.445770E-08
   0.179400E+04  -0.104969E-07   0.108862E-08   0.191256E-07
   0.179500E+04  -0.664783E-08   0.449217E-08   0.318351E-07
   0.179600E+04  -0.212129E-08   0.745297E-08   0.412938E-07
   0.179700E+04   0.262033E-08   0.966858E-08   0.465409E-07
   0.179800E+04   0.709301E-08   0.109120E-07   0.470453E-07
   0.179900E+04   0.108405E-07   0.110548E-07   0.427591E-07
   0.180000E+04   0.134806E-07   0.100805E-07   0.341222E-07
   0.180100E+04   0.147445E-07   0.808602E-08   0.220172E-07
   0.180200E+04   0.145038E-07   0.527218E-08   0.767880E-08
   0.180300E+04   0.127834E-07   0.192329E-08  -0.743148E-08
   0.180400E+04   0.975933E-08  -0.162174E-08  -0.217748E-07
   0.180500E+04   0.574045E-08  -0.500378E-08  -0.338916E-07
   0.180600E+04   0.113688E-08  -0.788006E-08  -0.425501E-07
   0.180700E+04  -0.358176E-08  -0.995893E-08  -0.468713E-07
   0.180800E+04  -0.793430E-08  -0.110296E-07  -0.464188E-07
   0.180900E+04  -0.114770E-07  -0.109837E-07  -0.412422E-07
   0.181000E+04  -0.138489E-07  -0.982589E-08  -0.318722E-07
   0.181100E+04  -0.148084E-07  -0.767410E-08  -0.192657E-07
   0.181200E+04  -0.142579E-07  -0.474699E-08  -0.470882E-08
   0.181300E+04  -0.122538E-07  -0.134200E-08   0.103152E-07
   0.181400E+04  -0.900053E-08   0.219494E-08   0.242764E-07
   0.181500E+04  -0.482975E-08   0.550454E-08   0.357545E-07
   0.181600E+04  -0.166560E-09   0.825071E-08   0.435828E-07
   0.181700E+04   0.451391E-08   0.101547E-07   0.469672E-07
   0.181800E+04   0.873489E-08   0.110234E-07   0.455668E-07
   0.181900E+04   0.120665E-07   0.107690E-07   0.395279E-07
   0.182000E+04   0.141695E-07   0.941797E-08   0.294690E-07
   0.182100E+04   0.148299E-07   0.710818E-08   0.164173E-07
   0.182200E+04   0.139807E-07   0.407497E-08   0.170410E-08
   0.182300E+04   0.117083E-07   0.627157E-09  -0.131713E-07
   0.182400E+04   0.824427E-08  -0.288438E-08  -0.266941E-07
   0.182500E+04   0.394123E-08  -0.610243E-08  -0.374885E-07
   0.182600E+04  -0.762889E-09  -0.869975E-08  -0.444575E-07
   0.182700E+04  -0.538951E-08  -0.104124E-07  -0.468943E-07
   0.182800E+04  -0.946810E-08  -0.110666E-07  -0.445542E-07
   0.182900E+04  -0.125840E-07  -0.105961E-07  -0.376788E-07
   0.183000E+04  -0.144208E-07  -0.904951E-08  -0.269715E-07
   0.183100E+04  -0.147922E-07  -0.658460E-08  -0.135253E-07
   0.183200E+04  -0.136610E-07  -0.345262E-08   0.128904E-08
   0.183300E+04  -0.111428E-07   0.273889E-10   0.159621E-07
   0.183400E+04  -0.749443E-08   0.350118E-08   0.290003E-07
   0.183500E+04  -0.308716E-08   0.661533E-08   0.390774E-07
   0.183600E+04   0.163066E-08   0.905325E-08   0.451695E-07
   0.183700E+04   0.617943E-08   0.105674E-07   0.466595E-07
   0.183800E+04   0.100971E-07   0.110047E-07   0.433989E-07
   0.183900E+04   0.129861E-07   0.103215E-07   0.357232E-07
   0.184000E+04   0.145537E-07   0.858878E-08   0.244169E-07
   0.184100E+04   0.146420E-07   0.598428E-08   0.106336E-07
   0.184200E+04   0.132434E-07   0.277458E-08  -0.422169E-08
   0.184300E+04   0.105014E-07  -0.712198E-09  -0.186361E-07
   0.184400E+04   0.669629E-08  -0.411985E-08  -0.311426E-07
   0.184500E+04   0.221583E-08  -0.710049E-08  -0.404697E-07
   0.184600E+04  -0.248380E-08  -0.935003E-08  -0.456703E-07
   0.184700E+04  -0.692466E-08  -0.106393E-07  -0.462182E-07
   0.184800E+04  -0.106557E-07  -0.108373E-07  -0.420613E-07
   0.184900E+04  -0.132984E-07  -0.992488E-08  -0.336262E-07
   0.185000E+04  -0.145857E-07  -0.799639E-08  -0.217751E-07
   0.185100E+04  -0.143884E-07  -0.525025E-08  -0.771683E-08
   0.185200E+04  -0.127289E-07  -0.196861E-08   0.711576E-08
   0.185300E+04  -0.977786E-08   0.151142E-08   0.212123E-07
   0.185400E+04  -0.583758E-08   0.483234E-08   0.331383E-07
   0.185500E+04  -0.131048E-08   0.765277E-08   0.416816E-07
   0.185600E+04   0.334174E-08   0.968248E-08   0.459753E-07
   0.185700E+04   0.764525E-08   0.107122E-07   0.455856E-07
   0.185800E+04   0.111623E-07   0.106350E-07   0.405558E-07
   0.185900E+04   0.135357E-07   0.945770E-08   0.314018E-07
   0.186000E+04   0.145253E-07   0.730011E-08   0.190583E-07
   0.186100E+04   0.140322E-07   0.438299E-08   0.478456E-08
   0.186200E+04   0.121085E-07   0.100569E-08  -0.996521E-08
   0.186300E+04   0.895223E-08  -0.248450E-08  -0.236893E-07
   0.186400E+04   0.488674E-08  -0.572781E-08  -0.349917E-07
   0.186500E+04   0.327714E-09  -0.838891E-08  -0.427241E-07
   0.186600E+04  -0.425924E-08  -0.101915E-07  -0.461022E-07
   0.186700E+04  -0.840609E-08  -0.109467E-07  -0.447858E-07
   0.186800E+04  -0.116901E-07  -0.105732E-07  -0.389127E-07
   0.186900E+04  -0.137767E-07  -0.910559E-08  -0.290840E-07
   0.187000E+04  -0.144537E-07  -0.669184E-08  -0.163031E-07
   0.187100E+04  -0.136528E-07  -0.357835E-08  -0.187243E-08
   0.187200E+04  -0.114561E-07  -0.854434E-10   0.127387E-07
   0.187300E+04  -0.808813E-08   0.342514E-08   0.260443E-07
   0.187400E+04  -0.389236E-08   0.658700E-08   0.366929E-07
   0.187500E+04   0.703533E-09   0.906657E-08   0.436048E-07
   0.187600E+04   0.523143E-08   0.105975E-07   0.460820E-07
   0.187700E+04   0.923044E-08   0.110085E-07   0.438785E-07
   0.187800E+04   0.122938E-07   0.102415E-07   0.372252E-07
   0.187900E+04   0.141104E-07   0.835869E-08   0.268057E-07
   0.188000E+04   0.144960E-07   0.553732E-08   0.136862E-07
   0.188100E+04   0.134122E-07   0.205289E-08  -0.793576E-09
   0.188200E+04   0.109702E-07  -0.174772E-08  -0.151570E-07
   0.188300E+04   0.741898E-08  -0.548045E-08  -0.279413E-07
   0.188400E+04   0.312020E-08  -0.876233E-08  -0.378464E-07
   0.188500E+04  -0.148900E-08  -0.112497E-07  -0.438673E-07
   0.188600E+04  -0.594052E-08  -0.126732E-07  -0.453960E-07
   0.188700E+04  -0.978297E-08  -0.128647E-07  -0.422835E-07
   0.188800E+04  -0.126277E-07  -0.117758E-07  -0.348538E-07
   0.188900E+04  -0.141881E-07  -0.948268E-08  -0.238710E-07
   0.189000E+04  -0.143089E-07  -0.618057E-08  -0.104605E-07
   0.189100E+04  -0.129816E-07  -0.216497E-08   0.400562E-08
   0.189200E+04  -0.103453E-07   0.219626E-08   0.180493E-07
   0.189300E+04  -0.667201E-08   0.649832E-08   0.302367E-07
   0.189400E+04  -0.233895E-08   0.103385E-07   0.393250E-07
   0.189500E+04   0.221013E-08   0.133551E-07   0.443884E-07
   0.189600E+04   0.651038E-08   0.152623E-07   0.449123E-07
   0.189700E+04   0.101233E-07   0.158780E-07   0.408457E-07
   0.189800E+04   0.126815E-07   0.151410E-07   0.326058E-07
   0.189900E+04   0.139259E-07   0.131164E-07   0.210351E-07
   0.190000E+04   0.137326E-07   0.998959E-08   0.731490E-08
   0.190100E+04   0.121247E-07   0.604753E-08  -0.715515E-08
   0.190200E+04   0.927032E-08   0.165074E-08  -0.209002E-07
   0.190300E+04   0.546478E-08  -0.280162E-08  -0.325207E-07
   0.190400E+04   0.110072E-08  -0.691024E-08  -0.408348E-07
   0.190500E+04  -0.337244E-08  -0.103138E-07  -0.449991E-07
   0.190600E+04  -0.749440E-08  -0.127233E-07  -0.445941E-07
   0.190700E+04  -0.108411E-07  -0.139482E-07  -0.396669E-07
   0.190800E+04  -0.130682E-07  -0.139138E-07  -0.307255E-07
   0.190900E+04  -0.139461E-07  -0.126661E-07  -0.186872E-07
   0.191000E+04  -0.133837E-07  -0.103653E-07  -0.478409E-08
   0.191100E+04  -0.114372E-07  -0.726781E-08   0.956266E-08
   0.191200E+04  -0.830507E-08  -0.369964E-08   0.228881E-07
   0.191300E+04  -0.430716E-08  -0.226022E-10   0.338332E-07
   0.191400E+04   0.147708E-09   0.340196E-08   0.412834E-07
   0.191500E+04   0.460356E-08   0.624895E-08   0.444823E-07
   0.191600E+04   0.860390E-08   0.826109E-08   0.431090E-07
   0.191700E+04   0.117383E-07   0.927314E-08   0.373100E-07
   0.191800E+04   0.136846E-07   0.922637E-08   0.276845E-07
   0.191900E+04   0.142414E-07   0.817212E-08   0.152228E-07
   0.192000E+04   0.133493E-07   0.626406E-08   0.120493E-08
   0.192100E+04   0.110964E-07   0.374016E-08  -0.129305E-07
   0.192200E+04   0.771003E-08   0.896411E-09  -0.257329E-07
   0.192300E+04   0.353326E-08  -0.194508E-08  -0.358886E-07
   0.192400E+04  -0.100995E-08  -0.447014E-08  -0.423547E-07
   0.192500E+04  -0.545786E-08  -0.640523E-08  -0.444656E-07
   0.192600E+04  -0.935808E-08  -0.754555E-08  -0.420017E-07
   0.192700E+04  -0.123136E-07  -0.777559E-08  -0.352111E-07
   0.192800E+04  -0.140233E-07  -0.708007E-08  -0.247850E-07
   0.192900E+04  -0.143126E-07  -0.554437E-08  -0.117870E-07
   0.193000E+04  -0.131515E-07  -0.334437E-08   0.245563E-08
   0.193100E+04  -0.106574E-07  -0.726914E-09   0.164871E-07
   0.193200E+04  -0.708326E-08   0.201708E-08   0.288720E-07
   0.193300E+04  -0.279201E-08   0.458384E-08   0.383417E-07
   0.193400E+04   0.178050E-08   0.668921E-08   0.439241E-07
   0.193500E+04   0.616983E-08   0.809883E-08   0.450431E-07
   0.193600E+04   0.993022E-08   0.865298E-08   0.415774E-07
   0.193700E+04   0.126799E-07   0.828344E-08   0.338734E-07
   0.193800E+04   0.141400E-07   0.702069E-08   0.227102E-07
   0.193900E+04   0.141629E-07   0.499074E-08   0.922027E-08
   0.194000E+04   0.127472E-07   0.240188E-08  -0.522560E-08
   0.194100E+04   0.100377E-07  -0.477146E-09  -0.191580E-07
   0.194200E+04   0.631085E-08  -0.334536E-08  -0.311587E-07
   0.194300E+04   0.194654E-08  -0.590110E-08  -0.400049E-07
   0.194400E+04  -0.261084E-08  -0.787375E-08  -0.447939E-07
   0.194500E+04  -0.689743E-08  -0.905217E-08  -0.450358E-07
   0.194600E+04  -0.104772E-07  -0.930700E-08  -0.407028E-07
   0.194700E+04  -0.129864E-07  -0.860451E-08  -0.322327E-07
   0.194800E+04  -0.141705E-07  -0.701048E-08  -0.204847E-07
   0.194900E+04  -0.139100E-07  -0.468369E-08  -0.665153E-08
   0.195000E+04  -0.122325E-07  -0.185987E-08   0.786129E-08
   0.195100E+04  -0.931022E-08   0.117255E-08   0.215787E-07
   0.195200E+04  -0.544182E-08   0.410206E-08   0.331061E-07
   0.195300E+04  -0.102231E-08   0.662628E-08   0.412712E-07
   0.195400E+04   0.349741E-08   0.848324E-08   0.452438E-07
   0.195500E+04   0.765643E-08   0.947858E-08   0.446194E-07
   0.195600E+04   0.110308E-07   0.950585E-08   0.394615E-07
   0.195700E+04   0.132769E-07   0.855780E-08   0.302944E-07
   0.195800E+04   0.141661E-07   0.672746E-08   0.180502E-07
   0.195900E+04   0.136082E-07   0.419889E-08   0.397398E-08
   0.196000E+04   0.116607E-07   0.122855E-08  -0.105030E-07
   0.196100E+04   0.852257E-08  -0.188083E-08  -0.239087E-07
   0.196200E+04   0.451430E-08  -0.481121E-08  -0.348801E-07
   0.196300E+04   0.449007E-10  -0.726184E-08  -0.423021E-07
   0.196400E+04  -0.442966E-08  -0.898014E-08  -0.454206E-07
   0.196500E+04  -0.845299E-08  -0.978777E-08  -0.439194E-07
   0.196600E+04  -0.116147E-07  -0.959904E-08  -0.379522E-07
   0.196700E+04  -0.135925E-07  -0.842994E-08  -0.281271E-07
   0.196800E+04  -0.141846E-07  -0.639675E-08  -0.154443E-07
   0.196900E+04  -0.133306E-07  -0.370434E-08  -0.119465E-08
   0.197000E+04  -0.111174E-07  -0.625403E-09   0.131719E-07
   0.197100E+04  -0.777073E-08   0.252730E-08   0.261938E-07
   0.197200E+04  -0.363149E-08   0.543283E-08   0.365468E-07
   0.197300E+04   0.878455E-09   0.779490E-08   0.431782E-07
   0.197400E+04   0.529953E-08   0.937215E-08   0.454144E-07
   0.197500E+04   0.918121E-08   0.100029E-07   0.430290E-07
   0.197600E+04   0.121280E-07   0.962186E-08   0.362659E-07
   0.197700E+04   0.138395E-07   0.826678E-08   0.258143E-07
   0.197800E+04   0.141414E-07   0.607484E-08   0.127386E-07
   0.197900E+04   0.130028E-07   0.326869E-08  -0.163041E-08
   0.198000E+04   0.105397E-07   0.133810E-09  -0.158304E-07
   0.198100E+04   0.700303E-08  -0.301061E-08  -0.284168E-07
   0.198200E+04   0.275294E-08  -0.584425E-08  -0.381097E-07
   0.198300E+04  -0.177762E-08  -0.807841E-08  -0.439238E-07
   0.198400E+04  -0.612717E-08  -0.948552E-08  -0.452689E-07
   0.198500E+04  -0.985265E-08  -0.992247E-08  -0.420096E-07
   0.198600E+04  -0.125746E-07  -0.934536E-08  -0.344790E-07
   0.198700E+04  -0.140156E-07  -0.781397E-08  -0.234447E-07
   0.198800E+04  -0.140289E-07  -0.548585E-08  -0.100306E-07
   0.198900E+04  -0.126130E-07  -0.260021E-08   0.439783E-08
   0.199000E+04  -0.991186E-08   0.546450E-09   0.183723E-07
   0.199100E+04  -0.620033E-08   0.363065E-08   0.304714E-07
   0.199200E+04  -0.185615E-08   0.633498E-08   0.394648E-07
   0.199300E+04   0.267859E-08   0.838066E-08   0.444390E-07
   0.199400E+04   0.694242E-08   0.955612E-08   0.448897E-07
   0.199500E+04   0.105015E-07   0.973876E-08   0.407731E-07
   0.199600E+04   0.129936E-07   0.890766E-08   0.325102E-07
   0.199700E+04   0.141654E-07   0.714594E-08   0.209439E-07
   0.199800E+04   0.138976E-07   0.463240E-08   0.725281E-08
   0.199900E+04   0.122177E-07   0.162348E-08  -0.716857E-08
   0.200000E+04   0.929659E-08  -0.157286E-08  -0.208521E-07
   0.200100E+04   0.543163E-08  -0.462847E-08  -0.324051E-07
   0.200200E+04   0.101598E-08  -0.722855E-08  -0.406527E-07
   0.200300E+04  -0.350125E-08  -0.910383E-08  -0.447565E-07
   0.200400E+04  -0.766077E-08  -0.100582E-07  -0.443004E-07
   0.200500E+04  -0.110398E-07  -0.998882E-08  -0.393327E-07
   0.200600E+04  -0.132952E-07  -0.889710E-08  -0.303606E-07
   0.200700E+04  -0.141982E-07  -0.688859E-08  -0.182989E-07
   0.200800E+04  -0.136577E-07  -0.416261E-08  -0.437662E-08
   0.200900E+04  -0.117296E-07  -0.992214E-09   0.998858E-08
   0.201000E+04  -0.861079E-08   0.230344E-08   0.233343E-07
   0.201100E+04  -0.461928E-08   0.539137E-08   0.343026E-07
   0.201200E+04  -0.161708E-09   0.795862E-08   0.417779E-07
   0.201300E+04   0.430814E-08   0.974400E-08   0.450007E-07
   0.201400E+04   0.833547E-08   0.105648E-07   0.436447E-07
   0.201500E+04   0.115108E-07   0.103353E-07   0.378494E-07
   0.201600E+04   0.135116E-07   0.907584E-08   0.282066E-07
   0.201700E+04   0.141352E-07   0.691072E-08   0.156990E-07
   0.201800E+04   0.133190E-07   0.405586E-08   0.160075E-08
   0.201900E+04   0.111472E-07   0.797025E-09  -0.126529E-07
   0.202000E+04   0.784194E-08  -0.253906E-08  -0.256114E-07
   0.202100E+04   0.374051E-08  -0.561771E-08  -0.359566E-07
   0.202200E+04  -0.738889E-09  -0.813012E-08  -0.426373E-07
   0.202300E+04  -0.513985E-08  -0.982466E-08  -0.449756E-07
   0.202400E+04  -0.901427E-08  -0.105323E-07  -0.427358E-07
   0.202500E+04  -0.119679E-07  -0.101836E-07  -0.361487E-07
   0.202600E+04  -0.137007E-07  -0.881600E-08  -0.258874E-07
   0.202700E+04  -0.140370E-07  -0.656952E-08  -0.129986E-07
   0.202800E+04  -0.129434E-07  -0.367293E-08   0.120387E-08
   0.202900E+04  -0.105325E-07  -0.420281E-09   0.152732E-07
   0.203000E+04  -0.705074E-08   0.285886E-08   0.277767E-07
   0.203100E+04  -0.285366E-08   0.583285E-08   0.374421E-07
   0.203200E+04   0.163060E-08   0.820159E-08   0.432867E-07
   0.203300E+04   0.594489E-08   0.972692E-08   0.447172E-07
   0.203400E+04   0.964965E-08   0.102567E-07   0.415903E-07
   0.203500E+04   0.123677E-07   0.973998E-08   0.342271E-07
   0.203600E+04   0.138226E-07   0.823241E-08   0.233797E-07
   0.203700E+04   0.138670E-07   0.589003E-08   0.101548E-07
   0.203800E+04   0.124970E-07   0.295349E-08  -0.409886E-08
   0.203900E+04   0.985344E-08  -0.276540E-09  -0.179288E-07
   0.204000E+04   0.620647E-08  -0.347008E-08  -0.299260E-07
   0.204100E+04   0.192863E-08  -0.630135E-08  -0.388688E-07
   0.204200E+04  -0.254342E-08  -0.848199E-08  -0.438472E-07
   0.204300E+04  -0.675342E-08  -0.979029E-08  -0.443555E-07
   0.204400E+04  -0.102720E-07  -0.100937E-07  -0.403434E-07
   0.204500E+04  -0.127404E-07  -0.936214E-08  -0.322213E-07
   0.204600E+04  -0.139072E-07  -0.767109E-08  -0.208181E-07
   0.204700E+04  -0.136537E-07  -0.519363E-08  -0.729688E-08
   0.204800E+04  -0.120061E-07  -0.218281E-08   0.696403E-08
   0.204900E+04  -0.913279E-08   0.105429E-08   0.205112E-07
   0.205000E+04  -0.532714E-08   0.418782E-08   0.319643E-07
   0.205100E+04  -0.977537E-09   0.689882E-08   0.401567E-07
   0.205200E+04   0.347219E-08   0.891168E-08   0.442545E-07
   0.205300E+04   0.756807E-08   0.100221E-07   0.438406E-07
   0.205400E+04   0.108922E-07   0.101181E-07   0.389582E-07
   0.205500E+04   0.131055E-07   0.919075E-08   0.301053E-07
   0.205600E+04   0.139821E-07   0.733558E-08   0.181844E-07
   0.205700E+04   0.134324E-07   0.474231E-08   0.441045E-08
   0.205800E+04   0.115122E-07   0.167555E-08  -0.981323E-08
   0.205900E+04   0.841719E-08  -0.155233E-08  -0.230377E-07
   0.206000E+04   0.446263E-08  -0.461313E-08  -0.339161E-07
   0.206100E+04   0.515447E-10  -0.719625E-08  -0.413407E-07
   0.206200E+04  -0.436653E-08  -0.904046E-08  -0.445558E-07
   0.206300E+04  -0.834128E-08  -0.996041E-08  -0.432346E-07
   0.206400E+04  -0.114675E-07  -0.986551E-08  -0.375123E-07
   0.206500E+04  -0.134266E-07  -0.876905E-08  -0.279722E-07
   0.206600E+04  -0.140185E-07  -0.678669E-08  -0.155865E-07
   0.206700E+04  -0.131826E-07  -0.412452E-08  -0.161670E-08
   0.206800E+04  -0.110039E-07  -0.105785E-08   0.125144E-07
   0.206900E+04  -0.770394E-08   0.209701E-08   0.253680E-07
   0.207000E+04  -0.361848E-08   0.501522E-08   0.356357E-07
   0.207100E+04   0.836608E-09   0.739667E-08   0.422727E-07
   0.207200E+04   0.520785E-08   0.899676E-08   0.446043E-07
   0.207300E+04   0.905029E-08   0.965145E-08   0.423942E-07
   0.207400E+04   0.119728E-07   0.929405E-08   0.358687E-07
   0.207500E+04   0.136780E-07   0.796209E-08   0.256937E-07
   0.207600E+04   0.139922E-07   0.579349E-08   0.129063E-07
   0.207700E+04   0.128837E-07   0.301244E-08  -0.119029E-08
   0.207800E+04   0.104653E-07  -0.935477E-10  -0.151601E-07
   0.207900E+04   0.698317E-08  -0.320308E-08  -0.275802E-07
   0.208000E+04   0.279187E-08  -0.599382E-08  -0.371860E-07
   0.208100E+04  -0.168207E-08  -0.817557E-08  -0.429997E-07
   0.208200E+04  -0.598339E-08  -0.952007E-08  -0.444297E-07
   0.208300E+04  -0.967453E-08  -0.988450E-08  -0.413314E-07
   0.208400E+04  -0.123801E-07  -0.922630E-08  -0.340210E-07
   0.208500E+04  -0.138252E-07  -0.760769E-08  -0.232437E-07
   0.208600E+04  -0.138632E-07  -0.518957E-08  -0.100978E-07
   0.208700E+04  -0.124908E-07  -0.221524E-08   0.407763E-08
   0.208800E+04  -0.984828E-08   0.101424E-08   0.178389E-07
   0.208900E+04  -0.620511E-08   0.417068E-08   0.297846E-07
   0.209000E+04  -0.193254E-08   0.693219E-08   0.386987E-07
   0.209100E+04   0.253424E-08   0.901603E-08   0.436738E-07
   0.209200E+04   0.674046E-08   0.102075E-07   0.442039E-07
   0.209300E+04   0.102581E-07   0.103820E-07   0.402358E-07
   0.209400E+04   0.127292E-07   0.951766E-08   0.321739E-07
   0.209500E+04   0.139029E-07   0.769825E-08   0.208397E-07
   0.209600E+04   0.136602E-07   0.510432E-08   0.738732E-08
   0.209700E+04   0.120265E-07   0.199535E-08  -0.681346E-08
   0.209800E+04   0.916885E-08  -0.131664E-08  -0.203172E-07
   0.209900E+04   0.537888E-08  -0.449860E-08  -0.317498E-07
   0.210000E+04   0.104299E-08  -0.723031E-08  -0.399483E-07
   0.210100E+04  -0.339697E-08  -0.923680E-08  -0.440794E-07
   0.210200E+04  -0.748876E-08  -0.103163E-07  -0.437241E-07
   0.210300E+04  -0.108158E-07  -0.103609E-07  -0.389202E-07
   0.210400E+04  -0.130396E-07  -0.936716E-08  -0.301586E-07
   0.210500E+04  -0.139341E-07  -0.743688E-08  -0.183328E-07
   0.210600E+04  -0.134090E-07  -0.476654E-08  -0.464798E-08
   0.210700E+04  -0.115184E-07  -0.162745E-08   0.950183E-08
   0.210800E+04  -0.845563E-08   0.166183E-08   0.226757E-07
   0.210900E+04  -0.453337E-08   0.476783E-08   0.335327E-07
   0.211000E+04  -0.151711E-09   0.737603E-08   0.409682E-07
   0.211100E+04   0.424262E-08   0.922281E-08   0.442264E-07
   0.211200E+04   0.820178E-08   0.101222E-07   0.429774E-07
   0.211300E+04   0.113224E-07   0.998464E-08   0.373502E-07
   0.211400E+04   0.132869E-07   0.882629E-08   0.279198E-07
   0.211500E+04   0.138954E-07   0.676703E-08   0.156484E-07
   0.211600E+04   0.130865E-07   0.401835E-08   0.178705E-08
   0.211700E+04   0.109432E-07   0.861804E-09  -0.122514E-07
   0.211800E+04   0.768449E-08  -0.237978E-08  -0.250366E-07
   0.211900E+04   0.364312E-08  -0.537510E-08  -0.352665E-07
   0.212000E+04  -0.768599E-09  -0.781817E-08  -0.418994E-07
   0.212100E+04  -0.510065E-08  -0.945948E-08  -0.442606E-07
   0.212200E+04  -0.891126E-08  -0.101314E-07  -0.421106E-07
   0.212300E+04  -0.118119E-07  -0.976507E-08  -0.356697E-07
   0.212400E+04  -0.135069E-07  -0.839776E-08  -0.255951E-07
   0.212500E+04  -0.138236E-07  -0.616871E-08  -0.129142E-07
   0.212600E+04  -0.127298E-07  -0.330505E-08   0.108061E-08
   0.212700E+04  -0.103372E-07  -0.987162E-10   0.149631E-07
   0.212800E+04  -0.688979E-08   0.312340E-08   0.273188E-07
   0.212900E+04  -0.273914E-08   0.603271E-08   0.368893E-07
   0.213000E+04   0.169150E-08   0.833238E-08   0.427001E-07
   0.213100E+04   0.595042E-08   0.978764E-08   0.441597E-07
   0.213200E+04   0.960339E-08   0.102496E-07   0.411204E-07
   0.213300E+04   0.122780E-07   0.967067E-08   0.338924E-07
   0.213400E+04   0.137015E-07   0.810898E-08   0.232129E-07
   0.213500E+04   0.137288E-07   0.572290E-08   0.101703E-07
   0.213600E+04   0.123570E-07   0.275469E-08  -0.390628E-08
   0.213700E+04   0.972586E-08  -0.494103E-09  -0.175827E-07
   0.213800E+04   0.610337E-08  -0.369333E-08  -0.294657E-07
   0.213900E+04   0.185865E-08  -0.651789E-08  -0.383452E-07
   0.214000E+04  -0.257584E-08  -0.868076E-08  -0.433170E-07
   0.214100E+04  -0.674826E-08  -0.996226E-08  -0.438753E-07
   0.214200E+04  -0.102335E-07  -0.102323E-07  -0.399639E-07
   0.214300E+04  -0.126766E-07  -0.946385E-08  -0.319820E-07
   0.214400E+04  -0.138285E-07  -0.773522E-08  -0.207431E-07
   0.214500E+04  -0.135721E-07  -0.522246E-08  -0.739280E-08
   0.214600E+04  -0.119333E-07  -0.218120E-08   0.670876E-08
   0.214700E+04  -0.907941E-08   0.107936E-08   0.201249E-07
   0.214800E+04  -0.530107E-08   0.422802E-08   0.314890E-07
   0.214900E+04  -0.983302E-09   0.694525E-08   0.396437E-07
   0.215000E+04   0.343396E-08   0.895577E-08   0.437584E-07
   0.215100E+04   0.750068E-08   0.100566E-07   0.434145E-07
   0.215200E+04   0.108025E-07   0.101375E-07   0.386473E-07
   0.215300E+04   0.130032E-07   0.919259E-08   0.299427E-07
   0.215400E+04   0.138784E-07   0.732026E-08   0.181875E-07
   0.215500E+04   0.133390E-07   0.471349E-08   0.457907E-08
   0.215600E+04   0.114401E-07   0.163993E-08  -0.949652E-08
   0.215700E+04   0.837513E-08  -0.158550E-08  -0.226059E-07
   0.215800E+04   0.445631E-08  -0.463281E-08  -0.334143E-07
   0.215900E+04   0.829047E-10  -0.719071E-08  -0.408214E-07
   0.216000E+04  -0.429953E-08  -0.899840E-08  -0.440734E-07
   0.216100E+04  -0.824454E-08  -0.987231E-08  -0.428400E-07
   0.216200E+04  -0.113502E-07  -0.972483E-08  -0.372473E-07
   0.216300E+04  -0.133002E-07  -0.857332E-08  -0.278656E-07
   0.216400E+04  -0.138957E-07  -0.653834E-08  -0.156508E-07
   0.216500E+04  -0.130760E-07  -0.383131E-08  -0.184714E-08
   0.216600E+04  -0.109245E-07  -0.732910E-09   0.121395E-07
   0.216700E+04  -0.766017E-08   0.243567E-08   0.248850E-07
   0.216800E+04  -0.361534E-08   0.534563E-08   0.350919E-07
   0.216900E+04   0.798245E-09   0.769430E-08   0.417216E-07
   0.217000E+04   0.513131E-08   0.923624E-08   0.440999E-07
   0.217100E+04   0.894281E-08   0.980851E-08   0.419859E-07
   0.217200E+04   0.118449E-07   0.934763E-08   0.355961E-07
   0.217300E+04   0.135422E-07   0.789626E-08   0.255826E-07
   0.217400E+04   0.138623E-07   0.559919E-08   0.129663E-07
   0.217500E+04   0.127729E-07   0.268877E-08  -0.966928E-09
   0.217600E+04   0.103851E-07  -0.538574E-09  -0.147973E-07
   0.217700E+04   0.694232E-08  -0.375243E-08  -0.271159E-07
   0.217800E+04   0.279525E-08  -0.662206E-08  -0.366678E-07
   0.217900E+04  -0.163380E-08  -0.885016E-08  -0.424805E-07
   0.218000E+04  -0.589392E-08  -0.102033E-07  -0.439621E-07
   0.218100E+04  -0.955154E-08  -0.105359E-07  -0.409622E-07
   0.218200E+04  -0.122346E-07  -0.980553E-08  -0.337868E-07
   0.218300E+04  -0.136703E-07  -0.807734E-08  -0.231672E-07
   0.218400E+04  -0.137132E-07  -0.551807E-08  -0.101852E-07
   0.218500E+04  -0.123596E-07  -0.237938E-08   0.383678E-08
   0.218600E+04  -0.974799E-08   0.102734E-08   0.174707E-07
   0.218700E+04  -0.614510E-08   0.436231E-08   0.293282E-07
   0.218800E+04  -0.191849E-08   0.729161E-08   0.382022E-07
   0.218900E+04   0.250086E-08   0.952095E-08   0.431895E-07
   0.219000E+04   0.666244E-08   0.108254E-07   0.437828E-07
   0.219100E+04   0.101422E-07   0.110724E-07   0.399226E-07
   0.219200E+04   0.125857E-07   0.102351E-07   0.320026E-07
   0.219300E+04   0.137441E-07   0.839514E-08   0.208299E-07
   0.219400E+04   0.134997E-07   0.573487E-08   0.754277E-08
   0.219500E+04   0.118779E-07   0.251881E-08  -0.650574E-08
   0.219600E+04   0.904423E-08  -0.932852E-09  -0.198853E-07
   0.219700E+04   0.528798E-08  -0.427646E-08  -0.312342E-07
   0.219800E+04   0.992304E-09  -0.717948E-08  -0.393979E-07
   0.219900E+04  -0.340470E-08  -0.935398E-08  -0.435465E-07
   0.220000E+04  -0.745464E-08  -0.105855E-07  -0.432594E-07
   0.220100E+04  -0.107446E-07  -0.107548E-07  -0.385679E-07
   0.220200E+04  -0.129390E-07  -0.984928E-08  -0.299520E-07
   0.220300E+04  -0.138141E-07  -0.796456E-08  -0.182910E-07
   0.220400E+04  -0.132808E-07  -0.529440E-08  -0.477432E-08
   0.220500E+04  -0.113931E-07  -0.211101E-08   0.922001E-08
   0.220600E+04  -0.834349E-08   0.126254E-08   0.222658E-07
   0.220700E+04  -0.444263E-08   0.448514E-08   0.330340E-07
   0.220800E+04  -0.880264E-10   0.723207E-08   0.404280E-07
   0.220900E+04   0.427659E-08   0.922784E-08   0.436954E-07
   0.221000E+04   0.820647E-08   0.102739E-07   0.425047E-07
   0.221100E+04   0.113011E-07   0.102686E-07   0.369785E-07
   0.221200E+04   0.132452E-07   0.921721E-08   0.276817E-07
   0.221300E+04   0.138406E-07   0.723107E-08   0.155629E-07
   0.221400E+04   0.130265E-07   0.451611E-08   0.185856E-08
   0.221500E+04   0.108859E-07   0.135163E-08  -0.120337E-07
   0.221600E+04   0.763665E-08  -0.193821E-08  -0.246975E-07
   0.221700E+04   0.360977E-08  -0.501745E-08  -0.348415E-07
   0.221800E+04  -0.784594E-09  -0.757255E-08  -0.414318E-07
   0.221900E+04  -0.509888E-08  -0.934418E-08  -0.437968E-07
   0.222000E+04  -0.889370E-08  -0.101535E-07  -0.416955E-07
   0.222100E+04  -0.117826E-07  -0.992040E-08  -0.353423E-07
   0.222200E+04  -0.134714E-07  -0.867104E-08  -0.253853E-07
   0.222300E+04  -0.137883E-07  -0.653541E-08  -0.128394E-07
   0.222400E+04  -0.127011E-07  -0.373368E-08   0.101631E-08
   0.222500E+04  -0.103208E-07  -0.553660E-09   0.147693E-07
   0.222600E+04  -0.688996E-08   0.267869E-08   0.270176E-07
   0.222700E+04  -0.275823E-08   0.563253E-08   0.365127E-07
   0.222800E+04   0.165342E-08   0.800592E-08   0.422866E-07
   0.222900E+04   0.589553E-08   0.955661E-08   0.437505E-07
   0.223000E+04   0.953599E-08   0.101267E-07   0.407551E-07
   0.223100E+04   0.122040E-07   0.965847E-08   0.336055E-07
   0.223200E+04   0.136279E-07   0.820061E-08   0.230299E-07
   0.223300E+04   0.136628E-07   0.590272E-08   0.101061E-07
   0.223400E+04   0.123054E-07   0.300019E-08  -0.384906E-08
   0.223500E+04   0.969417E-08  -0.209964E-09  -0.174135E-07
   0.223600E+04   0.609532E-08  -0.339943E-08  -0.292048E-07
   0.223700E+04   0.187574E-08  -0.624213E-08  -0.380215E-07
   0.223800E+04  -0.253454E-08  -0.844751E-08  -0.429648E-07
   0.223900E+04  -0.668605E-08  -0.979021E-08  -0.435308E-07
   0.224000E+04  -0.101557E-07  -0.101330E-07  -0.396616E-07
   0.224100E+04  -0.125900E-07  -0.944065E-08  -0.317512E-07
   0.224200E+04  -0.137410E-07  -0.778383E-08  -0.206054E-07
   0.224300E+04  -0.134912E-07  -0.533146E-08  -0.735948E-08
   0.224400E+04  -0.118663E-07  -0.233374E-08   0.663697E-08
   0.224500E+04  -0.903170E-08   0.903521E-09   0.199580E-07
   0.224600E+04  -0.527639E-08   0.405007E-08   0.312464E-07
   0.224700E+04  -0.982934E-09   0.678491E-08   0.393521E-07
   0.224800E+04   0.341120E-08   0.882902E-08   0.434490E-07
   0.224900E+04   0.745832E-08   0.997382E-08   0.431198E-07
   0.225000E+04   0.107461E-07   0.101024E-07   0.383977E-07
   0.225100E+04   0.129395E-07   0.920158E-08   0.297638E-07
   0.225200E+04   0.138152E-07   0.736297E-08   0.180976E-07
   0.225300E+04   0.132838E-07   0.477386E-08   0.458749E-08
   0.225400E+04   0.113995E-07   0.169802E-08  -0.939010E-08
   0.225500E+04   0.835433E-08  -0.155116E-08  -0.224112E-07
   0.225600E+04   0.445836E-08  -0.464265E-08  -0.331492E-07
   0.225700E+04   0.108469E-09  -0.726151E-08  -0.405101E-07
   0.225800E+04  -0.425229E-08  -0.914097E-08  -0.437439E-07
   0.225900E+04  -0.817978E-08  -0.100896E-07  -0.425210E-07
   0.226000E+04  -0.112740E-07  -0.100109E-07  -0.369660E-07
   0.226100E+04  -0.132200E-07  -0.891290E-08  -0.276447E-07
   0.226200E+04  -0.138196E-07  -0.690760E-08  -0.155065E-07
   0.226300E+04  -0.130119E-07  -0.419935E-08  -0.178814E-08
   0.226400E+04  -0.108795E-07  -0.106406E-08   0.121129E-07
   0.226500E+04  -0.763964E-08   0.217892E-08   0.247805E-07
   0.226600E+04  -0.362257E-08   0.519936E-08   0.349239E-07
   0.226700E+04   0.762385E-09   0.768980E-08   0.415097E-07
   0.226800E+04   0.506849E-08   0.939689E-08   0.438669E-07
   0.226900E+04   0.885708E-08   0.101472E-07   0.417551E-07
   0.227000E+04   0.117423E-07   0.986474E-08   0.353893E-07
   0.227100E+04   0.134303E-07   0.857896E-08   0.254178E-07
   0.227200E+04   0.137493E-07   0.642144E-08   0.128564E-07
   0.227300E+04   0.126670E-07   0.361259E-08  -0.101546E-08
   0.227400E+04   0.102939E-07   0.439092E-09  -0.147847E-07
   0.227500E+04   0.687198E-08  -0.277529E-08  -0.270485E-07
   0.227600E+04   0.275005E-08  -0.570278E-08  -0.365577E-07
   0.227700E+04  -0.165179E-08  -0.804499E-08  -0.423434E-07
   0.227800E+04  -0.588496E-08  -0.956337E-08  -0.438162E-07
   0.227900E+04  -0.951811E-08  -0.101035E-07  -0.408259E-07
   0.228000E+04  -0.121811E-07  -0.961082E-08  -0.336771E-07
   0.228100E+04  -0.136026E-07  -0.813622E-08  -0.230979E-07
   0.228200E+04  -0.136378E-07  -0.583079E-08  -0.101659E-07
   0.228300E+04  -0.122833E-07  -0.293039E-08   0.380157E-08
   0.228400E+04  -0.967723E-08   0.268355E-09   0.173816E-07
   0.228500E+04  -0.608513E-08   0.343842E-08   0.291907E-07
   0.228600E+04  -0.187308E-08   0.625569E-08   0.380259E-07
   0.228700E+04   0.252969E-08   0.843204E-08   0.429870E-07
   0.228800E+04   0.667458E-08   0.974480E-08   0.435684E-07
   0.228900E+04   0.101393E-07   0.100594E-07   0.397109E-07
   0.229000E+04   0.125709E-07   0.934328E-08   0.318072E-07
   0.229100E+04   0.137217E-07   0.766899E-08   0.206623E-07
   0.229200E+04   0.134745E-07   0.520709E-08   0.741152E-08
   0.229300E+04   0.118547E-07   0.220860E-08  -0.659541E-08
   0.229400E+04   0.902747E-08  -0.102051E-08  -0.199316E-07
   0.229500E+04   0.528090E-08  -0.415052E-08  -0.312384E-07
   0.229600E+04   0.996846E-09  -0.686159E-08  -0.393638E-07
   0.229700E+04  -0.338817E-08  -0.887643E-08  -0.434800E-07
   0.229800E+04  -0.742737E-08  -0.998854E-08  -0.431673E-07
   0.229900E+04  -0.107093E-07  -0.100834E-07  -0.384574E-07
   0.230000E+04  -0.128996E-07  -0.914999E-08  -0.298297E-07
   0.230100E+04  -0.137755E-07  -0.728238E-08  -0.181629E-07
   0.230200E+04  -0.132478E-07  -0.466977E-08  -0.464505E-08
   0.230300E+04  -0.113707E-07  -0.157754E-08   0.934689E-08
   0.230400E+04  -0.833565E-08   0.167988E-08   0.223878E-07
   0.230500E+04  -0.445232E-08   0.477094E-08   0.331493E-07
   0.230600E+04  -0.116696E-09   0.738078E-08   0.405352E-07
   0.230700E+04   0.422917E-08   0.924330E-08   0.437931E-07
   0.230800E+04   0.814220E-08   0.101683E-07   0.425909E-07
   0.230900E+04   0.112235E-07   0.100609E-07   0.370510E-07
   0.231000E+04   0.131590E-07   0.893121E-08   0.277375E-07
   0.231100E+04   0.137514E-07   0.689340E-08   0.155988E-07
   0.231200E+04   0.129405E-07   0.415412E-08   0.187142E-08
   0.231300E+04   0.108089E-07   0.991492E-09  -0.120466E-07
   0.231400E+04   0.757424E-08  -0.227314E-08  -0.247378E-07
   0.231500E+04   0.356635E-08  -0.530793E-08  -0.349093E-07
   0.231600E+04  -0.805921E-09  -0.780426E-08  -0.415252E-07
   0.231700E+04  -0.509657E-08  -0.950820E-08  -0.439116E-07
   0.231800E+04  -0.886783E-08  -0.102463E-07  -0.418255E-07
   0.231900E+04  -0.117348E-07  -0.994330E-08  -0.354793E-07
   0.232000E+04  -0.134048E-07  -0.862982E-08  -0.255195E-07
   0.232100E+04  -0.137069E-07  -0.643926E-08  -0.129606E-07
   0.232200E+04  -0.126098E-07  -0.359423E-08   0.918232E-09
   0.232300E+04  -0.102247E-07  -0.383935E-09   0.147032E-07
   0.232400E+04  -0.679420E-08   0.286524E-08   0.269903E-07
   0.232500E+04  -0.266735E-08   0.582291E-08   0.365278E-07
   0.232600E+04   0.173561E-08   0.818832E-08   0.423444E-07
   0.232700E+04   0.596619E-08   0.972095E-08   0.438476E-07
   0.232800E+04   0.959335E-08   0.102649E-07   0.408843E-07
   0.232900E+04   0.122474E-07   0.976497E-08   0.337567E-07
   0.233000E+04   0.136576E-07   0.827192E-08   0.231907E-07
   0.233100E+04   0.136798E-07   0.593764E-08   0.102629E-07
   0.233200E+04   0.123113E-07   0.299951E-08  -0.370974E-08
   0.233300E+04   0.969081E-08  -0.243701E-09  -0.173037E-07
   0.233400E+04   0.608457E-08  -0.346223E-08  -0.291341E-07
   0.233500E+04   0.185920E-08  -0.632887E-08  -0.379956E-07
   0.233600E+04  -0.255565E-08  -0.855228E-08  -0.429856E-07
   0.233700E+04  -0.671102E-08  -0.990656E-08  -0.435955E-07
   0.233800E+04  -0.101844E-07  -0.102543E-07  -0.397632E-07
   0.233900E+04  -0.126226E-07  -0.956030E-08  -0.318790E-07
   0.234000E+04  -0.137780E-07  -0.789557E-08  -0.207463E-07
   0.234100E+04  -0.135333E-07  -0.542962E-08  -0.749910E-08
   0.234200E+04  -0.119141E-07  -0.241339E-08   0.651294E-08
   0.234300E+04  -0.908544E-08   0.846304E-09   0.198622E-07
   0.234400E+04  -0.533574E-08   0.401807E-08   0.311886E-07
   0.234500E+04  -0.104693E-08   0.677963E-08   0.393380E-07
   0.234600E+04   0.334427E-08   0.885062E-08   0.434800E-07
   0.234700E+04   0.739087E-08   0.100211E-07   0.431923E-07
   0.234800E+04   0.106812E-07   0.101730E-07   0.385040E-07
   0.234900E+04   0.128806E-07   0.929170E-08   0.298925E-07
   0.235000E+04   0.137659E-07   0.746806E-08   0.182349E-07
   0.235100E+04   0.132476E-07   0.488861E-08   0.471858E-08
   0.235200E+04   0.113794E-07   0.181671E-08  -0.927947E-08
   0.235300E+04   0.835246E-08  -0.143435E-08  -0.223332E-07
   0.235400E+04   0.447581E-08  -0.453328E-08  -0.331128E-07
   0.235500E+04   0.145052E-09  -0.716457E-08  -0.405198E-07
   0.235600E+04  -0.419817E-08  -0.906064E-08  -0.437995E-07
   0.235700E+04  -0.811108E-08  -0.100290E-07  -0.426176E-07
   0.235800E+04  -0.111950E-07  -0.997203E-08  -0.370943E-07
   0.235900E+04  -0.131357E-07  -0.889657E-08  -0.277920E-07
   0.236000E+04  -0.137359E-07  -0.691346E-08  -0.156583E-07
   0.236100E+04  -0.129348E-07  -0.422601E-08  -0.192930E-08
   0.236200E+04  -0.108147E-07  -0.110931E-08   0.119964E-07
   0.236300E+04  -0.759201E-08   0.211793E-08   0.247000E-07
   0.236400E+04  -0.359585E-08   0.512586E-08   0.348872E-07
   0.236500E+04   0.766086E-09   0.760718E-08   0.415198E-07
   0.236600E+04   0.504888E-08   0.930848E-08   0.439219E-07
   0.236700E+04   0.881579E-08   0.100561E-07   0.418484E-07
   0.236800E+04   0.116828E-07   0.977383E-08   0.355103E-07
   0.236900E+04   0.133578E-07   0.849069E-08   0.255530E-07
   0.237000E+04   0.136703E-07   0.633793E-08   0.129908E-07
   0.237100E+04   0.125887E-07   0.353565E-08  -0.896635E-09
   0.237200E+04   0.102237E-07   0.370341E-09  -0.146944E-07
   0.237300E+04   0.681680E-08  -0.283441E-08  -0.269967E-07
   0.237400E+04   0.271569E-08  -0.575092E-08  -0.365498E-07
   0.237500E+04  -0.166119E-08  -0.808085E-08  -0.423800E-07
   0.237600E+04  -0.586741E-08  -0.958575E-08  -0.438930E-07
   0.237700E+04  -0.947404E-08  -0.101113E-07  -0.409339E-07
   0.237800E+04  -0.121134E-07  -0.960328E-08  -0.338037E-07
   0.237900E+04  -0.135167E-07  -0.811292E-08  -0.232283E-07
   0.238000E+04  -0.135411E-07  -0.579187E-08  -0.102846E-07
   0.238100E+04  -0.121846E-07  -0.287676E-08   0.370905E-08
   0.238200E+04  -0.958614E-08   0.334997E-09   0.173271E-07
   0.238300E+04  -0.601124E-08   0.351544E-08   0.291822E-07
   0.238400E+04  -0.182502E-08   0.633956E-08   0.380664E-07
   0.238500E+04   0.254509E-08   0.851847E-08   0.430743E-07
   0.238600E+04   0.665303E-08   0.982888E-08   0.436952E-07
   0.238700E+04   0.100796E-07   0.101360E-07   0.398654E-07
   0.238800E+04   0.124753E-07   0.940711E-08   0.319743E-07
   0.238900E+04   0.135960E-07   0.771544E-08   0.208254E-07
   0.239000E+04   0.133278E-07   0.523232E-08   0.755394E-08
   0.239100E+04   0.116986E-07   0.221002E-08  -0.648839E-08
   0.239200E+04   0.887547E-08  -0.104396E-08  -0.198713E-07
   0.239300E+04   0.514743E-08  -0.419815E-08  -0.312314E-07
   0.239400E+04   0.895913E-09  -0.693092E-08  -0.394114E-07
   0.239500E+04  -0.344415E-08  -0.896324E-08  -0.435777E-07
   0.239600E+04  -0.742877E-08  -0.100871E-07  -0.433054E-07
   0.239700E+04  -0.106503E-07  -0.101870E-07  -0.386220E-07
   0.239800E+04  -0.127789E-07  -0.925117E-08  -0.300040E-07
   0.239900E+04  -0.135966E-07  -0.737367E-08  -0.183289E-07
   0.240000E+04  -0.130195E-07  -0.474424E-08  -0.478582E-08
   0.240100E+04  -0.111061E-07  -0.162934E-08   0.924598E-08
   0.240200E+04  -0.805191E-08   0.165498E-08   0.223372E-07
   0.240300E+04  -0.416903E-08   0.477522E-08   0.331541E-07
   0.240400E+04   0.145306E-09   0.741434E-08   0.405948E-07
   0.240500E+04   0.444947E-08   0.930406E-08   0.439010E-07
   0.240600E+04   0.830249E-08   0.102521E-07   0.427355E-07
   0.240700E+04   0.113091E-07   0.101619E-07   0.372168E-07
   0.240800E+04   0.131603E-07   0.904234E-08   0.279066E-07
   0.240900E+04   0.136647E-07   0.700690E-08   0.157530E-07
   0.241000E+04   0.127687E-07   0.426220E-08   0.199393E-08
   0.241100E+04   0.105615E-07   0.108699E-08  -0.119692E-07
   0.241200E+04   0.726664E-08  -0.219626E-08  -0.247141E-07
   0.241300E+04   0.321907E-08  -0.525406E-08  -0.349422E-07
   0.241400E+04  -0.116888E-08  -0.777589E-08  -0.416115E-07
   0.241500E+04  -0.544948E-08  -0.950576E-08  -0.440424E-07
   0.241600E+04  -0.918529E-08  -0.102682E-07  -0.419868E-07
   0.241700E+04  -0.119938E-07  -0.998634E-08  -0.356539E-07
   0.241800E+04  -0.135865E-07  -0.868929E-08  -0.256885E-07
   0.241900E+04  -0.137985E-07  -0.650957E-08  -0.131055E-07
   0.242000E+04  -0.126054E-07  -0.366946E-08   0.813335E-09
   0.242100E+04  -0.101261E-07  -0.458331E-09   0.146502E-07
   0.242200E+04  -0.661059E-08   0.279675E-08   0.269953E-07
   0.242300E+04  -0.241504E-08   0.576436E-08   0.365911E-07
   0.242400E+04   0.203477E-08   0.814242E-08   0.424595E-07
   0.242500E+04   0.628653E-08   0.968899E-08   0.440026E-07
   0.242600E+04   0.990750E-08   0.102468E-07   0.410626E-07
   0.242700E+04   0.125286E-07   0.975950E-08   0.339389E-07
   0.242800E+04   0.138821E-07   0.827693E-08   0.233568E-07
   0.242900E+04   0.138288E-07   0.595048E-08   0.103941E-07
   0.243000E+04   0.123726E-07   0.301743E-08  -0.362872E-08
   0.243100E+04   0.966014E-08  -0.223213E-09  -0.172830E-07
   0.243200E+04   0.596585E-08  -0.344113E-08  -0.291776E-07
   0.243300E+04   0.166429E-08  -0.630837E-08  -0.381003E-07
   0.243400E+04  -0.280793E-08  -0.853277E-08  -0.431419E-07
   0.243500E+04  -0.699650E-08  -0.988768E-08  -0.437881E-07
   0.243600E+04  -0.104757E-07  -0.102351E-07  -0.399727E-07
   0.243700E+04  -0.128917E-07  -0.953956E-08  -0.320838E-07
   0.243800E+04  -0.139985E-07  -0.787207E-08  -0.209247E-07
   0.243900E+04  -0.136833E-07  -0.540251E-08  -0.763195E-08
   0.244000E+04  -0.119776E-07  -0.238250E-08   0.644046E-08
   0.244100E+04  -0.905468E-08   0.880271E-09   0.198588E-07
   0.244200E+04  -0.521146E-08   0.405343E-08   0.312560E-07
   0.244300E+04  -0.838694E-09   0.681378E-08   0.394704E-07
   0.244400E+04   0.361885E-08   0.888021E-08   0.436649E-07
   0.244500E+04   0.770762E-08   0.100424E-07   0.434114E-07
   0.244600E+04   0.110114E-07   0.101822E-07   0.387353E-07
   0.244700E+04   0.131938E-07   0.928567E-08   0.301123E-07
   0.244800E+04   0.140323E-07   0.744453E-08   0.184203E-07
   0.244900E+04   0.134412E-07   0.484677E-08   0.485013E-08
   0.245000E+04   0.114801E-07   0.175749E-08  -0.921599E-08
   0.245100E+04   0.834821E-08  -0.150813E-08  -0.223451E-07
   0.245200E+04   0.436393E-08  -0.461698E-08  -0.331996E-07
   0.245300E+04  -0.674648E-10  -0.725196E-08  -0.406732E-07
   0.245400E+04  -0.449500E-08  -0.914435E-08  -0.440043E-07
   0.245500E+04  -0.846791E-08  -0.101012E-07  -0.428529E-07
   0.245600E+04  -0.115815E-07  -0.100250E-07  -0.373357E-07
   0.245700E+04  -0.135184E-07  -0.892379E-08  -0.280143E-07
   0.245800E+04  -0.140808E-07  -0.691000E-08  -0.158380E-07
   0.245900E+04  -0.132106E-07  -0.418939E-08  -0.204687E-08
   0.246000E+04  -0.109955E-07  -0.103984E-08   0.119542E-07
   0.246100E+04  -0.766025E-08   0.221688E-08   0.247388E-07
   0.246200E+04  -0.354340E-08   0.524801E-08   0.350041E-07
   0.246300E+04   0.936739E-09   0.774364E-08   0.417040E-07
   0.246400E+04   0.532473E-08   0.944845E-08   0.441553E-07
   0.246500E+04   0.917437E-08   0.101877E-07   0.421077E-07
   0.246600E+04   0.120940E-07   0.988516E-08   0.357692E-07
   0.246700E+04   0.137865E-07   0.857083E-08   0.257848E-07
   0.246800E+04   0.140795E-07   0.637806E-08   0.131713E-07
   0.246900E+04   0.129427E-07   0.352992E-08  -0.786574E-09
   0.247000E+04   0.104913E-07   0.316523E-09  -0.146670E-07
   0.247100E+04   0.697434E-08  -0.293453E-08  -0.270557E-07
   0.247200E+04   0.274907E-08  -0.589155E-08  -0.366902E-07
   0.247300E+04  -0.175514E-08  -0.825255E-08  -0.425886E-07
   0.247400E+04  -0.608047E-08  -0.977609E-08  -0.441492E-07
   0.247500E+04  -0.978731E-08  -0.103059E-07  -0.412122E-07
   0.247600E+04  -0.124989E-07  -0.978700E-08  -0.340762E-07
   0.247700E+04  -0.139397E-07  -0.827112E-08  -0.234674E-07
   0.247800E+04  -0.139633E-07  -0.591174E-08  -0.104660E-07
   0.247900E+04  -0.125677E-07  -0.294841E-08   0.360399E-08
   0.248000E+04  -0.989491E-08   0.317596E-09   0.173093E-07
   0.248100E+04  -0.621706E-08   0.355391E-08   0.292536E-07
   0.248200E+04  -0.190843E-08   0.643095E-08   0.382200E-07
   0.248300E+04   0.259259E-08   0.865548E-08   0.432945E-07
   0.248400E+04   0.682806E-08   0.100005E-07   0.439595E-07
   0.248500E+04   0.103671E-07   0.103285E-07   0.401467E-07
   0.248600E+04   0.128498E-07   0.960535E-08   0.322438E-07
   0.248700E+04   0.140236E-07   0.790401E-08   0.210554E-07
   0.248800E+04   0.137694E-07   0.539710E-08   0.772060E-08
   0.248900E+04   0.121132E-07   0.233937E-08  -0.640229E-08
   0.249000E+04   0.922386E-08  -0.958177E-09  -0.198747E-07
   0.249100E+04   0.539556E-08  -0.415993E-08  -0.313240E-07
   0.249200E+04   0.101808E-08  -0.693983E-08  -0.395836E-07
   0.249300E+04  -0.346293E-08  -0.901458E-08  -0.438115E-07
   0.249400E+04  -0.759136E-08  -0.101726E-07  -0.435765E-07
   0.249500E+04  -0.109470E-07  -0.102953E-07  -0.389020E-07
   0.249600E+04  -0.131883E-07  -0.936977E-08  -0.302634E-07
   0.249700E+04  -0.140872E-07  -0.748960E-08  -0.185404E-07
   0.249800E+04  -0.135523E-07  -0.484569E-08  -0.492681E-08
   0.249900E+04  -0.116379E-07  -0.170682E-08   0.919069E-08
   0.250000E+04  -0.853885E-08   0.160768E-08   0.223739E-07
   0.250100E+04  -0.457057E-08   0.476046E-08   0.332796E-07
   0.250200E+04  -0.136756E-09   0.743042E-08   0.407964E-07
   0.250300E+04   0.431154E-08   0.934545E-08   0.441580E-07
   0.250400E+04   0.832188E-08   0.103102E-07   0.430213E-07
   0.250500E+04   0.114865E-07   0.102258E-07   0.375015E-07
   0.250600E+04   0.134836E-07   0.910050E-08   0.281603E-07
   0.250700E+04   0.141106E-07   0.704815E-08   0.159488E-07
   0.250800E+04   0.133039E-07   0.427727E-08   0.211065E-08
   0.250900E+04   0.111462E-07   0.106959E-08  -0.119444E-07
   0.251000E+04   0.785730E-08  -0.224850E-08  -0.247846E-07
   0.251100E+04   0.377213E-08  -0.533920E-08  -0.351015E-07
   0.251200E+04  -0.693540E-09  -0.788768E-08  -0.418436E-07
   0.251300E+04  -0.508544E-08  -0.963412E-08  -0.443234E-07
   0.251400E+04  -0.895705E-08  -0.104002E-07  -0.422878E-07
   0.251500E+04  -0.119150E-07  -0.101074E-07  -0.359433E-07
   0.251600E+04  -0.136593E-07  -0.878488E-08  -0.259356E-07
   0.251700E+04  -0.140135E-07  -0.656673E-08  -0.132838E-07
   0.251800E+04  -0.129428E-07  -0.367837E-08   0.723517E-09
   0.251900E+04  -0.105575E-07  -0.413665E-09   0.146596E-07
   0.252000E+04  -0.710170E-08   0.289496E-08   0.271046E-07
   0.252100E+04  -0.292825E-08   0.591026E-08   0.367905E-07
   0.252200E+04   0.153718E-08   0.832455E-08   0.427299E-07
   0.252300E+04   0.583953E-08   0.989096E-08   0.443175E-07
   0.252400E+04   0.954076E-08   0.104487E-07   0.413906E-07
   0.252500E+04   0.122645E-07   0.993929E-08   0.342471E-07
   0.252600E+04   0.137343E-07   0.841294E-08   0.236140E-07
   0.252700E+04   0.138019E-07   0.602323E-08   0.105742E-07
   0.252800E+04   0.124621E-07   0.301174E-08  -0.354393E-08
   0.252900E+04   0.985338E-08  -0.316376E-09  -0.173022E-07
   0.253000E+04   0.624351E-08  -0.362340E-08  -0.292988E-07
   0.253100E+04   0.200228E-08  -0.657326E-08  -0.383111E-07
   0.253200E+04  -0.243637E-08  -0.886564E-08  -0.434205E-07
   0.253300E+04  -0.661864E-08  -0.102664E-07  -0.441057E-07
   0.253400E+04  -0.101172E-07  -0.106317E-07  -0.402965E-07
   0.253500E+04  -0.125750E-07  -0.992195E-08  -0.323801E-07
   0.253600E+04  -0.137414E-07  -0.820668E-08  -0.211628E-07
   0.253700E+04  -0.134981E-07  -0.565700E-08  -0.778682E-08
   0.253800E+04  -0.118708E-07  -0.252850E-08   0.638505E-08
   0.253900E+04  -0.902713E-08   0.864653E-09   0.199089E-07
   0.254000E+04  -0.525888E-08   0.418146E-08   0.314066E-07
   0.254100E+04  -0.952553E-09   0.708863E-08   0.397063E-07
   0.254200E+04   0.345024E-08   0.929427E-08   0.439616E-07
   0.254300E+04   0.749794E-08   0.105774E-07   0.437383E-07
   0.254400E+04   0.107752E-07   0.108101E-07   0.390582E-07
   0.254500E+04   0.129455E-07   0.997069E-08   0.303975E-07
   0.254600E+04   0.137852E-07   0.814531E-08   0.186378E-07
   0.254700E+04   0.132071E-07   0.551943E-08   0.497685E-08
   0.254800E+04   0.112689E-07   0.235877E-08  -0.919390E-08
   0.254900E+04   0.816765E-08  -0.101772E-08  -0.224307E-07
   0.255000E+04   0.421971E-08  -0.427023E-08  -0.333848E-07
   0.255100E+04  -0.171558E-09  -0.707257E-08  -0.409398E-07
   0.255200E+04  -0.455688E-08  -0.914517E-08  -0.443255E-07
   0.255300E+04  -0.848699E-08  -0.102833E-07  -0.431963E-07
   0.255400E+04  -0.115585E-07  -0.103777E-07  -0.376669E-07
   0.255500E+04  -0.134552E-07  -0.942515E-08  -0.283002E-07
   0.255600E+04  -0.139804E-07  -0.752897E-08  -0.160502E-07
   0.255700E+04  -0.130774E-07  -0.488777E-08  -0.216487E-08
   0.255800E+04  -0.108349E-07  -0.177515E-08   0.119409E-07
   0.255900E+04  -0.747901E-08   0.148836E-08   0.248294E-07
   0.256000E+04  -0.334943E-08   0.456814E-08   0.351872E-07
   0.256100E+04   0.113442E-08   0.714964E-08   0.419580E-07
   0.256200E+04   0.551635E-08   0.897043E-08   0.444512E-07
   0.256300E+04   0.934977E-08   0.984689E-08   0.424122E-07
   0.256400E+04   0.122433E-07   0.969278E-08   0.360479E-07
   0.256500E+04   0.139006E-07   0.852785E-08   0.260064E-07
   0.256600E+04   0.141510E-07   0.647563E-08   0.133106E-07
   0.256700E+04   0.129664E-07   0.375054E-08  -0.745595E-09
   0.256800E+04   0.104652E-07   0.635821E-09  -0.147296E-07
   0.256900E+04   0.689957E-08  -0.254563E-08  -0.272156E-07
   0.257000E+04   0.263035E-08  -0.546440E-08  -0.369302E-07
   0.257100E+04  -0.190963E-08  -0.781839E-08  -0.428820E-07
   0.257200E+04  -0.625959E-08  -0.936376E-08  -0.444630E-07
   0.257300E+04  -0.997763E-08  -0.993994E-08  -0.415105E-07
   0.257400E+04  -0.126858E-07  -0.948610E-08  -0.343238E-07
   0.257500E+04  -0.141084E-07  -0.804738E-08  -0.236337E-07
   0.257600E+04  -0.141004E-07  -0.577027E-08  -0.105286E-07
   0.257700E+04  -0.126622E-07  -0.288766E-08   0.365669E-08
   0.257800E+04  -0.993938E-08   0.305041E-09   0.174769E-07
   0.257900E+04  -0.620854E-08   0.348012E-08   0.295234E-07
   0.258000E+04  -0.184878E-08   0.631113E-08   0.385678E-07
   0.258100E+04   0.269659E-08   0.850632E-08   0.436872E-07
   0.258200E+04   0.696519E-08   0.983858E-08   0.443582E-07
   0.258300E+04   0.105226E-07   0.101687E-07   0.405107E-07
   0.258400E+04   0.130065E-07   0.945992E-08   0.325348E-07
   0.258500E+04   0.141636E-07   0.778146E-08   0.212415E-07
   0.258600E+04   0.138757E-07   0.530193E-08   0.778002E-08
   0.258700E+04   0.121714E-07   0.227207E-08  -0.647921E-08
   0.258800E+04   0.922334E-08  -0.100071E-08  -0.200839E-07
   0.258900E+04   0.533102E-08  -0.418364E-08  -0.316481E-07
   0.259000E+04   0.890054E-09  -0.695250E-08  -0.399932E-07
   0.259100E+04  -0.364791E-08  -0.902467E-08  -0.442682E-07
   0.259200E+04  -0.782112E-08  -0.101880E-07  -0.440363E-07
   0.259300E+04  -0.112046E-07  -0.103225E-07  -0.393201E-07
   0.259400E+04  -0.134537E-07  -0.941257E-08  -0.305986E-07
   0.259500E+04  -0.143386E-07  -0.754872E-08  -0.187591E-07
   0.259600E+04  -0.137682E-07  -0.491841E-08  -0.500673E-08
   0.259700E+04  -0.117993E-07  -0.178702E-08   0.925812E-08
   0.259800E+04  -0.863089E-08   0.152914E-08   0.225826E-07
   0.259900E+04  -0.458364E-08   0.469495E-08   0.336093E-07
   0.260000E+04  -0.676938E-10   0.739066E-08   0.412145E-07
   0.260100E+04   0.445920E-08   0.934428E-08   0.446228E-07
   0.260200E+04   0.853823E-08   0.103594E-07   0.434863E-07
   0.260300E+04   0.117561E-07   0.103348E-07   0.379198E-07
   0.260400E+04   0.137872E-07   0.927533E-08   0.284895E-07
   0.260500E+04   0.144264E-07   0.729057E-08   0.161556E-07
   0.260600E+04   0.136103E-07   0.458411E-08   0.217390E-08
   0.260700E+04   0.114233E-07   0.143257E-08  -0.120313E-07
   0.260800E+04   0.808892E-08  -0.184270E-08  -0.250128E-07
   0.260900E+04   0.394738E-08  -0.490840E-08  -0.354477E-07
   0.261000E+04  -0.579440E-09  -0.745329E-08  -0.422722E-07
   0.261100E+04  -0.503080E-08  -0.921995E-08  -0.447905E-07
   0.261200E+04  -0.895409E-08  -0.100310E-07  -0.427449E-07
   0.261300E+04  -0.119509E-07  -0.980725E-08  -0.363431E-07
   0.261400E+04  -0.137176E-07  -0.857551E-08  -0.262365E-07
   0.261500E+04  -0.140763E-07  -0.646594E-08  -0.134542E-07
   0.261600E+04  -0.129926E-07  -0.369856E-08   0.701780E-09
   0.261700E+04  -0.105795E-07  -0.560680E-09   0.147891E-07
   0.261800E+04  -0.708575E-08   0.262257E-08   0.273720E-07
   0.261900E+04  -0.286997E-08   0.552161E-08   0.371680E-07
   0.262000E+04   0.163540E-08   0.783622E-08   0.431778E-07
   0.262100E+04   0.596852E-08   0.932633E-08   0.447880E-07
   0.262200E+04   0.968525E-08   0.983673E-08   0.418334E-07
   0.262300E+04   0.124045E-07   0.931304E-08   0.346138E-07
   0.262400E+04   0.138470E-07   0.780737E-08   0.238637E-07
   0.262500E+04   0.138641E-07   0.547314E-08   0.106777E-07
   0.262600E+04   0.124528E-07   0.254943E-08  -0.360108E-08
   0.262700E+04   0.975617E-08  -0.663423E-09  -0.175177E-07
   0.262800E+04   0.604881E-08  -0.383449E-08  -0.296537E-07
   0.262900E+04   0.170887E-08  -0.663618E-08  -0.387716E-07
   0.263000E+04  -0.282045E-08  -0.877779E-08  -0.439412E-07
   0.263100E+04  -0.707611E-08  -0.100354E-07  -0.446343E-07
   0.263200E+04  -0.106225E-07  -0.102749E-07  -0.407784E-07
   0.263300E+04  -0.130958E-07  -0.946610E-08  -0.327650E-07
   0.263400E+04  -0.142415E-07  -0.768580E-08  -0.214089E-07
   0.263500E+04  -0.139398E-07  -0.511045E-08  -0.786616E-08
   0.263600E+04  -0.122186E-07  -0.199825E-08   0.648417E-08
   0.263700E+04  -0.925075E-08   0.133694E-08   0.201802E-07
   0.263800E+04  -0.533599E-08   0.455758E-08   0.318263E-07
   0.263900E+04  -0.871172E-09   0.733670E-08   0.402351E-07
   0.264000E+04   0.369040E-08   0.939133E-08   0.445488E-07
   0.264100E+04   0.788501E-08   0.105114E-07   0.443264E-07
   0.264200E+04   0.112858E-07   0.105811E-07   0.395890E-07
   0.264300E+04   0.135460E-07   0.959127E-08   0.308177E-07
   0.264400E+04   0.144349E-07   0.764002E-08   0.189047E-07
   0.264500E+04   0.138607E-07   0.492326E-08   0.506250E-08
   0.264600E+04   0.118804E-07   0.171477E-08  -0.929932E-08
   0.264700E+04   0.869404E-08  -0.166144E-08  -0.227179E-07
   0.264800E+04   0.462436E-08  -0.486408E-08  -0.338261E-07
   0.264900E+04   0.841051E-10  -0.756922E-08  -0.414917E-07
   0.265000E+04  -0.446592E-08  -0.950323E-08  -0.449327E-07
   0.265100E+04  -0.856370E-08  -0.104707E-07  -0.437975E-07
   0.265200E+04  -0.117930E-07  -0.103742E-07  -0.382006E-07
   0.265300E+04  -0.138257E-07  -0.922449E-08  -0.287109E-07
   0.265400E+04  -0.144552E-07  -0.713939E-08  -0.162943E-07
   0.265500E+04  -0.136174E-07  -0.433175E-08  -0.221510E-08
   0.265600E+04  -0.113976E-07  -0.108799E-08   0.120928E-07
   0.265700E+04  -0.802121E-08   0.226110E-08   0.251715E-07
   0.265800E+04  -0.383158E-08   0.537395E-08   0.356882E-07
   0.265900E+04   0.745417E-09   0.793304E-08   0.425706E-07
   0.266000E+04   0.524444E-08   0.967723E-08   0.451163E-07
   0.266100E+04   0.920808E-08   0.104284E-07   0.430646E-07
   0.266200E+04   0.122334E-07   0.101095E-07   0.366234E-07
   0.266300E+04   0.140128E-07   0.875289E-08   0.264475E-07
   0.266400E+04   0.143655E-07   0.649650E-08   0.135727E-07
   0.266500E+04   0.132558E-07   0.357035E-08  -0.690006E-09
   0.266600E+04   0.107969E-07   0.272949E-09  -0.148877E-07
   0.266700E+04   0.723898E-08  -0.305902E-08  -0.275738E-07
   0.266800E+04   0.294424E-08  -0.608499E-08  -0.374550E-07
   0.266900E+04  -0.165027E-08  -0.849523E-08  -0.435237E-07
   0.267000E+04  -0.607703E-08  -0.100424E-07  -0.451600E-07
   0.267100E+04  -0.988561E-08  -0.105669E-07  -0.421958E-07
   0.267200E+04  -0.126885E-07  -0.100132E-07  -0.349314E-07
   0.267300E+04  -0.142007E-07  -0.843555E-08  -0.241054E-07
   0.267400E+04  -0.142682E-07  -0.599261E-08  -0.108196E-07
   0.267500E+04  -0.128845E-07  -0.293151E-08   0.357351E-08
   0.267600E+04  -0.101904E-07   0.437333E-09   0.176079E-07
   0.267700E+04  -0.646023E-08   0.377166E-08   0.298538E-07
   0.267800E+04  -0.207355E-08   0.673224E-08   0.390630E-07
   0.267900E+04   0.252324E-08   0.901732E-08   0.442964E-07
   0.268000E+04   0.686249E-08   0.103934E-07   0.450197E-07
   0.268100E+04   0.105029E-07   0.107192E-07   0.411577E-07
   0.268200E+04   0.130742E-07   0.995990E-08   0.331024E-07
   0.268300E+04   0.143155E-07   0.819084E-08   0.216731E-07
   0.268400E+04   0.141008E-07   0.559017E-08   0.803317E-08
   0.268500E+04   0.124528E-07   0.242063E-08  -0.642869E-08
   0.268600E+04   0.953994E-08  -0.996950E-09  -0.202395E-07
   0.268700E+04   0.565943E-08  -0.431629E-08  -0.319921E-07
   0.268800E+04   0.120692E-08  -0.720078E-08  -0.404889E-07
   0.268900E+04  -0.336381E-08  -0.935770E-08  -0.448632E-07
   0.269000E+04  -0.758710E-08  -0.105680E-07  -0.446684E-07
   0.269100E+04  -0.110328E-07  -0.107085E-07  -0.399232E-07
   0.269200E+04  -0.133502E-07  -0.976483E-08  -0.311096E-07
   0.269300E+04  -0.143036E-07  -0.783238E-08  -0.191245E-07
   0.269400E+04  -0.137965E-07  -0.510714E-08  -0.518815E-08
   0.269500E+04  -0.118811E-07  -0.186566E-08   0.928030E-08
   0.269600E+04  -0.875329E-08   0.156302E-08   0.228069E-07
   0.269700E+04  -0.473257E-08   0.483071E-08   0.340134E-07
   0.269800E+04  -0.229351E-09   0.760549E-08   0.417575E-07
   0.269900E+04   0.429675E-08   0.960539E-08   0.452492E-07
   0.270000E+04   0.838383E-08   0.106271E-07   0.441317E-07
   0.270100E+04   0.116147E-07   0.105666E-07   0.385177E-07
   0.270200E+04   0.136597E-07   0.942981E-08   0.289779E-07
   0.270300E+04   0.143097E-07   0.733193E-08   0.164833E-07
   0.270400E+04   0.134981E-07   0.448586E-08   0.230607E-08
   0.270500E+04   0.113073E-07   0.118055E-08  -0.121097E-07
   0.270600E+04   0.796037E-08  -0.224834E-08  -0.252953E-07
   0.270700E+04   0.379814E-08  -0.545252E-08  -0.359070E-07
   0.270800E+04  -0.755198E-09  -0.810643E-08  -0.428628E-07
   0.270900E+04  -0.523552E-08  -0.994035E-08  -0.454530E-07
   0.271000E+04  -0.918605E-08  -0.107677E-07  -0.434124E-07
   0.271100E+04  -0.122039E-07  -0.105042E-07  -0.369478E-07
   0.271200E+04  -0.139811E-07  -0.917620E-08  -0.267164E-07
   0.271300E+04  -0.143361E-07  -0.691799E-08  -0.137598E-07
   0.271400E+04  -0.132322E-07  -0.395836E-08   0.602736E-09
   0.271500E+04  -0.107814E-07  -0.597193E-09   0.149081E-07
   0.271600E+04  -0.723277E-08   0.282498E-08   0.276987E-07
   0.271700E+04  -0.294753E-08   0.596157E-08   0.376708E-07
   0.271800E+04   0.163817E-08   0.849514E-08   0.438076E-07
   0.271900E+04   0.605750E-08   0.101696E-07   0.454826E-07
   0.272000E+04   0.986049E-08   0.108163E-07   0.425238E-07
   0.272100E+04   0.126600E-07   0.103708E-07   0.352315E-07
   0.272200E+04   0.141709E-07   0.887990E-08   0.243472E-07
   0.272300E+04   0.142397E-07   0.649622E-08   0.109790E-07
   0.272400E+04   0.128594E-07   0.346299E-08  -0.351169E-08
   0.272500E+04   0.101709E-07   0.891402E-10  -0.176488E-07
   0.272600E+04   0.644827E-08  -0.328218E-08  -0.299918E-07
   0.272700E+04   0.207102E-08  -0.630851E-08  -0.392824E-07
   0.272800E+04  -0.251473E-08  -0.868291E-08  -0.445733E-07
   0.272900E+04  -0.684161E-08  -0.101652E-07  -0.453241E-07
   0.273000E+04  -0.104687E-07  -0.106062E-07  -0.414571E-07
   0.273100E+04  -0.130263E-07  -0.996310E-08  -0.333650E-07
   0.273200E+04  -0.142540E-07  -0.830356E-08  -0.218713E-07
   0.273300E+04  -0.140266E-07  -0.579873E-08  -0.814610E-08
   0.273400E+04  -0.123675E-07  -0.270576E-08   0.641254E-08
   0.273500E+04  -0.944600E-08   0.658458E-09   0.203213E-07
   0.273600E+04  -0.556002E-08   0.394965E-08   0.321626E-07
   0.273700E+04  -0.110583E-08   0.683127E-08   0.407291E-07
   0.273800E+04   0.346237E-08   0.900885E-08   0.451469E-07
   0.273900E+04   0.767878E-08   0.102600E-07   0.449645E-07
   0.274000E+04   0.111135E-07   0.104570E-07   0.401989E-07
   0.274100E+04   0.134162E-07   0.957995E-08   0.313345E-07
   0.274200E+04   0.143521E-07   0.771866E-08   0.192732E-07
   0.274300E+04   0.138259E-07   0.506345E-08   0.524317E-08
   0.274400E+04   0.118910E-07   0.188578E-08  -0.932647E-08
   0.274500E+04   0.874491E-08  -0.148952E-08  -0.229511E-07
   0.274600E+04   0.470827E-08  -0.471734E-08  -0.342419E-07
   0.274700E+04   0.192730E-09  -0.746761E-08  -0.420474E-07
   0.274800E+04  -0.434129E-08  -0.945889E-08  -0.455708E-07
   0.274900E+04  -0.843148E-08  -0.104872E-07  -0.444517E-07
   0.275000E+04  -0.116608E-07  -0.104467E-07  -0.388022E-07
   0.275100E+04  -0.137001E-07  -0.934074E-08  -0.291965E-07
   0.275200E+04  -0.143414E-07  -0.728138E-08  -0.166119E-07
   0.275300E+04  -0.135197E-07  -0.447804E-08  -0.232955E-08
   0.275400E+04  -0.113190E-07  -0.121618E-08   0.121957E-07
   0.275500E+04  -0.796403E-08   0.217181E-08   0.254839E-07
   0.275600E+04  -0.379743E-08   0.534046E-08   0.361806E-07
   0.275700E+04   0.755360E-09   0.796649E-08   0.431950E-07
   0.275800E+04   0.522944E-08   0.978180E-08   0.458110E-07
   0.275900E+04   0.916786E-08   0.106008E-07   0.437605E-07
   0.276000E+04   0.121683E-07   0.103394E-07   0.372508E-07
   0.276100E+04   0.139240E-07   0.902371E-08   0.269436E-07
   0.276200E+04   0.142554E-07   0.678725E-08   0.138878E-07
   0.276300E+04   0.131280E-07   0.385760E-08  -0.587270E-09
   0.276400E+04   0.106564E-07   0.533157E-09  -0.150072E-07
   0.276500E+04   0.709243E-08  -0.284725E-08  -0.279027E-07
   0.276600E+04   0.279937E-08  -0.593882E-08  -0.379592E-07
   0.276700E+04  -0.178482E-08  -0.842597E-08  -0.441513E-07
   0.276800E+04  -0.619234E-08  -0.100545E-07  -0.458467E-07
   0.276900E+04  -0.997323E-08  -0.106575E-07  -0.428711E-07
   0.277000E+04  -0.127413E-07  -0.101724E-07  -0.355261E-07
   0.277100E+04  -0.142136E-07  -0.864755E-08  -0.245589E-07
   0.277200E+04  -0.142391E-07  -0.623720E-08  -0.110857E-07
   0.277300E+04  -0.128146E-07  -0.318594E-08   0.352137E-08
   0.277400E+04  -0.100846E-07   0.196142E-09   0.177743E-07
   0.277500E+04  -0.632702E-08   0.356502E-08   0.302206E-07
   0.277600E+04  -0.192462E-08   0.657770E-08   0.395914E-07
   0.277700E+04   0.267391E-08   0.892712E-08   0.449308E-07
   0.277800E+04   0.699973E-08   0.103735E-07   0.456932E-07
   0.277900E+04   0.106117E-07   0.107686E-07   0.417996E-07
   0.278000E+04   0.131414E-07   0.100711E-07   0.336450E-07
   0.278100E+04   0.143307E-07   0.835065E-08   0.220590E-07
   0.278200E+04   0.140584E-07   0.578092E-08   0.822102E-08
   0.278300E+04   0.123522E-07   0.262198E-08  -0.645951E-08
   0.278400E+04   0.938650E-08  -0.806100E-09  -0.204869E-07
   0.278500E+04   0.546417E-08  -0.415579E-08  -0.324316E-07
   0.278600E+04   0.985955E-09  -0.708743E-08  -0.410755E-07
   0.278700E+04  -0.359045E-08  -0.930372E-08  -0.455368E-07
   0.278800E+04  -0.779713E-08  -0.105800E-07  -0.453593E-07
   0.278900E+04  -0.112037E-07  -0.107871E-07  -0.405595E-07
   0.279000E+04  -0.134613E-07  -0.990451E-08  -0.316249E-07
   0.279100E+04  -0.143382E-07  -0.802237E-08  -0.194646E-07
   0.279200E+04  -0.137436E-07  -0.533252E-08  -0.531640E-08
   0.279300E+04  -0.117372E-07  -0.210889E-08   0.937853E-08
   0.279400E+04  -0.852283E-08   0.132025E-08   0.231230E-07
   0.279500E+04  -0.442798E-08   0.460566E-08   0.345163E-07
   0.279600E+04   0.129497E-09   0.741258E-08   0.423967E-07
   0.279700E+04   0.468405E-08   0.945472E-08   0.459601E-07
   0.279800E+04   0.876991E-08   0.105233E-07   0.448423E-07
   0.279900E+04   0.119686E-07   0.105085E-07   0.391558E-07
   0.280000E+04   0.139518E-07   0.941012E-08   0.294791E-07
   0.280100E+04   0.145149E-07   0.733811E-08   0.167973E-07
   0.280200E+04   0.135978E-07   0.450116E-08   0.240235E-08
   0.280300E+04   0.112917E-07   0.118564E-08  -0.122388E-07
   0.280400E+04   0.782951E-08  -0.227342E-08  -0.256337E-07
   0.280500E+04   0.356237E-08  -0.552622E-08  -0.364160E-07
   0.280600E+04  -0.107590E-08  -0.824360E-08  -0.434856E-07
   0.280700E+04  -0.561313E-08  -0.101502E-07  -0.461201E-07
   0.280800E+04  -0.958678E-08  -0.110524E-07  -0.440491E-07
   0.280900E+04  -0.125912E-07  -0.108575E-07  -0.374816E-07
   0.281000E+04  -0.143190E-07  -0.958300E-08  -0.270852E-07
   0.281100E+04  -0.145925E-07  -0.735469E-08  -0.139181E-07
   0.281200E+04  -0.133821E-07  -0.439357E-08   0.678577E-09
   0.281300E+04  -0.108093E-07  -0.993373E-09   0.152174E-07
   0.281400E+04  -0.713439E-08   0.250936E-08   0.282159E-07
   0.281500E+04  -0.273047E-08   0.576934E-08   0.383483E-07
   0.281600E+04   0.195480E-08   0.846741E-08   0.445798E-07
   0.281700E+04   0.644462E-08   0.103426E-07   0.462730E-07
   0.281800E+04   0.102816E-07   0.112182E-07   0.432525E-07
   0.281900E+04   0.130742E-07   0.110192E-07   0.358235E-07
   0.282000E+04   0.145371E-07   0.977892E-08   0.247403E-07
   0.282100E+04   0.145197E-07   0.763542E-08   0.111302E-07
   0.282200E+04   0.130224E-07   0.481626E-08  -0.362158E-08
   0.282300E+04   0.101958E-07   0.161487E-08  -0.180128E-07
   0.282400E+04   0.632638E-08  -0.163995E-08  -0.305773E-07
   0.282500E+04   0.180668E-08  -0.461793E-08  -0.400344E-07
   0.282600E+04  -0.290404E-08  -0.702125E-08  -0.454196E-07
   0.282700E+04  -0.732668E-08  -0.861492E-08  -0.461827E-07
   0.282800E+04  -0.110111E-07  -0.925056E-08  -0.422448E-07
   0.282900E+04  -0.135817E-07  -0.888116E-08  -0.340056E-07
   0.283000E+04  -0.147762E-07  -0.756523E-08  -0.223038E-07
   0.283100E+04  -0.144719E-07  -0.546009E-08  -0.833126E-08
   0.283200E+04  -0.126982E-07  -0.280490E-08   0.648823E-08
   0.283300E+04  -0.963444E-08   0.104774E-09   0.206437E-07
   0.283400E+04  -0.559081E-08   0.294815E-08   0.326913E-07
   0.283500E+04  -0.977461E-09   0.541306E-08   0.414011E-07
   0.283600E+04   0.373738E-08   0.722876E-08   0.458831E-07
   0.283700E+04   0.807500E-08   0.819447E-08   0.456776E-07
   0.283800E+04   0.115949E-07   0.820054E-08   0.408029E-07
   0.283900E+04   0.139396E-07   0.724019E-08   0.317530E-07
   0.284000E+04   0.148710E-07   0.541044E-08   0.194483E-07
   0.284100E+04   0.142947E-07   0.290226E-08   0.514150E-08
   0.284200E+04   0.122697E-07  -0.191871E-10  -0.970962E-08
   0.284300E+04   0.900218E-08  -0.304208E-08  -0.235906E-07
   0.284400E+04   0.482469E-08  -0.584047E-08  -0.350848E-07
   0.284500E+04   0.162360E-09  -0.810844E-08  -0.430176E-07
   0.284600E+04  -0.451045E-08  -0.959232E-08  -0.465762E-07
   0.284700E+04  -0.871842E-08  -0.101178E-07  -0.453931E-07
   0.284800E+04  -0.120337E-07  -0.960855E-08  -0.395835E-07
   0.284900E+04  -0.141193E-07  -0.809554E-08  -0.297339E-07
   0.285000E+04  -0.147636E-07  -0.571445E-08  -0.168430E-07
   0.285100E+04  -0.139021E-07  -0.269279E-08  -0.221970E-08
   0.285200E+04  -0.116232E-07   0.672692E-09   0.126492E-07
   0.285300E+04  -0.816023E-08   0.404595E-08   0.262511E-07
   0.285400E+04  -0.386684E-08   0.708579E-08   0.372009E-07
   0.285500E+04   0.818634E-09   0.948082E-08   0.443827E-07
   0.285600E+04   0.541794E-08   0.109816E-07   0.470632E-07
   0.285700E+04   0.946170E-08   0.114265E-07   0.449666E-07
   0.285800E+04   0.125372E-07   0.107592E-07   0.383033E-07
   0.285900E+04   0.143306E-07   0.903487E-08   0.277482E-07
   0.286000E+04   0.146588E-07   0.641585E-08   0.143727E-07
   0.286100E+04   0.134883E-07   0.315559E-08  -0.464405E-09
   0.286200E+04   0.109384E-07  -0.426236E-09  -0.152550E-07
   0.286300E+04   0.726931E-08  -0.397565E-08  -0.284951E-07
   0.286400E+04   0.285557E-08  -0.713994E-08  -0.388380E-07
   0.286500E+04  -0.185222E-08  -0.960330E-08  -0.452312E-07
   0.286600E+04  -0.637331E-08  -0.111188E-07  -0.470238E-07
   0.286700E+04  -0.102458E-07  -0.115337E-07  -0.440330E-07
   0.286800E+04  -0.130738E-07  -0.108049E-07  -0.365626E-07
   0.286900E+04  -0.145680E-07  -0.900410E-08  -0.253724E-07
   0.287000E+04  -0.145749E-07  -0.631056E-08  -0.116008E-07
   0.287100E+04  -0.130928E-07  -0.299349E-08   0.335064E-08
   0.287200E+04  -0.102722E-07   0.614934E-09   0.179602E-07
   0.287300E+04  -0.640002E-08   0.415289E-08   0.307408E-07
   0.287400E+04  -0.187086E-08   0.726534E-08   0.403910E-07
   0.287500E+04   0.285344E-08   0.963987E-08   0.459283E-07
   0.287600E+04   0.729080E-08   0.110382E-07   0.467884E-07
   0.287700E+04   0.109881E-07   0.113205E-07   0.428835E-07
   0.287800E+04   0.135675E-07   0.104593E-07   0.346109E-07
   0.287900E+04   0.147648E-07   0.854243E-08   0.228127E-07
   0.288000E+04   0.144568E-07   0.576454E-08   0.869033E-08
   0.288100E+04   0.126737E-07   0.240703E-08  -0.631807E-08
   0.288200E+04   0.959611E-08  -0.119016E-08  -0.206837E-07
   0.288300E+04   0.553695E-08  -0.466291E-08  -0.329432E-07
   0.288400E+04   0.909314E-09  -0.765985E-08  -0.418472E-07
   0.288500E+04  -0.381542E-08  -0.987786E-08  -0.464881E-07
   0.288600E+04  -0.815573E-08  -0.110928E-07  -0.463925E-07
   0.288700E+04  -0.116691E-07  -0.111823E-07  -0.415691E-07
   0.288800E+04  -0.139970E-07  -0.101380E-07  -0.325087E-07
   0.288900E+04  -0.149018E-07  -0.806645E-08  -0.201336E-07
   0.289000E+04  -0.142910E-07  -0.517851E-08  -0.570412E-08
   0.289100E+04  -0.122264E-07  -0.176761E-08   0.930993E-08
   0.289200E+04  -0.891846E-08   0.181984E-08   0.233787E-07
   0.289300E+04  -0.470447E-08   0.521965E-08   0.350684E-07
   0.289400E+04  -0.143330E-10   0.808686E-08   0.431871E-07
   0.289500E+04   0.467329E-08   0.101308E-07   0.469066E-07
   0.289600E+04   0.887985E-08   0.111445E-07   0.458466E-07
   0.289700E+04   0.121757E-07   0.110260E-07   0.401139E-07
   0.289800E+04   0.142242E-07   0.978841E-08   0.302913E-07
   0.289900E+04   0.148160E-07   0.755865E-08   0.173786E-07
   0.290000E+04   0.138905E-07   0.456467E-08   0.269065E-08
   0.290100E+04   0.115423E-07   0.111212E-08  -0.122763E-07
   0.290200E+04   0.801174E-08  -0.244670E-08  -0.259972E-07
   0.290300E+04   0.366006E-08  -0.574873E-08  -0.370734E-07
   0.290400E+04  -0.106700E-08  -0.845712E-08  -0.443754E-07
   0.290500E+04  -0.568489E-08  -0.102956E-07  -0.471580E-07
   0.290600E+04  -0.971973E-08  -0.110765E-07  -0.451362E-07
   0.290700E+04  -0.127568E-07  -0.107201E-07  -0.385144E-07
   0.290800E+04  -0.144831E-07  -0.926286E-08  -0.279661E-07
   0.290900E+04  -0.147194E-07  -0.685340E-08  -0.145649E-07
   0.291000E+04  -0.134389E-07  -0.373787E-08   0.324407E-09
   0.291100E+04  -0.107701E-07  -0.234685E-09   0.151850E-07
   0.291200E+04  -0.698414E-08   0.329779E-08   0.285025E-07
   0.291300E+04  -0.246704E-08   0.649778E-08   0.389191E-07
   0.291400E+04   0.231930E-08   0.903693E-08   0.453724E-07
   0.291500E+04   0.688435E-08   0.106539E-07   0.472033E-07
   0.291600E+04   0.107590E-07   0.111808E-07   0.442237E-07
   0.291700E+04   0.135437E-07   0.105611E-07   0.367355E-07
   0.291800E+04   0.149492E-07   0.885456E-08   0.255004E-07
   0.291900E+04   0.148267E-07   0.623218E-08   0.116620E-07
   0.292000E+04   0.131834E-07   0.295847E-08  -0.337019E-08
   0.292100E+04   0.101821E-07  -0.635182E-09  -0.180647E-07
   0.292200E+04   0.612485E-08  -0.418414E-08  -0.309236E-07
   0.292300E+04   0.142289E-08  -0.732759E-08  -0.406357E-07
   0.292400E+04  -0.344529E-08  -0.974521E-08  -0.462100E-07
   0.292500E+04  -0.798250E-08  -0.111898E-07  -0.470765E-07
   0.292600E+04  -0.117235E-07  -0.115124E-07  -0.431450E-07
   0.292700E+04  -0.142825E-07  -0.106778E-07  -0.348142E-07
   0.292800E+04  -0.153930E-07  -0.876785E-08  -0.229311E-07
   0.292900E+04  -0.149350E-07  -0.597366E-08  -0.870524E-08
   0.293000E+04  -0.129478E-07  -0.257604E-08   0.641477E-08
   0.293100E+04  -0.962678E-08   0.108280E-08   0.208886E-07
   0.293200E+04  -0.530389E-08   0.463399E-08   0.332411E-07
   0.293300E+04  -0.414324E-09   0.771940E-08   0.422128E-07
   0.293400E+04   0.454727E-08   0.100280E-07   0.468882E-07
   0.293500E+04   0.907683E-08   0.113273E-07   0.467892E-07
   0.293600E+04   0.127120E-07   0.114872E-07   0.419242E-07
   0.293700E+04   0.150793E-07   0.104930E-07   0.327870E-07
   0.293800E+04   0.159319E-07   0.844706E-08   0.203071E-07
   0.293900E+04   0.151756E-07   0.555817E-08   0.575494E-08
   0.294000E+04   0.128785E-07   0.212052E-08  -0.938731E-08
   0.294100E+04   0.926462E-08  -0.151630E-08  -0.235769E-07
   0.294200E+04   0.469182E-08  -0.498281E-08  -0.353676E-07
   0.294300E+04  -0.383949E-09  -0.792725E-08  -0.435569E-07
   0.294400E+04  -0.545450E-08  -0.100513E-07  -0.473092E-07
   0.294500E+04  -0.100105E-07  -0.111405E-07  -0.462405E-07
   0.294600E+04  -0.135929E-07  -0.110860E-07  -0.404580E-07
   0.294700E+04  -0.158391E-07  -0.989540E-08  -0.305495E-07
   0.294800E+04  -0.165200E-07  -0.769244E-08  -0.175235E-07
   0.294900E+04  -0.155632E-07  -0.470390E-08  -0.270651E-08
   0.295000E+04  -0.130602E-07  -0.123664E-08   0.123917E-07
   0.295100E+04  -0.925809E-08   0.235371E-08   0.262323E-07
   0.295200E+04  -0.453422E-08   0.569902E-08   0.374036E-07
   0.295300E+04   0.641209E-09   0.845630E-08   0.447659E-07
   0.295400E+04   0.575250E-08   0.103427E-07   0.475668E-07
   0.295500E+04   0.102902E-07   0.111642E-07   0.455187E-07
   0.295600E+04   0.138024E-07   0.108360E-07   0.388280E-07
   0.295700E+04   0.159398E-07   0.939068E-08   0.281746E-07
   0.295800E+04   0.164914E-07   0.697527E-08   0.146424E-07
   0.295900E+04   0.154050E-07   0.383630E-08  -0.390593E-09
   0.296000E+04   0.127924E-07   0.294675E-09  -0.153929E-07
   0.296100E+04   0.891860E-08  -0.328698E-08  -0.288352E-07
   0.296200E+04   0.417413E-08  -0.654134E-08  -0.393465E-07
   0.296300E+04  -0.963735E-09  -0.913387E-08  -0.458539E-07
   0.296400E+04  -0.597941E-08  -0.107970E-07  -0.476919E-07
   0.296500E+04  -0.103708E-07  -0.113577E-07  -0.446705E-07
   0.296600E+04  -0.136999E-07  -0.107551E-07  -0.370951E-07
   0.296700E+04  -0.156365E-07  -0.904715E-08  -0.257349E-07
   0.296800E+04  -0.159915E-07  -0.640464E-08  -0.117457E-07
   0.296900E+04  -0.147354E-07  -0.309435E-08   0.344862E-08
   0.297000E+04  -0.120008E-07   0.548169E-09   0.183003E-07
   0.297100E+04  -0.806893E-08   0.415255E-08   0.312958E-07
   0.297200E+04  -0.334036E-08   0.735130E-08   0.411099E-07
   0.297300E+04   0.170527E-08   0.981715E-08   0.467409E-07
   0.297400E+04   0.655818E-08   0.112965E-07   0.476128E-07
   0.297500E+04   0.107299E-07   0.116355E-07   0.436340E-07
   0.297600E+04   0.138026E-07   0.107956E-07   0.352073E-07
   0.297700E+04   0.154711E-07   0.885788E-08   0.231888E-07
   0.297800E+04   0.155732E-07   0.601523E-08   0.880099E-08
   0.297900E+04   0.141059E-07   0.255273E-08  -0.649176E-08
   0.298000E+04   0.112247E-07  -0.118099E-08  -0.211320E-07
   0.298100E+04   0.722773E-08  -0.480901E-08  -0.336282E-07
   0.298200E+04   0.252484E-08  -0.796430E-08  -0.427062E-07
   0.298300E+04  -0.240441E-08  -0.103269E-07  -0.474398E-07
   0.298400E+04  -0.705961E-08  -0.116567E-07  -0.473447E-07
   0.298500E+04  -0.109703E-07  -0.118172E-07  -0.424284E-07
   0.298600E+04  -0.137438E-07  -0.107905E-07  -0.331896E-07
   0.298700E+04  -0.151046E-07  -0.867836E-08  -0.205673E-07
   0.298800E+04  -0.149222E-07  -0.569247E-08  -0.584582E-08
   0.298900E+04  -0.132236E-07  -0.213313E-08   0.947616E-08
   0.299000E+04  -0.101903E-07   0.164114E-08   0.238382E-07
   0.299100E+04  -0.613882E-08   0.524980E-08   0.357771E-07
   0.299200E+04  -0.148845E-08   0.832876E-08   0.440756E-07
   0.299300E+04   0.328223E-08   0.105672E-07   0.478872E-07
   0.299400E+04   0.768424E-08   0.117392E-07   0.468219E-07
   0.299500E+04   0.112682E-07   0.117264E-07   0.409864E-07
   0.299600E+04   0.136702E-07   0.105299E-07   0.309735E-07
   0.299700E+04   0.146486E-07   0.827078E-08   0.178018E-07
   0.299800E+04   0.141086E-07   0.517709E-08   0.281214E-08
   0.299900E+04   0.121113E-07   0.156132E-08  -0.124690E-07
   0.300000E+04   0.886718E-08  -0.221145E-08  -0.264847E-07
   0.300100E+04   0.471429E-08  -0.576039E-08  -0.378064E-07
   0.300200E+04   0.830992E-10  -0.872748E-08  -0.452795E-07
   0.300300E+04  -0.454771E-08  -0.108137E-07  -0.481411E-07
   0.300400E+04  -0.870045E-08  -0.118092E-07  -0.460978E-07
   0.300500E+04  -0.119474E-07  -0.116146E-07  -0.393558E-07
   0.300600E+04  -0.139547E-07  -0.102507E-07  -0.286001E-07
   0.300700E+04  -0.145163E-07  -0.785654E-08  -0.149251E-07
   0.300800E+04  -0.135751E-07  -0.467506E-08   0.277098E-09
   0.300900E+04  -0.112288E-07  -0.102844E-08   0.154582E-07
   0.301000E+04  -0.771935E-08   0.271460E-08   0.290713E-07
   0.301100E+04  -0.340833E-08   0.617618E-08   0.397289E-07
   0.301200E+04   0.126035E-08   0.900758E-08   0.463439E-07
   0.301300E+04   0.580602E-08   0.109245E-07   0.482407E-07
   0.301400E+04   0.976061E-08   0.117357E-07   0.452244E-07
   0.301500E+04   0.127167E-07   0.113623E-07   0.376002E-07
   0.301600E+04   0.143691E-07   0.984577E-08   0.261435E-07
   0.301700E+04   0.145466E-07   0.734311E-08   0.120200E-07
   0.301800E+04   0.132292E-07   0.411108E-08  -0.333214E-08
   0.301900E+04   0.105502E-07   0.479825E-09  -0.183490E-07
   0.302000E+04   0.678280E-08  -0.318078E-08  -0.315005E-07
   0.302100E+04   0.231196E-08  -0.649873E-08  -0.414456E-07
   0.302200E+04  -0.240489E-08  -0.913773E-08  -0.471699E-07
   0.302300E+04  -0.688473E-08  -0.108313E-07  -0.480886E-07
   0.302400E+04  -0.106684E-07  -0.114098E-07  -0.441064E-07
   0.302500E+04  -0.133676E-07  -0.108175E-07  -0.356273E-07
   0.302600E+04  -0.147047E-07  -0.911805E-08  -0.235139E-07
   0.302700E+04  -0.145413E-07  -0.648777E-08  -0.899949E-08
   0.302800E+04  -0.128923E-07  -0.319766E-08   0.643754E-08
   0.302900E+04  -0.992470E-08   0.414440E-09   0.212241E-07
   0.303000E+04  -0.594039E-08   0.397834E-08   0.338527E-07
   0.303100E+04  -0.134549E-08   0.712926E-08   0.430352E-07
   0.303200E+04   0.339114E-08   0.954506E-08   0.478342E-07
   0.303300E+04   0.778581E-08   0.109789E-07   0.477586E-07
   0.303400E+04   0.113894E-07   0.112846E-07   0.428139E-07
   0.303500E+04   0.138335E-07   0.104311E-07   0.335019E-07
   0.303600E+04   0.148676E-07   0.850570E-08   0.207698E-07
   0.303700E+04   0.143853E-07   0.570518E-08   0.591371E-08
   0.303800E+04   0.124350E-07   0.231542E-08  -0.955310E-08
   0.303900E+04   0.921491E-08  -0.131768E-08  -0.240544E-07
   0.304000E+04   0.505317E-08  -0.482358E-08  -0.361118E-07
   0.304100E+04   0.374106E-09  -0.784484E-08  -0.444949E-07
   0.304200E+04  -0.434495E-08  -0.100736E-07  -0.483476E-07
   0.304300E+04  -0.862243E-08  -0.112830E-07  -0.472749E-07
   0.304400E+04  -0.120217E-07  -0.113501E-07  -0.413836E-07
   0.304500E+04  -0.141957E-07  -0.102684E-07  -0.312716E-07
   0.304600E+04  -0.149225E-07  -0.814853E-08  -0.179675E-07
   0.304700E+04  -0.141277E-07  -0.520682E-08  -0.282532E-08
   0.304800E+04  -0.118926E-07  -0.174311E-08   0.126126E-07
   0.304900E+04  -0.844555E-08   0.188980E-08   0.267732E-07
   0.305000E+04  -0.413860E-08   0.532222E-08   0.382127E-07
   0.305100E+04   0.588152E-09   0.820523E-08   0.457641E-07
   0.305200E+04   0.525166E-08   0.102463E-07   0.486558E-07
   0.305300E+04   0.937530E-08   0.112391E-07   0.465910E-07
   0.305400E+04   0.125375E-07   0.110845E-07   0.397776E-07
   0.305500E+04   0.144151E-07   0.980040E-08   0.289078E-07
   0.305600E+04   0.148159E-07   0.752015E-08   0.150871E-07
   0.305700E+04   0.136990E-07   0.447862E-08  -0.277301E-09
   0.305800E+04   0.111786E-07   0.988215E-09  -0.156205E-07
   0.305900E+04   0.751244E-08  -0.259308E-08  -0.293788E-07
   0.306000E+04   0.307577E-08  -0.589832E-08  -0.401494E-07
   0.306100E+04  -0.167724E-08  -0.858907E-08  -0.468332E-07
   0.306200E+04  -0.625979E-08  -0.103900E-07  -0.487471E-07
   0.306300E+04  -0.102022E-07  -0.111170E-07  -0.456938E-07
   0.306400E+04  -0.131000E-07  -0.106960E-07  -0.379820E-07
   0.306500E+04  -0.146554E-07  -0.917045E-08  -0.263953E-07
   0.306600E+04  -0.147075E-07  -0.669682E-08  -0.121128E-07
   0.306700E+04  -0.132492E-07  -0.352876E-08   0.341150E-08
   0.306800E+04  -0.104281E-07   0.901551E-11   0.185960E-07
   0.306900E+04  -0.653107E-08   0.355385E-08   0.318929E-07
   0.307000E+04  -0.195559E-08   0.674225E-08   0.419463E-07
   0.307100E+04   0.283116E-08   0.924708E-08   0.477300E-07
   0.307200E+04   0.733980E-08   0.108110E-07   0.486522E-07
   0.307300E+04   0.111088E-07   0.112729E-07   0.446166E-07
   0.307400E+04   0.137518E-07   0.105841E-07   0.360317E-07
   0.307500E+04   0.149968E-07   0.881404E-08   0.237701E-07
   0.307600E+04   0.147145E-07   0.614243E-08   0.907937E-08
   0.307700E+04   0.129314E-07   0.284154E-08  -0.654481E-08
   0.307800E+04   0.982738E-08  -0.751791E-09  -0.215108E-07
   0.307900E+04   0.571722E-08  -0.427053E-08  -0.342933E-07
   0.308000E+04   0.101896E-08  -0.735493E-08  -0.435888E-07
   0.308100E+04  -0.378893E-08  -0.968926E-08  -0.484483E-07
   0.308200E+04  -0.821626E-08  -0.110342E-07  -0.483746E-07
   0.308300E+04  -0.118112E-07  -0.112511E-07  -0.433728E-07
   0.308400E+04  -0.142063E-07  -0.103167E-07  -0.339503E-07
   0.308500E+04  -0.151563E-07  -0.832518E-08  -0.210652E-07
   0.308600E+04  -0.145630E-07  -0.547878E-08  -0.602891E-08
   0.308700E+04  -0.124858E-07  -0.206739E-08   0.962741E-08
   0.308800E+04  -0.913521E-08   0.156106E-08   0.243086E-07
   0.308900E+04  -0.485205E-08   0.503599E-08   0.365180E-07
   0.309000E+04  -0.724483E-10   0.800196E-08   0.450103E-07
   0.309100E+04   0.471647E-08   0.101549E-07   0.489184E-07
   0.309200E+04   0.902626E-08   0.112733E-07   0.478418E-07
   0.309300E+04   0.124170E-07   0.112405E-07   0.418880E-07
   0.309400E+04   0.145422E-07   0.100572E-07   0.316612E-07
   0.309500E+04   0.151841E-07   0.784112E-08   0.182019E-07
   0.309600E+04   0.142764E-07   0.481509E-08   0.288017E-08
   0.309700E+04   0.119104E-07   0.128476E-08  -0.127434E-07
   0.309800E+04   0.832654E-08  -0.239268E-08  -0.270765E-07
   0.309900E+04   0.388946E-08  -0.584473E-08  -0.386577E-07
   0.310000E+04  -0.948942E-09  -0.872144E-08  -0.463053E-07
   0.310100E+04  -0.569557E-08  -0.107310E-07  -0.492377E-07
   0.310200E+04  -0.986643E-08  -0.116694E-07  -0.471537E-07
   0.310300E+04  -0.130360E-07  -0.114412E-07  -0.402628E-07
   0.310400E+04  -0.148807E-07  -0.100691E-07  -0.292648E-07
   0.310500E+04  -0.152119E-07  -0.769195E-08  -0.152782E-07
   0.310600E+04  -0.139952E-07  -0.455005E-08   0.273295E-09
   0.310700E+04  -0.113542E-07  -0.961159E-09   0.158058E-07
   0.310800E+04  -0.755756E-08   0.271210E-08   0.297366E-07
   0.310900E+04  -0.299211E-08   0.609904E-08   0.406454E-07
   0.311000E+04   0.187700E-08   0.885868E-08   0.474192E-07
   0.311100E+04   0.655356E-08   0.107143E-07   0.493659E-07
   0.311200E+04   0.105610E-07   0.114816E-07   0.462848E-07
   0.311300E+04   0.134911E-07   0.110874E-07   0.384875E-07
   0.311400E+04   0.150454E-07   0.957661E-08   0.267667E-07
   0.311500E+04   0.150664E-07   0.710786E-08   0.123149E-07
   0.311600E+04   0.135527E-07   0.393693E-08  -0.339620E-08
   0.311700E+04   0.106601E-07   0.390562E-09  -0.187661E-07
   0.311800E+04   0.668518E-08  -0.316707E-08  -0.322280E-07
   0.311900E+04   0.203511E-08  -0.637159E-08  -0.424091E-07
   0.312000E+04  -0.281389E-08  -0.889570E-08  -0.482703E-07
   0.312100E+04  -0.736526E-08  -0.104826E-07  -0.492120E-07
   0.312200E+04  -0.111529E-07  -0.109722E-07  -0.451360E-07
   0.312300E+04  -0.137890E-07  -0.103175E-07  -0.364556E-07
   0.312400E+04  -0.150035E-07  -0.858917E-08  -0.240533E-07
   0.312500E+04  -0.146721E-07  -0.596822E-08  -0.919178E-08
   0.312600E+04  -0.128289E-07  -0.272744E-08   0.661513E-08
   0.312700E+04  -0.966322E-08   0.796709E-09   0.217563E-07
   0.312800E+04  -0.549997E-08   0.423868E-08   0.346877E-07
   0.312900E+04  -0.766820E-09   0.724140E-08   0.440895E-07
   0.313000E+04   0.404967E-08   0.949296E-08   0.490009E-07
   0.313100E+04   0.845386E-08   0.107587E-07   0.489186E-07
   0.313200E+04   0.119918E-07   0.109055E-07   0.438476E-07
   0.313300E+04   0.142979E-07   0.991537E-08   0.343017E-07
   0.313400E+04   0.151325E-07   0.788763E-08   0.212510E-07
   0.313500E+04   0.144065E-07   0.502877E-08   0.602346E-08
   0.313600E+04   0.121912E-07   0.163140E-08  -0.983013E-08
   0.313700E+04   0.871067E-08  -0.195561E-08  -0.246943E-07
   0.313800E+04   0.431958E-08  -0.536290E-08  -0.370534E-07
   0.313900E+04  -0.533121E-09  -0.823850E-08  -0.456460E-07
   0.314000E+04  -0.534995E-08  -0.102840E-07  -0.495939E-07
   0.314100E+04  -0.963579E-08  -0.112852E-07  -0.484915E-07
   0.314200E+04  -0.129486E-07  -0.111345E-07  -0.424476E-07
   0.314300E+04  -0.149449E-07  -0.984194E-08  -0.320749E-07
   0.314400E+04  -0.154151E-07  -0.753479E-08  -0.184272E-07
   0.314500E+04  -0.143055E-07  -0.444458E-08  -0.289303E-08
   0.314600E+04  -0.117238E-07  -0.883786E-09   0.129462E-07
   0.314700E+04  -0.792926E-08   0.278584E-08   0.274770E-07
   0.314800E+04  -0.330586E-08   0.619019E-08   0.392180E-07
   0.314900E+04   0.167609E-08   0.898095E-08   0.469714E-07
   0.315000E+04   0.650802E-08   0.108712E-07   0.499448E-07
   0.315100E+04   0.106948E-07   0.116650E-07   0.478324E-07
   0.315200E+04   0.138056E-07   0.112774E-07   0.408464E-07
   0.315300E+04   0.155178E-07   0.974351E-08   0.296954E-07
   0.315400E+04   0.156503E-07   0.721537E-08   0.155131E-07
   0.315500E+04   0.141828E-07   0.394648E-08  -0.257489E-09
   0.315600E+04   0.112580E-07   0.266406E-09  -0.160108E-07
   0.315700E+04   0.716763E-08  -0.345264E-08  -0.301419E-07
   0.315800E+04   0.232338E-08  -0.683356E-08  -0.412106E-07
   0.315900E+04  -0.278479E-08  -0.953271E-08  -0.480874E-07
   0.316000E+04  -0.763829E-08  -0.112749E-07  -0.500697E-07
   0.316100E+04  -0.117425E-07  -0.118815E-07  -0.469529E-07
   0.316200E+04  -0.146772E-07  -0.112887E-07  -0.390519E-07
   0.316300E+04  -0.161395E-07  -0.955436E-08  -0.271690E-07
   0.316400E+04  -0.159749E-07  -0.685201E-08  -0.125128E-07
   0.316500E+04  -0.141937E-07  -0.345368E-08   0.342516E-08
   0.316600E+04  -0.109697E-07   0.297770E-09   0.190218E-07
   0.316700E+04  -0.662382E-08   0.402329E-08   0.326880E-07
   0.316800E+04  -0.159130E-08   0.734612E-08   0.430306E-07
   0.316900E+04   0.362188E-08   0.993002E-08   0.489944E-07
   0.317000E+04   0.849026E-08   0.115134E-07   0.499695E-07
   0.317100E+04   0.125220E-07   0.119360E-07   0.458543E-07
   0.317200E+04   0.153090E-07   0.111550E-07   0.370656E-07
   0.317300E+04   0.165679E-07   0.924974E-08   0.244965E-07
   0.317400E+04   0.161698E-07   0.641336E-08   0.942582E-08
   0.317500E+04   0.141525E-07   0.293343E-08  -0.661210E-08
   0.317600E+04   0.107178E-07  -0.837321E-09  -0.219837E-07
   0.317700E+04   0.621077E-08  -0.451680E-08  -0.351224E-07
   0.317800E+04   0.108500E-08  -0.773238E-08  -0.446885E-07
   0.317900E+04  -0.414309E-08  -0.101587E-07  -0.497055E-07
   0.318000E+04  -0.894661E-08  -0.115509E-07  -0.496601E-07
   0.318100E+04  -0.128415E-07  -0.117691E-07  -0.445544E-07
   0.318200E+04  -0.154356E-07  -0.107929E-07  -0.349063E-07
   0.318300E+04  -0.164683E-07  -0.872341E-08  -0.216967E-07
   0.318400E+04  -0.158373E-07  -0.577265E-08  -0.626983E-08
   0.318500E+04  -0.136086E-07  -0.224214E-08   0.980338E-08
   0.318600E+04  -0.100100E-07   0.150791E-08   0.248854E-07
   0.318700E+04  -0.540796E-08   0.509530E-08   0.374389E-07
   0.318800E+04  -0.270619E-09   0.815477E-08   0.461834E-07
   0.318900E+04   0.488002E-08   0.103752E-07   0.502260E-07
   0.319000E+04   0.952089E-08   0.115313E-07   0.491523E-07
   0.319100E+04   0.131810E-07   0.115064E-07   0.430693E-07
   0.319200E+04   0.154894E-07   0.103045E-07   0.325943E-07
   0.319300E+04   0.162126E-07   0.804965E-08   0.187925E-07
   0.319400E+04   0.152783E-07   0.497327E-08   0.306877E-08
   0.319500E+04   0.127832E-07   0.139049E-08  -0.129756E-07
   0.319600E+04   0.898252E-08  -0.233202E-08  -0.277058E-07
   0.319700E+04   0.426432E-08  -0.581351E-08  -0.396201E-07
   0.319800E+04  -0.889868E-09  -0.869803E-08  -0.475029E-07
   0.319900E+04  -0.595418E-08  -0.106908E-07  -0.505489E-07
   0.320000E+04  -0.104119E-07  -0.115881E-07  -0.484453E-07
   0.320100E+04  -0.138079E-07  -0.112985E-07  -0.414038E-07
   0.320200E+04  -0.157951E-07  -0.985175E-08  -0.301395E-07
   0.320300E+04  -0.161700E-07  -0.739590E-08  -0.157982E-07
   0.320400E+04  -0.148930E-07  -0.418220E-08   0.160206E-09
   0.320500E+04  -0.120928E-07  -0.539412E-09   0.161102E-07
   0.320600E+04  -0.805328E-08   0.315985E-08   0.304263E-07
   0.320700E+04  -0.318464E-08   0.653713E-08   0.416487E-07
   0.320800E+04   0.201824E-08   0.924688E-08   0.486322E-07
   0.320900E+04   0.702616E-08   0.110117E-07   0.506628E-07
   0.321000E+04   0.113294E-07   0.116510E-07   0.475309E-07
   0.321100E+04   0.144898E-07   0.110989E-07   0.395531E-07
   0.321200E+04   0.161849E-07   0.941184E-08   0.275398E-07
   0.321300E+04   0.162413E-07   0.676205E-08   0.127131E-07
   0.321400E+04   0.146521E-07   0.342050E-08  -0.341729E-08
   0.321500E+04   0.115779E-07  -0.270946E-09  -0.192083E-07
   0.321600E+04   0.732998E-08  -0.393448E-08  -0.330504E-07
   0.321700E+04   0.233939E-08  -0.719495E-08  -0.435319E-07
   0.321800E+04  -0.288736E-08  -0.971823E-08  -0.495827E-07
   0.321900E+04  -0.781959E-08  -0.112455E-07  -0.505838E-07
   0.322000E+04  -0.119565E-07  -0.116196E-07  -0.464304E-07
   0.322100E+04  -0.148782E-07  -0.108015E-07  -0.375429E-07
   0.322200E+04  -0.162882E-07  -0.887414E-08  -0.248246E-07
   0.322300E+04  -0.160440E-07  -0.603406E-08  -0.956936E-08
   0.322400E+04  -0.141712E-07  -0.257148E-08   0.666941E-08
   0.322500E+04  -0.108614E-07   0.115933E-08   0.222374E-07
   0.322600E+04  -0.645222E-08   0.477628E-08   0.355476E-07
   0.322700E+04  -0.139342E-08   0.790853E-08   0.452424E-07
   0.322800E+04   0.379916E-08   0.102344E-07   0.503318E-07
   0.322900E+04   0.859595E-08   0.115145E-07   0.502946E-07
   0.323000E+04   0.125077E-07   0.116162E-07   0.451319E-07
   0.323100E+04   0.151351E-07   0.105272E-07   0.353669E-07
   0.323200E+04   0.162099E-07   0.835728E-08   0.219923E-07
   0.323300E+04   0.156219E-07   0.532702E-08   0.636919E-08
   0.323400E+04   0.134303E-07   0.174537E-08  -0.991139E-08
   0.323500E+04   0.985789E-08  -0.202177E-08  -0.251906E-07
   0.323600E+04   0.526858E-08  -0.558897E-08  -0.379106E-07
   0.323700E+04   0.130087E-09  -0.859068E-08  -0.467737E-07
   0.323800E+04  -0.503343E-08  -0.107186E-07  -0.508744E-07
   0.323900E+04  -0.969473E-08  -0.117535E-07  -0.497921E-07
   0.324000E+04  -0.133772E-07  -0.115875E-07  -0.436341E-07
   0.324100E+04  -0.157033E-07  -0.102357E-07  -0.330252E-07
   0.324200E+04  -0.164334E-07  -0.783445E-08  -0.190441E-07
   0.324300E+04  -0.154897E-07  -0.462792E-08  -0.311387E-08
   0.324400E+04  -0.129650E-07  -0.943164E-09   0.131431E-07
   0.324500E+04  -0.911262E-08   0.284315E-08   0.280700E-07
   0.324600E+04  -0.432144E-08   0.634317E-08   0.401448E-07
   0.324700E+04   0.923976E-09   0.919755E-08   0.481350E-07
   0.324800E+04   0.609243E-08   0.111122E-07   0.512238E-07
   0.324900E+04   0.106600E-07   0.118887E-07   0.490936E-07
   0.325000E+04   0.141635E-07   0.114445E-07   0.419582E-07
   0.325100E+04   0.162471E-07   0.982192E-08   0.305420E-07
   0.325200E+04   0.166990E-07   0.718406E-08   0.160057E-07
   0.325300E+04   0.154728E-07   0.379832E-08  -0.170975E-09
   0.325400E+04   0.126921E-07   0.941490E-11  -0.163403E-07
   0.325500E+04   0.863814E-08  -0.379567E-08  -0.308543E-07
   0.325600E+04   0.372115E-08  -0.722712E-08  -0.422328E-07
   0.325700E+04  -0.156135E-08  -0.993207E-08  -0.493140E-07
   0.325800E+04  -0.667501E-08  -0.116308E-07  -0.513735E-07
   0.325900E+04  -0.111030E-07  -0.121454E-07  -0.481982E-07
   0.326000E+04  -0.143987E-07  -0.114184E-07  -0.401082E-07
   0.326100E+04  -0.162304E-07  -0.951882E-08  -0.279248E-07
   0.326200E+04  -0.164159E-07  -0.663542E-08  -0.128868E-07
   0.326300E+04  -0.149401E-07  -0.305809E-08   0.347515E-08
   0.326400E+04  -0.119568E-07   0.851650E-09   0.194947E-07
   0.326500E+04  -0.777309E-08   0.469714E-08   0.335392E-07
   0.326600E+04  -0.281751E-08   0.808692E-08   0.441763E-07
   0.326700E+04   0.240328E-08   0.106746E-07   0.503199E-07
   0.326800E+04   0.735631E-08   0.121941E-07   0.513413E-07
   0.326900E+04   0.115366E-07   0.124872E-07   0.471329E-07
   0.327000E+04   0.145186E-07   0.115197E-07   0.381204E-07
   0.327100E+04   0.159995E-07   0.938503E-08   0.252189E-07
   0.327200E+04   0.158302E-07   0.629562E-08   0.974040E-08
   0.327300E+04   0.140302E-07   0.256110E-08  -0.673966E-08
   0.327400E+04   0.107856E-07  -0.144265E-08  -0.225429E-07
   0.327500E+04   0.643024E-08  -0.531160E-08  -0.360590E-07
   0.327600E+04   0.141140E-08  -0.865446E-08  -0.459095E-07
   0.327700E+04  -0.375589E-08  -0.111324E-07  -0.510888E-07
   0.327800E+04  -0.854140E-08  -0.124937E-07  -0.510665E-07
   0.327900E+04  -0.124539E-07  -0.125990E-07  -0.458420E-07
   0.328000E+04  -0.150913E-07  -0.114360E-07  -0.359446E-07
   0.328100E+04  -0.161817E-07  -0.912093E-08  -0.223801E-07
   0.328200E+04  -0.156116E-07  -0.588657E-08  -0.652846E-08
   0.328300E+04  -0.134369E-07  -0.205913E-08   0.999655E-08
   0.328400E+04  -0.987792E-08   0.197483E-08   0.255116E-07
   0.328500E+04  -0.529649E-08   0.580752E-08   0.384355E-07
   0.328600E+04  -0.159482E-09   0.905124E-08   0.474499E-07
   0.328700E+04   0.500897E-08   0.113777E-07   0.516343E-07
   0.328800E+04   0.968093E-08   0.125514E-07   0.505596E-07
   0.328900E+04   0.133785E-07   0.124536E-07   0.443326E-07
   0.329000E+04   0.157226E-07   0.110944E-07   0.335850E-07
   0.329100E+04   0.164720E-07   0.861159E-08   0.194092E-07
   0.329200E+04   0.155475E-07   0.525731E-08   0.324806E-08
   0.329300E+04   0.130408E-07   0.137198E-08  -0.132529E-07
   0.329400E+04   0.920486E-08  -0.264999E-08  -0.284126E-07
   0.329500E+04   0.442836E-08  -0.640021E-08  -0.406853E-07
   0.329600E+04  -0.803701E-09  -0.949780E-08  -0.488191E-07
   0.329700E+04  -0.595946E-08  -0.116281E-07  -0.519828E-07
   0.329800E+04  -0.105143E-07  -0.125746E-07  -0.498513E-07
   0.329900E+04  -0.140044E-07  -0.122410E-07  -0.426387E-07
   0.330000E+04  -0.160738E-07  -0.106611E-07  -0.310773E-07
   0.330100E+04  -0.165110E-07  -0.799544E-08  -0.163426E-07
   0.330200E+04  -0.152706E-07  -0.451488E-08   0.656702E-10
   0.330300E+04  -0.124777E-07  -0.573331E-09   0.164765E-07
   0.330400E+04  -0.841553E-08   0.342829E-08   0.312178E-07
   0.330500E+04  -0.349681E-08   0.708274E-08   0.427864E-07
   0.330600E+04   0.177854E-08   0.100178E-07   0.500018E-07
   0.330700E+04   0.687410E-08   0.119344E-07   0.521263E-07
   0.330800E+04   0.112716E-07   0.126364E-07   0.489406E-07
   0.330900E+04   0.145235E-07   0.120516E-07   0.407664E-07
   0.331000E+04   0.162992E-07   0.102380E-07   0.284338E-07
   0.331100E+04   0.164179E-07   0.737894E-08   0.131972E-07
   0.331200E+04   0.148679E-07   0.376406E-08  -0.339253E-08
   0.331300E+04   0.118071E-07  -0.240008E-09  -0.196456E-07
   0.331400E+04   0.754750E-08  -0.422682E-08  -0.339058E-07
   0.331500E+04   0.252327E-08  -0.779139E-08  -0.447188E-07
   0.331600E+04  -0.275361E-08  -0.105713E-07  -0.509810E-07
   0.331700E+04  -0.774533E-08  -0.122838E-07  -0.520516E-07
   0.331800E+04  -0.119432E-07  -0.127540E-07  -0.478189E-07
   0.331900E+04  -0.149194E-07  -0.119335E-07  -0.387111E-07
   0.332000E+04  -0.163708E-07  -0.990450E-08  -0.256536E-07
   0.332100E+04  -0.161497E-07  -0.687222E-08  -0.997490E-08
   0.332200E+04  -0.142793E-07  -0.314365E-08   0.672881E-08
   0.332300E+04  -0.109508E-07   0.903445E-09   0.227560E-07
   0.332400E+04  -0.650474E-08   0.485888E-08   0.364730E-07
   0.332500E+04  -0.139558E-08   0.832175E-08   0.464808E-07
   0.332600E+04   0.385414E-08   0.109411E-07   0.517575E-07
   0.332700E+04   0.870730E-08   0.124517E-07   0.517628E-07
   0.332800E+04   0.126670E-07   0.127008E-07   0.464932E-07
   0.332900E+04   0.153272E-07   0.116639E-07   0.364827E-07
   0.333000E+04   0.164144E-07   0.944705E-08   0.227489E-07
   0.333100E+04   0.158157E-07   0.627613E-08   0.668917E-08
   0.333200E+04   0.135903E-07   0.247390E-08  -0.100612E-07
   0.333300E+04   0.996364E-08  -0.157281E-08  -0.257956E-07
   0.333400E+04   0.530482E-08  -0.545245E-08  -0.389100E-07
   0.333500E+04   0.887865E-10  -0.877063E-08  -0.480665E-07
   0.333600E+04  -0.515184E-08  -0.111902E-07  -0.523299E-07
   0.333700E+04  -0.988107E-08  -0.124654E-07  -0.512627E-07
   0.333800E+04  -0.136143E-07  -0.124673E-07  -0.449708E-07
   0.333900E+04  -0.159676E-07  -0.111962E-07  -0.340924E-07
   0.334000E+04  -0.166972E-07  -0.878241E-08  -0.197334E-07
   0.334100E+04  -0.157246E-07  -0.547222E-08  -0.335525E-08
   0.334200E+04  -0.131446E-07  -0.160339E-08   0.133742E-07
   0.334300E+04  -0.921585E-08   0.242947E-08   0.287503E-07
   0.334400E+04  -0.433500E-08   0.621505E-08   0.412052E-07
   0.334500E+04   0.100370E-08   0.936713E-08   0.494681E-07
   0.334600E+04   0.625854E-08   0.115640E-07   0.526943E-07
   0.334700E+04   0.108954E-07   0.125810E-07   0.505522E-07
   0.334800E+04   0.144422E-07   0.123138E-07   0.432568E-07
   0.334900E+04   0.165368E-07   0.107887E-07   0.315486E-07
   0.335000E+04   0.169643E-07   0.816003E-08   0.166181E-07
   0.335100E+04   0.156786E-07   0.469456E-08  -0.150374E-10
   0.335200E+04   0.128079E-07   0.744374E-09  -0.166569E-07
   0.335300E+04   0.864110E-08  -0.328897E-08  -0.316117E-07
   0.335400E+04   0.359930E-08  -0.699527E-08  -0.433543E-07
   0.335500E+04  -0.180734E-08  -0.999744E-08  -0.506863E-07
   0.335600E+04  -0.703118E-08  -0.119898E-07  -0.528580E-07
   0.335700E+04  -0.115427E-07  -0.127693E-07  -0.496451E-07
   0.335800E+04  -0.148844E-07  -0.122559E-07  -0.413717E-07
   0.335900E+04  -0.167171E-07  -0.105012E-07  -0.288779E-07
   0.336000E+04  -0.168548E-07  -0.768247E-08  -0.134344E-07
   0.336100E+04  -0.152832E-07  -0.408537E-08   0.338687E-08
   0.336200E+04  -0.121616E-07  -0.743472E-10   0.198727E-07
   0.336300E+04  -0.780666E-08   0.394420E-08   0.343431E-07
   0.336400E+04  -0.266011E-08   0.756333E-08   0.453224E-07
   0.336500E+04   0.275588E-08   0.104169E-07   0.516901E-07
   0.336600E+04   0.789182E-08   0.122168E-07   0.527947E-07
   0.336700E+04   0.122267E-07   0.127821E-07   0.485208E-07
   0.336800E+04   0.153208E-07   0.120576E-07   0.393010E-07
   0.336900E+04   0.168605E-07   0.101190E-07   0.260723E-07
   0.337000E+04   0.166902E-07   0.716557E-08   0.101806E-07
   0.337100E+04   0.148277E-07   0.349912E-08  -0.675620E-08
   0.337200E+04   0.114627E-07  -0.506333E-09  -0.230126E-07
   0.337300E+04   0.693728E-08  -0.444294E-08  -0.369315E-07
   0.337400E+04   0.171126E-08  -0.791060E-08  -0.470933E-07
   0.337500E+04  -0.368484E-08  -0.105578E-07  -0.524603E-07
   0.337600E+04  -0.870363E-08  -0.121172E-07  -0.524830E-07
   0.337700E+04  -0.128365E-07  -0.124332E-07  -0.471563E-07
   0.337800E+04  -0.156654E-07  -0.114772E-07  -0.370203E-07
   0.337900E+04  -0.169052E-07  -0.935088E-08  -0.231054E-07
   0.338000E+04  -0.164328E-07  -0.627528E-08  -0.682798E-08
   0.338100E+04  -0.142993E-07  -0.256829E-08   0.101542E-07
   0.338200E+04  -0.107247E-07   0.138806E-08   0.261104E-07
   0.338300E+04  -0.607556E-08   0.518673E-08   0.394135E-07
   0.338400E+04  -0.827256E-09   0.843741E-08   0.487060E-07
   0.338500E+04   0.448433E-08   0.108065E-07   0.530383E-07
   0.338600E+04   0.931763E-08   0.120512E-07   0.519657E-07
   0.338700E+04   0.131806E-07   0.120447E-07   0.455943E-07
   0.338800E+04   0.156808E-07   0.107889E-07   0.345703E-07
   0.338900E+04   0.165656E-07   0.841414E-08   0.200146E-07
   0.339000E+04   0.157475E-07   0.516631E-08   0.340870E-08
   0.339100E+04   0.133136E-07   0.138125E-08  -0.135558E-07
   0.339200E+04   0.951604E-08  -0.254955E-08  -0.291499E-07
   0.339300E+04   0.474634E-08  -0.621914E-08  -0.417830E-07
   0.339400E+04  -0.504457E-09  -0.924692E-08  -0.501653E-07
   0.339500E+04  -0.569619E-08  -0.113179E-07  -0.534394E-07
   0.339600E+04  -0.102948E-07  -0.122149E-07  -0.512682E-07
   0.339700E+04  -0.138269E-07  -0.118418E-07  -0.438691E-07
   0.339800E+04  -0.159284E-07  -0.102327E-07  -0.319927E-07
   0.339900E+04  -0.163815E-07  -0.754952E-08  -0.168463E-07
   0.340000E+04  -0.151375E-07  -0.406556E-08   0.286947E-10
   0.340100E+04  -0.123214E-07  -0.137581E-09   0.169135E-07
   0.340200E+04  -0.821994E-08   0.383039E-08   0.320872E-07
   0.340300E+04  -0.325165E-08   0.742837E-08   0.440022E-07
   0.340400E+04   0.207521E-08   0.102824E-07   0.514419E-07
   0.340500E+04   0.721472E-08   0.120930E-07   0.536448E-07
   0.340600E+04   0.116391E-07   0.126662E-07   0.503826E-07
   0.340700E+04   0.148924E-07   0.119337E-07   0.419840E-07
   0.340800E+04   0.166377E-07   0.996025E-08   0.293010E-07
   0.340900E+04   0.166912E-07   0.693795E-08   0.136230E-07
   0.341000E+04   0.150414E-07   0.316685E-08  -0.345464E-08
   0.341100E+04   0.118506E-07  -0.974975E-09  -0.201929E-07
   0.341200E+04   0.743851E-08  -0.506968E-08  -0.348860E-07
   0.341300E+04   0.225012E-08  -0.870190E-08  -0.460355E-07
   0.341400E+04  -0.318967E-08  -0.115010E-07  -0.525031E-07
   0.341500E+04  -0.832929E-08  -0.131786E-07  -0.536267E-07
   0.341600E+04  -0.126466E-07  -0.135586E-07  -0.492882E-07
   0.341700E+04  -0.157022E-07  -0.125948E-07  -0.399261E-07
   0.341800E+04  -0.171839E-07  -0.103762E-07  -0.264908E-07
   0.341900E+04  -0.169390E-07  -0.711847E-08  -0.103484E-07
   0.342000E+04  -0.149900E-07  -0.314235E-08   0.685823E-08
   0.342100E+04  -0.115320E-07   0.115853E-08   0.233769E-07
   0.342200E+04  -0.691344E-08   0.535721E-08   0.375245E-07
   0.342300E+04  -0.160081E-08   0.903641E-08   0.478583E-07
   0.342400E+04   0.386891E-08   0.118307E-07   0.533234E-07
   0.342500E+04   0.894260E-08   0.134631E-07   0.533603E-07
   0.342600E+04   0.131073E-07   0.137737E-07   0.479622E-07
   0.342700E+04   0.159421E-07   0.127349E-07   0.376760E-07
   0.342800E+04   0.171612E-07   0.104550E-07   0.235470E-07
   0.342900E+04   0.166429E-07   0.716647E-08   0.701264E-08
   0.343000E+04   0.144418E-07   0.320307E-08  -0.102437E-07
   0.343100E+04   0.107832E-07  -0.103449E-08  -0.264642E-07
   0.343200E+04   0.604041E-08  -0.511893E-08  -0.399957E-07
   0.343300E+04   0.696486E-09  -0.863972E-08  -0.494578E-07
   0.343400E+04  -0.470479E-08  -0.112446E-07  -0.538843E-07
   0.343500E+04  -0.961434E-08  -0.126752E-07  -0.528216E-07
   0.343600E+04  -0.135336E-07  -0.127931E-07  -0.463749E-07
   0.343700E+04  -0.160653E-07  -0.115939E-07  -0.351985E-07
   0.343800E+04  -0.169539E-07  -0.920698E-08  -0.204289E-07
   0.343900E+04  -0.161114E-07  -0.588266E-08  -0.356939E-08
   0.344000E+04  -0.136263E-07  -0.196627E-08   0.136627E-07
   0.344100E+04  -0.975444E-08   0.213702E-08   0.295113E-07
   0.344200E+04  -0.489296E-08   0.600364E-08   0.423601E-07
   0.344300E+04   0.460429E-09   0.923475E-08   0.508975E-07
   0.344400E+04   0.575820E-08   0.114970E-07   0.542509E-07
   0.344500E+04   0.104589E-07   0.125564E-07   0.520750E-07
   0.344600E+04   0.140824E-07   0.123024E-07   0.445882E-07
   0.344700E+04   0.162591E-07   0.107589E-07   0.325502E-07
   0.344800E+04   0.167671E-07   0.808210E-08   0.171849E-07
   0.344900E+04   0.155555E-07   0.454432E-08   0.562723E-10
   0.345000E+04   0.127493E-07   0.506481E-09  -0.170910E-07
   0.345100E+04   0.863655E-08  -0.361880E-08  -0.325093E-07
   0.345200E+04   0.363898E-08  -0.740923E-08  -0.446260E-07
   0.345300E+04  -0.173100E-08  -0.104759E-07  -0.522039E-07
   0.345400E+04  -0.692275E-08  -0.125032E-07  -0.544676E-07
   0.345500E+04  -0.114036E-07  -0.132805E-07  -0.511827E-07
   0.345600E+04  -0.147135E-07  -0.127243E-07  -0.426800E-07
   0.345700E+04  -0.165119E-07  -0.108867E-07  -0.298223E-07
   0.345800E+04  -0.166126E-07  -0.794987E-08  -0.139168E-07
   0.345900E+04  -0.150033E-07  -0.420813E-08   0.341790E-08
   0.346000E+04  -0.118466E-07  -0.377253E-10   0.204166E-07
   0.346100E+04  -0.746366E-08   0.414122E-08   0.353472E-07
   0.346200E+04  -0.230161E-08   0.790742E-08   0.466870E-07
   0.346300E+04   0.311208E-08   0.108813E-07   0.532785E-07
   0.346400E+04   0.822334E-08   0.127635E-07   0.544472E-07
   0.346500E+04   0.125082E-07   0.133654E-07   0.500705E-07
   0.346600E+04   0.155261E-07   0.126282E-07   0.405912E-07
   0.346700E+04   0.169652E-07   0.106292E-07   0.269719E-07
   0.346800E+04   0.166745E-07   0.757337E-08   0.105977E-07
   0.346900E+04   0.146789E-07   0.377298E-08  -0.686450E-08
   0.347000E+04   0.111777E-07  -0.384447E-09  -0.236362E-07
   0.347100E+04   0.652382E-08  -0.447553E-08  -0.380082E-07
   0.347200E+04   0.118832E-08  -0.808415E-08  -0.485145E-07
   0.347300E+04  -0.428739E-08  -0.108439E-07  -0.540826E-07
   0.347400E+04  -0.934677E-08  -0.124752E-07  -0.541421E-07
   0.347500E+04  -0.134748E-07  -0.128141E-07  -0.486839E-07
   0.347600E+04  -0.162503E-07  -0.118286E-07  -0.382611E-07
   0.347700E+04  -0.173892E-07  -0.962225E-08  -0.239331E-07
   0.347800E+04  -0.167735E-07  -0.642324E-08  -0.715768E-08
   0.347900E+04  -0.144630E-07  -0.256138E-08   0.103568E-07
   0.348000E+04  -0.106902E-07   0.156571E-08   0.268258E-07
   0.348100E+04  -0.583603E-08   0.553310E-08   0.405702E-07
   0.348200E+04  -0.391382E-09   0.893199E-08   0.501874E-07
   0.348300E+04   0.509256E-08   0.114114E-07   0.546946E-07
   0.348400E+04   0.100606E-07   0.127143E-07   0.536292E-07
   0.348500E+04   0.140098E-07   0.127035E-07   0.470960E-07
   0.348600E+04   0.165409E-07   0.113763E-07   0.357574E-07
   0.348700E+04   0.173987E-07   0.886445E-08   0.207656E-07
   0.348800E+04   0.164982E-07   0.542121E-08   0.364605E-08
   0.348900E+04   0.139332E-07   0.139556E-08  -0.138581E-07
   0.349000E+04   0.996663E-08  -0.280330E-08  -0.299633E-07
   0.349100E+04   0.500382E-08  -0.674750E-08  -0.430275E-07
   0.349200E+04  -0.448870E-09  -0.100341E-07  -0.517174E-07
   0.349300E+04  -0.583563E-08  -0.123262E-07  -0.551445E-07
   0.349400E+04  -0.106079E-07  -0.133871E-07  -0.529561E-07
   0.349500E+04  -0.142804E-07  -0.131051E-07  -0.453715E-07
   0.349600E+04  -0.164806E-07  -0.115041E-07  -0.331598E-07
   0.349700E+04  -0.169863E-07  -0.874235E-08  -0.175622E-07
   0.349800E+04  -0.157492E-07  -0.509575E-08  -0.165497E-09
   0.349900E+04  -0.128987E-07  -0.930398E-09   0.172590E-07
   0.350000E+04  -0.872960E-08   0.333469E-08   0.329363E-07
   0.350100E+04  -0.367138E-08   0.726997E-08   0.452681E-07
   0.350200E+04   0.175550E-08   0.104790E-07   0.529963E-07
   0.350300E+04   0.699282E-08   0.126386E-07   0.553309E-07
   0.350400E+04   0.115018E-07   0.135317E-07   0.520312E-07
   0.350500E+04   0.148180E-07   0.130694E-07   0.434301E-07
   0.350600E+04   0.165994E-07   0.112998E-07   0.304011E-07
   0.350700E+04   0.166611E-07   0.840340E-08   0.142694E-07
   0.350800E+04   0.149943E-07   0.467436E-08  -0.332310E-08
   0.350900E+04   0.117680E-07   0.490936E-09  -0.205846E-07
   0.351000E+04   0.731135E-08  -0.372316E-08  -0.357560E-07
   0.351100E+04   0.208033E-08  -0.754170E-08  -0.472904E-07
   0.351200E+04  -0.338860E-08  -0.105793E-07  -0.540104E-07
   0.351300E+04  -0.853341E-08  -0.125304E-07  -0.552289E-07
   0.351400E+04  -0.128239E-07  -0.132003E-07  -0.508187E-07
   0.351500E+04  -0.158162E-07  -0.125250E-07  -0.412265E-07
   0.351600E+04  -0.171980E-07  -0.105771E-07  -0.274270E-07
   0.351700E+04  -0.168212E-07  -0.755889E-08  -0.108245E-07
   0.351800E+04  -0.147169E-07  -0.378099E-08   0.689024E-08
   0.351900E+04  -0.110933E-07   0.369008E-09   0.239123E-07
   0.352000E+04  -0.631423E-08   0.446625E-08   0.385062E-07
   0.352100E+04  -0.862962E-09   0.809195E-08   0.491829E-07
   0.352200E+04   0.470722E-08   0.108761E-07   0.548519E-07
   0.352300E+04   0.982904E-08   0.125352E-07   0.549322E-07
   0.352400E+04   0.139790E-07   0.129010E-07   0.494124E-07
   0.352500E+04   0.167310E-07   0.119378E-07   0.388515E-07
   0.352600E+04   0.177997E-07   0.974572E-08   0.243230E-07
   0.352700E+04   0.170700E-07   0.655079E-08   0.730532E-08
   0.352800E+04   0.146092E-07   0.268149E-08  -0.104685E-07
   0.352900E+04   0.106606E-07  -0.146471E-08  -0.271872E-07
   0.353000E+04   0.561917E-08  -0.546197E-08  -0.411460E-07
   0.353100E+04  -0.835581E-11  -0.889961E-08  -0.509203E-07
   0.353200E+04  -0.565444E-08  -0.114241E-07  -0.555109E-07
   0.353300E+04  -0.107483E-07  -0.127751E-07  -0.544466E-07
   0.353400E+04  -0.147737E-07  -0.128121E-07  -0.478320E-07
   0.353500E+04  -0.173214E-07  -0.115291E-07  -0.363377E-07
   0.353600E+04  -0.181308E-07  -0.905467E-08  -0.211317E-07
   0.353700E+04  -0.171163E-07  -0.563956E-08  -0.376143E-08
   0.353800E+04  -0.143764E-07  -0.163071E-08   0.140043E-07
   0.353900E+04  -0.101838E-07   0.256396E-08   0.303552E-07
   0.354000E+04  -0.495795E-08   0.651710E-08   0.436240E-07
   0.354100E+04   0.777211E-09   0.982556E-08   0.524564E-07
   0.354200E+04   0.644618E-08   0.121514E-07   0.559494E-07
   0.354300E+04   0.114801E-07   0.132567E-07   0.537436E-07
   0.354400E+04   0.153740E-07   0.130271E-07   0.460600E-07
   0.354500E+04   0.177382E-07   0.114845E-07   0.336782E-07
   0.354600E+04   0.183372E-07   0.878402E-08   0.178570E-07
   0.354700E+04   0.171135E-07   0.519848E-08   0.206412E-09
   0.354800E+04   0.141931E-07   0.109077E-08  -0.174759E-07
   0.354900E+04   0.987275E-08  -0.312329E-08  -0.333881E-07
   0.355000E+04   0.458947E-08  -0.701729E-08  -0.459074E-07
   0.355100E+04  -0.112385E-08  -0.101976E-07  -0.537560E-07
   0.355200E+04  -0.669256E-08  -0.123435E-07  -0.561311E-07
   0.355300E+04  -0.115585E-07  -0.132399E-07  -0.527873E-07
   0.355400E+04  -0.152364E-07  -0.127988E-07  -0.440619E-07
   0.355500E+04  -0.173630E-07  -0.110688E-07  -0.308409E-07
   0.355600E+04  -0.177336E-07  -0.822951E-08  -0.144689E-07
   0.355700E+04  -0.163221E-07  -0.457325E-08   0.338748E-08
   0.355800E+04  -0.132835E-07  -0.475239E-09   0.209092E-07
   0.355900E+04  -0.893724E-08   0.364489E-08   0.363104E-07
   0.356000E+04  -0.373427E-08   0.736598E-08   0.480201E-07
   0.356100E+04   0.178912E-08   0.103084E-07   0.548424E-07
   0.356200E+04   0.706649E-08   0.121728E-07   0.560792E-07
   0.356300E+04   0.115591E-07   0.127706E-07   0.516009E-07
   0.356400E+04   0.148107E-07   0.120436E-07   0.418604E-07
   0.356500E+04   0.164944E-07   0.100692E-07   0.278474E-07
   0.356600E+04   0.164453E-07   0.705296E-08   0.109874E-07
   0.356700E+04   0.146774E-07   0.330734E-08  -0.700276E-08
   0.356800E+04   0.113815E-07  -0.780456E-09  -0.242901E-07
   0.356900E+04   0.690541E-08  -0.478810E-08  -0.391119E-07
   0.357000E+04   0.171780E-08  -0.830147E-08  -0.499559E-07
   0.357100E+04  -0.364002E-08  -0.109571E-07  -0.557140E-07
   0.357200E+04  -0.860997E-08  -0.124797E-07  -0.557960E-07
   0.357300E+04  -0.126746E-07  -0.127100E-07  -0.501897E-07
   0.357400E+04  -0.154103E-07  -0.116218E-07  -0.394627E-07
   0.357500E+04  -0.165310E-07  -0.932411E-08  -0.247051E-07
   0.357600E+04  -0.159174E-07  -0.605078E-08  -0.741830E-08
   0.357700E+04  -0.136297E-07  -0.213616E-08   0.106372E-07
   0.357800E+04  -0.990095E-08   0.201886E-08   0.276216E-07
   0.357900E+04  -0.511366E-08   0.598784E-08   0.418029E-07
   0.358000E+04   0.239738E-09   0.936252E-08   0.517337E-07
   0.358100E+04   0.560731E-08   0.117946E-07   0.563986E-07
   0.358200E+04   0.104344E-07   0.130318E-07   0.553185E-07
   0.358300E+04   0.142206E-07   0.129432E-07   0.485994E-07
   0.358400E+04   0.165713E-07   0.115336E-07   0.369220E-07
   0.358500E+04   0.172387E-07   0.894283E-08   0.214730E-07
   0.358600E+04   0.161472E-07   0.543180E-08   0.382429E-08
   0.358700E+04   0.134017E-07   0.135593E-08  -0.142271E-07
   0.358800E+04   0.927699E-08  -0.287093E-08  -0.308419E-07
   0.358900E+04   0.419036E-08  -0.681875E-08  -0.443257E-07
   0.359000E+04  -0.134130E-08  -0.100852E-07  -0.533023E-07
   0.359100E+04  -0.675410E-08  -0.123369E-07  -0.568538E-07
   0.359200E+04  -0.114949E-07  -0.133432E-07  -0.546147E-07
   0.359300E+04  -0.150778E-07  -0.130005E-07  -0.468091E-07
   0.359400E+04  -0.171345E-07  -0.113423E-07  -0.342290E-07
   0.359500E+04  -0.174517E-07  -0.853630E-08  -0.181532E-07
   0.359600E+04  -0.159937E-07  -0.486744E-08  -0.217689E-09
   0.359700E+04  -0.129062E-07  -0.708697E-09   0.177509E-07
   0.359800E+04  -0.850188E-08   0.351678E-08   0.339212E-07
   0.359900E+04  -0.322876E-08   0.737890E-08   0.466443E-07
   0.360000E+04   0.237539E-08   0.104846E-07   0.546210E-07
   0.360100E+04   0.773781E-08   0.125180E-07   0.570354E-07
   0.360200E+04   0.123093E-07   0.132728E-07   0.536377E-07
   0.360300E+04   0.156202E-07   0.126735E-07   0.447706E-07
   0.360400E+04   0.173291E-07   0.107829E-07   0.313342E-07
   0.360500E+04   0.172574E-07   0.779645E-08   0.146950E-07
   0.360600E+04   0.154081E-07   0.402164E-08  -0.345287E-08
   0.360700E+04   0.119663E-07  -0.152957E-09  -0.212607E-07
   0.360800E+04   0.728020E-08  -0.429758E-08  -0.369130E-07
   0.360900E+04   0.182598E-08  -0.798523E-08  -0.488128E-07
   0.361000E+04  -0.384031E-08  -0.108355E-07  -0.557444E-07
   0.361100E+04  -0.913956E-08  -0.125537E-07  -0.569978E-07
   0.361200E+04  -0.135286E-07  -0.129610E-07  -0.524411E-07
   0.361300E+04  -0.165556E-07  -0.120134E-07  -0.425347E-07
   0.361400E+04  -0.179066E-07  -0.980611E-08  -0.282845E-07
   0.361500E+04  -0.174377E-07  -0.656435E-08  -0.111399E-07
   0.361600E+04  -0.151901E-07  -0.262046E-08   0.715366E-08
   0.361700E+04  -0.113864E-07   0.161992E-08   0.247322E-07
   0.361800E+04  -0.640814E-08   0.571925E-08   0.398034E-07
   0.361900E+04  -0.757518E-09   0.925281E-08   0.508292E-07
   0.362000E+04   0.499374E-08   0.118523E-07   0.566825E-07
   0.362100E+04   0.102624E-07   0.132438E-07   0.567628E-07
   0.362200E+04   0.145129E-07   0.132761E-07   0.510573E-07
   0.362300E+04   0.173122E-07   0.119365E-07   0.401431E-07
   0.362400E+04   0.183740E-07   0.935272E-08   0.251284E-07
   0.362500E+04   0.175878E-07   0.578029E-08   0.754011E-08
   0.362600E+04   0.150308E-07   0.157693E-08  -0.108313E-07
   0.362700E+04   0.109602E-07  -0.283362E-08  -0.281143E-07
   0.362800E+04   0.578698E-08  -0.700457E-08  -0.425469E-07
   0.362900E+04   0.348356E-10  -0.105115E-07  -0.526562E-07
   0.363000E+04  -0.571344E-08  -0.129958E-07  -0.574088E-07
   0.363100E+04  -0.108749E-07  -0.142012E-07  -0.563165E-07
   0.363200E+04  -0.149260E-07  -0.140000E-07  -0.494862E-07
   0.363300E+04  -0.174557E-07  -0.124071E-07  -0.376097E-07
   0.363400E+04  -0.182074E-07  -0.957780E-08  -0.218933E-07
   0.363500E+04  -0.171055E-07  -0.579341E-08  -0.393569E-08
   0.363600E+04  -0.142630E-07  -0.143227E-08   0.144351E-07
   0.363700E+04  -0.996995E-08   0.306817E-08   0.313477E-07
   0.363800E+04  -0.466463E-08   0.725572E-08   0.450778E-07
   0.363900E+04   0.111147E-08   0.107093E-07   0.542244E-07
   0.364000E+04   0.676856E-08   0.130819E-07   0.578526E-07
   0.364100E+04   0.117286E-07   0.141355E-07   0.555891E-07
   0.364200E+04   0.154844E-07   0.137659E-07   0.476606E-07
   0.364300E+04   0.176511E-07   0.120131E-07   0.348715E-07
   0.364400E+04   0.180058E-07   0.905744E-08   0.185218E-07
   0.364500E+04   0.165105E-07   0.520132E-08   0.275321E-09
   0.364600E+04   0.133158E-07   0.838639E-09  -0.180097E-07
   0.364700E+04   0.874644E-08  -0.358533E-08  -0.344699E-07
   0.364800E+04   0.326761E-08  -0.761922E-08  -0.474266E-07
   0.364900E+04  -0.256166E-08  -0.108516E-07  -0.555570E-07
   0.365000E+04  -0.814571E-08  -0.129529E-07  -0.580294E-07
   0.365100E+04  -0.129129E-07  -0.137092E-07  -0.545880E-07
   0.365200E+04  -0.163737E-07  -0.130440E-07  -0.455797E-07
   0.365300E+04  -0.181713E-07  -0.110264E-07  -0.319189E-07
   0.365400E+04  -0.181175E-07  -0.786410E-08  -0.149948E-07
   0.365500E+04  -0.162126E-07  -0.388223E-08   0.346971E-08
   0.365600E+04  -0.126456E-07   0.509448E-09   0.215937E-07
   0.365700E+04  -0.777523E-08   0.485848E-08   0.375294E-07
   0.365800E+04  -0.209379E-08   0.871586E-08   0.496510E-07
   0.365900E+04   0.382289E-08   0.116820E-07   0.567199E-07
   0.366000E+04   0.937380E-08   0.134476E-07   0.580118E-07
   0.366100E+04   0.139939E-07   0.138259E-07   0.533906E-07
   0.366200E+04   0.172117E-07   0.127714E-07   0.433226E-07
   0.366300E+04   0.186973E-07   0.103858E-07   0.288299E-07
   0.366400E+04   0.182961E-07   0.690747E-08   0.113858E-07
   0.366500E+04   0.160451E-07   0.268765E-08  -0.723399E-08
   0.366600E+04   0.121688E-07  -0.184485E-08  -0.251329E-07
   0.366700E+04   0.705721E-08  -0.622724E-08  -0.404864E-07
   0.366800E+04   0.122623E-08  -0.100099E-07  -0.517278E-07
   0.366900E+04  -0.473472E-08  -0.128020E-07  -0.577082E-07
   0.367000E+04  -0.102223E-07  -0.143119E-07  -0.578142E-07
   0.367100E+04  -0.146808E-07  -0.143769E-07  -0.520302E-07
   0.367200E+04  -0.176581E-07  -0.129805E-07  -0.409409E-07
   0.367300E+04  -0.188521E-07  -0.102544E-07  -0.256721E-07
   0.367400E+04  -0.181414E-07  -0.646600E-08  -0.777610E-08
   0.367500E+04  -0.155977E-07  -0.199146E-08   0.109259E-07
   0.367600E+04  -0.114785E-07   0.272182E-08   0.285292E-07
   0.367700E+04  -0.620118E-08   0.720036E-08   0.432397E-07
   0.367800E+04  -0.300717E-09   0.109924E-07   0.535567E-07
   0.367900E+04   0.562478E-08   0.137136E-07   0.584261E-07
   0.368000E+04   0.109747E-07   0.150863E-07   0.573480E-07
   0.368100E+04   0.152070E-07   0.149675E-07   0.504280E-07
   0.368200E+04   0.178932E-07   0.133639E-07   0.383672E-07
   0.368300E+04   0.187620E-07   0.104315E-07   0.223906E-07
   0.368400E+04   0.177267E-07   0.646019E-08   0.412319E-08
   0.368500E+04   0.148941E-07   0.184459E-08  -0.145756E-07
   0.368600E+04   0.105538E-07  -0.295536E-08  -0.318012E-07
   0.368700E+04   0.514825E-08  -0.746077E-08  -0.457979E-07
   0.368800E+04  -0.772002E-09  -0.112220E-07  -0.551377E-07
   0.368900E+04  -0.660437E-08  -0.138640E-07  -0.588662E-07
   0.369000E+04  -0.117557E-07  -0.151243E-07  -0.566001E-07
   0.369100E+04  -0.157025E-07  -0.148789E-07  -0.485664E-07
   0.369200E+04  -0.180444E-07  -0.131556E-07  -0.355801E-07
   0.369300E+04  -0.185449E-07  -0.101305E-07  -0.189614E-07
   0.369400E+04  -0.171553E-07  -0.611057E-08  -0.401054E-09
   0.369500E+04  -0.140197E-07  -0.150229E-08   0.182110E-07
   0.369600E+04  -0.946025E-08   0.322921E-08   0.349783E-07
   0.369700E+04  -0.394438E-08   0.760730E-08   0.481915E-07
   0.369800E+04   0.196313E-08   0.111919E-07   0.565021E-07
   0.369900E+04   0.765763E-08   0.136242E-07   0.590603E-07
   0.370000E+04   0.125564E-07   0.146624E-07   0.556020E-07
   0.370100E+04   0.161581E-07   0.142064E-07   0.464759E-07
   0.370200E+04   0.180942E-07   0.123077E-07   0.326087E-07
   0.370300E+04   0.181663E-07   0.916375E-08   0.154105E-07
   0.370400E+04   0.163667E-07   0.509797E-08  -0.336809E-08
   0.370500E+04   0.128795E-07   0.526629E-09  -0.218143E-07
   0.370600E+04   0.806155E-08  -0.408347E-08  -0.380480E-07
   0.370700E+04   0.240611E-08  -0.826247E-08  -0.504136E-07
   0.370800E+04  -0.350721E-08  -0.115852E-07  -0.576483E-07
   0.370900E+04  -0.907176E-08  -0.137145E-07  -0.590115E-07
   0.371000E+04  -0.137159E-07  -0.144351E-07  -0.543606E-07
   0.371100E+04  -0.169612E-07  -0.136756E-07  -0.441657E-07
   0.371200E+04  -0.184719E-07  -0.115156E-07  -0.294622E-07
   0.371300E+04  -0.180890E-07  -0.817761E-08  -0.117458E-07
   0.371400E+04  -0.158469E-07  -0.400390E-08   0.718013E-08
   0.371500E+04  -0.119703E-07   0.578095E-09   0.253873E-07
   0.371600E+04  -0.685140E-08   0.509951E-08   0.410198E-07
   0.371700E+04  -0.101009E-08   0.909783E-08   0.524825E-07
   0.371800E+04   0.495872E-08   0.121641E-07   0.586044E-07
   0.371900E+04   0.104458E-07   0.139844E-07   0.587581E-07
   0.372000E+04   0.148899E-07   0.143721E-07   0.529237E-07
   0.372100E+04   0.178346E-07   0.132869E-07   0.416920E-07
   0.372200E+04   0.189755E-07   0.108386E-07   0.262037E-07
   0.372300E+04   0.181915E-07   0.727623E-08   0.803465E-08
   0.372400E+04   0.155570E-07   0.296263E-08  -0.109654E-07
   0.372500E+04   0.113353E-07  -0.166254E-08  -0.288605E-07
   0.372600E+04   0.595151E-08  -0.612764E-08  -0.438262E-07
   0.372700E+04  -0.498927E-10  -0.997711E-08  -0.543351E-07
   0.372800E+04  -0.606071E-08  -0.128179E-07  -0.593131E-07
   0.372900E+04  -0.114706E-07  -0.143597E-07  -0.582488E-07
   0.373000E+04  -0.157292E-07  -0.144444E-07  -0.512465E-07
   0.373100E+04  -0.184022E-07  -0.130626E-07  -0.390154E-07
   0.373200E+04  -0.192155E-07  -0.103542E-07  -0.227983E-07
   0.373300E+04  -0.180838E-07  -0.659478E-08  -0.424496E-08
   0.373400E+04  -0.151187E-07  -0.216724E-08   0.147557E-07
   0.373500E+04  -0.106184E-07   0.247708E-08   0.322679E-07
   0.373600E+04  -0.503702E-08   0.686437E-08   0.465059E-07
   0.373700E+04   0.106107E-08   0.105466E-07   0.560167E-07
   0.373800E+04   0.705851E-08   0.131474E-07   0.598278E-07
   0.373900E+04   0.123476E-07   0.144004E-07   0.575469E-07
   0.374000E+04   0.163922E-07   0.141766E-07   0.494023E-07
   0.374100E+04   0.187818E-07   0.124976E-07   0.362198E-07
   0.374200E+04   0.192738E-07   0.953397E-08   0.193392E-07
   0.374300E+04   0.178177E-07   0.558776E-08   0.477955E-09
   0.374400E+04   0.145606E-07   0.106208E-08  -0.184433E-07
   0.374500E+04   0.983240E-08  -0.357977E-08  -0.354968E-07
   0.374600E+04   0.411200E-08  -0.786143E-08  -0.489436E-07
   0.374700E+04  -0.202106E-08  -0.113419E-07  -0.574112E-07
   0.374800E+04  -0.794556E-08  -0.136606E-07  -0.600336E-07
   0.374900E+04  -0.130617E-07  -0.145741E-07  -0.565398E-07
   0.375000E+04  -0.168520E-07  -0.139814E-07  -0.472820E-07
   0.375100E+04  -0.189338E-07  -0.119342E-07  -0.331997E-07
   0.375200E+04  -0.190984E-07  -0.863235E-08  -0.157250E-07
   0.375300E+04  -0.173318E-07  -0.440375E-08   0.336349E-08
   0.375400E+04  -0.138163E-07   0.328477E-09   0.221216E-07
   0.375500E+04  -0.891172E-08   0.508862E-08   0.386374E-07
   0.375600E+04  -0.311875E-08   0.939638E-08   0.512263E-07
   0.375700E+04   0.297206E-08   0.128154E-07   0.586026E-07
   0.375800E+04   0.874056E-08   0.149974E-07   0.600110E-07
   0.375900E+04   0.136002E-07   0.157174E-07   0.553036E-07
   0.376000E+04   0.170577E-07   0.148967E-07   0.449559E-07
   0.376100E+04   0.187633E-07   0.126109E-07   0.300182E-07
   0.376200E+04   0.185464E-07   0.908238E-08   0.120091E-07
   0.376300E+04   0.164329E-07   0.465801E-08  -0.723867E-08
   0.376400E+04   0.126424E-07  -0.225598E-09  -0.257651E-07
   0.376500E+04   0.756543E-08  -0.508605E-08  -0.416824E-07
   0.376600E+04   0.172406E-08  -0.944363E-08  -0.533675E-07
   0.376700E+04  -0.428196E-08  -0.128695E-07  -0.596275E-07
   0.376800E+04  -0.983630E-08  -0.150286E-07  -0.598216E-07
   0.376900E+04  -0.143692E-07  -0.157131E-07  -0.539265E-07
   0.377000E+04  -0.174155E-07  -0.148633E-07  -0.425395E-07
   0.377100E+04  -0.186627E-07  -0.125726E-07  -0.268177E-07
   0.377200E+04  -0.179825E-07  -0.907845E-08  -0.836048E-08
   0.377300E+04  -0.154444E-07  -0.473725E-08   0.109531E-07
   0.377400E+04  -0.113082E-07   0.114863E-10   0.291557E-07
   0.377500E+04  -0.599811E-08   0.468991E-08   0.443923E-07
   0.377600E+04  -0.591063E-10   0.883012E-08   0.551091E-07
   0.377700E+04   0.589877E-08   0.120214E-07   0.602120E-07
   0.377800E+04   0.112627E-07   0.139514E-07   0.591788E-07
   0.377900E+04   0.154800E-07   0.144371E-07   0.521121E-07
   0.378000E+04   0.181145E-07   0.134431E-07   0.397298E-07
   0.378100E+04   0.188918E-07   0.110841E-07   0.232920E-07
   0.378200E+04   0.177272E-07   0.761263E-08   0.447279E-08
   0.378300E+04   0.147352E-07   0.339263E-08  -0.148100E-07
   0.378400E+04   0.102174E-07  -0.113806E-08  -0.325902E-07
   0.378500E+04   0.463288E-08  -0.551273E-08  -0.470537E-07
   0.378600E+04  -0.144908E-08  -0.928353E-08  -0.567238E-07
   0.378700E+04  -0.740674E-08  -0.120672E-07  -0.606113E-07
   0.378800E+04  -0.126294E-07  -0.135837E-07  -0.583164E-07
   0.378900E+04  -0.165798E-07  -0.136849E-07  -0.500694E-07
   0.379000E+04  -0.188491E-07  -0.123684E-07  -0.367075E-07
   0.379100E+04  -0.191994E-07  -0.977812E-08  -0.195905E-07
   0.379200E+04  -0.175878E-07  -0.618799E-08  -0.461690E-09
   0.379300E+04  -0.141717E-07  -0.197394E-08   0.187291E-07
   0.379400E+04  -0.929287E-08   0.242541E-08   0.360243E-07
   0.379500E+04  -0.344359E-08   0.655404E-08   0.496584E-07
   0.379600E+04   0.278369E-08   0.998563E-08   0.582379E-07
   0.379700E+04   0.875622E-08   0.123674E-07   0.608836E-07
   0.379800E+04   0.138654E-07   0.134564E-07   0.573211E-07
   0.379900E+04   0.175887E-07   0.131441E-07   0.479085E-07
   0.380000E+04   0.195432E-07   0.114679E-07   0.336011E-07
   0.380100E+04   0.195249E-07   0.860622E-08   0.158539E-07
   0.380200E+04   0.175296E-07   0.486059E-08  -0.352592E-08
   0.380300E+04   0.137542E-07   0.623832E-09  -0.225634E-07
   0.380400E+04   0.857663E-08  -0.366056E-08  -0.393168E-07
   0.380500E+04   0.251830E-08  -0.754442E-08  -0.520755E-07
   0.380600E+04  -0.380889E-08  -0.106214E-07  -0.595350E-07
   0.380700E+04  -0.976446E-08  -0.125691E-07  -0.609299E-07
   0.380800E+04  -0.147443E-07  -0.131828E-07  -0.561125E-07
   0.380900E+04  -0.182421E-07  -0.123966E-07  -0.455684E-07
   0.381000E+04  -0.199009E-07  -0.102906E-07  -0.303674E-07
   0.381100E+04  -0.195498E-07  -0.708303E-08  -0.120553E-07
   0.381200E+04  -0.172209E-07  -0.310779E-08   0.750380E-08
   0.381300E+04  -0.131475E-07   0.121979E-08   0.263169E-07
   0.381400E+04  -0.773962E-08   0.544578E-08   0.424653E-07
   0.381500E+04  -0.154331E-08   0.912456E-08   0.543001E-07
   0.381600E+04   0.481473E-08   0.118650E-07   0.606108E-07
   0.381700E+04   0.106906E-07   0.133715E-07   0.607488E-07
   0.381800E+04   0.154883E-07   0.134745E-07   0.546941E-07
   0.381900E+04   0.187206E-07   0.121493E-07   0.430580E-07
   0.382000E+04   0.200579E-07   0.951896E-08   0.270212E-07
   0.382100E+04   0.193626E-07   0.584292E-08   0.821388E-08
   0.382200E+04   0.167023E-07   0.149069E-08  -0.114498E-07
   0.382300E+04   0.123441E-07  -0.309524E-08  -0.299666E-07
   0.382400E+04   0.672674E-08  -0.744439E-08  -0.454486E-07
   0.382500E+04   0.417142E-09  -0.111064E-07  -0.563151E-07
   0.382600E+04  -0.594748E-08  -0.136974E-07  -0.614545E-07
   0.382700E+04  -0.117239E-07  -0.149393E-07  -0.603378E-07
   0.382800E+04  -0.163279E-07  -0.146895E-07  -0.530729E-07
   0.382900E+04  -0.192936E-07  -0.129557E-07  -0.403941E-07
   0.383000E+04  -0.203206E-07  -0.989643E-08  -0.235882E-07
   0.383100E+04  -0.193042E-07  -0.580557E-08  -0.436332E-08
   0.383200E+04  -0.163462E-07  -0.108365E-08   0.153244E-07
   0.383300E+04  -0.117446E-07   0.380236E-08   0.334700E-07
   0.383400E+04  -0.596308E-08   0.836585E-08   0.482240E-07
   0.383500E+04   0.415468E-09   0.121497E-07   0.580810E-07
   0.383600E+04   0.674841E-08   0.147724E-07   0.620331E-07
   0.383700E+04   0.123982E-07   0.159670E-07   0.596733E-07
   0.383800E+04   0.167969E-07   0.156084E-07   0.512368E-07
   0.383900E+04   0.195035E-07   0.137261E-07   0.375785E-07
   0.384000E+04   0.202485E-07   0.105020E-07   0.200855E-07
   0.384100E+04   0.189611E-07   0.625257E-08   0.536559E-09
   0.384200E+04   0.157755E-07   0.139685E-08  -0.190788E-07
   0.384300E+04   0.110177E-07  -0.358509E-08  -0.367630E-07
   0.384400E+04   0.517176E-08  -0.820043E-08  -0.507138E-07
   0.384500E+04  -0.116950E-08  -0.119931E-07  -0.595077E-07
   0.384600E+04  -0.736466E-08  -0.145894E-07  -0.622461E-07
   0.384700E+04  -0.127889E-07  -0.157359E-07  -0.586464E-07
   0.384800E+04  -0.168973E-07  -0.153243E-07  -0.490713E-07
   0.384900E+04  -0.192799E-07  -0.134029E-07  -0.344928E-07
   0.385000E+04  -0.197032E-07  -0.101706E-07  -0.163931E-07
   0.385100E+04  -0.181329E-07  -0.595756E-08   0.338592E-08
   0.385200E+04  -0.147375E-07  -0.119112E-08   0.228302E-07
   0.385300E+04  -0.987039E-08   0.364722E-08   0.399585E-07
   0.385400E+04  -0.403317E-08   0.807060E-08   0.530241E-07
   0.385500E+04   0.217548E-08   0.116359E-07   0.606936E-07
   0.385600E+04   0.812123E-08   0.139886E-07   0.621822E-07
   0.385700E+04   0.131988E-07   0.148980E-07   0.573346E-07
   0.385800E+04   0.168937E-07   0.142808E-07   0.466410E-07
   0.385900E+04   0.188343E-07   0.122087E-07   0.311879E-07
   0.386000E+04   0.188300E-07   0.890089E-08   0.125470E-07
   0.386100E+04   0.168894E-07   0.470153E-08  -0.738357E-08
   0.386200E+04   0.132197E-07   0.441378E-10  -0.265735E-07
   0.386300E+04   0.820482E-08  -0.459250E-08  -0.430663E-07
   0.386400E+04   0.236555E-08  -0.873324E-08  -0.551793E-07
   0.386500E+04  -0.369392E-08  -0.119550E-07  -0.616752E-07
   0.386600E+04  -0.934816E-08  -0.139297E-07  -0.618880E-07
   0.386700E+04  -0.140147E-07  -0.144576E-07  -0.557920E-07
   0.386800E+04  -0.172137E-07  -0.134875E-07  -0.440043E-07
   0.386900E+04  -0.186172E-07  -0.111213E-07  -0.277226E-07
   0.387000E+04  -0.180826E-07  -0.760390E-08  -0.860334E-08
   0.387100E+04  -0.156670E-07  -0.329765E-08   0.114066E-07
   0.387200E+04  -0.116215E-07   0.135488E-08   0.302682E-07
   0.387300E+04  -0.636497E-08   0.587614E-08   0.460582E-07
   0.387400E+04  -0.441140E-09   0.980248E-08   0.571650E-07
   0.387500E+04   0.553747E-08   0.127316E-07   0.624531E-07
   0.387600E+04   0.109525E-07   0.143636E-07   0.613794E-07
   0.387700E+04   0.152434E-07   0.145316E-07   0.540488E-07
   0.387800E+04   0.179649E-07   0.132186E-07   0.412040E-07
   0.387900E+04   0.188335E-07   0.105593E-07   0.241502E-07
   0.388000E+04   0.177558E-07   0.682596E-08   0.462256E-08
   0.388100E+04   0.148393E-07   0.240083E-08  -0.153904E-07
   0.388200E+04   0.103809E-07  -0.226343E-08  -0.338492E-07
   0.388300E+04   0.483667E-08  -0.668989E-08  -0.488714E-07
   0.388400E+04  -0.122445E-08  -0.104263E-07  -0.589236E-07
   0.388500E+04  -0.717929E-08  -0.130911E-07  -0.629777E-07
   0.388600E+04  -0.124143E-07  -0.144132E-07  -0.606163E-07
   0.388700E+04  -0.163887E-07  -0.142587E-07  -0.520754E-07
   0.388800E+04  -0.186898E-07  -0.126455E-07  -0.382214E-07
   0.388900E+04  -0.190763E-07  -0.974098E-08  -0.204625E-07
   0.389000E+04  -0.175025E-07  -0.584480E-08  -0.606137E-09
   0.389100E+04  -0.141244E-07  -0.135849E-08   0.193253E-07
   0.389200E+04  -0.928313E-08   0.325594E-08   0.373002E-07
   0.389300E+04  -0.347122E-08   0.752329E-08   0.514849E-07
   0.389400E+04   0.271812E-08   0.110040E-07   0.604309E-07
   0.389500E+04   0.865133E-08   0.133391E-07   0.632224E-07
   0.389600E+04   0.137194E-07   0.142872E-07   0.595703E-07
   0.389700E+04   0.174003E-07   0.137496E-07   0.498422E-07
   0.389800E+04   0.193127E-07   0.117802E-07   0.350251E-07
   0.389900E+04   0.192552E-07   0.858016E-08   0.166257E-07
   0.390000E+04   0.172275E-07   0.447775E-08  -0.348318E-08
   0.390100E+04   0.134308E-07  -0.105389E-09  -0.232531E-07
   0.390200E+04   0.824789E-08  -0.469733E-08  -0.406686E-07
   0.390300E+04   0.220422E-08  -0.882416E-08  -0.539525E-07
   0.390400E+04  -0.408542E-08  -0.120586E-07  -0.617475E-07
   0.390500E+04  -0.997949E-08  -0.140640E-07  -0.632549E-07
   0.390600E+04  -0.148752E-07  -0.146287E-07  -0.583160E-07
   0.390700E+04  -0.182704E-07  -0.136886E-07  -0.474292E-07
   0.390800E+04  -0.198146E-07  -0.113335E-07  -0.316994E-07
   0.390900E+04  -0.193456E-07  -0.779854E-08  -0.127261E-07
   0.391000E+04  -0.169063E-07  -0.344037E-08   0.755956E-08
   0.391100E+04  -0.127407E-07   0.129895E-08   0.270909E-07
   0.391200E+04  -0.726940E-08   0.593700E-08   0.438767E-07
   0.391300E+04  -0.104720E-08   0.100002E-07   0.562039E-07
   0.391400E+04   0.529342E-08   0.130722E-07   0.628127E-07
   0.391500E+04   0.111066E-07   0.148365E-07   0.630249E-07
   0.391600E+04   0.157989E-07   0.151092E-07   0.568139E-07
   0.391700E+04   0.188901E-07   0.138576E-07   0.448075E-07
   0.391800E+04   0.200624E-07   0.112044E-07   0.282248E-07
   0.391900E+04   0.191930E-07   0.741508E-08   0.875220E-08
   0.392000E+04   0.163671E-07   0.287130E-08  -0.116282E-07
   0.392100E+04   0.118698E-07  -0.196772E-08  -0.308400E-07
   0.392200E+04   0.615685E-08  -0.661199E-08  -0.469246E-07
   0.392300E+04  -0.190834E-09  -0.105905E-07  -0.582404E-07
   0.392400E+04  -0.652667E-08  -0.134994E-07  -0.636305E-07
   0.392500E+04  -0.122040E-07  -0.150429E-07  -0.625411E-07
   0.392600E+04  -0.166423E-07  -0.150639E-07  -0.550783E-07
   0.392700E+04  -0.193860E-07  -0.135601E-07  -0.419978E-07
   0.392800E+04  -0.201518E-07  -0.106842E-07  -0.246284E-07
   0.392900E+04  -0.188575E-07  -0.672867E-08  -0.473685E-08
   0.393000E+04  -0.156310E-07  -0.209612E-08   0.156516E-07
   0.393100E+04  -0.107974E-07   0.274168E-08   0.344597E-07
   0.393200E+04  -0.484647E-08   0.729183E-08   0.497694E-07
   0.393300E+04   0.161703E-08   0.110905E-07   0.600182E-07
   0.393400E+04   0.793474E-08   0.137503E-07   0.641577E-07
   0.393500E+04   0.134617E-07   0.149999E-07   0.617617E-07
   0.393600E+04   0.176321E-07   0.147118E-07   0.530697E-07
   0.393700E+04   0.200171E-07   0.129154E-07   0.389630E-07
   0.393800E+04   0.203687E-07   0.979433E-08   0.208752E-07
   0.393900E+04   0.186456E-07   0.566782E-08   0.647132E-09
   0.394000E+04   0.150176E-07   0.958181E-09  -0.196612E-07
   0.394100E+04   0.984871E-08  -0.385215E-08  -0.379799E-07
   0.394200E+04   0.366062E-08  -0.826984E-08  -0.524402E-07
   0.394300E+04  -0.292012E-08  -0.118410E-07  -0.615654E-07
   0.394400E+04  -0.922567E-08  -0.141978E-07  -0.644213E-07
   0.394500E+04  -0.146148E-07  -0.150961E-07  -0.607117E-07
   0.394600E+04  -0.185381E-07  -0.144404E-07  -0.508099E-07
   0.394700E+04  -0.205941E-07  -0.122945E-07  -0.357200E-07
   0.394800E+04  -0.205701E-07  -0.887451E-08  -0.169760E-07
   0.394900E+04  -0.184646E-07  -0.452788E-08   0.351455E-08
   0.395000E+04  -0.144873E-07   0.302373E-09   0.236645E-07
   0.395100E+04  -0.903826E-08   0.512245E-08   0.414199E-07
   0.395200E+04  -0.266780E-08   0.943810E-08   0.549691E-07
   0.395300E+04   0.397955E-08   0.128051E-07   0.629277E-07
   0.395400E+04   0.102302E-07   0.148747E-07   0.644799E-07
   0.395500E+04   0.154501E-07   0.154294E-07   0.594623E-07
   0.395600E+04   0.191089E-07   0.144056E-07   0.483805E-07
   0.395700E+04   0.208341E-07   0.119006E-07   0.323590E-07
   0.395800E+04   0.204491E-07   0.816271E-08   0.130261E-07
   0.395900E+04   0.179914E-07   0.356690E-08  -0.765085E-08
   0.396000E+04   0.137087E-07  -0.142329E-08  -0.275661E-07
   0.396100E+04   0.803442E-08  -0.630258E-08  -0.446897E-07
   0.396200E+04   0.154332E-08  -0.105752E-07  -0.572749E-07
   0.396300E+04  -0.510642E-08  -0.138053E-07  -0.640357E-07
   0.396400E+04  -0.112401E-07  -0.156613E-07  -0.642786E-07
   0.396500E+04  -0.162352E-07  -0.159499E-07  -0.579740E-07
   0.396600E+04  -0.195842E-07  -0.146360E-07  -0.457590E-07
   0.396700E+04  -0.209469E-07  -0.118465E-07  -0.288738E-07
   0.396800E+04  -0.201843E-07  -0.785778E-08  -0.903500E-08
   0.396900E+04  -0.173735E-07  -0.306823E-08   0.117382E-07
   0.397000E+04  -0.127998E-07   0.204214E-08   0.313302E-07
   0.397100E+04  -0.692736E-08   0.696007E-08   0.477439E-07
   0.397200E+04  -0.352722E-09   0.111909E-07   0.593049E-07
   0.397300E+04   0.625619E-08   0.143088E-07   0.648318E-07
   0.397400E+04   0.122278E-07   0.159997E-07   0.637573E-07
   0.397500E+04   0.169554E-07   0.160934E-07   0.561862E-07
   0.397600E+04   0.199583E-07   0.145806E-07   0.428855E-07
   0.397700E+04   0.209316E-07   0.116144E-07   0.252065E-07
   0.397800E+04   0.197766E-07   0.749415E-08   0.494749E-08
   0.397900E+04   0.166112E-07   0.263595E-08  -0.158290E-07
   0.398000E+04   0.117578E-07  -0.246997E-08  -0.350062E-07
   0.398100E+04   0.571083E-08  -0.730868E-08  -0.506289E-07
   0.398200E+04  -0.913954E-09  -0.113927E-07  -0.611028E-07
   0.398300E+04  -0.744172E-08  -0.143114E-07  -0.653570E-07
   0.398400E+04  -0.132075E-07  -0.157724E-07  -0.629539E-07
   0.398500E+04  -0.176238E-07  -0.156316E-07  -0.541337E-07
   0.398600E+04  -0.202405E-07  -0.139069E-07  -0.397910E-07
   0.398700E+04  -0.207909E-07  -0.107771E-07  -0.213836E-07
   0.398800E+04  -0.192185E-07  -0.656300E-08  -0.784685E-09
   0.398900E+04  -0.156836E-07  -0.169515E-08   0.199080E-07
   0.399000E+04  -0.105462E-07   0.333020E-08   0.385856E-07
   0.399100E+04  -0.433001E-08   0.800149E-08   0.533433E-07
   0.399200E+04   0.233108E-08   0.118439E-07   0.626742E-07
   0.399300E+04   0.875758E-08   0.144673E-07   0.656236E-07
   0.399400E+04   0.142936E-07   0.156066E-07   0.618864E-07
   0.399500E+04   0.183737E-07   0.151476E-07   0.518389E-07
   0.399600E+04   0.205808E-07   0.131395E-07   0.365006E-07
   0.399700E+04   0.206886E-07   0.978894E-08   0.174310E-07
   0.399800E+04   0.186847E-07   0.543965E-08  -0.342882E-08
   0.399900E+04   0.147723E-07   0.536749E-09  -0.239541E-07
   0.400000E+04   0.934969E-08  -0.441834E-08  -0.420526E-07
   0.400100E+04   0.296930E-08  -0.891910E-08  -0.558779E-07
   0.400200E+04  -0.371804E-08  -0.125055E-07  -0.640177E-07
   0.400300E+04  -0.100296E-07  -0.148111E-07  -0.656381E-07
   0.400400E+04  -0.153203E-07  -0.156001E-07  -0.605691E-07
   0.400500E+04  -0.190486E-07  -0.147917E-07  -0.493225E-07
   0.400600E+04  -0.208320E-07  -0.124680E-07  -0.330399E-07
   0.400700E+04  -0.204857E-07  -0.886625E-08  -0.133771E-07
   0.400800E+04  -0.180423E-07  -0.435410E-08   0.766431E-08
   0.400900E+04  -0.137484E-07   0.607398E-09   0.279408E-07
   0.401000E+04  -0.803970E-08   0.551093E-08   0.453851E-07
   0.401100E+04  -0.149697E-08   0.985453E-08   0.582171E-07
   0.401200E+04   0.521318E-08   0.131928E-07   0.651253E-07
   0.401300E+04   0.114061E-07   0.151821E-07   0.654011E-07
   0.401400E+04   0.164487E-07   0.156160E-07   0.590111E-07
   0.401500E+04   0.198244E-07   0.144460E-07   0.466012E-07
   0.401600E+04   0.211858E-07   0.117868E-07   0.294315E-07
   0.401700E+04   0.203901E-07   0.790474E-08   0.924788E-08
   0.401800E+04   0.175144E-07   0.319075E-08  -0.118952E-07
   0.401900E+04   0.128477E-07  -0.187930E-08  -0.318440E-07
   0.402000E+04   0.686225E-08  -0.679283E-08  -0.485649E-07
   0.402100E+04   0.165242E-09  -0.110526E-07  -0.603518E-07
   0.402200E+04  -0.656247E-08  -0.142273E-07  -0.659999E-07
   0.402300E+04  -0.126358E-07  -0.159950E-07  -0.649293E-07
   0.402400E+04  -0.174350E-07  -0.161761E-07  -0.572443E-07
   0.402500E+04  -0.204693E-07  -0.147513E-07  -0.437231E-07
   0.402600E+04  -0.214263E-07  -0.118635E-07  -0.257396E-07
   0.402700E+04  -0.202049E-07  -0.780317E-08  -0.512282E-08
   0.402800E+04  -0.169255E-07  -0.297862E-08   0.160282E-07
   0.402900E+04  -0.119178E-07   0.212539E-08   0.355587E-07
   0.403000E+04  -0.568834E-08   0.699706E-08   0.514777E-07
   0.403100E+04   0.113134E-08   0.111495E-07   0.621608E-07
   0.403200E+04   0.784850E-08   0.141702E-07   0.665162E-07
   0.403300E+04   0.137795E-07   0.157626E-07   0.640963E-07
   0.403400E+04   0.183194E-07   0.157762E-07   0.551436E-07
   0.403500E+04   0.210035E-07   0.142213E-07   0.405668E-07
   0.403600E+04   0.215547E-07   0.112673E-07   0.218482E-07
   0.403700E+04   0.199119E-07   0.722576E-08   0.893515E-09
   0.403800E+04   0.162368E-07   0.251723E-08  -0.201625E-07
   0.403900E+04   0.108974E-07  -0.237138E-08  -0.391733E-07
   0.404000E+04   0.443108E-08  -0.693710E-08  -0.541995E-07
   0.404100E+04  -0.250955E-08  -0.107124E-07  -0.637063E-07
   0.404200E+04  -0.922289E-08  -0.133130E-07  -0.667209E-07
   0.404300E+04  -0.150293E-07  -0.144773E-07  -0.629314E-07
   0.404400E+04  -0.193402E-07  -0.140929E-07  -0.527197E-07
   0.404500E+04  -0.217175E-07  -0.122080E-07  -0.371224E-07
   0.404600E+04  -0.219184E-07  -0.902602E-08  -0.177263E-07
   0.404700E+04  -0.199197E-07  -0.488477E-08   0.349336E-08
   0.404800E+04  -0.159209E-07  -0.221175E-09   0.243740E-07
   0.404900E+04  -0.103233E-07   0.447368E-08   0.427858E-07
   0.405000E+04  -0.369017E-08   0.870540E-08   0.568490E-07
   0.405100E+04   0.331086E-08   0.120273E-07   0.651257E-07
   0.405200E+04   0.997505E-08   0.140869E-07   0.667669E-07
   0.405300E+04   0.156320E-07   0.146620E-07   0.615993E-07
   0.405400E+04   0.197135E-07   0.136845E-07   0.501437E-07
   0.405500E+04   0.218110E-07   0.112476E-07   0.335626E-07
   0.405600E+04   0.217170E-07   0.759628E-08   0.135418E-07
   0.405700E+04   0.194456E-07   0.310301E-08  -0.788050E-08
   0.405800E+04   0.152312E-07  -0.177062E-08  -0.285216E-07
   0.405900E+04   0.950434E-08  -0.652105E-08  -0.462764E-07
   0.406000E+04   0.284781E-08  -0.106545E-07  -0.593322E-07
   0.406100E+04  -0.406254E-08  -0.137380E-07  -0.663538E-07
   0.406200E+04  -0.105265E-07  -0.154439E-07  -0.666196E-07
   0.406300E+04  -0.158908E-07  -0.155842E-07  -0.600963E-07
   0.406400E+04  -0.196150E-07  -0.141308E-07  -0.474423E-07
   0.406500E+04  -0.213266E-07  -0.112185E-07  -0.299416E-07
   0.406600E+04  -0.208583E-07  -0.713257E-08  -0.937315E-08
   0.406700E+04  -0.182650E-07  -0.228005E-08   0.121698E-07
   0.406800E+04  -0.138177E-07   0.285127E-08   0.324928E-07
   0.406900E+04  -0.797562E-08   0.774219E-08   0.495240E-07
   0.407000E+04  -0.133908E-08   0.118949E-07   0.615250E-07
   0.407100E+04   0.541174E-08   0.148839E-07   0.672688E-07
   0.407200E+04   0.115863E-07   0.163993E-07   0.661649E-07
   0.407300E+04   0.165543E-07   0.162793E-07   0.583198E-07
   0.407400E+04   0.198095E-07   0.145265E-07   0.445276E-07
   0.407500E+04   0.210217E-07   0.113091E-07   0.261885E-07
   0.407600E+04   0.200699E-07   0.694354E-08   0.516762E-08
   0.407700E+04   0.170549E-07   0.186361E-08  -0.163954E-07
   0.407800E+04   0.122882E-07  -0.342359E-08  -0.363039E-07
   0.407900E+04   0.626080E-08  -0.838864E-08  -0.525279E-07
   0.408000E+04  -0.407900E-09  -0.125333E-07  -0.634114E-07
   0.408100E+04  -0.703288E-08  -0.154413E-07  -0.678413E-07
   0.408200E+04  -0.129338E-07  -0.168200E-07  -0.653612E-07
   0.408300E+04  -0.175046E-07  -0.165309E-07  -0.562184E-07
   0.408400E+04  -0.202753E-07  -0.146036E-07  -0.413395E-07
   0.408500E+04  -0.209602E-07  -0.112327E-07  -0.222360E-07
   0.408600E+04  -0.194871E-07  -0.675875E-08  -0.851570E-09
   0.408700E+04  -0.160046E-07  -0.163380E-08   0.206366E-07
   0.408800E+04  -0.108673E-07   0.362451E-08   0.400389E-07
   0.408900E+04  -0.459901E-08   0.848517E-08   0.553766E-07
   0.409000E+04   0.215989E-08   0.124576E-07   0.650836E-07
   0.409100E+04   0.871848E-08   0.151416E-07   0.681665E-07
   0.409200E+04   0.144055E-07   0.162675E-07   0.643060E-07
   0.409300E+04   0.186382E-07   0.157242E-07   0.538903E-07
   0.409400E+04   0.209816E-07   0.135699E-07   0.379757E-07
   0.409500E+04   0.211931E-07   0.100268E-07   0.181800E-07
   0.409600E+04   0.192475E-07   0.545803E-08  -0.348257E-08
   0.409700E+04   0.153395E-07   0.331381E-09  -0.248058E-07
   0.409800E+04   0.986398E-08  -0.482850E-08  -0.436165E-07
   0.409900E+04   0.337602E-08  -0.949326E-08  -0.579956E-07
   0.410000E+04  -0.346586E-08  -0.131845E-07  -0.664745E-07
   0.410100E+04  -0.996671E-08  -0.155226E-07  -0.681845E-07
   0.410200E+04  -0.154660E-07  -0.162648E-07  -0.629460E-07
   0.410300E+04  -0.194049E-07  -0.153309E-07  -0.512876E-07
   0.410400E+04  -0.213835E-07  -0.128104E-07  -0.343923E-07
   0.410500E+04  -0.212013E-07  -0.895465E-08  -0.139778E-07
   0.410600E+04  -0.188777E-07  -0.415066E-08   0.787839E-08
   0.410700E+04  -0.146503E-07   0.111763E-08   0.289501E-07
   0.410800E+04  -0.895054E-08   0.631846E-08   0.470894E-07
   0.410900E+04  -0.235934E-08   0.109261E-07   0.604457E-07
   0.411000E+04   0.445168E-08   0.144740E-07   0.676542E-07
   0.411100E+04   0.107890E-07   0.166024E-07   0.679757E-07
   0.411200E+04   0.160080E-07   0.170941E-07   0.613722E-07
   0.411300E+04   0.195786E-07   0.158973E-07   0.485112E-07
   0.411400E+04   0.211394E-07   0.131300E-07   0.306985E-07
   0.411500E+04   0.205345E-07   0.906856E-08   0.974524E-08
   0.411600E+04   0.178296E-07   0.411928E-08  -0.122159E-07
   0.411700E+04   0.133048E-07  -0.122253E-08  -0.329482E-07
   0.411800E+04   0.742632E-08  -0.642284E-08  -0.503383E-07
   0.411900E+04   0.798596E-09  -0.109630E-07  -0.626123E-07
   0.412000E+04  -0.589755E-08  -0.143919E-07  -0.685159E-07
   0.412100E+04  -0.119745E-07  -0.163721E-07  -0.674436E-07
   0.412200E+04  -0.168084E-07  -0.167128E-07  -0.595000E-07
   0.412300E+04  -0.199027E-07  -0.153898E-07  -0.454903E-07
   0.412400E+04  -0.209395E-07  -0.125467E-07  -0.268381E-07
   0.412500E+04  -0.198117E-07  -0.848037E-08  -0.544159E-08
   0.412600E+04  -0.166343E-07  -0.361017E-08   0.165205E-07
   0.412700E+04  -0.117329E-07   0.156500E-08   0.368100E-07
   0.412800E+04  -0.561011E-08   0.651766E-08   0.533578E-07
   0.412900E+04   0.110550E-08   0.107455E-07   0.644748E-07
   0.413000E+04   0.772387E-08   0.138227E-07   0.690241E-07
   0.413100E+04   0.135640E-07   0.154426E-07   0.665378E-07
   0.413200E+04   0.180238E-07   0.154493E-07   0.572644E-07
   0.413300E+04   0.206419E-07   0.138527E-07   0.421449E-07
   0.413400E+04   0.211450E-07   0.108271E-07   0.227165E-07
   0.413500E+04   0.194762E-07   0.669297E-08   0.957129E-09
   0.413600E+04   0.158012E-07   0.188348E-08  -0.209164E-07
   0.413700E+04   0.104916E-07  -0.309993E-08  -0.406739E-07
   0.413800E+04   0.408730E-08  -0.773937E-08  -0.562994E-07
   0.413900E+04  -0.275860E-08  -0.115538E-07  -0.661963E-07
   0.414000E+04  -0.934640E-08  -0.141483E-07  -0.693512E-07
   0.414100E+04  -0.150013E-07  -0.152549E-07  -0.654370E-07
   0.414200E+04  -0.191423E-07  -0.147598E-07  -0.548471E-07
   0.414300E+04  -0.213423E-07  -0.127150E-07  -0.386559E-07
   0.414400E+04  -0.213714E-07  -0.933327E-08  -0.185095E-07
   0.414500E+04  -0.192213E-07  -0.496556E-08   0.354120E-08
   0.414600E+04  -0.151063E-07  -0.654172E-10   0.252497E-07
   0.414700E+04  -0.944186E-08   0.485800E-08   0.444023E-07
   0.414800E+04  -0.280273E-08   0.929232E-08   0.590442E-07
   0.414900E+04   0.413564E-08   0.127748E-07   0.676787E-07
   0.415000E+04   0.106658E-07   0.149400E-07   0.694203E-07
   0.415100E+04   0.161206E-07   0.155579E-07   0.640855E-07
   0.415200E+04   0.199410E-07   0.145575E-07   0.522118E-07
   0.415300E+04   0.217337E-07   0.120347E-07   0.350039E-07
   0.415400E+04   0.213115E-07   0.824268E-08   0.142112E-07
   0.415500E+04   0.187127E-07   0.356646E-08  -0.804996E-08
   0.415600E+04   0.141974E-07  -0.151657E-08  -0.295117E-07
   0.415700E+04   0.822183E-08  -0.648530E-08  -0.479858E-07
   0.415800E+04   0.139199E-08  -0.108284E-07  -0.615865E-07
   0.415900E+04  -0.559805E-08  -0.140966E-07  -0.689233E-07
   0.416000E+04  -0.120365E-07  -0.159493E-07  -0.692429E-07
   0.416100E+04  -0.172665E-07  -0.161894E-07  -0.625066E-07
   0.416200E+04  -0.207529E-07  -0.147842E-07  -0.493946E-07
   0.416300E+04  -0.221375E-07  -0.118692E-07  -0.312379E-07
   0.416400E+04  -0.212749E-07  -0.773445E-08  -0.988236E-08
   0.416500E+04  -0.182487E-07  -0.279563E-08   0.124984E-07
   0.416600E+04  -0.133623E-07   0.244822E-08   0.336244E-07
   0.416700E+04  -0.710910E-08   0.746543E-08   0.513417E-07
   0.416800E+04  -0.121942E-09   0.117459E-07   0.638420E-07
   0.416900E+04   0.689084E-08   0.148532E-07   0.698471E-07
   0.417000E+04   0.132176E-07   0.164694E-07   0.687397E-07
   0.417100E+04   0.182157E-07   0.164274E-07   0.606269E-07
   0.417200E+04   0.213771E-07   0.147287E-07   0.463298E-07
   0.417300E+04   0.223803E-07   0.115434E-07   0.273004E-07
   0.417400E+04   0.211231E-07   0.719308E-08   0.547418E-08
   0.417500E+04   0.177330E-07   0.211839E-08  -0.169268E-07
   0.417600E+04   0.125550E-07  -0.316568E-08  -0.376201E-07
   0.417700E+04   0.611606E-08  -0.812224E-08  -0.544954E-07
   0.417800E+04  -0.928278E-09  -0.122472E-07  -0.658300E-07
   0.417900E+04  -0.786051E-08  -0.151205E-07  -0.704642E-07
   0.418000E+04  -0.139743E-07  -0.164497E-07  -0.679204E-07
   0.418100E+04  -0.186467E-07  -0.160991E-07  -0.584523E-07
   0.418200E+04  -0.214012E-07  -0.141045E-07  -0.430192E-07
   0.418300E+04  -0.219571E-07  -0.106693E-07  -0.231893E-07
   0.418400E+04  -0.202579E-07  -0.614444E-08  -0.980202E-09
   0.418500E+04  -0.164772E-07  -0.992182E-09   0.213465E-07
   0.418600E+04  -0.110015E-07   0.426050E-08   0.415155E-07
   0.418700E+04  -0.439074E-08   0.907584E-08   0.574692E-07
   0.418800E+04   0.267871E-08   0.129602E-07   0.675784E-07
   0.418900E+04   0.948276E-08   0.155144E-07   0.708079E-07
   0.419000E+04   0.153236E-07   0.164750E-07   0.668232E-07
   0.419100E+04   0.196009E-07   0.157410E-07   0.560244E-07
   0.419200E+04   0.218733E-07   0.133850E-07   0.395068E-07
   0.419300E+04   0.219036E-07   0.964532E-08   0.189491E-07
   0.419400E+04   0.196831E-07   0.490278E-08  -0.355657E-08
   0.419500E+04   0.154331E-07  -0.358514E-09  -0.257180E-07
   0.419600E+04   0.958266E-08  -0.560020E-08  -0.452760E-07
   0.419700E+04   0.272483E-08  -0.102846E-07  -0.602352E-07
   0.419800E+04  -0.444326E-08  -0.139298E-07  -0.690669E-07
   0.419900E+04  -0.111915E-07  -0.161586E-07  -0.708659E-07
   0.420000E+04  -0.168310E-07  -0.167378E-07  -0.654430E-07
   0.420100E+04  -0.207847E-07  -0.156022E-07  -0.533449E-07
   0.420200E+04  -0.226459E-07  -0.128613E-07  -0.357989E-07
   0.420300E+04  -0.222204E-07  -0.878918E-08  -0.145889E-07
   0.420400E+04  -0.195465E-07  -0.379652E-08   0.812671E-08
   0.420500E+04  -0.148912E-07   0.161077E-08   0.300339E-07
   0.420600E+04  -0.872354E-08   0.688291E-08   0.488992E-07
   0.420700E+04  -0.166735E-08   0.114822E-07   0.627975E-07
   0.420800E+04   0.556241E-08   0.149377E-07   0.703079E-07
   0.420900E+04   0.122321E-07   0.168937E-07   0.706597E-07
   0.421000E+04   0.176640E-07   0.171459E-07   0.638109E-07
   0.421100E+04   0.213054E-07   0.156626E-07   0.504533E-07
   0.421200E+04   0.227851E-07   0.125888E-07   0.319425E-07
   0.421300E+04   0.219513E-07   0.823142E-08   0.101606E-07
   0.421400E+04   0.188870E-07   0.302856E-08  -0.126754E-07
   0.421500E+04   0.139024E-07  -0.249449E-08  -0.342395E-07
   0.421600E+04   0.750292E-08  -0.777861E-08  -0.523331E-07
   0.421700E+04   0.338452E-09  -0.122875E-07  -0.651095E-07
   0.421800E+04  -0.686288E-08  -0.155623E-07  -0.712625E-07
   0.421900E+04  -0.133687E-07  -0.172682E-07  -0.701594E-07
   0.422000E+04  -0.185168E-07  -0.172288E-07  -0.619069E-07
   0.422100E+04  -0.217828E-07  -0.154442E-07  -0.473398E-07
   0.422200E+04  -0.228332E-07  -0.120917E-07  -0.279374E-07
   0.422300E+04  -0.215602E-07  -0.750745E-08  -0.567276E-08
   0.422400E+04  -0.180918E-07  -0.215341E-08   0.171878E-07
   0.422500E+04  -0.127798E-07   0.342978E-08   0.383153E-07
   0.422600E+04  -0.616393E-08   0.867729E-08   0.555557E-07
   0.422700E+04   0.108336E-08   0.130573E-07   0.671492E-07
   0.422800E+04   0.822485E-08   0.161249E-07   0.719101E-07
   0.422900E+04   0.145338E-07   0.175673E-07   0.693478E-07
   0.423000E+04   0.193677E-07   0.172357E-07   0.597179E-07
   0.423100E+04   0.222343E-07   0.151604E-07   0.439959E-07
   0.423200E+04   0.228413E-07   0.115480E-07   0.237793E-07
   0.423300E+04   0.211264E-07   0.676047E-08   0.112460E-08
   0.423400E+04   0.172639E-07   0.127883E-08  -0.216618E-07
   0.423500E+04   0.116473E-07  -0.434558E-08  -0.422580E-07
   0.423600E+04   0.484872E-08  -0.954686E-08  -0.585638E-07
   0.423700E+04  -0.243862E-08  -0.138017E-07  -0.689144E-07
   0.423800E+04  -0.947136E-08  -0.166824E-07  -0.722508E-07
   0.423900E+04  -0.155316E-07  -0.179001E-07  -0.682278E-07
   0.424000E+04  -0.200000E-07  -0.173337E-07  -0.572498E-07
   0.424100E+04  -0.224193E-07  -0.150423E-07  -0.404306E-07
   0.424200E+04  -0.225408E-07  -0.112591E-07  -0.194796E-07
   0.424300E+04  -0.203502E-07  -0.636714E-08   0.347121E-08
   0.424400E+04  -0.160688E-07  -0.861011E-09   0.260844E-07
   0.424500E+04  -0.101320E-07   0.470390E-08   0.460555E-07
   0.424600E+04  -0.314434E-08   0.976752E-08   0.613473E-07
   0.424700E+04   0.418139E-08   0.138220E-07   0.703983E-07
   0.424800E+04   0.110968E-07   0.164629E-07   0.722816E-07
   0.424900E+04   0.168942E-07   0.174303E-07   0.668003E-07
   0.425000E+04   0.209786E-07   0.166350E-07   0.545077E-07
   0.425100E+04   0.229284E-07   0.141667E-07   0.366521E-07
   0.425200E+04   0.225389E-07   0.102850E-07   0.150494E-07
   0.425300E+04   0.198431E-07   0.539274E-08  -0.810133E-08
   0.425400E+04   0.151086E-07  -0.589650E-11  -0.304413E-07
   0.425500E+04   0.881096E-08  -0.535644E-08  -0.496930E-07
   0.425600E+04   0.158549E-08  -0.101110E-07  -0.638916E-07
   0.425700E+04  -0.583721E-08  -0.137842E-07  -0.715861E-07
   0.425800E+04  -0.127053E-07  -0.160026E-07  -0.719874E-07
   0.425900E+04  -0.183222E-07  -0.165425E-07  -0.650492E-07
   0.426000E+04  -0.221172E-07  -0.153531E-07  -0.514731E-07
   0.426100E+04  -0.237035E-07  -0.125609E-07  -0.326382E-07
   0.426200E+04  -0.229178E-07  -0.845705E-08  -0.104604E-07
   0.426300E+04  -0.198369E-07  -0.346699E-08   0.128019E-07
   0.426400E+04  -0.147697E-07   0.189296E-08   0.347781E-07
   0.426500E+04  -0.822652E-08   0.706866E-08   0.532268E-07
   0.426600E+04  -0.866685E-09   0.115250E-07   0.662644E-07
   0.426700E+04   0.656800E-08   0.148005E-07   0.725574E-07
   0.426800E+04   0.133287E-07   0.165551E-07   0.714588E-07
   0.426900E+04   0.187356E-07   0.166045E-07   0.630744E-07
   0.427000E+04   0.222467E-07   0.149395E-07   0.482529E-07
   0.427100E+04   0.235129E-07   0.117269E-07   0.284998E-07
   0.427200E+04   0.224135E-07   0.729227E-08   0.582444E-08
   0.427300E+04   0.190678E-07   0.208721E-08  -0.174642E-07
   0.427400E+04   0.138231E-07  -0.335723E-08  -0.389928E-07
   0.427500E+04   0.721881E-08  -0.848464E-08  -0.565655E-07
   0.427600E+04  -0.683127E-10  -0.127703E-07  -0.683878E-07
   0.427700E+04  -0.729368E-08  -0.157748E-07  -0.732499E-07
   0.427800E+04  -0.137206E-07  -0.171891E-07  -0.706506E-07
   0.427900E+04  -0.186957E-07  -0.168663E-07  -0.608485E-07
   0.428000E+04  -0.217149E-07  -0.148368E-07  -0.448368E-07
   0.428100E+04  -0.224758E-07  -0.113053E-07  -0.242424E-07
   0.428200E+04  -0.209072E-07  -0.662991E-08  -0.116063E-08
   0.428300E+04  -0.171772E-07  -0.128599E-08   0.220581E-07
   0.428400E+04  -0.116753E-07   0.418272E-08   0.430473E-07
   0.428500E+04  -0.497240E-08   0.921941E-08   0.596660E-07
   0.428600E+04   0.223738E-08   0.133112E-07   0.702169E-07
   0.428700E+04   0.920821E-08   0.160415E-07   0.736198E-07
   0.428800E+04   0.152189E-07   0.171326E-07   0.695223E-07
   0.428900E+04   0.196467E-07   0.164744E-07   0.583361E-07
   0.429000E+04   0.220316E-07   0.141354E-07   0.411959E-07
   0.429100E+04   0.221231E-07   0.103559E-07   0.198441E-07
   0.429200E+04   0.199067E-07   0.552348E-08  -0.354608E-08
   0.429300E+04   0.156050E-07   0.133418E-09  -0.265919E-07
   0.429400E+04   0.965591E-08  -0.526204E-08  -0.469439E-07
   0.429500E+04   0.266734E-08  -0.101102E-07  -0.625251E-07
   0.429600E+04  -0.464437E-08  -0.139143E-07  -0.717434E-07
   0.429700E+04  -0.115278E-07  -0.162851E-07  -0.736538E-07
   0.429800E+04  -0.172736E-07  -0.169799E-07  -0.680556E-07
   0.429900E+04  -0.212867E-07  -0.159283E-07  -0.555132E-07
   0.430000E+04  -0.231481E-07  -0.132392E-07  -0.372996E-07
   0.430100E+04  -0.226577E-07  -0.918993E-08  -0.152668E-07
   0.430200E+04  -0.198554E-07  -0.419771E-08   0.834227E-08
   0.430300E+04  -0.150175E-07   0.122276E-08   0.311221E-07
   0.430400E+04  -0.862921E-08   0.651216E-08   0.507496E-07
   0.430500E+04  -0.133518E-08   0.111240E-07   0.652212E-07
   0.430600E+04   0.612560E-08   0.145806E-07   0.730569E-07
   0.430700E+04   0.129952E-07   0.165226E-07   0.734522E-07
   0.430800E+04   0.185739E-07   0.167459E-07   0.663601E-07
   0.430900E+04   0.222918E-07   0.152230E-07   0.524971E-07
   0.431000E+04   0.237673E-07   0.121062E-07   0.332702E-07
   0.431100E+04   0.228459E-07   0.771285E-08   0.106347E-07
   0.431200E+04   0.196169E-07   0.249241E-08  -0.131051E-07
   0.431300E+04   0.144044E-07  -0.301863E-08  -0.355302E-07
   0.431400E+04   0.773463E-08  -0.825194E-08  -0.543534E-07
   0.431500E+04   0.283154E-09  -0.126655E-07  -0.676527E-07
   0.431600E+04  -0.719420E-08  -0.157992E-07  -0.740674E-07
   0.431700E+04  -0.139379E-07  -0.173227E-07  -0.729373E-07
   0.431800E+04  -0.192623E-07  -0.170691E-07  -0.643707E-07
   0.431900E+04  -0.226250E-07  -0.150535E-07  -0.492339E-07
   0.432000E+04  -0.236830E-07  -0.114715E-07  -0.290637E-07
   0.432100E+04  -0.223273E-07  -0.668000E-08  -0.591119E-08
   0.432200E+04  -0.186945E-07  -0.116170E-08   0.178666E-07
   0.432300E+04  -0.131531E-07   0.452419E-08   0.398468E-07
   0.432400E+04  -0.626650E-08   0.979852E-08   0.577875E-07
   0.432500E+04   0.126470E-08   0.141213E-07   0.698567E-07
   0.432600E+04   0.867339E-08   0.170470E-07   0.748189E-07
   0.432700E+04   0.152043E-07   0.182703E-07   0.721619E-07
   0.432800E+04   0.201907E-07   0.176577E-07   0.621494E-07
   0.432900E+04   0.231229E-07   0.152617E-07   0.457951E-07
   0.433000E+04   0.236995E-07   0.113163E-07   0.247597E-07
   0.433100E+04   0.218593E-07   0.621375E-08   0.118251E-08
   0.433200E+04   0.177871E-07   0.465161E-09  -0.225363E-07
   0.433300E+04   0.118951E-07  -0.535101E-08  -0.439800E-07
   0.433400E+04   0.478164E-08  -0.106475E-07  -0.609617E-07
   0.433500E+04  -0.282995E-08  -0.148879E-07  -0.717473E-07
   0.433600E+04  -0.101649E-07  -0.176411E-07  -0.752324E-07
   0.433700E+04  -0.164757E-07  -0.186255E-07  -0.710560E-07
   0.433800E+04  -0.211185E-07  -0.177378E-07  -0.596371E-07
   0.433900E+04  -0.236189E-07  -0.150640E-07  -0.421333E-07
   0.434000E+04  -0.237200E-07  -0.108708E-07  -0.203231E-07
   0.434100E+04  -0.214094E-07  -0.557948E-08   0.357443E-08
   0.434200E+04  -0.169202E-07   0.277139E-09   0.271260E-07
   0.434300E+04  -0.107079E-07   0.610816E-08   0.479314E-07
   0.434400E+04  -0.340394E-08   0.113246E-07   0.638684E-07
   0.434500E+04   0.424839E-08   0.153990E-07   0.733089E-07
   0.434600E+04   0.114695E-07   0.179192E-07   0.752858E-07
   0.434700E+04   0.175231E-07   0.186300E-07   0.695915E-07
   0.434800E+04   0.217909E-07   0.174597E-07   0.568003E-07
   0.434900E+04   0.238365E-07   0.145268E-07   0.382099E-07
   0.435000E+04   0.234492E-07   0.101291E-07   0.157102E-07
   0.435100E+04   0.206663E-07   0.471294E-08  -0.840898E-08
   0.435200E+04   0.157693E-07  -0.117184E-08  -0.316909E-07
   0.435300E+04   0.925574E-08  -0.692748E-08  -0.517623E-07
   0.435400E+04   0.178847E-08  -0.119691E-07  -0.665748E-07
   0.435500E+04  -0.587155E-08  -0.157843E-07  -0.746148E-07
   0.435600E+04  -0.129428E-07  -0.179850E-07  -0.750573E-07
   0.435700E+04  -0.187027E-07  -0.183471E-07  -0.678510E-07
   0.435800E+04  -0.225614E-07  -0.168337E-07  -0.537241E-07
   0.435900E+04  -0.241220E-07  -0.135984E-07  -0.341107E-07
   0.436000E+04  -0.232216E-07  -0.897029E-08  -0.110052E-07
   0.436100E+04  -0.199474E-07  -0.342062E-08   0.132404E-07
   0.436200E+04  -0.146290E-07   0.248534E-08   0.361562E-07
   0.436300E+04  -0.780451E-08   0.814550E-08   0.554055E-07
   0.436400E+04  -0.166486E-09   0.129823E-07   0.690236E-07
   0.436500E+04   0.750879E-08   0.165015E-07   0.756179E-07
   0.436600E+04   0.144400E-07   0.183425E-07   0.745108E-07
   0.436700E+04   0.199206E-07   0.183154E-07   0.658087E-07
   0.436800E+04   0.233904E-07   0.164202E-07   0.503923E-07
   0.436900E+04   0.244933E-07   0.128473E-07   0.298275E-07
   0.437000E+04   0.231133E-07   0.795819E-08   0.620595E-08
   0.437100E+04   0.193871E-07   0.224876E-08  -0.180673E-07
   0.437200E+04   0.136897E-07  -0.370088E-08  -0.405188E-07
   0.437300E+04   0.659746E-08  -0.928548E-08  -0.588586E-07
   0.437400E+04  -0.117127E-08  -0.139362E-07  -0.712140E-07
   0.437500E+04  -0.882850E-08  -0.171786E-07  -0.763207E-07
   0.437600E+04  -0.155970E-07  -0.186809E-07  -0.736520E-07
   0.437700E+04  -0.207891E-07  -0.182884E-07  -0.634733E-07
   0.437800E+04  -0.238773E-07  -0.160388E-07  -0.468155E-07
   0.437900E+04  -0.245475E-07  -0.121592E-07  -0.253708E-07
   0.438000E+04  -0.227313E-07  -0.704276E-08  -0.132075E-08
   0.438100E+04  -0.186133E-07  -0.120934E-08   0.228859E-07
   0.438200E+04  -0.126123E-07   0.474758E-08   0.447821E-07
   0.438300E+04  -0.533896E-08   0.102211E-07   0.621345E-07
   0.438400E+04   0.246638E-08   0.146525E-07   0.731706E-07
   0.438500E+04   0.100089E-07   0.175884E-07   0.767603E-07
   0.438600E+04   0.165204E-07   0.187271E-07   0.725314E-07
   0.438700E+04   0.213373E-07   0.179490E-07   0.609082E-07
   0.438800E+04   0.239684E-07   0.153298E-07   0.430687E-07
   0.438900E+04   0.241452E-07   0.111322E-07   0.208258E-07
   0.439000E+04   0.218492E-07   0.578037E-08  -0.355777E-08
   0.439100E+04   0.173143E-07  -0.183569E-09  -0.275989E-07
   0.439200E+04   0.110027E-07  -0.615421E-08  -0.488475E-07
   0.439300E+04   0.355825E-08  -0.115243E-07  -0.651359E-07
   0.439400E+04  -0.425887E-08  -0.157465E-07  -0.748002E-07
   0.439500E+04  -0.116499E-07  -0.183890E-07  -0.768501E-07
   0.439600E+04  -0.178586E-07  -0.191795E-07  -0.710704E-07
   0.439700E+04  -0.222486E-07  -0.180330E-07  -0.580438E-07
   0.439800E+04  -0.243683E-07  -0.150608E-07  -0.390917E-07
   0.439900E+04  -0.239971E-07  -0.105592E-07  -0.161407E-07
   0.440000E+04  -0.211683E-07  -0.497985E-08   0.847369E-08
   0.440100E+04  -0.161657E-07   0.111604E-08   0.322444E-07
   0.440200E+04  -0.949546E-08   0.711455E-08   0.527484E-07
   0.440300E+04  -0.183451E-08   0.124112E-07   0.678936E-07
   0.440400E+04   0.603812E-08   0.164722E-07   0.761323E-07
   0.440500E+04   0.133205E-07   0.188887E-07   0.766193E-07
   0.440600E+04   0.192695E-07   0.194180E-07   0.692988E-07
   0.440700E+04   0.232764E-07   0.180083E-07   0.549105E-07
   0.440800E+04   0.249290E-07   0.148039E-07   0.349151E-07
   0.440900E+04   0.240543E-07   0.101307E-07   0.113458E-07
   0.441000E+04   0.207358E-07   0.446246E-08  -0.133984E-07
   0.441100E+04   0.153056E-07  -0.162664E-08  -0.367968E-07
   0.441200E+04   0.831108E-08  -0.752084E-08  -0.564639E-07
   0.441300E+04   0.459241E-09  -0.126252E-07  -0.703926E-07
   0.441400E+04  -0.745484E-08  -0.164259E-07  -0.771591E-07
   0.441500E+04  -0.146288E-07  -0.185426E-07  -0.760682E-07
   0.441600E+04  -0.203345E-07  -0.187668E-07  -0.672252E-07
   0.441700E+04  -0.239921E-07  -0.170829E-07  -0.515255E-07
   0.441800E+04  -0.252293E-07  -0.136698E-07  -0.305641E-07
   0.441900E+04  -0.239190E-07  -0.888195E-08  -0.647353E-08
   0.442000E+04  -0.201926E-07  -0.321350E-08   0.182931E-07
   0.442100E+04  -0.144268E-07   0.275248E-08   0.412118E-07
   0.442200E+04  -0.720552E-08   0.840359E-08   0.599448E-07
   0.442300E+04   0.739387E-09   0.131607E-07   0.725793E-07
   0.442400E+04   0.860247E-08   0.165370E-07   0.778223E-07
   0.442500E+04   0.155865E-07   0.181881E-07   0.751336E-07
   0.442600E+04   0.209833E-07   0.179468E-07   0.647806E-07
   0.442700E+04   0.242461E-07   0.158406E-07   0.478125E-07
   0.442800E+04   0.250450E-07   0.120884E-07   0.259536E-07
   0.442900E+04   0.233005E-07   0.707872E-08   0.142829E-08
   0.443000E+04   0.191915E-07   0.132955E-08  -0.232655E-07
   0.443100E+04   0.131378E-07  -0.456455E-08  -0.456103E-07
   0.443200E+04   0.575668E-08  -0.999331E-08  -0.633260E-07
   0.443300E+04  -0.219951E-08  -0.143934E-07  -0.746025E-07
   0.443400E+04  -0.991984E-08  -0.173061E-07  -0.782842E-07
   0.443500E+04  -0.166174E-07  -0.184248E-07  -0.739888E-07
   0.443600E+04  -0.216095E-07  -0.176265E-07  -0.621467E-07
   0.443700E+04  -0.243869E-07  -0.149849E-07  -0.439580E-07
   0.443800E+04  -0.246659E-07  -0.107632E-07  -0.212707E-07
   0.443900E+04  -0.224175E-07  -0.538816E-08   0.360713E-08
   0.444000E+04  -0.178699E-07   0.593947E-09   0.281419E-07
   0.444100E+04  -0.114859E-07   0.657218E-08   0.498328E-07
   0.444200E+04  -0.391539E-08   0.119335E-07   0.664666E-07
   0.444300E+04   0.407035E-08   0.161251E-07   0.763435E-07
   0.444400E+04   0.116574E-07   0.187115E-07   0.784506E-07
   0.444500E+04   0.180719E-07   0.194186E-07   0.725661E-07
   0.444600E+04   0.226589E-07   0.181625E-07   0.592824E-07
   0.444700E+04   0.249492E-07   0.150588E-07   0.399464E-07
   0.444800E+04   0.247068E-07   0.104108E-07   0.165228E-07
   0.444900E+04   0.219537E-07   0.467975E-08  -0.860516E-08
   0.445000E+04   0.169668E-07  -0.156195E-08  -0.328788E-07
   0.445100E+04   0.102508E-07  -0.768842E-08  -0.538241E-07
   0.445200E+04   0.248615E-08  -0.130837E-07  -0.693043E-07
   0.445300E+04  -0.553965E-08  -0.172044E-07  -0.777374E-07
   0.445400E+04  -0.130124E-07  -0.196344E-07  -0.782586E-07
   0.445500E+04  -0.191741E-07  -0.201280E-07  -0.708082E-07
   0.445600E+04  -0.233998E-07  -0.186341E-07  -0.561389E-07
   0.445700E+04  -0.252612E-07  -0.153026E-07  -0.357398E-07
   0.445800E+04  -0.245707E-07  -0.104684E-07  -0.116848E-07
   0.445900E+04  -0.213998E-07  -0.461819E-08   0.135779E-07
   0.446000E+04  -0.160721E-07   0.165881E-08   0.374749E-07
   0.446100E+04  -0.913034E-08   0.773078E-08   0.575702E-07
   0.446200E+04  -0.128108E-08   0.129872E-07   0.718129E-07
   0.446300E+04   0.667745E-08   0.169007E-07   0.787472E-07
   0.446400E+04   0.139366E-07   0.190806E-07   0.776608E-07
   0.446500E+04   0.197595E-07   0.193127E-07   0.686582E-07
   0.446600E+04   0.235564E-07   0.175805E-07   0.526508E-07
   0.446700E+04   0.249446E-07   0.140673E-07   0.312646E-07
   0.446800E+04   0.237873E-07   0.913710E-08   0.667504E-08
   0.446900E+04   0.202074E-07   0.329780E-08  -0.186141E-07
   0.447000E+04   0.145749E-07  -0.285077E-08  -0.420259E-07
   0.447100E+04   0.746931E-08  -0.867786E-08  -0.611726E-07
   0.447200E+04  -0.380119E-09  -0.135861E-07  -0.740991E-07
   0.447300E+04  -0.816854E-08  -0.170723E-07  -0.794828E-07
   0.447400E+04  -0.150979E-07  -0.187790E-07  -0.767688E-07
   0.447500E+04  -0.204584E-07  -0.185305E-07  -0.662271E-07
   0.447600E+04  -0.237012E-07  -0.163514E-07  -0.489255E-07
   0.447700E+04  -0.244944E-07  -0.124635E-07  -0.266220E-07
   0.447800E+04  -0.227571E-07  -0.726401E-08  -0.158557E-08
   0.447900E+04  -0.186678E-07  -0.128449E-08   0.236341E-07
   0.448000E+04  -0.126459E-07   0.486296E-08   0.464668E-07
   0.448100E+04  -0.530938E-08   0.105482E-07   0.645833E-07
   0.448200E+04   0.258862E-08   0.151872E-07   0.761329E-07
   0.448300E+04   0.102367E-07   0.183020E-07   0.799331E-07
   0.448400E+04   0.168482E-07   0.195692E-07   0.755899E-07
   0.448500E+04   0.217417E-07   0.188533E-07   0.635389E-07
   0.448600E+04   0.244107E-07   0.162209E-07   0.450019E-07
   0.448700E+04   0.245761E-07   0.119340E-07   0.218626E-07
   0.448800E+04   0.222143E-07   0.642348E-08  -0.352470E-08
   0.448900E+04   0.175606E-07   0.245838E-09  -0.285744E-07
   0.449000E+04   0.110853E-07  -0.597366E-08  -0.507334E-07
   0.449100E+04   0.344569E-08  -0.116044E-07  -0.677408E-07
   0.449200E+04  -0.458041E-08  -0.160744E-07  -0.778588E-07
   0.449300E+04  -0.121742E-07  -0.189290E-07  -0.800506E-07
   0.449400E+04  -0.185595E-07  -0.198765E-07  -0.740859E-07
   0.449500E+04  -0.230817E-07  -0.188189E-07  -0.605658E-07
   0.449600E+04  -0.252752E-07  -0.158612E-07  -0.408618E-07
   0.449700E+04  -0.249110E-07  -0.113013E-07  -0.169765E-07
   0.449800E+04  -0.220203E-07  -0.560003E-08   0.865926E-08
   0.449900E+04  -0.168919E-07   0.665866E-09   0.334345E-07
   0.450000E+04  -0.100430E-07   0.686205E-08   0.548238E-07
   0.450100E+04  -0.216666E-08   0.123610E-07   0.706444E-07
   0.450200E+04   0.593829E-08   0.166058E-07   0.792798E-07
   0.450300E+04   0.134488E-07   0.191666E-07   0.798438E-07
   0.450400E+04   0.196014E-07   0.197844E-07   0.722726E-07
   0.450500E+04   0.237699E-07   0.183974E-07   0.573311E-07
   0.450600E+04   0.255294E-07   0.151470E-07   0.365360E-07
   0.450700E+04   0.246999E-07   0.103637E-07   0.120019E-07
   0.450800E+04   0.213645E-07   0.453345E-08  -0.137740E-07
   0.450900E+04   0.158617E-07  -0.175191E-08  -0.381657E-07
   0.451000E+04   0.875054E-08  -0.785470E-08  -0.586864E-07
   0.451100E+04   0.754032E-09  -0.131563E-07  -0.732417E-07
   0.451200E+04  -0.731429E-08  -0.171200E-07  -0.803435E-07
   0.451300E+04  -0.146333E-07  -0.193455E-07  -0.792620E-07
   0.451400E+04  -0.204581E-07  -0.196096E-07  -0.701012E-07
   0.451500E+04  -0.241955E-07  -0.178886E-07  -0.537884E-07
   0.451600E+04  -0.254654E-07  -0.143610E-07  -0.319806E-07
   0.451700E+04  -0.241387E-07  -0.938839E-08  -0.689616E-08
   0.451800E+04  -0.203513E-07  -0.347933E-08   0.189107E-07
   0.451900E+04  -0.144899E-07   0.276320E-08   0.428102E-07
   0.452000E+04  -0.715311E-08   0.870308E-08   0.623647E-07
   0.452100E+04   0.909906E-09   0.137360E-07   0.755776E-07
   0.452200E+04   0.887561E-08   0.173511E-07   0.810971E-07
   0.452300E+04   0.159301E-07   0.191830E-07   0.783545E-07
   0.452400E+04   0.213523E-07   0.190490E-07   0.676226E-07
   0.452500E+04   0.245875E-07   0.169674E-07   0.499892E-07
   0.452600E+04   0.253043E-07   0.131557E-07   0.272461E-07
   0.452700E+04   0.234282E-07   0.800841E-08   0.170765E-08
   0.452800E+04   0.191499E-07   0.205594E-08  -0.240249E-07
   0.452900E+04   0.129059E-07  -0.408916E-08  -0.473286E-07
   0.453000E+04   0.533376E-08  -0.979524E-08  -0.658255E-07
   0.453100E+04  -0.279240E-08  -0.144762E-07  -0.776260E-07
   0.453200E+04  -0.106411E-07  -0.176514E-07  -0.815214E-07
   0.453300E+04  -0.174084E-07  -0.189953E-07  -0.771078E-07
   0.453400E+04  -0.223999E-07  -0.183705E-07  -0.648280E-07
   0.453500E+04  -0.251021E-07  -0.158418E-07  -0.459271E-07
   0.453600E+04  -0.252348E-07  -0.116703E-07  -0.223263E-07
   0.453700E+04  -0.227801E-07  -0.628581E-08   0.357260E-08
   0.453800E+04  -0.179849E-07  -0.243609E-09   0.291312E-07
   0.453900E+04  -0.113355E-07   0.583286E-08   0.517436E-07
   0.454000E+04  -0.350847E-08   0.113158E-07   0.691018E-07
   0.454100E+04   0.469792E-08   0.156375E-07   0.794314E-07
   0.454200E+04   0.124454E-07   0.183488E-07   0.816730E-07
   0.454300E+04   0.189412E-07   0.191653E-07   0.755905E-07
   0.454400E+04   0.235190E-07   0.179971E-07   0.617962E-07
   0.454500E+04   0.257070E-07   0.149582E-07   0.416891E-07
   0.454600E+04   0.252767E-07   0.103552E-07   0.173131E-07
   0.454700E+04   0.222667E-07   0.465680E-08  -0.885115E-08
   0.454800E+04   0.169788E-07  -0.155452E-08  -0.341383E-07
   0.454900E+04   0.994790E-08  -0.764148E-08  -0.559699E-07
   0.455000E+04   0.188789E-08  -0.129774E-07  -0.721175E-07
   0.455100E+04  -0.638103E-08  -0.170102E-07  -0.809297E-07
   0.455200E+04  -0.140158E-07  -0.193196E-07  -0.815015E-07
   0.455300E+04  -0.202363E-07  -0.196602E-07  -0.737669E-07
   0.455400E+04  -0.244053E-07  -0.179871E-07  -0.585062E-07
   0.455500E+04  -0.260933E-07  -0.144615E-07  -0.372679E-07
   0.455600E+04  -0.251231E-07  -0.943469E-08  -0.122109E-07
   0.455700E+04  -0.215880E-07  -0.341283E-08   0.141147E-07
   0.455800E+04  -0.158427E-07   0.299425E-08   0.390270E-07
   0.455900E+04  -0.846787E-08   0.913488E-08   0.599858E-07
   0.456000E+04  -0.211342E-09   0.143818E-07   0.748514E-07
   0.456100E+04   0.808800E-08   0.181965E-07   0.821030E-07
   0.456200E+04   0.155853E-07   0.201838E-07   0.809946E-07
   0.456300E+04   0.215158E-07   0.201332E-07   0.716313E-07
   0.456400E+04   0.252728E-07   0.180403E-07   0.549595E-07
   0.456500E+04   0.264697E-07   0.141084E-07   0.326714E-07
   0.456600E+04   0.249797E-07   0.872809E-08   0.703296E-08
   0.456700E+04   0.209487E-07   0.243831E-08  -0.193464E-07
   0.456800E+04   0.147817E-07  -0.412806E-08  -0.437794E-07
   0.456900E+04   0.710085E-08  -0.103081E-07  -0.637745E-07
   0.457000E+04  -0.131661E-08  -0.154761E-07  -0.772905E-07
   0.457100E+04  -0.961774E-08  -0.191069E-07  -0.829442E-07
   0.457200E+04  -0.169603E-07  -0.208297E-07  -0.801525E-07
   0.457300E+04  -0.225987E-07  -0.204655E-07  -0.691923E-07
   0.457400E+04  -0.259593E-07  -0.180459E-07  -0.511731E-07
   0.457500E+04  -0.266997E-07  -0.138102E-07  -0.279244E-07
   0.457600E+04  -0.247430E-07  -0.818129E-08  -0.181033E-08
   0.457700E+04  -0.202865E-07  -0.172318E-08   0.245112E-07
   0.457800E+04  -0.137812E-07   0.491586E-08   0.483587E-07
   0.457900E+04  -0.588673E-08   0.110689E-07   0.673009E-07
   0.458000E+04   0.259615E-08   0.161179E-07   0.794040E-07
   0.458100E+04   0.108065E-07   0.195562E-07   0.834297E-07
   0.458200E+04   0.179109E-07   0.210397E-07   0.789615E-07
   0.458300E+04   0.231882E-07   0.204223E-07   0.664482E-07
   0.458400E+04   0.261030E-07   0.177696E-07   0.471587E-07
   0.458500E+04   0.263602E-07   0.133535E-07   0.230534E-07
   0.458600E+04   0.239350E-07   0.762323E-08  -0.341523E-08
   0.458700E+04   0.190755E-07   0.116079E-08  -0.295518E-07
   0.458800E+04   0.122780E-07  -0.537887E-08  -0.526929E-07
   0.458900E+04   0.423578E-08  -0.113342E-07  -0.704781E-07
   0.459000E+04  -0.423081E-08  -0.161041E-07  -0.810912E-07
   0.459100E+04  -0.122582E-07  -0.192093E-07  -0.834455E-07
   0.459200E+04  -0.190273E-07  -0.203407E-07  -0.772952E-07
   0.459300E+04  -0.238474E-07  -0.193908E-07  -0.632611E-07
   0.459400E+04  -0.262262E-07  -0.164646E-07  -0.427681E-07
   0.459500E+04  -0.259202E-07  -0.118683E-07  -0.179006E-07
   0.459600E+04  -0.229597E-07  -0.607847E-08   0.880959E-08
   0.459700E+04  -0.176459E-07   0.307043E-09   0.346406E-07
   0.459800E+04  -0.105202E-07   0.663018E-08   0.569580E-07
   0.459900E+04  -0.230913E-08   0.122399E-07   0.734835E-07
   0.460000E+04   0.614963E-08   0.165588E-07   0.825272E-07
   0.460100E+04   0.139925E-07   0.191420E-07   0.831605E-07
   0.460200E+04   0.204182E-07   0.197231E-07   0.753113E-07
   0.460300E+04   0.247695E-07   0.182409E-07   0.597722E-07
   0.460400E+04   0.266001E-07   0.148465E-07   0.381205E-07
   0.460500E+04   0.257209E-07   0.988729E-08   0.125576E-07
   0.460600E+04   0.222187E-07   0.387228E-08  -0.143140E-07
   0.460700E+04   0.164483E-07  -0.258039E-08  -0.397564E-07
   0.460800E+04   0.899606E-08  -0.880634E-08  -0.611748E-07
   0.460900E+04   0.620271E-09  -0.141629E-07  -0.763823E-07
   0.461000E+04  -0.782582E-08  -0.180951E-07  -0.838231E-07
   0.461100E+04  -0.154812E-07  -0.201923E-07  -0.827315E-07
   0.461200E+04  -0.215647E-07  -0.202310E-07  -0.732111E-07
   0.461300E+04  -0.254550E-07  -0.181977E-07  -0.562242E-07
   0.461400E+04  -0.267542E-07  -0.142907E-07  -0.334953E-07
   0.461500E+04  -0.253284E-07  -0.890068E-08  -0.733562E-08
   0.461600E+04  -0.213215E-07  -0.257111E-08   0.195921E-07
   0.461700E+04  -0.151414E-07   0.405702E-08   0.445445E-07
   0.461800E+04  -0.741795E-08   0.103103E-07   0.649768E-07
   0.461900E+04   0.106068E-08   0.155513E-07   0.788031E-07
   0.462000E+04   0.942849E-08   0.192442E-07   0.846087E-07
   0.462100E+04   0.168298E-07   0.210089E-07   0.817952E-07
   0.462200E+04   0.225069E-07   0.206609E-07   0.706419E-07
   0.462300E+04   0.258770E-07   0.182300E-07   0.522786E-07
   0.462400E+04   0.265925E-07   0.139581E-07   0.285708E-07
   0.462500E+04   0.245766E-07   0.827471E-08   0.193018E-08
   0.462600E+04   0.200312E-07   0.175402E-08  -0.249305E-07
   0.462700E+04   0.134173E-07  -0.494342E-08  -0.492736E-07
   0.462800E+04   0.540786E-08  -0.111377E-07  -0.686160E-07
   0.462900E+04  -0.318028E-08  -0.161986E-07  -0.809818E-07
   0.463000E+04  -0.114696E-07  -0.196100E-07  -0.851045E-07
   0.463100E+04  -0.186112E-07  -0.210221E-07  -0.805568E-07
   0.463200E+04  -0.238717E-07  -0.202882E-07  -0.677945E-07
   0.463300E+04  -0.267078E-07  -0.174791E-07  -0.481112E-07
   0.463400E+04  -0.268225E-07  -0.128769E-07  -0.235068E-07
   0.463500E+04  -0.241952E-07  -0.694658E-08   0.351524E-08
   0.463600E+04  -0.190851E-07  -0.289282E-09   0.302031E-07
   0.463700E+04  -0.120046E-07   0.641870E-08   0.538365E-07
   0.463800E+04  -0.366796E-08   0.124943E-07   0.720040E-07
   0.463900E+04   0.508127E-08   0.173170E-07   0.828494E-07
   0.464000E+04   0.133556E-07   0.203920E-07   0.852607E-07
   0.464100E+04   0.203141E-07   0.214006E-07   0.789848E-07
   0.464200E+04   0.252476E-07   0.202328E-07   0.646535E-07
   0.464300E+04   0.276515E-07   0.169990E-07   0.437204E-07
   0.464400E+04   0.272769E-07   0.120190E-07   0.183128E-07
   0.464500E+04   0.241568E-07   0.578989E-08  -0.898390E-08
   0.464600E+04   0.186023E-07  -0.106371E-08  -0.353897E-07
   0.464700E+04   0.111721E-07  -0.785298E-08  -0.582127E-07
   0.464800E+04   0.261576E-08  -0.138944E-07  -0.751243E-07
   0.464900E+04  -0.620241E-08  -0.185788E-07  -0.843958E-07
   0.465000E+04  -0.143908E-07  -0.214332E-07  -0.850760E-07
   0.465100E+04  -0.211212E-07  -0.221684E-07  -0.770881E-07
   0.465200E+04  -0.257126E-07  -0.207088E-07  -0.612388E-07
   0.465300E+04  -0.277011E-07  -0.171995E-07  -0.391365E-07
   0.465400E+04  -0.268864E-07  -0.119920E-07  -0.130282E-07
   0.465500E+04  -0.233527E-07  -0.560863E-08   0.144290E-07
   0.465600E+04  -0.174603E-07   0.131038E-08   0.404384E-07
   0.465700E+04  -0.980873E-08   0.807155E-08   0.623485E-07
   0.465800E+04  -0.117623E-08   0.139984E-07   0.779233E-07
   0.465900E+04   0.755951E-08   0.184996E-07   0.855708E-07
   0.466000E+04   0.155105E-07   0.211288E-07   0.845056E-07
   0.466100E+04   0.218687E-07   0.216298E-07   0.748294E-07
   0.466200E+04   0.259882E-07   0.199616E-07   0.575218E-07
   0.466300E+04   0.274513E-07   0.163026E-07   0.343408E-07
   0.466400E+04   0.261102E-07   0.110322E-07   0.764464E-08
   0.466500E+04   0.221030E-07   0.469148E-08  -0.198485E-07
   0.466600E+04   0.158390E-07  -0.207150E-08  -0.453368E-07
   0.466700E+04   0.795745E-08  -0.856807E-08  -0.662206E-07
   0.466800E+04  -0.737788E-09  -0.141388E-07  -0.803676E-07
   0.466900E+04  -0.935991E-08  -0.182207E-07  -0.863303E-07
   0.467000E+04  -0.170295E-07  -0.204039E-07  -0.834943E-07
   0.467100E+04  -0.229643E-07  -0.204735E-07  -0.721415E-07
   0.467200E+04  -0.265586E-07  -0.184306E-07  -0.534224E-07
   0.467300E+04  -0.274452E-07  -0.144921E-07  -0.292392E-07
   0.467400E+04  -0.255329E-07  -0.906794E-08  -0.205279E-08
   0.467500E+04  -0.210158E-07  -0.271889E-08   0.253677E-07
   0.467600E+04  -0.143534E-07   0.390101E-08   0.502268E-07
   0.467700E+04  -0.622448E-08   0.101114E-07   0.699880E-07
   0.467800E+04   0.254291E-08   0.152755E-07   0.826320E-07
   0.467900E+04   0.110551E-07   0.188650E-07   0.868632E-07
   0.468000E+04   0.184443E-07   0.205139E-07   0.822427E-07
   0.468100E+04   0.239567E-07   0.200563E-07   0.692335E-07
   0.468200E+04   0.270298E-07   0.175430E-07   0.491538E-07
   0.468300E+04   0.273496E-07   0.132358E-07   0.240442E-07
   0.468400E+04   0.248827E-07   0.758112E-08  -0.354040E-08
   0.468500E+04   0.198799E-07   0.116364E-08  -0.307905E-07
   0.468600E+04   0.128509E-07  -0.535364E-08  -0.549282E-07
   0.468700E+04   0.451203E-08  -0.112975E-07  -0.734902E-07
   0.468800E+04  -0.428617E-08  -0.160537E-07  -0.845794E-07
   0.468900E+04  -0.126460E-07  -0.191304E-07  -0.870587E-07
   0.469000E+04  -0.197141E-07  -0.202084E-07  -0.806677E-07
   0.469100E+04  -0.247683E-07  -0.191745E-07  -0.660499E-07
   0.469200E+04  -0.272917E-07  -0.161337E-07  -0.446877E-07
   0.469300E+04  -0.270252E-07  -0.113980E-07  -0.187529E-07
   0.469400E+04  -0.239942E-07  -0.545549E-08   0.911517E-08
   0.469500E+04  -0.185065E-07   0.107984E-08   0.360773E-07
   0.469600E+04  -0.111207E-07   0.753085E-08   0.593841E-07
   0.469700E+04  -0.258960E-08   0.132266E-07   0.766562E-07
   0.469800E+04   0.621654E-08   0.175713E-07   0.861271E-07
   0.469900E+04   0.143985E-07   0.201057E-07   0.868238E-07
   0.470000E+04   0.211200E-07   0.205548E-07   0.786666E-07
   0.470100E+04   0.256928E-07   0.188565E-07   0.624782E-07
   0.470200E+04   0.276473E-07   0.151689E-07   0.399008E-07
   0.470300E+04   0.267806E-07   0.985505E-08   0.132290E-07
   0.470400E+04   0.231770E-07   0.344626E-08  -0.148228E-07
   0.470500E+04   0.172003E-07  -0.341105E-08  -0.413971E-07
   0.470600E+04   0.945646E-08  -0.100211E-07  -0.637842E-07
   0.470700E+04   0.732228E-09  -0.157095E-07  -0.796985E-07
   0.470800E+04  -0.808488E-08  -0.198917E-07  -0.875120E-07
   0.470900E+04  -0.160970E-07  -0.221333E-07  -0.864204E-07
   0.471000E+04  -0.224874E-07  -0.221943E-07  -0.765261E-07
   0.471100E+04  -0.266038E-07  -0.200543E-07  -0.588286E-07
   0.471200E+04  -0.280250E-07  -0.159151E-07  -0.351234E-07
   0.471300E+04  -0.266039E-07  -0.101813E-07  -0.781972E-08
   0.471400E+04  -0.224828E-07  -0.341955E-08   0.203044E-07
   0.471500E+04  -0.160788E-07   0.369851E-08   0.463850E-07
   0.471600E+04  -0.804192E-08   0.104637E-07   0.677636E-07
   0.471700E+04   0.811300E-09   0.162010E-07   0.822586E-07
   0.471800E+04   0.958088E-08   0.203380E-07   0.883879E-07
   0.471900E+04   0.173750E-07   0.224628E-07   0.855204E-07
   0.472000E+04   0.234010E-07   0.223658E-07   0.739413E-07
   0.472100E+04   0.270461E-07   0.200610E-07   0.548234E-07
   0.472200E+04   0.279400E-07   0.157846E-07   0.301087E-07
   0.472300E+04   0.259928E-07   0.997152E-08   0.231111E-08
   0.472400E+04   0.214044E-07   0.321079E-08  -0.257395E-07
   0.472500E+04   0.146439E-07  -0.381358E-08  -0.511851E-07
   0.472600E+04   0.640217E-08  -0.103922E-07  -0.714309E-07
   0.472700E+04  -0.247877E-08  -0.158620E-07  -0.844099E-07
   0.472800E+04  -0.110914E-07  -0.196737E-07  -0.887941E-07
   0.472900E+04  -0.185553E-07  -0.214471E-07  -0.841302E-07
   0.473000E+04  -0.241073E-07  -0.210100E-07  -0.708868E-07
   0.473100E+04  -0.271794E-07  -0.184150E-07  -0.504070E-07
   0.473200E+04  -0.274565E-07  -0.139346E-07  -0.247726E-07
   0.473300E+04  -0.249095E-07  -0.803267E-08   0.340749E-08
   0.473400E+04  -0.197981E-07  -0.131774E-08   0.312631E-07
   0.473500E+04  -0.126442E-07   0.551945E-08   0.559546E-07
   0.473600E+04  -0.417973E-08   0.117762E-07   0.749627E-07
   0.473700E+04   0.472875E-08   0.168096E-07   0.863452E-07
   0.473800E+04   0.131680E-07   0.201018E-07   0.889357E-07
   0.473900E+04   0.202714E-07   0.213132E-07   0.824631E-07
   0.474000E+04   0.253077E-07   0.203169E-07   0.675795E-07
   0.474100E+04   0.277557E-07   0.172119E-07   0.457953E-07
   0.474200E+04   0.273579E-07   0.123126E-07   0.193253E-07
   0.474300E+04   0.241472E-07   0.611771E-08  -0.913621E-08
   0.474400E+04   0.184439E-07  -0.741342E-09  -0.366895E-07
   0.474500E+04   0.108236E-07  -0.756420E-08  -0.605251E-07
   0.474600E+04   0.205885E-08  -0.136531E-07  -0.782100E-07
   0.474700E+04  -0.695945E-08  -0.183841E-07  -0.879360E-07
   0.474800E+04  -0.153126E-07  -0.212705E-07  -0.887047E-07
   0.474900E+04  -0.221477E-07  -0.220130E-07  -0.804297E-07
   0.475000E+04  -0.267648E-07  -0.205297E-07  -0.639466E-07
   0.475100E+04  -0.286885E-07  -0.169656E-07  -0.409282E-07
   0.475200E+04  -0.277164E-07  -0.116771E-07  -0.137149E-07
   0.475300E+04  -0.239406E-07  -0.519681E-08   0.149233E-07
   0.475400E+04  -0.177385E-07   0.182117E-08   0.420685E-07
   0.475500E+04  -0.973463E-08   0.866727E-08   0.649527E-07
   0.475600E+04  -0.737691E-09   0.146487E-07   0.812396E-07
   0.475700E+04   0.834171E-08   0.191599E-07   0.892631E-07
   0.475800E+04   0.165836E-07   0.217440E-07   0.881982E-07
   0.475900E+04   0.231522E-07   0.221398E-07   0.781453E-07
   0.476000E+04   0.273810E-07   0.203076E-07   0.601208E-07
   0.476100E+04   0.288410E-07   0.164341E-07   0.359547E-07
   0.476200E+04   0.273841E-07   0.109129E-07   0.810433E-08
   0.476300E+04   0.231590E-07   0.430479E-08  -0.205952E-07
   0.476400E+04   0.165956E-07  -0.271930E-08  -0.472198E-07
   0.476500E+04   0.836195E-08  -0.944670E-08  -0.690545E-07
   0.476600E+04  -0.703915E-09  -0.151954E-07  -0.838700E-07
   0.476700E+04  -0.967911E-08  -0.193833E-07  -0.901506E-07
   0.476800E+04  -0.176499E-07  -0.215878E-07  -0.872491E-07
   0.476900E+04  -0.238047E-07  -0.215884E-07  -0.754537E-07
   0.477000E+04  -0.275171E-07  -0.193893E-07  -0.559594E-07
   0.477100E+04  -0.284094E-07  -0.152187E-07  -0.307467E-07
   0.477200E+04  -0.263915E-07  -0.950585E-08  -0.238094E-08
   0.477300E+04  -0.216703E-07  -0.283685E-08   0.262492E-07
   0.477400E+04  -0.147287E-07   0.410503E-08   0.522255E-07
   0.477500E+04  -0.627632E-08   0.106091E-07   0.728977E-07
   0.477600E+04   0.282229E-08   0.160098E-07   0.861541E-07
   0.477700E+04   0.116361E-07   0.197548E-07   0.906368E-07
   0.477800E+04   0.192626E-07   0.214612E-07   0.858812E-07
   0.477900E+04   0.249196E-07   0.209549E-07   0.723640E-07
   0.478000E+04   0.280256E-07   0.182885E-07   0.514554E-07
   0.478100E+04   0.282590E-07   0.137358E-07   0.252803E-07
   0.478200E+04   0.255914E-07   0.776435E-08  -0.349771E-08
   0.478300E+04   0.202910E-07   0.987340E-09  -0.319472E-07
   0.478400E+04   0.128952E-07  -0.589864E-08  -0.571676E-07
   0.478500E+04   0.415641E-08  -0.121849E-07  -0.765848E-07
   0.478600E+04  -0.503450E-08  -0.172230E-07  -0.882139E-07
   0.478700E+04  -0.137390E-07  -0.204913E-07  -0.908621E-07
   0.478800E+04  -0.210665E-07  -0.216483E-07  -0.842505E-07
   0.478900E+04  -0.262655E-07  -0.205680E-07  -0.690443E-07
   0.479000E+04  -0.288001E-07  -0.173530E-07  -0.467849E-07
   0.479100E+04  -0.284054E-07  -0.123247E-07  -0.197343E-07
   0.479200E+04  -0.251145E-07  -0.599056E-08   0.935532E-08
   0.479300E+04  -0.192561E-07   0.100689E-08   0.375211E-07
   0.479400E+04  -0.114212E-07   0.795564E-08   0.618918E-07
   0.479500E+04  -0.240339E-08   0.141465E-07   0.799800E-07
   0.479600E+04   0.688181E-08   0.189452E-07   0.899365E-07
   0.479700E+04   0.154898E-07   0.218576E-07   0.907388E-07
   0.479800E+04   0.225432E-07   0.225797E-07   0.822967E-07
   0.479900E+04   0.273214E-07   0.210294E-07   0.654615E-07
   0.480000E+04   0.293338E-07   0.173547E-07   0.419408E-07
   0.480100E+04   0.283705E-07   0.119200E-07   0.141251E-07
   0.480200E+04   0.245241E-07   0.526844E-08  -0.151555E-07
   0.480300E+04   0.181804E-07  -0.193234E-08  -0.429189E-07
   0.480400E+04   0.997980E-08  -0.895798E-08  -0.663352E-07
   0.480500E+04   0.752669E-09  -0.151008E-07  -0.830147E-07
   0.480600E+04  -0.856510E-08  -0.197415E-07  -0.912524E-07
   0.480700E+04  -0.170270E-07  -0.224122E-07  -0.902016E-07
   0.480800E+04  -0.237720E-07  -0.228440E-07  -0.799618E-07
   0.480900E+04  -0.281126E-07  -0.209940E-07  -0.615685E-07
   0.481000E+04  -0.296044E-07  -0.170503E-07  -0.368893E-07
   0.481100E+04  -0.280919E-07  -0.114125E-07  -0.843366E-08
   0.481200E+04  -0.237246E-07  -0.465144E-08   0.209020E-07
   0.481300E+04  -0.169421E-07   0.254884E-08   0.481290E-07
   0.481400E+04  -0.842959E-08   0.946031E-08   0.704713E-07
   0.481500E+04   0.951230E-09   0.153850E-07   0.856481E-07
   0.481600E+04   0.102498E-07   0.197257E-07   0.921070E-07
   0.481700E+04   0.185229E-07   0.220467E-07   0.891829E-07
   0.481800E+04   0.249308E-07   0.221177E-07   0.771660E-07
   0.481900E+04   0.288224E-07   0.199373E-07   0.572738E-07
   0.482000E+04   0.298016E-07   0.157329E-07   0.315271E-07
   0.482100E+04   0.277675E-07   0.993719E-08   0.254549E-08
   0.482200E+04   0.229250E-07   0.314445E-08  -0.267199E-07
   0.482300E+04   0.157644E-07  -0.395046E-08  -0.532861E-07
   0.482400E+04   0.701117E-08  -0.106227E-07  -0.744429E-07
   0.482500E+04  -0.244722E-08  -0.161916E-07  -0.880287E-07
   0.482600E+04  -0.116514E-07  -0.200893E-07  -0.926516E-07
   0.482700E+04  -0.196678E-07  -0.219196E-07  -0.878318E-07
   0.482800E+04  -0.256829E-07  -0.214972E-07  -0.740511E-07
   0.482900E+04  -0.290864E-07  -0.188675E-07  -0.527049E-07
   0.483000E+04  -0.295332E-07  -0.143011E-07  -0.259603E-07
   0.483100E+04  -0.269782E-07  -0.826657E-08   0.346343E-08
   0.483200E+04  -0.216810E-07  -0.138267E-08   0.325722E-07
   0.483300E+04  -0.141796E-07   0.564505E-08   0.584013E-07
   0.483400E+04  -0.523590E-08   0.120961E-07   0.783182E-07
   0.483500E+04   0.424220E-08   0.173088E-07   0.902905E-07
   0.483600E+04   0.132926E-07   0.207474E-07   0.930935E-07
   0.483700E+04   0.209968E-07   0.220572E-07   0.864360E-07
   0.483800E+04   0.265735E-07   0.211009E-07   0.709905E-07
   0.483900E+04   0.294578E-07   0.179724E-07   0.483250E-07
   0.484000E+04   0.293582E-07   0.129874E-07   0.207444E-07
   0.484100E+04   0.262867E-07   0.665172E-08  -0.894426E-08
   0.484200E+04   0.205567E-07  -0.390683E-09  -0.377172E-07
   0.484300E+04   0.127518E-07  -0.742290E-08  -0.626422E-07
   0.484400E+04   0.366531E-08  -0.137283E-07  -0.811775E-07
   0.484500E+04  -0.577968E-08  -0.186633E-07  -0.914309E-07
   0.484600E+04  -0.146249E-07  -0.217235E-07  -0.923536E-07
   0.484700E+04  -0.219741E-07  -0.225944E-07  -0.838471E-07
   0.484800E+04  -0.270844E-07  -0.211844E-07  -0.667744E-07
   0.484900E+04  -0.294418E-07  -0.176333E-07  -0.428727E-07
   0.485000E+04  -0.288130E-07  -0.122990E-07  -0.145767E-07
   0.485100E+04  -0.252693E-07  -0.572067E-08   0.152288E-07
   0.485200E+04  -0.191786E-07   0.143596E-08   0.435030E-07
   0.485300E+04  -0.111680E-07   0.844627E-08   0.673587E-07
   0.485400E+04  -0.205915E-08   0.146005E-07   0.843570E-07
   0.485500E+04   0.721529E-08   0.192759E-07   0.927563E-07
   0.485600E+04   0.157074E-07   0.220002E-07   0.916904E-07
   0.485700E+04   0.225507E-07   0.224995E-07   0.812576E-07
   0.485800E+04   0.270485E-07   0.207260E-07   0.625115E-07
   0.485900E+04   0.287449E-07   0.168632E-07   0.373544E-07
   0.486000E+04   0.274716E-07   0.113063E-07   0.834389E-08
   0.486100E+04   0.233646E-07   0.462274E-08  -0.215670E-07
   0.486200E+04   0.168502E-07  -0.250645E-08  -0.493308E-07
   0.486300E+04   0.860134E-08  -0.935566E-08  -0.721162E-07
   0.486400E+04  -0.531496E-09  -0.152288E-07  -0.875967E-07
   0.486500E+04  -0.960730E-08  -0.195304E-07  -0.941883E-07
   0.486600E+04  -0.176910E-07  -0.218259E-07  -0.912117E-07
   0.486700E+04  -0.239494E-07  -0.218860E-07  -0.789625E-07
   0.486800E+04  -0.277362E-07  -0.197100E-07  -0.586812E-07
   0.486900E+04  -0.286588E-07  -0.155255E-07  -0.324285E-07
   0.487000E+04  -0.266184E-07  -0.976484E-08  -0.287492E-08
   0.487100E+04  -0.218202E-07  -0.302102E-08   0.269702E-07
   0.487200E+04  -0.147529E-07   0.401333E-08   0.540656E-07
   0.487300E+04  -0.613869E-08   0.106168E-07   0.756482E-07
   0.487400E+04   0.314036E-08   0.161128E-07   0.895147E-07
   0.487500E+04   0.121327E-07   0.199394E-07   0.942470E-07
   0.487600E+04   0.199146E-07   0.217061E-07   0.893574E-07
   0.487700E+04   0.256848E-07   0.212342E-07   0.753391E-07
   0.487800E+04   0.288467E-07   0.185749E-07   0.536166E-07
   0.487900E+04   0.290696E-07   0.140042E-07   0.264014E-07
   0.488000E+04   0.263234E-07   0.799407E-08  -0.353303E-08
   0.488100E+04   0.208816E-07   0.116473E-08  -0.331333E-07
   0.488200E+04   0.132940E-07  -0.577951E-08  -0.593777E-07
   0.488300E+04   0.433117E-08  -0.121223E-07  -0.795840E-07
   0.488400E+04  -0.509453E-08  -0.172088E-07  -0.916835E-07
   0.488500E+04  -0.140216E-07  -0.205131E-07  -0.944327E-07
   0.488600E+04  -0.215377E-07  -0.216920E-07  -0.875407E-07
   0.488700E+04  -0.268731E-07  -0.206208E-07  -0.716999E-07
   0.488800E+04  -0.294792E-07  -0.174062E-07  -0.485163E-07
   0.488900E+04  -0.290856E-07  -0.123756E-07  -0.203466E-07
   0.489000E+04  -0.257271E-07  -0.604389E-08   0.994106E-08
   0.489100E+04  -0.197418E-07   0.939188E-09   0.392597E-07
   0.489200E+04  -0.117360E-07   0.785552E-08   0.646176E-07
   0.489300E+04  -0.252348E-08   0.139922E-07   0.834236E-07
   0.489400E+04   0.695795E-08   0.187147E-07   0.937519E-07
   0.489500E+04   0.157415E-07   0.215323E-07   0.945390E-07
   0.489600E+04   0.229302E-07   0.221484E-07   0.856931E-07
   0.489700E+04   0.277888E-07   0.204918E-07   0.681045E-07
   0.489800E+04   0.298187E-07   0.167244E-07   0.435558E-07
   0.489900E+04   0.288091E-07   0.112251E-07   0.145413E-07
   0.490000E+04   0.248593E-07   0.455162E-08  -0.159867E-07
   0.490100E+04   0.183688E-07  -0.261618E-08  -0.449183E-07
   0.490200E+04   0.999659E-08  -0.954553E-08  -0.693030E-07
   0.490300E+04   0.594678E-09  -0.155257E-07  -0.866504E-07
   0.490400E+04  -0.887886E-08  -0.199406E-07  -0.951848E-07
   0.490500E+04  -0.174575E-07  -0.223324E-07  -0.940267E-07
   0.490600E+04  -0.242648E-07  -0.224484E-07  -0.832836E-07
   0.490700E+04  -0.286040E-07  -0.202679E-07  -0.640402E-07
   0.490800E+04  -0.300297E-07  -0.160044E-07  -0.382484E-07
   0.490900E+04  -0.283929E-07  -0.100852E-07  -0.852962E-08
   0.491000E+04  -0.238573E-07  -0.310758E-08   0.220918E-07
   0.491100E+04  -0.168824E-07   0.422082E-08   0.504963E-07
   0.491200E+04  -0.817763E-08   0.111544E-07   0.737872E-07
   0.491300E+04   0.137053E-08   0.169853E-07   0.895859E-07
   0.491400E+04   0.107882E-07   0.211157E-07   0.962749E-07
   0.491500E+04   0.191138E-07   0.231189E-07   0.931634E-07
   0.491600E+04   0.254959E-07   0.227830E-07   0.805586E-07
   0.491700E+04   0.292806E-07   0.201337E-07   0.597354E-07
   0.491800E+04   0.300783E-07   0.154314E-07   0.328073E-07
   0.491900E+04   0.278041E-07   0.914572E-08   0.251202E-08
   0.492000E+04   0.226864E-07   0.190818E-08  -0.280669E-07
   0.492100E+04   0.152447E-07  -0.555173E-08  -0.558143E-07
   0.492200E+04   0.623631E-08  -0.124804E-07  -0.779006E-07
   0.492300E+04  -0.342007E-08  -0.181768E-07  -0.920702E-07
   0.492400E+04  -0.127384E-07  -0.220634E-07  -0.968724E-07
   0.492500E+04  -0.207654E-07  -0.237454E-07  -0.918098E-07
   0.492600E+04  -0.266786E-07  -0.230506E-07  -0.773895E-07
   0.492700E+04  -0.298695E-07  -0.200477E-07  -0.550729E-07
   0.492800E+04  -0.300072E-07  -0.150391E-07  -0.271275E-07
   0.492900E+04  -0.270717E-07  -0.853080E-08   0.360391E-08
   0.493000E+04  -0.213569E-07  -0.118078E-08   0.339917E-07
   0.493100E+04  -0.134413E-07   0.626736E-08   0.609386E-07
   0.493200E+04  -0.412889E-08   0.130600E-07   0.816953E-07
   0.493300E+04   0.563186E-08   0.185102E-07   0.941408E-07
   0.493400E+04   0.148449E-07   0.220672E-07   0.969994E-07
   0.493500E+04   0.225680E-07   0.233729E-07   0.899712E-07
   0.493600E+04   0.280089E-07   0.222978E-07   0.737640E-07
   0.493700E+04   0.306064E-07   0.189548E-07   0.500217E-07
   0.493800E+04   0.300881E-07   0.136874E-07   0.211575E-07
   0.493900E+04   0.264984E-07   0.703488E-08  -0.989088E-08
   0.494000E+04   0.201949E-07  -0.322580E-09  -0.399603E-07
   0.494100E+04   0.118123E-07  -0.763296E-08  -0.659848E-07
   0.494200E+04   0.219819E-08  -0.141492E-07  -0.853074E-07
   0.494300E+04  -0.767271E-08  -0.192050E-07  -0.959522E-07
   0.494400E+04  -0.167978E-07  -0.222832E-07  -0.968255E-07
   0.494500E+04  -0.242487E-07  -0.230680E-07  -0.878290E-07
   0.494600E+04  -0.292655E-07  -0.214778E-07  -0.698699E-07
   0.494700E+04  -0.313347E-07  -0.176732E-07  -0.447699E-07
   0.494800E+04  -0.302420E-07  -0.120409E-07  -0.150802E-07
   0.494900E+04  -0.260938E-07  -0.515440E-08   0.161777E-07
   0.495000E+04  -0.193077E-07   0.228420E-08   0.458198E-07
   0.495100E+04  -0.105697E-07   0.951596E-08   0.708236E-07
   0.495200E+04  -0.765102E-09   0.158023E-07   0.886367E-07
   0.495300E+04   0.911167E-08   0.205002E-07   0.974371E-07
   0.495400E+04   0.180578E-07   0.231282E-07   0.963196E-07
   0.495500E+04   0.251645E-07   0.234151E-07   0.853891E-07
   0.495600E+04   0.297092E-07   0.213280E-07   0.657505E-07
   0.495700E+04   0.312296E-07   0.170761E-07   0.393974E-07
   0.495800E+04   0.295710E-07   0.110887E-07   0.900967E-08
   0.495900E+04   0.249020E-07   0.397277E-08  -0.223195E-07
   0.496000E+04   0.176978E-07  -0.354995E-08  -0.513978E-07
   0.496100E+04   0.869218E-08  -0.107157E-07  -0.752598E-07
   0.496200E+04  -0.119722E-08  -0.167967E-07  -0.914686E-07
   0.496300E+04  -0.109621E-07  -0.211755E-07  -0.983655E-07
   0.496400E+04  -0.196064E-07  -0.234078E-07  -0.952392E-07
   0.496500E+04  -0.262473E-07  -0.232677E-07  -0.823995E-07
   0.496600E+04  -0.302059E-07  -0.207713E-07  -0.611463E-07
   0.496700E+04  -0.310762E-07  -0.161743E-07  -0.336386E-07
   0.496800E+04  -0.287670E-07  -0.994685E-08  -0.267475E-08
   0.496900E+04  -0.235113E-07  -0.272497E-08   0.285921E-07
   0.497000E+04  -0.158430E-07   0.475393E-08   0.569748E-07
   0.497100E+04  -0.654250E-08   0.117264E-07   0.795775E-07
   0.497200E+04   0.344210E-08   0.174811E-07   0.940904E-07
   0.497300E+04   0.130920E-07   0.214311E-07   0.990265E-07
   0.497400E+04   0.214212E-07   0.231741E-07   0.938734E-07
   0.497500E+04   0.275773E-07   0.225338E-07   0.791466E-07
   0.497600E+04   0.309285E-07   0.195776E-07   0.563381E-07
   0.497700E+04   0.311284E-07   0.146103E-07   0.277649E-07
   0.497800E+04   0.281517E-07   0.814272E-08  -0.366610E-08
   0.497900E+04   0.222969E-07   0.839682E-09  -0.347539E-07
   0.498000E+04   0.141570E-07  -0.654779E-08  -0.623293E-07
   0.498100E+04   0.455869E-08  -0.132594E-07  -0.835783E-07
   0.498200E+04  -0.552092E-08  -0.186033E-07  -0.963288E-07
   0.498300E+04  -0.150541E-07  -0.220273E-07  -0.992729E-07
   0.498400E+04  -0.230671E-07  -0.231750E-07  -0.921009E-07
   0.498500E+04  -0.287394E-07  -0.219234E-07  -0.755339E-07
   0.498600E+04  -0.314874E-07  -0.183951E-07  -0.512514E-07
   0.498700E+04  -0.310247E-07  -0.129467E-07  -0.217207E-07
   0.498800E+04  -0.273914E-07  -0.613255E-08   0.100534E-07
   0.498900E+04  -0.209505E-07   0.135165E-08   0.408348E-07
   0.499000E+04  -0.123516E-07   0.873968E-08   0.674850E-07
   0.499100E+04  -0.246535E-08   0.152731E-07   0.872838E-07
   0.499200E+04   0.770515E-08   0.202786E-07   0.982066E-07
   0.499300E+04   0.171260E-07   0.232376E-07   0.991312E-07
   0.499400E+04   0.248379E-07   0.238389E-07   0.899534E-07
   0.499500E+04   0.300533E-07   0.220117E-07   0.715984E-07
   0.499600E+04   0.322376E-07   0.179327E-07   0.459276E-07
   0.499700E+04   0.311629E-07   0.120094E-07   0.155495E-07
   0.499800E+04   0.269324E-07   0.483846E-08  -0.164449E-07
   0.499900E+04   0.199699E-07  -0.285431E-08  -0.467971E-07
   0.500000E+04   0.109771E-07  -0.102880E-07  -0.724129E-07
   0.500100E+04   0.862850E-09  -0.167057E-07  -0.906778E-07
   0.500200E+04  -0.934934E-08  -0.214523E-07  -0.997238E-07
   0.500300E+04  -0.186249E-07  -0.240409E-07  -0.986208E-07
   0.500400E+04  -0.260232E-07  -0.242034E-07  -0.874719E-07
   0.500500E+04  -0.307938E-07  -0.219176E-07  -0.674039E-07
   0.500600E+04  -0.324522E-07  -0.174108E-07  -0.404538E-07
   0.500700E+04  -0.308294E-07  -0.111366E-07  -0.936135E-08
   0.500800E+04  -0.260895E-07  -0.372956E-08   0.227088E-07
   0.500900E+04  -0.187130E-07   0.405924E-08   0.524895E-07
   0.501000E+04  -0.944832E-08   0.114383E-07   0.769443E-07
   0.501100E+04   0.764419E-09   0.176563E-07   0.935764E-07
   0.501200E+04   0.108886E-07   0.220784E-07   0.100684E-06
   0.501300E+04   0.198966E-07   0.242515E-07   0.975351E-07
   0.501400E+04   0.268742E-07   0.239501E-07   0.844411E-07
   0.501500E+04   0.311135E-07   0.212003E-07   0.627282E-07
   0.501600E+04   0.321848E-07   0.162772E-07   0.346017E-07
   0.501700E+04   0.299809E-07   0.967763E-08   0.292267E-08
   0.501800E+04   0.247273E-07   0.206983E-08  -0.290831E-07
   0.501900E+04   0.169596E-07  -0.577398E-08  -0.581538E-07
   0.502000E+04   0.746913E-08  -0.130561E-07  -0.813235E-07
   0.502100E+04  -0.277771E-08  -0.190341E-07  -0.962252E-07
   0.502200E+04  -0.127379E-07  -0.230969E-07  -0.101332E-06
   0.502300E+04  -0.213977E-07  -0.248265E-07  -0.961148E-07
   0.502400E+04  -0.278763E-07  -0.240412E-07  -0.810947E-07
   0.502500E+04  -0.315152E-07  -0.208144E-07  -0.577933E-07
   0.502600E+04  -0.319453E-07  -0.154673E-07  -0.285773E-07
   0.502700E+04  -0.291245E-07  -0.853704E-08   0.358156E-08
   0.502800E+04  -0.233423E-07  -0.722140E-09   0.354092E-07
   0.502900E+04  -0.151897E-07   0.718782E-08   0.636620E-07
   0.503000E+04  -0.549950E-08   0.143924E-07   0.854578E-07
   0.503100E+04   0.473898E-08   0.201614E-07   0.985700E-07
   0.503200E+04   0.144806E-07   0.239092E-07   0.101655E-06
   0.503300E+04   0.227311E-07   0.252539E-07   0.943884E-07
   0.503400E+04   0.286486E-07   0.240567E-07   0.775026E-07
   0.503500E+04   0.316294E-07   0.204360E-07   0.527095E-07
   0.503600E+04   0.313698E-07   0.147555E-07   0.225284E-07
   0.503700E+04   0.278970E-07   0.758789E-08  -0.996993E-08
   0.503800E+04   0.215666E-07  -0.343667E-09  -0.414761E-07
   0.503900E+04   0.130266E-07  -0.823821E-08  -0.687789E-07
   0.504000E+04   0.315062E-08  -0.152984E-07  -0.890928E-07
   0.504100E+04  -0.705038E-08  -0.208112E-07  -0.100342E-06
   0.504200E+04  -0.165319E-07  -0.242202E-07  -0.101373E-06
   0.504300E+04  -0.243222E-07  -0.251820E-07  -0.920721E-07
   0.504400E+04  -0.296221E-07  -0.236009E-07  -0.733791E-07
   0.504500E+04  -0.318863E-07  -0.196387E-07  -0.471916E-07
   0.504600E+04  -0.308796E-07  -0.136980E-07  -0.161725E-07
   0.504700E+04  -0.267013E-07  -0.638117E-08   0.165207E-07
   0.504800E+04  -0.197749E-07   0.157060E-08   0.475569E-07
   0.504900E+04  -0.108059E-07   0.935282E-08   0.737714E-07
   0.505000E+04  -0.709520E-09   0.161794E-07   0.924881E-07
   0.505100E+04   0.948259E-08   0.213622E-07   0.101793E-06
   0.505200E+04   0.187273E-07   0.243813E-07   0.100729E-06
   0.505300E+04   0.260769E-07   0.249370E-07   0.893974E-07
   0.505400E+04   0.307756E-07   0.229805E-07   0.689432E-07
   0.505500E+04   0.323375E-07   0.187183E-07   0.414442E-07
   0.505600E+04   0.305963E-07   0.125907E-07   0.969751E-08
   0.505700E+04   0.257227E-07   0.522709E-08  -0.230642E-07
   0.505800E+04   0.182077E-07  -0.261907E-08  -0.535020E-07
   0.505900E+04   0.881289E-08  -0.101468E-07  -0.785109E-07
   0.506000E+04  -0.150701E-08  -0.165894E-07  -0.955368E-07
   0.506100E+04  -0.117011E-07  -0.212931E-07  -0.102837E-06
   0.506200E+04  -0.207292E-07  -0.237831E-07  -0.996582E-07
   0.506300E+04  -0.276686E-07  -0.238123E-07  -0.863157E-07
   0.506400E+04  -0.318076E-07  -0.213861E-07  -0.641606E-07
   0.506500E+04  -0.327188E-07  -0.167619E-07  -0.354435E-07
   0.506600E+04  -0.303030E-07  -0.104220E-07  -0.308648E-08
   0.506700E+04  -0.248000E-07  -0.302457E-08   0.296151E-07
   0.506800E+04  -0.167644E-07   0.466448E-08   0.593273E-07
   0.506900E+04  -0.700962E-08   0.118497E-07   0.830182E-07
   0.507000E+04   0.347453E-08   0.177880E-07   0.982667E-07
   0.507100E+04   0.136225E-07   0.218649E-07   0.103510E-06
   0.507200E+04   0.224014E-07   0.236576E-07   0.982042E-07
   0.507300E+04   0.289165E-07   0.229790E-07   0.828799E-07
   0.507400E+04   0.325021E-07   0.198964E-07   0.590896E-07
   0.507500E+04   0.327900E-07   0.147256E-07   0.292507E-07
   0.507600E+04   0.297473E-07   0.799818E-08  -0.360091E-08
   0.507700E+04   0.236801E-07   0.407589E-09  -0.361190E-07
   0.507800E+04   0.152025E-07  -0.726205E-08  -0.649882E-07
   0.507900E+04   0.517504E-08  -0.142163E-07  -0.872619E-07
   0.508000E+04  -0.538333E-08  -0.197322E-07  -0.100663E-06
   0.508100E+04  -0.153984E-07  -0.232323E-07  -0.103816E-06
   0.508200E+04  -0.238503E-07  -0.243451E-07  -0.963908E-07
   0.508300E+04  -0.298771E-07  -0.229431E-07  -0.791325E-07
   0.508400E+04  -0.328630E-07  -0.191571E-07  -0.537912E-07
   0.508500E+04  -0.325015E-07  -0.133636E-07  -0.229422E-07
   0.508600E+04  -0.288261E-07  -0.614684E-08   0.102752E-07
   0.508700E+04  -0.222084E-07   0.176006E-08   0.424771E-07
   0.508800E+04  -0.133195E-07   0.954972E-08   0.703796E-07
   0.508900E+04  -0.306275E-08   0.164228E-07   0.911338E-07
   0.509000E+04   0.751850E-08   0.216698E-07   0.102616E-06
   0.509100E+04   0.173468E-07   0.247437E-07   0.103647E-06
   0.509200E+04   0.254202E-07   0.253168E-07   0.941097E-07
   0.509300E+04   0.309147E-07   0.233147E-07   0.749648E-07
   0.509400E+04   0.332680E-07   0.189249E-07   0.481533E-07
   0.509500E+04   0.322369E-07   0.125789E-07   0.163994E-07
   0.509600E+04   0.279229E-07   0.490906E-08  -0.170663E-07
   0.509700E+04   0.207616E-07  -0.331486E-08  -0.488352E-07
   0.509800E+04   0.114789E-07  -0.112635E-07  -0.756684E-07
   0.509900E+04   0.101726E-08  -0.181318E-07  -0.948266E-07
   0.510000E+04  -0.955993E-08  -0.232209E-07  -0.104350E-06
   0.510100E+04  -0.191767E-07  -0.260091E-07  -0.103258E-06
   0.510200E+04  -0.268541E-07  -0.262055E-07  -0.916511E-07
   0.510300E+04  -0.318097E-07  -0.237800E-07  -0.707015E-07
   0.510400E+04  -0.335375E-07  -0.189670E-07  -0.425338E-07
   0.510500E+04  -0.318600E-07  -0.122423E-07  -0.100103E-07
   0.510600E+04  -0.269457E-07  -0.427562E-08   0.235604E-07
   0.510700E+04  -0.192932E-07   0.413662E-08   0.547596E-07
   0.510800E+04  -0.967982E-08   0.121518E-07   0.804077E-07
   0.510900E+04   0.917043E-09   0.189660E-07   0.978874E-07
   0.511000E+04   0.114194E-07   0.238950E-07   0.105411E-06
   0.511100E+04   0.207582E-07   0.264440E-07   0.102206E-06
   0.511200E+04   0.279828E-07   0.263573E-07   0.885879E-07
   0.511300E+04   0.323573E-07   0.236442E-07   0.659378E-07
   0.511400E+04   0.334357E-07   0.185785E-07   0.365561E-07
   0.511500E+04   0.311081E-07   0.116705E-07   0.343148E-08
   0.511600E+04   0.256113E-07   0.361572E-08  -0.300634E-07
   0.511700E+04   0.175056E-07  -0.477573E-08  -0.605153E-07
   0.511800E+04   0.761715E-08  -0.126607E-07  -0.848183E-07
   0.511900E+04  -0.304535E-08  -0.192485E-07  -0.100490E-06
   0.512000E+04  -0.133939E-07  -0.238806E-07  -0.105927E-06
   0.512100E+04  -0.223719E-07  -0.260973E-07  -0.100567E-06
   0.512200E+04  -0.290618E-07  -0.256836E-07  -0.849453E-07
   0.512300E+04  -0.327790E-07  -0.226913E-07  -0.606470E-07
   0.512400E+04  -0.331417E-07  -0.174325E-07  -0.301412E-07
   0.512500E+04  -0.301099E-07  -0.104482E-07   0.346805E-08
   0.512600E+04  -0.239903E-07  -0.245266E-08   0.367577E-07
   0.512700E+04  -0.154047E-07   0.573915E-08   0.663341E-07
   0.512800E+04  -0.522737E-08   0.132947E-07   0.891792E-07
   0.512900E+04   0.550430E-08   0.194483E-07   0.102959E-06
   0.513000E+04   0.156951E-07   0.235793E-07   0.106259E-06
   0.513100E+04   0.243036E-07   0.252744E-07   0.987355E-07
   0.513200E+04   0.304487E-07   0.243697E-07   0.811444E-07
   0.513300E+04   0.334994E-07   0.209671E-07   0.552698E-07
   0.513400E+04   0.331394E-07   0.154233E-07   0.237414E-07
   0.513500E+04   0.293994E-07   0.831293E-08  -0.102326E-07
   0.513600E+04   0.226550E-07   0.369778E-09  -0.431918E-07
   0.513700E+04   0.135881E-07  -0.758842E-08  -0.717761E-07
   0.513800E+04   0.311789E-08  -0.147437E-07  -0.930686E-07
   0.513900E+04  -0.769231E-08  -0.203614E-07  -0.104893E-06
   0.514000E+04  -0.177436E-07  -0.238654E-07  -0.106035E-06
   0.514100E+04  -0.260130E-07  -0.248966E-07  -0.963710E-07
   0.514200E+04  -0.316584E-07  -0.233502E-07  -0.768752E-07
   0.514300E+04  -0.341036E-07  -0.193855E-07  -0.495269E-07
   0.514400E+04  -0.330980E-07  -0.134101E-07  -0.171069E-07
   0.514500E+04  -0.287419E-07  -0.603806E-08   0.170843E-07
   0.514600E+04  -0.214766E-07   0.197315E-08   0.495629E-07
   0.514700E+04  -0.120398E-07   0.980010E-08   0.770167E-07
   0.514800E+04  -0.139062E-08   0.166377E-07   0.966426E-07
   0.514900E+04   0.938799E-08   0.217818E-07   0.106433E-06
   0.515000E+04   0.191996E-07   0.247012E-07   0.105381E-06
   0.515100E+04   0.270459E-07   0.250921E-07   0.935838E-07
   0.515200E+04   0.321284E-07   0.229096E-07   0.722348E-07
   0.515300E+04   0.339303E-07   0.183726E-07   0.435014E-07
   0.515400E+04   0.322687E-07   0.119412E-07   0.103060E-07
   0.515500E+04   0.273139E-07   0.427022E-08  -0.239715E-07
   0.515600E+04   0.195720E-07  -0.385769E-08  -0.558378E-07
   0.515700E+04   0.983338E-08  -0.116120E-07  -0.820421E-07
   0.515800E+04  -0.907442E-09  -0.181992E-07  -0.999078E-07
   0.515900E+04  -0.115535E-07  -0.229441E-07  -0.107606E-06
   0.516000E+04  -0.210171E-07  -0.253587E-07  -0.104342E-06
   0.516100E+04  -0.283308E-07  -0.251925E-07  -0.904393E-07
   0.516200E+04  -0.327460E-07  -0.224586E-07  -0.673039E-07
   0.516300E+04  -0.338100E-07  -0.174322E-07  -0.372860E-07
   0.516400E+04  -0.314117E-07  -0.106231E-07  -0.343891E-08
   0.516500E+04  -0.257939E-07  -0.272352E-08   0.307907E-07
   0.516600E+04  -0.175281E-07   0.546196E-08   0.619139E-07
   0.516700E+04  -0.745703E-08   0.130990E-07   0.867552E-07
   0.516800E+04   0.339179E-08   0.194084E-07   0.102777E-06
   0.516900E+04   0.139103E-07   0.237462E-07   0.108336E-06
   0.517000E+04   0.230233E-07   0.256691E-07   0.102858E-06
   0.517100E+04   0.297980E-07   0.249807E-07   0.868889E-07
   0.517200E+04   0.335397E-07   0.217511E-07   0.620475E-07
   0.517300E+04   0.338631E-07   0.163108E-07   0.308573E-07
   0.517400E+04   0.307313E-07   0.921651E-08  -0.350856E-08
   0.517500E+04   0.244609E-07   0.119496E-08  -0.375501E-07
   0.517600E+04   0.156894E-07  -0.693144E-08  -0.677972E-07
   0.517700E+04   0.531091E-08  -0.143286E-07  -0.911630E-07
   0.517800E+04  -0.561515E-08  -0.202361E-07  -0.105259E-06
   0.517900E+04  -0.159717E-07  -0.240452E-07  -0.108641E-06
   0.518000E+04  -0.246982E-07  -0.253612E-07  -0.100952E-06
   0.518100E+04  -0.308987E-07  -0.240446E-07  -0.829660E-07
   0.518200E+04  -0.339341E-07  -0.202256E-07  -0.565069E-07
   0.518300E+04  -0.334873E-07  -0.142914E-07  -0.242634E-07
   0.518400E+04  -0.295959E-07  -0.684717E-08   0.104835E-07
   0.518500E+04  -0.226497E-07   0.134542E-08   0.441943E-07
   0.518600E+04  -0.133507E-07   0.944567E-08   0.734318E-07
   0.518700E+04  -0.264244E-08   0.166197E-07   0.952115E-07
   0.518800E+04   0.838611E-08   0.221257E-07   0.107306E-06
   0.518900E+04   0.186111E-07   0.253899E-07   0.108473E-06
   0.519000E+04   0.269884E-07   0.260658E-07   0.985828E-07
   0.519100E+04   0.326603E-07   0.240700E-07   0.786325E-07
   0.519200E+04   0.350429E-07   0.195916E-07   0.506456E-07
   0.519300E+04   0.338864E-07   0.130734E-07   0.174665E-07
   0.519400E+04   0.293007E-07   0.516758E-08  -0.175284E-07
   0.519500E+04   0.217450E-07  -0.333001E-08  -0.507743E-07
   0.519600E+04   0.119811E-07  -0.115610E-07  -0.788814E-07
   0.519700E+04   0.996828E-09  -0.186913E-07  -0.989803E-07
   0.519800E+04  -0.100947E-07  -0.239966E-07  -0.109015E-06
   0.519900E+04  -0.201682E-07  -0.269357E-07  -0.107953E-06
   0.520000E+04  -0.282007E-07  -0.272067E-07  -0.958932E-07
   0.520100E+04  -0.333756E-07  -0.247774E-07  -0.740529E-07
   0.520200E+04  -0.351667E-07  -0.198900E-07  -0.446492E-07
   0.520300E+04  -0.333912E-07  -0.130364E-07  -0.106716E-07
   0.520400E+04  -0.282295E-07  -0.490858E-08   0.244216E-07
   0.520500E+04  -0.202066E-07   0.367087E-08   0.570549E-07
   0.520600E+04  -0.101393E-07   0.118327E-07   0.839004E-07
   0.520700E+04   0.946697E-09   0.187491E-07   0.102217E-06
   0.520800E+04   0.119214E-07   0.237181E-07   0.110130E-06
   0.520900E+04   0.216652E-07   0.262349E-07   0.106822E-06
   0.521000E+04   0.291829E-07   0.260440E-07   0.926219E-07
   0.521100E+04   0.337057E-07   0.231650E-07   0.689650E-07
   0.521200E+04   0.347690E-07   0.178915E-07   0.382537E-07
   0.521300E+04   0.322608E-07   0.107614E-07   0.361091E-08
   0.521400E+04   0.264331E-07   0.250255E-08  -0.314369E-07
   0.521500E+04   0.178766E-07  -0.604091E-08  -0.633188E-07
   0.521600E+04   0.746091E-08  -0.139944E-07  -0.887833E-07
   0.521700E+04  -0.375364E-08  -0.205419E-07  -0.105230E-06
   0.521800E+04  -0.146240E-07  -0.250089E-07  -0.110976E-06
   0.521900E+04  -0.240405E-07  -0.269315E-07  -0.105426E-06
   0.522000E+04  -0.310404E-07  -0.261038E-07  -0.891357E-07
   0.522100E+04  -0.349056E-07  -0.225995E-07  -0.637570E-07
   0.522200E+04  -0.352365E-07  -0.167647E-07  -0.318684E-07
   0.522300E+04  -0.319927E-07  -0.918352E-08   0.328579E-08
   0.522400E+04  -0.254979E-07  -0.618727E-09   0.381257E-07
   0.522500E+04  -0.164071E-07   0.806510E-08   0.691004E-07
   0.522600E+04  -0.564030E-08   0.159894E-07   0.930499E-07
   0.522700E+04   0.571083E-08   0.223509E-07   0.107528E-06
   0.522800E+04   0.164939E-07   0.265030E-07   0.111052E-06
   0.522900E+04   0.256130E-07   0.280222E-07   0.103253E-06
   0.523000E+04   0.321405E-07   0.267509E-07   0.849185E-07
   0.523100E+04   0.354113E-07   0.228143E-07   0.579094E-07
   0.523200E+04   0.350910E-07   0.166075E-07   0.249727E-07
   0.523300E+04   0.312103E-07   0.875630E-08  -0.105376E-07
   0.523400E+04   0.241618E-07   0.537920E-10  -0.450022E-07
   0.523500E+04   0.146608E-07  -0.861991E-08  -0.749051E-07
   0.523600E+04   0.367232E-08  -0.163868E-07  -0.971921E-07
   0.523700E+04  -0.768670E-08  -0.224600E-07  -0.109582E-06
   0.523800E+04  -0.182610E-07  -0.262236E-07  -0.110802E-06
   0.523900E+04  -0.269746E-07  -0.272956E-07  -0.100715E-06
   0.524000E+04  -0.329405E-07  -0.255664E-07  -0.803383E-07
   0.524100E+04  -0.355509E-07  -0.212104E-07  -0.517373E-07
   0.524200E+04  -0.345393E-07  -0.146686E-07  -0.178194E-07
   0.524300E+04  -0.300078E-07  -0.660398E-08   0.179637E-07
   0.524400E+04  -0.224171E-07   0.216561E-08   0.519667E-07
   0.524500E+04  -0.125396E-07   0.107500E-07   0.807219E-07
   0.524600E+04  -0.138072E-08   0.182770E-07   0.101293E-06
   0.524700E+04   0.992309E-08   0.239809E-07   0.111576E-06
   0.524800E+04   0.202202E-07   0.272797E-07   0.110511E-06
   0.524900E+04   0.284613E-07   0.278346E-07   0.981963E-07
   0.525000E+04   0.338060E-07   0.255839E-07   0.758751E-07
   0.525100E+04   0.357090E-07   0.207497E-07   0.458119E-07
   0.525200E+04   0.339756E-07   0.138152E-07   0.110625E-07
   0.525300E+04   0.287819E-07   0.547574E-08  -0.248370E-07
   0.525400E+04   0.206570E-07  -0.343163E-08  -0.582303E-07
   0.525500E+04   0.104291E-07  -0.120128E-07  -0.857131E-07
   0.525600E+04  -0.858255E-09  -0.194072E-07  -0.104480E-06
   0.525700E+04  -0.120530E-07  -0.248749E-07  -0.112613E-06
   0.525800E+04  -0.220117E-07  -0.278713E-07  -0.109274E-06
   0.525900E+04  -0.297160E-07  -0.281021E-07  -0.947951E-07
   0.526000E+04  -0.343769E-07  -0.255527E-07  -0.706436E-07
   0.526100E+04  -0.355153E-07  -0.204895E-07  -0.392740E-07
   0.526200E+04  -0.330110E-07  -0.134321E-07  -0.387878E-08
   0.526300E+04  -0.271156E-07  -0.510044E-08   0.319364E-07
   0.526400E+04  -0.184267E-07   0.365870E-08   0.645201E-07
   0.526500E+04  -0.782796E-08   0.119578E-07   0.905467E-07
   0.526600E+04   0.360139E-08   0.189591E-07   0.107356E-06
   0.526700E+04   0.146960E-07   0.239589E-07   0.113227E-06
   0.526800E+04   0.243230E-07   0.264598E-07   0.107548E-06
   0.526900E+04   0.314981E-07   0.262200E-07   0.908895E-07
   0.527000E+04   0.354854E-07   0.232779E-07   0.649379E-07
   0.527100E+04   0.358729E-07   0.179472E-07   0.323306E-07
   0.527200E+04   0.326150E-07   0.107847E-07  -0.361439E-08
   0.527300E+04   0.260372E-07   0.253260E-08  -0.392357E-07
   0.527400E+04   0.168035E-07  -0.595732E-08  -0.709012E-07
   0.527500E+04   0.584879E-08  -0.138111E-07  -0.953788E-07
   0.527600E+04  -0.571580E-08  -0.202219E-07  -0.110166E-06
   0.527700E+04  -0.167162E-07  -0.245325E-07  -0.113745E-06
   0.527800E+04  -0.260349E-07  -0.263022E-07  -0.105741E-06
   0.527900E+04  -0.327249E-07  -0.253517E-07  -0.869568E-07
   0.528000E+04  -0.361061E-07  -0.217815E-07  -0.592978E-07
   0.528100E+04  -0.358351E-07  -0.159605E-07  -0.255742E-07
   0.528200E+04  -0.319402E-07  -0.848896E-08   0.107823E-07
   0.528300E+04  -0.248190E-07  -0.136024E-09   0.460685E-07
   0.528400E+04  -0.151979E-07   0.823883E-08   0.766865E-07
   0.528500E+04  -0.405849E-08   0.157741E-07   0.995109E-07
   0.528600E+04   0.746251E-08   0.216947E-07   0.112208E-06
   0.528700E+04   0.181888E-07   0.253912E-07   0.113474E-06
   0.528800E+04   0.270247E-07   0.264829E-07   0.103168E-06
   0.528900E+04   0.330664E-07   0.248563E-07   0.823320E-07
   0.529000E+04   0.356950E-07   0.206773E-07   0.530788E-07
   0.529100E+04   0.346393E-07   0.143743E-07   0.183832E-07
   0.529200E+04   0.300040E-07   0.659404E-08  -0.182225E-07
   0.529300E+04   0.222593E-07  -0.186401E-08  -0.530078E-07
   0.529400E+04   0.121933E-07  -0.101301E-07  -0.824243E-07
   0.529500E+04   0.832033E-09  -0.173529E-07  -0.103467E-06
   0.529600E+04  -0.106649E-07  -0.227872E-07  -0.113982E-06
   0.529700E+04  -0.211226E-07  -0.258704E-07  -0.112886E-06
   0.529800E+04  -0.294703E-07  -0.262801E-07  -0.100278E-06
   0.529900E+04  -0.348510E-07  -0.239681E-07  -0.774316E-07
   0.530000E+04  -0.367084E-07  -0.191652E-07  -0.466648E-07
   0.530100E+04  -0.348448E-07  -0.123584E-07  -0.111050E-07
   0.530200E+04  -0.294407E-07  -0.424121E-08   0.256280E-07
   0.530300E+04  -0.210373E-07   0.435683E-08   0.597916E-07
   0.530400E+04  -0.104815E-07   0.125550E-07   0.879011E-07
   0.530500E+04   0.115978E-08   0.195115E-07   0.107085E-06
   0.530600E+04   0.127085E-07   0.245094E-07   0.115380E-06
   0.530700E+04   0.229949E-07   0.270305E-07   0.111929E-06
   0.530800E+04   0.309770E-07   0.268085E-07   0.970717E-07
   0.530900E+04   0.358463E-07   0.238569E-07   0.723114E-07
   0.531000E+04   0.371107E-07   0.184680E-07   0.401617E-07
   0.531100E+04   0.346443E-07   0.111835E-07   0.389206E-08
   0.531200E+04   0.287009E-07   0.273990E-08  -0.328052E-07
   0.531300E+04   0.198875E-07  -0.600661E-08  -0.661902E-07
   0.531400E+04   0.910346E-08  -0.141672E-07  -0.928571E-07
   0.531500E+04  -0.255175E-08  -0.209113E-07  -0.110081E-06
   0.531600E+04  -0.138902E-07  -0.255510E-07  -0.116099E-06
   0.531700E+04  -0.237566E-07  -0.276119E-07  -0.110284E-06
   0.531800E+04  -0.311462E-07  -0.268816E-07  -0.932191E-07
   0.531900E+04  -0.353073E-07  -0.234319E-07  -0.666320E-07
   0.532000E+04  -0.358180E-07  -0.176115E-07  -0.332231E-07
   0.532100E+04  -0.326290E-07  -0.100114E-07   0.360896E-08
   0.532200E+04  -0.260695E-07  -0.140440E-08   0.401137E-07
   0.532300E+04  -0.168128E-07   0.733337E-08   0.725702E-07
   0.532400E+04  -0.580873E-08   0.153116E-07   0.976665E-07
   0.532500E+04   0.581419E-08   0.217167E-07   0.112838E-06
   0.532600E+04   0.168633E-07   0.258949E-07   0.116528E-06
   0.532700E+04   0.262037E-07   0.274192E-07   0.108350E-06
   0.532800E+04   0.328745E-07   0.261331E-07   0.891254E-07
   0.532900E+04   0.361869E-07   0.221669E-07   0.608041E-07
   0.533000E+04   0.357946E-07   0.159249E-07   0.262634E-07
   0.533100E+04   0.317303E-07   0.804425E-08  -0.109819E-07
   0.533200E+04   0.244016E-07  -0.669702E-09  -0.471380E-07
   0.533300E+04   0.145508E-07  -0.932550E-08  -0.785184E-07
   0.533400E+04   0.317889E-08  -0.170365E-07  -0.101920E-06
   0.533500E+04  -0.855642E-08  -0.230112E-07  -0.114949E-06
   0.533600E+04  -0.194585E-07  -0.266347E-07  -0.116268E-06
   0.533700E+04  -0.284142E-07  -0.275310E-07  -0.105730E-06
   0.533800E+04  -0.345075E-07  -0.256026E-07  -0.843973E-07
   0.533900E+04  -0.371134E-07  -0.210399E-07  -0.544340E-07
   0.534000E+04  -0.359620E-07  -0.143032E-07  -0.188852E-07
   0.534100E+04  -0.311665E-07  -0.607511E-08   0.186311E-07
   0.534200E+04  -0.232124E-07   0.280796E-08   0.542931E-07
   0.534300E+04  -0.129080E-07   0.114414E-07   0.844639E-07
   0.534400E+04  -0.130265E-08   0.189446E-07   0.106063E-06
   0.534500E+04   0.104202E-07   0.245505E-07   0.116880E-06
   0.534600E+04   0.210636E-07   0.276847E-07   0.115800E-06
   0.534700E+04   0.295394E-07   0.280235E-07   0.102923E-06
   0.534800E+04   0.349792E-07   0.255282E-07   0.795478E-07
   0.534900E+04   0.368237E-07   0.204487E-07   0.480456E-07
   0.535000E+04   0.348798E-07   0.132991E-07   0.116185E-07
   0.535100E+04   0.293411E-07   0.480497E-08  -0.260267E-07
   0.535200E+04   0.207688E-07  -0.416976E-08  -0.610554E-07
   0.535300E+04   0.100348E-07  -0.127111E-07  -0.898957E-07
   0.535400E+04  -0.176691E-08  -0.199482E-07  -0.109603E-06
   0.535500E+04  -0.134311E-07  -0.251420E-07  -0.118161E-06
   0.535600E+04  -0.237646E-07  -0.277611E-07  -0.114687E-06
   0.535700E+04  -0.317075E-07  -0.275365E-07  -0.995240E-07
   0.535800E+04  -0.364421E-07  -0.244889E-07  -0.742062E-07
   0.535900E+04  -0.374763E-07  -0.189276E-07  -0.413046E-07
   0.536000E+04  -0.346942E-07  -0.114193E-07  -0.416521E-08
   0.536100E+04  -0.283692E-07  -0.273057E-08   0.334308E-07
   0.536200E+04  -0.191360E-07   0.624976E-08   0.676522E-07
   0.536300E+04  -0.792696E-08   0.146013E-07   0.950080E-07
   0.536400E+04   0.412236E-08   0.214658E-07   0.112704E-06
   0.536500E+04   0.157888E-07   0.261348E-07   0.118926E-06
   0.536600E+04   0.258859E-07   0.281223E-07   0.113030E-06
   0.536700E+04   0.333847E-07   0.272150E-07   0.956050E-07
   0.536800E+04   0.375191E-07   0.234939E-07   0.684153E-07
   0.536900E+04   0.378635E-07   0.173277E-07   0.342224E-07
   0.537000E+04   0.343776E-07   0.933515E-08  -0.349599E-08
   0.537100E+04   0.274099E-07   0.323019E-09  -0.408995E-07
   0.537200E+04   0.176637E-07  -0.879577E-08  -0.741763E-07
   0.537300E+04   0.612517E-08  -0.170946E-07  -0.999315E-07
   0.537400E+04  -0.603612E-08  -0.237276E-07  -0.115533E-06
   0.537500E+04  -0.175864E-07  -0.280153E-07  -0.119383E-06
   0.537600E+04  -0.273528E-07  -0.295145E-07  -0.111076E-06
   0.537700E+04  -0.343434E-07  -0.280632E-07  -0.914487E-07
   0.537800E+04  -0.378474E-07  -0.237977E-07  -0.624902E-07
   0.537900E+04  -0.375088E-07  -0.171396E-07  -0.271428E-07
   0.538000E+04  -0.333618E-07  -0.875262E-08   0.109977E-07
   0.538100E+04  -0.258284E-07   0.523703E-09   0.480474E-07
   0.538200E+04  -0.156754E-07   0.975928E-08   0.802302E-07
   0.538300E+04  -0.393653E-08   0.180276E-07   0.104263E-06
   0.538400E+04   0.819261E-08   0.244996E-07   0.117689E-06
   0.538500E+04   0.194763E-07   0.285277E-07   0.119133E-06
   0.538600E+04   0.287645E-07   0.297116E-07   0.108436E-06
   0.538700E+04   0.351103E-07   0.279389E-07   0.866808E-07
   0.538800E+04   0.378663E-07   0.233959E-07   0.560742E-07
   0.538900E+04   0.367512E-07   0.165495E-07   0.197295E-07
   0.539000E+04   0.318784E-07   0.809876E-08  -0.186532E-07
   0.539100E+04   0.237450E-07  -0.109562E-08  -0.551624E-07
   0.539200E+04   0.131812E-07  -0.100992E-07  -0.860742E-07
   0.539300E+04   0.126647E-08  -0.179987E-07  -0.108232E-06
   0.539400E+04  -0.107812E-07  -0.239951E-07  -0.119368E-06
   0.539500E+04  -0.217287E-07  -0.274848E-07  -0.118337E-06
   0.539600E+04  -0.304538E-07  -0.281209E-07  -0.105232E-06
   0.539700E+04  -0.360600E-07  -0.258486E-07  -0.813772E-07
   0.539800E+04  -0.379679E-07  -0.209105E-07  -0.491945E-07
   0.539900E+04  -0.359749E-07  -0.138219E-07  -0.119563E-07
   0.540000E+04  -0.302765E-07  -0.531765E-08   0.265462E-07
   0.540100E+04  -0.214466E-07   0.372238E-08   0.623892E-07
   0.540200E+04  -0.103797E-07   0.123636E-07   0.919162E-07
   0.540300E+04   0.179991E-08   0.197123E-07   0.112111E-06
   0.540400E+04   0.138523E-07   0.250066E-07   0.120906E-06
   0.540500E+04   0.245482E-07   0.276951E-07   0.117392E-06
   0.540600E+04   0.327944E-07   0.274930E-07   0.101917E-06
   0.540700E+04   0.377451E-07   0.244115E-07   0.760441E-07
   0.540800E+04   0.388884E-07   0.187573E-07   0.424011E-07
   0.540900E+04   0.360991E-07   0.111013E-07   0.440883E-08
   0.541000E+04   0.296518E-07   0.222094E-08  -0.340648E-07
   0.541100E+04   0.201935E-07  -0.697927E-08  -0.690993E-07
   0.541200E+04   0.867824E-08  -0.155596E-07  -0.971209E-07
   0.541300E+04  -0.372950E-08  -0.226411E-07  -0.115267E-06
   0.541400E+04  -0.157733E-07  -0.274952E-07  -0.121679E-06
   0.541500E+04  -0.262324E-07  -0.296184E-07  -0.115692E-06
   0.541600E+04  -0.340457E-07  -0.287840E-07  -0.979057E-07
   0.541700E+04  -0.384202E-07  -0.250652E-07  -0.701210E-07
   0.541800E+04  -0.389117E-07  -0.188285E-07  -0.351607E-07
   0.541900E+04  -0.354702E-07  -0.106965E-07   0.341846E-08
   0.542000E+04  -0.284453E-07  -0.148510E-08   0.416876E-07
   0.542100E+04  -0.185510E-07   0.787963E-08   0.757457E-07
   0.542200E+04  -0.679307E-08   0.164551E-07   0.102117E-06
   0.542300E+04   0.563319E-08   0.233784E-07   0.118107E-06
   0.542400E+04   0.174643E-07   0.279537E-07   0.122075E-06
   0.542500E+04   0.274974E-07   0.297231E-07   0.113606E-06
   0.542600E+04   0.347126E-07   0.285135E-07   0.935515E-07
   0.542700E+04   0.383770E-07   0.244538E-07   0.639441E-07
   0.542800E+04   0.381196E-07   0.179620E-07   0.277931E-07
   0.542900E+04   0.339689E-07   0.970261E-08  -0.112227E-07
   0.543000E+04   0.263503E-07   0.518618E-09  -0.491291E-07
   0.543100E+04   0.160431E-07  -0.865408E-08  -0.820608E-07
   0.543200E+04   0.410071E-08  -0.168822E-07  -0.106656E-06
   0.543300E+04  -0.825609E-08  -0.233303E-07  -0.120400E-06
   0.543400E+04  -0.197640E-07  -0.273456E-07  -0.121881E-06
   0.543500E+04  -0.292460E-07  -0.285248E-07  -0.110936E-06
   0.543600E+04  -0.357313E-07  -0.267551E-07  -0.886691E-07
   0.543700E+04  -0.385548E-07  -0.222250E-07  -0.573386E-07
   0.543800E+04  -0.374248E-07  -0.154058E-07  -0.201297E-07
   0.543900E+04  -0.324538E-07  -0.700266E-08   0.191703E-07
   0.544000E+04  -0.241464E-07   0.211757E-08   0.565571E-07
   0.544100E+04  -0.133490E-07   0.110148E-07   0.882176E-07
   0.544200E+04  -0.116309E-08   0.187723E-07   0.110918E-06
   0.544300E+04   0.111665E-07   0.245902E-07   0.122337E-06
   0.544400E+04   0.223787E-07   0.278679E-07   0.121296E-06
   0.544500E+04   0.313249E-07   0.282652E-07   0.107891E-06
   0.544600E+04   0.370864E-07   0.257379E-07   0.834746E-07
   0.544700E+04   0.390682E-07   0.205419E-07   0.505243E-07
   0.544800E+04   0.370603E-07   0.132076E-07   0.123900E-07
   0.544900E+04   0.312596E-07   0.448541E-08  -0.270467E-07
   0.545000E+04   0.222504E-07  -0.473049E-08  -0.637678E-07
   0.545100E+04   0.109452E-07  -0.134942E-07  -0.940279E-07
   0.545200E+04  -0.150804E-08  -0.209047E-07  -0.114737E-06
   0.545300E+04  -0.138424E-07  -0.261985E-07  -0.123774E-06
   0.545400E+04  -0.248012E-07  -0.288280E-07  -0.120209E-06
   0.545500E+04  -0.332662E-07  -0.285181E-07  -0.104392E-06
   0.545600E+04  -0.383717E-07  -0.252948E-07  -0.779246E-07
   0.545700E+04  -0.395934E-07  -0.194829E-07  -0.434960E-07
   0.545800E+04  -0.368017E-07  -0.116734E-07  -0.460938E-08
   0.545900E+04  -0.302762E-07  -0.266360E-08   0.347736E-07
   0.546000E+04  -0.206770E-07   0.662474E-08   0.706361E-07
   0.546100E+04  -0.897854E-08   0.152392E-07   0.993155E-07
   0.546200E+04   0.362984E-08   0.222944E-07   0.117877E-06
   0.546300E+04   0.158645E-07   0.270630E-07   0.124414E-06
   0.546400E+04   0.264784E-07   0.290505E-07   0.118244E-06
   0.546500E+04   0.343880E-07   0.280464E-07   0.999754E-07
   0.546600E+04   0.387843E-07   0.241467E-07   0.714542E-07
   0.546700E+04   0.392152E-07   0.177447E-07   0.355712E-07
   0.546800E+04   0.356324E-07   0.949151E-08  -0.402890E-08
   0.546900E+04   0.283967E-07   0.230186E-09  -0.433184E-07
   0.547000E+04   0.182414E-07  -0.909015E-08  -0.782963E-07
   0.547100E+04   0.619889E-08  -0.175111E-07  -0.105396E-06
   0.547200E+04  -0.650490E-08  -0.241632E-07  -0.121850E-06
   0.547300E+04  -0.185748E-07  -0.283549E-07  -0.125969E-06
   0.547400E+04  -0.287782E-07  -0.296441E-07  -0.117321E-06
   0.547500E+04  -0.360708E-07  -0.278841E-07  -0.967715E-07
   0.547600E+04  -0.397034E-07  -0.232395E-07  -0.663974E-07
   0.547700E+04  -0.392980E-07  -0.161707E-07  -0.292786E-07
   0.547800E+04  -0.348875E-07  -0.738754E-08   0.108164E-07
   0.547900E+04  -0.269124E-07   0.222213E-08   0.498134E-07
   0.548000E+04  -0.161764E-07   0.116824E-07   0.837470E-07
   0.548100E+04  -0.376566E-08   0.200285E-07   0.109165E-06
   0.548200E+04   0.906218E-08   0.264054E-07   0.123479E-06
   0.548300E+04   0.210052E-07   0.301550E-07   0.125232E-06
   0.548400E+04   0.308499E-07   0.308840E-07   0.114243E-06
   0.548500E+04   0.375946E-07   0.285050E-07   0.916306E-07
   0.548600E+04   0.405517E-07   0.232457E-07   0.596975E-07
   0.548700E+04   0.394177E-07   0.156276E-07   0.216979E-07
   0.548800E+04   0.343048E-07   0.641351E-08  -0.184940E-07
   0.548900E+04   0.257294E-07  -0.346948E-08  -0.567780E-07
   0.549000E+04   0.145602E-07  -0.130233E-07  -0.892458E-07
   0.549100E+04   0.192990E-08  -0.212801E-07  -0.112579E-06
   0.549200E+04  -0.108796E-07  -0.274008E-07  -0.124389E-06
   0.549300E+04  -0.225677E-07  -0.307604E-07  -0.123459E-06
   0.549400E+04  -0.319474E-07  -0.310120E-07  -0.109872E-06
   0.549500E+04  -0.380661E-07  -0.281225E-07  -0.850007E-07
   0.549600E+04  -0.403026E-07  -0.223768E-07  -0.513700E-07
   0.549700E+04  -0.384305E-07  -0.143497E-07  -0.124009E-07
   0.549800E+04  -0.326416E-07  -0.484798E-08   0.279384E-07
   0.549900E+04  -0.235263E-07   0.517076E-08   0.655355E-07
   0.550000E+04  -0.120139E-07   0.146949E-07   0.965534E-07
   0.550100E+04   0.722008E-09   0.227611E-07   0.117822E-06
   0.550200E+04   0.133829E-07   0.285521E-07   0.127160E-06
   0.550300E+04   0.246774E-07   0.314797E-07   0.123602E-06
   0.550400E+04   0.334532E-07   0.312445E-07   0.107493E-06
   0.550500E+04   0.388139E-07   0.278667E-07   0.804593E-07
   0.550600E+04   0.402112E-07   0.216845E-07   0.452389E-07
   0.550700E+04   0.375003E-07   0.133199E-07   0.540812E-08
   0.550800E+04   0.309552E-07   0.361597E-08  -0.349849E-07
   0.550900E+04   0.212408E-07  -0.644803E-08  -0.718313E-07
   0.551000E+04   0.934569E-08  -0.158562E-07  -0.101380E-06
   0.551100E+04  -0.351886E-08  -0.236585E-07  -0.120622E-06
   0.551200E+04  -0.160419E-07  -0.290674E-07  -0.127593E-06
   0.551300E+04  -0.269465E-07  -0.315374E-07  -0.121580E-06
   0.551400E+04  -0.351199E-07  -0.308207E-07  -0.103192E-06
   0.551500E+04  -0.397272E-07  -0.269919E-07  -0.742974E-07
   0.551600E+04  -0.402962E-07  -0.204412E-07  -0.378377E-07
   0.551700E+04  -0.367664E-07  -0.118338E-07   0.247343E-08
   0.551800E+04  -0.294949E-07  -0.204350E-08   0.425277E-07
   0.551900E+04  -0.192206E-07   0.793684E-08   0.782409E-07
   0.552000E+04  -0.698890E-08   0.170956E-07   0.105969E-06
   0.552100E+04   0.595437E-08   0.245053E-07   0.122879E-06
   0.552200E+04   0.182902E-07   0.294165E-07   0.127241E-06
   0.552300E+04   0.287605E-07   0.313344E-07   0.118603E-06
   0.552400E+04   0.362966E-07   0.300683E-07   0.978379E-07
   0.552500E+04   0.401283E-07   0.257516E-07   0.670572E-07
   0.552600E+04   0.398628E-07   0.188275E-07   0.293949E-07
   0.552700E+04   0.355245E-07   0.100044E-07  -0.113102E-07
   0.552800E+04   0.275536E-07   0.183326E-09  -0.509064E-07
   0.552900E+04   0.167608E-07  -0.963365E-08  -0.853513E-07
   0.553000E+04   0.424564E-08  -0.184454E-07  -0.111125E-06
   0.553100E+04  -0.871605E-08  -0.253537E-07  -0.125590E-06
   0.553200E+04  -0.208016E-07  -0.296546E-07  -0.127259E-06
   0.553300E+04  -0.307766E-07  -0.309102E-07  -0.115949E-06
   0.553400E+04  -0.376207E-07  -0.289932E-07  -0.928031E-07
   0.553500E+04  -0.406318E-07  -0.240998E-07  -0.601710E-07
   0.553600E+04  -0.394980E-07  -0.167298E-07  -0.213736E-07
   0.553700E+04  -0.343297E-07  -0.763540E-08   0.196363E-07
   0.553800E+04  -0.256485E-07   0.225499E-08   0.586757E-07
   0.553900E+04  -0.143349E-07   0.119318E-07   0.917586E-07
   0.554000E+04  -0.153816E-08   0.204069E-07   0.115502E-06
   0.554100E+04   0.114401E-07   0.268145E-07   0.127473E-06
   0.554200E+04   0.232786E-07   0.304993E-07   0.126437E-06
   0.554300E+04   0.327713E-07   0.310836E-07   0.112483E-06
   0.554400E+04   0.389500E-07   0.285055E-07   0.870201E-07
   0.554500E+04   0.411833E-07   0.230253E-07   0.526318E-07
   0.554600E+04   0.392416E-07   0.151994E-07   0.128154E-07
   0.554700E+04   0.333203E-07   0.582323E-08  -0.283745E-07
   0.554800E+04   0.240202E-07  -0.414978E-08  -0.667384E-07
   0.554900E+04   0.122869E-07  -0.137053E-07  -0.983601E-07
   0.555000E+04  -0.685698E-09  -0.218716E-07  -0.120006E-06
   0.555100E+04  -0.135769E-07  -0.278188E-07  -0.129457E-06
   0.555200E+04  -0.250738E-07  -0.309436E-07  -0.125734E-06
   0.555300E+04  -0.340050E-07  -0.309306E-07  -0.109199E-06
   0.555400E+04  -0.394605E-07  -0.277849E-07  -0.815225E-07
   0.555500E+04  -0.408842E-07  -0.218316E-07  -0.455115E-07
   0.555600E+04  -0.381313E-07  -0.136824E-07  -0.482573E-08
   0.555700E+04  -0.314832E-07  -0.417357E-08   0.363943E-07
   0.555800E+04  -0.216188E-07   0.571992E-08   0.739492E-07
   0.555900E+04  -0.954598E-08   0.149836E-07   0.104009E-06
   0.556000E+04   0.350150E-08   0.226676E-07   0.123503E-06
   0.556100E+04   0.161894E-07   0.279835E-07   0.130435E-06
   0.556200E+04   0.272193E-07   0.303856E-07   0.124086E-06
   0.556300E+04   0.354611E-07   0.296267E-07   0.105092E-06
   0.556400E+04   0.400687E-07   0.257837E-07   0.753759E-07
   0.556500E+04   0.405663E-07   0.192505E-07   0.379579E-07
   0.556600E+04   0.368977E-07   0.106976E-07  -0.335504E-08
   0.556700E+04   0.294323E-07   0.100440E-08  -0.443550E-07
   0.556800E+04   0.189280E-07  -0.883099E-08  -0.808617E-07
   0.556900E+04   0.645393E-08  -0.177933E-07  -0.109149E-06
   0.557000E+04  -0.671790E-08  -0.249541E-07  -0.126324E-06
   0.557100E+04  -0.192425E-07  -0.295671E-07  -0.130625E-06
   0.557200E+04  -0.298388E-07  -0.311448E-07  -0.121602E-06
   0.557300E+04  -0.374208E-07  -0.295090E-07  -0.100160E-06
   0.557400E+04  -0.412083E-07  -0.248100E-07  -0.684737E-07
   0.557500E+04  -0.408072E-07  -0.175115E-07  -0.297640E-07
   0.557600E+04  -0.362499E-07  -0.834489E-08   0.120289E-07
   0.557700E+04  -0.279926E-07   0.176519E-08   0.526461E-07
   0.557800E+04  -0.168694E-07   0.117944E-07   0.879437E-07
   0.557900E+04  -0.400792E-08   0.207231E-07   0.114316E-06
   0.558000E+04   0.928588E-08   0.276395E-07   0.129062E-06
   0.558100E+04   0.216601E-07   0.318338E-07   0.130666E-06
   0.558200E+04   0.318549E-07   0.328698E-07   0.118946E-06
   0.558300E+04   0.388310E-07   0.306307E-07   0.950808E-07
   0.558400E+04   0.418757E-07   0.253312E-07   0.614886E-07
   0.558500E+04   0.406762E-07   0.174965E-07   0.215806E-07
   0.558600E+04   0.353515E-07   0.790940E-08  -0.205840E-07
   0.558700E+04   0.264409E-07  -0.246844E-08  -0.607114E-07
   0.558800E+04   0.148496E-07  -0.125942E-07  -0.947108E-07
   0.558900E+04   0.175643E-08  -0.214496E-07  -0.119111E-06
   0.559000E+04  -0.115059E-07  -0.281440E-07  -0.131417E-06
   0.559100E+04  -0.235865E-07  -0.320053E-07  -0.130361E-06
   0.559200E+04  -0.332540E-07  -0.326483E-07  -0.116036E-06
   0.559300E+04  -0.395226E-07  -0.300139E-07  -0.898895E-07
   0.559400E+04  -0.417521E-07  -0.243755E-07  -0.545721E-07
   0.559500E+04  -0.397143E-07  -0.163114E-07  -0.136730E-07
   0.559600E+04  -0.336161E-07  -0.664601E-08   0.286469E-07
   0.559700E+04  -0.240791E-07   0.363343E-08   0.680775E-07
   0.559800E+04  -0.120764E-07   0.134775E-07   0.100599E-06
   0.559900E+04   0.116617E-08   0.218812E-07   0.122893E-06
   0.560000E+04   0.142949E-07   0.279862E-07   0.132679E-06
   0.560100E+04   0.259665E-07   0.311685E-07   0.128949E-06
   0.560200E+04   0.349848E-07   0.311018E-07   0.112073E-06
   0.560300E+04   0.404232E-07   0.277911E-07   0.837585E-07
   0.560400E+04   0.417196E-07   0.215727E-07   0.468833E-07
   0.560500E+04   0.387345E-07   0.130799E-07   0.519880E-08
   0.560600E+04   0.317651E-07   0.317902E-08  -0.370495E-07
   0.560700E+04   0.215163E-07  -0.711868E-08  -0.755548E-07
   0.560800E+04   0.902916E-08  -0.167597E-07  -0.106387E-06
   0.560900E+04  -0.442504E-08  -0.247557E-07  -0.126397E-06
   0.561000E+04  -0.174739E-07  -0.302839E-07  -0.133531E-06
   0.561100E+04  -0.287836E-07  -0.327712E-07  -0.127051E-06
   0.561200E+04  -0.371955E-07  -0.319529E-07  -0.107602E-06
   0.561300E+04  -0.418438E-07  -0.278996E-07  -0.771550E-07
   0.561400E+04  -0.422449E-07  -0.210111E-07  -0.388010E-07
   0.561500E+04  -0.383467E-07  -0.119756E-07   0.355817E-08
   0.561600E+04  -0.305351E-07  -0.170034E-08   0.456091E-07
   0.561700E+04  -0.195949E-07   0.878004E-08   0.830655E-07
   0.561800E+04  -0.663080E-08   0.184087E-07   0.112105E-06
   0.561900E+04   0.704507E-08   0.262138E-07   0.129760E-06
   0.562000E+04   0.200460E-07   0.314066E-07   0.134219E-06
   0.562100E+04   0.310522E-07   0.334624E-07   0.125017E-06
   0.562200E+04   0.389449E-07   0.321728E-07   0.103076E-06
   0.562300E+04   0.429205E-07   0.276679E-07   0.706222E-07
   0.562400E+04   0.425729E-07   0.204020E-07   0.309531E-07
   0.562500E+04   0.379351E-07   0.111083E-07  -0.118945E-07
   0.562600E+04   0.294763E-07   0.724231E-09  -0.535559E-07
   0.562700E+04   0.180543E-07  -0.970415E-08  -0.897832E-07
   0.562800E+04   0.482894E-08  -0.191278E-07  -0.116878E-06
   0.562900E+04  -0.885619E-08  -0.266015E-07  -0.132070E-06
   0.563000E+04  -0.216101E-07  -0.313794E-07  -0.133798E-06
   0.563100E+04  -0.321360E-07  -0.329908E-07  -0.121874E-06
   0.563200E+04  -0.393638E-07  -0.312871E-07  -0.974993E-07
   0.563300E+04  -0.425588E-07  -0.264569E-07  -0.631479E-07
   0.563400E+04  -0.413969E-07  -0.190058E-07  -0.223120E-07
   0.563500E+04  -0.359982E-07  -0.970477E-08   0.208511E-07
   0.563600E+04  -0.269145E-07   0.489531E-09   0.619427E-07
   0.563700E+04  -0.150738E-07   0.105322E-07   0.967706E-07
   0.563800E+04  -0.168567E-08   0.193972E-07   0.121777E-06
   0.563900E+04   0.118816E-07   0.261823E-07   0.134401E-06
   0.564000E+04   0.242407E-07   0.302009E-07   0.133341E-06
   0.564100E+04   0.341267E-07   0.310527E-07   0.118691E-06
   0.564200E+04   0.405260E-07   0.286639E-07   0.919285E-07
   0.564300E+04   0.427802E-07   0.232945E-07   0.557673E-07
   0.564400E+04   0.406534E-07   0.155119E-07   0.138826E-07
   0.564500E+04   0.343567E-07   0.613202E-08  -0.294633E-07
   0.564600E+04   0.245273E-07  -0.386455E-08  -0.698548E-07
   0.564700E+04   0.121637E-07  -0.134331E-07  -0.103173E-06
   0.564800E+04  -0.147559E-08  -0.215726E-07  -0.126014E-06
   0.564900E+04  -0.150003E-07  -0.274285E-07  -0.136042E-06
   0.565000E+04  -0.270300E-07  -0.303811E-07  -0.132221E-06
   0.565100E+04  -0.363349E-07  -0.301097E-07  -0.114928E-06
   0.565200E+04  -0.419614E-07  -0.266262E-07  -0.859114E-07
   0.565300E+04  -0.433298E-07  -0.202748E-07  -0.481186E-07
   0.565400E+04  -0.402941E-07  -0.116972E-07  -0.539302E-08
   0.565500E+04  -0.331570E-07  -0.176787E-08   0.379145E-07
   0.565600E+04  -0.226397E-07   0.849524E-08   0.773894E-07
   0.565700E+04  -0.980954E-08   0.180347E-07   0.109003E-06
   0.565800E+04   0.402937E-08   0.258618E-07   0.129525E-06
   0.565900E+04   0.174680E-07   0.311584E-07   0.136850E-06
   0.566000E+04   0.291362E-07   0.333611E-07   0.130217E-06
   0.566100E+04   0.378423E-07   0.322199E-07   0.110288E-06
   0.566200E+04   0.426950E-07   0.278253E-07   0.790772E-07
   0.566300E+04   0.431941E-07   0.205999E-07   0.397550E-07
   0.566400E+04   0.392826E-07   0.112569E-07  -0.368059E-08
   0.566500E+04   0.313525E-07   0.728621E-09  -0.468072E-07
   0.566600E+04   0.202058E-07  -0.992792E-08  -0.852295E-07
   0.566700E+04   0.697320E-08  -0.196378E-07  -0.115027E-06
   0.566800E+04  -0.700082E-08  -0.274174E-07  -0.133153E-06
   0.566900E+04  -0.202944E-07  -0.324748E-07  -0.137748E-06
   0.567000E+04  -0.315533E-07  -0.342905E-07  -0.128330E-06
   0.567100E+04  -0.396287E-07  -0.326707E-07  -0.105842E-06
   0.567200E+04  -0.436944E-07  -0.277683E-07  -0.725612E-07
   0.567300E+04  -0.433316E-07  -0.200679E-07  -0.318675E-07
   0.567400E+04  -0.385716E-07  -0.103373E-07   0.121018E-07
   0.567500E+04  -0.298936E-07   0.449223E-09   0.548710E-07
   0.567600E+04  -0.181756E-07   0.112097E-07   0.920825E-07
   0.567700E+04  -0.460633E-08   0.208632E-07   0.119941E-06
   0.567800E+04   0.943606E-08   0.284397E-07   0.135599E-06
   0.567900E+04   0.225239E-07   0.331779E-07   0.137453E-06
   0.568000E+04   0.333254E-07   0.346024E-07   0.125301E-06
   0.568100E+04   0.407402E-07   0.325722E-07   0.100370E-06
   0.568200E+04   0.440115E-07   0.272946E-07   0.651889E-07
   0.568300E+04   0.428038E-07   0.193042E-07   0.233354E-07
   0.568400E+04   0.372367E-07   0.940917E-08  -0.209309E-07
   0.568500E+04   0.278740E-07  -0.139127E-08  -0.631000E-07
   0.568600E+04   0.156657E-07  -0.120080E-07  -0.988717E-07
   0.568700E+04   0.185236E-08  -0.213723E-07  -0.124594E-06
   0.568800E+04  -0.121616E-07  -0.285448E-07  -0.137634E-06
   0.568900E+04  -0.249502E-07  -0.328099E-07  -0.136652E-06
   0.569000E+04  -0.352116E-07  -0.337491E-07  -0.121732E-06
   0.569100E+04  -0.419004E-07  -0.312824E-07  -0.943831E-07
   0.569200E+04  -0.443343E-07  -0.256768E-07  -0.573785E-07
   0.569300E+04  -0.422638E-07  -0.175183E-07  -0.144803E-07
   0.569400E+04  -0.358978E-07  -0.765184E-08   0.299458E-07
   0.569500E+04  -0.258827E-07   0.290463E-08   0.713744E-07
   0.569600E+04  -0.132366E-07   0.130645E-07   0.105581E-06
   0.569700E+04   0.754056E-09   0.217834E-07   0.129074E-06
   0.569800E+04   0.146655E-07   0.281657E-07   0.139450E-06
   0.569900E+04   0.270818E-07   0.315561E-07   0.135640E-06
   0.570000E+04   0.367389E-07   0.316064E-07   0.118020E-06
   0.570100E+04   0.426534E-07   0.283113E-07   0.883744E-07
   0.570200E+04   0.442235E-07   0.220088E-07   0.497143E-07
   0.570300E+04   0.412900E-07   0.133461E-07   0.597283E-08
   0.570400E+04   0.341529E-07   0.321294E-08  -0.383956E-07
   0.570500E+04   0.235409E-07  -0.734851E-08  -0.788683E-07
   0.570600E+04   0.105377E-07  -0.172507E-07  -0.111316E-06
   0.570700E+04  -0.352878E-08  -0.254715E-07  -0.132423E-06
   0.570800E+04  -0.172216E-07  -0.311592E-07  -0.140026E-06
   0.570900E+04  -0.291413E-07  -0.337192E-07  -0.133339E-06
   0.571000E+04  -0.380686E-07  -0.328757E-07  -0.113029E-06
   0.571100E+04  -0.430896E-07  -0.286999E-07  -0.811537E-07
   0.571200E+04  -0.436882E-07  -0.216038E-07  -0.409519E-07
   0.571300E+04  -0.398001E-07  -0.122978E-07   0.348570E-08
   0.571400E+04  -0.318193E-07  -0.171940E-08   0.476324E-07
   0.571500E+04  -0.205581E-07   0.906227E-08   0.869864E-07
   0.571600E+04  -0.716516E-08   0.189555E-07   0.117530E-06
   0.571700E+04   0.699214E-08   0.269569E-07   0.136139E-06
   0.571800E+04   0.204665E-07   0.322542E-07   0.140904E-06
   0.571900E+04   0.318788E-07   0.343088E-07   0.131322E-06
   0.572000E+04   0.400583E-07   0.329111E-07   0.108355E-06
   0.572100E+04   0.441632E-07   0.282022E-07   0.743260E-07
   0.572200E+04   0.437664E-07   0.206600E-07   0.326918E-07
   0.572300E+04   0.388996E-07   0.110506E-07  -0.123147E-07
   0.572400E+04   0.300508E-07   0.350621E-09  -0.561121E-07
   0.572500E+04   0.181153E-07  -0.103521E-07  -0.942378E-07
   0.572600E+04   0.430427E-08  -0.199693E-07  -0.122803E-06
   0.572700E+04  -0.997777E-08  -0.275230E-07  -0.138890E-06
   0.572800E+04  -0.232762E-07  -0.322454E-07  -0.140849E-06
   0.572900E+04  -0.342347E-07  -0.336573E-07  -0.128470E-06
   0.573000E+04  -0.417331E-07  -0.316166E-07  -0.103003E-06
   0.573100E+04  -0.450026E-07  -0.263337E-07  -0.670320E-07
   0.573200E+04  -0.437039E-07  -0.183498E-07  -0.242166E-07
   0.573300E+04  -0.379628E-07  -0.848192E-08   0.210844E-07
   0.573400E+04  -0.283575E-07   0.226026E-08   0.642545E-07
   0.573500E+04  -0.158604E-07   0.127772E-07   0.100890E-06
   0.573600E+04  -0.173930E-08   0.219916E-07   0.127250E-06
   0.573700E+04   0.125712E-07   0.289586E-07   0.140637E-06
   0.573800E+04   0.256161E-07   0.329623E-07   0.139673E-06
   0.573900E+04   0.360679E-07   0.335887E-07   0.124443E-06
   0.574000E+04   0.428621E-07   0.307689E-07   0.964861E-07
   0.574100E+04   0.453060E-07   0.247858E-07   0.586397E-07
   0.574200E+04   0.431494E-07   0.162461E-07   0.147532E-07
   0.574300E+04   0.366107E-07   0.601876E-08  -0.307050E-07
   0.574400E+04   0.263546E-07  -0.485370E-08  -0.731012E-07
   0.574500E+04   0.134251E-07  -0.152611E-07  -0.108109E-06
   0.574600E+04  -0.860651E-09  -0.241387E-07  -0.132152E-06
   0.574700E+04  -0.150468E-07  -0.305761E-07  -0.142767E-06
   0.574800E+04  -0.276867E-07  -0.339103E-07  -0.138855E-06
   0.574900E+04  -0.374908E-07  -0.337933E-07  -0.120800E-06
   0.575000E+04  -0.434581E-07  -0.302283E-07  -0.904258E-07
   0.575100E+04  -0.449785E-07  -0.235698E-07  -0.508143E-07
   0.575200E+04  -0.418953E-07  -0.144875E-07  -0.599184E-08
   0.575300E+04  -0.345218E-07  -0.389924E-08   0.394803E-07
   0.575400E+04  -0.236095E-07   0.712310E-08   0.809701E-07
   0.575500E+04  -0.102720E-07   0.174621E-07   0.114247E-06
   0.575600E+04   0.412867E-08   0.260687E-07   0.135913E-06
   0.575700E+04   0.181203E-07   0.320694E-07   0.143751E-06
   0.575800E+04   0.302711E-07   0.348551E-07   0.136951E-06
   0.575900E+04   0.393357E-07   0.341434E-07   0.116194E-06
   0.576000E+04   0.443824E-07   0.300081E-07   0.835838E-07
   0.576100E+04   0.448891E-07   0.228716E-07   0.424354E-07
   0.576200E+04   0.407964E-07   0.134622E-07  -0.306337E-08
   0.576300E+04   0.325149E-07   0.274054E-08  -0.482771E-07
   0.576400E+04   0.208836E-07  -0.819864E-08  -0.885953E-07
   0.576500E+04   0.708468E-08  -0.182376E-07  -0.119902E-06
   0.576600E+04  -0.747626E-08  -0.263495E-07  -0.138996E-06
   0.576700E+04  -0.213136E-07  -0.317035E-07  -0.143917E-06
   0.576800E+04  -0.330132E-07  -0.337491E-07  -0.134151E-06
   0.576900E+04  -0.413765E-07  -0.322730E-07  -0.110678E-06
   0.577000E+04  -0.455434E-07  -0.274209E-07  -0.758765E-07
   0.577100E+04  -0.450806E-07  -0.196832E-07  -0.332844E-07
   0.577200E+04  -0.400258E-07  -0.984492E-08   0.127639E-07
   0.577300E+04  -0.308853E-07   0.109340E-08   0.575765E-07
   0.577400E+04  -0.185826E-07   0.120180E-07   0.965828E-07
   0.577500E+04  -0.436517E-08   0.218151E-07   0.125799E-06
   0.577600E+04   0.103225E-07   0.294843E-07   0.142235E-06
   0.577700E+04   0.239856E-07   0.342410E-07   0.144200E-06
   0.577800E+04   0.352314E-07   0.355963E-07   0.131477E-06
   0.577900E+04   0.429113E-07   0.334072E-07   0.105346E-06
   0.578000E+04   0.462380E-07   0.278914E-07   0.684549E-07
   0.578100E+04   0.448666E-07   0.196057E-07   0.245501E-07
   0.578200E+04   0.389298E-07   0.938931E-08  -0.219022E-07
   0.578300E+04   0.290257E-07  -0.172129E-08  -0.661717E-07
   0.578400E+04   0.161566E-07  -0.125979E-07  -0.103746E-06
   0.578500E+04   0.162847E-08  -0.221354E-07  -0.130790E-06
   0.578600E+04  -0.130827E-07  -0.293646E-07  -0.144538E-06
   0.578700E+04  -0.264801E-07  -0.335510E-07  -0.143578E-06
   0.578800E+04  -0.371992E-07  -0.342703E-07  -0.127993E-06
   0.578900E+04  -0.441465E-07  -0.314512E-07  -0.993579E-07
   0.579000E+04  -0.466109E-07  -0.253841E-07  -0.605799E-07
   0.579100E+04  -0.443371E-07  -0.166909E-07  -0.156020E-07
   0.579200E+04  -0.375517E-07  -0.626247E-08   0.309969E-07
   0.579300E+04  -0.269406E-07   0.483177E-08   0.744681E-07
   0.579400E+04  -0.135795E-07   0.154530E-07   0.110377E-06
   0.579500E+04   0.117483E-08   0.245087E-07   0.135055E-06
   0.579600E+04   0.158231E-07   0.310642E-07   0.145976E-06
   0.579700E+04   0.288755E-07   0.344382E-07   0.142011E-06
   0.579800E+04   0.390039E-07   0.342720E-07   0.123550E-06
   0.579900E+04   0.451769E-07   0.305673E-07   0.924590E-07
   0.580000E+04   0.467653E-07   0.236854E-07   0.518939E-07
   0.580100E+04   0.436065E-07   0.143117E-07   0.597943E-08
   0.580200E+04   0.360214E-07   0.338572E-08  -0.406105E-07
   0.580300E+04   0.247822E-07  -0.799383E-08  -0.831282E-07
   0.580400E+04   0.110336E-07  -0.186810E-07  -0.117236E-06
   0.580500E+04  -0.382293E-08  -0.275991E-07  -0.139450E-06
   0.580600E+04  -0.182723E-07  -0.338501E-07  -0.147494E-06
   0.580700E+04  -0.308401E-07  -0.368062E-07  -0.140533E-06
   0.580800E+04  -0.402428E-07  -0.361739E-07  -0.119262E-06
   0.580900E+04  -0.455188E-07  -0.320239E-07  -0.858343E-07
   0.581000E+04  -0.461270E-07  -0.247839E-07  -0.436442E-07
   0.581100E+04  -0.420021E-07  -0.151955E-07   0.301763E-08
   0.581200E+04  -0.335619E-07  -0.423825E-08   0.494008E-07
   0.581300E+04  -0.216651E-07   0.696956E-08   0.907785E-07
   0.581400E+04  -0.752399E-08   0.172852E-07   0.122930E-06
   0.581500E+04   0.741853E-08   0.256580E-07   0.142570E-06
   0.581600E+04   0.216362E-07   0.312360E-07   0.147686E-06
   0.581700E+04   0.336747E-07   0.334536E-07   0.137744E-06
   0.581800E+04   0.423003E-07   0.320887E-07   0.113744E-06
   0.581900E+04   0.466260E-07   0.272860E-07   0.781192E-07
   0.582000E+04   0.462021E-07   0.195420E-07   0.344909E-07
   0.582100E+04   0.410629E-07   0.965446E-08  -0.127006E-07
   0.582200E+04   0.317237E-07  -0.135846E-08  -0.586477E-07
   0.582300E+04   0.191290E-07  -0.123625E-07  -0.986647E-07
   0.582400E+04   0.455623E-08  -0.222229E-07  -0.128666E-06
   0.582500E+04  -0.105133E-07  -0.299203E-07  -0.145583E-06
   0.582600E+04  -0.245457E-07  -0.346549E-07  -0.147677E-06
   0.582700E+04  -0.361108E-07  -0.359286E-07  -0.134719E-06
   0.582800E+04  -0.440276E-07  -0.335958E-07  -0.108014E-06
   0.582900E+04  -0.474855E-07  -0.278793E-07  -0.702703E-07
   0.583000E+04  -0.461272E-07  -0.193473E-07  -0.253215E-07
   0.583100E+04  -0.400854E-07  -0.885629E-08   0.222586E-07
   0.583200E+04  -0.299703E-07   0.253614E-08   0.676244E-07
   0.583300E+04  -0.168079E-07   0.136789E-07   0.106151E-06
   0.583400E+04  -0.193577E-08   0.234448E-07   0.133907E-06
   0.583500E+04   0.131327E-07   0.308453E-07   0.148053E-06
   0.583600E+04   0.268622E-07   0.351319E-07   0.147137E-06
   0.583700E+04   0.378522E-07   0.358722E-07   0.131238E-06
   0.583800E+04   0.449794E-07   0.329948E-07   0.101964E-06
   0.583900E+04   0.475131E-07   0.267966E-07   0.622859E-07
   0.584000E+04   0.451893E-07   0.179131E-07   0.162403E-07
   0.584100E+04   0.382390E-07   0.725413E-08  -0.314852E-07
   0.584200E+04   0.273646E-07  -0.408912E-08  -0.760272E-07
   0.584300E+04   0.136694E-07  -0.149547E-07  -0.112842E-06
   0.584400E+04  -0.145481E-08  -0.242286E-07  -0.138170E-06
   0.584500E+04  -0.164686E-07  -0.309582E-07  -0.149417E-06
   0.584600E+04  -0.298419E-07  -0.344495E-07  -0.145426E-06
   0.584700E+04  -0.402099E-07  -0.343384E-07  -0.126588E-06
   0.584800E+04  -0.465118E-07  -0.306279E-07  -0.948097E-07
   0.584900E+04  -0.480998E-07  -0.236882E-07  -0.533202E-07
   0.585000E+04  -0.448049E-07  -0.142194E-07  -0.634011E-08
   0.585100E+04  -0.369550E-07  -0.318041E-08   0.413454E-07
   0.585200E+04  -0.253421E-07   0.830857E-08   0.848747E-07
   0.585300E+04  -0.111418E-07   0.190800E-07   0.119805E-06
   0.585400E+04   0.420547E-08   0.280380E-07   0.142565E-06
   0.585500E+04   0.191413E-07   0.342700E-07   0.150821E-06
   0.585600E+04   0.321475E-07   0.371398E-07   0.143717E-06
   0.585700E+04   0.419007E-07   0.363527E-07   0.121959E-06
   0.585800E+04   0.474073E-07   0.319859E-07   0.877493E-07
   0.585900E+04   0.481050E-07   0.244802E-07   0.445622E-07
   0.586000E+04   0.439200E-07   0.145959E-07  -0.321027E-08
   0.586100E+04   0.352752E-07   0.333510E-08  -0.507041E-07
   0.586200E+04   0.230473E-07  -0.816037E-08  -0.930788E-07
   0.586300E+04   0.847815E-08  -0.187254E-07  -0.126011E-06
   0.586400E+04  -0.695171E-08  -0.272903E-07  -0.146134E-06
   0.586500E+04  -0.216735E-07  -0.329904E-07  -0.151387E-06
   0.586600E+04  -0.341897E-07  -0.352541E-07  -0.141219E-06
   0.586700E+04  -0.432271E-07  -0.338614E-07  -0.116654E-06
   0.586800E+04  -0.478658E-07  -0.289669E-07  -0.801809E-07
   0.586900E+04  -0.476338E-07  -0.210838E-07  -0.355080E-07
   0.587000E+04  -0.425548E-07  -0.110318E-07   0.128179E-07
   0.587100E+04  -0.331462E-07   0.146313E-09   0.598734E-07
   0.587200E+04  -0.203668E-07   0.112915E-07   0.100859E-06
   0.587300E+04  -0.551886E-08   0.212466E-07   0.131590E-06
   0.587400E+04   0.988398E-08   0.289751E-07   0.148923E-06
   0.587500E+04   0.242712E-07   0.336673E-07   0.151076E-06
   0.587600E+04   0.361752E-07   0.348237E-07   0.137814E-06
   0.587700E+04   0.443814E-07   0.323063E-07   0.110472E-06
   0.587800E+04   0.480517E-07   0.263540E-07   0.718243E-07
   0.587900E+04   0.468105E-07   0.175586E-07   0.257980E-07
   0.588000E+04   0.407833E-07   0.680531E-08  -0.229224E-07
   0.588100E+04   0.305839E-07  -0.481712E-08  -0.693730E-07
   0.588200E+04   0.172524E-07  -0.161270E-07  -0.108816E-06
   0.588300E+04   0.214917E-08  -0.259703E-07  -0.137224E-06
   0.588400E+04  -0.131837E-07  -0.333378E-07  -0.151688E-06
   0.588500E+04  -0.271796E-07  -0.374691E-07  -0.150720E-06
   0.588600E+04  -0.384073E-07  -0.379297E-07  -0.134402E-06
   0.588700E+04  -0.457171E-07  -0.346567E-07  -0.104381E-06
   0.588800E+04  -0.483587E-07  -0.279654E-07  -0.637030E-07
   0.588900E+04  -0.460576E-07  -0.185178E-07  -0.165025E-07
   0.589000E+04  -0.390441E-07  -0.725626E-08   0.324162E-07
   0.589100E+04  -0.280301E-07   0.469257E-08   0.780689E-07
   0.589200E+04  -0.141368E-07   0.161316E-07   0.115799E-06
   0.589300E+04   0.121891E-08   0.259153E-07   0.141754E-06
   0.589400E+04   0.164693E-07   0.330660E-07   0.153275E-06
   0.589500E+04   0.300551E-07   0.368737E-07   0.149174E-06
   0.589600E+04   0.405851E-07   0.369682E-07   0.129854E-06
   0.589700E+04   0.469780E-07   0.333573E-07   0.972681E-07
   0.589800E+04   0.485735E-07   0.264259E-07   0.547248E-07
   0.589900E+04   0.451999E-07   0.168967E-07   0.655041E-08
   0.590000E+04   0.371925E-07   0.575720E-08  -0.423505E-07
   0.590100E+04   0.253600E-07  -0.584152E-08  -0.869944E-07
   0.590200E+04   0.109024E-07  -0.167020E-07  -0.122827E-06
   0.590300E+04  -0.471011E-08  -0.257028E-07  -0.146187E-06
   0.590400E+04  -0.198877E-07  -0.319129E-07  -0.154681E-06
   0.590500E+04  -0.330821E-07  -0.346877E-07  -0.147429E-06
   0.590600E+04  -0.429449E-07  -0.337345E-07  -0.125156E-06
   0.590700E+04  -0.484652E-07  -0.291433E-07  -0.901152E-07
   0.590800E+04  -0.490730E-07  -0.213783E-07  -0.458674E-07
   0.590900E+04  -0.446980E-07  -0.112307E-07   0.308710E-08
   0.591000E+04  -0.357774E-07   0.261557E-09   0.517634E-07
   0.591100E+04  -0.232122E-07   0.119194E-07   0.952003E-07
   0.591200E+04  -0.827547E-08   0.225430E-07   0.128967E-06
   0.591300E+04   0.751644E-08   0.310340E-07   0.149613E-06
   0.591400E+04   0.225583E-07   0.365086E-07   0.155024E-06
   0.591500E+04   0.353194E-07   0.383879E-07   0.144636E-06
   0.591600E+04   0.444996E-07   0.364579E-07   0.119498E-06
   0.591700E+04   0.491620E-07   0.308922E-07   0.821610E-07
   0.591800E+04   0.488290E-07   0.222355E-07   0.364253E-07
   0.591900E+04   0.435311E-07   0.113486E-07  -0.130492E-07
   0.592000E+04   0.338047E-07  -0.677950E-09  -0.612161E-07
   0.592100E+04   0.206377E-07  -0.126347E-07  -0.103157E-06
   0.592200E+04   0.536948E-08  -0.233162E-07  -0.134582E-06
   0.592300E+04  -0.104453E-07  -0.316432E-07  -0.152270E-06
   0.592400E+04  -0.251948E-07  -0.367730E-07  -0.154397E-06
   0.592500E+04  -0.373743E-07  -0.381855E-07  -0.140724E-06
   0.592600E+04  -0.457396E-07  -0.357368E-07  -0.112622E-06
   0.592700E+04  -0.494341E-07  -0.296742E-07  -0.729348E-07
   0.592800E+04  -0.480764E-07  -0.206119E-07  -0.256935E-07
   0.592900E+04  -0.417999E-07  -0.946927E-08   0.242975E-07
   0.593000E+04  -0.312395E-07   0.262246E-08   0.719466E-07
   0.593100E+04  -0.174675E-07   0.144344E-07   0.112394E-06
   0.593200E+04  -0.188485E-08   0.247652E-07   0.141509E-06
   0.593300E+04   0.139215E-07   0.325625E-07   0.156308E-06
   0.593400E+04   0.283400E-07   0.370306E-07   0.155264E-06
   0.593500E+04   0.398985E-07   0.377112E-07   0.138463E-06
   0.593600E+04   0.474150E-07   0.345306E-07   0.107594E-06
   0.593700E+04   0.501181E-07   0.278069E-07   0.657820E-07
   0.593800E+04   0.477260E-07   0.182188E-07   0.172705E-07
   0.593900E+04   0.404760E-07   0.673636E-08  -0.330107E-07
   0.594000E+04   0.291008E-07  -0.547742E-08  -0.799466E-07
   0.594100E+04   0.147545E-07  -0.171844E-07  -0.118758E-06
   0.594200E+04  -0.110472E-08  -0.271974E-07  -0.145487E-06
   0.594300E+04  -0.168625E-07  -0.345009E-07  -0.157406E-06
   0.594400E+04  -0.309130E-07  -0.383545E-07  -0.153291E-06
   0.594500E+04  -0.418222E-07  -0.383682E-07  -0.133552E-06
   0.594600E+04  -0.484743E-07  -0.345426E-07  -0.100189E-06
   0.594700E+04  -0.501858E-07  -0.272689E-07  -0.565951E-07
   0.594800E+04  -0.467755E-07  -0.172894E-07  -0.720635E-08
   0.594900E+04  -0.385837E-07  -0.562219E-08   0.429458E-07
   0.595000E+04  -0.264378E-07   0.654248E-08   0.887479E-07
   0.595100E+04  -0.115688E-07   0.179630E-07   0.125526E-06
   0.595200E+04   0.451362E-08   0.274730E-07   0.149520E-06
   0.595300E+04   0.201748E-07   0.341000E-07   0.158273E-06
   0.595400E+04   0.338212E-07   0.371646E-07   0.150878E-06
   0.595500E+04   0.440627E-07   0.363500E-07   0.128072E-06
   0.595600E+04   0.498545E-07   0.317342E-07   0.921672E-07
   0.595700E+04   0.506037E-07   0.237827E-07   0.468121E-07
   0.595800E+04   0.462301E-07   0.133015E-07  -0.337714E-08
   0.595900E+04   0.371746E-07   0.135458E-08  -0.532863E-07
   0.596000E+04   0.243552E-07  -0.108433E-07  -0.978245E-07
   0.596100E+04   0.907312E-08  -0.220509E-07  -0.132443E-06
   0.596200E+04  -0.711859E-08  -0.311263E-07  -0.153598E-06
   0.596300E+04  -0.225736E-07  -0.371436E-07  -0.159117E-06
   0.596400E+04  -0.357198E-07  -0.394869E-07  -0.148417E-06
   0.596500E+04  -0.452193E-07  -0.379137E-07  -0.122569E-06
   0.596600E+04  -0.501052E-07  -0.325790E-07  -0.841890E-07
   0.596700E+04  -0.498801E-07  -0.240207E-07  -0.371734E-07
   0.596800E+04  -0.445671E-07  -0.131042E-07   0.136963E-07
   0.596900E+04  -0.347078E-07  -0.934512E-09   0.632401E-07
   0.597000E+04  -0.213077E-07   0.112557E-07   0.106407E-06
   0.597100E+04  -0.573371E-08   0.222321E-07   0.138791E-06
   0.597200E+04   0.104249E-07   0.308844E-07   0.157079E-06
   0.597300E+04   0.255183E-07   0.363394E-07   0.159390E-06
   0.597400E+04   0.380041E-07   0.380502E-07   0.145469E-06
   0.597500E+04   0.466050E-07   0.358521E-07   0.116717E-06
   0.597600E+04   0.504390E-07   0.299795E-07   0.760429E-07
   0.597700E+04   0.491098E-07   0.210423E-07   0.275775E-07
   0.597800E+04   0.427474E-07   0.996404E-08  -0.237522E-07
   0.597900E+04   0.319957E-07  -0.211256E-08  -0.727220E-07
   0.598000E+04   0.179466E-07  -0.139416E-07  -0.114343E-06
   0.598100E+04   0.202973E-08  -0.243013E-07  -0.144370E-06
   0.598200E+04  -0.141337E-07  -0.321186E-07  -0.159734E-06
   0.598300E+04  -0.288954E-07  -0.365790E-07  -0.158858E-06
   0.598400E+04  -0.407488E-07  -0.372098E-07  -0.141817E-06
   0.598500E+04  -0.484821E-07  -0.339290E-07  -0.110335E-06
   0.598600E+04  -0.513027E-07  -0.270537E-07  -0.676066E-07
   0.598700E+04  -0.489181E-07  -0.172691E-07  -0.179761E-07
   0.598800E+04  -0.415665E-07  -0.555851E-08   0.335046E-07
   0.598900E+04  -0.299925E-07   0.689612E-08   0.815911E-07
   0.599000E+04  -0.153721E-07   0.188342E-07   0.121380E-06
   0.599100E+04   0.806890E-09   0.290449E-07   0.148808E-06
   0.599200E+04   0.168965E-07   0.364901E-07   0.161070E-06
   0.599300E+04   0.312565E-07   0.404104E-07   0.156903E-06
   0.599400E+04   0.424215E-07   0.404024E-07   0.136717E-06
   0.599500E+04   0.492507E-07   0.364600E-07   0.102555E-06
   0.599600E+04   0.510448E-07   0.289753E-07   0.578869E-07
   0.599700E+04   0.476174E-07   0.186988E-07   0.725682E-08
   0.599800E+04   0.393149E-07   0.666326E-08  -0.441796E-07
   0.599900E+04   0.269813E-07  -0.592137E-08  -0.911794E-07
   0.600000E+04   0.118732E-07  -0.177909E-07  -0.128947E-06
   0.600100E+04  -0.446852E-08  -0.277554E-07  -0.153624E-06
   0.600200E+04  -0.203754E-07  -0.348207E-07  -0.162681E-06
   0.600300E+04  -0.342214E-07  -0.382889E-07  -0.155181E-06
   0.600400E+04  -0.445890E-07  -0.378296E-07  -0.131872E-06
   0.600500E+04  -0.504139E-07  -0.335135E-07  -0.951149E-07
   0.600600E+04  -0.510944E-07  -0.258046E-07  -0.486439E-07
   0.600700E+04  -0.465531E-07  -0.155127E-07   0.281271E-08
   0.600800E+04  -0.372457E-07  -0.371061E-08   0.540139E-07
   0.600900E+04  -0.241150E-07   0.837603E-08   0.997392E-07
   0.601000E+04  -0.849559E-08   0.194939E-07   0.135322E-06
   0.601100E+04   0.802172E-08   0.284907E-07   0.157123E-06
   0.601200E+04   0.237519E-07   0.344328E-07   0.162907E-06
   0.601300E+04   0.370874E-07   0.367018E-07   0.152067E-06
   0.601400E+04   0.466622E-07   0.350577E-07   0.125692E-06
   0.601500E+04   0.514913E-07   0.296639E-07   0.864550E-07
   0.601600E+04   0.510719E-07   0.210714E-07   0.383436E-07
   0.601700E+04   0.454357E-07   0.101625E-07  -0.137457E-07
   0.601800E+04   0.351457E-07  -0.193880E-08  -0.645054E-07
   0.601900E+04   0.212406E-07  -0.139817E-07  -0.108758E-06
   0.602000E+04   0.512913E-08  -0.247165E-07  -0.141983E-06
   0.602100E+04  -0.115528E-07  -0.330225E-07  -0.160778E-06
   0.602200E+04  -0.271079E-07  -0.380236E-07  -0.163211E-06
   0.602300E+04  -0.399511E-07  -0.391778E-07  -0.149012E-06
   0.602400E+04  -0.487699E-07  -0.363347E-07  -0.119607E-06
   0.602500E+04  -0.526594E-07  -0.297512E-07  -0.779724E-07
   0.602600E+04  -0.512143E-07  -0.200669E-07  -0.283362E-07
   0.602700E+04  -0.445712E-07  -0.824030E-08   0.242554E-07
   0.602800E+04  -0.333949E-07   0.454838E-08   0.744491E-07
   0.602900E+04  -0.188120E-07   0.170162E-07   0.117130E-06
   0.603000E+04  -0.229624E-08   0.279080E-07   0.147945E-06
   0.603100E+04   0.144805E-07   0.361236E-07   0.163742E-06
   0.603200E+04   0.298182E-07   0.408303E-07   0.162899E-06
   0.603300E+04   0.421617E-07   0.415477E-07   0.145487E-06
   0.603400E+04   0.502588E-07   0.381967E-07   0.113264E-06
   0.603500E+04   0.532876E-07   0.311086E-07   0.695001E-07
   0.603600E+04   0.509410E-07   0.209917E-07   0.186430E-07
   0.603700E+04   0.434573E-07   0.885985E-08  -0.341321E-07
   0.603800E+04   0.315973E-07  -0.407039E-08  -0.834502E-07
   0.603900E+04   0.165664E-07  -0.165028E-07  -0.124284E-06
   0.604000E+04  -0.107633E-09  -0.271931E-07  -0.152466E-06
   0.604100E+04  -0.167297E-07  -0.350755E-07  -0.165115E-06
   0.604200E+04  -0.316103E-07  -0.393709E-07  -0.160930E-06
   0.604300E+04  -0.432369E-07  -0.396656E-07  -0.140326E-06
   0.604400E+04  -0.504288E-07  -0.359539E-07  -0.105390E-06
   0.604500E+04  -0.524565E-07  -0.286383E-07  -0.596741E-07
   0.604600E+04  -0.491169E-07  -0.184881E-07  -0.783060E-08
   0.604700E+04  -0.407536E-07  -0.656113E-08   0.448577E-07
   0.604800E+04  -0.282226E-07   0.590420E-08   0.930172E-07
   0.604900E+04  -0.128047E-07   0.176156E-07   0.131731E-06
   0.605000E+04   0.392481E-08   0.273590E-07   0.157041E-06
   0.605100E+04   0.202562E-07   0.341224E-07   0.166350E-06
   0.605200E+04   0.345202E-07   0.371999E-07   0.158692E-06
   0.605300E+04   0.452578E-07   0.362639E-07   0.134829E-06
   0.605400E+04   0.513693E-07   0.313994E-07   0.971745E-07
   0.605500E+04   0.522266E-07   0.230956E-07   0.495536E-07
   0.605600E+04   0.477377E-07   0.121965E-07  -0.319038E-08
   0.605700E+04   0.383561E-07  -0.184467E-09  -0.556857E-07
   0.605800E+04   0.250351E-07  -0.127781E-07  -0.102580E-06
   0.605900E+04   0.913088E-08  -0.242885E-07  -0.139087E-06
   0.606000E+04  -0.773594E-08  -0.335258E-07  -0.161472E-06
   0.606100E+04  -0.238451E-07  -0.395272E-07  -0.167437E-06
   0.606200E+04  -0.375525E-07  -0.416564E-07  -0.156355E-06
   0.606300E+04  -0.474576E-07  -0.396687E-07  -0.129336E-06
   0.606400E+04  -0.525469E-07  -0.337371E-07  -0.891133E-07
   0.606500E+04  -0.522975E-07  -0.244355E-07  -0.397715E-07
   0.606600E+04  -0.467311E-07  -0.126811E-07   0.136730E-07
   0.606700E+04  -0.364116E-07   0.357921E-09   0.657796E-07
   0.606800E+04  -0.223889E-07   0.133812E-07   0.111239E-06
   0.606900E+04  -0.609132E-08   0.250876E-07   0.145413E-06
   0.607000E+04   0.108192E-07   0.343076E-07   0.164810E-06
   0.607100E+04   0.266168E-07   0.401221E-07   0.167440E-06
   0.607200E+04   0.396879E-07   0.419564E-07   0.153019E-06
   0.607300E+04   0.486956E-07   0.396383E-07   0.123002E-06
   0.607400E+04   0.527169E-07   0.334162E-07   0.804321E-07
   0.607500E+04   0.513370E-07   0.239341E-07   0.296376E-07
   0.607600E+04   0.446920E-07   0.121664E-07  -0.242127E-07
   0.607700E+04   0.334561E-07  -0.681271E-09  -0.756334E-07
   0.607800E+04   0.187730E-07  -0.132943E-07  -0.119381E-06
   0.607900E+04   0.213964E-08  -0.243831E-07  -0.150990E-06
   0.608000E+04  -0.147461E-07  -0.328138E-07  -0.167227E-06
   0.608100E+04  -0.301584E-07  -0.377246E-07  -0.166423E-06
   0.608200E+04  -0.425197E-07  -0.386128E-07  -0.148644E-06
   0.608300E+04  -0.505620E-07  -0.353866E-07  -0.115686E-06
   0.608400E+04  -0.534563E-07  -0.283747E-07  -0.708946E-07
   0.608500E+04  -0.508983E-07  -0.182928E-07  -0.188249E-07
   0.608600E+04  -0.431394E-07  -0.617101E-08   0.352216E-07
   0.608700E+04  -0.309624E-07   0.675076E-08   0.857369E-07
   0.608800E+04  -0.156019E-07   0.191492E-07   0.127567E-06
   0.608900E+04   0.138102E-08   0.297524E-07   0.156439E-06
   0.609000E+04   0.182576E-07   0.374693E-07   0.169396E-06
   0.609100E+04   0.333075E-07   0.415011E-07   0.165099E-06
   0.609200E+04   0.449946E-07   0.414229E-07   0.143969E-06
   0.609300E+04   0.521237E-07   0.372271E-07   0.108142E-06
   0.609400E+04   0.539630E-07   0.293248E-07   0.612537E-07
   0.609500E+04   0.503193E-07   0.185037E-07   0.807258E-08
   0.609600E+04   0.415583E-07   0.584873E-08  -0.459877E-07
   0.609700E+04   0.285685E-07  -0.736874E-08  -0.954179E-07
   0.609800E+04   0.126707E-07  -0.198201E-07  -0.135175E-06
   0.609900E+04  -0.451594E-08  -0.302547E-07  -0.161198E-06
   0.610000E+04  -0.212386E-07  -0.376275E-07  -0.170818E-06
   0.610100E+04  -0.357895E-07  -0.412052E-07  -0.163041E-06
   0.610200E+04  -0.466801E-07  -0.406417E-07  -0.138640E-06
   0.610300E+04  -0.527935E-07  -0.360126E-07  -0.100085E-06
   0.610400E+04  -0.534985E-07  -0.278083E-07  -0.512934E-07
   0.610500E+04  -0.487149E-07  -0.168837E-07   0.277317E-08
   0.610600E+04  -0.389226E-07  -0.437105E-08   0.566086E-07
   0.610700E+04  -0.251133E-07   0.843540E-08   0.104725E-06
   0.610800E+04  -0.869027E-08   0.202119E-07   0.142211E-06
   0.610900E+04   0.867430E-08   0.297401E-07   0.165235E-06
   0.611000E+04   0.252091E-07   0.360320E-07   0.171435E-06
   0.611100E+04   0.392243E-07   0.384313E-07   0.160160E-06
   0.611200E+04   0.492840E-07   0.366804E-07   0.132540E-06
   0.611300E+04   0.543526E-07   0.309479E-07   0.913736E-07
   0.611400E+04   0.539015E-07   0.218118E-07   0.408406E-07
   0.611500E+04   0.479634E-07   0.102011E-07  -0.139190E-07
   0.611600E+04   0.371297E-07  -0.269858E-08  -0.673298E-07
   0.611700E+04   0.224916E-07  -0.155652E-07  -0.113948E-06
   0.611800E+04   0.552944E-08  -0.270751E-07  -0.149016E-06
   0.611900E+04  -0.120377E-07  -0.360385E-07  -0.168949E-06
   0.612000E+04  -0.284261E-07  -0.415200E-07  -0.171701E-06
   0.612100E+04  -0.419696E-07  -0.429357E-07  -0.156975E-06
   0.612200E+04  -0.512885E-07  -0.401121E-07  -0.126254E-06
   0.612300E+04  -0.554311E-07  -0.333055E-07  -0.826537E-07
   0.612400E+04  -0.539707E-07  -0.231761E-07  -0.306036E-07
   0.612500E+04  -0.470499E-07  -0.107219E-07   0.246003E-07
   0.612600E+04  -0.353664E-07   0.282259E-08   0.773359E-07
   0.612700E+04  -0.201029E-07   0.161109E-07   0.122228E-06
   0.612800E+04  -0.280706E-08   0.278217E-07   0.154694E-06
   0.612900E+04   0.147653E-07   0.367924E-07   0.171416E-06
   0.613000E+04   0.308289E-07   0.421376E-07   0.170677E-06
   0.613100E+04   0.437507E-07   0.433389E-07   0.152536E-06
   0.613200E+04   0.522160E-07   0.402973E-07   0.118829E-06
   0.613300E+04   0.553627E-07   0.333436E-07   0.729792E-07
   0.613400E+04   0.528692E-07   0.232041E-07   0.196495E-07
   0.613500E+04   0.449878E-07   0.109265E-07  -0.357286E-07
   0.613600E+04   0.325193E-07  -0.222648E-08  -0.875102E-07
   0.613700E+04   0.167320E-07  -0.149065E-07  -0.130412E-06
   0.613800E+04  -0.767175E-09  -0.258168E-07  -0.160050E-06
   0.613900E+04  -0.181961E-07  -0.338447E-07  -0.173389E-06
   0.614000E+04  -0.337785E-07  -0.381755E-07  -0.169052E-06
   0.614100E+04  -0.459251E-07  -0.383752E-07  -0.147464E-06
   0.614200E+04  -0.533956E-07  -0.344352E-07  -0.110808E-06
   0.614300E+04  -0.554250E-07  -0.267734E-07  -0.628053E-07
   0.614400E+04  -0.518021E-07  -0.161915E-07  -0.833951E-08
   0.614500E+04  -0.428915E-07  -0.379315E-08   0.470427E-07
   0.614600E+04  -0.295965E-07   0.912880E-08   0.976950E-07
   0.614700E+04  -0.132678E-07   0.212244E-07   0.138447E-06
   0.614800E+04   0.443388E-08   0.312251E-07   0.165132E-06
   0.614900E+04   0.217067E-07   0.380734E-07   0.175014E-06
   0.615000E+04   0.367913E-07   0.410321E-07   0.167063E-06
   0.615100E+04   0.481497E-07   0.397599E-07   0.142071E-06
   0.615200E+04   0.546226E-07   0.343479E-07   0.102562E-06
   0.615300E+04   0.555473E-07   0.253109E-07   0.525471E-07
   0.615400E+04   0.508259E-07   0.135362E-07  -0.289053E-08
   0.615500E+04   0.409354E-07   0.193879E-09  -0.581085E-07
   0.615600E+04   0.268794E-07  -0.133813E-07  -0.107481E-06
   0.615700E+04   0.100867E-07  -0.258260E-07  -0.145972E-06
   0.615800E+04  -0.773494E-08  -0.358861E-07  -0.169650E-06
   0.615900E+04  -0.247718E-07  -0.425453E-07  -0.176086E-06
   0.616000E+04  -0.392895E-07  -0.451280E-07  -0.164610E-06
   0.616100E+04  -0.498097E-07  -0.433689E-07  -0.136373E-06
   0.616200E+04  -0.552609E-07  -0.374402E-07  -0.942355E-07
   0.616300E+04  -0.550880E-07  -0.279347E-07  -0.424783E-07
   0.616400E+04  -0.493091E-07  -0.158057E-07   0.136346E-07
   0.616500E+04  -0.385142E-07  -0.227081E-08   0.683902E-07
   0.616600E+04  -0.238050E-07   0.113122E-07   0.116209E-06
   0.616700E+04  -0.668348E-08   0.235826E-07   0.152212E-06
   0.616800E+04   0.111018E-07   0.333157E-07   0.172723E-06
   0.616900E+04   0.277335E-07   0.395469E-07   0.175640E-06
   0.617000E+04   0.415108E-07   0.416697E-07   0.160651E-06
   0.617100E+04   0.510234E-07   0.394978E-07   0.129271E-06
   0.617200E+04   0.552954E-07   0.332833E-07   0.846867E-07
   0.617300E+04   0.538856E-07   0.236913E-07   0.314345E-07
   0.617400E+04   0.469326E-07   0.117315E-07  -0.250623E-07
   0.617500E+04   0.351414E-07  -0.134477E-08  -0.790441E-07
   0.617600E+04   0.197124E-07  -0.141729E-07  -0.125002E-06
   0.617700E+04   0.221858E-08  -0.254142E-07  -0.158241E-06
   0.617800E+04  -0.155538E-07  -0.338934E-07  -0.175357E-06
   0.617900E+04  -0.317880E-07  -0.387189E-07  -0.174587E-06
   0.618000E+04  -0.448214E-07  -0.393747E-07  -0.155990E-06
   0.618100E+04  -0.533162E-07  -0.357736E-07  -0.121444E-06
   0.618200E+04  -0.563956E-07  -0.282672E-07  -0.744537E-07
   0.618300E+04  -0.537344E-07  -0.176104E-07  -0.197976E-07
   0.618400E+04  -0.455922E-07  -0.488538E-08   0.369595E-07
   0.618500E+04  -0.327886E-07   0.860861E-08   0.900321E-07
   0.618600E+04  -0.166194E-07   0.214874E-07   0.134004E-06
   0.618700E+04   0.127443E-08   0.324232E-07   0.164381E-06
   0.618800E+04   0.190737E-07   0.402802E-07   0.178049E-06
   0.618900E+04   0.349664E-07   0.442310E-07   0.173594E-06
   0.619000E+04   0.473322E-07   0.438418E-07   0.151449E-06
   0.619100E+04   0.549082E-07   0.391178E-07   0.113847E-06
   0.619200E+04   0.569177E-07   0.305035E-07   0.646031E-07
   0.619300E+04   0.531501E-07   0.188389E-07   0.871999E-08
   0.619400E+04   0.439831E-07   0.527479E-08  -0.481164E-07
   0.619500E+04   0.303445E-07  -0.884305E-08  -0.100117E-06
   0.619600E+04   0.136187E-07  -0.221103E-07  -0.141980E-06
   0.619700E+04  -0.449448E-08  -0.332061E-07  -0.169431E-06
   0.619800E+04  -0.221522E-07  -0.410274E-07  -0.179659E-06
   0.619900E+04  -0.375567E-07  -0.448004E-07  -0.171606E-06
   0.620000E+04  -0.491385E-07  -0.441594E-07  -0.146077E-06
   0.620100E+04  -0.557164E-07  -0.391840E-07  -0.105656E-06
   0.620200E+04  -0.566185E-07  -0.303908E-07  -0.544494E-07
   0.620300E+04  -0.517511E-07  -0.186808E-07   0.233461E-08
   0.620400E+04  -0.416087E-07  -0.524818E-08   0.589140E-07
   0.620500E+04  -0.272243E-07   0.854175E-08   0.109522E-06
   0.620600E+04  -0.100643E-07   0.212911E-07   0.148996E-06
   0.620700E+04   0.812047E-08   0.317117E-07   0.173303E-06
   0.620800E+04   0.254733E-07   0.387563E-07   0.179951E-06
   0.620900E+04   0.402209E-07   0.417251E-07   0.168247E-06
   0.621000E+04   0.508542E-07   0.403367E-07   0.139369E-06
   0.621100E+04   0.562831E-07   0.347567E-07   0.962447E-07
   0.621200E+04   0.559477E-07   0.255804E-07   0.432580E-07
   0.621300E+04   0.498768E-07   0.137718E-07  -0.141973E-07
   0.621400E+04   0.386850E-07   0.564748E-09  -0.702670E-07
   0.621500E+04   0.235110E-07  -0.126631E-07  -0.119232E-06
   0.621600E+04   0.590254E-08  -0.245320E-07  -0.156093E-06
   0.621700E+04  -0.123417E-07  -0.338012E-07  -0.177077E-06
   0.621800E+04  -0.293547E-07  -0.394963E-07  -0.180030E-06
   0.621900E+04  -0.433917E-07  -0.410102E-07  -0.164631E-06
   0.622000E+04  -0.530087E-07  -0.381652E-07  -0.132430E-06
   0.622100E+04  -0.572096E-07  -0.312327E-07  -0.866926E-07
   0.622200E+04  -0.555490E-07  -0.209062E-07  -0.320681E-07
   0.622300E+04  -0.481787E-07  -0.823132E-08   0.258843E-07
   0.622400E+04  -0.358328E-07   0.550041E-08   0.812597E-07
   0.622500E+04  -0.197540E-07   0.188827E-07   0.128410E-06
   0.622600E+04  -0.156822E-08   0.305380E-07   0.162519E-06
   0.622700E+04   0.168809E-07   0.392584E-07   0.180095E-06
   0.622800E+04   0.337190E-07   0.441294E-07   0.179330E-06
   0.622900E+04   0.472321E-07   0.446238E-07   0.160280E-06
   0.623000E+04   0.560411E-07   0.406567E-07   0.124869E-06
   0.623100E+04   0.592425E-07   0.325956E-07   0.766893E-07
   0.623200E+04   0.565014E-07   0.212241E-07   0.206383E-07
   0.623300E+04   0.480861E-07   0.766353E-08  -0.375778E-07
   0.623400E+04   0.348414E-07  -0.674013E-08  -0.920262E-07
   0.623500E+04   0.181036E-07  -0.205522E-07  -0.137151E-06
   0.623600E+04  -0.435014E-09  -0.323944E-07  -0.168341E-06
   0.623700E+04  -0.188978E-07  -0.410847E-07  -0.182400E-06
   0.623800E+04  -0.354145E-07  -0.457573E-07  -0.177874E-06
   0.623900E+04  -0.483117E-07  -0.459503E-07  -0.155200E-06
   0.624000E+04  -0.562829E-07  -0.416530E-07  -0.116667E-06
   0.624100E+04  -0.585219E-07  -0.333070E-07  -0.661817E-07
   0.624200E+04  -0.548050E-07  -0.217615E-07  -0.887163E-08
   0.624300E+04  -0.455142E-07  -0.818735E-08   0.494341E-07
   0.624400E+04  -0.315987E-07   0.604187E-08   0.102799E-06
   0.624500E+04  -0.144786E-07   0.194891E-07   0.145785E-06
   0.624600E+04   0.409947E-08   0.307997E-07   0.174006E-06
   0.624700E+04   0.222401E-07   0.388390E-07   0.184575E-06
   0.624800E+04   0.380919E-07   0.428069E-07   0.176403E-06
   0.624900E+04   0.500365E-07   0.423195E-07   0.150309E-06
   0.625000E+04   0.568531E-07   0.374473E-07   0.108937E-06
   0.625100E+04   0.578435E-07   0.287074E-07   0.564917E-07
   0.625200E+04   0.529035E-07   0.170106E-07  -0.168925E-08
   0.625300E+04   0.425338E-07   0.356830E-08  -0.596809E-07
   0.625400E+04   0.277894E-07  -0.102321E-07  -0.111572E-06
   0.625500E+04   0.101725E-07  -0.229682E-07  -0.152069E-06
   0.625600E+04  -0.852038E-08  -0.333287E-07  -0.177035E-06
   0.625700E+04  -0.263815E-07  -0.402469E-07  -0.183914E-06
   0.625800E+04  -0.415863E-07  -0.430100E-07  -0.171992E-06
   0.625900E+04  -0.525794E-07  -0.413319E-07  -0.142471E-06
   0.626000E+04  -0.582339E-07  -0.353827E-07  -0.983515E-07
   0.626100E+04  -0.579664E-07  -0.257709E-07  -0.441239E-07
   0.626200E+04  -0.517971E-07  -0.134820E-07   0.146844E-07
   0.626300E+04  -0.403485E-07   0.222949E-09   0.720733E-07
   0.626400E+04  -0.247824E-07   0.139358E-07   0.122181E-06
   0.626500E+04  -0.668232E-08   0.262459E-07   0.159881E-06
   0.626600E+04   0.121080E-07   0.358840E-07   0.181306E-06
   0.626700E+04   0.296720E-07   0.418531E-07   0.184246E-06
   0.626800E+04   0.442153E-07   0.435303E-07   0.168372E-06
   0.626900E+04   0.542497E-07   0.407318E-07   0.135271E-06
   0.627000E+04   0.587441E-07   0.337319E-07   0.882926E-07
   0.627100E+04   0.572311E-07   0.232358E-07   0.322020E-07
   0.627200E+04   0.498548E-07   0.103085E-07  -0.272998E-07
   0.627300E+04   0.373569E-07  -0.373359E-08  -0.841570E-07
   0.627400E+04   0.210019E-07  -0.174569E-07  -0.132576E-06
   0.627500E+04   0.244872E-08  -0.294569E-07  -0.167617E-06
   0.627600E+04  -0.164177E-07  -0.385014E-07  -0.185697E-06
   0.627700E+04  -0.336781E-07  -0.436570E-07  -0.184957E-06
   0.627800E+04  -0.475748E-07  -0.443850E-07  -0.165453E-06
   0.627900E+04  -0.566901E-07  -0.405966E-07  -0.129153E-06
   0.628000E+04  -0.600919E-07  -0.326634E-07  -0.797386E-07
   0.628100E+04  -0.574283E-07  -0.213799E-07  -0.222296E-07
   0.628200E+04  -0.489643E-07  -0.788329E-08   0.375241E-07
   0.628300E+04  -0.355555E-07   0.646214E-08   0.934387E-07
   0.628400E+04  -0.185610E-07   0.202035E-07   0.139817E-06
   0.628500E+04   0.294426E-09   0.319475E-07   0.171927E-06
   0.628600E+04   0.190955E-07   0.405026E-07   0.186490E-06
   0.628700E+04   0.359319E-07   0.450008E-07   0.182011E-06
   0.628800E+04   0.490924E-07   0.449865E-07   0.158934E-06
   0.628900E+04   0.572397E-07   0.404636E-07   0.119603E-06
   0.629000E+04   0.595468E-07   0.318957E-07   0.680184E-07
   0.629100E+04   0.557815E-07   0.201596E-07   0.943489E-08
   0.629200E+04   0.463307E-07   0.645606E-08  -0.501738E-07
   0.629300E+04   0.321612E-07  -0.781205E-08  -0.104724E-06
   0.629400E+04   0.147215E-07  -0.211826E-07  -0.148641E-06
   0.629500E+04  -0.420558E-08  -0.322835E-07  -0.177429E-06
   0.629600E+04  -0.226843E-07  -0.399727E-07  -0.188132E-06
   0.629700E+04  -0.388237E-07  -0.434551E-07  -0.179632E-06
   0.629800E+04  -0.509700E-07  -0.423647E-07  -0.152772E-06
   0.629900E+04  -0.578761E-07  -0.368021E-07  -0.110266E-06
   0.630000E+04  -0.588288E-07  -0.273254E-07  -0.564260E-07
   0.630100E+04  -0.537220E-07  -0.148944E-07   0.327248E-08
   0.630200E+04  -0.430683E-07  -0.772885E-09   0.627517E-07
   0.630300E+04  -0.279474E-07   0.135990E-07   0.115949E-06
   0.630400E+04  -0.989602E-08   0.267515E-07   0.157433E-06
   0.630500E+04   0.924771E-08   0.373348E-07   0.182962E-06
   0.630600E+04   0.275320E-07   0.442569E-07   0.189915E-06
   0.630700E+04   0.430900E-07   0.467948E-07   0.177559E-06
   0.630800E+04   0.543305E-07   0.446691E-07   0.147131E-06
   0.630900E+04   0.601007E-07   0.380731E-07   0.101708E-06
   0.631000E+04   0.598038E-07   0.276536E-07   0.459009E-07
   0.631100E+04   0.534607E-07   0.144463E-07  -0.146175E-07
   0.631200E+04   0.417089E-07  -0.229648E-09  -0.736882E-07
   0.631300E+04   0.257375E-07  -0.149048E-07  -0.125293E-06
   0.631400E+04   0.716724E-08  -0.281088E-07  -0.164168E-06
   0.631500E+04  -0.121148E-07  -0.385199E-07  -0.186343E-06
   0.631600E+04  -0.301471E-07  -0.450992E-07  -0.189543E-06
   0.631700E+04  -0.450934E-07  -0.471967E-07  -0.173426E-06
   0.631800E+04  -0.554306E-07  -0.446171E-07  -0.139618E-06
   0.631900E+04  -0.601039E-07  -0.376400E-07  -0.915496E-07
   0.632000E+04  -0.586349E-07  -0.269917E-07  -0.341088E-07
   0.632100E+04  -0.511711E-07  -0.137709E-07   0.268569E-07
   0.632200E+04  -0.384717E-07   0.663059E-09   0.851350E-07
   0.632300E+04  -0.218303E-07   0.148286E-07   0.134780E-06
   0.632400E+04  -0.294396E-08   0.272733E-07   0.170722E-06
   0.632500E+04   0.162594E-07   0.367221E-07   0.189281E-06
   0.632600E+04   0.338177E-07   0.422076E-07   0.188546E-06
   0.632700E+04   0.479343E-07   0.431691E-07   0.168571E-06
   0.632800E+04   0.571618E-07   0.395105E-07   0.131372E-06
   0.632900E+04   0.605497E-07   0.316100E-07   0.807229E-07
   0.633000E+04   0.577421E-07   0.202825E-07   0.217713E-07
   0.633100E+04   0.490145E-07   0.669683E-08  -0.394815E-07
   0.633200E+04   0.352467E-07  -0.774368E-08  -0.967940E-07
   0.633300E+04   0.178335E-07  -0.215439E-07  -0.144319E-06
   0.633400E+04  -0.145686E-08  -0.332699E-07  -0.177201E-06
   0.633500E+04  -0.206623E-07  -0.416953E-07  -0.192072E-06
   0.633600E+04  -0.378268E-07  -0.459277E-07  -0.187396E-06
   0.633700E+04  -0.512002E-07  -0.454999E-07  -0.163626E-06
   0.633800E+04  -0.594160E-07  -0.404191E-07  -0.123164E-06
   0.633900E+04  -0.616320E-07  -0.311673E-07  -0.701133E-07
   0.634000E+04  -0.576158E-07  -0.186534E-07  -0.986690E-08
   0.634100E+04  -0.477699E-07  -0.412169E-08   0.514447E-07
   0.634200E+04  -0.330910E-07   0.109740E-07   0.107576E-06
   0.634300E+04  -0.150689E-07   0.251176E-07   0.152802E-06
   0.634400E+04   0.446447E-08   0.368846E-07   0.182506E-06
   0.634500E+04   0.235218E-07   0.450873E-07   0.193644E-06
   0.634600E+04   0.401625E-07   0.488952E-07   0.185066E-06
   0.634700E+04   0.526908E-07   0.479206E-07   0.157627E-06
   0.634800E+04   0.598287E-07   0.422578E-07   0.114106E-06
   0.634900E+04   0.608469E-07   0.324744E-07   0.589241E-07
   0.635000E+04   0.556393E-07   0.195546E-07  -0.230427E-08
   0.635100E+04   0.447348E-07   0.479857E-08  -0.633437E-07
   0.635200E+04   0.292439E-07  -0.103081E-07  -0.117971E-06
   0.635300E+04   0.107458E-07  -0.242461E-07  -0.160612E-06
   0.635400E+04  -0.887157E-08  -0.356158E-07  -0.186907E-06
   0.635500E+04  -0.276044E-07  -0.432801E-07  -0.194159E-06
   0.635600E+04  -0.435370E-07  -0.464795E-07  -0.181609E-06
   0.635700E+04  -0.550370E-07  -0.449096E-07  -0.150517E-06
   0.635800E+04  -0.609225E-07  -0.387516E-07  -0.104034E-06
   0.635900E+04  -0.605831E-07  -0.286540E-07  -0.468829E-07
   0.636000E+04  -0.540428E-07  -0.156664E-07   0.151206E-07
   0.636100E+04  -0.419581E-07  -0.113253E-08   0.756602E-07
   0.636200E+04  -0.255522E-07   0.134469E-07   0.128562E-06
   0.636300E+04  -0.649080E-08   0.265673E-07   0.168424E-06
   0.636400E+04   0.132873E-07   0.368738E-07   0.191169E-06
   0.636500E+04   0.317673E-07   0.432996E-07   0.194458E-06
   0.636600E+04   0.470637E-07   0.451754E-07   0.177936E-06
   0.636700E+04   0.576129E-07   0.422976E-07   0.143264E-06
   0.636800E+04   0.623326E-07   0.349500E-07   0.939567E-07
   0.636900E+04   0.607331E-07   0.238753E-07   0.350247E-07
   0.637000E+04   0.529675E-07   0.101994E-07  -0.275358E-07
   0.637100E+04   0.398172E-07  -0.468269E-08  -0.873517E-07
   0.637200E+04   0.226130E-07  -0.192489E-07  -0.138323E-06
   0.637300E+04   0.309993E-08  -0.320055E-07  -0.175244E-06
   0.637400E+04  -0.167400E-07  -0.416394E-07  -0.194338E-06
   0.637500E+04  -0.348892E-07  -0.471523E-07  -0.193637E-06
   0.637600E+04  -0.495005E-07  -0.479633E-07  -0.173191E-06
   0.637700E+04  -0.590850E-07  -0.439687E-07  -0.135064E-06
   0.637800E+04  -0.626646E-07  -0.355530E-07  -0.831219E-07
   0.637900E+04  -0.598717E-07  -0.235510E-07  -0.226434E-07
   0.638000E+04  -0.509876E-07  -0.916345E-08   0.402167E-07
   0.638100E+04  -0.369145E-07   0.616482E-08   0.990544E-07
   0.638200E+04  -0.190837E-07   0.208914E-07   0.147869E-06
   0.638300E+04   0.689217E-09   0.335328E-07   0.181675E-06
   0.638400E+04   0.203894E-07   0.428158E-07   0.197010E-06
   0.638500E+04   0.380079E-07   0.478064E-07   0.192292E-06
   0.638600E+04   0.517461E-07   0.480056E-07   0.167981E-06
   0.638700E+04   0.601997E-07   0.433999E-07   0.126532E-06
   0.638800E+04   0.625020E-07   0.344631E-07   0.721519E-07
   0.638900E+04   0.584131E-07   0.221080E-07   0.103669E-07
   0.639000E+04   0.483444E-07   0.759394E-08  -0.525352E-07
   0.639100E+04   0.333179E-07  -0.760163E-08  -0.110147E-06
   0.639200E+04   0.148624E-07  -0.219334E-07  -0.156593E-06
   0.639300E+04  -0.514182E-08  -0.339458E-07  -0.187133E-06
   0.639400E+04  -0.246544E-07  -0.424210E-07  -0.198639E-06
   0.639500E+04  -0.416826E-07  -0.465034E-07  -0.189924E-06
   0.639600E+04  -0.544848E-07  -0.457870E-07  -0.161859E-06
   0.639700E+04  -0.617480E-07  -0.403564E-07  -0.117289E-06
   0.639800E+04  -0.627225E-07  -0.307789E-07  -0.607422E-07
   0.639900E+04  -0.572989E-07  -0.180462E-07   0.202479E-08
   0.640000E+04  -0.460201E-07  -0.347369E-08   0.646177E-07
   0.640100E+04  -0.300264E-07   0.114343E-07   0.120653E-06
   0.640200E+04  -0.109405E-07   0.251376E-07   0.164410E-06
   0.640300E+04   0.929749E-08   0.362181E-07   0.191413E-06
   0.640400E+04   0.286276E-07   0.435249E-07   0.198892E-06
   0.640500E+04   0.450793E-07   0.462918E-07   0.186062E-06
   0.640600E+04   0.569730E-07   0.442170E-07   0.154210E-06
   0.640700E+04   0.630908E-07   0.374939E-07   0.106564E-06
   0.640800E+04   0.628016E-07   0.267928E-07   0.479646E-07
   0.640900E+04   0.561258E-07   0.131930E-07  -0.156244E-07
   0.641000E+04   0.437340E-07  -0.192668E-08  -0.777240E-07
   0.641100E+04   0.268794E-07  -0.170280E-07  -0.132000E-06
   0.641200E+04   0.727041E-08  -0.305698E-07  -0.172907E-06
   0.641300E+04  -0.131023E-07  -0.411652E-07  -0.196259E-06
   0.641400E+04  -0.321688E-07  -0.477233E-07  -0.199652E-06
   0.641500E+04  -0.479904E-07  -0.495607E-07  -0.182713E-06
   0.641600E+04  -0.589576E-07  -0.464715E-07  -0.147144E-06
   0.641700E+04  -0.639536E-07  -0.387497E-07  -0.965452E-07
   0.641800E+04  -0.624694E-07  -0.271592E-07  -0.360526E-07
   0.641900E+04  -0.546551E-07  -0.128570E-07   0.281832E-07
   0.642000E+04  -0.413062E-07   0.272394E-08   0.896240E-07
   0.642100E+04  -0.237820E-07   0.180202E-07   0.142009E-06
   0.642200E+04  -0.386814E-08   0.314971E-07   0.179994E-06
   0.642300E+04   0.164053E-07   0.418045E-07   0.199696E-06
   0.642400E+04   0.349706E-07   0.479141E-07   0.199092E-06
   0.642500E+04   0.499333E-07   0.492247E-07   0.178226E-06
   0.642600E+04   0.597654E-07   0.456231E-07   0.139204E-06
   0.642700E+04   0.634616E-07   0.374957E-07   0.859889E-07
   0.642800E+04   0.606421E-07   0.256893E-07   0.239898E-07
   0.642900E+04   0.515923E-07   0.114248E-07  -0.404822E-07
   0.643000E+04   0.372339E-07  -0.382747E-08  -0.100858E-06
   0.643100E+04   0.190317E-07  -0.184979E-07  -0.150981E-06
   0.643200E+04  -0.115529E-08  -0.310777E-07  -0.185733E-06
   0.643300E+04  -0.212631E-07  -0.402733E-07  -0.201557E-06
   0.643400E+04  -0.392334E-07  -0.451388E-07  -0.196825E-06
   0.643500E+04  -0.532230E-07  -0.451732E-07  -0.171999E-06
   0.643600E+04  -0.617928E-07  -0.403718E-07  -0.129593E-06
   0.643700E+04  -0.640546E-07  -0.312274E-07  -0.739149E-07
   0.643800E+04  -0.597629E-07  -0.186807E-07  -0.106301E-07
   0.643900E+04  -0.493403E-07  -0.402452E-08   0.538147E-07
   0.644000E+04  -0.338355E-07   0.112278E-07   0.112848E-06
   0.644100E+04  -0.148175E-07   0.254970E-07   0.160443E-06
   0.644200E+04   0.578420E-08   0.372992E-07   0.191733E-06
   0.644300E+04   0.258753E-07   0.453983E-07   0.203507E-06
   0.644400E+04   0.434104E-07   0.489326E-07   0.194543E-06
   0.644500E+04   0.566010E-07   0.475044E-07   0.165729E-06
   0.644600E+04   0.640987E-07   0.412216E-07   0.119980E-06
   0.644700E+04   0.651325E-07   0.306885E-07   0.619393E-07
   0.644800E+04   0.595885E-07   0.169454E-07  -0.249171E-08
   0.644900E+04   0.480222E-07   0.136423E-08  -0.667531E-07
   0.645000E+04   0.316025E-07  -0.144905E-07  -0.124295E-06
   0.645100E+04   0.119936E-07  -0.290198E-07  -0.169246E-06
   0.645200E+04  -0.881418E-08  -0.407530E-07  -0.197010E-06
   0.645300E+04  -0.287069E-07  -0.484974E-07  -0.204739E-06
   0.645400E+04  -0.456618E-07  -0.514596E-07  -0.191623E-06
   0.645500E+04  -0.579539E-07  -0.493274E-07  -0.158977E-06
   0.645600E+04  -0.643318E-07  -0.423020E-07  -0.110106E-06
   0.645700E+04  -0.641455E-07  -0.310784E-07  -0.499725E-07
   0.645800E+04  -0.574134E-07  -0.167763E-07   0.153070E-07
   0.645900E+04  -0.448209E-07  -0.826435E-09   0.790861E-07
   0.646000E+04  -0.276510E-07   0.151732E-07   0.134864E-06
   0.646100E+04  -0.765432E-08   0.296197E-07   0.176949E-06
   0.646200E+04   0.131290E-07   0.410671E-07   0.201040E-06
   0.646300E+04   0.325772E-07   0.483730E-07   0.204663E-06
   0.646400E+04   0.487031E-07   0.508143E-07   0.187429E-06
   0.646500E+04   0.598567E-07   0.481605E-07   0.151075E-06
   0.646600E+04   0.648940E-07   0.406964E-07   0.992885E-07
   0.646700E+04   0.632941E-07   0.291936E-07   0.373321E-07
   0.646800E+04   0.552128E-07   0.148314E-07  -0.284883E-07
   0.646900E+04   0.414680E-07  -0.923134E-09  -0.914670E-07
   0.647000E+04   0.234561E-07  -0.164644E-07  -0.145181E-06
   0.647100E+04   0.301142E-08  -0.302119E-07  -0.184146E-06
   0.647200E+04  -0.177815E-07  -0.407706E-07  -0.204373E-06
   0.647300E+04  -0.367993E-07  -0.470733E-07  -0.203782E-06
   0.647400E+04  -0.520969E-07  -0.484887E-07  -0.182410E-06
   0.647500E+04  -0.621058E-07  -0.448858E-07  -0.142415E-06
   0.647600E+04  -0.657944E-07  -0.366464E-07  -0.878519E-07
   0.647700E+04  -0.627742E-07  -0.246263E-07  -0.242672E-07
   0.647800E+04  -0.533401E-07  -0.100674E-07   0.418685E-07
   0.647900E+04  -0.384413E-07   0.552958E-08   0.103818E-06
   0.648000E+04  -0.195851E-07   0.205581E-07   0.155265E-06
   0.648100E+04   0.131521E-08   0.334704E-07   0.190956E-06
   0.648200E+04   0.221355E-07   0.429363E-07   0.207239E-06
   0.648300E+04   0.407567E-07   0.479787E-07   0.202437E-06
   0.648400E+04   0.552804E-07   0.480744E-07   0.177021E-06
   0.648500E+04   0.642230E-07   0.432077E-07   0.133563E-06
   0.648600E+04   0.666670E-07   0.338724E-07   0.764774E-07
   0.648700E+04   0.623553E-07   0.210220E-07   0.115716E-07
   0.648800E+04   0.517180E-07   0.597247E-08  -0.545434E-07
   0.648900E+04   0.358297E-07  -0.973220E-08  -0.115127E-06
   0.649000E+04   0.163003E-07  -0.244775E-07  -0.163995E-06
   0.649100E+04  -0.488770E-08  -0.367439E-07  -0.196154E-06
   0.649200E+04  -0.255813E-07  -0.452623E-07  -0.208305E-06
   0.649300E+04  -0.436755E-07  -0.491445E-07  -0.199190E-06
   0.649400E+04  -0.573284E-07  -0.479751E-07  -0.169715E-06
   0.649500E+04  -0.651482E-07  -0.418547E-07  -0.122864E-06
   0.649600E+04  -0.663359E-07  -0.313912E-07  -0.633959E-07
   0.649700E+04  -0.607670E-07  -0.176386E-07   0.263799E-08
   0.649800E+04  -0.490051E-07  -0.199038E-08   0.685110E-07
   0.649900E+04  -0.322445E-07   0.139614E-07   0.127505E-06
   0.650000E+04  -0.121897E-07   0.285887E-07   0.173595E-06
   0.650100E+04   0.911791E-08   0.403927E-07   0.202066E-06
   0.650200E+04   0.295080E-07   0.481575E-07   0.209992E-06
   0.650300E+04   0.469018E-07   0.510742E-07   0.196540E-06
   0.650400E+04   0.595244E-07   0.488243E-07   0.163052E-06
   0.650500E+04   0.660856E-07   0.416133E-07   0.112918E-06
   0.650600E+04   0.659116E-07   0.301505E-07   0.512243E-07
   0.650700E+04   0.590145E-07   0.155786E-07  -0.157565E-07
   0.650800E+04   0.460914E-07  -0.642486E-09  -0.812070E-07
   0.650900E+04   0.284542E-07  -0.168827E-07  -0.138458E-06
   0.651000E+04   0.789600E-08  -0.315074E-07  -0.181670E-06
   0.651100E+04  -0.134908E-07  -0.430435E-07  -0.206425E-06
   0.651200E+04  -0.335276E-07  -0.503288E-07  -0.210186E-06
   0.651300E+04  -0.501718E-07  -0.526306E-07  -0.192549E-06
   0.651400E+04  -0.617248E-07  -0.497203E-07  -0.155293E-06
   0.651500E+04  -0.670057E-07  -0.418970E-07  -0.102196E-06
   0.651600E+04  -0.654717E-07  -0.299571E-07  -0.386570E-07
   0.651700E+04  -0.572746E-07  -0.151140E-07   0.288575E-07
   0.651800E+04  -0.432454E-07   0.112530E-08   0.934683E-07
   0.651900E+04  -0.248106E-07   0.171132E-07   0.148585E-06
   0.652000E+04  -0.384716E-08   0.312293E-07   0.188580E-06
   0.652100E+04   0.175083E-07   0.420448E-07   0.209359E-06
   0.652200E+04   0.370773E-07   0.484682E-07   0.208784E-06
   0.652300E+04   0.528611E-07   0.498565E-07   0.186893E-06
   0.652400E+04   0.632452E-07   0.460805E-07   0.145894E-06
   0.652500E+04   0.671635E-07   0.375379E-07   0.899484E-07
   0.652600E+04   0.642085E-07   0.251131E-07   0.247442E-07
   0.652700E+04   0.546727E-07   0.100872E-07  -0.430802E-07
   0.652800E+04   0.395198E-07  -0.599300E-08  -0.106612E-06
   0.652900E+04   0.202874E-07  -0.214725E-07  -0.159369E-06
   0.653000E+04  -0.106978E-08  -0.347570E-07  -0.195960E-06
   0.653100E+04  -0.223779E-07  -0.444756E-07  -0.212636E-06
   0.653200E+04  -0.414657E-07  -0.496210E-07  -0.207674E-06
   0.653300E+04  -0.563860E-07  -0.496528E-07  -0.181555E-06
   0.653400E+04  -0.656137E-07  -0.445527E-07  -0.136918E-06
   0.653500E+04  -0.682021E-07  -0.348274E-07  -0.782916E-07
   0.653600E+04  -0.638797E-07  -0.214570E-07  -0.116365E-07
   0.653700E+04  -0.530784E-07  -0.579597E-08   0.562623E-07
   0.653800E+04  -0.368901E-07   0.105650E-07   0.118485E-06
   0.653900E+04  -0.169563E-07   0.259609E-07   0.168684E-06
   0.654000E+04   0.469911E-08   0.388218E-07   0.201728E-06
   0.654100E+04   0.258756E-07   0.478336E-07   0.214231E-06
   0.654200E+04   0.444200E-07   0.520717E-07   0.204896E-06
   0.654300E+04   0.584461E-07   0.510962E-07   0.174651E-06
   0.654400E+04   0.665273E-07   0.449971E-07   0.126555E-06
   0.654500E+04   0.678419E-07   0.343855E-07   0.654925E-07
   0.654600E+04   0.622578E-07   0.203324E-07  -0.232660E-08
   0.654700E+04   0.503460E-07   0.425945E-08  -0.699964E-07
   0.654800E+04   0.333236E-07  -0.122051E-07  -0.130618E-06
   0.654900E+04   0.129296E-07  -0.273924E-07  -0.178005E-06
   0.655000E+04  -0.875196E-08  -0.397628E-07  -0.207310E-06
   0.655100E+04  -0.295040E-07  -0.480629E-07  -0.215525E-06
   0.655200E+04  -0.472027E-07  -0.514536E-07  -0.201788E-06
   0.655300E+04  -0.600343E-07  -0.495957E-07  -0.167474E-06
   0.655400E+04  -0.666800E-07  -0.426852E-07  -0.116054E-06
   0.655500E+04  -0.664518E-07  -0.314334E-07  -0.527496E-07
   0.655600E+04  -0.593628E-07  -0.169947E-07   0.160033E-07
   0.655700E+04  -0.461266E-07  -0.849718E-09   0.832053E-07
   0.655800E+04  -0.280860E-07   0.153461E-07   0.142008E-06
   0.655900E+04  -0.707571E-08   0.299309E-07   0.186411E-06
   0.656000E+04   0.147631E-07   0.414059E-07   0.211876E-06
   0.656100E+04   0.352015E-07   0.485887E-07   0.215789E-06
   0.656200E+04   0.521498E-07   0.507341E-07   0.197728E-06
   0.656300E+04   0.638705E-07   0.476110E-07   0.159513E-06
   0.656400E+04   0.691563E-07   0.395260E-07   0.105017E-06
   0.656500E+04   0.674536E-07   0.272933E-07   0.397767E-07
   0.656600E+04   0.589195E-07   0.121522E-07  -0.295695E-07
   0.656700E+04   0.444071E-07  -0.435887E-08  -0.959593E-07
   0.656800E+04   0.253789E-07  -0.205587E-07  -0.152624E-06
   0.656900E+04   0.375901E-08  -0.347946E-07  -0.193781E-06
   0.657000E+04  -0.182629E-07  -0.456107E-07  -0.215218E-06
   0.657100E+04  -0.384539E-07  -0.518968E-07  -0.214734E-06
   0.657200E+04  -0.547655E-07  -0.530016E-07  -0.192356E-06
   0.657300E+04  -0.655422E-07  -0.488002E-07  -0.150344E-06
   0.657400E+04  -0.696909E-07  -0.397067E-07  -0.929610E-07
   0.657500E+04  -0.667920E-07  -0.266334E-07  -0.260418E-07
   0.657600E+04  -0.571433E-07  -0.108980E-07   0.436014E-07
   0.657700E+04  -0.417299E-07   0.590993E-08   0.108871E-06
   0.657800E+04  -0.221243E-07   0.220906E-07   0.163110E-06
   0.657900E+04  -0.326558E-09   0.360068E-07   0.200775E-06
   0.658000E+04   0.214392E-07   0.462505E-07   0.218011E-06
   0.658100E+04   0.409515E-07   0.517865E-07   0.213036E-06
   0.658200E+04   0.562180E-07   0.520579E-07   0.186335E-06
   0.658300E+04   0.656787E-07   0.470432E-07   0.140604E-06
   0.658400E+04   0.683656E-07   0.372584E-07   0.804852E-07
   0.658500E+04   0.640017E-07   0.237051E-07   0.120887E-07
   0.658600E+04   0.530300E-07   0.776849E-08  -0.576231E-07
   0.658700E+04   0.365686E-07  -0.892380E-08  -0.121547E-06
   0.658800E+04   0.162976E-07  -0.246673E-07  -0.173162E-06
   0.658900E+04  -0.571207E-08  -0.378544E-07  -0.207195E-06
   0.659000E+04  -0.272098E-07  -0.471384E-07  -0.220159E-06
   0.659100E+04  -0.459945E-07  -0.515711E-07  -0.210711E-06
   0.659200E+04  -0.601393E-07  -0.506993E-07  -0.179791E-06
   0.659300E+04  -0.681890E-07  -0.446116E-07  -0.130527E-06
   0.659400E+04  -0.693085E-07  -0.339296E-07  -0.679197E-07
   0.659500E+04  -0.633690E-07  -0.197444E-07   0.166326E-08
   0.659600E+04  -0.509624E-07  -0.350604E-08   0.711387E-07
   0.659700E+04  -0.333412E-07   0.131248E-07   0.133427E-06
   0.659800E+04  -0.122917E-07   0.284461E-07   0.182173E-06
   0.659900E+04   0.100472E-07   0.408881E-07   0.212398E-06
   0.660000E+04   0.314021E-07   0.491741E-07   0.221003E-06
   0.660100E+04   0.495968E-07   0.524508E-07   0.207091E-06
   0.660200E+04   0.627742E-07   0.503762E-07   0.172059E-06
   0.660300E+04   0.695862E-07   0.431545E-07   0.119459E-06
   0.660400E+04   0.693320E-07   0.315164E-07   0.546355E-07
   0.660500E+04   0.620301E-07   0.166449E-07  -0.158147E-07
   0.660600E+04   0.484175E-07   0.545808E-10  -0.847149E-07
   0.660700E+04   0.298753E-07  -0.165623E-07  -0.145039E-06
   0.660800E+04   0.828910E-08  -0.315085E-07  -0.190629E-06
   0.660900E+04  -0.141433E-07  -0.432553E-07  -0.216822E-06
   0.661000E+04  -0.351350E-07  -0.505988E-07  -0.220927E-06
   0.661100E+04  -0.525434E-07  -0.527832E-07  -0.202505E-06
   0.661200E+04  -0.645889E-07  -0.495786E-07  -0.163409E-06
   0.661300E+04  -0.700362E-07  -0.413054E-07  -0.107604E-06
   0.661400E+04  -0.683219E-07  -0.288019E-07  -0.407626E-07
   0.661500E+04  -0.596119E-07  -0.133400E-07   0.303118E-07
   0.661600E+04  -0.447858E-07   0.350460E-08   0.983776E-07
   0.661700E+04  -0.253483E-07   0.200125E-07   0.156491E-06
   0.661800E+04  -0.327604E-08   0.344963E-07   0.198718E-06
   0.661900E+04   0.191827E-07   0.454724E-07   0.220733E-06
   0.662000E+04   0.397374E-07   0.518137E-07   0.220272E-06
   0.662100E+04   0.562880E-07   0.528644E-07   0.197354E-06
   0.662200E+04   0.671403E-07   0.485084E-07   0.154291E-06
   0.662300E+04   0.711780E-07   0.391815E-07   0.954493E-07
   0.662400E+04   0.679780E-07   0.258288E-07   0.268092E-07
   0.662500E+04   0.578542E-07   0.980805E-08  -0.446447E-07
   0.662600E+04   0.418264E-07  -0.724707E-08  -0.111633E-06
   0.662700E+04   0.215172E-07  -0.235937E-07  -0.167325E-06
   0.662800E+04  -0.101225E-08  -0.375573E-07  -0.206031E-06
   0.662900E+04  -0.234719E-07  -0.477023E-07  -0.223791E-06
   0.663000E+04  -0.435760E-07  -0.529790E-07  -0.218772E-06
   0.663100E+04  -0.592754E-07  -0.528316E-07  -0.191462E-06
   0.663200E+04  -0.689671E-07  -0.472555E-07  -0.144623E-06
   0.663300E+04  -0.716579E-07  -0.367988E-07  -0.830091E-07
   0.663400E+04  -0.670662E-07  -0.225079E-07  -0.128847E-07
   0.663500E+04  -0.556511E-07  -0.582142E-08   0.586107E-07
   0.663600E+04  -0.385673E-07   0.115749E-07   0.124191E-06
   0.663700E+04  -0.175473E-07   0.279197E-07   0.177165E-06
   0.663800E+04   0.527366E-08   0.415548E-07   0.212120E-06
   0.663900E+04   0.275753E-07   0.510940E-07   0.225474E-06
   0.664000E+04   0.470881E-07   0.555643E-07   0.215843E-06
   0.664100E+04   0.618244E-07   0.545053E-07   0.184186E-06
   0.664200E+04   0.702814E-07   0.480168E-07   0.133707E-06
   0.664300E+04   0.715943E-07   0.367490E-07   0.695302E-07
   0.664400E+04   0.656252E-07   0.218369E-07  -0.181508E-08
   0.664500E+04   0.529777E-07   0.478568E-08  -0.730639E-07
   0.664600E+04   0.349357E-07  -0.126822E-07  -0.136953E-06
   0.664700E+04   0.133337E-07  -0.288020E-07  -0.186961E-06
   0.664800E+04  -0.963031E-08  -0.419459E-07  -0.217976E-06
   0.664900E+04  -0.316182E-07  -0.507885E-07  -0.226816E-06
   0.665000E+04  -0.503899E-07  -0.544418E-07  -0.212553E-06
   0.665100E+04  -0.640318E-07  -0.525456E-07  -0.176617E-06
   0.665200E+04  -0.711524E-07  -0.453041E-07  -0.122646E-06
   0.665300E+04  -0.710239E-07  -0.334652E-07  -0.561209E-07
   0.665400E+04  -0.636576E-07  -0.182444E-07   0.161933E-07
   0.665500E+04  -0.498027E-07  -0.120092E-08   0.869338E-07
   0.665600E+04  -0.308711E-07   0.159213E-07   0.148891E-06
   0.665700E+04  -0.879339E-08   0.313711E-07   0.195743E-06
   0.665800E+04   0.141772E-07   0.435692E-07   0.222700E-06
   0.665900E+04   0.356947E-07   0.512692E-07   0.226999E-06
   0.666000E+04   0.535595E-07   0.536847E-07   0.208180E-06
   0.666100E+04   0.659431E-07   0.505702E-07   0.168139E-06
   0.666200E+04   0.715749E-07   0.422462E-07   0.110940E-06
   0.666300E+04   0.698724E-07   0.295668E-07   0.423985E-07
   0.666400E+04   0.610017E-07   0.138328E-07  -0.305086E-07
   0.666500E+04   0.458613E-07  -0.334083E-08  -0.100351E-06
   0.666600E+04   0.259909E-07  -0.201900E-07  -0.160004E-06
   0.666700E+04   0.341590E-08  -0.349815E-07  -0.203374E-06
   0.666800E+04  -0.195595E-07  -0.461907E-07  -0.226022E-06
   0.666900E+04  -0.405864E-07  -0.526572E-07  -0.225615E-06
   0.667000E+04  -0.575111E-07  -0.537049E-07  -0.202171E-06
   0.667100E+04  -0.685949E-07  -0.492110E-07  -0.158054E-06
   0.667200E+04  -0.726922E-07  -0.396205E-07  -0.977392E-07
   0.667300E+04  -0.693679E-07  -0.259014E-07  -0.273594E-07
   0.667400E+04  -0.589429E-07  -0.944665E-08   0.459210E-07
   0.667500E+04  -0.424628E-07   0.806649E-08   0.114634E-06
   0.667600E+04  -0.215916E-07   0.248476E-07   0.171767E-06
   0.667700E+04   0.155632E-08   0.391754E-07   0.211482E-06
   0.667800E+04   0.246314E-07   0.495732E-07   0.229708E-06
   0.667900E+04   0.452878E-07   0.549603E-07   0.224562E-06
   0.668000E+04   0.614225E-07   0.547626E-07   0.196538E-06
   0.668100E+04   0.713898E-07   0.489727E-07   0.148464E-06
   0.668200E+04   0.741695E-07   0.381512E-07   0.852145E-07
   0.668300E+04   0.694713E-07   0.233713E-07   0.132153E-07
   0.668400E+04   0.577656E-07   0.611024E-08  -0.602094E-07
   0.668500E+04   0.402359E-07  -0.118995E-07  -0.127582E-06
   0.668600E+04   0.186596E-07  -0.288465E-07  -0.182035E-06
   0.668700E+04  -0.477331E-08  -0.430236E-07  -0.218008E-06
   0.668800E+04  -0.276820E-07  -0.530019E-07  -0.231821E-06
   0.668900E+04  -0.477379E-07  -0.577756E-07  -0.222048E-06
   0.669000E+04  -0.629017E-07  -0.568648E-07  -0.189664E-06
   0.669100E+04  -0.716312E-07  -0.503646E-07  -0.137951E-06
   0.669200E+04  -0.730393E-07  -0.389354E-07  -0.721622E-07
   0.669300E+04  -0.669847E-07  -0.237362E-07   0.100685E-08
   0.669400E+04  -0.540872E-07  -0.630697E-08   0.741036E-07
   0.669500E+04  -0.356648E-07   0.115877E-07   0.139675E-06
   0.669600E+04  -0.136001E-07   0.281384E-07   0.191029E-06
   0.669700E+04   0.985075E-08   0.416742E-07   0.222914E-06
   0.669800E+04   0.322886E-07   0.508336E-07   0.232062E-06
   0.669900E+04   0.514152E-07   0.547023E-07   0.217515E-06
   0.670000E+04   0.652682E-07   0.529064E-07   0.180735E-06
   0.670100E+04   0.724214E-07   0.456507E-07   0.125449E-06
   0.670200E+04   0.721310E-07   0.336974E-07   0.572757E-07
   0.670300E+04   0.644126E-07   0.182884E-07  -0.168447E-07
   0.670400E+04   0.500401E-07   0.101850E-08  -0.893592E-07
   0.670500E+04   0.304682E-07  -0.163276E-07  -0.152870E-06
   0.670600E+04   0.768450E-08  -0.319574E-07  -0.200888E-06
   0.670700E+04  -0.159920E-07  -0.442540E-07  -0.228497E-06
   0.670800E+04  -0.381471E-07  -0.519412E-07  -0.232855E-06
   0.670900E+04  -0.565174E-07  -0.542150E-07  -0.213488E-06
   0.671000E+04  -0.692215E-07  -0.508253E-07  -0.172340E-06
   0.671100E+04  -0.749517E-07  -0.421027E-07  -0.113575E-06
   0.671200E+04  -0.731087E-07  -0.289253E-07  -0.431594E-07
   0.671300E+04  -0.638635E-07  -0.126294E-07   0.317465E-07
   0.671400E+04  -0.481408E-07   0.512625E-08   0.103517E-06
   0.671500E+04  -0.275264E-07   0.225296E-07   0.164839E-06
   0.671600E+04  -0.410588E-08   0.378002E-07   0.209453E-06
   0.671700E+04   0.197463E-07   0.493713E-07   0.232799E-06
   0.671800E+04   0.416088E-07   0.560498E-07   0.232477E-06
   0.671900E+04   0.592596E-07   0.571394E-07   0.208499E-06
   0.672000E+04   0.709024E-07   0.525118E-07   0.163285E-06
   0.672100E+04   0.753501E-07   0.426215E-07   0.101424E-06
   0.672200E+04   0.721462E-07   0.284598E-07   0.292057E-07
   0.672300E+04   0.616120E-07   0.114552E-07  -0.460193E-07
   0.672400E+04   0.448145E-07  -0.667197E-08  -0.116585E-06
   0.672500E+04   0.234590E-07  -0.240841E-07  -0.175295E-06
   0.672600E+04  -0.284382E-09  -0.390137E-07  -0.216151E-06
   0.672700E+04  -0.240012E-07  -0.499433E-07  -0.234970E-06
   0.672800E+04  -0.452779E-07  -0.557605E-07  -0.229812E-06
   0.672900E+04  -0.619479E-07  -0.558720E-07  -0.201179E-06
   0.673000E+04  -0.723123E-07  -0.502647E-07  -0.151965E-06
   0.673100E+04  -0.753130E-07  -0.395076E-07  -0.871668E-07
   0.673200E+04  -0.706412E-07  -0.246949E-07  -0.133745E-07
   0.673300E+04  -0.587691E-07  -0.733467E-08   0.618977E-07
   0.673400E+04  -0.409027E-07   0.108038E-07   0.130977E-06
   0.673500E+04  -0.188589E-07   0.278702E-07   0.186813E-06
   0.673600E+04   0.511857E-08   0.421218E-07   0.223699E-06
   0.673700E+04   0.285880E-07   0.521008E-07   0.237852E-06
   0.673800E+04   0.491582E-07   0.567834E-07   0.227805E-06
   0.673900E+04   0.647319E-07   0.556846E-07   0.194553E-06
   0.674000E+04   0.737204E-07   0.489082E-07   0.141461E-06
   0.674100E+04   0.752052E-07   0.371368E-07   0.739160E-07
   0.674200E+04   0.690324E-07   0.215629E-07  -0.121219E-08
   0.674300E+04   0.558289E-07   0.376795E-08  -0.762753E-07
   0.674400E+04   0.369392E-07  -0.144385E-07  -0.143623E-06
   0.674500E+04   0.142886E-07  -0.312030E-07  -0.196384E-06
   0.674600E+04  -0.981282E-08  -0.448172E-07  -0.229164E-06
   0.674700E+04  -0.329050E-07  -0.538920E-07  -0.238603E-06
   0.674800E+04  -0.526293E-07  -0.574998E-07  -0.223715E-06
   0.674900E+04  -0.669688E-07  -0.552694E-07  -0.185991E-06
   0.675000E+04  -0.744545E-07  -0.474246E-07  -0.129255E-06
   0.675100E+04  -0.743158E-07  -0.347621E-07  -0.592695E-07
   0.675200E+04  -0.665598E-07  -0.185708E-07   0.168443E-07
   0.675300E+04  -0.519711E-07  -0.501382E-09   0.913331E-07
   0.675400E+04  -0.320331E-07   0.176021E-07   0.156601E-06
   0.675500E+04  -0.877697E-08   0.338897E-07   0.205984E-06
   0.675600E+04   0.154247E-07   0.466943E-07   0.234429E-06
   0.675700E+04   0.380995E-07   0.547021E-07   0.239013E-06
   0.675800E+04   0.569276E-07   0.570867E-07   0.219241E-06
   0.675900E+04   0.699781E-07   0.535945E-07   0.177100E-06
   0.676000E+04   0.759069E-07   0.445711E-07   0.116858E-06
   0.676100E+04   0.740940E-07   0.309273E-07   0.446357E-07
   0.676200E+04   0.647083E-07   0.140469E-07  -0.322223E-07
   0.676300E+04   0.486908E-07  -0.435368E-08  -0.105889E-06
   0.676400E+04   0.276600E-07  -0.223994E-07  -0.168856E-06
   0.676500E+04   0.374777E-08  -0.382476E-07  -0.214695E-06
   0.676600E+04  -0.206174E-07  -0.502762E-07  -0.238719E-06
   0.676700E+04  -0.429574E-07  -0.572483E-07  -0.238459E-06
   0.676800E+04  -0.609967E-07  -0.584398E-07  -0.213918E-06
   0.676900E+04  -0.728949E-07  -0.537131E-07  -0.167575E-06
   0.677000E+04  -0.774342E-07  -0.435327E-07  -0.104130E-06
   0.677100E+04  -0.741444E-07  -0.289184E-07  -0.300365E-07
   0.677200E+04  -0.633513E-07  -0.113425E-07   0.471644E-07
   0.677300E+04  -0.461446E-07   0.741917E-08   0.119605E-06
   0.677400E+04  -0.242675E-07   0.254675E-07   0.179897E-06
   0.677500E+04   0.603982E-10   0.409730E-07   0.221879E-06
   0.677600E+04   0.243686E-07   0.523617E-07   0.241254E-06
   0.677700E+04   0.461871E-07   0.584755E-07   0.236023E-06
   0.677800E+04   0.632983E-07   0.586899E-07   0.206694E-06
   0.677900E+04   0.739629E-07   0.529783E-07   0.156231E-06
   0.678000E+04   0.770975E-07   0.419146E-07   0.897573E-07
   0.678100E+04   0.723854E-07   0.266155E-07   0.140327E-07
   0.678200E+04   0.603097E-07   0.862692E-08  -0.632321E-07
   0.678300E+04   0.421042E-07  -0.102327E-07  -0.134161E-06
   0.678400E+04   0.196283E-07  -0.280578E-07  -0.191516E-06
   0.678500E+04  -0.482194E-08  -0.430488E-07  -0.229434E-06
   0.678600E+04  -0.287481E-07  -0.536959E-07  -0.244028E-06
   0.678700E+04  -0.497040E-07  -0.589326E-07  -0.233782E-06
   0.678800E+04  -0.655450E-07  -0.582439E-07  -0.199714E-06
   0.678900E+04  -0.746477E-07  -0.517192E-07  -0.145269E-06
   0.679000E+04  -0.760754E-07  -0.400430E-07  -0.759725E-07
   0.679100E+04  -0.696750E-07  -0.244249E-07   0.112834E-08
   0.679200E+04  -0.560931E-07  -0.647657E-08   0.781842E-07
   0.679300E+04  -0.367108E-07   0.119534E-07   0.147342E-06
   0.679400E+04  -0.135039E-07   0.289677E-07   0.201544E-06
   0.679500E+04   0.111584E-07   0.428146E-07   0.235250E-06
   0.679600E+04   0.347548E-07   0.520672E-07   0.245003E-06
   0.679700E+04   0.548686E-07   0.557693E-07   0.229784E-06
   0.679800E+04   0.694352E-07   0.535342E-07   0.191118E-06
   0.679900E+04   0.769525E-07   0.455847E-07   0.132920E-06
   0.680000E+04   0.766354E-07   0.327313E-07   0.611027E-07
   0.680100E+04   0.684969E-07   0.162902E-07  -0.170287E-07
   0.680200E+04   0.533478E-07  -0.205013E-08  -0.935166E-07
   0.680300E+04   0.327151E-07  -0.204011E-07  -0.160563E-06
   0.680400E+04   0.868745E-08  -0.368662E-07  -0.211323E-06
   0.680500E+04  -0.162967E-07  -0.497352E-07  -0.240604E-06
   0.680600E+04  -0.396977E-07  -0.576584E-07  -0.245400E-06
   0.680700E+04  -0.591329E-07  -0.597858E-07  -0.225193E-06
   0.680800E+04  -0.726196E-07  -0.558545E-07  -0.182016E-06
   0.680900E+04  -0.787779E-07  -0.462173E-07  -0.120245E-06
   0.681000E+04  -0.769720E-07  -0.318076E-07  -0.461548E-07
   0.681100E+04  -0.673754E-07  -0.140463E-07   0.327171E-07
   0.681200E+04  -0.509547E-07   0.530183E-08   0.108338E-06
   0.681300E+04  -0.293717E-07   0.243068E-07   0.172997E-06
   0.681400E+04  -0.481509E-08   0.410690E-07   0.220093E-06
   0.681500E+04   0.202220E-07   0.539121E-07   0.244808E-06
   0.681600E+04   0.431958E-07   0.615530E-07   0.244600E-06
   0.681700E+04   0.617704E-07   0.632329E-07   0.219465E-06
   0.681800E+04   0.740567E-07   0.587943E-07   0.171939E-06
   0.681900E+04   0.788045E-07   0.486972E-07   0.106842E-06
   0.682000E+04   0.755307E-07   0.339728E-07   0.307908E-07
   0.682100E+04   0.645692E-07   0.161189E-07  -0.484733E-07
   0.682200E+04   0.470374E-07  -0.305224E-08  -0.122875E-06
   0.682300E+04   0.247231E-07  -0.215980E-07  -0.184826E-06
   0.682400E+04  -0.976139E-10  -0.376427E-07  -0.227998E-06
   0.682500E+04  -0.248916E-07  -0.495685E-07  -0.247971E-06
   0.682600E+04  -0.471270E-07  -0.561795E-07  -0.242685E-06
   0.682700E+04  -0.645316E-07  -0.568234E-07  -0.212653E-06
   0.682800E+04  -0.753245E-07  -0.514578E-07  -0.160908E-06
   0.682900E+04  -0.783985E-07  -0.406538E-07  -0.927038E-07
   0.683000E+04  -0.734337E-07  -0.255380E-07  -0.149733E-07
   0.683100E+04  -0.609308E-07  -0.767706E-08   0.643702E-07
   0.683200E+04  -0.421608E-07   0.110823E-07   0.137241E-06
   0.683300E+04  -0.190366E-07   0.288019E-07   0.196205E-06
   0.683400E+04   0.608218E-08   0.436499E-07   0.235238E-06
   0.683500E+04   0.306288E-07   0.540883E-07   0.250340E-06
   0.683600E+04   0.520915E-07   0.590300E-07   0.239947E-06
   0.683700E+04   0.682697E-07   0.579503E-07   0.205090E-06
   0.683800E+04   0.774992E-07   0.509407E-07   0.149298E-06
   0.683900E+04   0.788223E-07   0.386999E-07   0.782340E-07
   0.684000E+04   0.720869E-07   0.224630E-07  -0.874254E-09
   0.684100E+04   0.579630E-07   0.387577E-08  -0.799725E-07
   0.684200E+04   0.378754E-07  -0.151736E-07  -0.150999E-06
   0.684300E+04   0.138597E-07  -0.327467E-07  -0.206706E-06
   0.684400E+04  -0.116442E-07  -0.470536E-07  -0.241401E-06
   0.684500E+04  -0.360409E-07  -0.566352E-07  -0.251526E-06
   0.684600E+04  -0.568431E-07  -0.605132E-07  -0.236024E-06
   0.684700E+04  -0.719258E-07  -0.582904E-07  -0.196448E-06
   0.684800E+04  -0.797434E-07  -0.501919E-07  -0.136810E-06
   0.684900E+04  -0.794875E-07  -0.370432E-07  -0.631661E-07
   0.685000E+04  -0.711709E-07  -0.201857E-07   0.169897E-07
   0.685100E+04  -0.556271E-07  -0.134143E-08   0.954938E-07
   0.685200E+04  -0.344265E-07   0.175634E-07   0.164342E-06
   0.685300E+04  -0.971762E-08   0.345943E-07   0.216507E-06
   0.685400E+04   0.159915E-07   0.480064E-07   0.246653E-06
   0.685500E+04   0.400878E-07   0.564229E-07   0.251686E-06
   0.685600E+04   0.601196E-07   0.589764E-07   0.231065E-06
   0.685700E+04   0.740463E-07   0.553978E-07   0.186867E-06
   0.685800E+04   0.804467E-07   0.460453E-07   0.123573E-06
   0.685900E+04   0.786647E-07   0.318680E-07   0.476144E-07
   0.686000E+04   0.688768E-07   0.143105E-07  -0.332777E-07
   0.686100E+04   0.520748E-07  -0.483398E-08  -0.110862E-06
   0.686200E+04   0.299661E-07  -0.236066E-07  -0.177227E-06
   0.686300E+04   0.480027E-08  -0.400822E-07  -0.225594E-06
   0.686400E+04  -0.208595E-07  -0.525663E-07  -0.251014E-06
   0.686500E+04  -0.443973E-07  -0.597684E-07  -0.250871E-06
   0.686600E+04  -0.634109E-07  -0.609342E-07  -0.225153E-06
   0.686700E+04  -0.759566E-07  -0.559244E-07  -0.176453E-06
   0.686800E+04  -0.807481E-07  -0.452291E-07  -0.109712E-06
   0.686900E+04  -0.772880E-07  -0.299199E-07  -0.317135E-07
   0.687000E+04  -0.659194E-07  -0.115410E-07   0.496024E-07
   0.687100E+04  -0.477919E-07   0.804684E-08   0.125950E-06
   0.687200E+04  -0.247454E-07   0.268556E-07   0.189542E-06
   0.687300E+04   0.876724E-09   0.429723E-07   0.233880E-06
   0.687400E+04   0.264656E-07   0.547543E-07   0.254424E-06
   0.687500E+04   0.494127E-07   0.609968E-07   0.249054E-06
   0.687600E+04   0.673754E-07   0.610566E-07   0.218288E-06
   0.687700E+04   0.785156E-07   0.549185E-07   0.165235E-06
   0.687800E+04   0.816883E-07   0.431979E-07   0.952773E-07
   0.687900E+04   0.765582E-07   0.270794E-07   0.155273E-07
   0.688000E+04   0.636352E-07   0.819649E-08  -0.658972E-07
   0.688100E+04   0.442230E-07  -0.115331E-07  -0.140699E-06
   0.688200E+04   0.202876E-07  -0.301028E-07  -0.201246E-06
   0.688300E+04  -0.574285E-08  -0.456211E-07  -0.241353E-06
   0.688400E+04  -0.312244E-07  -0.565040E-07  -0.256910E-06
   0.688500E+04  -0.535666E-07  -0.616369E-07  -0.246304E-06
   0.688600E+04  -0.704963E-07  -0.604883E-07  -0.210588E-06
   0.688700E+04  -0.802895E-07  -0.531647E-07  -0.153377E-06
   0.688800E+04  -0.819473E-07  -0.404006E-07  -0.804776E-07
   0.688900E+04  -0.752982E-07  -0.234844E-07   0.696697E-09
   0.689000E+04  -0.610163E-07  -0.412797E-08   0.818816E-07
   0.689100E+04  -0.405533E-07   0.157070E-07   0.154803E-06
   0.689200E+04  -0.159910E-07   0.340082E-07   0.212021E-06
   0.689300E+04   0.101701E-07   0.489178E-07   0.247687E-06
   0.689400E+04   0.352656E-07   0.589206E-07   0.258145E-06
   0.689500E+04   0.567384E-07   0.629995E-07   0.242303E-06
   0.689600E+04   0.723995E-07   0.607382E-07   0.201749E-06
   0.689700E+04   0.806515E-07   0.523648E-07   0.140592E-06
   0.689800E+04   0.806519E-07   0.387282E-07   0.650436E-07
   0.689900E+04   0.723993E-07   0.212127E-07  -0.172097E-07
   0.690000E+04   0.567348E-07   0.159642E-08  -0.977912E-07
   0.690100E+04   0.352564E-07  -0.181287E-07  -0.168486E-06
   0.690200E+04   0.101568E-07  -0.359604E-07  -0.222079E-06
   0.690300E+04  -0.159996E-07  -0.500895E-07  -0.253090E-06
   0.690400E+04  -0.405382E-07  -0.590850E-07  -0.258337E-06
   0.690500E+04  -0.609468E-07  -0.620393E-07  -0.237260E-06
   0.690600E+04  -0.751321E-07  -0.586614E-07  -0.191982E-06
   0.690700E+04  -0.816340E-07  -0.493070E-07  -0.127097E-06
   0.690800E+04  -0.797750E-07  -0.349418E-07  -0.492002E-07
   0.690900E+04  -0.697304E-07  -0.170439E-07   0.337775E-07
   0.691000E+04  -0.525115E-07   0.254715E-08   0.113380E-06
   0.691100E+04  -0.298634E-07   0.218180E-07   0.181485E-06
   0.691200E+04  -0.408830E-08   0.387867E-07   0.231136E-06
   0.691300E+04   0.221890E-07   0.517058E-07   0.257248E-06
   0.691400E+04   0.462880E-07   0.592405E-07   0.257131E-06
   0.691500E+04   0.657459E-07   0.606060E-07   0.230766E-06
   0.691600E+04   0.785688E-07   0.556479E-07   0.180810E-06
   0.691700E+04   0.834358E-07   0.448595E-07   0.112329E-06
   0.691800E+04   0.798342E-07   0.293316E-07   0.322813E-07
   0.691900E+04   0.681132E-07   0.106426E-07  -0.511873E-07
   0.692000E+04   0.494492E-07  -0.930220E-08  -0.129573E-06
   0.692100E+04   0.257274E-07  -0.284645E-07  -0.194880E-06
   0.692200E+04  -0.649936E-09  -0.448809E-07  -0.240438E-06
   0.692300E+04  -0.270068E-07  -0.568632E-07  -0.261581E-06
   0.692400E+04  -0.506660E-07  -0.631714E-07  -0.256127E-06
   0.692500E+04  -0.692217E-07  -0.631407E-07  -0.224600E-06
   0.692600E+04  -0.807845E-07  -0.567504E-07  -0.170186E-06
   0.692700E+04  -0.841743E-07  -0.446273E-07  -0.984020E-07
   0.692800E+04  -0.790416E-07  -0.279829E-07  -0.165441E-07
   0.692900E+04  -0.659029E-07  -0.849096E-08   0.670589E-07
   0.693000E+04  -0.460898E-07   0.118820E-07   0.143892E-06
   0.693100E+04  -0.216135E-07   0.310764E-07   0.206122E-06
   0.693200E+04   0.503916E-08   0.471493E-07   0.247395E-06
   0.693300E+04   0.311589E-07   0.584718E-07   0.263490E-06
   0.693400E+04   0.540896E-07   0.638953E-07   0.252745E-06
   0.693500E+04   0.714987E-07   0.628690E-07   0.216236E-06
   0.693600E+04   0.816153E-07   0.554964E-07   0.157663E-06
   0.693700E+04   0.834110E-07   0.425254E-07   0.829812E-07
   0.693800E+04   0.767050E-07   0.252727E-07  -0.205591E-09
   0.693900E+04   0.621829E-07   0.549041E-08  -0.834197E-07
   0.694000E+04   0.413279E-07  -0.148119E-07  -0.158172E-06
   0.694100E+04   0.162695E-07  -0.335716E-07  -0.216826E-06
   0.694200E+04  -0.104328E-07  -0.488829E-07  -0.253381E-06
   0.694300E+04  -0.360504E-07  -0.591908E-07  -0.264082E-06
   0.694400E+04  -0.579635E-07  -0.634497E-07  -0.247805E-06
   0.694500E+04  -0.739291E-07  -0.612300E-07  -0.206179E-06
   0.694600E+04  -0.823093E-07  -0.527621E-07  -0.143417E-06
   0.694700E+04  -0.822396E-07  -0.389131E-07  -0.658917E-07
   0.694800E+04  -0.737174E-07  -0.210990E-07   0.185091E-07
   0.694900E+04  -0.576035E-07  -0.113987E-08   0.101189E-06
   0.695000E+04  -0.355347E-07   0.189250E-07   0.173718E-06
   0.695100E+04  -0.975798E-08   0.370455E-07   0.228688E-06
   0.695200E+04   0.170984E-07   0.513697E-07   0.260475E-06
   0.695300E+04   0.422925E-07   0.604332E-07   0.265811E-06
   0.695400E+04   0.632480E-07   0.633091E-07   0.244120E-06
   0.695500E+04   0.778179E-07   0.597027E-07   0.197580E-06
   0.695600E+04   0.845033E-07   0.499825E-07   0.130904E-06
   0.695700E+04   0.826077E-07   0.351433E-07   0.508646E-07
   0.695800E+04   0.723086E-07   0.167051E-07  -0.343994E-07
   0.695900E+04   0.546406E-07  -0.344153E-08  -0.116205E-06
   0.696000E+04   0.313910E-07  -0.232281E-07  -0.186215E-06
   0.696100E+04   0.491840E-08  -0.406191E-07  -0.237283E-06
   0.696200E+04  -0.220870E-07  -0.538204E-07  -0.264186E-06
   0.696300E+04  -0.468773E-07  -0.614627E-07  -0.264161E-06
   0.696400E+04  -0.669270E-07  -0.627418E-07  -0.237184E-06
   0.696500E+04  -0.801905E-07  -0.575023E-07  -0.185980E-06
   0.696600E+04  -0.853114E-07  -0.462543E-07  -0.115745E-06
   0.696700E+04  -0.817617E-07  -0.301228E-07  -0.336228E-07
   0.696800E+04  -0.698958E-07  -0.107342E-07   0.520259E-07
   0.696900E+04  -0.509162E-07   0.994879E-08   0.132470E-06
   0.697000E+04  -0.267516E-07   0.298261E-07   0.199501E-06
   0.697100E+04   0.139150E-09   0.468744E-07   0.246268E-06
   0.697200E+04   0.270168E-07   0.593528E-07   0.267979E-06
   0.697300E+04   0.511407E-07   0.659810E-07   0.262390E-06
   0.697400E+04   0.700481E-07   0.660699E-07   0.230037E-06
   0.697500E+04   0.818054E-07   0.595928E-07   0.174189E-06
   0.697600E+04   0.852060E-07   0.471893E-07   0.100508E-06
   0.697700E+04   0.798939E-07   0.301005E-07   0.164837E-07
   0.697800E+04   0.664006E-07   0.100442E-07  -0.693321E-07
   0.697900E+04   0.460925E-07  -0.109596E-07  -0.148196E-06
   0.698000E+04   0.210319E-07  -0.307938E-07  -0.212063E-06
   0.698100E+04  -0.623231E-08  -0.474595E-07  -0.254410E-06
   0.698200E+04  -0.329239E-07  -0.592788E-07  -0.270896E-06
   0.698300E+04  -0.563220E-07  -0.650664E-07  -0.259816E-06
   0.698400E+04  -0.740388E-07  -0.642499E-07  -0.222270E-06
   0.698500E+04  -0.842629E-07  -0.569287E-07  -0.162058E-06
   0.698600E+04  -0.859449E-07  -0.438639E-07  -0.852936E-07
   0.698700E+04  -0.789048E-07  -0.264012E-07   0.214489E-09
   0.698800E+04  -0.638514E-07  -0.633419E-08   0.857587E-07
   0.698900E+04  -0.423109E-07   0.142786E-07   0.162618E-06
   0.699000E+04  -0.164720E-07   0.333230E-07   0.222948E-06
   0.699100E+04   0.110363E-07   0.488451E-07   0.260580E-06
   0.699200E+04   0.374128E-07   0.592505E-07   0.271652E-06
   0.699300E+04   0.599690E-07   0.634673E-07   0.255006E-06
   0.699400E+04   0.764038E-07   0.610555E-07   0.212309E-06
   0.699500E+04   0.850382E-07   0.522531E-07   0.147884E-06
   0.699600E+04   0.849874E-07   0.379521E-07   0.682740E-07
   0.699700E+04   0.762518E-07   0.196078E-07  -0.184213E-07
   0.699800E+04   0.597176E-07  -0.908463E-09  -0.103372E-06
   0.699900E+04   0.370677E-07  -0.215003E-07  -0.177917E-06
   0.700000E+04   0.106109E-07  -0.400596E-07  -0.234443E-06
   0.700100E+04  -0.169531E-07  -0.546820E-07  -0.267169E-06
   0.700200E+04  -0.428087E-07  -0.638610E-07  -0.272729E-06
   0.700300E+04  -0.643110E-07  -0.666427E-07  -0.250526E-06
   0.700400E+04  -0.792564E-07  -0.627235E-07  -0.202789E-06
   0.700500E+04  -0.861073E-07  -0.524820E-07  -0.134354E-06
   0.700600E+04  -0.841503E-07  -0.369416E-07  -0.521710E-07
   0.700700E+04  -0.735696E-07  -0.176673E-07   0.354012E-07
   0.700800E+04  -0.554296E-07   0.339365E-08   0.119445E-06
   0.700900E+04  -0.315674E-07   0.241088E-07   0.191393E-06
   0.701000E+04  -0.440659E-08   0.423778E-07   0.243900E-06
   0.701100E+04   0.232892E-07   0.563465E-07   0.271596E-06
   0.701200E+04   0.486973E-07   0.645954E-07   0.271633E-06
   0.701300E+04   0.692242E-07   0.662852E-07   0.243977E-06
   0.701400E+04   0.827694E-07   0.612427E-07   0.191420E-06
   0.701500E+04   0.879407E-07   0.499788E-07   0.119292E-06
   0.701600E+04   0.841968E-07   0.336377E-07   0.349231E-07
   0.701700E+04   0.719035E-07   0.138802E-07  -0.531003E-07
   0.701800E+04   0.522974E-07  -0.728422E-08  -0.135811E-06
   0.701900E+04   0.273613E-07  -0.277021E-07  -0.204773E-06
   0.702000E+04  -0.377205E-09  -0.452951E-07  -0.252945E-06
   0.702100E+04  -0.281025E-07  -0.582717E-07  -0.275395E-06
   0.702200E+04  -0.529972E-07  -0.653096E-07  -0.269810E-06
   0.702300E+04  -0.725293E-07  -0.656911E-07  -0.236729E-06
   0.702400E+04  -0.847104E-07  -0.593760E-07  -0.179496E-06
   0.702500E+04  -0.882984E-07  -0.470066E-07  -0.103922E-06
   0.702600E+04  -0.829250E-07  -0.298424E-07  -0.176906E-07
   0.702700E+04  -0.691338E-07  -0.963189E-08   0.704194E-07
   0.702800E+04  -0.483258E-07   0.115652E-07   0.151428E-06
   0.702900E+04  -0.226170E-07   0.315877E-07   0.217071E-06
   0.703000E+04   0.537597E-08   0.483937E-07   0.260641E-06
   0.703100E+04   0.328029E-07   0.602685E-07   0.277674E-06
   0.703200E+04   0.568700E-07   0.659997E-07   0.266406E-06
   0.703300E+04   0.751243E-07   0.650018E-07   0.227958E-06
   0.703400E+04   0.857049E-07   0.573755E-07   0.166220E-06
   0.703500E+04   0.875324E-07   0.438988E-07   0.874648E-07
   0.703600E+04   0.804198E-07   0.259474E-07  -0.297253E-09
   0.703700E+04   0.650925E-07   0.535526E-08  -0.881268E-07
   0.703800E+04   0.431149E-07  -0.157726E-07  -0.167068E-06
   0.703900E+04   0.167315E-07  -0.352746E-07  -0.229063E-06
   0.704000E+04  -0.113616E-07  -0.511533E-07  -0.267769E-06
   0.704100E+04  -0.382912E-07  -0.617795E-07  -0.279215E-06
   0.704200E+04  -0.613002E-07  -0.660590E-07  -0.262200E-06
   0.704300E+04  -0.780292E-07  -0.635450E-07  -0.218426E-06
   0.704400E+04  -0.867578E-07  -0.544845E-07  -0.152325E-06
   0.704500E+04  -0.865809E-07  -0.397936E-07  -0.706068E-07
   0.704600E+04  -0.775021E-07  -0.209652E-07   0.184165E-07
   0.704700E+04  -0.604347E-07   0.830512E-10   0.105680E-06
   0.704800E+04  -0.371097E-07   0.212039E-07   0.182288E-06
   0.704900E+04  -0.990002E-08   0.402396E-07   0.240421E-06
   0.705000E+04   0.184202E-07   0.552419E-07   0.274134E-06
   0.705100E+04   0.449586E-07   0.646718E-07   0.279964E-06
   0.705200E+04   0.669990E-07   0.675569E-07   0.257286E-06
   0.705300E+04   0.822789E-07   0.635919E-07   0.208382E-06
   0.705400E+04   0.892213E-07   0.531704E-07   0.138208E-06
   0.705500E+04   0.870959E-07   0.373464E-07   0.538927E-07
   0.705600E+04   0.760955E-07   0.177275E-07  -0.359849E-07
   0.705700E+04   0.573174E-07  -0.368842E-08  -0.122270E-06
   0.705800E+04   0.326534E-07  -0.247160E-07  -0.196164E-06
   0.705900E+04   0.459785E-08  -0.432055E-07  -0.250121E-06
   0.706000E+04  -0.240052E-07  -0.572620E-07  -0.278621E-06
   0.706100E+04  -0.502512E-07  -0.654391E-07  -0.278731E-06
   0.706200E+04  -0.714708E-07  -0.668876E-07  -0.250408E-06
   0.706300E+04  -0.855019E-07  -0.614434E-07  -0.196510E-06
   0.706400E+04  -0.909105E-07  -0.496450E-07  -0.122503E-06
   0.706500E+04  -0.871374E-07  -0.326806E-07  -0.359067E-07
   0.706600E+04  -0.745562E-07  -0.122681E-07   0.544641E-07
   0.706700E+04  -0.544363E-07   0.951877E-08   0.139403E-06
   0.706800E+04  -0.288148E-07   0.304611E-07   0.210245E-06
   0.706900E+04  -0.289802E-09   0.484202E-07   0.259756E-06
   0.707000E+04   0.282436E-07   0.615554E-07   0.282864E-06
   0.707100E+04   0.538875E-07   0.685119E-07   0.277186E-06
   0.707200E+04   0.740362E-07   0.685598E-07   0.243269E-06
   0.707300E+04   0.866417E-07   0.616685E-07   0.184537E-06
   0.707400E+04   0.904229E-07   0.485121E-07   0.106951E-06
   0.707500E+04   0.849959E-07   0.304009E-07   0.183952E-07
   0.707600E+04   0.709141E-07   0.914995E-08  -0.721162E-07
   0.707700E+04   0.496128E-07  -0.131050E-07  -0.155362E-06
   0.707800E+04   0.232625E-07  -0.341237E-07  -0.222851E-06
   0.707900E+04  -0.545069E-08  -0.517893E-07  -0.267689E-06
   0.708000E+04  -0.335991E-07  -0.643226E-07  -0.285285E-06
   0.708100E+04  -0.583117E-07  -0.704633E-07  -0.273818E-06
   0.708200E+04  -0.770664E-07  -0.695984E-07  -0.234428E-06
   0.708300E+04  -0.879477E-07  -0.618243E-07  -0.171102E-06
   0.708400E+04  -0.898426E-07  -0.479372E-07  -0.902719E-07
   0.708500E+04  -0.825540E-07  -0.293528E-07  -0.159435E-09
   0.708600E+04  -0.668221E-07  -0.796160E-08   0.900582E-07
   0.708700E+04  -0.442491E-07   0.140625E-07   0.171184E-06
   0.708800E+04  -0.171366E-07   0.344838E-07   0.234937E-06
   0.708900E+04   0.117489E-07   0.512323E-07   0.274799E-06
   0.709000E+04   0.394574E-07   0.626141E-07   0.286681E-06
   0.709100E+04   0.631569E-07   0.674842E-07   0.269342E-06
   0.709200E+04   0.804224E-07   0.653626E-07   0.224516E-06
   0.709300E+04   0.894835E-07   0.564835E-07   0.156744E-06
   0.709400E+04   0.894062E-07   0.417713E-07   0.729083E-07
   0.709500E+04   0.801886E-07   0.227460E-07  -0.184617E-07
   0.709600E+04   0.627626E-07   0.136822E-08  -0.108061E-06
   0.709700E+04   0.388997E-07  -0.201611E-07  -0.186753E-06
   0.709800E+04   0.110306E-07  -0.396253E-07  -0.246506E-06
   0.709900E+04  -0.180012E-07  -0.550187E-07  -0.281207E-06
   0.710000E+04  -0.452299E-07  -0.647514E-07  -0.287291E-06
   0.710100E+04  -0.678698E-07  -0.678125E-07  -0.264107E-06
   0.710200E+04  -0.835997E-07  -0.638735E-07  -0.213985E-06
   0.710300E+04  -0.908007E-07  -0.533226E-07  -0.142004E-06
   0.710400E+04  -0.887224E-07  -0.372260E-07  -0.554760E-07
   0.710500E+04  -0.775605E-07  -0.172189E-07   0.367956E-07
   0.710600E+04  -0.584385E-07   0.466037E-08   0.125414E-06
   0.710700E+04  -0.332942E-07   0.261784E-07   0.201344E-06
   0.710800E+04  -0.468373E-08   0.451348E-07   0.256834E-06
   0.710900E+04   0.244790E-07   0.595874E-07   0.286209E-06
   0.711000E+04   0.512183E-07   0.680505E-07   0.286449E-06
   0.711100E+04   0.728005E-07   0.696482E-07   0.257500E-06
   0.711200E+04   0.870127E-07   0.642039E-07   0.202285E-06
   0.711300E+04   0.923896E-07   0.522605E-07   0.126407E-06
   0.711400E+04   0.883638E-07   0.350251E-07   0.375810E-07
   0.711500E+04   0.753251E-07   0.142479E-07  -0.551508E-07
   0.711600E+04   0.545820E-07  -0.795665E-08  -0.142337E-06
   0.711700E+04   0.282303E-07  -0.293242E-07  -0.215083E-06
   0.711800E+04  -0.105987E-08  -0.476720E-07  -0.265955E-06
   0.711900E+04  -0.303149E-07  -0.611215E-07  -0.289743E-06
   0.712000E+04  -0.565601E-07  -0.682908E-07  -0.283992E-06
   0.712100E+04  -0.771230E-07  -0.684363E-07  -0.249254E-06
   0.712200E+04  -0.899055E-07  -0.615302E-07  -0.189039E-06
   0.712300E+04  -0.935986E-07  -0.482643E-07  -0.109458E-06
   0.712400E+04  -0.878164E-07  -0.299809E-07  -0.186020E-07
   0.712500E+04  -0.731370E-07  -0.853701E-08   0.742792E-07
   0.712600E+04  -0.510442E-07   0.138836E-07   0.159719E-06
   0.712700E+04  -0.237776E-07   0.349927E-07   0.228998E-06
   0.712800E+04   0.589430E-08   0.526307E-07   0.275036E-06
   0.712900E+04   0.349558E-07   0.649865E-07   0.293111E-06
   0.713000E+04   0.604509E-07   0.707830E-07   0.281350E-06
   0.713100E+04   0.797840E-07   0.694079E-07   0.240916E-06
   0.713200E+04   0.909850E-07   0.609777E-07   0.175896E-06
   0.713300E+04   0.929103E-07   0.463265E-07   0.928894E-07
   0.713400E+04   0.853605E-07   0.269229E-07   0.334287E-09
   0.713500E+04   0.691009E-07   0.472164E-08  -0.923478E-07
   0.713600E+04   0.457851E-07  -0.180348E-07  -0.175712E-06
   0.713700E+04   0.177871E-07  -0.390434E-07  -0.241254E-06
   0.713800E+04  -0.120401E-07  -0.561747E-07  -0.282276E-06
   0.713900E+04  -0.406545E-07  -0.676896E-07  -0.294571E-06
   0.714000E+04  -0.651349E-07  -0.724166E-07  -0.276858E-06
   0.714100E+04  -0.829792E-07  -0.698714E-07  -0.230910E-06
   0.714200E+04  -0.923593E-07  -0.603068E-07  -0.161382E-06
   0.714300E+04  -0.923081E-07  -0.446881E-07  -0.753358E-07
   0.714400E+04  -0.828196E-07  -0.245951E-07   0.184744E-07
   0.714500E+04  -0.648496E-07  -0.206233E-08   0.110495E-06
   0.714600E+04  -0.402199E-07   0.206275E-07   0.191344E-06
   0.714700E+04  -0.114334E-07   0.411752E-07   0.252770E-06
   0.714800E+04   0.185804E-07   0.574992E-07   0.288490E-06
   0.714900E+04   0.467637E-07   0.679470E-07   0.294837E-06
   0.715000E+04   0.702414E-07   0.714635E-07   0.271133E-06
   0.715100E+04   0.866151E-07   0.676985E-07   0.219763E-06
   0.715200E+04   0.942071E-07   0.570428E-07   0.145935E-06
   0.715300E+04   0.922332E-07   0.405882E-07   0.571500E-07
   0.715400E+04   0.808827E-07   0.200171E-07  -0.375560E-07
   0.715500E+04   0.613006E-07  -0.256918E-08  -0.128535E-06
   0.715600E+04   0.354718E-07  -0.248639E-07  -0.206510E-06
   0.715700E+04   0.601965E-08  -0.445902E-07  -0.263517E-06
   0.715800E+04  -0.240607E-07  -0.597327E-07  -0.293724E-06
   0.715900E+04  -0.517074E-07  -0.687434E-07  -0.294022E-06
   0.716000E+04  -0.741035E-07  -0.706998E-07  -0.264350E-06
   0.716100E+04  -0.889646E-07  -0.653989E-07  -0.207700E-06
   0.716200E+04  -0.947724E-07  -0.533784E-07  -0.129819E-06
   0.716300E+04  -0.909297E-07  -0.358627E-07  -0.386247E-07
   0.716400E+04  -0.778227E-07  -0.146379E-07   0.566016E-07
   0.716500E+04  -0.567825E-07   0.812962E-08   0.146156E-06
   0.716600E+04  -0.299503E-07   0.301140E-07   0.220902E-06
   0.716700E+04  -0.598727E-10   0.490670E-07   0.273203E-06
   0.716800E+04   0.298402E-07   0.630476E-07   0.297703E-06
   0.716900E+04   0.566975E-07   0.706198E-07   0.291875E-06
   0.717000E+04   0.777667E-07   0.710001E-07   0.256277E-06
   0.717100E+04   0.908898E-07   0.641376E-07   0.194508E-06
   0.717200E+04   0.947171E-07   0.507201E-07   0.112834E-06
   0.717300E+04   0.888455E-07   0.321044E-07   0.195596E-07
   0.717400E+04   0.738608E-07   0.101790E-07  -0.758193E-07
   0.717500E+04   0.512793E-07  -0.128284E-07  -0.163582E-06
   0.717600E+04   0.233942E-07  -0.345775E-07  -0.234774E-06
   0.717700E+04  -0.695731E-08  -0.528540E-07  -0.282119E-06
   0.717800E+04  -0.366824E-07  -0.657952E-07  -0.300765E-06
   0.717900E+04  -0.627476E-07  -0.720809E-07  -0.288779E-06
   0.718000E+04  -0.824883E-07  -0.710675E-07  -0.247350E-06
   0.718100E+04  -0.938805E-07  -0.628551E-07  -0.180668E-06
   0.718200E+04  -0.957480E-07  -0.482773E-07  -0.955036E-07
   0.718300E+04  -0.878835E-07  -0.288172E-07  -0.517578E-09
   0.718400E+04  -0.710705E-07  -0.645617E-08   0.946173E-07
   0.718500E+04  -0.470051E-07   0.165273E-07   0.180202E-06
   0.718600E+04  -0.181241E-07   0.377901E-07   0.247502E-06
   0.718700E+04   0.126424E-07   0.551634E-07   0.289634E-06
   0.718800E+04   0.421686E-07   0.668742E-07   0.302274E-06
   0.718900E+04   0.674517E-07   0.717264E-07   0.284100E-06
   0.719000E+04   0.859175E-07   0.692235E-07   0.236927E-06
   0.719100E+04   0.956829E-07   0.596199E-07   0.165529E-06
   0.719200E+04   0.957489E-07   0.438958E-07   0.771561E-07
   0.719300E+04   0.861030E-07   0.236575E-07  -0.192061E-07
   0.719400E+04   0.677213E-07   0.974634E-09  -0.113746E-06
   0.719500E+04   0.424702E-07  -0.218312E-07  -0.196829E-06
   0.719600E+04   0.129170E-07  -0.424229E-07  -0.259974E-06
   0.719700E+04  -0.179307E-07  -0.586865E-07  -0.296726E-06
   0.719800E+04  -0.469317E-07  -0.689474E-07  -0.303312E-06
   0.719900E+04  -0.711304E-07  -0.721417E-07  -0.279030E-06
   0.720000E+04  -0.880586E-07  -0.679264E-07  -0.226322E-06
   0.720100E+04  -0.959870E-07  -0.567146E-07  -0.150530E-06
